登番,選手名,級別,支部,年齢,期,全国勝率,出走(13か月),攻め,ST,型,メモ,攻め手5,カド消し,まくり屋,壁(2号艇),差し巧者,まくり系ゼロ,4走,4まくり系1着率,5走,5まくり系1着率,6走,6まくり系1着率,4まくり力,1着数,逃げ,差し,まくり,まくり差し,抜き,恵まれ,平均ST,F本数,L本数,F前ST,F後ST,F後ST変化,F後の走数,F慣れ候補
3557,太田和美,A1,大阪,53,69,6.23,323,,,,,○,,,壁強●,,,60,8.3,60,13.3,49,0.0,-1.9,74,43,7,12,9,2,1,0.14,0,0,0.14,,,0,
5018,竹下大樹,A1,福岡,27,121,6.87,316,,,,,○,○,,,,,54,5.6,59,6.8,36,2.8,-5.8,88,57,9,7,10,5,0,0.15,0,0,0.15,,,0,
5034,若林義人,A1,静岡,28,122,6.44,315,,,,,,,,,,,50,18.0,48,2.1,43,4.7,5.6,98,52,4,18,16,7,1,0.13,0,0,0.13,,,0,
4199,北川潤二,A1,愛知,44,91,6.29,311,,,,,,,,,,,73,9.6,7,14.3,0,,-0.9,82,50,10,17,4,1,0,0.15,0,0,0.15,,,0,
4324,海野康志,A1,山口,38,95,7.17,309,,,,,○,,,,●,,51,7.8,47,14.9,18,11.1,-3.9,110,61,16,7,21,5,0,0.13,0,0,0.13,,,0,
4856,豊田健士,A1,三重,30,115,7.23,309,,,,,○,,,,,,53,17.0,57,8.8,49,4.1,3.2,88,43,7,18,13,6,1,0.14,0,0,0.14,,,0,
3554,仲口博崇,A1,愛知,54,69,6.54,308,,,,,,,,,,,73,11.0,26,0.0,4,0.0,-1.6,80,48,8,5,11,8,0,0.18,0,0,0.18,,,0,
4743,木村仁紀,A1,滋賀,33,111,6.33,307,,,,,,,,,,,57,10.5,50,4.0,46,0.0,-0.2,69,40,7,8,11,2,1,0.14,0,0,0.14,,,0,
5088,高憧四季,A1,大阪,26,124,6.59,306,,,,,○,,,壁弱●,,,54,7.4,51,17.6,47,10.6,-2.6,109,52,8,31,10,6,2,0.15,1,0,0.15,0.16,+0.01,24,
3997,北村征嗣,A1,大阪,47,83,6.02,305,,,,,○,○,,,,,53,5.7,58,5.2,33,0.0,-5.7,78,47,11,10,9,1,0,0.16,0,0,0.16,,,0,
4760,山崎郡,A1,大阪,36,112,7.63,302,,,,,○,,○,,,,55,21.8,59,13.6,40,0.0,7.0,98,56,10,13,15,3,1,0.14,0,0,0.14,,,0,
4512,高野哲史,A1,兵庫,37,102,6.83,301,,,,,○,,,,●,,55,12.7,57,10.5,43,0.0,-0.2,98,57,10,18,7,5,1,0.15,0,0,0.15,,,0,
5136,濱野斗馬,A1,香川,26,126,6.13,300,,,,,,,,壁弱●,,,47,12.8,47,4.3,46,0.0,2.7,68,40,7,11,7,3,0,0.15,0,0,0.15,,,0,
4084,杉山正樹,A1,愛知,46,87,6.46,300,,,,,○,,,,,,44,13.6,53,7.5,48,4.2,2.2,68,41,8,9,6,3,1,0.15,0,0,0.15,,,0,
5257,西丸侑太,A1,香川,22,130,6.37,298,,,,,○,,,,,,48,14.6,57,10.5,41,0.0,2.9,74,37,9,11,12,4,1,0.15,0,0,0.15,,,0,
4704,河野大,A1,徳島,38,110,6.42,298,,,,,,,○,,,,51,25.5,40,0.0,49,2.0,12.6,78,39,8,19,7,5,0,0.13,0,0,0.13,,,0,
5191,飛田江己,A1,埼玉,25,128,7.23,297,,,,,○,,,,,,57,15.8,52,15.4,46,6.5,2.3,92,44,4,27,10,4,3,0.12,1,0,0.12,0.13,+0.01,28,
4471,新田泰章,A1,広島,39,101,6.36,297,,,,,,○,,,,,53,7.5,49,2.0,45,6.7,-4.2,90,56,7,16,3,8,0,0.15,0,0,0.15,,,0,
3489,大場敏,A2,静岡,59,67,6.02,295,,,,,○,○,,,,,67,3.0,38,5.3,44,0.0,-5.1,54,34,7,6,4,3,0,0.15,0,0,0.15,,,0,
4055,吉田俊彦,A2,兵庫,48,86,6.80,295,,,,,,○,,,●,,61,4.9,58,1.7,27,7.4,-4.7,71,35,16,7,8,4,1,0.16,0,0,0.16,,,0,
3946,赤岩善生,A1,愛知,50,82,7.19,294,,,,,,,,,,,29,10.3,9,11.1,5,0.0,-3.3,81,47,14,5,9,4,2,0.15,2,0,0.14,0.16,+0.02,59,
5145,島川海輝,A2,山口,23,126,6.20,294,,,,,○,,,,,,44,15.9,47,8.5,44,2.3,5.0,75,43,5,16,9,2,0,0.15,0,0,0.15,,,0,
4472,尾嶋一広,A1,兵庫,39,101,6.61,293,,,,,○,,,,●,,54,13.0,56,5.4,33,0.0,1.7,72,36,14,9,5,8,0,0.15,0,0,0.15,,,0,
4786,佐藤博亮,A1,愛知,38,113,6.55,293,,,,,○,○,,,●,,52,5.8,47,8.5,46,4.3,-5.6,87,43,15,14,9,5,1,0.13,1,0,0.13,0.15,+0.01,13,
4278,藤岡俊介,A1,兵庫,43,94,7.02,292,,,,,○,,,,●,,46,13.0,55,9.1,38,5.3,0.1,91,50,18,4,12,6,1,0.12,0,0,0.12,,,0,
4286,平田さや,A2,東京,42,94,6.06,292,,,,,,,,壁弱●,,,55,14.5,53,1.9,41,0.0,4.2,48,23,8,3,7,7,0,0.15,0,0,0.15,,,0,
4366,前沢丈史,A1,東京,40,97,6.43,292,,,,,○,,,,,,48,14.6,60,11.7,37,0.0,1.3,76,45,10,6,12,2,1,0.14,1,0,0.14,0.17,+0.03,39,
4000,松本博昭,A2,広島,49,84,5.99,290,,,,,,,,,,,49,8.2,56,0.0,43,2.3,-0.8,56,34,4,10,3,5,0,0.17,0,0,0.17,,,0,
5216,長谷川晴,A1,群馬,26,129,5.91,289,,,,,○,,,,,,52,7.7,47,8.5,37,0.0,-1.2,66,34,7,11,11,2,1,0.16,1,0,0.16,0.17,+0.01,26,
3612,馬袋義則,A1,兵庫,53,71,6.74,289,,,,,,,,,,,64,18.8,37,2.7,14,0.0,4.7,72,42,4,11,8,7,0,0.14,0,0,0.14,,,0,
4295,小坂尚哉,A1,兵庫,39,94,7.31,289,,,,,○,○,,,,,42,9.5,53,7.5,39,2.6,-4.2,84,47,7,15,8,7,0,0.14,0,0,0.14,,,0,
4713,白神優,A1,岡山,36,110,6.35,288,,,,,○,,,,,,40,10.0,62,11.3,48,0.0,-2.1,81,48,12,7,8,6,0,0.13,1,0,0.13,0.15,+0.02,21,
3940,飯山泰,A1,東京,48,81,6.43,288,,,,,○,,,,,,51,17.6,48,10.4,45,4.4,5.3,75,38,4,25,4,4,0,0.14,0,0,0.14,,,0,
4640,山ノ内雅,A2,福岡,35,107,5.84,288,,,,,○,,,壁強●,,,46,13.0,58,5.2,43,0.0,2.9,56,30,5,3,15,3,0,0.14,0,0,0.14,,,0,
4413,水摩敦,A2,福岡,40,99,5.97,288,,,,,,,,,,,48,8.3,41,0.0,40,5.0,-0.7,55,31,7,12,2,2,1,0.17,0,0,0.17,,,0,
4931,木谷賢太,A1,香川,30,118,6.78,287,,,,,○,○,,,,,48,6.2,51,9.8,44,4.5,-5.1,75,44,9,6,12,4,0,0.15,0,0,0.15,,,0,
4388,是澤孝宏,A2,滋賀,41,98,6.09,287,,,,,○,○,,壁弱●,,,51,3.9,56,7.1,46,2.2,-4.1,53,27,8,4,8,5,1,0.17,0,0,0.17,,,0,
4118,宇佐見淳,A2,愛知,45,88,5.87,287,,,,,○,,,,,,57,10.5,47,6.4,47,4.3,-0.2,57,34,7,8,5,2,1,0.15,1,0,0.15,0.11,-0.04,1,
3984,坂口周,A1,三重,48,83,6.27,286,,,,,○,,,,,,52,5.8,49,10.2,38,0.0,-3.9,68,44,7,5,10,2,0,0.16,0,0,0.16,,,0,
4189,川上剛,A1,福岡,45,91,5.63,286,,,,,○,,,,,,59,11.9,42,9.5,26,0.0,2.1,74,36,9,15,7,6,1,0.17,1,0,0.16,0.19,+0.03,81,
3251,平石和男,A2,埼玉,60,58,5.89,286,,,,,,,,,,,46,8.7,52,3.8,41,0.0,-0.4,45,19,11,1,6,8,0,0.19,0,0,0.19,,,0,
4738,清埜翔子,A2,埼玉,35,111,5.93,285,,,,,,,,,,,49,4.1,50,2.0,49,0.0,-3.9,66,40,10,12,2,2,0,0.16,1,0,0.16,0.16,+0.00,36,候補
4288,永田啓二,A1,福岡,41,94,7.65,285,,,,,○,,○,,●,,49,26.5,46,15.2,39,10.3,8.6,103,53,11,25,9,4,1,0.12,0,1,0.11,0.12,+0.01,141,
5114,小林孝彰,B1,福井,26,125,5.88,284,,,,,,,,,,,46,8.7,43,2.3,54,0.0,-0.4,57,32,9,6,6,3,1,0.16,0,0,0.16,,,0,
3744,徳増秀樹,A1,静岡,51,75,6.16,284,,,,,○,○,,,,,77,3.9,48,12.5,19,5.3,-4.4,81,47,11,5,11,5,2,0.13,0,0,0.13,,,0,
4776,竹田和哉,A1,香川,32,112,7.30,284,,,,,○,○,,,,,47,4.3,52,13.5,42,0.0,-6.6,86,54,8,11,6,5,2,0.15,0,0,0.15,,,0,
3412,鈴木博,A1,埼玉,56,64,6.50,284,,,,,○,,,,,,53,9.4,49,6.1,48,4.2,-1.0,67,38,4,8,14,2,1,0.16,0,0,0.16,,,0,
4852,川原祐明,A1,香川,31,115,7.20,284,,,,,○,,,,,,48,16.7,51,19.6,45,4.4,1.1,107,53,10,13,24,7,0,0.15,1,0,0.15,0.15,+0.00,10,候補
4193,郷原章平,A2,福岡,45,91,6.06,284,,,,,,,,,,,56,12.5,47,2.1,37,2.7,2.6,73,33,13,17,5,4,1,0.15,0,0,0.15,,,0,
4236,松村敏,A1,福岡,42,92,7.49,284,,,,,○,○,,,,,50,14.0,52,9.6,35,5.7,-4.4,96,62,7,15,10,1,1,0.12,1,0,0.11,0.14,+0.03,38,
5234,塚越海斗,A1,群馬,28,130,6.72,284,,,,,○,,○,,,,52,21.2,44,11.4,46,0.0,6.4,76,38,13,18,6,1,0,0.15,0,0,0.15,,,0,
3711,江本真治,A2,山口,52,74,6.03,283,,,,,○,,,壁強●,,,43,9.3,52,5.8,45,2.2,-1.1,53,29,6,7,8,3,0,0.15,1,0,0.15,0.17,+0.02,60,
3746,岡瀬正人,A2,岡山,51,75,5.74,283,,,,,,○,,,,,54,1.9,47,2.1,44,0.0,-5.7,45,32,6,1,2,4,0,0.17,0,0,0.17,,,0,
4351,里岡右貴,A1,福岡,40,96,7.00,283,,,,,,,,,,,43,11.6,39,2.6,50,2.0,-1.0,90,48,13,13,8,6,2,0.13,1,0,0.13,0.11,-0.01,35,候補
5220,青木蓮,A2,埼玉,25,129,6.59,282,,,,,○,,○,,,,51,21.6,51,13.7,36,2.8,8.4,77,37,3,20,10,6,1,0.12,1,0,0.12,0.14,+0.02,16,
4531,武富智亮,A2,佐賀,37,103,6.31,282,,,,,○,○,,,,,43,4.7,47,10.6,45,6.7,-4.5,65,38,4,13,8,2,0,0.16,0,0,0.16,,,0,
4174,赤坂俊輔,A1,長崎,43,90,6.38,282,,,,,○,,,,,,53,13.2,59,5.1,12,0.0,1.9,69,43,7,7,7,4,1,0.15,0,0,0.15,,,0,
4659,木下翔太,A1,大阪,35,108,7.61,282,,,,,○,,,,,,52,11.5,51,7.8,34,2.9,-1.1,79,44,12,5,12,6,0,0.15,0,0,0.15,,,0,
4397,西村拓也,A1,大阪,39,98,7.38,282,,,,,○,,,,,,54,11.1,52,9.6,29,0.0,-1.4,77,48,8,6,9,5,1,0.13,0,0,0.13,,,0,
4958,溝口海義,A1,福岡,31,119,6.25,282,,,,,,,,壁弱●,,,53,13.2,54,1.9,46,0.0,1.9,63,32,12,8,5,4,2,0.14,0,0,0.14,,,0,
4496,内堀学,A1,東京,39,102,6.60,281,,,,,○,,○,,,,54,24.1,39,15.4,31,12.9,8.7,88,45,2,27,8,6,0,0.15,1,0,0.15,0.17,+0.02,30,
4061,萩原秀人,A1,福井,47,86,7.55,281,,,,,○,○,,,,,45,4.4,51,13.7,50,6.0,-4.7,80,44,10,8,15,2,1,0.13,0,0,0.13,,,0,
4581,吉村誠,A1,静岡,37,105,6.45,281,,,,,○,,,,●,,54,9.3,46,6.5,45,4.4,-1.2,70,37,10,5,13,4,1,0.14,1,0,0.14,0.15,+0.01,77,
3966,作間章,A1,東京,47,82,6.32,281,,,,,○,,,,,,50,14.0,48,8.3,42,2.4,2.5,75,41,8,12,9,5,0,0.17,0,0,0.17,,,0,
3983,須藤博倫,A1,埼玉,48,83,6.78,280,,,,,○,,,,,,51,7.8,51,9.8,40,2.5,-1.0,59,28,6,12,10,3,0,0.14,0,0,0.14,,,0,
4337,平本真之,A1,愛知,42,96,7.35,280,,,,,○,,,,,,46,8.7,66,15.2,34,2.9,-3.2,69,42,5,6,11,3,2,0.13,0,0,0.13,,,0,
4607,鶴田勇雄,A2,福岡,37,106,5.74,280,,,,,,○,,,,,50,2.0,50,4.0,48,10.4,-5.5,43,29,5,0,8,0,1,0.17,0,0,0.17,,,0,
4826,井上一輝,A1,大阪,32,114,7.02,280,,,,,○,,○,壁強●,,,39,25.6,52,15.4,46,6.5,9.2,90,50,7,17,11,5,0,0.13,1,0,0.13,0.14,+0.01,31,
4063,市橋卓士,A1,徳島,46,86,6.00,280,,,,,,,,,,,47,8.5,54,1.9,35,2.9,-1.7,68,46,5,3,10,4,0,0.13,0,0,0.13,,,0,
5058,前原大道,A1,岡山,29,123,6.58,279,,,,,○,,,,,,50,14.0,55,16.4,43,2.3,0.8,93,47,12,8,15,10,1,0.16,2,0,0.14,0.17,+0.03,157,
4122,安東幸治,A2,福岡,44,88,5.42,279,,,,,,,,,,,50,10.0,49,2.0,44,0.0,0.6,48,28,4,5,6,3,2,0.17,0,0,0.17,,,0,
4102,益田啓司,A1,福岡,47,88,6.49,279,,,,,○,,,,,,50,18.0,52,11.5,50,0.0,5.6,75,37,9,17,7,5,0,0.15,1,0,0.15,0.21,+0.06,30,慎重型
4387,平山智加,A1,香川,41,98,6.73,279,,,,,○,,,,,,53,9.4,43,9.3,36,0.0,-2.7,75,39,14,11,8,1,2,0.15,0,0,0.15,,,0,
4604,岩瀬裕亮,A1,愛知,38,106,7.37,279,,,,,,,,,,,48,6.2,55,1.8,39,2.6,-3.4,78,49,10,9,4,5,1,0.14,0,0,0.14,,,0,
5132,中野希一,A1,埼玉,27,126,6.61,279,,,,,○,,○,,,,50,24.0,41,9.8,40,0.0,8.5,82,40,12,11,12,6,1,0.13,1,0,0.13,0.13,-0.00,53,候補
4514,上條嘉嗣,A1,大阪,36,102,6.59,278,,,,,,,,壁弱●,●,,49,10.2,39,0.0,32,0.0,-2.1,88,48,19,14,5,2,0,0.19,1,0,0.18,0.19,+0.01,119,
4083,福島勇樹,A1,東京,47,87,6.92,278,,,,,○,,,壁弱●,●,,46,10.9,59,16.9,29,6.9,-3.3,96,46,10,25,10,5,0,0.13,1,0,0.13,0.14,+0.01,55,
4376,藤田靖弘,A2,静岡,42,98,5.66,278,,,,,,,,,,,46,8.7,47,4.3,56,0.0,-0.4,60,31,7,7,9,6,0,0.15,0,0,0.15,,,0,
4398,船岡洋一,A1,広島,39,98,6.68,278,,,,,○,,,,,,50,10.0,54,13.0,43,4.7,-0.6,78,48,4,4,17,4,1,0.14,0,1,0.14,0.16,+0.02,49,
4983,前田篤哉,A1,愛知,29,120,6.53,278,,,,,○,,,,●,,43,18.6,44,9.1,43,2.3,5.8,86,45,12,3,21,5,0,0.15,1,0,0.15,0.16,+0.01,35,
4172,森定晃史,A2,岡山,43,90,5.94,278,,,,,,○,,,,,49,0.0,47,4.3,43,0.0,-8.2,48,31,9,2,2,4,0,0.16,0,0,0.16,,,0,
4537,渡邉和将,A1,岡山,36,103,7.26,278,,,,,○,,,,●,,50,14.0,47,6.4,38,2.6,0.8,88,45,14,14,8,6,1,0.14,0,0,0.14,,,0,
4311,岡村仁,A1,大阪,42,95,6.51,278,,,,,○,,,,,,49,8.2,40,5.0,42,4.8,-2.0,84,44,8,8,14,9,1,0.15,1,0,0.14,0.17,+0.02,50,
4544,松田大志,A1,福岡,38,104,7.61,278,,,,,○,,○,壁弱●,,,46,37.0,47,17.0,38,2.6,13.0,115,58,13,25,12,7,0,0.17,1,0,0.16,0.19,+0.03,66,
4601,森野正弘,A1,山口,41,106,7.05,277,,,,,○,,,,●,,58,13.8,39,5.1,41,4.9,0.7,79,37,11,13,11,6,1,0.13,0,0,0.13,,,0,
3618,海野ゆか,A1,広島,52,71,6.35,277,,,,,○,○,,,,,51,3.9,38,5.3,43,0.0,-4.1,64,35,1,19,4,4,1,0.18,0,0,0.18,,,0,
5267,石本裕武,A1,大阪,26,131,6.76,277,,,,,○,,,,●,,46,17.4,48,20.8,45,2.2,5.0,94,38,19,14,17,6,0,0.15,1,0,0.15,0.15,+0.01,2,
4137,君島秀三,A1,滋賀,46,89,6.61,277,,,,,,,,壁強●,,,47,14.9,44,2.3,41,4.9,1.5,70,41,7,9,10,3,0,0.13,1,0,0.13,0.14,+0.00,34,候補
5075,中島秀治,A2,滋賀,30,124,6.03,276,,,,,○,,○,,,,56,25.0,43,16.3,49,4.1,12.5,59,22,6,20,10,1,0,0.16,1,0,0.16,0.17,+0.01,36,
4515,藤田浩人,A2,佐賀,40,102,5.53,276,,,,,○,○,,,,,43,2.3,49,8.2,49,0.0,-5.1,59,38,6,5,7,3,0,0.17,0,0,0.17,,,0,
4261,岡祐臣,A2,三重,42,93,6.00,276,,,,,○,,,,,,41,7.3,48,6.2,49,2.0,-1.4,55,38,1,6,6,4,0,0.16,0,0,0.16,,,0,
5221,竹間隆晟,A1,大阪,25,129,6.70,276,,,,,○,,,,,,49,8.2,45,8.9,47,2.1,-2.0,78,42,11,13,6,4,2,0.15,0,0,0.15,,,0,
4159,向後龍一,A2,埼玉,45,90,6.61,276,,,,,○,,,,,,45,6.7,55,5.5,39,0.0,-1.9,56,33,7,9,4,3,0,0.16,0,0,0.16,,,0,
3473,石川真二,A1,福岡,56,66,6.76,276,,,,,,,,壁弱●,,,0,,0,,0,,,87,52,21,6,0,6,2,0.14,2,0,0.13,0.15,+0.02,96,
4433,川野芽唯,A1,福岡,40,100,7.23,276,,,,,,,,,,,44,13.6,39,2.6,49,2.0,0.5,85,54,7,12,3,9,0,0.17,0,0,0.17,,,0,
3833,中辻博訓,A2,福井,52,78,6.40,275,,,,,○,○,,,,,53,5.7,47,10.6,31,0.0,-4.0,76,48,9,7,9,3,0,0.13,0,0,0.13,,,0,
4040,廣瀬将亨,A2,兵庫,47,85,5.83,275,,,,,○,,,壁強●,,,48,16.7,40,10.0,48,0.0,5.7,63,34,1,15,9,4,0,0.15,0,0,0.15,,,0,
4420,津久井拓,A2,群馬,38,99,5.77,275,,,,,○,,,,,,60,10.0,46,6.5,38,0.0,0.6,46,26,5,10,4,1,0,0.16,0,0,0.16,,,0,
4218,吉川喜継,A1,滋賀,45,92,6.36,275,,,,,,○,,,,,58,5.2,47,2.1,2,0.0,-8.0,70,41,12,6,9,2,0,0.15,2,0,0.15,0.16,+0.01,47,
4171,榎幸司,A2,長崎,43,90,6.25,275,,,,,,,,壁強●,,,47,6.4,41,0.0,50,2.0,-2.1,61,43,6,4,7,1,0,0.18,0,0,0.18,,,0,
4262,馬場貴也,A1,滋賀,42,93,7.81,275,,,,,○,○,,,●,,44,6.8,42,9.5,41,2.4,-4.6,86,49,16,4,13,4,0,0.14,0,0,0.14,,,0,
4424,松尾昂明,A2,福岡,41,100,5.44,275,,,,,○,,,,,,48,6.2,49,8.2,46,0.0,-2.2,65,42,7,12,1,2,1,0.16,0,0,0.16,,,0,
4049,荒川健太,A2,三重,45,85,6.16,275,,,,,,○,,壁強●,,,58,3.4,47,4.3,24,0.0,-4.6,66,44,10,0,9,3,0,0.17,0,0,0.17,,,0,
3641,一瀬明,A1,東京,55,72,6.03,274,,,,,○,,,,,,60,8.3,48,10.4,32,0.0,-0.7,62,29,9,7,11,5,1,0.17,0,0,0.17,,,0,
5010,宇留田翔,A2,三重,29,121,5.75,274,,,,,,,,,,,53,7.5,45,2.2,37,2.7,-1.3,52,34,6,9,2,1,0,0.14,1,0,0.14,0.19,+0.05,5,
4030,森高一真,A1,香川,48,85,6.76,274,,,,,,,,,,,51,5.9,54,3.7,38,0.0,-2.6,46,25,4,4,9,3,1,0.14,0,0,0.14,,,0,
4773,中川りな,A2,福岡,33,112,6.04,274,,,,,,,,,,,46,6.5,49,4.1,40,10.0,-2.0,59,37,5,10,5,2,0,0.18,0,0,0.18,,,0,
3548,室田泰史,A2,福井,56,69,5.13,274,,,,,○,,,,,,52,5.8,56,7.1,39,0.0,-2.7,50,31,4,4,9,2,0,0.12,1,0,0.12,0.14,+0.02,22,
4076,杉田篤光,B1,静岡,48,87,4.78,274,,,,,,,,,,,51,3.9,54,3.7,40,0.0,-2.0,38,23,5,4,4,2,0,0.20,0,0,0.20,,,0,
4123,細川裕子,A1,愛知,44,88,6.59,274,,,,,○,○,,壁強●,,,45,4.4,46,10.9,41,7.3,-6.4,66,39,3,7,13,4,0,0.19,1,0,0.19,0.18,-0.01,29,候補
4834,浜本裕己,A2,大阪,38,115,5.65,273,,,,,,,,,,,58,17.2,47,2.1,36,0.0,6.4,59,36,4,2,12,5,0,0.14,1,0,0.14,0.19,+0.04,10,
4377,濱本優一,A1,大阪,42,98,5.28,273,,,,,○,,,,●,,44,13.6,50,6.0,51,3.9,2.2,68,36,12,7,7,6,0,0.14,0,0,0.14,,,0,
4732,堀本和也,A2,徳島,37,111,7.06,273,,,,,,,,,,,48,6.2,54,1.9,32,3.1,-3.4,68,43,13,6,3,3,0,0.11,0,0,0.11,,,0,
4927,関野文,A2,大阪,32,118,6.08,273,,,,,,,,,,,44,6.8,48,2.1,39,0.0,-1.8,55,26,14,11,1,3,0,0.16,0,0,0.16,,,0,
4788,小池哲也,A2,大阪,37,113,5.40,273,,,,,○,,,,,,48,10.4,56,5.4,29,0.0,0.9,49,28,5,12,2,1,1,0.15,0,0,0.15,,,0,
4064,原田篤志,A1,山口,46,86,6.33,273,,,,,,,,,,,51,9.8,42,2.4,40,0.0,-2.4,72,51,4,2,5,9,1,0.16,1,0,0.15,0.19,+0.03,71,
4163,山崎裕司,A2,広島,44,90,5.52,272,,,,,,,,,,,48,14.6,54,1.9,34,0.0,4.1,55,33,4,9,4,5,0,0.17,0,0,0.17,,,0,
5043,中村日向,A1,香川,27,122,7.17,272,,,,,○,,,,,,41,9.8,54,13.0,47,2.1,0.4,64,35,9,7,12,1,0,0.13,0,0,0.13,,,0,
4739,中村晃朋,A1,香川,34,111,6.57,272,,,,,○,○,,,,,50,2.0,45,13.3,36,2.8,-6.7,68,35,9,16,3,5,0,0.14,2,0,0.14,0.16,+0.02,73,
4015,前野竜一,A2,山口,46,84,5.68,272,,,,,,○,,,,,42,2.4,47,2.1,49,2.0,-5.0,43,27,5,3,3,5,0,0.16,1,0,0.16,0.17,+0.01,1,
4058,野末智一,A1,静岡,47,86,5.98,272,,,,,,○,,,,,56,0.0,42,0.0,36,0.0,-8.5,46,31,3,5,2,5,0,0.18,0,0,0.18,,,0,
4959,井上忠政,A1,大阪,30,119,7.46,272,,,,,○,,,,,,51,15.7,48,16.7,39,0.0,3.8,79,43,9,11,11,5,0,0.14,0,0,0.14,,,0,
4363,大野芳顕,A2,福岡,41,97,5.22,272,,,,,,,,,,,52,7.7,48,0.0,45,0.0,-1.2,43,29,6,2,4,2,0,0.16,0,0,0.16,,,0,
4985,井本昌也,A1,山口,29,120,6.69,272,,,,,○,,,,,,48,10.4,44,6.8,36,0.0,-0.2,81,49,7,11,10,4,0,0.14,0,0,0.14,,,0,
4215,吉島祥之,A2,愛知,42,91,5.30,271,,,,,○,,,,,,48,12.5,53,11.3,48,0.0,2.5,55,28,3,6,16,1,1,0.16,1,0,0.16,0.19,+0.03,25,
4960,黒野元基,A1,愛知,30,119,7.18,271,,,,,○,,○,,,,53,34.0,49,10.2,38,7.9,14.6,102,48,12,21,13,8,0,0.14,0,0,0.14,,,0,
4588,田中京介,A2,福岡,35,105,5.45,271,,,,,○,,,,,,54,5.6,52,7.7,43,2.3,-2.8,51,26,6,6,9,4,0,0.14,0,0,0.14,,,0,
4710,福田宗平,A2,大阪,36,110,5.69,271,,,,,,,,,,,37,5.4,52,1.9,44,2.3,-3.8,53,34,5,4,6,3,1,0.14,0,0,0.14,,,0,
4369,丹下将,A2,愛知,40,97,5.72,271,,,,,○,,,,,,49,10.2,51,13.7,44,0.0,0.8,58,28,6,11,10,1,2,0.16,0,0,0.16,,,0,
4057,松井賢治,A2,兵庫,47,86,5.78,270,,,,,,,,,,,56,5.4,42,2.4,40,0.0,-3.0,45,24,3,7,5,5,1,0.16,0,0,0.16,,,0,
4166,吉田拡郎,A1,岡山,44,90,7.70,270,,,,,○,,,,,,50,10.0,46,13.0,48,6.2,-2.3,83,50,6,12,8,5,2,0.12,0,0,0.12,,,0,
3590,濱野谷憲,A1,東京,52,70,7.13,270,,,,,○,,,,,,52,11.5,43,14.0,39,2.6,0.6,72,38,7,14,9,4,0,0.14,0,0,0.14,,,0,
4109,谷津幸宏,A2,埼玉,46,88,5.58,270,,,,,○,,,,,,49,14.3,48,6.2,40,0.0,3.9,62,37,5,11,8,1,0,0.13,1,0,0.12,0.14,+0.02,33,
3999,大瀧明日,A2,愛知,47,83,6.33,270,,,,,,,,,,,46,10.9,50,2.0,36,0.0,1.3,55,35,4,5,6,5,0,0.16,1,0,0.16,0.18,+0.02,63,
4073,大橋純一,A1,静岡,45,86,6.59,270,,,,,○,,,壁強●,,,46,17.4,50,8.0,44,2.3,5.0,65,37,6,6,13,3,0,0.15,0,0,0.15,,,0,
3333,丸尾義孝,A1,徳島,58,61,6.50,270,,,,,,,,,,,60,8.3,47,4.3,34,0.0,-1.9,66,39,9,3,13,2,0,0.15,0,0,0.15,,,0,
4067,永井源,A2,愛知,46,86,6.50,270,,,,,○,,,,,,54,11.1,48,20.8,35,2.9,0.3,67,28,4,17,11,5,2,0.17,1,0,0.16,0.22,+0.06,9,
3304,烏野賢太,A1,徳島,58,60,5.52,270,,,,,,,,,,,47,6.4,51,3.9,42,0.0,-2.1,56,38,7,3,6,2,0,0.17,0,0,0.17,,,0,
4446,和田兼輔,A1,兵庫,39,100,6.79,269,,,,,,,,,●,,53,17.0,49,2.0,37,0.0,3.2,78,48,9,12,7,2,0,0.14,1,0,0.14,0.13,-0.00,35,候補
4953,尾上雅也,A1,埼玉,31,119,6.67,269,,,,,○,,,,,,47,14.9,47,12.8,41,7.3,3.2,78,39,4,19,6,10,0,0.15,1,0,0.15,0.16,+0.01,9,
4824,松井洪弥,A2,三重,33,114,5.87,269,,,,,○,,,壁弱●,●,,47,10.6,43,9.3,42,2.4,1.1,68,32,15,6,13,2,0,0.12,0,0,0.12,,,0,
4089,妹尾忠幸,A2,岡山,46,87,6.30,269,,,,,,○,,,,,50,2.0,44,4.5,48,0.0,-6.7,56,37,5,4,6,3,1,0.16,1,0,0.16,0.20,+0.04,28,
4379,桑島和宏,A2,東京,42,98,6.06,269,,,,,,○,,壁強●,,,44,2.3,50,4.0,42,0.0,-5.2,45,28,5,4,4,4,0,0.16,0,0,0.16,,,0,
3613,角谷健吾,A2,東京,53,71,6.14,269,,,,,,,,,●,,53,9.4,42,0.0,43,0.0,0.2,56,32,10,6,6,2,0,0.15,0,0,0.15,,,0,
5222,津田陸翔,A1,広島,25,129,6.17,268,,,,,○,,,,,,48,12.5,42,7.1,39,0.0,1.3,60,32,5,12,6,4,1,0.17,1,0,0.17,0.17,+0.00,50,候補
4074,柳沢一,A1,愛知,45,86,6.63,268,,,,,○,○,,,,,54,5.6,47,8.5,33,0.0,-4.1,64,36,12,3,10,3,0,0.13,1,0,0.14,0.11,-0.03,6,
4120,柘植政浩,A2,滋賀,45,88,6.08,268,,,,,,,,,,,54,5.6,49,4.1,42,0.0,-2.9,58,39,7,6,5,1,0,0.16,0,0,0.16,,,0,
4269,杉山裕也,A2,愛知,40,93,6.94,268,,,,,○,,,壁弱●,,,48,8.3,50,22.0,33,3.0,-3.5,75,35,9,11,12,7,1,0.15,1,0,0.14,0.15,+0.01,49,
4259,真庭明志,A2,長崎,42,93,5.72,268,,,,,,,,,,,46,4.3,45,0.0,37,0.0,-3.7,53,34,10,4,3,2,0,0.15,0,0,0.15,,,0,
4938,小芦るり,A1,佐賀,28,118,6.46,267,,,,,○,,,,,,41,14.6,48,6.2,34,0.0,2.9,79,39,7,23,5,4,1,0.15,0,0,0.15,,,0,
4536,喜井つか,A2,岡山,36,103,5.81,267,,,,,,,,,,,48,6.2,52,1.9,35,0.0,-3.4,58,29,9,12,3,4,1,0.16,1,0,0.16,0.16,+0.00,10,候補
4208,三浦永理,A1,静岡,43,91,7.31,267,,,,,○,○,,,,,46,6.5,49,14.3,39,10.3,-4.8,84,47,12,7,14,2,2,0.15,0,0,0.15,,,0,
4079,出畑孝典,A2,福岡,47,87,6.06,266,,,,,,,,,,,41,9.8,48,0.0,42,0.0,0.4,58,34,7,8,7,2,0,0.17,1,0,0.16,0.18,+0.02,81,
4375,照屋厚仁,A2,兵庫,42,98,5.70,266,,,,,○,,,,,,41,12.2,51,5.9,42,0.0,2.2,56,29,3,8,9,7,0,0.16,0,0,0.16,,,0,
3988,古川誠之,A2,愛知,48,83,6.20,266,,,,,,,,,,,48,6.2,46,4.3,41,0.0,-2.2,57,34,6,9,6,2,0,0.14,0,0,0.14,,,0,
4611,今井美亜,A1,福井,36,106,6.09,266,,,,,,○,,,,,50,2.0,42,2.4,38,13.2,-5.5,68,37,8,8,11,3,1,0.14,0,0,0.14,,,0,
3303,渡辺豊,B1,東京,58,60,4.35,266,,,,,,,,,,,53,1.9,49,0.0,43,0.0,-2.7,27,20,2,2,1,1,1,0.20,0,0,0.20,,,0,
4503,上野真之,A1,佐賀,38,102,8.15,266,,,,,○,,,,,,54,11.1,52,17.3,37,8.1,-3.3,93,54,5,13,14,6,1,0.11,0,0,0.11,,,0,
5029,中亮太,A1,福岡,29,122,6.92,266,,,,,○,,○,,,,54,22.2,39,7.7,39,0.0,9.0,76,38,7,14,10,7,0,0.14,1,0,0.14,0.13,-0.01,108,候補
5112,砂長知輝,A1,埼玉,26,125,6.85,266,,,,,○,,,,●,,48,12.5,39,15.4,42,4.8,-0.3,79,39,14,7,15,4,0,0.15,2,0,0.15,0.15,-0.00,49,候補
4319,三宅潤,A2,大阪,41,95,5.50,266,,,,,○,,,,,,42,14.3,59,5.1,43,0.0,3.7,46,25,4,7,6,3,1,0.18,1,0,0.17,0.18,+0.01,86,
4264,長尾章平,A1,山口,41,93,6.04,266,,,,,○,,,,,,55,9.1,45,8.9,35,5.7,-1.3,71,41,8,9,9,4,0,0.16,1,0,0.15,0.19,+0.04,72,
4237,大峯豊,A1,山口,42,92,7.25,265,,,,,,,,,,,52,19.2,46,4.3,31,6.5,4.9,75,39,7,12,12,5,0,0.15,0,0,0.15,,,0,
4437,中田元泰,A2,香川,40,100,5.92,265,,,,,,,,壁弱●,,,45,8.9,47,2.1,47,2.1,-0.2,66,41,7,7,8,2,1,0.16,0,0,0.16,,,0,
5158,宮脇遼太,A1,福岡,28,127,6.59,265,,,,,,,○,,,,44,22.7,46,4.3,46,6.5,8.9,80,36,6,26,6,6,0,0.15,0,0,0.15,,,0,
4475,末永祐輝,A1,山口,38,101,5.45,264,,,,,○,,,,,,46,8.7,44,6.8,40,0.0,-1.5,56,37,3,5,10,1,0,0.15,1,0,0.15,0.14,-0.00,10,候補
4357,田中和也,A1,大阪,42,97,6.53,264,,,,,○,,,,●,,50,8.0,39,7.7,30,0.0,-3.8,74,35,11,7,10,11,0,0.17,0,0,0.17,,,0,
4233,亀山雅幸,A2,群馬,43,92,6.06,264,,,,,○,,,,,,44,9.1,54,7.4,40,0.0,-1.2,56,27,7,7,11,4,0,0.17,1,0,0.17,0.23,+0.06,19,慎重型
4302,西野翔太,A1,広島,43,95,6.60,264,,,,,○,,,,,,45,17.8,43,9.3,1,0.0,3.6,79,48,9,10,10,1,1,0.14,0,0,0.14,,,0,
3905,天野友和,A2,愛知,48,80,5.86,264,,,,,,,,壁強●,,,48,8.3,44,4.5,45,2.2,-1.8,46,31,3,8,3,1,0,0.15,0,0,0.15,,,0,
5160,藤森陸斗,A2,福岡,27,127,5.84,264,,,,,○,,,壁弱●,,,46,8.7,46,6.5,48,0.0,-0.4,49,27,4,7,9,2,0,0.15,0,0,0.15,,,0,
4430,永田秀二,A2,東京,40,100,5.85,263,,,,,○,,,,,,49,10.2,45,8.9,42,0.0,0.8,49,22,5,11,8,2,1,0.16,0,0,0.16,,,0,
4095,福来剛,A1,東京,45,87,7.07,263,,,,,○,,,,,,55,12.7,49,18.4,40,7.5,-0.2,81,40,13,8,17,3,0,0.14,2,0,0.13,0.14,+0.01,67,
3908,重成一人,A1,香川,47,80,5.83,263,,,,,○,,,,,,35,8.6,46,17.4,50,2.0,-0.4,73,37,9,4,12,10,1,0.14,1,0,0.14,0.15,+0.00,67,候補
4297,山田哲也,A1,東京,43,95,6.30,263,,,,,○,,○,,,,50,24.0,45,11.1,35,8.6,10.2,72,35,1,19,13,3,1,0.11,2,0,0.11,0.11,+0.00,71,候補
4736,高倉和士,A1,福岡,35,111,7.13,263,,,,,○,,,,,,50,12.0,47,10.6,46,2.2,-0.7,75,42,11,5,10,7,0,0.13,1,0,0.12,0.15,+0.02,83,
4822,百武翔,A2,佐賀,33,114,6.43,263,,,,,○,○,,,,,57,3.5,38,7.9,43,0.0,-5.7,54,29,10,4,7,3,1,0.16,1,0,0.16,0.19,+0.03,19,
4649,和田操拓,B1,滋賀,42,108,5.65,263,,,,,○,,,,,,56,16.1,40,5.0,47,0.0,7.5,51,22,6,4,14,4,1,0.13,0,0,0.13,,,0,
4583,古田祐貴,B1,香川,37,105,5.56,263,,,,,,,,,,,46,6.5,39,0.0,48,0.0,-2.0,43,26,8,3,3,3,0,0.14,2,0,0.13,0.19,+0.05,39,慎重型
5045,平川香織,A2,埼玉,26,122,6.96,263,,,,,,○,,,,,53,3.8,50,2.0,36,2.8,-5.4,54,21,5,13,5,9,1,0.20,1,0,0.20,0.21,+0.01,48,
5142,常住蓮,A1,佐賀,25,126,7.26,262,,,,,○,○,,,,,47,8.5,45,8.9,30,3.3,-5.1,78,44,12,11,7,4,0,0.13,2,0,0.12,0.15,+0.03,108,
5298,水谷理人,A1,香川,24,132,7.21,262,,,,,○,,,,,,56,17.9,39,15.4,48,0.0,3.9,81,37,11,13,13,6,1,0.14,1,0,0.14,0.17,+0.03,67,
3918,深井利寿,A1,滋賀,52,81,6.65,262,,,,,○,,,,,,54,14.8,38,5.3,49,0.0,3.2,57,30,5,8,9,4,1,0.17,0,0,0.17,,,0,
4980,佐々木完,A1,山口,30,120,7.31,262,,,,,○,,,,,,44,11.4,43,16.3,48,2.1,0.5,80,45,13,6,12,3,1,0.15,0,0,0.15,,,0,
4798,浜先真範,A1,広島,33,113,6.52,262,,,,,,,,壁強●,,,47,8.5,43,4.7,38,2.6,-1.7,67,40,8,4,11,3,1,0.13,0,0,0.13,,,0,
3911,鈴木猛,B1,東京,52,81,4.81,262,,,,,○,,,壁強●,,,54,7.4,54,9.3,36,0.0,0.8,38,18,5,6,6,3,0,0.17,0,0,0.17,,,0,
4350,篠崎元志,A1,福岡,40,96,8.09,262,,,,,,,,,,,47,8.5,51,3.9,29,0.0,-3.3,87,54,7,17,2,7,0,0.13,0,1,0.13,0.14,+0.01,58,
5121,定松勇樹,A1,佐賀,25,125,7.54,262,,,,,○,,,,,,43,18.6,43,14.0,37,2.7,4.2,81,41,11,15,8,5,1,0.13,1,0,0.13,0.14,+0.00,45,候補
4298,宮下元胤,A2,愛知,43,95,5.89,262,,,,,,,,,,,54,11.1,41,2.4,34,0.0,0.3,46,27,1,9,6,3,0,0.17,0,0,0.17,,,0,
4451,松崎祐太,A2,福岡,38,100,6.28,262,,,,,,○,,,,,48,0.0,42,4.8,34,2.9,-8.2,50,36,4,5,2,3,0,0.16,0,0,0.16,,,0,
3740,大澤普司,A1,群馬,52,75,6.08,262,,,,,○,,,,●,,40,17.5,53,13.2,43,4.7,6.0,70,31,9,9,14,7,0,0.17,0,0,0.17,,,0,
4904,松本一毅,B1,大阪,32,117,5.34,262,,,,,○,,,,,,49,6.1,49,8.2,43,0.0,-0.3,33,15,1,9,6,2,0,0.17,0,0,0.17,,,0,
4441,末永由楽,A2,岡山,40,100,5.63,262,,,,,,○,,壁弱●,,,43,4.7,43,4.7,43,0.0,-4.5,58,31,8,5,8,6,0,0.13,0,0,0.13,,,0,
5255,藤原仙二,A1,滋賀,22,130,6.56,261,,,,,,,,,●,,47,17.0,49,4.1,42,2.4,3.1,67,32,8,16,7,4,0,0.18,2,0,0.17,0.19,+0.02,174,
4148,枝尾賢,A2,福岡,44,89,6.14,261,,,,,,○,,,,,51,3.9,46,4.3,35,2.9,-4.1,45,25,9,5,3,3,0,0.15,0,0,0.15,,,0,
4075,中野次郎,A1,東京,45,86,6.48,261,,,,,○,,,,,,52,11.5,43,11.6,44,4.5,1.8,57,27,7,6,12,5,0,0.13,1,0,0.13,0.13,+0.01,18,
4467,渡邉俊介,A1,愛知,39,101,6.43,261,,,,,,,,,,,51,17.6,52,3.8,36,2.8,5.3,60,33,6,6,10,5,0,0.14,0,0,0.14,,,0,
3888,山本英志,A2,東京,51,80,6.09,261,,,,,,,,壁強●,,,49,8.2,46,2.2,44,4.5,-0.8,47,24,5,10,3,5,0,0.14,1,0,0.14,0.17,+0.03,21,
4761,山田晃大,A2,滋賀,36,112,5.82,260,,,,,,,,,,,48,12.5,40,2.5,47,0.0,2.5,59,34,8,7,7,2,1,0.14,0,0,0.14,,,0,
4932,新開航,A1,福岡,30,118,7.51,260,,,,,○,,,,,,45,17.8,46,6.5,45,4.4,3.6,80,43,12,17,5,3,0,0.15,0,0,0.15,,,0,
3952,中澤和志,A1,埼玉,50,82,6.67,260,,,,,○,,,,,,45,17.8,45,17.8,37,5.4,3.6,75,32,13,13,12,5,0,0.14,0,0,0.14,,,0,
4033,伊藤将吉,A2,静岡,47,85,5.82,260,,,,,○,,,,,,46,10.9,44,6.8,43,2.3,0.1,57,35,5,10,3,4,0,0.14,1,0,0.14,0.18,+0.04,18,
4477,篠崎仁志,A1,福岡,38,101,7.22,260,,,,,,,,,,,46,8.7,42,2.4,38,0.0,-1.5,60,39,9,5,4,3,0,0.14,0,0,0.14,,,0,
4679,植田太一,A2,福岡,37,109,6.18,260,,,,,○,,,,,,45,13.3,48,12.5,38,2.6,3.1,63,37,2,12,8,3,1,0.16,0,0,0.16,,,0,
3334,角ひとみ,A2,広島,57,61,5.31,260,,,,,,○,,,,,47,2.1,46,2.2,36,0.0,-5.4,41,30,2,3,4,1,1,0.19,0,0,0.19,,,0,
3811,石田章央,A1,静岡,50,77,6.34,260,,,,,○,,,,,,43,14.0,43,7.0,51,2.0,3.5,69,34,5,6,15,9,0,0.15,1,0,0.15,0.18,+0.02,16,
3422,服部幸男,A2,静岡,55,64,6.00,260,,,,,○,,,,,,58,12.1,42,11.9,27,7.4,2.3,66,36,3,17,8,2,0,0.15,0,0,0.15,,,0,
3841,佐々木和,A2,徳島,50,78,6.51,260,,,,,,○,,,,,46,4.3,37,2.7,49,0.0,-4.8,54,31,10,5,5,3,0,0.16,0,0,0.16,,,0,
5193,米丸乃絵,A1,福岡,25,128,6.99,260,,,,,○,○,,,,,46,2.2,45,6.7,40,0.0,-8.1,72,43,5,16,2,5,1,0.16,1,0,0.15,0.18,+0.02,44,
5017,澤田尚也,A1,滋賀,27,121,6.83,259,,,,,○,,,,,,48,10.4,44,11.4,41,0.0,0.9,72,40,7,7,12,5,1,0.13,0,0,0.13,,,0,
4019,笠原亮,A1,静岡,46,84,6.98,259,,,,,○,○,,,,,40,5.0,49,10.2,44,0.0,-4.2,60,39,5,6,7,2,1,0.16,0,0,0.16,,,0,
3965,北中元樹,A1,滋賀,47,82,5.82,259,,,,,○,,○,,,,54,25.9,39,10.3,45,2.2,11.9,59,24,6,17,7,5,0,0.17,1,0,0.17,0.17,+0.00,9,
3482,金子猛志,B1,群馬,55,66,4.99,259,,,,,○,○,,,,,47,0.0,49,12.2,49,0.0,-4.9,33,20,6,3,3,0,1,0.15,0,0,0.15,,,0,
4642,松尾夏海,A2,香川,34,107,7.17,259,,,,,○,,,,,,45,8.9,43,16.3,30,6.7,-3.0,78,41,9,7,17,4,0,0.16,0,0,0.16,,,0,
5189,藤原早菜,A2,岡山,25,128,5.09,259,,,,,○,○,,,,,43,0.0,50,6.0,40,0.0,-6.8,40,17,7,3,8,5,0,0.20,0,0,0.20,,,0,
3679,飯島昌弘,A2,埼玉,53,73,6.79,259,,,,,,○,,,,,58,3.4,46,2.2,35,0.0,-5.8,47,34,6,4,1,2,0,0.16,1,0,0.15,0.18,+0.03,66,
4737,竹井貴史,A1,福岡,35,111,6.77,259,,,,,○,,,,●,,47,12.8,43,11.6,41,2.4,-1.9,86,44,9,20,6,5,2,0.16,1,0,0.15,0.18,+0.02,58,
3915,繁野谷圭,A2,大阪,52,81,6.23,259,,,,,○,○,,,,,43,2.3,50,8.0,42,0.0,-5.1,54,33,9,2,7,2,1,0.19,0,0,0.19,,,0,
4452,松尾祭,A2,香川,38,100,5.17,259,,,,,,○,,,,,43,0.0,48,2.1,42,2.4,-4.8,41,22,7,2,6,3,1,0.17,0,0,0.17,,,0,
3562,山下和彦,A2,広島,57,70,6.35,258,,,,,,,○,,,,47,23.4,47,4.3,37,0.0,10.8,54,28,4,12,6,4,0,0.17,0,0,0.17,,,0,
4539,金子賢志,A1,群馬,35,103,6.52,258,,,,,,,,,,,45,17.8,40,2.5,48,6.2,6.4,66,38,7,15,5,1,0,0.13,0,0,0.13,,,0,
4013,中島孝平,A1,福井,46,84,7.14,258,,,,,○,,,,,,49,12.2,42,9.5,48,0.0,1.2,71,50,5,6,7,3,0,0.14,1,0,0.14,0.17,+0.03,5,
4042,丸岡正典,A2,大阪,47,85,6.85,258,,,,,○,,,,,,47,10.6,37,8.1,51,3.9,-0.1,58,33,8,7,9,1,0,0.18,1,0,0.17,0.19,+0.01,31,
4796,春園功太,A1,三重,35,113,6.02,258,,,,,,,,,,,33,18.2,53,3.8,42,4.8,5.1,72,40,8,14,8,2,0,0.14,1,0,0.14,,,0,
4483,北野輝季,A1,愛知,37,101,6.83,258,,,,,○,,○,,●,,40,25.0,52,7.7,39,5.1,8.8,79,37,12,16,6,7,1,0.14,1,0,0.14,0.14,-0.00,34,候補
4069,山本修一,A2,岡山,46,86,5.68,258,,,,,,○,,,,,43,0.0,48,2.1,38,0.0,-8.0,47,28,7,1,4,6,1,0.18,1,0,0.17,0.19,+0.01,53,
4156,浜野孝志,A2,三重,45,90,5.38,257,,,,,○,,,,,,54,13.0,40,5.0,39,2.6,2.9,46,23,7,10,5,1,0,0.16,1,0,0.15,0.18,+0.03,56,
4294,古賀繁輝,A1,佐賀,40,94,6.21,257,,,,,○,,○,,,,50,30.0,43,7.0,38,15.8,13.1,83,34,8,29,8,4,0,0.13,1,0,0.13,0.16,+0.03,9,
4682,大上卓人,A1,広島,36,109,7.29,257,,,,,○,,,,,,52,5.8,52,7.7,34,0.0,-2.7,61,39,9,3,9,1,0,0.14,1,0,0.14,0.21,+0.07,11,慎重型
4500,山田康二,A1,佐賀,38,102,7.96,257,,,,,○,,,壁弱●,,,40,15.0,41,14.6,35,5.7,1.5,90,47,9,15,13,5,1,0.13,0,0,0.13,,,0,
5278,田中駿兵,A1,徳島,23,131,7.06,257,,,,,○,,,,,,42,19.0,43,20.9,45,8.9,4.5,96,49,10,14,18,5,0,0.14,1,0,0.14,0.16,+0.02,34,
4411,沢田昭宏,A2,大阪,40,99,5.69,257,,,,,,,,壁強●,,,46,4.3,42,4.8,46,2.2,-3.7,46,30,6,4,5,1,0,0.18,0,0,0.18,,,0,
3576,白水勝也,A1,福岡,53,70,6.38,257,,,,,,○,,,,,41,9.8,47,4.3,31,0.0,-4.0,52,30,5,8,4,5,0,0.16,2,0,0.16,0.17,+0.00,57,候補
5224,西岡顕心,A1,香川,25,129,7.38,256,,,,,○,○,,,,,41,7.3,45,6.7,46,0.0,-4.1,73,42,11,11,5,3,1,0.14,0,0,0.14,,,0,
5028,原田才一,A1,福岡,29,122,7.15,256,,,,,,,,,,,44,15.9,47,4.3,38,2.6,3.9,76,42,7,10,10,7,0,0.16,2,0,0.14,0.18,+0.04,118,
4757,山田祐也,A1,徳島,37,112,6.64,256,,,,,○,,,,,,41,9.8,50,8.0,37,5.4,-0.7,66,38,3,12,7,5,1,0.14,0,0,0.14,,,0,
4787,椎名豊,A1,群馬,37,113,7.75,256,,,,,○,,,,,,44,15.9,48,12.5,37,5.4,0.5,93,45,6,19,19,4,0,0.13,1,1,0.13,0.15,+0.02,89,
4168,石野貴之,A1,大阪,44,90,6.82,256,,,,,○,,,,,,41,4.9,39,10.3,31,0.0,-3.2,65,36,4,8,14,3,0,0.15,1,0,0.14,0.17,+0.03,57,
4734,安河内将,A1,佐賀,36,111,6.87,256,,,,,○,,,,,,44,18.2,48,8.3,34,2.9,3.9,73,36,10,7,17,3,0,0.15,1,0,0.15,0.16,+0.01,14,
4384,鶴本崇文,A1,大阪,41,98,5.63,256,,,,,,,,,,,47,8.5,42,0.0,37,2.7,-1.7,52,32,3,4,8,5,0,0.17,0,0,0.17,,,0,
4052,興津藍,A2,徳島,45,85,5.50,256,,,,,,,,,,,42,7.1,45,4.4,46,2.2,-1.5,59,34,5,11,6,2,1,0.15,1,0,0.15,0.20,+0.05,15,慎重型
5026,安河内健,A1,佐賀,31,122,6.73,255,,,,,○,,,,●,,50,8.0,45,13.3,39,5.1,-2.1,74,40,11,4,15,4,0,0.16,1,0,0.15,0.16,+0.01,92,
4024,井口佳典,A1,三重,49,85,6.89,255,,,,,○,,,,,,49,14.3,51,9.8,37,5.4,3.9,53,24,4,15,7,3,0,0.15,1,0,0.15,0.16,+0.01,45,
3941,池田浩二,A1,愛知,48,81,7.80,255,,,,,○,,,,,,46,10.9,45,6.7,35,2.9,-3.3,80,48,8,6,11,7,0,0.12,0,0,0.12,,,0,
4850,野中一平,A2,愛知,31,115,6.38,255,,,,,○,,,,,,47,10.6,50,14.0,33,3.0,-0.1,72,36,12,13,7,3,1,0.12,0,0,0.12,,,0,
4501,樋口由加,B1,岡山,38,102,5.09,255,,,,,,,,,,,48,6.2,48,4.2,40,0.0,-0.1,43,25,0,11,3,3,1,0.15,0,0,0.15,,,0,
4719,上條暢嵩,A1,大阪,32,110,7.55,255,,,,,○,○,,,,,49,2.0,43,9.3,39,2.6,-6.7,77,53,6,11,5,1,1,0.13,0,0,0.13,,,0,
3783,瓜生正義,A1,福岡,50,76,6.84,255,,,,,○,,,,●,,40,5.0,53,11.3,33,0.0,-3.1,55,25,10,7,7,6,0,0.15,0,0,0.15,,,0,
3582,吉川昭男,A2,滋賀,53,70,6.25,255,,,,,,,,壁弱●,,,32,9.4,1,0.0,0,,0.1,66,29,10,12,4,9,2,0.16,1,0,0.16,0.18,+0.01,4,
4287,今井貴士,A2,福岡,42,94,6.47,255,,,,,,,,,,,37,10.8,38,0.0,45,2.2,1.1,47,31,4,6,3,3,0,0.16,1,0,0.15,0.18,+0.02,40,
3777,樋口亮,A2,長崎,51,76,5.38,255,,,,,○,,,,,,43,7.0,44,6.8,45,6.7,-1.6,56,27,6,10,8,5,0,0.17,2,0,0.17,0.18,+0.00,64,候補
5280,廣瀬凜,A1,滋賀,23,131,6.93,255,,,,,○,,,,●,,45,11.1,51,11.8,38,0.0,-3.1,70,37,7,6,9,11,0,0.16,0,0,0.16,,,0,
4832,権藤俊光,A1,大阪,39,115,6.72,254,,,,,○,,○,,,,49,20.4,45,13.3,40,2.5,7.4,79,37,11,5,19,7,0,0.14,0,0,0.14,,,0,
4391,松田祐季,A1,福井,40,98,7.19,254,,,,,,,,,,,50,8.0,43,0.0,39,5.1,-2.1,75,42,8,12,6,6,1,0.16,1,0,0.16,0.18,+0.03,31,
4308,河村了,A1,愛知,42,95,6.73,254,,,,,○,,,,,,47,10.6,39,7.7,36,5.6,-1.7,69,43,8,2,13,3,0,0.16,1,0,0.16,0.15,-0.01,6,
3743,林美憲,A1,徳島,51,75,5.41,254,,,,,○,,,,,,62,8.1,21,14.3,6,0.0,-0.9,55,30,4,10,7,4,0,0.15,0,0,0.15,,,0,
4460,後藤翔之,A2,東京,40,101,6.07,254,,,,,○,,,壁強●,,,43,11.6,52,5.8,35,2.9,1.8,46,24,8,5,5,3,1,0.15,1,0,0.15,0.14,-0.00,27,候補
4504,前田将太,A1,福岡,38,102,6.99,254,,,,,○,,,,,,40,5.0,48,6.2,38,2.6,-3.1,55,36,1,5,7,6,0,0.14,1,0,0.13,0.15,+0.02,93,
5326,三嶌さら,B1,香川,22,133,5.02,254,,,,,,,,,,,46,0.0,54,3.7,58,3.4,-3.2,29,11,3,7,6,2,0,0.18,0,0,0.18,,,0,
3960,菊地孝平,A1,静岡,48,82,6.72,254,,,,,○,,,,,,56,12.5,45,11.1,33,3.0,2.6,64,36,8,9,8,3,0,0.11,1,0,0.11,0.11,+0.00,1,
4771,下寺秀和,A1,広島,33,112,7.19,254,,,,,,,,,,,45,15.6,44,4.5,36,0.0,2.0,85,51,13,7,11,2,1,0.15,1,0,0.15,0.20,+0.04,20,
4373,若狭奈美,A1,岡山,38,97,6.25,254,,,,,,○,,,,,50,2.0,32,0.0,41,0.0,-6.7,55,33,9,6,2,5,0,0.18,1,0,0.18,0.18,+0.00,76,候補
4256,渡辺浩司,A1,福岡,42,93,7.08,254,,,,,,,,,,,41,12.2,44,0.0,44,4.5,-2.3,56,32,10,6,5,3,0,0.13,2,0,0.13,0.15,+0.02,66,
4762,藤原啓史,A1,岡山,36,112,7.36,254,,,,,○,,,,,,38,18.4,38,7.9,50,6.0,3.9,81,48,7,7,14,5,0,0.13,0,0,0.13,,,0,
4543,重木輝彦,A1,兵庫,38,104,6.64,254,,,,,○,,,,,,54,7.4,43,7.0,32,0.0,-2.6,63,38,8,7,6,4,0,0.17,2,0,0.16,0.18,+0.02,101,
3898,平田忠則,A1,福岡,49,80,7.49,254,,,,,,,,,,,41,19.5,43,4.7,43,4.7,3.1,73,45,6,6,8,7,1,0.15,1,0,0.15,0.17,+0.02,81,
4002,古結宏,A1,兵庫,48,84,6.50,254,,,,,○,,,,,,49,12.2,48,8.3,27,0.0,1.2,67,38,6,7,9,6,1,0.14,1,0,0.14,0.16,+0.02,28,
4239,竹田辰也,A1,山口,42,92,6.48,253,,,,,○,,,,●,,40,12.5,49,6.1,35,5.7,1.3,74,41,7,7,11,6,2,0.15,1,0,0.15,0.15,-0.00,41,候補
3661,柳瀬興志,A2,山口,57,73,4.38,253,,,,,,,,,,,43,7.0,42,2.4,42,0.0,0.3,35,19,4,3,5,4,0,0.17,0,0,0.17,,,0,
4438,森作雄大,B1,東京,40,100,5.26,253,,,,,○,,○,,,,55,25.5,46,8.7,33,3.0,15.0,50,18,1,24,4,3,0,0.12,0,0,0.12,,,0,
4228,吉田慎二,A2,愛知,43,92,6.45,253,,,,,○,,,,,,47,8.5,41,7.3,45,2.2,-0.5,55,28,4,15,5,2,1,0.17,1,0,0.17,0.16,-0.01,27,候補
4448,青木玄太,A1,滋賀,39,100,7.06,253,,,,,○,,,,,,46,10.9,47,10.6,39,2.6,-1.6,73,36,6,19,4,8,0,0.15,0,0,0.15,,,0,
3686,鳥居塚孝,A2,群馬,51,73,6.21,253,,,,,,,,,,,45,4.4,48,4.2,42,0.0,-3.6,51,31,6,10,2,2,0,0.15,2,0,0.14,0.17,+0.04,76,
4961,西橋奈未,A1,福井,30,119,6.78,253,,,,,,,,,,,46,4.3,41,2.4,39,5.1,-3.7,64,35,6,9,7,7,0,0.14,1,0,0.14,0.14,+0.00,53,候補
4910,中村泰平,A1,愛知,30,117,7.13,253,,,,,○,,,,,,47,8.5,43,16.3,39,5.1,-3.3,79,46,6,8,16,3,0,0.14,1,0,0.14,0.18,+0.04,33,
4903,吉田凌太,A1,愛知,32,117,6.39,253,,,,,○,,,,,,49,18.4,39,20.5,42,11.9,4.2,92,41,9,16,25,1,0,0.15,2,0,0.14,0.15,+0.01,97,
3541,三嶌誠司,A2,香川,58,69,6.27,253,,,,,,○,,,,,42,2.4,50,4.0,35,0.0,-5.0,52,30,9,4,3,6,0,0.16,1,0,0.16,0.19,+0.03,14,
4348,宮崎奨,A2,香川,41,96,5.89,253,,,,,,○,,,,,49,2.0,42,0.0,43,0.0,-5.5,36,23,8,1,1,2,1,0.16,0,0,0.16,,,0,
4231,鈴木裕隆,B1,愛知,43,92,5.40,253,,,,,○,,,,,,47,8.5,48,8.3,37,0.0,-0.5,41,14,8,8,7,3,1,0.17,0,0,0.17,,,0,
4415,下出卓矢,A1,福井,39,99,6.07,252,,,,,○,,,,,,44,9.1,45,15.6,54,11.1,-0.1,66,33,2,20,8,3,0,0.14,3,0,0.13,0.15,+0.01,122,
4586,磯部誠,A1,愛知,35,105,7.69,252,,,,,○,,,,,,49,8.2,44,11.4,41,4.9,-2.0,55,34,1,5,8,6,1,0.12,0,0,0.12,,,0,
3556,田中信一,A1,大阪,53,69,6.76,252,,,,,○,,,,,,38,18.4,49,6.1,33,3.0,3.9,74,46,3,13,5,6,1,0.14,0,0,0.14,,,0,
4596,葛原大陽,A2,徳島,43,106,5.89,252,,,,,○,○,,,,,43,4.7,45,6.7,45,0.0,-4.5,52,30,7,2,9,3,1,0.15,1,0,0.15,0.15,+0.00,30,候補
4292,麻生慎介,A1,広島,41,94,6.45,252,,,,,○,,,,,,44,6.8,50,14.0,30,3.3,-2.9,61,32,7,6,13,3,0,0.14,2,0,0.13,0.15,+0.01,76,
5134,大原祥昌,A2,広島,27,126,5.61,251,,,,,○,,,,,,43,4.7,38,10.5,43,0.0,-3.4,49,28,3,4,8,5,1,0.15,0,0,0.15,,,0,
3574,大神康司,A1,福岡,54,70,6.19,251,,,,,,,,,,,6,0.0,1,0.0,0,,,66,35,15,9,1,6,0,0.16,0,0,0.16,,,0,
4502,遠藤エミ,A1,滋賀,38,102,7.34,251,,,,,○,,,,,,47,8.5,43,14.0,41,2.4,-3.3,77,43,13,4,13,4,0,0.14,1,0,0.14,0.15,+0.01,39,
4706,三浦洋次,A2,愛知,37,110,5.67,251,,,,,○,,,,,,48,6.2,49,8.2,39,0.0,-2.2,51,26,6,7,10,2,0,0.17,1,0,0.16,0.20,+0.03,34,
4266,長田頼宗,A1,東京,41,93,7.24,251,,,,,,,,,,,49,8.2,39,2.6,35,0.0,-2.0,64,45,4,3,8,4,0,0.15,0,0,0.15,,,0,
4516,野口勝弘,A1,愛知,39,103,6.69,251,,,,,,,,,,,52,11.5,47,4.3,32,0.0,0.6,64,31,6,15,8,3,1,0.15,0,0,0.15,,,0,
3484,芝田浩治,A2,兵庫,54,66,5.83,251,,,,,,,,,,,45,6.7,49,2.0,34,0.0,-1.9,55,32,8,6,7,2,0,0.17,1,0,0.17,0.19,+0.02,21,
4790,柳内敬太,A1,兵庫,36,113,6.29,251,,,,,○,,,,,,51,7.8,40,12.5,48,0.0,-2.2,61,40,3,7,8,3,0,0.16,1,0,0.15,0.17,+0.02,61,
4545,岡村慶太,A1,福岡,38,104,7.22,251,,,,,○,○,,,,,46,6.5,39,17.9,47,0.0,-4.8,86,53,7,3,15,7,1,0.15,0,0,0.15,,,0,
3327,野長瀬正,A2,静岡,59,61,6.15,251,,,,,,,,,,,68,8.8,15,0.0,5,0.0,-0.3,52,32,8,6,5,1,0,0.16,2,0,0.16,0.20,+0.04,6,
5016,宮田龍馬,A1,兵庫,28,121,6.92,250,,,,,○,,○,,,,44,20.5,35,5.7,49,4.1,5.6,76,39,12,14,9,2,0,0.14,1,0,0.14,0.16,+0.02,16,
4769,馬場剛,A1,東京,34,112,6.77,250,,,,,,,○,,,,48,20.8,46,4.3,42,2.4,7.7,65,34,5,14,7,4,1,0.12,0,0,0.12,,,0,
3853,岩崎正哉,A2,福岡,54,79,5.90,250,,,,,,,,,,,42,4.8,48,4.2,37,0.0,-1.3,48,35,4,4,4,1,0,0.19,0,0,0.19,,,0,
4759,今泉友吾,A1,東京,36,112,6.98,250,,,,,,○,,,,,43,2.3,38,0.0,48,0.0,-7.9,54,36,7,3,4,3,1,0.16,1,0,0.16,0.24,+0.08,6,
4468,大池佑来,A1,東京,39,101,7.35,250,,,,,○,,,,,,37,10.8,40,10.0,47,6.4,0.1,65,39,4,15,6,1,0,0.14,1,0,0.14,0.16,+0.03,80,
3415,松井繁,A1,大阪,56,64,7.09,250,,,,,,○,,壁弱●,,,57,3.5,35,0.0,15,0.0,-4.5,60,40,13,4,1,2,0,0.14,0,0,0.14,,,0,
4335,若林将,A1,東京,42,96,6.83,250,,,,,○,○,,,,,41,7.3,41,9.8,41,0.0,-4.1,76,43,7,7,11,8,0,0.12,1,0,0.12,0.14,+0.02,24,
4133,高橋正男,A2,兵庫,46,89,6.44,250,,,,,○,○,,,,,43,2.3,37,5.4,42,2.4,-6.2,51,25,7,5,6,7,1,0.16,1,0,0.16,0.17,+0.01,46,
3909,佐々木康,A1,静岡,53,81,6.88,250,,,,,○,,,,,,59,13.6,49,16.3,7,0.0,2.3,77,45,4,15,11,2,0,0.11,0,0,0.11,,,0,
5223,森清友翔,B1,福岡,25,129,5.05,250,,,,,,,,,,,45,11.1,47,0.0,42,0.0,3.5,29,12,5,4,4,3,1,0.16,0,0,0.16,,,0,
3514,山一鉄也,A2,福岡,59,68,5.66,249,,,,,○,,,,,,51,7.8,39,7.7,42,2.4,-1.0,57,32,7,9,7,2,0,0.17,0,0,0.17,,,0,
4873,蒲原健太,B1,佐賀,32,116,4.86,249,,,,,,,,,,,50,6.0,44,4.5,34,0.0,-0.4,35,20,4,2,6,3,0,0.19,0,0,0.19,,,0,
4908,上田龍星,A1,大阪,31,117,6.80,249,,,,,,,,,,,48,6.2,39,2.6,35,8.6,-3.4,77,48,5,8,8,8,0,0.14,1,0,0.13,0.15,+0.03,87,
4688,永井彪也,A1,東京,33,109,6.99,249,,,,,○,,,,,,47,8.5,46,8.7,45,2.2,-1.7,68,39,13,6,8,1,1,0.13,1,0,0.13,0.14,+0.01,29,
4994,山本梨菜,A2,佐賀,28,120,6.39,249,,,,,,,,,,,41,14.6,46,2.2,40,2.5,2.9,50,30,2,13,3,0,2,0.17,2,0,0.17,0.20,+0.03,15,
4260,中越博紀,B1,香川,42,93,5.79,249,,,,,,,,,,,43,14.0,46,2.2,46,0.0,3.5,52,24,9,5,8,6,0,0.17,1,0,0.15,0.19,+0.03,93,
4610,佐藤大佑,A1,東京,36,106,6.03,249,,,,,○,,○,,,,43,25.6,55,10.9,42,9.5,12.1,72,27,5,32,4,4,0,0.15,1,0,0.15,0.17,+0.02,49,
4624,高田明,A1,佐賀,41,107,6.38,249,,,,,○,,○,,,,38,23.7,54,18.5,34,2.9,9.3,71,32,9,14,14,2,0,0.16,2,0,0.16,0.17,+0.01,127,
5015,高橋竜矢,A1,広島,28,121,6.91,248,,,,,,○,,,,,49,6.1,34,2.9,34,0.0,-5.2,71,46,11,5,3,6,0,0.13,0,0,0.13,,,0,
4674,池田剛規,B1,福岡,39,109,5.29,248,,,,,,,,,,,50,8.0,47,0.0,41,0.0,-0.9,44,30,4,4,4,2,0,0.15,0,0,0.15,,,0,
5089,前田翔,A1,愛知,26,124,7.20,248,,,,,,,,,,,41,12.2,44,4.5,35,2.9,-2.3,69,42,8,10,7,2,0,0.16,0,0,0.16,,,0,
3256,三角哲男,A1,東京,59,58,6.56,248,,,,,○,,,,,,39,15.4,44,9.1,35,5.7,3.4,58,24,9,12,8,3,2,0.15,1,0,0.15,0.15,+0.00,29,候補
4579,中嶋健一,A2,三重,37,105,6.09,248,,,,,○,,,,,,48,6.2,46,10.9,30,3.3,-2.2,56,35,6,2,7,6,0,0.15,0,0,0.15,,,0,
5066,鈴木孝明,A1,埼玉,28,123,6.74,248,,,,,○,,,,,,50,14.0,50,14.0,33,3.0,0.8,62,25,5,16,8,6,2,0.16,0,0,0.16,,,0,
4949,横田貴満,A2,佐賀,33,119,5.86,248,,,,,,,,,,,48,4.2,46,4.3,33,6.1,-3.8,57,36,6,4,10,1,0,0.16,1,0,0.15,0.16,+0.01,23,
3655,本橋克洋,B1,群馬,52,72,4.78,248,,,,,,○,,壁強●,,,45,0.0,45,4.4,30,0.0,-6.9,29,22,0,3,2,1,1,0.18,1,0,0.17,0.21,+0.04,59,
4962,畑竜生,A2,三重,30,119,5.33,248,,,,,○,,,,,,42,4.8,47,6.4,36,0.0,-3.3,48,31,3,6,7,1,0,0.16,1,0,0.16,0.16,+0.00,81,候補
3623,深川真二,A1,佐賀,52,71,7.48,248,,,,,,,,,,,0,,0,,0,,,92,47,23,12,1,9,0,0.14,1,0,0.14,0.18,+0.04,27,
5087,佐藤航,A1,埼玉,26,124,6.34,247,,,,,○,,,,●,,60,13.3,39,17.9,36,2.8,0.3,72,30,8,10,16,8,0,0.15,1,0,0.15,0.17,+0.02,41,
4036,金田諭,A1,埼玉,47,85,6.37,247,,,,,,,,,,,44,13.6,42,4.8,43,7.0,2.2,65,36,8,17,2,2,0,0.16,0,0,0.16,,,0,
4772,石丸海渡,A1,香川,33,112,6.80,247,,,,,○,,,,,,45,15.6,43,16.3,39,2.6,2.0,66,37,4,11,11,1,2,0.11,2,0,0.11,0.11,+0.00,47,候補
4590,渡邉優美,A1,福岡,33,105,6.34,247,,,,,○,○,,壁弱●,●,,40,2.5,45,6.7,39,0.0,-6.0,60,32,14,8,4,1,1,0.15,1,0,0.15,0.17,+0.02,29,
4804,高田ひか,A1,三重,32,113,6.04,247,,,,,○,,,,,,50,18.0,37,16.2,40,5.0,6.8,74,32,4,25,6,6,1,0.18,1,0,0.18,0.19,+0.01,38,
4851,関浩哉,A1,群馬,31,115,7.54,247,,,,,○,,,壁弱●,●,,39,15.4,40,10.0,43,2.3,3.4,70,35,13,12,8,1,1,0.13,0,0,0.13,,,0,
5212,西川拓利,A2,福岡,27,129,6.29,247,,,,,○,,,,,,47,14.9,44,13.6,34,0.0,4.3,53,25,6,11,10,0,1,0.13,0,0,0.13,,,0,
4551,三川昂暁,A2,福岡,37,104,5.63,247,,,,,,,,,,,42,4.8,45,4.4,48,0.0,-3.3,46,14,8,11,2,10,1,0.17,2,0,0.16,0.18,+0.02,78,
4364,池永太,A1,福岡,41,97,6.15,247,,,,,○,,○,,,,43,25.6,47,8.5,34,5.9,11.0,67,34,5,22,3,3,0,0.13,0,0,0.13,,,0,
4645,上村純一,A1,群馬,46,108,6.56,247,,,,,○,,,,,,40,17.5,39,10.3,50,4.0,4.9,67,39,9,9,8,2,0,0.14,1,0,0.14,0.15,+0.01,7,
4293,鈴木智啓,B1,愛知,41,94,4.78,246,,,,,○,,,,,,40,2.5,42,7.1,48,2.1,-2.9,28,19,3,3,2,1,0,0.17,1,0,0.16,0.19,+0.03,97,
3716,石渡鉄兵,A1,東京,51,74,6.99,246,,,,,○,,,,,,44,13.6,46,6.5,42,4.8,3.3,57,33,1,14,7,1,1,0.13,1,0,0.12,0.13,+0.01,49,
4344,新田雄史,A1,三重,41,96,7.63,246,,,,,○,,,,,,44,11.4,41,9.8,33,0.0,-1.2,61,35,3,6,9,7,1,0.13,2,0,0.13,0.17,+0.04,15,
4436,渋谷明憲,A1,大阪,40,100,6.34,246,,,,,,,,,●,,40,12.5,46,4.3,40,5.0,1.3,56,28,11,6,9,2,0,0.16,1,0,0.15,0.18,+0.03,56,
4028,田村隆信,A1,徳島,48,85,5.54,246,,,,,○,,,壁弱●,,,44,13.6,41,7.3,32,0.0,3.3,63,38,8,7,8,2,0,0.15,0,0,0.15,,,0,
4939,宮之原輝,A1,東京,28,118,7.76,246,,,,,○,,,,,,38,15.8,39,20.5,47,0.0,2.1,92,49,12,9,15,6,1,0.13,0,0,0.13,,,0,
4105,松下直也,B1,兵庫,46,88,5.42,246,,,,,,,,,,,51,3.9,46,2.2,35,0.0,-2.0,27,14,6,4,3,0,0,0.18,1,0,0.18,0.36,+0.18,4,
5205,刑部亜里,A2,静岡,29,129,6.08,246,,,,,,,,,,,48,8.3,41,0.0,47,0.0,-0.7,47,27,9,3,5,2,1,0.17,1,0,0.17,0.18,+0.01,24,
4614,石倉洋行,A1,福岡,46,107,7.17,246,,,,,○,,,,,,48,10.4,43,16.3,40,2.5,-1.9,78,42,16,9,9,1,1,0.13,2,0,0.14,0.13,-0.01,114,候補
5096,上原崚,A2,東京,31,125,6.23,246,,,,,○,,,,,,50,12.0,47,8.5,44,0.0,2.2,50,25,6,6,10,3,0,0.14,1,0,0.13,0.16,+0.03,90,
5229,吉川晴人,A2,滋賀,23,129,5.28,245,,,,,,,,,,,41,7.3,46,4.3,48,0.0,-1.4,46,24,8,4,7,3,0,0.16,2,0,0.16,0.17,+0.02,99,
4409,坂元浩仁,A1,愛知,40,99,6.36,245,,,,,○,,,,,,41,7.3,42,16.7,38,5.3,-2.5,66,39,7,8,8,4,0,0.15,1,0,0.14,0.16,+0.02,71,
4418,茅原悠紀,A1,岡山,39,99,7.49,245,,,,,○,○,,,,,42,7.1,41,9.8,38,2.6,-6.0,72,49,7,4,6,6,0,0.12,2,0,0.12,0.12,+0.00,65,候補
3721,守田俊介,A1,滋賀,51,74,6.79,245,,,,,○,,,,,,56,12.5,42,7.1,19,0.0,2.6,70,38,11,7,9,4,1,0.12,1,0,0.12,0.11,-0.01,10,候補
4513,河野真也,A2,福岡,37,102,6.00,245,,,,,○,,,,,,41,4.9,38,7.9,37,2.7,-3.2,60,34,2,15,6,3,0,0.18,1,0,0.17,0.21,+0.03,62,
4050,田口節子,A1,岡山,45,85,7.75,245,,,,,○,○,,,,,41,9.8,36,13.9,42,4.8,-4.0,90,50,10,11,13,6,0,0.15,1,0,0.15,0.20,+0.05,6,
4482,守屋美穂,A1,岡山,37,101,6.24,245,,,,,○,,,,,,49,16.3,45,11.1,31,3.2,5.5,66,39,10,6,8,2,1,0.16,2,0,0.16,0.17,+0.01,88,
4848,仲谷颯仁,A1,福岡,32,115,7.59,245,,,,,,,,壁弱●,,,38,5.3,50,4.0,39,2.6,-3.9,63,36,5,3,9,9,1,0.15,1,0,0.15,0.15,+0.01,63,
4044,湯川浩司,A1,大阪,46,85,6.17,245,,,,,○,,,,,,46,10.9,44,9.1,27,0.0,1.3,56,33,1,9,8,3,2,0.14,0,0,0.14,,,0,
4793,金子萌,A2,静岡,36,113,6.41,245,,,,,○,,,,●,,44,15.9,42,9.5,45,2.2,5.0,70,28,15,10,12,4,1,0.13,0,0,0.13,,,0,
4241,大串重幸,A2,長崎,41,92,5.80,244,,,,,,○,,,,,43,2.3,42,4.8,37,0.0,-5.1,35,25,1,4,4,1,0,0.17,0,0,0.17,,,0,
4381,田路朋史,A2,兵庫,41,98,5.35,244,,,,,○,,,,,,36,11.1,58,5.2,29,3.4,1.4,53,26,4,15,4,3,1,0.17,1,0,0.17,0.19,+0.03,40,
3550,都築正治,B1,愛知,55,69,5.58,244,,,,,○,,,,,,46,10.9,43,7.0,34,2.9,3.3,51,22,4,21,3,1,0,0.16,0,0,0.16,,,0,
4644,山田亮太,A1,東京,47,108,6.49,244,,,,,○,,,,,,54,13.0,39,10.3,33,0.0,1.7,56,27,4,13,9,3,0,0.14,0,0,0.14,,,0,
4459,片岡雅裕,A2,香川,40,101,5.96,244,,,,,,,,,,,38,7.9,41,0.0,47,0.0,1.0,50,33,8,3,5,1,0,0.13,1,0,0.12,0.13,+0.01,53,
4043,桐本康臣,A2,三重,47,85,5.89,244,,,,,○,,,,,,43,4.7,47,6.4,32,3.1,-3.4,47,25,3,7,9,2,1,0.16,1,0,0.16,0.17,+0.01,53,
4179,広次修,A2,山口,43,90,5.23,244,,,,,,○,,,,,49,0.0,47,4.3,39,0.0,-7.0,40,21,9,1,5,4,0,0.16,0,0,0.16,,,0,
5196,鰐部太空,A1,愛知,24,128,5.51,244,,,,,○,,,壁弱●,●,,45,17.8,46,15.2,39,7.7,5.3,79,31,16,14,11,7,0,0.16,2,0,0.15,0.19,+0.04,61,
3349,吉田一郎,A1,長崎,58,62,6.25,244,,,,,○,,,,,,56,10.7,36,13.9,7,0.0,1.2,61,30,9,12,10,0,0,0.16,0,0,0.16,,,0,
4608,荒井翔伍,A2,東京,36,106,5.99,244,,,,,,,,,,,45,13.3,41,4.9,37,0.0,3.1,41,26,4,5,5,1,0,0.16,1,0,0.16,0.16,+0.01,3,
3912,川原正明,B1,福井,52,81,5.92,243,,,,,○,,,,,,48,18.8,43,7.0,41,2.4,7.3,68,37,2,23,6,0,0,0.14,1,0,0.14,0.15,+0.02,71,
4685,島村隆幸,A1,徳島,35,109,7.20,243,,,,,○,,,,,,39,15.4,39,15.4,38,7.9,-3.2,87,46,11,10,17,3,0,0.15,1,0,0.15,0.16,+0.01,68,
3406,中里英夫,B1,群馬,58,64,5.42,243,,,,,,,,,,,51,5.9,46,2.2,33,0.0,-2.6,39,23,4,1,6,4,1,0.17,1,0,0.16,0.21,+0.05,65,慎重型
3300,川崎智幸,A2,岡山,59,60,5.79,243,,,,,○,,,,,,37,5.4,42,7.1,42,0.0,-2.7,56,33,6,5,6,5,1,0.15,2,0,0.15,0.16,+0.01,75,
3822,平尾崇典,A1,岡山,53,78,6.54,243,,,,,○,,,壁強●,,,40,17.5,41,7.3,35,8.6,4.9,65,38,4,15,6,2,0,0.15,0,0,0.15,,,0,
3663,木山和幸,B1,広島,56,73,5.38,242,,,,,,○,,,,,43,2.3,45,4.4,36,0.0,-5.1,38,22,4,4,6,2,0,0.17,1,0,0.17,0.20,+0.04,37,
4623,中北将史,B1,三重,41,107,5.01,242,,,,,,,,,,,42,2.4,56,1.8,31,0.0,-3.0,29,18,5,3,0,3,0,0.15,0,0,0.15,,,0,
5218,山田理央,A1,香川,26,129,6.15,242,,,,,○,,,,,,54,14.8,39,5.1,38,2.6,3.2,64,31,12,9,7,5,0,0.15,1,0,0.14,0.18,+0.03,50,
4907,小池修平,A1,大阪,31,117,7.35,242,,,,,○,,,,,,43,9.3,39,10.3,42,4.8,-2.7,76,35,14,11,11,5,0,0.14,1,0,0.14,0.15,+0.01,35,
4547,中田竜太,A1,埼玉,38,104,6.88,242,,,,,○,,,,,,51,7.8,46,8.7,39,0.0,-1.0,43,20,4,7,6,5,1,0.16,1,0,0.15,0.18,+0.03,21,
3959,坪井康晴,A1,静岡,48,82,7.18,242,,,,,○,,,,,,43,16.3,51,17.6,35,0.0,2.5,66,34,7,7,13,4,1,0.14,1,0,0.14,0.15,+0.01,32,
4216,星栄爾,B1,静岡,41,91,4.79,242,,,,,,,,,,,46,8.7,50,0.0,44,2.3,1.6,37,27,1,8,0,1,0,0.15,0,0,0.15,,,0,
3885,久田武,A2,愛知,52,80,5.09,242,,,,,,,,,,,43,4.7,41,0.0,38,0.0,-1.4,40,25,8,2,3,2,0,0.17,0,0,0.17,,,0,
5051,松本純平,A1,埼玉,31,123,6.45,242,,,,,,,,,,,42,16.7,44,4.5,35,2.9,2.8,65,41,6,8,6,4,0,0.15,0,0,0.15,,,0,
4530,小野生奈,A1,福岡,37,103,7.23,242,,,,,○,,,,,,40,17.5,42,9.5,32,3.1,3.3,72,41,6,14,5,6,0,0.15,0,0,0.15,,,0,
5060,数原魁,A2,兵庫,29,123,5.85,242,,,,,,,,,,,43,11.6,41,2.4,36,2.8,1.8,44,22,6,10,4,1,1,0.16,0,0,0.16,,,0,
5256,中山翔太,A1,三重,22,130,6.18,241,,,,,,,○,,,,46,21.7,44,4.5,37,2.7,8.3,73,45,8,6,10,4,0,0.13,3,0,0.12,0.13,+0.01,137,
5082,一色凌雅,B1,愛知,27,124,5.51,241,,,,,,,,,,,51,13.7,40,2.5,43,0.0,3.5,29,12,2,6,4,5,0,0.19,1,0,0.19,0.23,+0.04,13,
4570,前田聖文,A1,愛知,38,105,6.07,241,,,,,○,,,,●,,44,6.8,44,13.6,38,0.0,-2.9,56,28,6,9,9,3,1,0.16,1,0,0.16,0.16,+0.00,88,候補
4497,桑原悠,A1,長崎,39,102,7.66,241,,,,,○,,,,,,37,13.5,36,8.3,32,6.2,2.0,79,44,8,11,12,2,2,0.14,2,0,0.14,0.18,+0.04,23,
3719,辻栄蔵,A1,広島,51,74,6.70,241,,,,,○,,,,,,44,13.6,48,8.3,41,2.4,2.2,50,29,5,4,8,4,0,0.15,1,0,0.15,0.16,+0.01,9,
4748,渡邉雄朗,A1,東京,40,112,6.25,241,,,,,○,,,,,,37,5.4,44,6.8,40,5.0,-3.8,63,37,9,10,4,2,1,0.15,2,0,0.14,0.18,+0.04,76,
4469,土山卓也,A2,福井,39,101,5.66,241,,,,,○,,,,,,45,4.4,45,11.1,36,0.0,-3.6,55,30,4,9,7,4,1,0.17,0,0,0.17,,,0,
3854,吉川元浩,A1,兵庫,53,79,6.95,241,,,,,○,○,,,,,53,5.7,43,11.6,28,0.0,-4.0,56,34,7,7,5,2,1,0.14,2,0,0.13,0.15,+0.02,145,
4877,鈴谷一平,A1,兵庫,31,116,6.20,241,,,,,○,,,,,,44,15.9,47,17.0,34,5.9,3.9,74,38,4,16,14,2,0,0.14,1,0,0.14,0.14,+0.01,83,
4934,佐々木翔,A2,大阪,30,118,5.30,241,,,,,,,,,,,45,6.7,42,2.4,42,2.4,-1.9,43,24,7,5,3,4,0,0.17,2,0,0.17,0.15,-0.02,29,候補
3158,島川光男,A2,広島,61,54,6.38,241,,,,,○,,,,,,53,13.2,39,5.1,37,2.7,3.1,52,29,2,10,7,4,0,0.14,1,0,0.14,0.16,+0.02,51,
3907,村越篤,B1,香川,48,80,5.16,241,,,,,○,,,,,,42,7.1,46,6.5,43,0.0,-1.5,45,30,5,5,4,1,0,0.16,0,0,0.16,,,0,
4124,池田雄一,A2,静岡,44,88,5.99,241,,,,,○,○,,,,,33,3.0,44,6.8,39,0.0,-5.3,54,28,9,3,7,7,0,0.16,2,0,0.16,0.19,+0.03,52,
3987,後藤正宗,A1,静岡,48,83,5.88,241,,,,,○,,,,,,41,9.8,43,11.6,40,2.5,0.4,43,23,3,6,9,2,0,0.16,1,0,0.16,0.16,+0.00,24,候補
5064,品川二千,A1,山口,28,123,6.60,240,,,,,,,,,,,46,4.3,46,4.3,40,2.5,-3.7,47,26,6,3,7,5,0,0.16,1,0,0.16,0.19,+0.03,19,
4066,東本勝利,A2,三重,46,86,6.06,240,,,,,,,,,,,45,6.7,47,4.3,41,4.9,-3.1,44,26,3,8,2,3,2,0.17,1,0,0.17,0.17,+0.01,25,
4445,宮地元輝,A1,佐賀,39,100,7.28,240,,,,,○,,,,,,45,13.3,40,7.5,47,0.0,3.1,56,38,4,9,2,3,0,0.12,1,0,0.12,0.14,+0.03,9,
3439,大平誉史,A1,大阪,57,65,5.75,240,,,,,○,,,,●,,39,15.4,43,7.0,35,0.0,4.5,54,26,9,6,8,5,0,0.15,0,0,0.15,,,0,
5188,武井莉里,A2,兵庫,25,128,6.02,240,,,,,,,,,,,42,16.7,50,4.0,33,6.1,5.5,55,25,6,13,10,1,0,0.16,1,0,0.15,0.17,+0.02,89,
5068,前田滉,A1,愛知,26,123,7.83,240,,,,,○,,○,,,,49,20.4,41,12.2,33,6.1,3.9,85,44,8,15,12,6,0,0.14,1,0,0.14,0.15,+0.01,36,
3897,白井英治,A1,山口,49,80,7.77,240,,,,,,,,,,,51,13.7,33,3.0,32,0.0,2.3,54,32,6,3,6,7,0,0.13,1,1,0.13,0.13,+0.00,20,候補
4290,稲田浩二,A1,兵庫,41,94,6.58,240,,,,,○,○,,,,,39,5.1,46,6.5,39,0.0,-4.0,53,34,5,4,7,2,1,0.12,0,0,0.12,,,0,
4370,山口達也,A1,岡山,39,97,6.13,240,,,,,○,,,壁弱●,,,42,19.0,31,9.7,29,0.0,6.1,80,43,5,18,5,7,2,0.14,1,0,0.14,0.15,+0.01,48,
4633,森智也,A2,兵庫,37,107,5.46,240,,,,,,○,,,,,45,0.0,39,2.6,38,0.0,-6.9,36,24,5,3,1,3,0,0.17,0,0,0.17,,,0,
4967,中村魁生,A1,大阪,28,119,6.54,240,,,,,○,,,,,,49,10.2,46,8.7,35,2.9,-0.4,65,37,6,6,12,4,0,0.14,3,0,0.14,0.15,+0.01,82,
4395,下河雅史,B1,福岡,40,98,5.27,240,,,,,,,,,,,50,6.0,42,0.0,39,0.0,-0.3,30,18,4,6,0,2,0,0.17,1,0,0.17,0.21,+0.04,19,
4289,落合直子,A2,大阪,41,94,5.80,240,,,,,,,,,,,43,11.6,44,2.3,34,2.9,1.8,52,27,8,8,4,3,2,0.14,1,0,0.13,0.16,+0.02,64,
4117,廣中智紗,A2,東京,45,88,6.38,240,,,,,,○,,,,,41,4.9,38,2.6,30,0.0,-4.3,30,16,2,7,1,4,0,0.20,2,0,0.19,0.21,+0.02,134,
5126,山下大輝,A1,兵庫,30,126,6.92,240,,,,,○,,○,,,,46,32.6,39,10.3,41,0.0,16.5,75,37,5,20,12,1,0,0.15,1,0,0.15,0.16,+0.01,37,
4134,杉山貴博,A2,東京,46,89,5.69,240,,,,,,,,,,,47,8.5,44,4.5,39,2.6,-0.5,47,25,3,8,8,2,1,0.16,1,0,0.16,0.16,-0.01,79,候補
4963,實森美祐,A1,広島,29,119,6.17,240,,,,,,,,,,,48,6.2,42,0.0,38,0.0,-2.2,58,35,8,10,5,0,0,0.15,0,0,0.15,,,0,
4443,津田裕絵,B1,山口,40,100,5.52,240,,,,,,,,,,,47,8.5,50,4.0,31,0.0,-0.5,36,17,7,2,4,5,1,0.18,0,0,0.18,,,0,
4428,有賀達也,A2,埼玉,40,100,6.04,240,,,,,,,,,,,40,7.5,43,2.3,40,5.0,-1.2,48,30,8,7,1,2,0,0.13,1,0,0.13,0.17,+0.04,35,
5275,松田淳平,A1,三重,24,131,6.60,239,,,,,○,,,,,,47,14.9,46,17.4,28,3.6,3.2,71,29,12,10,12,6,2,0.13,1,0,0.13,0.13,+0.00,46,候補
3804,中渡修作,B1,福岡,52,77,4.96,239,,,,,,,,壁強●,,,44,2.3,44,4.5,37,0.0,-3.1,25,11,5,2,4,3,0,0.16,0,0,0.16,,,0,
4210,松村康太,A2,福井,43,91,5.30,239,,,,,○,,,,,,50,6.0,39,5.1,37,0.0,-2.5,31,19,2,1,3,6,0,0.16,1,0,0.16,0.18,+0.01,24,
4427,秦英悟,A1,大阪,40,100,7.27,239,,,,,○,,○,,,,44,20.5,45,15.6,35,2.9,7.2,78,40,6,8,16,8,0,0.13,0,0,0.13,,,0,
4086,寺本重宣,A2,東京,46,87,5.97,239,,,,,,,,,,,39,10.3,47,4.3,41,2.4,0.8,45,24,5,8,6,2,0,0.14,0,0,0.14,,,0,
3813,佐藤大介,A1,愛知,50,77,6.55,239,,,,,,○,,,,,36,5.6,41,4.9,31,0.0,-5.2,63,36,8,3,10,6,0,0.17,1,0,0.16,0.18,+0.02,18,
3505,山田竜一,A2,東京,55,67,5.24,239,,,,,,,,,,,42,2.4,40,2.5,38,0.0,-3.0,37,23,6,3,2,3,0,0.14,0,0,0.14,,,0,
4182,吉田和仁,B1,滋賀,42,90,4.70,239,,,,,,,,,,,52,5.8,45,2.2,35,0.0,-0.5,26,13,5,4,3,1,0,0.18,0,0,0.18,,,0,
4930,佐藤悠,A2,福井,30,118,6.12,239,,,,,○,,,,,,42,19.0,54,5.6,42,4.8,7.3,45,21,4,17,2,1,0,0.15,1,1,0.15,0.15,-0.00,102,候補
4488,小山勉,A1,埼玉,40,102,6.56,239,,,,,○,,,,,,34,17.6,43,11.6,39,2.6,3.3,67,37,7,9,10,3,1,0.17,1,0,0.17,0.13,-0.04,9,
4403,木下大將,A2,福岡,41,99,6.62,239,,,,,,,,壁弱●,●,,48,10.4,42,4.8,31,0.0,-0.2,54,27,11,8,4,3,1,0.14,1,0,0.14,,,0,
4345,西舘健,A2,東京,41,96,5.47,239,,,,,,,,,,,40,5.0,40,2.5,44,0.0,-1.1,37,23,3,4,4,3,0,0.15,2,0,0.15,0.17,+0.02,19,
3572,安田政彦,B1,兵庫,54,70,5.23,239,,,,,,,,,,,54,5.6,46,0.0,26,0.0,-0.7,29,19,4,4,2,0,0,0.19,1,0,0.19,0.21,+0.02,11,
4584,村岡賢人,A1,岡山,36,105,6.51,238,,,,,○,○,,,,,42,4.8,42,11.9,41,2.4,-6.0,54,32,5,5,9,3,0,0.12,2,0,0.11,0.13,+0.02,119,
5042,畑田汰一,A1,埼玉,27,122,6.61,238,,,,,○,,,,,,52,13.5,44,13.6,29,6.9,2.1,61,30,8,7,14,2,0,0.12,3,0,0.12,0.13,+0.01,92,
3874,山本寛久,A2,岡山,50,79,7.11,238,,,,,○,,,壁強●,,,47,14.9,37,18.9,38,5.3,1.5,64,31,5,5,14,9,0,0.16,1,0,0.15,0.17,+0.03,109,
4580,長谷川雅,B1,岡山,37,105,6.03,238,,,,,○,,,,,,44,6.8,44,6.8,46,2.2,-1.8,45,25,5,7,5,1,2,0.16,1,0,0.16,0.17,+0.01,18,
3872,岡田憲行,A2,大阪,50,79,5.86,238,,,,,○,,,,,,43,14.0,33,12.1,38,0.0,3.5,49,32,2,10,4,1,0,0.19,0,0,0.19,,,0,
4053,芦澤望,A2,東京,48,86,5.36,238,,,,,,,,,,,47,4.3,33,3.0,37,0.0,-3.7,45,25,7,9,3,1,0,0.16,1,0,0.16,0.18,+0.02,67,
5238,笹木香吾,A2,山口,26,130,5.98,237,,,,,○,,,,,,37,16.2,43,11.6,44,6.8,5.0,59,22,7,21,7,2,0,0.15,2,0,0.14,0.17,+0.03,59,
3978,齊藤仁,A2,東京,49,83,6.12,237,,,,,,,,,,,41,12.2,43,4.7,42,0.0,2.2,50,31,6,6,4,3,0,0.16,2,0,0.15,0.16,+0.01,166,
4703,森永隆,A1,山口,38,110,6.60,237,,,,,○,,,,,,49,14.3,47,6.4,28,3.6,3.9,61,32,3,14,10,1,1,0.15,1,1,0.14,0.16,+0.02,94,
3944,山口裕二,A1,長崎,47,81,6.03,237,,,,,,,,,,,53,9.4,39,2.6,32,3.1,-1.0,47,27,4,1,9,6,0,0.17,2,0,0.17,0.19,+0.03,51,
4434,田中辰彦,A2,広島,40,100,6.19,237,,,,,,,,,,,43,9.3,42,4.8,33,0.0,-1.1,61,34,11,3,7,5,1,0.16,0,0,0.16,,,0,
5055,眞鳥章太,A2,長崎,30,123,5.79,237,,,,,○,,,,,,50,12.0,38,7.9,42,4.8,2.2,56,24,10,7,8,5,2,0.15,1,0,0.15,0.17,+0.02,39,
4146,柳橋宏紀,A2,滋賀,44,89,4.94,237,,,,,○,,,,,,42,7.1,42,7.1,41,2.4,0.5,37,20,4,1,9,1,2,0.15,0,0,0.15,,,0,
4950,高岡竜也,A1,山口,33,119,6.40,237,,,,,○,,,,,,40,15.0,51,5.9,34,0.0,4.2,66,35,5,13,6,6,1,0.16,0,0,0.16,,,0,
5036,福田翔吾,B1,大阪,28,122,5.64,237,,,,,,,,,,,54,13.0,45,0.0,38,5.3,5.1,34,10,7,5,7,4,1,0.16,0,0,0.16,,,0,
5252,荒木颯斗,A2,愛知,23,130,5.89,237,,,,,,,,,,,38,15.8,40,2.5,36,5.6,4.7,47,19,6,11,6,4,1,0.14,0,0,0.14,,,0,
4188,久田敏之,A1,群馬,45,91,7.88,236,,,,,○,,○,,,,45,31.1,47,19.1,31,9.7,11.9,88,42,11,15,15,5,0,0.12,1,0,0.12,0.12,+0.00,10,候補
4808,松尾拓,A2,三重,38,114,6.40,236,,,,,○,,,壁強●,,,50,14.0,49,12.2,38,0.0,2.5,52,28,2,12,6,4,0,0.16,1,0,0.16,0.17,+0.00,47,候補
4243,西村歩,B1,大阪,40,92,5.67,236,,,,,○,,,壁弱●,,,40,7.5,39,10.3,40,0.0,-1.2,43,22,5,3,9,3,1,0.18,2,0,0.15,0.20,+0.04,118,
3435,寺田千恵,A2,岡山,57,65,6.49,236,,,,,,○,,,,,49,2.0,40,2.5,32,0.0,-5.5,52,36,6,6,2,1,1,0.15,0,0,0.15,,,0,
4330,奈須啓太,A2,福岡,43,96,5.98,236,,,,,,,,,,,48,16.7,44,2.3,32,3.1,5.7,52,29,2,14,5,2,0,0.13,0,0,0.13,,,0,
3934,鋤柄貴俊,B1,愛知,49,81,5.03,236,,,,,,,,,,,53,3.8,48,4.2,32,0.0,-2.1,23,10,4,1,3,5,0,0.16,0,0,0.16,,,0,
3319,山崎義明,A2,埼玉,59,61,5.73,236,,,,,,,,,,,50,12.0,46,0.0,35,0.0,2.2,29,15,4,6,1,3,0,0.16,0,0,0.16,,,0,
4077,品田直樹,A2,東京,47,87,5.32,236,,,,,,,,壁弱●,,,38,2.6,51,2.0,41,0.0,-2.8,46,17,9,10,1,7,2,0.18,0,0,0.18,,,0,
4522,古澤光紀,A2,福岡,38,103,6.34,236,,,,,,,,,,,37,8.1,37,0.0,38,0.0,-0.8,54,38,6,4,0,6,0,0.15,0,0,0.15,,,0,
5004,河野主樹,A2,大阪,30,121,5.74,235,,,,,,,,壁強●,,,41,7.3,44,4.5,43,2.3,-1.4,34,18,5,5,5,1,0,0.15,1,0,0.15,0.19,+0.04,15,
4478,櫻本あゆ,A1,群馬,38,101,5.95,235,,,,,○,,,,,,40,12.5,41,7.3,39,0.0,2.4,56,31,3,8,11,1,2,0.15,0,0,0.15,,,0,
4191,赤羽克也,A1,埼玉,45,91,6.52,235,,,,,,,,,,,43,7.0,42,4.8,30,0.0,-2.8,60,28,9,8,9,6,0,0.16,0,0,0.16,,,0,
4686,丸野一樹,A1,滋賀,35,109,7.94,235,,,,,,,,壁弱●,,,37,5.4,45,4.4,38,5.3,-3.8,62,33,9,6,10,4,0,0.13,0,0,0.13,,,0,
4598,加藤政彦,B1,東京,42,106,6.09,235,,,,,○,,,,,,46,4.3,43,14.0,42,2.4,-3.7,47,23,5,8,7,3,1,0.15,1,0,0.14,0.17,+0.03,70,
4562,阪本勇介,B1,岡山,38,105,4.77,235,,,,,,,,,,,47,8.5,49,2.0,39,0.0,3.2,12,6,0,5,0,1,0,0.19,0,0,0.19,,,0,
4463,三苫晃幸,A2,福岡,40,101,6.28,235,,,,,,,,,,,48,8.3,42,2.4,31,3.2,-0.7,39,19,6,0,13,1,0,0.16,0,0,0.16,,,0,
4081,樋口範政,B1,愛知,47,87,5.25,234,,,,,,,,,,,48,4.2,44,2.3,35,0.0,-1.7,25,12,3,4,4,1,1,0.18,0,0,0.18,,,0,
4572,渡部悟,B1,大阪,38,105,5.58,234,,,,,,,,,,,38,5.3,38,2.6,42,0.0,-2.8,38,25,2,4,5,2,0,0.15,1,0,0.14,0.17,+0.02,73,
3779,原田幸哉,A1,長崎,50,76,6.66,234,,,,,○,,,,,,47,14.9,33,12.1,34,0.0,6.4,63,39,3,11,6,2,2,0.11,2,0,0.12,0.11,-0.00,87,候補
3611,岩崎芳美,A2,徳島,54,71,6.05,234,,,,,○,,,,,,43,9.3,41,7.3,36,0.0,0.1,34,22,4,2,4,2,0,0.14,1,0,0.14,0.18,+0.04,3,
4587,木田峰由,A1,福井,35,105,5.77,234,,,,,○,,,,,,38,18.4,40,15.0,38,0.0,6.6,60,27,4,7,17,4,1,0.17,2,0,0.16,0.19,+0.03,37,
4470,平田健之,A2,三重,39,101,6.46,234,,,,,,,,,,,38,5.3,37,2.7,35,0.0,-3.9,47,27,8,7,3,2,0,0.14,1,0,0.14,0.19,+0.05,34,慎重型
4524,深谷知博,A1,静岡,38,103,6.69,234,,,,,,,,,,,44,4.5,53,0.0,30,3.3,-3.5,53,37,7,6,1,2,0,0.13,2,0,0.12,0.16,+0.04,52,
4099,吉永則雄,A2,大阪,47,88,5.68,234,,,,,,○,,,,,49,4.1,34,0.0,29,0.0,-5.1,48,32,8,4,1,3,0,0.16,0,0,0.16,,,0,
5213,湯淺紀香,B1,群馬,27,129,5.26,234,,,,,,,,,,,47,4.3,44,2.3,36,0.0,-1.7,37,19,3,8,1,4,2,0.19,1,0,0.18,0.21,+0.03,60,
3850,小川知行,B1,群馬,54,79,4.30,234,,,,,○,,,,,,44,4.5,50,6.0,32,3.1,-1.4,33,17,1,9,3,3,0,0.14,0,0,0.14,,,0,
4207,松下一也,A1,静岡,43,91,5.99,234,,,,,○,,○,,,,34,23.5,39,10.3,41,7.3,9.9,62,28,3,18,7,4,2,0.13,2,0,0.12,0.13,+0.00,58,候補
5002,上田健太,A2,愛知,30,121,5.58,233,,,,,○,,,壁強●,,,39,7.7,40,10.0,45,0.0,-1.1,51,29,8,6,8,0,0,0.16,2,0,0.16,0.18,+0.02,59,
4039,村上功祐,B1,大阪,47,85,5.84,233,,,,,○,,,,,,37,5.4,46,6.5,44,0.0,-2.7,27,15,3,3,3,3,0,0.15,0,0,0.15,,,0,
3957,大谷直弘,B1,愛知,49,82,4.84,233,,,,,,,,,,,38,5.3,57,3.5,33,0.0,-0.8,29,13,7,3,5,1,0,0.19,0,0,0.19,,,0,
4844,村上奈穂,B1,広島,33,115,3.91,233,,,,,,,,,,,42,2.4,45,2.2,31,0.0,-2.2,19,11,3,5,0,0,0,0.18,0,0,0.18,,,0,
4811,向井田佑,B1,広島,37,114,4.86,233,,,,,○,,,壁弱●,,,48,10.4,46,6.5,29,0.0,3.0,24,12,3,6,3,0,0,0.16,0,0,0.16,,,0,
3963,原田秀弥,A2,大阪,47,82,5.80,233,,,,,○,,,,,,35,5.7,46,15.2,39,0.0,-2.4,43,19,4,2,9,8,1,0.17,0,0,0.17,,,0,
3930,岸本隆,A2,岡山,50,81,5.11,232,,,,,,,,,,,48,14.6,43,2.3,36,0.0,6.2,42,24,3,8,6,1,0,0.15,1,0,0.15,0.22,+0.07,3,
4432,黄金井力,B1,埼玉,40,100,5.16,232,,,,,,,,,,,40,5.0,54,1.9,35,0.0,-1.1,26,19,0,4,2,1,0,0.15,0,0,0.15,,,0,
3900,香川素子,A2,滋賀,49,80,6.27,232,,,,,○,,,,,,40,7.5,44,6.8,34,2.9,-2.4,51,29,3,9,8,2,0,0.18,2,0,0.18,0.18,+0.01,79,
4593,小坂宗司,A2,大阪,45,106,5.97,232,,,,,,,,,,,43,7.0,47,0.0,35,0.0,-2.8,44,27,8,5,3,1,0,0.16,1,0,0.16,0.15,-0.01,25,候補
4151,下河誉史,B1,福岡,44,89,4.90,232,,,,,,,,,,,64,4.7,38,0.0,14,0.0,-3.7,32,18,7,2,2,3,0,0.19,0,0,0.19,,,0,
4407,鹿島敏弘,B1,群馬,40,99,4.66,232,,,,,,,,,,,45,4.4,43,0.0,36,0.0,-1.5,23,14,5,2,1,1,0,0.17,0,0,0.17,,,0,
4360,庄司孝輔,A2,静岡,41,97,5.67,232,,,,,○,,,,,,42,4.8,40,5.0,38,7.9,-3.3,40,16,5,8,4,7,0,0.17,0,0,0.17,,,0,
4574,東潤樹,A2,広島,37,105,5.10,231,,,,,,,,,,,45,4.4,46,4.3,35,0.0,-1.5,28,18,2,4,4,0,0,0.18,0,0,0.18,,,0,
4155,長野壮志,A2,福岡,45,90,6.15,231,,,,,○,,,,,,35,5.7,43,7.0,37,10.8,-3.5,51,25,7,4,11,3,1,0.15,0,0,0.15,,,0,
4150,山田雄太,A2,静岡,44,89,5.82,231,,,,,○,,,,,,39,10.3,40,5.0,41,0.0,0.8,52,23,6,11,4,8,0,0.14,0,0,0.14,,,0,
3981,今坂晃広,B1,静岡,48,83,4.13,231,,,,,○,,,,,,49,8.2,46,6.5,43,0.0,3.0,30,17,2,4,7,0,0,0.19,0,0,0.19,,,0,
4886,入海馨,A2,岡山,30,116,6.28,231,,,,,○,,,,,,41,9.8,41,7.3,43,0.0,-0.7,47,23,7,6,5,6,0,0.15,1,0,0.14,0.17,+0.02,24,
4119,泥谷一毅,B1,大阪,45,88,5.88,231,,,,,,,,,,,51,5.9,45,4.4,26,0.0,-2.6,37,21,7,7,1,1,0,0.17,1,0,0.16,0.20,+0.03,78,
3942,寺田祥,A1,山口,47,81,6.94,231,,,,,○,,,,,,46,8.7,43,14.0,19,0.0,-3.2,58,34,5,5,9,5,0,0.14,0,0,0.14,,,0,
4754,松尾充,A2,三重,38,112,6.44,231,,,,,○,,,,,,44,13.6,42,14.3,37,2.7,3.3,56,28,6,9,8,4,1,0.15,1,0,0.15,,,0,
4914,吉田裕平,A1,愛知,29,117,7.35,231,,,,,○,,,,,,49,14.3,47,10.6,36,5.6,2.7,63,36,5,7,10,4,1,0.12,1,0,0.12,0.14,+0.02,69,
4227,安達裕樹,A2,三重,43,92,5.82,231,,,,,,,,壁強●,,,45,11.1,43,4.7,33,0.0,1.4,45,27,3,6,6,3,0,0.16,1,0,0.15,0.16,+0.00,34,候補
4209,藤田竜弘,A2,静岡,43,91,6.16,231,,,,,○,○,,,,,37,0.0,50,6.0,35,0.0,-6.5,37,19,5,3,5,5,0,0.17,0,0,0.17,,,0,
4506,稗田聖也,A1,福岡,38,102,6.13,231,,,,,○,,,,,,43,9.3,45,8.9,36,0.0,-1.1,61,29,11,10,6,5,0,0.13,0,0,0.13,,,0,
4654,篠田優也,A1,兵庫,40,108,6.45,231,,,,,○,○,,,,,49,4.1,36,5.6,34,0.0,-5.1,54,33,6,3,9,3,0,0.16,0,0,0.16,,,0,
4331,三好勇人,A2,香川,42,96,5.95,231,,,,,,,,,,,47,6.4,52,1.9,27,0.0,-2.1,52,32,10,5,3,2,0,0.15,0,0,0.15,,,0,
5163,清水愛海,A1,山口,26,127,6.52,231,,,,,○,,,,,,43,11.6,33,18.2,44,4.5,0.7,59,33,4,6,12,4,0,0.17,2,0,0.16,0.18,+0.03,79,
4928,栗城匠,A1,東京,31,118,6.60,231,,,,,○,,○,,,,47,23.4,32,21.9,33,6.1,9.6,72,30,9,14,17,2,0,0.15,0,0,0.15,,,0,
4966,田川大貴,B1,長崎,28,119,5.13,230,,,,,,,,,,,37,8.1,48,4.2,45,0.0,1.2,43,22,5,5,5,6,0,0.16,2,0,0.15,0.19,+0.04,48,
4509,平見真彦,A2,愛知,37,102,6.27,230,,,,,,,,,,,39,10.3,44,2.3,42,0.0,0.8,41,24,5,2,7,3,0,0.18,1,0,0.18,0.17,-0.01,3,
4361,柳生泰二,A1,山口,41,97,7.50,230,,,,,○,,○,,,,45,20.0,37,10.8,36,5.6,3.5,84,48,9,15,8,4,0,0.14,2,0,0.14,0.16,+0.01,28,
4890,石川諒,A2,山口,37,117,6.01,230,,,,,○,,,,,,44,6.8,41,12.2,40,2.5,-1.8,45,17,5,8,8,7,0,0.13,1,0,0.13,0.18,+0.05,1,
4553,坪口竜也,A2,長崎,37,104,5.96,230,,,,,,,,,,,46,6.5,40,0.0,31,6.5,-2.0,45,28,7,2,5,2,1,0.16,0,0,0.16,,,0,
4520,高倉孝太,A2,福井,39,103,5.77,230,,,,,○,,,,,,44,18.2,43,9.3,33,9.1,6.7,47,15,3,15,7,4,3,0.14,1,0,0.14,0.18,+0.04,11,
4108,吉村正明,A1,山口,46,88,5.90,230,,,,,○,,,,,,45,4.4,48,6.2,33,0.0,-3.6,54,30,8,7,5,4,0,0.14,0,0,0.14,,,0,
4314,青木幸太,A2,福岡,42,95,5.88,230,,,,,,○,,,,,40,2.5,42,4.8,40,7.5,-4.9,48,30,1,7,5,5,0,0.15,2,0,0.14,0.18,+0.04,62,
5299,西丸敦基,A2,香川,24,132,6.07,230,,,,,,,,,,,47,12.8,45,2.2,40,0.0,2.7,44,22,6,7,6,3,0,0.15,0,0,0.15,,,0,
5109,川崎智稔,B1,岡山,27,125,4.65,229,,,,,,,,,,,43,4.7,39,2.6,42,0.0,-1.3,24,10,2,11,1,0,0,0.14,1,0,0.14,0.14,-0.00,7,
3951,石川吉鎬,B1,大阪,50,82,5.10,229,,,,,○,,,,,,46,6.5,48,6.2,29,0.0,0.0,36,14,9,3,5,4,1,0.20,2,0,0.19,0.20,+0.02,130,
4825,倉持莉々,A1,東京,32,114,7.05,229,,,,,○,,○,,,,39,20.5,46,8.7,29,0.0,5.5,64,32,8,10,10,4,0,0.13,1,0,0.13,0.14,+0.01,96,
4466,南佑典,A2,三重,40,101,5.67,229,,,,,,,,,,,42,7.1,40,0.0,34,0.0,-1.5,38,24,7,1,6,0,0,0.17,1,0,0.16,0.20,+0.04,56,
4566,塩田北斗,A1,福岡,38,105,6.84,229,,,,,○,○,,,,,45,2.2,49,6.1,33,3.0,-5.2,51,32,6,4,8,1,0,0.14,1,0,0.14,0.14,-0.01,53,候補
4365,盛本真輔,A2,兵庫,40,97,5.94,229,,,,,○,,,,,,44,13.6,39,5.1,38,0.0,3.3,49,23,6,17,1,1,1,0.17,0,0,0.17,,,0,
4356,長岡良也,A2,兵庫,42,97,5.71,229,,,,,,,,,,,52,11.5,45,4.4,26,3.8,0.6,54,31,4,5,11,3,0,0.16,2,0,0.15,0.20,+0.05,57,慎重型
3499,市川哲也,A1,広島,57,67,5.59,229,,,,,,○,,,,,45,0.0,36,2.8,29,0.0,-6.9,54,34,7,2,6,5,0,0.14,2,0,0.14,0.16,+0.03,53,
5166,仲道大輔,A2,愛知,26,127,6.18,229,,,,,,,,,,,41,7.3,47,4.3,38,0.0,-2.5,58,30,8,10,5,5,0,0.16,1,0,0.16,0.16,-0.00,40,候補
5330,安河内鈴,A2,福岡,22,133,6.79,229,,,,,○,,,,,,46,10.9,39,15.4,38,5.3,0.1,62,32,4,10,10,5,1,0.15,0,0,0.15,,,0,
4711,前出達吉,A2,福井,36,110,6.17,229,,,,,○,,,,,,39,12.8,56,7.1,35,0.0,2.6,44,19,4,7,9,5,0,0.15,0,0,0.15,,,0,
4305,金子拓矢,A1,群馬,42,95,6.81,229,,,,,○,,,,,,36,16.7,40,15.0,40,10.0,1.0,87,41,13,15,12,6,0,0.15,1,0,0.14,0.17,+0.03,31,
5247,大森翼,B1,兵庫,24,130,4.42,228,,,,,,○,,,,,41,0.0,40,2.5,38,0.0,-4.7,15,7,5,1,2,0,0,0.17,1,0,0.17,0.17,+0.00,5,
5161,登玉隼百,A2,兵庫,27,127,5.92,228,,,,,○,,,,,,49,18.4,34,8.8,47,0.0,7.0,48,29,3,12,3,0,1,0.14,1,0,0.15,0.14,-0.00,80,候補
4276,鈴木勝博,A2,愛知,43,94,5.65,228,,,,,○,,,,,,43,16.3,44,13.6,37,2.7,5.3,61,25,8,16,7,4,1,0.16,0,0,0.16,,,0,
3826,村田修次,A2,東京,53,78,6.38,228,,,,,○,○,,,,,35,0.0,47,6.4,27,0.0,-7.5,40,24,5,3,4,4,0,0.15,1,0,0.15,0.15,+0.01,101,
4394,永嶋裕一,A2,福岡,40,98,5.91,228,,,,,○,,,,,,49,6.1,39,7.7,34,0.0,-3.5,41,21,8,4,7,1,0,0.14,0,0,0.14,,,0,
4100,松田隆司,B1,福岡,47,88,4.71,228,,,,,,,,壁強●,,,50,18.0,39,2.6,33,0.0,8.8,34,18,2,5,8,1,0,0.16,0,0,0.16,,,0,
4532,秋元哲,A1,埼玉,37,103,6.83,228,,,,,○,,,,●,,45,11.1,36,8.3,27,3.7,-1.4,68,37,10,9,7,5,0,0.13,1,0,0.13,0.14,+0.01,54,
3662,大庭元明,B1,福岡,56,73,4.96,228,,,,,○,,,,,,42,7.1,37,5.4,49,2.0,-1.5,43,20,2,11,6,4,0,0.16,1,0,0.16,0.17,+0.01,28,
3564,桑原啓,B1,福岡,56,70,4.15,228,,,,,,,,,,,53,7.5,52,1.9,26,3.8,1.7,27,7,4,12,2,2,0,0.16,0,0,0.16,,,0,
3737,上平真二,A1,広島,52,75,6.97,228,,,,,○,○,,,,,40,2.5,36,5.6,30,3.3,-7.6,64,34,9,9,6,5,1,0.16,0,0,0.16,,,0,
5178,成貞琳平,B1,愛知,30,128,4.19,227,,,,,,,,,,,48,2.1,41,0.0,37,0.0,-1.7,16,10,4,0,1,1,0,0.19,0,0,0.19,,,0,
5141,大澤風葵,A1,群馬,25,126,6.55,227,,,,,○,,,,,,41,17.1,44,11.4,29,6.9,4.6,60,27,5,11,12,5,0,0.14,3,0,0.13,0.16,+0.03,72,
4573,佐藤翼,A1,埼玉,37,105,6.82,227,,,,,○,,,,,,42,11.9,40,7.5,43,0.0,2.0,51,30,2,8,6,5,0,0.14,1,0,0.13,0.15,+0.02,65,
4144,石塚久也,A2,埼玉,45,89,6.27,227,,,,,,,,,,,40,7.5,44,4.5,33,0.0,-2.4,41,24,5,5,1,5,1,0.17,0,0,0.17,,,0,
4603,谷川将太,B1,長崎,38,106,6.10,227,,,,,○,○,,,,,42,2.4,41,12.2,39,0.0,-5.0,40,25,5,4,5,1,0,0.16,1,0,0.16,0.17,+0.02,21,
3956,横澤剛治,A2,静岡,49,82,5.88,227,,,,,,,,,,,42,9.5,50,4.0,28,3.6,0.2,49,25,5,9,6,2,2,0.17,0,1,0.16,0.17,+0.01,87,
5125,高井雄基,A2,愛知,30,126,4.86,227,,,,,○,,,,,,33,9.1,44,11.4,42,0.0,1.8,46,28,4,5,6,3,0,0.18,2,0,0.17,0.19,+0.03,150,
5139,大場恒季,A1,愛知,26,126,6.69,227,,,,,○,,,,●,,39,10.3,39,5.1,26,11.5,-0.3,62,27,17,2,12,4,0,0.16,2,0,0.15,0.17,+0.02,89,
4096,石橋道友,A1,長崎,44,87,6.56,226,,,,,○,○,,,,,40,5.0,40,7.5,33,3.0,-4.2,64,39,11,5,5,4,0,0.15,1,0,0.15,0.15,+0.01,85,
4173,岡谷健吾,B1,広島,43,90,5.39,226,,,,,,,,,,,48,4.2,49,0.0,30,0.0,-1.8,32,20,3,2,5,2,0,0.17,0,0,0.17,,,0,
3968,茶谷信次,A2,滋賀,50,83,4.99,226,,,,,,,,,,,37,8.1,40,2.5,40,0.0,-0.8,41,21,7,4,5,4,0,0.17,1,0,0.17,0.23,+0.06,21,慎重型
4253,西川真人,B1,滋賀,43,93,4.45,226,,,,,,,,,,○,52,1.9,47,0.0,25,0.0,-1.8,17,12,2,0,0,3,0,0.18,0,0,0.18,,,0,
3703,鳥飼眞,A2,福岡,52,74,5.96,226,,,,,,,,,,,43,7.0,32,3.1,13,0.0,-1.6,44,20,3,3,7,10,1,0.18,1,0,0.17,0.26,+0.09,8,
3730,塩崎優司,B1,愛知,54,75,3.81,226,,,,,,,,,,,42,4.8,44,2.3,31,0.0,-0.4,23,15,1,4,1,2,0,0.17,0,0,0.17,,,0,
5236,小宮涼雅,B1,広島,27,130,4.55,226,,,,,,,,,,,51,7.8,41,0.0,55,0.0,1.9,15,6,0,5,1,3,0,0.17,0,0,0.17,,,0,
4161,黒柳浩孝,B1,愛知,44,90,5.40,226,,,,,,,,,,,41,9.8,42,2.4,37,0.0,0.4,32,18,3,2,5,4,0,0.16,0,0,0.16,,,0,
4180,上野秀和,A2,福岡,43,90,5.30,226,,,,,○,,,,,,43,9.3,47,6.4,34,2.9,0.1,40,20,7,5,6,2,0,0.16,0,0,0.16,,,0,
5282,中本大樹,B1,福井,23,131,5.33,226,,,,,○,,,,,,39,5.1,51,5.9,33,0.0,-0.9,34,15,5,12,1,1,0,0.16,0,0,0.16,,,0,
4571,菅章哉,A1,徳島,38,105,6.33,225,,,,,○,,○,,,,24,54.2,32,37.5,80,12.5,27.7,79,21,4,46,6,2,0,0.14,2,0,0.14,0.15,+0.01,35,
4347,魚谷香織,A2,福岡,41,96,6.06,225,,,,,○,,,壁強●,,,36,5.6,40,7.5,36,0.0,-2.6,45,27,3,12,1,2,0,0.17,0,0,0.17,,,0,
3933,山地正樹,B1,岡山,50,81,6.12,225,,,,,,○,,壁弱●,,,19,0.0,1,0.0,0,,-5.1,35,11,13,2,4,5,0,0.17,0,0,0.17,,,0,
3680,森林太,B1,長崎,53,73,4.24,225,,,,,,,,,,,44,4.5,36,2.8,36,0.0,0.2,16,4,1,7,3,1,0,0.20,0,0,0.20,,,0,
3502,渡邉英児,A2,静岡,57,67,5.69,225,,,,,,,,,,,49,4.1,53,1.9,10,0.0,-3.9,30,17,2,9,2,0,0,0.16,0,0,0.16,,,0,
4518,大須賀友,A1,愛知,39,103,6.40,225,,,,,○,,○,,,,36,25.0,41,12.2,34,0.0,8.5,73,36,5,15,14,2,1,0.17,2,0,0.17,0.19,+0.03,47,
4925,森悠稀,A2,兵庫,33,118,5.81,225,,,,,○,,,,,,46,17.4,40,7.5,37,2.7,6.2,40,22,0,8,10,0,0,0.14,1,0,0.13,0.16,+0.03,89,
4035,杉江浩明,B1,愛知,47,85,3.59,225,,,,,,,,,,,38,5.3,54,3.7,32,0.0,1.8,20,7,3,4,4,2,0,0.21,0,0,0.21,,,0,
4489,岩川仁士,B1,大阪,39,102,4.97,225,,,,,○,,,,,,46,6.5,47,6.4,34,0.0,0.0,34,17,7,5,4,1,0,0.15,0,0,0.15,,,0,
5217,藤原碧生,A1,岡山,26,129,5.59,225,,,,,○,,,,,,32,15.6,38,10.5,45,2.2,4.4,43,23,4,6,5,4,1,0.16,2,0,0.15,0.20,+0.06,63,慎重型
3922,菅沼佳昭,B1,愛知,51,81,3.63,224,,,,,,,,壁強●,,,43,0.0,50,0.0,24,0.0,-2.1,17,9,3,0,2,1,2,0.19,0,0,0.19,,,0,
3977,山本兼士,B1,大阪,49,83,4.30,224,,,,,○,,,,,,52,3.8,39,5.1,36,5.6,-1.2,24,9,6,8,1,0,0,0.17,0,0,0.17,,,0,
5009,大賀龍之,A2,福岡,29,121,5.51,224,,,,,,,,,,,33,3.0,40,2.5,39,0.0,-2.4,38,17,6,7,6,2,0,0.17,1,0,0.16,0.20,+0.04,41,
4505,島田賢人,A1,埼玉,38,102,6.60,224,,,,,○,,○,,,,45,20.0,42,7.1,35,0.0,6.9,62,32,4,11,6,9,0,0.15,1,0,0.14,0.17,+0.02,49,
4847,佐藤隆太,A1,東京,32,115,6.85,224,,,,,○,,,,,,39,10.3,38,7.9,42,0.0,0.8,53,31,3,7,6,5,1,0.14,1,0,0.14,,,0,
4523,中村辰也,A2,長崎,38,103,5.64,224,,,,,,○,,,,,42,0.0,41,0.0,34,2.9,-6.8,31,22,2,4,1,1,1,0.15,0,0,0.15,,,0,
4989,石原翼,A2,静岡,29,120,6.00,224,,,,,○,,,,,,46,8.7,33,6.1,45,0.0,-0.4,54,28,6,12,7,0,1,0.15,1,0,0.15,0.16,+0.01,22,
3973,崎利仁,B1,群馬,50,83,4.61,224,,,,,,,,,,,42,2.4,41,2.4,37,2.7,-2.2,19,8,3,2,4,2,0,0.20,0,0,0.20,,,0,
4111,奥田誠,A2,広島,46,88,5.66,224,,,,,,,,,,,43,4.7,41,4.9,32,0.0,-3.4,34,18,3,9,2,2,0,0.16,0,0,0.16,,,0,
4550,石岡将太,A2,群馬,37,104,5.03,224,,,,,,,,,,,42,4.8,44,0.0,27,3.7,-1.3,28,15,6,5,2,0,0,0.16,0,0,0.16,,,0,
4823,中村桃佳,A2,香川,33,114,6.87,224,,,,,,,,,,,36,19.4,37,2.7,36,5.6,6.1,66,28,8,13,8,8,1,0.14,1,0,0.14,0.16,+0.02,31,
4402,乙藤智史,A2,福岡,41,99,6.25,224,,,,,○,,,,,,35,17.1,41,7.3,39,5.1,5.6,53,30,2,8,7,6,0,0.16,0,0,0.16,,,0,
5177,松井貫太,B1,福岡,30,128,4.49,224,,,,,,,,,,,42,0.0,48,0.0,32,0.0,-3.2,13,6,2,0,1,2,2,0.20,1,0,0.20,0.21,+0.01,18,
3614,谷勝幸,B1,広島,53,71,4.28,224,,,,,,,,,,,44,2.3,50,4.0,28,0.0,-1.5,16,6,2,6,1,1,0,0.17,0,0,0.17,,,0,
4485,楠原正剛,B1,福岡,40,102,4.91,224,,,,,,,,,,,44,6.8,44,4.5,30,3.3,0.2,32,14,4,6,5,3,0,0.16,2,0,0.16,0.16,+0.00,76,候補
3606,川北浩貴,B1,滋賀,54,71,5.57,224,,,,,,,,,,,43,4.7,45,4.4,33,0.0,-3.4,31,13,5,8,4,1,0,0.16,0,0,0.16,,,0,
5073,上原健次,A2,福岡,31,124,5.33,223,,,,,,,,,●,,33,9.1,42,0.0,39,0.0,1.8,37,20,11,3,2,1,0,0.18,0,0,0.18,,,0,
3455,谷本幸司,B1,愛知,55,65,4.67,223,,,,,,○,,,,,45,0.0,38,0.0,37,0.0,-4.8,30,15,8,2,2,3,0,0.17,1,0,0.17,0.11,-0.06,7,
4876,梅木敬太,B1,福井,32,116,4.82,223,,,,,,,,壁強●,,,46,6.5,36,0.0,42,0.0,0.1,28,14,2,3,2,7,0,0.16,0,0,0.16,,,0,
4240,今井裕梨,A2,群馬,42,92,5.50,223,,,,,○,,,,,,38,10.5,39,5.1,37,2.7,1.0,43,23,7,7,3,3,0,0.15,1,0,0.14,0.17,+0.03,42,
4561,藤山翔大,A2,大阪,35,104,5.71,223,,,,,○,,○,壁弱●,,,53,32.1,29,10.3,23,4.3,17.8,71,24,2,39,3,2,1,0.19,3,0,0.18,0.23,+0.05,57,慎重型
5102,原田雄次,B1,福岡,28,125,5.57,223,,,,,,○,,,,,41,0.0,44,2.3,38,2.6,-4.8,32,16,1,6,8,0,1,0.19,2,0,0.17,0.22,+0.04,82,
4396,大田直弥,B1,山口,40,98,4.79,223,,,,,,,,,,,48,4.2,41,2.4,36,2.8,-1.8,26,12,4,1,6,3,0,0.19,0,0,0.19,,,0,
4594,谷川祐一,B1,滋賀,44,106,6.27,223,,,,,○,,,,,,54,16.7,49,6.1,17,0.0,5.8,49,28,4,8,6,2,1,0.16,2,0,0.15,0.17,+0.02,89,
4014,片岡恵里,A2,山口,46,84,5.60,223,,,,,,,,,,,40,7.5,39,0.0,33,0.0,-1.2,46,30,1,7,3,4,1,0.17,1,0,0.17,0.18,+0.01,34,
4142,平野和明,A2,愛知,45,89,5.63,223,,,,,,○,,,,,44,0.0,40,2.5,29,0.0,-6.9,31,19,5,4,2,1,0,0.18,0,0,0.18,,,0,
4251,川崎誠志,B1,山口,43,93,4.60,223,,,,,○,,,,,,32,3.1,50,6.0,43,0.0,-1.5,26,9,8,1,6,2,0,0.21,0,0,0.21,,,0,
5325,澁川夏,B1,大阪,23,133,5.95,222,,,,,,,,,,,46,4.3,42,2.4,48,0.0,-1.6,26,13,2,6,2,3,0,0.16,2,0,0.15,0.18,+0.03,40,
4894,原村拓也,B1,香川,35,117,4.40,222,,,,,,,,,,,55,3.6,41,2.4,34,0.0,-2.2,21,14,2,1,1,2,1,0.19,0,0,0.19,,,0,
4346,前田健太,B1,福岡,41,96,4.40,222,,,,,,,,,,,37,8.1,44,2.3,45,0.0,2.0,33,13,5,5,3,7,0,0.17,1,0,0.17,0.16,-0.01,24,候補
4450,平高奈菜,A2,香川,39,100,6.63,222,,,,,○,,,,,,38,5.3,44,15.9,38,0.0,-3.9,52,24,9,4,9,5,1,0.16,2,0,0.16,0.16,+0.00,61,候補
4933,板橋侑我,A2,静岡,30,118,6.38,222,,,,,○,,,,,,39,10.3,38,7.9,35,2.9,0.8,46,32,3,5,6,0,0,0.14,2,0,0.13,0.17,+0.04,36,
4974,安井瑞紀,A2,岡山,33,120,5.27,222,,,,,○,,○,,,,46,23.9,35,11.4,39,0.0,11.1,47,18,2,19,5,3,0,0.17,2,0,0.16,0.18,+0.02,162,
4456,鎌倉涼,A1,大阪,37,100,6.30,222,,,,,,○,,,,,42,4.8,38,2.6,31,0.0,-4.4,61,40,7,4,5,5,0,0.16,1,0,0.16,0.18,+0.02,39,
4205,山口剛,A1,広島,44,91,7.83,222,,,,,○,,,,,,39,10.3,38,13.2,36,2.8,-0.3,68,38,9,3,13,5,0,0.13,1,0,0.13,0.14,+0.01,60,
4528,黒井達矢,A1,埼玉,38,103,6.73,222,,,,,○,,,,,,40,7.5,48,10.4,33,9.1,-2.4,55,33,4,11,6,1,0,0.16,2,0,0.15,0.17,+0.02,68,
4979,中野夢斗,B1,愛知,30,120,4.91,222,,,,,,,,,,,42,14.3,42,2.4,34,0.0,5.7,30,19,1,7,1,2,0,0.16,0,0,0.16,,,0,
3906,飯山晃三,B1,長崎,48,80,3.89,222,,,,,,,,壁強●,,,39,2.6,44,2.3,33,0.0,-1.3,17,10,4,2,1,0,0,0.20,1,0,0.20,0.21,+0.02,33,
4318,桑原将光,A2,東京,42,95,5.05,222,,,,,,○,,,,,44,0.0,37,0.0,42,2.4,-6.9,32,17,6,2,1,4,2,0.16,1,0,0.16,0.17,+0.02,38,
4383,竹田吉行,A2,徳島,41,98,5.46,222,,,,,,,,,,,44,13.6,41,2.4,34,0.0,3.3,34,18,2,9,3,2,0,0.17,2,0,0.17,0.19,+0.02,74,
3539,金子順一,B1,山口,58,69,4.53,222,,,,,,,,,,,55,3.6,33,0.0,18,0.0,-0.5,16,9,3,2,2,0,0,0.18,0,0,0.18,,,0,
5157,市川健太,B1,滋賀,28,127,4.24,222,,,,,○,,,,,,40,7.5,44,6.8,40,0.0,1.6,33,18,6,3,5,1,0,0.17,1,0,0.16,0.18,+0.02,54,
4842,山下昂大,A2,岡山,34,115,5.89,222,,,,,○,,,,,,46,4.3,31,12.9,45,2.2,-3.7,45,23,6,5,7,4,0,0.16,1,0,0.16,0.17,+0.01,60,
3527,中嶋誠一,B1,長崎,55,68,5.26,222,,,,,,,,,,,40,2.5,46,2.2,32,0.0,-2.9,29,15,7,1,3,3,0,0.16,1,0,0.16,0.18,+0.01,16,
5035,櫻井優,A2,埼玉,28,122,5.45,222,,,,,○,,,,,,47,8.5,42,9.5,35,2.9,-0.5,39,12,7,12,6,2,0,0.17,0,0,0.17,,,0,
5038,金田智博,A2,福井,28,122,6.49,221,,,,,○,,,壁強●,,,38,18.4,38,10.5,37,8.1,5.5,62,30,11,9,9,2,1,0.15,0,0,0.15,,,0,
3690,河合三弘,B1,愛知,55,74,4.71,221,,,,,,,,,,,39,2.6,43,2.3,41,0.0,-2.0,24,10,5,5,2,2,0,0.19,0,0,0.19,,,0,
3848,川上聡介,B1,愛知,49,78,4.46,221,,,,,,,,,,,37,5.4,44,4.5,49,2.0,-0.7,21,12,1,3,2,3,0,0.15,1,0,0.15,0.19,+0.04,2,
4991,宗行治哉,A1,広島,29,120,6.49,221,,,,,○,○,,,,,41,4.9,39,12.8,32,0.0,-4.3,51,27,9,5,8,2,0,0.17,0,0,0.17,,,0,
4009,小林一樹,A2,山口,47,84,5.61,221,,,,,,,,,,,46,10.9,39,0.0,26,0.0,1.3,37,25,2,7,0,2,1,0.12,1,0,0.12,0.12,+0.00,13,候補
4578,藤山雅弘,A2,大阪,37,105,5.92,221,,,,,○,○,,,,,42,0.0,37,10.8,39,0.0,-6.8,50,27,10,9,2,2,0,0.17,1,0,0.16,0.19,+0.03,77,
4816,村松修二,A2,広島,35,114,5.64,221,,,,,,,,,,,40,15.0,43,4.7,36,2.8,4.2,45,25,4,14,1,1,0,0.15,1,0,0.15,0.16,+0.01,57,
3584,佐々木英,B1,広島,53,70,4.98,221,,,,,,,,壁強●,,,39,5.1,47,2.1,28,0.0,-1.0,21,9,5,4,0,3,0,0.18,0,0,0.18,,,0,
4643,近江翔吾,A2,香川,33,107,6.49,221,,,,,○,○,,,,,40,5.0,41,9.8,36,2.8,-4.2,61,38,6,9,6,2,0,0.14,2,0,0.14,0.14,+0.00,61,候補
4977,馬野耀,A2,大阪,32,120,6.20,221,,,,,○,,,,,,39,15.4,46,6.5,29,0.0,4.5,45,23,6,7,7,2,0,0.15,0,0,0.15,,,0,
4942,柴田朋哉,B1,福岡,36,119,5.76,221,,,,,○,,,,,,40,10.0,37,5.4,43,4.7,0.6,35,18,1,7,7,1,1,0.15,2,0,0.14,0.16,+0.02,87,
5092,篠原晟弥,A2,福岡,25,124,6.06,221,,,,,○,,,,,,44,11.4,35,5.7,37,5.4,1.6,60,30,9,7,10,4,0,0.14,2,0,0.13,0.15,+0.02,61,
4447,深川麻奈,B1,福岡,39,100,5.72,221,,,,,○,,,,,,38,7.9,49,8.2,38,0.0,-0.9,33,14,4,7,7,1,0,0.18,2,0,0.17,0.20,+0.03,81,
4196,田中太一,B1,佐賀,44,91,3.91,221,,,,,,,,,,,47,8.5,47,2.1,35,2.9,3.2,17,11,2,2,2,0,0,0.18,0,0,0.18,,,0,
4680,後藤美翼,A2,東京,36,109,5.46,221,,,,,,,,,,,41,4.9,43,0.0,27,0.0,-3.2,24,12,4,5,1,2,0,0.20,0,0,0.20,,,0,
3563,堤昇,B1,静岡,56,70,5.72,221,,,,,○,○,,,,,45,2.2,36,8.3,15,0.0,-5.2,26,15,1,3,3,4,0,0.15,0,0,0.15,,,0,
4839,四宮与寛,A2,徳島,36,115,6.21,220,,,,,○,,,,,,42,9.5,42,11.9,34,2.9,0.2,44,21,5,7,8,2,1,0.14,1,0,0.14,,,0,
3837,秋山広一,A2,香川,51,78,6.38,220,,,,,○,○,,,,,41,4.9,40,10.0,36,0.0,-4.3,55,32,10,2,8,3,0,0.17,1,0,0.16,0.18,+0.02,73,
4121,富永修一,A2,福岡,44,88,5.87,220,,,,,○,,,,,,34,5.9,39,7.7,48,2.1,-2.3,48,23,11,3,7,4,0,0.14,1,0,0.14,0.18,+0.04,11,
4684,楠原翔太,B1,福岡,35,109,5.34,220,,,,,,○,,,,,39,2.6,34,2.9,41,0.0,-4.8,40,24,3,7,2,4,0,0.14,1,0,0.13,0.17,+0.04,85,
3857,阿波勝哉,B1,東京,53,79,4.80,220,,,,,○,,,,,,32,9.4,37,10.8,69,13.0,2.7,26,7,1,17,0,1,0,0.19,1,0,0.20,0.19,-0.01,10,候補
4812,西野雄貴,A1,徳島,36,114,7.69,220,,,,,○,,,,,,41,19.5,40,17.5,31,6.5,3.1,75,39,6,12,13,5,0,0.14,0,0,0.14,,,0,
4857,加藤翔馬,A1,兵庫,29,115,7.18,220,,,,,○,,,,,,31,9.7,45,13.3,38,2.6,-2.2,65,30,5,6,13,10,1,0.16,1,0,0.16,0.24,+0.09,14,慎重型
4406,幸野史明,B1,福岡,41,99,4.21,220,,,,,,,,,,,36,2.8,47,2.1,49,2.0,-1.1,28,16,2,6,3,1,0,0.16,0,0,0.16,,,0,
4410,井上大輔,B1,岡山,40,99,4.29,220,,,,,,,,,,,44,13.6,41,2.4,28,0.0,5.4,28,13,3,9,3,0,0,0.16,0,0,0.16,,,0,
5376,吉田一心,B1,大阪,22,135,5.67,220,,,,,,,,,,,40,5.0,44,4.5,51,3.9,-1.1,29,15,4,0,8,2,0,0.17,1,0,0.16,0.18,+0.02,50,
4978,山田和佐,B1,広島,32,120,4.90,220,,,,,○,,,,,,43,4.7,45,6.7,40,0.0,-1.3,28,16,3,5,2,2,0,0.17,0,0,0.17,,,0,
5143,常盤海心,B1,徳島,25,126,3.80,219,,,,,,,,,,,39,2.6,48,0.0,32,3.1,-1.3,9,2,2,4,0,1,0,0.19,0,0,0.19,,,0,
5289,佃來紀,A2,大阪,25,132,5.73,219,,,,,,,,,,,45,15.6,36,2.8,39,2.6,4.8,31,17,2,7,3,2,0,0.15,1,0,0.15,0.24,+0.09,10,慎重型
4336,松田竜馬,B1,福岡,42,96,5.03,219,,,,,,,,,,,41,2.4,39,0.0,42,0.0,-2.9,28,23,2,1,1,1,0,0.14,0,0,0.14,,,0,
4371,西山貴浩,A1,福岡,39,97,7.08,219,,,,,○,○,,,,,41,2.4,38,5.3,32,0.0,-4.9,46,34,5,2,3,2,0,0.13,0,0,0.13,,,0,
3463,乙津康志,B1,東京,59,66,4.54,219,,,,,,,,,,,42,7.1,46,2.2,20,0.0,0.5,20,8,5,1,5,1,0,0.19,0,0,0.19,,,0,
3891,谷口健一,B1,福井,50,80,3.54,219,,,,,,,,,,,47,2.1,45,0.0,28,0.0,-0.8,11,7,3,1,0,0,0,0.18,0,0,0.18,,,0,
5013,山下夏鈴,B1,三重,29,121,5.45,219,,,,,,,○,,,,43,27.9,41,4.9,30,3.3,13.9,50,20,3,26,0,1,0,0.16,1,0,0.17,0.15,-0.02,37,候補
5265,大廣咲季,B1,香川,26,131,3.77,219,,,,,,,,,,,45,6.7,38,2.6,37,0.0,2.7,16,7,3,3,2,1,0,0.16,0,0,0.16,,,0,
5003,来田衣織,B1,兵庫,30,121,4.87,219,,,,,○,,,壁強●,,,53,13.2,46,8.7,19,5.3,5.3,35,12,2,13,6,1,1,0.16,0,0,0.16,,,0,
4861,田中宏樹,A2,福岡,38,116,5.15,219,,,,,,○,,,,,41,0.0,37,0.0,46,0.0,-4.8,29,16,8,2,0,3,0,0.17,0,0,0.17,,,0,
4224,大橋栄里,B1,福岡,44,92,5.25,219,,,,,,,,,,,43,4.7,40,2.5,36,0.0,-1.4,30,16,6,3,3,2,0,0.20,1,0,0.19,0.22,+0.02,49,
3362,間嶋仁志,B1,三重,57,62,5.10,218,,,,,,,,,,,39,7.7,0,,0,,-1.1,39,19,7,11,1,1,0,0.18,0,0,0.18,,,0,
5085,中村栄治,A2,福井,27,124,5.17,218,,,,,,,,,,,45,8.9,44,0.0,31,0.0,1.8,31,10,4,5,6,6,0,0.20,1,0,0.19,0.23,+0.04,57,
4362,土屋智則,A1,群馬,41,97,6.89,218,,,,,○,○,,,,,45,0.0,31,12.9,25,0.0,-8.1,43,27,9,0,4,2,1,0.15,2,0,0.15,0.15,+0.00,31,候補
4619,伏田裕隆,B1,東京,43,107,5.64,218,,,,,○,,○,,,,36,25.0,44,11.4,74,13.5,13.1,40,10,4,22,2,2,0,0.17,0,0,0.17,,,0,
5210,藤井公人,A2,福岡,27,129,5.69,218,,,,,,,,,,,41,4.9,42,2.4,40,0.0,-1.2,32,18,3,7,1,3,0,0.15,1,0,0.15,0.18,+0.04,5,
5276,大島隆乃,B1,福岡,24,131,4.86,218,,,,,,,,,,,45,8.9,40,2.5,32,0.0,1.9,25,14,2,5,3,1,0,0.16,0,1,0.16,0.16,+0.01,64,
4957,竹之内極,B1,福岡,31,119,5.49,218,,,,,,,,,,,45,8.9,41,2.4,42,2.4,1.8,34,16,6,3,7,2,0,0.16,0,0,0.16,,,0,
5050,木下雄介,A2,滋賀,31,123,5.87,217,,,,,○,○,,,,,38,2.6,48,12.5,36,0.0,-4.7,53,22,16,2,9,4,0,0.16,1,0,0.15,0.20,+0.05,52,慎重型
3870,寺嶋雄,B1,福井,50,79,4.19,217,,,,,,,,,,,42,16.7,39,2.6,33,3.0,9.1,23,8,3,7,4,1,0,0.18,0,0,0.18,,,0,
4549,小林文彦,A2,福岡,37,104,6.22,217,,,,,,,,,,,43,4.7,46,2.2,33,0.0,-3.4,34,17,7,4,2,4,0,0.19,0,0,0.19,,,0,
4012,中村有裕,A2,滋賀,46,84,6.13,217,,,,,○,,○,壁弱●,●,,49,20.4,42,9.5,19,5.3,8.6,55,24,6,14,9,2,0,0.15,1,0,0.15,0.18,+0.04,36,
4444,桐生順平,A1,埼玉,39,100,7.17,217,,,,,○,,,,,,39,7.7,42,11.9,34,0.0,-2.2,48,30,6,4,5,2,1,0.13,1,0,0.13,0.15,+0.02,6,
5340,樋江井舞,B1,愛知,25,134,4.39,217,,,,,,,,,,,53,3.8,51,3.9,60,0.0,0.8,11,1,1,0,7,2,0,0.16,0,0,0.16,,,0,
3814,金子貴志,B1,福井,50,77,5.14,217,,,,,,,,,,,40,5.0,47,2.1,30,0.0,-1.0,18,9,3,1,4,1,0,0.19,0,0,0.19,,,0,
5032,谷口知優,A2,香川,28,122,4.96,217,,,,,○,,,,,,46,4.3,36,8.3,36,0.0,-1.6,32,15,8,3,5,1,0,0.16,0,0,0.16,,,0,
4252,松下哲也,B1,福岡,43,93,5.00,217,,,,,○,,,,,,51,15.7,44,6.8,38,0.0,7.2,26,9,2,13,0,2,0,0.18,1,0,0.17,0.20,+0.03,9,
5130,上野拓馬,B1,三重,28,126,4.75,217,,,,,,,,,,,38,5.3,40,2.5,40,0.0,-0.1,14,9,1,1,2,1,0,0.17,0,0,0.17,,,0,
4300,加藤綾,B1,三重,43,95,5.20,217,,,,,,○,,,,,41,0.0,42,2.4,31,0.0,-4.7,22,15,4,1,2,0,0,0.17,0,0,0.17,,,0,
4423,坂口貴彦,B1,岡山,37,99,6.02,217,,,,,,,,,,,50,18.0,42,2.4,39,0.0,6.8,35,17,5,5,7,1,0,0.16,0,0,0.16,,,0,
4342,谷野錬志,A2,静岡,41,96,6.39,217,,,,,,,,,,,43,18.6,39,2.6,35,5.7,5.8,59,30,7,7,8,7,0,0.15,1,0,0.14,0.16,+0.02,44,
4247,齊藤優,B1,徳島,44,93,5.30,216,,,,,,,,,,,41,7.3,44,0.0,33,0.0,0.7,26,11,3,7,2,2,1,0.16,0,0,0.16,,,0,
4709,岡村将也,A2,福岡,37,110,5.32,216,,,,,,,,,,,39,5.1,42,4.8,44,0.0,-2.9,31,15,3,2,4,7,0,0.16,1,0,0.15,0.18,+0.02,57,
4718,北川太一,A2,佐賀,33,110,6.08,216,,,,,,,,,,,48,4.2,33,0.0,38,2.6,-3.8,45,21,7,1,6,9,1,0.15,3,0,0.15,0.16,+0.02,69,
3893,汐崎正則,B1,愛知,50,80,5.60,216,,,,,,○,,,,,41,0.0,38,2.6,35,0.0,-4.7,27,13,4,7,2,1,0,0.17,0,0,0.17,,,0,
4458,抹香雄三,B1,広島,40,101,5.39,216,,,,,,,,壁弱●,,,42,4.8,46,4.3,33,3.0,-1.3,29,12,7,4,4,2,0,0.15,1,0,0.15,0.15,+0.00,53,候補
3430,角浜修,B1,広島,58,65,4.22,216,,,,,,,,,,,50,2.0,45,4.4,26,0.0,-1.8,24,14,2,5,3,0,0,0.17,0,0,0.17,,,0,
4113,木村浩士,B1,群馬,46,88,4.61,216,,,,,,,,,,,48,8.3,42,4.8,29,3.4,1.5,35,16,5,7,4,3,0,0.18,0,0,0.18,,,0,
4725,佐竹太一,B1,兵庫,39,111,4.86,216,,,,,,,,,,,36,11.1,45,2.2,36,0.0,3.3,32,13,7,6,2,4,0,0.17,0,0,0.17,,,0,
5154,村松栄太,B1,広島,30,127,4.49,216,,,,,,,,,,,34,2.9,53,1.9,35,2.9,-1.7,25,10,5,8,2,0,0,0.17,0,0,0.17,,,0,
4416,三宅健太,B1,広島,39,99,5.47,216,,,,,○,,,,,,41,19.5,40,5.0,41,0.0,9.6,33,8,6,12,6,1,0,0.17,1,0,0.17,0.18,+0.00,4,
3340,池田雷太,B1,東京,61,62,4.13,216,,,,,○,,,,,,45,6.7,41,7.3,33,0.0,2.9,24,8,1,6,6,3,0,0.18,0,0,0.18,,,0,
4835,橋本明,B1,広島,38,115,5.01,216,,,,,,,,,,,44,2.3,42,0.0,37,0.0,-3.1,17,13,2,0,1,1,0,0.15,0,0,0.15,,,0,
3401,上田隆章,B1,香川,59,64,4.63,216,,,,,○,,,,,,43,2.3,39,5.1,34,0.0,-2.2,23,14,2,3,3,1,0,0.21,0,0,0.21,,,0,
4936,戸敷晃美,A2,福岡,30,118,6.14,216,,,,,○,,,,,,45,4.4,35,8.6,38,0.0,-3.6,50,24,6,15,1,4,0,0.17,3,0,0.16,0.17,+0.01,134,
4575,戸塚邦好,A2,東京,37,105,5.86,216,,,,,○,,,,,,40,12.5,40,5.0,31,3.2,2.4,43,24,2,11,5,1,0,0.15,1,0,0.15,0.16,+0.00,45,候補
5303,土井歩夢,A2,福岡,23,132,5.98,215,,,,,,,,,,,43,7.0,48,2.1,33,0.0,-1.6,32,17,6,3,3,3,0,0.17,1,0,0.15,0.20,+0.04,60,
5150,坂本雄紀,A1,群馬,31,127,6.27,215,,,,,○,,○,壁弱●,,,44,20.5,38,7.9,38,5.3,7.2,60,25,5,16,6,7,1,0.14,2,0,0.14,0.16,+0.02,26,
4486,野村誠,A2,群馬,40,102,5.97,215,,,,,,,,,,,46,4.3,43,4.7,39,2.6,-3.7,37,15,10,4,5,2,1,0.17,2,0,0.16,0.20,+0.04,42,
5273,山下拓巳,B1,兵庫,25,131,3.80,215,,,,,○,,,,,,40,2.5,46,6.5,32,0.0,-0.2,25,13,2,6,4,0,0,0.18,1,0,0.18,0.29,+0.11,4,
4900,中田夕貴,B1,埼玉,33,117,5.05,215,,,,,,,,,,,37,8.1,39,0.0,36,0.0,1.1,41,27,5,4,1,3,1,0.18,1,1,0.17,0.18,+0.01,116,
3268,森竜也,B1,三重,61,59,4.59,215,,,,,,,,,,,59,1.7,27,0.0,5,0.0,-2.9,23,15,2,3,0,2,1,0.16,0,0,0.16,,,0,
4327,加藤翔,B1,静岡,43,96,4.32,215,,,,,,,,,,,47,6.4,45,2.2,31,0.0,0.8,16,9,0,4,3,0,0,0.19,0,0,0.19,,,0,
3581,加木郁,B1,山口,53,70,5.55,215,,,,,,○,,,,,39,0.0,51,3.9,28,0.0,-4.6,24,11,2,1,2,7,1,0.19,1,0,0.19,0.20,+0.02,19,
5269,山口晃朋,A2,静岡,25,131,6.12,215,,,,,○,,,,,,48,14.6,37,5.4,35,8.6,4.1,56,28,5,9,9,5,0,0.14,2,0,0.13,0.15,+0.02,76,
3713,伊藤誠二,A1,愛知,51,74,5.02,215,,,,,○,,,,,,41,14.6,39,5.1,41,0.0,4.0,41,20,4,8,5,3,1,0.16,1,0,0.15,0.17,+0.02,73,
5105,富田恕生,B1,福岡,27,125,4.33,215,,,,,,○,,壁強●,,,48,0.0,46,2.2,27,0.0,-4.1,19,10,2,0,2,5,0,0.18,0,0,0.18,,,0,
3771,折下寛法,B1,東京,52,76,5.20,215,,,,,,,,,,,47,4.3,44,4.5,26,3.8,-3.7,36,19,4,4,5,4,0,0.14,0,0,0.14,,,0,
5264,登みひ果,B1,兵庫,26,131,5.13,215,,,,,○,,,壁強●,,,33,15.2,43,7.0,42,4.8,6.0,21,4,3,9,3,1,1,0.16,1,0,0.15,0.20,+0.05,35,慎重型
4072,森永淳,A1,佐賀,45,86,7.34,214,,,,,,,,,,,46,19.6,47,0.0,23,13.0,5.0,87,42,14,20,8,3,0,0.13,0,0,0.13,,,0,
4380,鈴木峻佑,B1,静岡,42,98,5.00,214,,,,,○,,,,,,37,8.1,38,5.3,34,2.9,2.0,31,18,1,4,6,2,0,0.16,0,0,0.16,,,0,
4906,鈴木雅希,A2,東京,31,117,5.47,214,,,,,○,,,,,,43,4.7,44,6.8,36,0.0,-3.4,32,14,8,2,6,2,0,0.16,1,0,0.15,0.19,+0.04,49,
5317,長尾萌加,B1,岡山,25,133,4.63,214,,,,,○,,,,,,47,2.1,45,8.9,33,0.0,-3.3,18,11,1,1,3,1,1,0.16,1,0,0.16,0.20,+0.04,1,
5170,佐藤太亮,B1,岡山,25,127,5.52,214,,,,,,○,,,,,32,0.0,38,0.0,32,3.1,-4.4,25,17,2,1,3,2,0,0.16,0,0,0.16,,,0,
4214,林祐介,B1,岡山,42,91,5.25,214,,,,,,,,,,,35,2.9,44,2.3,32,0.0,-2.6,37,28,5,0,2,1,1,0.16,1,0,0.15,0.18,+0.02,23,
4529,嶋義信,A1,香川,37,103,5.51,214,,,,,○,,,,,,34,8.8,49,10.2,37,0.0,-0.3,45,26,4,4,9,1,1,0.14,0,0,0.14,,,0,
4693,松下誉士,B1,福岡,42,110,4.05,214,,,,,○,,,,,,43,0.0,43,7.0,34,0.0,-3.2,15,5,3,2,2,2,1,0.19,0,0,0.19,,,0,
3566,川添英正,B1,福岡,56,70,4.34,214,,,,,,,,,,,41,2.4,43,2.3,25,0.0,-3.0,23,11,3,5,2,2,0,0.19,0,0,0.19,,,0,
4872,山下流心,B1,広島,33,116,4.46,214,,,,,,,,壁強●,,,46,6.5,46,4.3,28,0.0,0.9,22,10,2,3,3,4,0,0.18,1,0,0.17,0.21,+0.03,24,
4840,鈴木秀茉,B1,静岡,35,115,4.82,214,,,,,,,,,,,46,10.9,43,2.3,31,0.0,3.4,24,8,4,2,6,3,1,0.16,0,0,0.16,,,0,
3508,久富政弘,A2,佐賀,55,67,5.32,214,,,,,,,,,,,40,7.5,40,0.0,34,2.9,0.7,32,20,5,4,2,1,0,0.19,0,0,0.19,,,0,
4442,松竹大輔,B1,愛知,39,100,6.46,214,,,,,○,,,,●,,39,7.7,45,13.3,33,6.1,0.9,51,22,11,11,7,0,0,0.16,1,0,0.16,0.18,+0.02,29,
5005,石田貴洋,A1,埼玉,30,121,6.30,214,,,,,○,,,,,,40,17.5,46,21.7,32,6.2,4.9,46,17,0,25,4,0,0,0.15,0,0,0.15,,,0,
4464,山下友貴,A1,静岡,40,101,5.95,214,,,,,○,○,,,,,45,2.2,40,7.5,32,0.0,-6.4,38,20,7,6,3,2,0,0.19,1,0,0.19,0.20,+0.01,22,
5243,三馬崇史,B1,広島,25,130,5.52,214,,,,,○,,,,,,42,11.9,49,6.1,33,6.1,2.0,37,16,5,8,5,3,0,0.16,1,0,0.15,0.19,+0.05,46,慎重型
3282,池本輝明,B1,広島,59,59,4.63,214,,,,,,,,壁強●,,,42,2.4,38,0.0,25,0.0,-2.2,14,13,0,1,0,0,0,0.19,0,0,0.19,,,0,
3654,武田光史,A2,福井,52,72,6.92,214,,,,,○,,,,,,49,12.2,39,7.7,22,4.5,1.2,60,31,5,11,9,3,1,0.16,0,0,0.16,,,0,
3975,小野寺智,A2,香川,49,83,5.47,213,,,,,,,,,,,37,16.2,43,0.0,38,0.0,5.0,42,22,6,9,5,0,0,0.14,0,0,0.14,,,0,
3731,高濱芳久,B1,広島,53,75,4.76,213,,,,,,,,,,,49,4.1,28,0.0,14,0.0,-1.9,18,7,6,2,0,3,0,0.18,0,0,0.18,,,0,
3928,林恵祐,B1,福岡,50,81,3.89,213,,,,,,,,,,,43,0.0,37,0.0,31,0.0,-2.1,16,12,0,3,0,1,0,0.17,0,0,0.17,,,0,
4924,中北涼,B1,長崎,33,118,4.61,213,,,,,,,,,,,40,2.5,48,4.2,29,0.0,-1.3,14,7,0,1,5,1,0,0.17,0,0,0.17,,,0,
3474,松瀬弘美,B1,静岡,56,66,4.65,213,,,,,,○,,,,,39,0.0,38,0.0,32,0.0,-4.6,17,9,3,4,0,0,1,0.18,0,0,0.18,,,0,
4320,峰竜太,A1,佐賀,41,95,8.77,213,,,,,○,,,,,,37,16.2,28,10.7,25,0.0,-2.5,73,43,15,7,6,2,0,0.13,0,0,0.13,,,0,
4374,永田義紘,B1,広島,42,98,4.33,213,,,,,,,,,,,41,12.2,45,0.0,32,0.0,5.0,21,10,2,5,2,2,0,0.15,1,0,0.15,0.15,-0.00,20,候補
3947,寺本昇平,B1,群馬,50,82,4.34,213,,,,,,,,,,,42,4.8,36,2.8,36,0.0,-0.4,20,12,4,1,3,0,0,0.18,0,0,0.18,,,0,
3434,松尾宣邦,B1,福岡,57,65,4.17,213,,,,,,○,,,,,40,0.0,41,4.9,37,0.0,-4.7,19,15,2,1,0,1,0,0.17,0,0,0.17,,,0,
4487,三原司,B1,福岡,40,102,4.38,213,,,,,,,,,,,41,0.0,42,2.4,29,0.0,-3.9,25,10,8,3,2,2,0,0.18,1,0,0.18,0.20,+0.03,10,
3797,岩井繁,B1,広島,53,77,3.81,213,,,,,,,,,,,46,0.0,43,0.0,31,0.0,-2.1,9,5,2,0,2,0,0,0.20,0,0,0.20,,,0,
4184,渡邊雄一,A1,大阪,40,90,7.20,213,,,,,○,○,,,,,41,7.3,36,19.4,32,3.1,-5.8,66,32,11,11,5,7,0,0.16,0,0,0.16,,,0,
5350,網代良芽,B1,兵庫,22,134,5.20,213,,,,,,,,,,,41,9.8,44,2.3,42,2.4,2.4,23,7,1,9,4,2,0,0.16,1,0,0.16,0.17,+0.01,29,
4828,松山将吾,A1,滋賀,32,114,6.56,213,,,,,○,,,,,,42,9.5,38,7.9,45,0.0,-0.9,51,25,11,6,7,2,0,0.16,2,0,0.15,0.17,+0.01,61,
5307,富永夏哉,B1,佐賀,23,132,4.50,212,,,,,,,,,,,36,2.8,48,4.2,30,6.7,-2.6,28,13,2,4,6,3,0,0.18,0,0,0.18,,,0,
5311,小林京平,B1,山口,28,133,5.34,212,,,,,○,,,,,,41,9.8,45,8.9,28,0.0,2.4,38,14,6,10,3,4,1,0.18,1,0,0.17,0.23,+0.05,20,慎重型
4068,幸田智裕,B1,静岡,46,86,4.83,212,,,,,,,,,,,39,2.6,53,1.9,32,3.1,-2.8,17,11,2,2,2,0,0,0.16,1,0,0.16,0.17,+0.00,18,候補
4661,中島昂章,A2,佐賀,34,108,5.54,212,,,,,,,,,,,38,5.3,44,0.0,31,0.0,-2.8,24,11,6,1,3,2,1,0.18,0,0,0.18,,,0,
4794,和田拓也,A1,兵庫,36,113,6.78,212,,,,,,,,,,,42,9.5,32,0.0,28,0.0,-2.5,60,34,6,15,2,2,1,0.14,1,0,0.14,0.16,+0.02,7,
4791,黒澤めぐ,B1,東京,36,113,5.88,212,,,,,○,○,,,,,33,3.0,34,5.9,43,2.3,-4.2,27,10,4,2,6,5,0,0.19,1,0,0.18,0.20,+0.01,89,
5057,上田紗奈,B1,大阪,30,123,5.82,212,,,,,○,,,,,,40,12.5,39,5.1,27,3.7,4.4,41,21,4,9,5,2,0,0.16,0,0,0.16,,,0,
3839,川合理司,B1,静岡,51,78,2.98,212,,,,,,,,,,,40,2.5,46,0.0,44,0.0,-0.5,7,4,1,1,1,0,0,0.18,1,0,0.18,0.24,+0.06,5,
4888,金児隆太,B1,群馬,38,117,6.01,212,,,,,○,,,,,,48,2.1,38,5.3,23,0.0,-3.4,32,16,7,5,3,1,0,0.19,0,0,0.19,,,0,
5263,花田凱成,B1,福岡,27,131,3.87,212,,,,,,,,,,,42,7.1,42,0.0,32,0.0,1.3,15,7,4,3,0,0,1,0.17,0,0,0.17,,,0,
5398,鐘ヶ江真,B1,福岡,24,136,4.61,212,,,,,,,,,,,42,2.4,49,0.0,85,1.2,-0.5,10,4,2,1,2,1,0,0.18,2,0,0.18,0.19,+0.02,17,
4555,富永大一,B1,福岡,37,104,5.22,212,,,,,,,,,,,39,5.1,36,0.0,39,0.0,-2.9,29,21,2,1,1,4,0,0.18,0,0,0.18,,,0,
5076,石原光,B1,静岡,30,124,4.95,212,,,,,○,,,,,,40,7.5,35,8.6,40,0.0,0.7,32,13,4,8,4,2,1,0.16,1,0,0.16,0.23,+0.07,4,
3875,廣中良一,B1,山口,49,79,4.72,212,,,,,,,,,,,53,1.9,43,4.7,28,0.0,-2.7,22,18,1,2,1,0,0,0.17,0,0,0.17,,,0,
4564,山本景士,B1,広島,38,105,4.63,212,,,,,,○,,,,,43,0.0,38,0.0,33,0.0,-4.8,11,8,1,2,0,0,0,0.18,0,0,0.18,,,0,
3692,竹腰正樹,B1,福井,55,74,5.14,212,,,,,,,,,,,42,9.5,31,0.0,39,0.0,2.3,19,13,1,5,0,0,0,0.15,1,0,0.14,0.19,+0.05,51,慎重型
4902,山川雄大,B1,兵庫,33,117,4.26,212,,,,,○,,,,,,46,6.5,50,10.0,31,3.2,0.0,30,13,3,5,8,1,0,0.19,1,0,0.18,0.23,+0.04,29,
5214,田中宏典,B1,佐賀,27,129,4.89,211,,,,,,,,,,,36,16.7,33,0.0,40,0.0,7.2,25,15,5,1,4,0,0,0.18,0,0,0.18,,,0,
4552,杉山勝匡,B1,佐賀,37,104,4.16,211,,,,,○,,,,,,44,11.4,36,19.4,50,8.0,3.6,40,17,4,10,7,2,0,0.15,1,0,0.14,0.17,+0.02,60,
4154,森安弘雅,B1,香川,46,90,5.11,211,,,,,○,,,,,,45,4.4,36,5.6,33,0.0,-1.5,29,14,4,6,3,2,0,0.18,1,0,0.17,0.22,+0.05,77,慎重型
3843,上之晃弘,B1,長崎,50,78,4.84,211,,,,,○,,,,,,40,17.5,40,5.0,30,0.0,8.8,30,15,2,9,4,0,0,0.16,0,0,0.16,,,0,
4494,河合佑樹,A1,静岡,39,102,6.89,211,,,,,○,,,,,,36,5.6,44,11.4,36,0.0,-2.6,53,26,8,3,7,8,1,0.15,2,0,0.15,0.15,+0.00,102,候補
4973,栗原直也,B1,埼玉,34,120,5.10,211,,,,,,,,,,,41,12.2,34,2.9,41,2.4,4.2,32,17,2,6,2,5,0,0.18,2,0,0.17,0.21,+0.03,49,
3277,齋藤勇,B1,東京,60,59,4.56,211,,,,,,,,,,,41,9.8,35,2.9,27,0.0,3.2,18,11,2,5,0,0,0,0.18,0,0,0.18,,,0,
4702,三浦敬太,A1,東京,39,110,6.03,211,,,,,○,,○,,,,39,25.6,35,22.9,43,4.7,10.8,63,27,7,14,12,3,0,0.14,1,0,0.14,0.10,-0.04,1,
5023,久永祥平,A2,東京,31,122,5.74,211,,,,,○,,,,,,38,5.3,35,8.6,43,0.0,-2.8,37,18,6,1,7,4,1,0.15,2,0,0.14,0.19,+0.04,43,
4892,柴田直哉,B1,福岡,36,117,5.14,211,,,,,,,,,,,41,2.4,45,0.0,37,0.0,-3.0,29,10,5,9,1,4,0,0.18,0,0,0.18,,,0,
3807,岡部哲,B1,埼玉,51,77,4.95,211,,,,,,○,,,,,43,0.0,41,0.0,33,3.0,-4.0,17,11,2,2,1,1,0,0.17,0,0,0.17,,,0,
5291,三嶌ここ,B1,香川,25,132,4.15,211,,,,,,,,,,○,43,0.0,40,0.0,46,0.0,-2.1,7,4,2,0,0,0,1,0.22,2,0,0.20,0.23,+0.03,108,
4017,向井美鈴,B1,山口,46,84,5.59,211,,,,,,,,,,,40,10.0,35,2.9,40,0.0,0.6,38,23,6,1,6,2,0,0.19,0,0,0.19,,,0,
5228,若林樹蘭,A2,東京,23,129,5.72,211,,,,,,,,,,,33,6.1,34,2.9,35,0.0,-2.2,44,23,5,4,6,5,1,0.16,2,0,0.16,0.17,+0.00,65,候補
5286,坂井滉哉,B1,福岡,27,132,4.67,210,,,,,,,,,,,37,8.1,43,2.3,34,0.0,2.0,17,10,0,5,1,1,0,0.16,1,0,0.15,0.17,+0.01,19,
5172,田村慶,B1,徳島,25,127,5.11,210,,,,,○,,,,,,38,7.9,37,5.4,43,2.3,1.0,29,18,2,4,1,4,0,0.19,1,0,0.18,0.22,+0.04,42,
5301,岩下巧斗,B1,群馬,23,132,5.26,210,,,,,,,,,,,32,9.4,39,2.6,34,0.0,2.7,31,20,1,8,2,0,0,0.16,2,0,0.16,0.22,+0.06,7,
3710,吉永泰弘,B1,香川,52,74,4.66,210,,,,,,,,,,,47,2.1,39,0.0,31,0.0,-2.4,19,10,5,0,2,2,0,0.17,0,0,0.17,,,0,
3385,渡邉睦広,A2,東京,57,63,5.57,210,,,,,,○,,,,,39,2.6,42,4.8,31,3.2,-4.8,37,19,12,3,2,1,0,0.16,0,0,0.16,,,0,
4789,古賀智之,A2,福岡,37,113,5.63,210,,,,,○,,,,,,41,9.8,37,13.5,34,0.0,0.4,37,17,4,8,4,3,1,0.16,0,0,0.16,,,0,
4511,中岡健人,B1,香川,37,102,4.74,210,,,,,,,,,,,42,2.4,42,0.0,32,0.0,-2.2,20,11,2,5,0,1,1,0.17,0,0,0.17,,,0,
5012,加倉侑征,B1,福岡,29,121,4.52,210,,,,,○,,,,,,37,8.1,33,6.1,47,0.0,1.1,33,14,3,2,7,6,1,0.14,2,0,0.14,0.20,+0.06,8,
5031,渡辺空依,B1,福岡,28,122,5.00,210,,,,,,,,,,,38,5.3,40,2.5,33,0.0,-0.8,20,13,1,2,4,0,0,0.18,0,0,0.18,,,0,
4474,渡辺崇,B1,福岡,38,101,5.22,210,,,,,,,,,,,44,4.5,46,0.0,31,0.0,-1.5,33,20,4,5,3,1,0,0.18,1,0,0.18,0.19,+0.01,25,
4382,高山智至,B1,滋賀,41,98,4.64,210,,,,,,,,,,,53,1.9,44,4.5,28,0.0,-2.7,13,6,3,0,2,2,0,0.17,1,0,0.16,0.20,+0.04,58,
4004,山本浩輔,B1,長崎,48,84,4.89,210,,,,,○,,,,,,44,6.8,46,6.5,23,0.0,0.3,27,12,3,6,3,3,0,0.18,1,0,0.17,0.19,+0.02,10,
3381,滝沢芳行,B1,埼玉,58,63,5.17,210,,,,,○,,,,,,48,14.6,41,9.8,21,0.0,6.2,29,12,0,14,1,2,0,0.14,0,0,0.14,,,0,
4817,渡邉翼,A1,山口,35,114,6.14,210,,,,,○,○,,,,,36,0.0,31,9.7,35,0.0,-7.6,54,32,7,5,5,4,1,0.14,0,0,0.14,,,0,
4672,守屋大地,B1,岡山,40,109,4.44,210,,,,,,,,,,,41,7.3,47,2.1,33,6.1,1.5,12,0,3,4,4,1,0,0.18,0,0,0.18,,,0,
4665,加藤啓太,B1,愛知,42,109,4.22,210,,,,,,,,,,,41,2.4,47,0.0,32,0.0,-1.4,11,5,2,3,0,1,0,0.17,1,0,0.17,0.13,-0.04,9,
4200,早川尚人,B1,大阪,44,91,4.53,210,,,,,,,,,,,48,2.1,39,0.0,34,0.0,-1.7,18,12,0,2,2,2,0,0.18,0,0,0.18,,,0,
4138,中井俊祐,B1,大阪,45,89,4.54,210,,,,,○,,,,,,43,9.3,37,8.1,34,0.0,2.9,24,11,5,2,5,1,0,0.16,0,0,0.16,,,0,
4627,藤原菜希,A2,東京,40,107,6.56,210,,,,,○,,,,,,38,13.2,35,11.4,29,3.4,1.7,56,21,10,12,9,4,0,0.15,2,0,0.15,0.16,+0.01,39,
3635,石田政吾,B1,福井,55,72,4.86,210,,,,,,○,,,,,37,0.0,37,2.7,48,2.1,-4.6,28,17,4,2,3,2,0,0.17,0,0,0.17,,,0,
5110,杉山喜一,B1,静岡,26,125,4.88,210,,,,,○,○,,,,,36,0.0,39,5.1,37,2.7,-4.6,30,12,4,3,6,4,1,0.15,0,0,0.15,,,0,
3478,嶋田貴支,B1,香川,55,66,5.31,210,,,,,,○,,,,,35,0.0,47,2.1,33,0.0,-4.6,34,20,8,2,3,1,0,0.16,0,0,0.16,,,0,
5246,楠将太郎,A2,埼玉,24,130,5.07,210,,,,,○,,,,,,31,6.5,36,5.6,42,0.0,-0.0,30,14,5,4,6,1,0,0.17,1,0,0.17,0.19,+0.02,14,
5081,篠原飛翔,A2,福岡,27,124,5.35,209,,,,,○,,,,,,42,9.5,39,5.1,29,0.0,0.2,38,20,8,3,5,2,0,0.18,1,0,0.18,0.17,-0.01,16,候補
3643,米田隆弘,B1,岡山,54,72,5.35,209,,,,,,,,,,,36,5.6,38,2.6,34,0.0,-0.7,29,17,1,2,4,5,0,0.18,0,0,0.18,,,0,
3629,浅見昌克,A2,埼玉,56,72,5.48,209,,,,,○,,,,,,49,10.2,39,7.7,23,0.0,0.8,49,27,8,7,5,2,0,0.14,2,0,0.14,0.21,+0.07,8,
3202,三品隆浩,B1,東京,61,56,4.76,209,,,,,,,,,,,34,5.9,38,2.6,34,0.0,1.1,17,7,1,3,2,4,0,0.20,0,0,0.20,,,0,
4006,小野勇作,B1,佐賀,48,84,5.07,209,,,,,○,,,,,,39,7.7,44,6.8,29,0.0,0.9,25,10,1,5,4,4,1,0.17,0,0,0.17,,,0,
4565,西村豪洋,B1,愛知,38,105,4.04,209,,,,,,,,,,,38,0.0,40,0.0,38,0.0,-2.0,16,10,2,2,1,1,0,0.17,0,0,0.17,,,0,
3747,國崎良春,A2,福岡,51,75,5.72,209,,,,,,,,,,,35,8.6,39,0.0,38,10.5,-0.4,35,18,5,2,8,2,0,0.16,0,0,0.16,,,0,
5123,福山恵里,B1,山口,30,126,3.90,209,,,,,,,,,,,39,2.6,41,0.0,35,0.0,-1.3,22,16,1,4,1,0,0,0.16,1,0,0.16,0.19,+0.04,29,
5277,井上未都,B1,福岡,24,131,4.68,209,,,,,,,,,,,38,7.9,41,0.0,32,3.1,1.0,26,12,3,6,3,1,1,0.15,1,0,0.15,0.15,+0.01,52,
4600,井内将太,A1,広島,41,106,6.31,209,,,,,,,,,,,41,9.8,38,2.6,34,2.9,-0.7,53,29,4,10,5,5,0,0.13,3,0,0.12,0.15,+0.03,44,
5351,齊藤廉,B1,福岡,22,134,5.23,209,,,,,,,,,,,41,0.0,48,4.2,48,2.1,-3.9,23,12,5,0,4,1,1,0.16,1,0,0.16,0.16,+0.00,22,候補
4390,松本弓雄,B1,徳島,40,98,4.19,209,,,,,○,,,,,,38,0.0,49,6.1,29,0.0,-2.0,17,7,2,4,2,2,0,0.19,0,0,0.19,,,0,
3441,土屋太朗,B1,群馬,57,65,4.61,209,,,,,,,,,,,45,2.2,45,0.0,19,0.0,-3.1,16,8,3,2,2,0,1,0.19,0,0,0.19,,,0,
4879,山崎鉄平,B1,佐賀,31,116,5.19,208,,,,,,,,,,,39,12.8,37,2.7,44,0.0,4.6,24,8,5,6,4,1,0,0.17,2,0,0.16,0.20,+0.04,50,
4273,佐藤旭,B1,静岡,44,94,4.96,208,,,,,,○,,,,,35,0.0,43,2.3,43,0.0,-4.6,27,15,4,5,2,0,1,0.19,0,0,0.19,,,0,
4638,小林遼太,B1,福岡,35,107,5.38,208,,,,,,,,,,,40,10.0,38,2.6,33,3.0,2.5,30,14,6,4,3,2,1,0.18,0,0,0.18,,,0,
4197,渥美卓郎,B1,静岡,44,91,3.76,208,,,,,,,,,,,38,2.6,44,2.3,23,0.0,-0.1,18,10,1,4,0,2,1,0.19,0,0,0.19,,,0,
4639,雑賀勇貴,B1,大阪,35,107,4.31,208,,,,,,,,,,,53,1.9,41,0.0,21,0.0,-1.9,22,14,1,4,2,0,1,0.16,0,0,0.16,,,0,
4700,金子和之,A2,埼玉,39,110,5.96,208,,,,,○,,,,,,46,6.5,33,12.1,35,0.0,-3.2,42,24,8,4,4,2,0,0.15,0,0,0.15,,,0,
5098,大江純,B1,愛知,30,125,5.09,208,,,,,,,,,,,46,17.4,42,2.4,31,0.0,8.2,31,5,4,6,8,7,1,0.14,1,0,0.14,0.16,+0.02,6,
4918,川島拓郎,B1,静岡,37,118,4.63,208,,,,,○,,,,,,45,2.2,40,5.0,33,0.0,-3.2,30,16,5,1,5,3,0,0.16,1,0,0.15,0.18,+0.03,27,
4226,村田浩司,B1,山口,43,92,4.19,208,,,,,,,,,,,35,14.3,44,2.3,32,3.1,5.5,26,14,0,6,4,2,0,0.15,0,0,0.15,,,0,
5155,内山七海,A2,福岡,29,127,6.25,208,,,,,○,,,,,,41,12.2,36,5.6,39,5.1,2.2,39,15,9,7,5,3,0,0.14,0,0,0.14,,,0,
3684,清水攻二,A2,山口,52,73,5.56,207,,,,,○,,,,,,47,4.3,33,6.1,32,0.0,-3.7,37,19,7,5,4,2,0,0.18,1,0,0.18,0.19,+0.01,42,
5129,山口真喜,A2,長崎,29,126,6.11,207,,,,,○,,,,,,37,16.2,36,8.3,41,0.0,5.0,43,18,4,8,7,5,1,0.16,1,0,0.16,0.16,-0.00,40,候補
5352,西岡蒼志,B1,香川,22,134,5.20,207,,,,,○,,,,,,45,8.9,44,6.8,47,2.1,1.9,28,12,2,6,7,0,1,0.17,1,0,0.16,0.31,+0.14,4,
5054,佐々木大,A1,大阪,30,123,6.57,207,,,,,○,,,,,,51,5.9,36,5.6,29,6.9,-3.7,48,29,5,7,7,0,0,0.13,0,0,0.13,,,0,
4992,廣瀬篤哉,B1,滋賀,28,120,4.80,207,,,,,,,,,,,40,15.0,41,0.0,37,0.0,7.0,33,16,4,7,2,3,1,0.15,0,0,0.15,,,0,
4263,武重雄介,B1,山口,42,93,4.69,207,,,,,,,,,,,39,2.6,41,2.4,40,2.5,-2.8,33,21,4,2,5,0,1,0.18,1,0,0.18,0.16,-0.02,1,
5281,井上遥妃,A1,徳島,23,131,5.65,207,,,,,○,,,,,,37,8.1,36,8.3,39,2.6,-0.8,58,29,9,9,6,5,0,0.14,2,0,0.12,0.15,+0.03,126,
3517,高橋勲,B1,東京,58,68,5.88,207,,,,,,,,,,,58,13.8,35,2.9,13,0.0,3.7,35,15,4,9,7,0,0,0.15,2,0,0.15,0.17,+0.02,7,
3882,新田智彰,B1,大阪,53,80,4.23,207,,,,,○,,,,,,47,6.4,43,7.0,27,0.0,-0.0,23,11,4,3,4,1,0,0.17,0,0,0.17,,,0,
4246,喜多那由,B1,静岡,44,93,4.08,207,,,,,,,,,,○,41,0.0,39,0.0,29,0.0,-3.1,9,6,3,0,0,0,0,0.18,0,0,0.18,,,0,
4401,小林泰,A2,東京,41,99,5.66,207,,,,,○,,,,,,41,14.6,39,5.1,34,0.0,4.0,45,28,4,8,4,1,0,0.14,0,0,0.14,,,0,
4054,福嶋智之,B1,岡山,48,86,4.69,207,,,,,,,,,,,38,2.6,36,2.8,46,0.0,-1.9,25,17,3,2,2,1,0,0.15,0,0,0.15,,,0,
4016,西川新太,B1,愛知,46,84,5.46,207,,,,,○,,,,,,42,7.1,40,7.5,35,2.9,0.5,22,9,6,1,5,1,0,0.16,0,0,0.16,,,0,
4695,尾崎雄二,A2,長崎,40,110,5.40,206,,,,,○,,,,,,42,4.8,41,9.8,35,0.0,-1.3,35,17,8,1,7,1,1,0.15,0,0,0.15,,,0,
5084,末永和也,A1,佐賀,27,124,6.60,206,,,,,○,,,,,,40,12.5,31,9.7,35,0.0,-0.3,57,33,10,5,7,2,0,0.13,0,0,0.13,,,0,
4941,孫崎百世,B1,滋賀,37,119,4.61,206,,,,,○,,,,,,40,5.0,38,5.3,32,0.0,-0.2,26,7,6,2,5,5,1,0.21,1,0,0.21,0.26,+0.06,11,慎重型
4060,島田一生,B1,福岡,47,86,4.71,206,,,,,,,,,,,39,7.7,37,2.7,34,5.9,0.9,33,12,3,11,4,3,0,0.16,1,0,0.16,0.17,+0.01,39,
3931,黒崎竜也,A2,三重,50,81,6.27,206,,,,,○,,,,,,31,9.7,33,6.1,47,2.1,0.3,35,19,2,6,4,4,0,0.15,3,0,0.15,0.16,+0.02,35,
4175,川尻泰輔,A2,埼玉,43,90,5.66,206,,,,,,,,,,,42,9.5,36,2.8,28,3.6,0.2,42,27,4,2,6,3,0,0.14,0,0,0.14,,,0,
3647,伊藤雄二,B1,埼玉,53,72,3.33,206,,,,,,,,,,,40,0.0,45,2.2,37,0.0,-2.0,8,5,2,1,0,0,0,0.17,0,0,0.17,,,0,
4343,村岡賢,B1,広島,41,96,4.19,206,,,,,,,,,,,31,3.2,48,2.1,25,0.0,-0.7,14,6,2,1,1,4,0,0.17,0,0,0.17,,,0,
4435,服部達哉,A2,愛知,40,100,5.42,206,,,,,○,,,,,,43,4.7,30,10.0,36,0.0,-3.4,36,16,8,5,5,2,0,0.18,0,0,0.18,,,0,
5279,石渡翔一,B1,東京,23,131,5.89,206,,,,,○,,,,●,,33,6.1,40,5.0,31,3.2,-2.2,42,17,10,4,6,5,0,0.16,1,0,0.16,0.16,+0.01,59,
4526,池田雄祐,A2,愛知,38,103,4.88,206,,,,,,,,,,,36,8.3,44,2.3,31,0.0,-0.6,38,20,7,5,4,2,0,0.15,2,0,0.14,0.18,+0.04,35,
3775,泉啓文,B1,岡山,52,76,3.65,206,,,,,,,,,,,38,0.0,43,2.3,40,0.0,-2.0,13,6,2,1,3,1,0,0.17,1,0,0.17,0.18,+0.01,28,
4082,濱崎誠,B1,大阪,47,87,5.85,206,,,,,○,,,,,,39,10.3,46,10.9,39,2.6,0.8,38,15,8,7,6,2,0,0.18,1,0,0.17,0.20,+0.03,37,
4568,廣瀬真也,B1,東京,38,105,5.30,205,,,,,,,,,,,37,13.5,34,0.0,45,0.0,5.0,39,24,3,7,4,1,0,0.15,0,0,0.15,,,0,
3892,草場康幸,B1,佐賀,50,80,4.99,205,,,,,,○,,,,,39,0.0,42,2.4,29,0.0,-4.7,26,17,2,2,2,2,1,0.16,0,0,0.16,,,0,
4329,小松卓司,B1,福岡,43,96,4.57,205,,,,,,,,,,,48,4.2,42,0.0,32,0.0,-0.9,14,9,2,1,1,1,0,0.17,0,0,0.17,,,0,
4139,丹下健,B1,愛知,45,89,4.27,205,,,,,,,,,,,44,4.5,35,2.9,31,0.0,-1.4,22,10,3,4,3,2,0,0.18,1,0,0.17,0.21,+0.04,21,
3863,海老澤泰,B1,東京,52,79,4.57,205,,,,,,,,,,,37,2.7,39,2.6,27,0.0,-1.9,16,9,0,5,2,0,0,0.17,1,0,0.17,0.17,+0.00,43,候補
4797,中山将,A1,三重,34,113,6.04,205,,,,,○,,,,,,36,19.4,39,7.7,48,4.2,6.1,55,25,6,14,6,4,0,0.14,3,0,0.13,0.18,+0.05,44,慎重型
3587,武田信一,B1,徳島,53,70,4.03,205,,,,,,,,,,,38,0.0,35,0.0,41,0.0,-2.0,11,8,0,2,0,1,0,0.16,1,0,0.16,0.16,-0.00,27,候補
4011,堀之内紀,A2,岡山,46,84,6.49,205,,,,,,,,,,,38,15.8,35,2.9,38,10.5,4.7,47,20,6,13,4,4,0,0.16,2,0,0.15,0.18,+0.03,56,
4821,妻鳥晋也,B1,香川,34,114,5.13,205,,,,,○,,,,,,40,10.0,48,8.3,36,0.0,2.5,35,10,7,7,7,3,1,0.18,0,0,0.18,,,0,
4540,相原利章,A2,東京,39,104,5.04,205,,,,,,,,,,,38,7.9,33,0.0,41,0.0,1.0,30,17,5,4,2,2,0,0.12,2,0,0.12,0.13,+0.01,76,
4202,浮田圭浩,B1,岡山,44,91,4.55,205,,,,,,,,,,,35,2.9,42,2.4,37,0.0,-1.7,18,11,2,0,3,2,0,0.18,1,0,0.18,0.22,+0.04,22,
5144,中尾彩香,B1,福岡,25,126,4.76,205,,,,,,,,,,,42,2.4,41,4.9,31,0.0,-3.0,26,13,2,9,1,1,0,0.17,0,0,0.17,,,0,
5308,藤森拓海,B1,福岡,22,132,4.50,205,,,,,,,,,,,39,5.1,43,4.7,34,0.0,0.6,14,3,2,3,5,0,1,0.17,0,0,0.17,,,0,
5135,仲航太,B1,東京,26,126,5.70,205,,,,,○,,,,,,34,8.8,38,7.9,47,0.0,1.6,39,21,4,3,8,3,0,0.17,3,0,0.15,0.23,+0.08,48,慎重型
4809,外崎悟,A1,埼玉,37,114,5.56,205,,,,,○,○,,,,,39,0.0,38,7.9,34,0.0,-6.6,36,15,10,1,3,7,0,0.16,0,0,0.16,,,0,
4315,山崎昂介,B1,長崎,42,95,5.28,204,,,,,○,,,,,,41,9.8,42,9.5,30,0.0,2.4,32,11,5,9,5,1,1,0.17,0,0,0.17,,,0,
4303,牧原崇,B1,愛知,43,95,4.72,204,,,,,,,,,,,39,2.6,37,0.0,33,0.0,-2.8,26,16,3,1,3,3,0,0.17,0,0,0.17,,,0,
4116,川田正人,B1,徳島,45,88,4.52,204,,,,,○,,,,,,46,4.3,41,7.3,35,0.0,-1.6,22,11,0,2,5,4,0,0.18,2,0,0.16,0.21,+0.05,85,慎重型
3619,長谷川充,B1,群馬,52,71,5.17,204,,,,,,,,,,,42,2.4,35,2.9,34,0.0,-3.0,22,11,5,2,2,2,0,0.19,0,0,0.19,,,0,
4220,深川和仁,B1,香川,44,92,4.95,204,,,,,,,,,,,41,9.8,42,2.4,24,0.0,2.4,41,24,3,7,6,1,0,0.17,1,0,0.17,0.25,+0.08,11,慎重型
3998,冨成謙児,B1,佐賀,47,83,4.34,204,,,,,,,,,,,37,2.7,41,0.0,32,0.0,-1.9,15,12,2,0,1,0,0,0.17,0,0,0.17,,,0,
4521,小池公生,B1,福岡,39,103,5.33,204,,,,,,,,,,,34,2.9,44,4.5,35,0.0,-2.5,35,18,5,6,3,3,0,0.20,2,0,0.18,0.21,+0.03,156,
5165,小林愛実,B1,岡山,26,127,4.60,204,,,,,,,,,,,33,6.1,44,2.3,36,0.0,-0.2,21,9,2,6,3,1,0,0.17,1,0,0.17,0.19,+0.02,17,
4676,後藤隼之,A2,東京,38,109,5.09,204,,,,,,○,,,,,43,0.0,39,2.6,26,0.0,-6.8,30,18,3,4,4,1,0,0.16,1,0,0.16,0.16,-0.00,30,候補
5394,福西広太,B1,埼玉,24,136,3.18,203,,,,,,,,,,,38,2.6,45,0.0,116,0.9,0.4,4,0,2,1,1,0,0,0.19,0,0,0.19,,,0,
3357,福島陽子,B1,岡山,57,62,3.87,203,,,,,,,,,,,38,0.0,37,0.0,28,0.0,-2.0,9,6,0,1,0,2,0,0.20,0,0,0.20,,,0,
3990,芹澤克彦,B1,静岡,47,83,5.07,203,,,,,○,,,,,,43,2.3,40,5.0,34,0.0,-2.2,25,9,3,8,1,4,0,0.15,1,0,0.14,0.19,+0.04,13,
5270,小玉啓太,B1,佐賀,25,131,4.55,203,,,,,,,,,,,40,7.5,41,4.9,37,0.0,1.6,19,6,0,9,4,0,0,0.16,1,0,0.16,0.20,+0.04,29,
4158,木場雄二,B1,山口,45,90,4.39,203,,,,,○,,,,,,36,8.3,40,7.5,40,5.0,1.4,27,17,0,4,2,3,1,0.16,0,0,0.16,,,0,
4735,角山雄哉,B1,兵庫,35,111,4.85,203,,,,,○,,,,,,38,10.5,42,9.5,28,3.6,2.9,28,12,0,11,5,0,0,0.15,0,0,0.15,,,0,
4819,蜂須瑞生,A2,群馬,35,114,5.02,203,,,,,,,,,,,34,11.8,36,2.8,40,2.5,1.8,39,23,3,9,4,0,0,0.17,3,0,0.16,0.18,+0.02,62,
4917,岩橋裕馬,B1,兵庫,38,118,4.89,203,,,,,,,,,,,38,2.6,34,0.0,33,6.1,-1.2,19,9,3,3,2,1,1,0.16,0,0,0.16,,,0,
4697,國弘翔平,B1,福岡,40,110,4.26,203,,,,,,,,,,,40,2.5,43,0.0,30,0.0,-2.1,14,11,0,3,0,0,0,0.17,0,0,0.17,,,0,
4556,竹井奈美,A1,福岡,37,104,6.58,203,,,,,,,,,,,47,12.8,28,0.0,30,3.3,-0.1,62,35,8,12,4,3,0,0.16,1,0,0.15,0.19,+0.04,31,
4211,村田敦,B1,東京,43,91,4.68,203,,,,,○,,,,,,28,3.6,41,7.3,39,0.0,-0.5,14,8,0,4,2,0,0,0.14,0,0,0.14,,,0,
5111,三村岳人,A2,岡山,26,125,5.89,203,,,,,○,,,,,,34,11.8,35,5.7,32,0.0,1.8,38,16,8,9,4,1,0,0.16,0,0,0.16,,,0,
3964,宮地博士,B1,長崎,47,82,3.85,202,,,,,,,,,,,36,0.0,42,0.0,30,0.0,-3.0,10,5,1,0,1,3,0,0.20,0,0,0.20,,,0,
3784,中島友和,B1,佐賀,50,76,5.00,202,,,,,,,,,,,44,15.9,33,3.0,30,0.0,7.0,25,11,3,8,3,0,0,0.16,0,0,0.16,,,0,
3718,伊達正利,B1,静岡,51,74,4.47,202,,,,,,,,,,,37,2.7,44,2.3,34,0.0,-1.1,28,20,4,4,0,0,0,0.17,0,0,0.17,,,0,
3994,小野桜,B1,滋賀,47,83,4.75,202,,,,,,,,,,,36,5.6,37,2.7,22,0.0,-0.7,20,11,3,3,3,0,0,0.18,0,0,0.18,,,0,
5194,大久保佑,B1,埼玉,24,128,4.25,202,,,,,,,,,,,43,9.3,42,0.0,30,0.0,2.9,24,14,2,3,1,3,1,0.17,1,1,0.17,0.16,-0.01,52,候補
4152,深水慎一,A2,東京,46,90,5.27,202,,,,,○,,,,,,30,10.0,44,9.1,28,0.0,2.3,32,14,8,2,5,3,0,0.17,1,0,0.17,0.20,+0.03,12,
3867,松浦勝,B1,愛知,51,79,2.85,202,,,,,,,,,,,41,2.4,40,2.5,29,0.0,-0.5,9,4,2,1,1,1,0,0.17,0,0,0.17,,,0,
5106,山崎祥,A2,山口,27,125,5.49,202,,,,,,,,,,,37,10.8,42,2.4,32,0.0,1.1,30,14,1,7,5,3,0,0.18,0,0,0.18,,,0,
5185,加藤優弥,B1,福井,26,128,5.13,202,,,,,○,,,,,,38,5.3,38,10.5,35,0.0,-0.9,36,13,7,9,4,3,0,0.13,2,0,0.13,0.16,+0.03,30,
3546,中里昌志,B1,埼玉,57,69,4.61,202,,,,,,,,,,,56,5.4,27,0.0,24,0.0,0.0,13,6,0,3,2,1,1,0.18,0,0,0.18,,,0,
2878,富山弘幸,B1,大阪,68,43,5.54,202,,,,,,,,,,,42,9.5,41,0.0,19,5.3,0.2,29,16,3,2,7,1,0,0.17,0,0,0.17,,,0,
5137,川原涼,A2,愛知,26,126,5.29,201,,,,,○,,,,,,34,11.8,35,8.6,60,0.0,3.6,31,16,1,8,2,4,0,0.17,0,0,0.17,,,0,
4951,新田洋一,B1,広島,32,119,5.11,201,,,,,○,,,,,,42,2.4,38,5.3,35,2.9,-3.0,27,17,2,3,2,2,1,0.15,2,0,0.14,0.15,+0.01,68,
4944,田代達也,B1,東京,35,119,4.25,201,,,,,,,,,,,44,6.8,33,0.0,37,0.0,1.1,16,3,4,5,2,2,0,0.16,1,0,0.16,0.18,+0.02,32,
3475,橋本久和,B1,群馬,56,66,5.22,201,,,,,○,,,,,,34,11.8,37,8.1,28,0.0,3.7,32,19,2,9,2,0,0,0.19,1,0,0.19,0.21,+0.02,2,
4129,宇野博之,B1,愛知,46,89,3.50,201,,,,,○,,,,,,40,2.5,44,6.8,30,0.0,-0.2,11,4,1,1,3,2,0,0.18,2,0,0.18,0.20,+0.02,20,
4128,川口貴久,B1,東京,46,89,5.08,201,,,,,○,,,,,,29,3.4,45,11.1,38,2.6,-2.0,27,11,0,5,8,2,1,0.15,1,0,0.15,0.16,+0.01,54,
4359,横川聖志,A2,徳島,42,97,5.37,201,,,,,○,,,,,,37,10.8,31,6.5,37,0.0,3.1,33,13,6,7,2,4,1,0.13,2,0,0.13,0.15,+0.02,76,
5249,三木晴斗,B1,徳島,24,130,4.91,201,,,,,,○,,,,,34,0.0,36,2.8,37,0.0,-4.5,27,11,6,1,6,2,1,0.16,2,0,0.16,0.18,+0.02,25,
3687,花田和明,B1,愛知,56,74,5.03,201,,,,,,,,,,,57,1.8,4,0.0,2,0.0,-3.7,28,19,4,3,1,1,0,0.16,0,0,0.16,,,0,
4145,小澤学,B1,東京,44,89,4.02,201,,,,,,,,,,,46,0.0,41,0.0,26,0.0,-2.1,8,2,2,1,1,1,1,0.25,0,0,0.25,,,0,
3868,尾形栄治,B1,東京,51,79,4.55,201,,,,,,,,,,,45,2.2,43,2.3,32,0.0,-2.3,20,10,4,3,2,1,0,0.19,0,0,0.19,,,0,
3284,渡邊伸太,B1,佐賀,58,59,5.71,201,,,,,,○,,,,,34,0.0,43,0.0,14,7.1,-4.5,27,19,3,3,2,0,0,0.20,1,0,0.19,0.22,+0.03,56,
4389,伊藤喜智,A2,大阪,40,98,5.46,201,,,,,○,,,,,,41,2.4,32,6.2,35,0.0,-3.0,31,12,5,5,6,2,1,0.17,0,0,0.17,,,0,
3929,杢野誓良,B1,愛知,50,81,4.25,201,,,,,○,,,,,,38,5.3,46,6.5,32,0.0,-0.1,19,8,3,4,2,1,1,0.16,0,0,0.16,,,0,
4895,門間雄大,A2,東京,35,117,4.82,201,,,,,○,,,,,,38,7.9,44,6.8,31,3.2,1.0,32,13,4,12,2,1,0,0.14,1,0,0.14,0.17,+0.03,13,
4195,前川守嗣,B1,福岡,44,91,5.19,201,,,,,○,○,,,,,33,0.0,47,6.4,35,2.9,-4.5,30,13,6,5,4,2,0,0.15,0,0,0.15,,,0,
5095,小原聡将,A2,東京,32,125,6.37,201,,,,,,○,,,,,34,2.9,36,2.8,35,0.0,-5.4,43,25,8,3,5,2,0,0.15,1,0,0.15,0.16,+0.02,41,
4560,庄司樹良,A2,東京,35,104,5.60,201,,,,,○,,,,●,,38,5.3,39,7.7,37,2.7,-2.8,45,22,9,3,7,2,2,0.15,2,0,0.15,0.15,-0.00,26,候補
5239,上野俊樹,B1,福岡,26,130,5.60,200,,,,,○,○,,,,,29,0.0,41,7.3,42,0.0,-4.3,32,10,11,6,4,1,0,0.16,1,0,0.15,0.20,+0.05,12,慎重型
3769,佐竹恒彦,A2,滋賀,52,76,5.58,200,,,,,,,,,,,28,3.6,42,0.0,26,0.0,-1.9,29,20,2,2,1,4,0,0.17,0,0,0.17,,,0,
3708,岡部貴司,B1,岡山,52,74,5.24,200,,,,,,,,,,,44,2.3,37,2.7,35,2.9,-3.1,19,13,0,4,1,1,0,0.16,1,0,0.15,0.18,+0.03,36,
3352,小川晃司,B1,福岡,58,62,4.22,200,,,,,,,,,,,0,,6,0.0,227,0.9,,3,0,1,1,1,0,0,0.17,0,0,0.17,,,0,
4692,酒井俊弘,B1,福井,42,110,4.55,200,,,,,○,,,,,,29,17.2,44,22.7,49,16.3,7.1,31,10,0,21,0,0,0,0.14,1,0,0.13,0.16,+0.03,55,
4258,関根彰人,B1,埼玉,42,93,4.85,200,,,,,,,,,,,39,2.6,39,2.6,34,0.0,-2.8,21,11,7,1,2,0,0,0.18,0,0,0.18,,,0,
4440,萩原知哉,B1,東京,40,100,4.60,200,,,,,,,,,,,41,2.4,41,2.4,30,0.0,-2.1,17,7,2,3,3,1,1,0.17,0,0,0.17,,,0,
4689,豊田結,B1,静岡,33,109,4.85,200,,,,,○,,,,,,37,8.1,40,7.5,36,5.6,1.1,28,16,1,5,4,2,0,0.16,0,0,0.16,,,0,
3976,内田圭,B1,山口,49,83,3.54,200,,,,,○,,,,,,44,4.5,40,5.0,30,0.0,0.2,20,10,3,5,1,1,0,0.17,0,0,0.17,,,0,
3828,明石正之,B1,兵庫,53,78,5.18,200,,,,,,,,,,,35,2.9,48,4.2,33,0.0,-2.5,20,11,2,3,3,1,0,0.17,2,0,0.17,0.19,+0.02,39,
3993,永井聖美,B1,東京,47,83,5.49,200,,,,,○,,,,,,41,12.2,38,7.9,21,0.0,2.2,25,11,6,2,5,1,0,0.16,0,0,0.16,,,0,
5173,谷口佳蓮,B1,香川,24,127,5.11,200,,,,,○,,,,,,40,5.0,39,5.1,34,0.0,-1.0,37,22,7,4,4,0,0,0.15,1,0,0.15,0.17,+0.03,44,
5343,小林礼央,B1,広島,23,134,4.13,200,,,,,,,,,,,59,1.7,52,1.9,74,0.0,-2.1,6,2,1,1,2,0,0,0.16,0,0,0.16,,,0,
3812,山崎聖司,B1,東京,50,77,4.15,200,,,,,,,,,,,44,2.3,37,2.7,34,2.9,-2.3,15,10,3,0,2,0,0,0.17,1,0,0.17,0.20,+0.02,26,
4461,安田吉宏,B1,三重,40,101,4.51,200,,,,,,,,,,,37,8.1,39,0.0,34,0.0,2.0,18,10,2,2,3,1,0,0.16,0,0,0.16,,,0,
4112,大久保信,A2,佐賀,46,88,5.36,200,,,,,,,,,,,44,9.1,44,4.5,32,0.0,-0.1,37,18,6,5,6,2,0,0.17,1,0,0.16,0.20,+0.03,32,
5345,牧村俊輝,B1,愛知,23,134,3.44,200,,,,,,,,,,,44,2.3,40,0.0,61,0.0,0.8,7,4,0,1,0,1,1,0.19,0,0,0.19,,,0,
3831,安藤裕貴,B1,愛知,52,78,4.34,200,,,,,,,,,,,41,2.4,34,0.0,29,0.0,-2.1,22,10,2,8,1,1,0,0.15,0,0,0.15,,,0,
4245,高橋直哉,B1,東京,44,93,4.33,199,,,,,,,,,,,33,6.1,39,0.0,37,2.7,0.5,20,8,4,3,2,2,1,0.18,0,0,0.18,,,0,
5153,佐藤ほの,B1,東京,30,127,3.40,199,,,,,,,,,,,36,5.6,40,0.0,32,0.0,2.0,7,3,2,1,1,0,0,0.17,1,0,0.17,0.18,+0.01,56,
4270,岸本雄貴,B1,三重,44,94,4.95,199,,,,,,,,,,,43,7.0,35,0.0,30,0.0,1.2,25,17,3,3,2,0,0,0.17,1,0,0.17,0.21,+0.05,22,慎重型
3075,中村裕将,B1,埼玉,63,51,4.76,199,,,,,,,,,,,38,5.3,37,2.7,32,0.0,-0.1,21,9,0,5,3,4,0,0.13,0,0,0.13,,,0,
4051,清水敦揮,A2,岡山,45,85,6.70,199,,,,,,,,,,,35,8.6,37,0.0,29,3.4,-3.0,49,30,6,1,7,5,0,0.18,0,0,0.18,,,0,
4652,酒見峻介,B1,佐賀,41,108,4.82,199,,,,,,,,,,,43,2.3,33,3.0,34,2.9,-3.0,25,13,3,4,3,1,1,0.17,1,0,0.17,0.18,+0.01,81,
4034,西原明生,B1,香川,47,85,4.04,199,,,,,,,,,,,41,2.4,45,2.2,26,0.0,-0.2,14,9,2,1,2,0,0,0.20,1,0,0.20,0.22,+0.02,74,
3995,重野哲之,A2,静岡,47,83,6.33,199,,,,,○,,,,,,38,15.8,36,11.1,31,6.5,3.6,52,34,2,10,5,1,0,0.12,2,0,0.12,0.11,-0.01,41,候補
4031,飯島誠,B1,埼玉,48,85,4.85,199,,,,,○,,,,,,33,9.1,40,5.0,38,2.6,1.8,24,7,4,3,6,3,1,0.17,0,0,0.17,,,0,
4323,山田佑樹,B1,岡山,39,95,6.07,199,,,,,○,,,,,,37,8.1,40,7.5,39,0.0,-0.8,32,15,6,5,4,2,0,0.16,0,0,0.16,,,0,
4948,木場悠介,B1,長崎,33,119,5.54,199,,,,,○,,,,,,37,13.5,39,5.1,31,0.0,3.1,28,15,0,7,4,2,0,0.15,0,0,0.15,,,0,
4232,笠雅雄,B1,福岡,43,92,5.91,199,,,,,○,,,,,,37,13.5,43,11.6,32,0.0,5.1,33,8,3,12,5,4,1,0.17,0,0,0.17,,,0,
4945,上村宏太,B1,東京,34,119,4.20,198,,,,,,,,,,,41,12.2,51,0.0,32,0.0,5.8,14,2,3,2,6,1,0,0.18,0,0,0.18,,,0,
4653,小野達哉,A1,大阪,40,108,6.50,198,,,,,○,,,,,,32,12.5,35,11.4,32,0.0,-0.3,62,40,2,9,5,6,0,0.15,0,0,0.15,,,0,
5183,中野孝二,B1,三重,27,128,5.18,198,,,,,○,,,,,,37,10.8,39,5.1,39,0.0,3.1,22,12,1,5,4,0,0,0.16,2,0,0.15,0.18,+0.03,30,
3569,増田進,B1,東京,55,70,3.93,198,,,,,,,,,,,36,0.0,43,0.0,36,0.0,-3.0,14,7,5,1,0,0,1,0.18,2,0,0.18,0.22,+0.04,21,
4715,村上遼,A1,長崎,34,110,6.67,198,,,,,○,,,,,,36,13.9,35,14.3,34,2.9,2.2,58,24,7,11,11,5,0,0.14,2,0,0.13,0.15,+0.02,92,
3226,浦田信義,B1,東京,61,57,4.29,198,,,,,,,,壁強●,,,39,7.7,37,2.7,31,0.0,0.9,20,15,0,3,1,1,0,0.18,1,0,0.18,0.20,+0.02,34,
3580,水口由紀,B1,滋賀,53,70,4.36,198,,,,,,,,,,,39,2.6,38,2.6,28,0.0,-2.0,9,7,0,1,1,0,0,0.19,0,0,0.19,,,0,
5297,南彩寧,B1,兵庫,24,132,3.69,198,,,,,,,,,,,41,0.0,47,0.0,26,0.0,-1.6,10,6,2,1,0,1,0,0.21,0,0,0.21,,,0,
4352,下條雄太,A1,長崎,40,96,7.45,198,,,,,○,○,,,,,36,5.6,33,18.2,35,0.0,-5.2,60,35,5,5,10,3,2,0.14,2,0,0.14,0.15,+0.01,68,
4630,岩永雅人,A2,愛知,39,107,5.60,198,,,,,,○,,,,,41,2.4,33,0.0,44,2.3,-4.9,31,21,6,1,3,0,0,0.19,3,0,0.18,0.20,+0.02,108,
3860,松本浩貴,B1,埼玉,53,79,3.60,198,,,,,,,,,,,26,3.8,42,0.0,30,0.0,0.7,9,3,1,3,1,1,0,0.19,0,0,0.19,,,0,
3696,白井友晴,B1,埼玉,54,74,4.94,198,,,,,,○,,,,,38,0.0,41,2.4,31,0.0,-4.6,17,8,2,4,1,2,0,0.17,0,0,0.17,,,0,
4405,南野利騰,B1,福井,41,99,4.54,198,,,,,,,,,,,35,5.7,40,0.0,28,0.0,1.0,10,5,1,3,1,0,0,0.16,1,0,0.16,0.18,+0.02,19,
3615,横田茂,B1,広島,53,71,4.54,198,,,,,,,,,,,44,9.1,39,0.0,33,0.0,2.8,20,12,2,3,3,0,0,0.15,0,0,0.15,,,0,
4988,牟田奨太,B1,静岡,29,120,4.22,198,,,,,○,,,,,,36,13.9,40,5.0,39,2.6,6.8,27,15,1,3,5,3,0,0.14,1,0,0.14,0.28,+0.14,4,
4592,小林孝弘,B1,山口,45,106,4.38,198,,,,,,,,,,,36,2.8,43,2.3,26,0.0,-2.6,18,6,3,0,7,2,0,0.15,1,0,0.15,0.17,+0.02,18,
3659,藤生雄人,A2,群馬,51,72,5.63,198,,,,,○,,,,,,40,7.5,38,5.3,26,0.0,-1.2,25,19,2,2,2,0,0,0.17,1,0,0.17,0.18,+0.02,10,
3503,堂原洋史,B1,埼玉,56,67,3.55,198,,,,,,,,,,,40,2.5,37,2.7,31,0.0,-0.2,13,7,2,3,1,0,0,0.16,0,0,0.16,,,0,
5332,村松遥輝,B1,静岡,22,133,3.74,198,,,,,,,,,,,37,0.0,41,2.4,35,0.0,-2.0,15,9,4,1,1,0,0,0.16,2,0,0.15,0.17,+0.02,88,
4831,羽野直也,A1,福岡,31,114,7.33,198,,,,,,○,,,,,37,2.7,41,4.9,32,3.1,-7.3,54,32,6,3,9,3,1,0.15,1,0,0.14,0.15,+0.01,91,
4976,金山立樹,B1,東京,32,120,4.92,198,,,,,○,,,,,,36,2.8,36,5.6,23,0.0,-2.6,24,10,1,8,2,3,0,0.20,0,0,0.20,,,0,
3961,谷村一哉,A1,山口,47,82,6.69,198,,,,,○,,,,,,31,9.7,34,8.8,36,5.6,-2.2,46,25,5,2,7,7,0,0.17,0,0,0.17,,,0,
5290,坂本一真,B1,東京,25,132,3.04,197,,,,,,,,,,,39,10.3,34,0.0,33,0.0,5.2,9,4,0,4,0,1,0,0.17,0,0,0.17,,,0,
4167,片岡秀樹,B1,徳島,44,90,4.65,197,,,,,,,,,,,37,2.7,35,0.0,45,0.0,-1.9,13,9,1,1,1,1,0,0.15,1,0,0.15,0.15,-0.01,21,候補
4896,花本剛,B1,山口,34,117,4.15,197,,,,,,,,,,,38,2.6,40,0.0,33,0.0,-1.2,19,12,2,4,0,1,0,0.18,1,0,0.18,0.19,+0.01,54,
3982,福田理,B1,岡山,48,83,4.15,197,,,,,,,,,,,36,8.3,42,4.8,26,3.8,2.8,18,7,2,7,2,0,0,0.17,0,0,0.17,,,0,
3544,豊田訓靖,B1,静岡,57,69,4.12,197,,,,,,,,,,,36,8.3,40,0.0,29,0.0,3.9,8,2,2,2,2,0,0,0.19,0,0,0.19,,,0,
3233,小畑実成,B1,岡山,59,57,4.55,197,,,,,,,,,,,38,10.5,40,2.5,29,0.0,3.7,21,8,2,7,2,1,1,0.17,1,0,0.16,0.17,+0.01,41,
4429,豊田泰洋,B1,広島,40,100,3.33,197,,,,,,,,,,,45,2.2,36,2.8,35,0.0,-0.7,13,8,2,0,2,1,0,0.19,1,0,0.18,0.20,+0.01,38,
3827,今泉徹,B1,群馬,53,78,4.07,197,,,,,,,,,,,41,2.4,38,0.0,30,0.0,-0.2,8,6,0,1,0,1,0,0.17,0,0,0.17,,,0,
4225,土屋千明,A2,群馬,44,92,6.19,197,,,,,,,,,,,27,7.4,38,0.0,33,0.0,-1.2,36,20,5,2,1,7,1,0.16,3,0,0.15,0.18,+0.03,51,
4846,佐藤駿介,B1,山口,32,115,4.59,197,,,,,,,,,,,41,4.9,32,0.0,34,0.0,0.4,16,9,1,2,0,2,2,0.17,0,0,0.17,,,0,
3805,高橋英之,B1,東京,52,77,5.52,197,,,,,,,,,,,36,16.7,32,3.1,29,0.0,5.3,26,12,2,7,5,0,0,0.13,1,0,0.12,0.15,+0.03,57,
5067,山田真聖,B1,山口,27,123,5.16,197,,,,,,,,,,,40,10.0,48,4.2,29,3.4,2.6,28,12,2,8,4,2,0,0.15,0,0,0.15,,,0,
5318,河内一馬,B1,愛知,25,133,3.92,197,,,,,,,,,,,33,6.1,37,2.7,41,0.0,2.0,10,5,0,2,2,1,0,0.17,1,0,0.17,0.18,+0.01,19,
4271,川崎公靖,B1,広島,44,94,4.26,197,,,,,,,,,,,40,5.0,45,2.2,22,0.0,-1.0,15,6,2,2,4,1,0,0.16,0,0,0.16,,,0,
4131,原豊土,B1,静岡,46,89,5.70,196,,,,,○,,,,,,36,16.7,41,9.8,37,0.0,5.3,40,23,4,6,6,1,0,0.16,0,0,0.16,,,0,
4677,片橋幸貴,A1,滋賀,38,109,6.07,196,,,,,○,,○,,,,34,20.6,42,9.5,34,0.0,6.8,48,21,5,5,11,5,1,0.15,0,0,0.15,,,0,
4981,牧山敦也,B1,佐賀,30,120,5.22,196,,,,,○,,,,,,44,2.3,37,8.1,34,0.0,-3.2,22,12,3,1,4,2,0,0.18,1,0,0.18,0.19,+0.02,49,
4740,齋藤達希,B1,静岡,34,111,4.51,196,,,,,,,,,,,37,2.7,42,2.4,31,0.0,-2.6,21,10,5,2,4,0,0,0.17,0,0,0.17,,,0,
4419,原加央理,A2,埼玉,39,99,5.57,196,,,,,,,,,,,40,12.5,36,2.8,26,0.0,2.4,25,11,5,5,3,1,0,0.16,0,0,0.16,,,0,
4875,大塚康雅,B1,東京,32,116,5.39,196,,,,,,,,,,,42,7.1,34,2.9,34,0.0,0.5,24,9,5,4,3,3,0,0.18,1,0,0.17,0.24,+0.06,22,慎重型
4274,長畑友輔,B1,東京,44,94,4.64,196,,,,,○,,,,,,35,2.9,37,8.1,34,0.0,-2.5,22,9,6,3,3,1,0,0.16,0,0,0.16,,,0,
4372,原田佑実,A2,大阪,39,97,6.06,196,,,,,○,,,,,,35,8.6,34,5.9,30,0.0,-0.4,46,24,9,4,7,2,0,0.16,0,0,0.16,,,0,
4714,喜多須杏,B1,徳島,35,110,5.00,196,,,,,,,,,,,43,2.3,41,2.4,27,0.0,-3.1,17,12,1,0,3,1,0,0.17,1,0,0.16,0.18,+0.02,47,
4317,木村紗友,B1,静岡,42,95,4.34,196,,,,,,,,,,,38,7.9,41,0.0,26,0.0,2.6,25,15,4,4,1,1,0,0.18,1,0,0.18,0.15,-0.03,21,候補
3910,松下知幸,B1,香川,52,81,4.16,196,,,,,,,,,,,33,3.0,42,0.0,32,0.0,0.2,22,10,7,2,3,0,0,0.17,0,0,0.17,,,0,
3568,木村光宏,B1,香川,55,70,4.11,196,,,,,,,,,,,46,10.9,31,0.0,18,0.0,4.2,25,14,2,5,3,1,0,0.17,0,0,0.17,,,0,
3627,井上恵一,A2,福岡,57,72,4.68,196,,,,,○,,,,,,58,8.6,31,6.5,7,14.3,1.8,33,19,0,8,1,3,2,0.19,1,0,0.18,0.19,+0.01,49,
4883,岡部大輝,A2,東京,30,116,6.20,196,,,,,○,,,,,,36,11.1,49,14.3,25,0.0,1.4,49,20,11,3,13,1,1,0.16,0,0,0.16,,,0,
3105,内山文典,B1,東京,63,52,5.14,195,,,,,,○,,,,,31,0.0,35,2.9,34,0.0,-4.4,24,14,3,5,1,0,1,0.17,1,0,0.17,,,0,
5007,近藤雄一,B1,東京,29,121,4.68,195,,,,,,,,,,,34,8.8,42,0.0,35,0.0,1.7,22,13,2,2,2,3,0,0.18,1,0,0.18,0.19,+0.01,47,
5048,眞鳥康太,B1,長崎,32,123,4.54,195,,,,,○,,,,,,24,12.5,39,7.7,78,1.3,3.7,22,8,0,7,3,2,2,0.19,1,0,0.19,0.24,+0.05,13,慎重型
4219,本岡勝利,B1,広島,44,92,3.93,195,,,,,,,,,,○,41,0.0,49,2.0,27,0.0,-2.3,6,3,1,0,0,1,1,0.19,1,0,0.18,0.23,+0.05,53,慎重型
3790,佐口達也,B1,群馬,54,77,4.51,195,,,,,,,,,,,40,0.0,32,0.0,33,0.0,-3.1,15,9,1,3,0,1,1,0.19,1,0,0.18,0.23,+0.04,14,
3761,山本光雄,B1,滋賀,54,76,5.09,195,,,,,○,,,,,,45,6.7,35,5.7,32,0.0,0.1,33,19,4,4,4,2,0,0.16,1,0,0.16,0.18,+0.02,27,
3757,畑和宏,A2,広島,54,76,5.57,195,,,,,,,,,,,43,14.0,39,2.6,24,4.2,3.5,28,15,1,9,2,1,0,0.16,1,0,0.16,,,0,
2538,高橋二朗,B1,東京,77,32,3.27,195,,,,,,,,,,○,35,0.0,32,0.0,24,0.0,-2.2,3,2,1,0,0,0,0,0.21,0,0,0.21,,,0,
4277,金田大輔,B1,岡山,43,94,4.65,195,,,,,○,,,,,,41,9.8,42,11.9,34,8.8,2.4,36,12,1,10,6,7,0,0.16,1,0,0.16,0.17,+0.02,42,
5316,村松将平,B1,静岡,25,133,5.20,195,,,,,,,,,,,47,2.1,47,0.0,44,2.3,-3.3,19,11,3,2,2,1,0,0.14,2,0,0.14,0.15,+0.02,83,
3752,宇土泰就,B1,福岡,55,76,4.16,195,,,,,○,,,,,,37,2.7,37,5.4,35,0.0,-1.1,14,7,3,2,1,1,0,0.16,0,0,0.16,,,0,
5354,渡邊雄斗,B1,三重,21,134,4.29,195,,,,,○,,,,,,42,0.0,43,7.0,80,0.0,-2.3,11,2,3,0,3,3,0,0.19,0,0,0.19,,,0,
5292,佐藤右京,B1,東京,24,132,4.46,195,,,,,,,,,,,33,3.0,36,0.0,35,2.9,-0.9,14,5,2,3,2,2,0,0.20,0,0,0.20,,,0,
5079,大石真央,B1,静岡,28,124,5.16,195,,,,,,,,,,,33,12.1,34,2.9,37,2.7,3.9,24,12,2,8,2,0,0,0.17,1,0,0.17,0.17,+0.00,28,候補
5329,金子龍斗,B1,兵庫,22,133,4.64,194,,,,,○,,,,,,39,5.1,52,7.7,42,4.8,-0.9,26,9,1,3,10,1,2,0.16,2,0,0.16,0.17,+0.01,98,
5093,浦野海,B2,福岡,24,124,3.57,194,,,,,,,,,,,32,3.1,40,0.0,37,0.0,-2.2,22,18,0,3,0,1,0,0.18,2,0,0.17,0.20,+0.03,55,
5181,森智哉,B1,岡山,28,128,4.78,194,,,,,○,,,,,,35,8.6,39,5.1,33,0.0,1.5,23,13,0,5,5,0,0,0.17,2,0,0.16,0.20,+0.03,19,
4845,前田紗希,A1,埼玉,33,115,6.04,194,,,,,○,,,,,,41,19.5,30,6.7,32,3.1,6.4,56,22,8,14,7,5,0,0.15,2,0,0.13,0.18,+0.05,52,慎重型
3161,古場輝義,B1,大阪,66,55,4.83,194,,,,,,○,,,,,46,2.2,32,0.0,0,,-5.3,16,8,1,2,2,3,0,0.18,0,0,0.18,,,0,
4491,田中堅,B1,群馬,39,102,4.32,194,,,,,,,,,,○,40,0.0,31,0.0,36,0.0,-3.9,9,8,0,0,0,1,0,0.19,0,0,0.19,,,0,
4669,井上茂,B1,福岡,41,109,4.17,194,,,,,,,,,,,38,5.3,40,0.0,29,0.0,-0.1,15,8,2,3,1,1,0,0.17,1,0,0.16,0.25,+0.09,11,慎重型
4995,田邉亮蔵,B1,東京,35,121,3.77,194,,,,,,,,,,,38,0.0,40,2.5,34,2.9,-3.8,19,12,1,5,1,0,0,0.19,0,0,0.19,,,0,
5271,杉山太陽,B1,福岡,25,131,4.04,194,,,,,,,,,,,27,0.0,42,2.4,32,0.0,-1.8,13,6,2,1,3,1,0,0.17,1,0,0.15,0.20,+0.05,62,慎重型
4752,西尾亮輔,B1,愛知,38,112,4.09,193,,,,,,,,,,,46,4.3,41,2.4,27,0.0,0.0,14,7,1,3,3,0,0,0.17,1,0,0.16,0.19,+0.02,51,
3849,中岡正彦,A1,香川,48,78,6.98,193,,,,,,,○,壁弱●,,,40,25.0,9,0.0,5,0.0,7.1,85,43,6,34,1,1,0,0.13,1,0,0.13,0.15,+0.02,63,
4248,岡本大,B1,長崎,44,93,4.56,193,,,,,,,,,,,43,2.3,40,2.5,22,0.0,-2.2,14,7,0,3,3,1,0,0.17,0,0,0.17,,,0,
4887,富澤祐作,B1,群馬,39,117,5.03,193,,,,,,,,,,,34,14.7,38,2.6,33,0.0,5.7,30,18,2,7,3,0,0,0.13,1,0,0.13,0.15,+0.02,27,
3685,荒井輝年,A2,岡山,52,73,6.28,193,,,,,○,,,,,,36,8.3,38,5.3,35,2.9,-0.6,29,12,1,6,6,4,0,0.15,3,0,0.15,0.16,+0.01,58,
3617,竹田広樹,B1,佐賀,53,71,3.84,193,,,,,○,,,,,,36,8.3,43,7.0,22,0.0,3.9,23,11,2,7,1,1,1,0.19,1,0,0.19,0.20,+0.01,63,
3477,近藤稔也,B1,徳島,55,66,3.70,193,,,,,,,,,,,37,2.7,35,2.9,33,0.0,-0.0,9,5,0,2,0,2,0,0.19,1,0,0.19,0.19,-0.00,11,候補
5334,樫葉新心,B1,徳島,22,133,2.80,193,,,,,,,,,,,35,0.0,41,2.4,35,0.0,-1.5,7,2,1,1,2,1,0,0.19,1,0,0.18,0.23,+0.05,36,慎重型
4987,島倉都,B1,群馬,29,120,3.62,193,,,,,,,,,,,41,0.0,30,0.0,33,0.0,-2.0,15,11,1,0,2,1,0,0.17,0,0,0.17,,,0,
5344,谷口丞,B1,滋賀,23,134,5.46,193,,,,,,,,,,,30,13.3,48,4.2,55,3.6,5.3,26,7,4,8,4,2,1,0.15,2,0,0.15,0.14,-0.00,33,候補
5167,小川竜太,B1,埼玉,26,127,5.39,193,,,,,,,,,,,37,5.4,39,2.6,29,3.4,-0.8,21,6,5,4,3,2,1,0.16,0,0,0.16,,,0,
4779,伊倉光,B1,東京,40,113,5.33,193,,,,,○,,,,,,40,5.0,40,10.0,28,0.0,-1.1,20,12,0,3,4,0,1,0.16,0,0,0.16,,,0,
3257,田頭実,A1,福岡,59,58,6.76,193,,,,,,,,壁弱●,,,5,0.0,0,,0,,,74,34,9,27,1,3,0,0.14,2,0,0.14,0.14,-0.00,103,候補
4272,大場広孝,B1,福岡,44,94,4.91,193,,,,,,,,,,,38,2.6,35,2.9,34,0.0,-2.7,15,5,4,2,2,2,0,0.16,1,0,0.15,0.17,+0.02,37,
5000,岡本翔太,B1,山口,32,121,4.94,192,,,,,,,,,,,35,5.7,41,4.9,34,2.9,0.3,23,15,2,1,4,1,0,0.13,1,0,0.12,0.14,+0.01,53,
3714,梶原正,B1,福岡,51,74,4.39,192,,,,,,,,,,,40,5.0,41,2.4,30,0.0,-0.2,20,15,0,3,2,0,0,0.15,0,0,0.15,,,0,
4656,大崎翔,A2,兵庫,39,108,4.84,192,,,,,,,,,,,39,10.3,41,2.4,28,0.0,2.8,28,13,7,1,6,1,0,0.15,0,0,0.15,,,0,
4104,木下陽介,B1,東京,46,88,4.39,192,,,,,○,,,,,,44,4.5,36,5.6,29,3.4,-1.4,22,10,1,8,1,2,0,0.14,0,0,0.14,,,0,
5250,嶋田有里,B1,長崎,24,130,4.81,192,,,,,,,,,,,37,0.0,33,0.0,29,0.0,-3.1,12,7,2,0,1,2,0,0.18,1,0,0.18,0.19,+0.01,22,
4730,土屋実沙,B1,静岡,37,111,5.38,192,,,,,,,,,,,42,4.8,31,3.2,23,0.0,-1.3,31,11,7,4,4,5,0,0.16,1,0,0.16,0.18,+0.02,38,
5027,重冨勇哉,B1,山口,29,122,4.09,192,,,,,○,,,,,,44,6.8,34,5.9,36,0.0,0.3,19,9,5,1,4,0,0,0.19,2,0,0.19,0.25,+0.06,2,
4213,重富伸也,B1,長崎,42,91,3.80,192,,,,,○,,,,,,30,13.3,42,11.9,71,14.1,6.0,22,2,0,15,5,0,0,0.16,2,0,0.15,0.17,+0.02,38,
4422,永井亮次,B1,大阪,38,99,4.66,192,,,,,,,,,,,35,2.9,39,2.6,33,0.0,-2.5,23,15,2,1,4,1,0,0.17,0,0,0.17,,,0,
3896,上田洋平,B1,滋賀,50,80,4.92,192,,,,,,,,,,,40,2.5,32,0.0,27,0.0,-2.9,19,13,3,1,1,1,0,0.16,0,0,0.16,,,0,
3350,藤本佳史,B1,山口,58,62,5.03,192,,,,,,○,,,,,40,0.0,39,0.0,31,0.0,-4.7,28,20,4,3,0,1,0,0.17,0,0,0.17,,,0,
5047,國分将太,B1,東京,32,123,6.11,191,,,,,○,,,,,,39,5.1,32,12.5,38,0.0,-2.9,30,12,8,5,4,1,0,0.16,0,0,0.16,,,0,
3212,亀本勇樹,B1,広島,64,57,4.56,191,,,,,,,,,,,52,9.6,19,0.0,14,0.0,3.3,18,10,1,6,1,0,0,0.16,1,0,0.16,0.16,-0.01,3,
5127,沼田大都,B1,愛知,29,126,4.45,191,,,,,,○,,,,,37,0.0,37,0.0,34,0.0,-4.6,15,7,3,1,2,2,0,0.21,1,0,0.20,0.24,+0.04,57,
4183,宇野弥生,A2,愛知,40,90,4.87,191,,,,,,,,,,,37,18.9,32,3.1,38,2.6,8.9,47,30,3,7,6,1,0,0.14,3,0,0.13,0.18,+0.05,39,慎重型
3838,伊藤啓三,B1,埼玉,51,78,5.44,191,,,,,○,,,,,,31,3.2,39,5.1,35,0.0,-2.2,22,9,5,3,3,1,1,0.15,0,0,0.15,,,0,
3392,小森信雄,B1,三重,61,64,4.41,191,,,,,,,,,,,31,0.0,38,0.0,32,0.0,-3.6,16,11,2,2,0,0,1,0.20,0,0,0.20,,,0,
4136,江夏満,A1,福岡,46,89,6.10,191,,,,,○,○,,,,,34,0.0,29,10.3,37,0.0,-9.0,42,28,5,4,4,1,0,0.17,1,0,0.17,0.17,+0.00,99,候補
4027,松江秀徳,A2,佐賀,48,85,5.40,191,,,,,○,,,,,,46,17.4,39,12.8,22,0.0,8.2,40,18,6,9,6,1,0,0.16,2,0,0.15,0.17,+0.02,48,
4003,表憲一,B1,福井,48,84,5.53,191,,,,,,○,,,,,34,0.0,40,2.5,35,0.0,-6.4,21,10,4,1,5,1,0,0.17,1,0,0.15,0.22,+0.06,43,慎重型
4964,土屋南,A2,岡山,29,119,6.19,191,,,,,,,,,,,38,5.3,30,3.3,27,3.7,-2.8,38,17,3,13,2,2,1,0.15,0,0,0.15,,,0,
5011,高木圭大,B1,長崎,29,121,4.03,190,,,,,,,,,,,39,0.0,34,2.9,35,0.0,-2.0,14,10,2,1,1,0,0,0.16,0,0,0.16,,,0,
4750,井上尚悟,B1,大阪,39,112,5.32,190,,,,,,,,,,,44,13.6,39,0.0,20,0.0,5.4,26,8,6,8,0,4,0,0.16,0,0,0.16,,,0,
4705,吉川勇作,B1,長崎,38,110,2.96,190,,,,,,,,,,,33,6.1,36,0.0,40,0.0,2.0,20,13,4,2,0,1,0,0.15,1,0,0.15,0.22,+0.07,11,慎重型
4947,間庭菜摘,B1,福岡,34,119,4.67,190,,,,,,,,,,,38,0.0,36,0.0,31,0.0,-3.8,12,8,1,1,0,2,0,0.18,0,0,0.18,,,0,
4065,金田幸子,B1,岡山,46,86,5.16,190,,,,,,,,,,,41,2.4,32,0.0,32,0.0,-2.9,26,12,2,8,2,1,1,0.17,0,0,0.17,,,0,
4631,新井英孝,B1,大阪,39,107,4.80,190,,,,,,,,,,,39,2.6,42,4.8,35,0.0,-2.8,27,14,2,1,4,6,0,0.15,2,0,0.15,0.18,+0.03,28,
3605,中村守成,B1,三重,54,71,4.15,190,,,,,,,,,,,36,2.8,38,0.0,29,0.0,-1.1,16,13,1,0,2,0,0,0.19,0,0,0.19,,,0,
3792,田中豪,A1,東京,53,77,6.07,190,,,,,,,,,,,36,13.9,35,2.9,29,6.9,0.7,45,19,4,11,8,3,0,0.16,0,0,0.16,,,0,
4025,山本隆幸,A1,兵庫,48,85,6.44,190,,,,,○,,,,,,37,16.2,37,13.5,23,8.7,2.3,56,30,2,14,8,2,0,0.17,0,0,0.17,,,0,
4093,吉田宗弘,B1,東京,45,87,4.49,190,,,,,,,,,,,35,5.7,43,0.0,22,0.0,1.0,16,10,1,4,0,1,0,0.18,1,0,0.18,0.19,+0.01,30,
3776,横井健太,B1,愛知,51,76,3.28,190,,,,,,,,,,○,35,0.0,39,0.0,39,0.0,-1.5,3,0,1,0,0,1,1,0.19,0,0,0.19,,,0,
4836,大谷健太,B1,埼玉,37,115,5.16,190,,,,,,,,,,,35,5.7,31,3.2,39,5.1,-0.5,33,13,4,11,2,2,1,0.16,1,0,0.16,0.22,+0.06,10,慎重型
5266,石田勇斗,B1,愛知,26,131,4.50,190,,,,,,,,,,,33,3.0,42,4.8,32,0.0,-1.6,20,12,0,2,3,1,2,0.15,1,0,0.15,0.16,+0.00,37,候補
4020,川上清人,B1,香川,46,84,3.93,190,,,,,,,,,,,31,3.2,39,0.0,39,2.6,0.3,16,8,1,2,2,2,1,0.18,0,0,0.18,,,0,
5203,神里琴音,B1,福岡,22,128,5.39,190,,,,,,○,,,,,40,0.0,35,2.9,27,0.0,-4.7,24,11,3,7,1,1,1,0.15,0,0,0.15,,,0,
4238,毒島誠,A1,群馬,42,92,7.85,190,,,,,○,○,,,,,32,9.4,25,12.0,8,0.0,-7.1,79,46,10,8,10,5,0,0.14,0,0,0.14,,,0,
5199,垂水悠,B1,徳島,24,128,4.83,189,,,,,○,,,,,,34,8.8,42,9.5,34,2.9,1.7,31,11,1,12,3,3,1,0.11,2,0,0.11,0.11,-0.01,11,候補
4041,小林基樹,B1,山口,47,85,3.94,189,,,,,,,,,,,36,2.8,37,0.0,19,0.0,-1.1,14,6,3,1,2,2,0,0.20,1,0,0.20,0.26,+0.06,19,慎重型
4897,深見亜由,B1,愛知,34,117,3.54,189,,,,,,,,,,,36,0.0,35,2.9,31,0.0,-2.0,12,7,0,5,0,0,0,0.20,0,0,0.20,,,0,
4625,渡邊裕貴,B1,静岡,40,107,5.26,189,,,,,,,,,,,34,14.7,39,2.6,33,6.1,6.5,31,16,5,9,1,0,0,0.17,0,0,0.17,,,0,
5151,山下奈緒,B1,大阪,31,127,4.32,189,,,,,,,,,,,35,2.9,35,0.0,32,3.1,0.1,12,4,0,3,2,3,0,0.22,0,0,0.22,,,0,
3852,澤大介,B1,三重,54,79,4.79,189,,,,,,,,,,,36,5.6,39,2.6,33,3.0,0.9,25,15,2,3,4,1,0,0.19,2,0,0.18,0.22,+0.04,52,
4484,稲生夏季,B1,東京,36,101,4.72,189,,,,,,○,,,,,33,0.0,33,3.0,33,0.0,-4.5,18,10,3,3,0,2,0,0.20,1,0,0.20,0.23,+0.04,24,
5044,渡邉健,B1,東京,27,122,3.35,189,,,,,○,,,,,,38,18.4,38,5.3,35,0.0,9.4,30,18,0,3,7,2,0,0.15,2,0,0.14,0.16,+0.02,32,
3306,武田正紀,B1,埼玉,58,60,4.15,189,,,,,,,,,,,41,9.8,33,0.0,28,0.0,4.0,13,5,0,5,1,1,1,0.15,0,0,0.15,,,0,
5065,伊久間陽,A2,群馬,28,123,5.33,189,,,,,○,,,,,,36,16.7,32,18.8,39,2.6,7.2,37,15,5,5,10,2,0,0.12,2,0,0.12,0.11,-0.00,57,候補
3773,津留浩一,B1,長崎,52,76,3.85,189,,,,,,,,,,○,38,0.0,40,0.0,28,0.0,-3.8,14,11,1,0,0,2,0,0.16,0,0,0.16,,,0,
4143,浦田晃嗣,B1,佐賀,45,89,3.89,189,,,,,,,,,,,41,4.9,43,0.0,24,4.2,0.4,12,7,0,4,1,0,0,0.16,1,0,0.15,0.17,+0.02,35,
3834,細川明人,B1,岡山,51,78,4.26,189,,,,,,,,,,,36,2.8,41,0.0,28,0.0,-1.1,13,9,0,4,0,0,0,0.19,0,0,0.19,,,0,
3542,清水紀克,B1,愛知,57,69,4.10,189,,,,,,,,,,,10,0.0,3,0.0,0,,,16,11,2,2,0,1,0,0.19,1,0,0.19,0.22,+0.03,2,
3796,長野道臣,B1,静岡,53,77,4.27,189,,,,,,,,,,,35,5.7,34,2.9,44,0.0,0.3,20,9,6,2,2,1,0,0.17,1,0,0.17,0.18,+0.01,24,
5245,倉富大誠,B1,愛知,24,130,5.37,188,,,,,○,,,,,,37,16.2,35,8.6,34,0.0,7.0,25,8,3,9,4,0,1,0.17,2,0,0.17,0.18,+0.00,46,候補
4837,酒井陽祐,B1,愛知,37,115,5.20,188,,,,,,,,,,,36,2.8,42,4.8,26,0.0,-2.6,17,11,3,1,2,0,0,0.16,0,0,0.16,,,0,
3889,須藤隆雄,B1,群馬,51,80,3.54,188,,,,,,,,,,,35,0.0,36,0.0,30,0.0,-3.0,14,7,1,3,1,2,0,0.16,1,0,0.16,0.24,+0.08,2,
4893,渡邉真奈,B1,東京,35,117,5.16,188,,,,,○,,,,,,36,8.3,33,6.1,28,0.0,1.3,29,11,2,9,3,3,1,0.15,0,0,0.15,,,0,
4062,後藤陽介,B1,愛知,47,86,4.30,188,,,,,○,,,,,,41,12.2,36,5.6,32,0.0,5.8,21,13,1,6,1,0,0,0.18,0,0,0.18,,,0,
3800,牧宏次,A2,東京,52,77,5.58,188,,,,,,,,,,,31,3.2,32,3.1,34,0.0,-2.2,23,13,3,2,4,1,0,0.16,0,0,0.16,,,0,
5322,根岸真優,B1,埼玉,24,133,3.34,188,,,,,,,,,,,32,3.1,40,0.0,31,3.2,0.7,8,5,0,3,0,0,0,0.17,0,0,0.17,,,0,
4339,平瀬城啓,B1,福井,42,96,3.90,188,,,,,,,,,,,38,0.0,41,0.0,29,0.0,-3.1,15,10,2,0,1,2,0,0.18,0,0,0.18,,,0,
4204,柴田大輔,B1,福岡,44,91,5.06,188,,,,,○,,,,,,42,9.5,34,5.9,32,6.2,2.3,31,12,5,6,6,2,0,0.18,1,0,0.18,0.23,+0.05,5,
3445,加藤高史,B1,埼玉,56,65,4.97,188,,,,,○,○,,,,,36,0.0,39,5.1,29,6.9,-4.6,17,12,2,0,3,0,0,0.18,2,0,0.18,0.21,+0.04,17,
4281,大澤大夢,B1,埼玉,42,94,5.27,188,,,,,,,,,,,40,10.0,37,0.0,25,0.0,2.5,27,16,3,5,1,2,0,0.16,0,0,0.16,,,0,
3313,本吉正樹,B1,東京,61,61,4.24,188,,,,,,,,,,,38,2.6,32,0.0,30,0.0,-1.2,20,9,6,2,3,0,0,0.18,0,0,0.18,,,0,
5312,川辺郭人,B1,佐賀,26,133,3.70,187,,,,,,,,,,,39,0.0,39,0.0,34,0.0,-1.5,14,6,3,3,0,1,1,0.17,1,0,0.17,0.20,+0.03,30,
3436,柏野幸二,A2,岡山,57,65,5.79,187,,,,,○,○,,,,,39,2.6,36,8.3,25,4.0,-4.8,37,22,6,3,5,1,0,0.13,2,0,0.13,0.14,+0.01,102,
3224,栗山繁洋,B1,佐賀,61,57,3.91,187,,,,,,,,,,,38,0.0,44,2.3,19,0.0,-2.0,12,7,1,1,2,1,0,0.19,1,0,0.19,0.19,-0.01,7,
4785,木幡純也,B1,愛知,38,113,4.18,187,,,,,,,,,,,35,0.0,39,0.0,29,0.0,-3.0,13,3,2,3,3,1,1,0.19,0,0,0.19,,,0,
3175,渡辺千草,B1,東京,62,55,4.51,187,,,,,,,,,,,38,10.5,37,0.0,30,0.0,2.9,11,2,3,3,3,0,0,0.16,0,0,0.16,,,0,
3717,立間充宏,A2,岡山,51,74,5.56,187,,,,,○,,,,,,26,11.5,37,10.8,41,0.0,1.5,31,17,4,5,5,0,0,0.16,1,0,0.16,0.17,+0.01,9,
4203,小倉康典,B1,群馬,44,91,4.15,187,,,,,○,,,,,,38,7.9,30,10.0,32,0.0,1.8,19,10,0,4,3,2,0,0.16,1,0,0.16,0.18,+0.02,1,
3361,岡部浩,B1,徳島,57,62,4.20,187,,,,,,,,,,,25,8.0,33,0.0,34,0.0,3.3,15,7,3,1,1,3,0,0.17,0,0,0.17,,,0,
3297,藤丸光一,B1,福岡,59,60,4.79,187,,,,,,,,,,,37,0.0,9,0.0,1,0.0,-3.8,17,7,6,2,1,1,0,0.21,1,0,0.20,0.22,+0.03,71,
3664,鈴木賢一,B1,埼玉,56,73,4.50,187,,,,,,,,,,,33,12.1,41,0.0,32,3.1,3.9,23,12,2,6,1,2,0,0.17,0,0,0.17,,,0,
5272,松田真実,B1,愛知,25,131,4.94,187,,,,,,,,,,,37,2.7,37,0.0,28,0.0,-1.9,24,14,5,2,0,3,0,0.19,1,0,0.19,0.19,+0.01,41,
4764,小池礼乃,B1,福岡,36,112,4.94,187,,,,,,,,,,,44,6.8,26,0.0,32,0.0,0.2,36,19,2,8,2,5,0,0.17,1,0,0.16,0.19,+0.02,44,
3602,奥平拓也,B1,東京,56,71,4.21,187,,,,,,,,,,,32,3.1,45,2.2,32,0.0,-1.5,15,6,4,3,1,1,0,0.19,1,0,0.17,0.22,+0.05,77,慎重型
5337,出畑孝成,B1,福岡,20,133,4.36,187,,,,,○,,,,,,58,6.9,67,6.0,87,1.1,2.1,12,0,1,1,8,2,0,0.19,1,0,0.19,0.27,+0.08,3,
3772,一柳和孝,B1,埼玉,52,76,4.86,187,,,,,,○,,,,,34,2.9,33,0.0,30,0.0,-4.3,17,12,1,2,1,1,0,0.15,1,0,0.15,0.19,+0.04,8,
3873,別府昌樹,B1,広島,50,79,4.96,186,,,,,○,,,,,,28,7.1,30,6.7,61,0.0,0.5,22,9,1,3,4,5,0,0.18,2,0,0.16,0.26,+0.11,39,慎重型
3876,中辻崇人,A1,福岡,49,79,6.76,186,,,,,○,,○,,,,25,28.0,31,38.7,35,8.6,9.4,71,35,2,20,10,3,1,0.16,2,0,0.16,0.15,-0.00,48,候補
4090,中村尊,B2,埼玉,45,87,6.07,186,,,,,○,,,,,,29,10.3,36,11.1,43,2.3,0.8,39,18,5,4,5,6,1,0.15,2,0,0.15,0.17,+0.02,69,
3974,深山祐二,B1,佐賀,49,83,4.35,186,,,,,,,,,,,36,2.8,32,0.0,24,0.0,-1.8,12,5,4,1,0,2,0,0.16,0,0,0.16,,,0,
5033,藤原孝斗,B1,愛知,28,122,4.40,186,,,,,,,,,,,30,0.0,36,0.0,32,0.0,-1.8,16,7,2,1,1,4,1,0.18,0,0,0.18,,,0,
5039,倉田茂将,B1,愛知,28,122,4.21,186,,,,,,,,,,,47,6.4,39,0.0,22,0.0,0.8,24,15,4,3,1,1,0,0.15,2,0,0.12,0.17,+0.05,120,慎重型
4911,片岡大地,A2,東京,30,117,4.80,186,,,,,,○,,,,,43,0.0,33,3.0,30,0.0,-4.8,19,13,3,1,1,1,0,0.15,1,0,0.14,0.17,+0.03,37,
3878,胡本悟志,B1,山口,49,79,4.36,186,,,,,○,,,,,,35,11.4,33,6.1,30,3.3,5.0,18,6,4,6,2,0,0,0.17,0,0,0.17,,,0,
4140,梶野学志,A2,東京,45,89,6.08,186,,,,,,,,,,,29,6.9,38,0.0,27,0.0,-1.5,43,30,1,6,3,3,0,0.16,1,0,0.16,0.17,+0.02,18,
5146,野田彩加,A2,山口,23,126,5.24,186,,,,,,,,,,,40,7.5,37,0.0,27,0.0,-1.2,30,13,3,8,4,1,1,0.16,0,0,0.16,,,0,
5240,高橋龍治,B1,福岡,26,130,4.54,186,,,,,,○,,,,,26,0.0,30,0.0,41,0.0,-4.1,20,13,3,1,2,1,0,0.17,1,0,0.17,0.17,+0.00,14,候補
3454,井川大作,B1,岡山,55,65,5.35,186,,,,,○,○,,,,,33,3.0,35,8.6,37,0.0,-4.2,22,10,1,3,4,4,0,0.16,0,0,0.16,,,0,
4169,多田有佑,B1,東京,44,90,4.08,186,,,,,,,,,,,34,5.9,39,2.6,30,0.0,1.9,13,8,1,3,1,0,0,0.21,1,0,0.20,0.24,+0.04,38,
4257,古川健,B1,広島,42,93,5.22,186,,,,,○,,○,,,,37,21.6,34,5.9,29,3.4,11.6,22,10,0,6,5,1,0,0.15,0,0,0.15,,,0,
4313,西村美智,A2,香川,42,95,5.32,186,,,,,,,,,,,29,13.8,24,0.0,36,0.0,3.0,40,19,2,12,1,5,1,0.15,2,0,0.14,0.21,+0.07,5,
3072,西田靖,B1,東京,64,51,3.99,185,,,,,,,,,,,1,0.0,0,,0,,,21,15,4,2,0,0,0,0.17,1,0,0.15,0.19,+0.04,58,
5063,大塚雅治,B1,東京,28,123,5.00,185,,,,,,,,,,,39,0.0,32,3.1,39,0.0,-3.9,18,9,3,0,4,2,0,0.18,1,0,0.17,0.22,+0.05,60,慎重型
3967,鈴木茂高,B1,愛知,46,82,4.68,185,,,,,,,,,,,42,0.0,36,2.8,36,0.0,-3.2,14,12,1,0,1,0,0,0.20,1,0,0.19,0.24,+0.05,31,慎重型
4164,岩永節也,B1,長崎,44,90,3.84,185,,,,,,,,,,○,35,0.0,38,0.0,22,0.0,-3.0,8,4,2,0,0,2,0,0.18,0,0,0.18,,,0,
5186,遠藤圭吾,B1,東京,26,128,4.51,185,,,,,,,,,,,33,0.0,32,3.1,33,3.0,-3.7,19,11,1,5,1,0,1,0.17,1,0,0.17,0.20,+0.04,29,
4635,峰重力也,A2,岡山,36,107,5.44,185,,,,,○,,,,,,31,9.7,32,6.2,33,6.1,2.1,39,17,4,11,4,3,0,0.13,1,0,0.13,0.06,-0.07,1,
5294,豊田祥生,B1,静岡,24,132,3.38,185,,,,,,,,,,,40,5.0,37,2.7,32,0.0,1.6,13,7,1,4,0,1,0,0.16,1,0,0.16,0.20,+0.04,11,
4909,薮内瑞希,B1,岡山,30,117,4.79,185,,,,,,,,,,,33,3.0,33,3.0,36,0.0,-2.3,28,14,5,6,1,1,1,0.16,1,0,0.16,0.17,+0.00,55,候補
5386,米玉利大,B1,兵庫,20,135,3.39,185,,,,,,,,,,,31,6.5,42,0.0,65,0.0,2.9,7,3,0,2,0,1,1,0.17,1,0,0.16,0.21,+0.04,36,
3339,泉具巳,B1,兵庫,61,62,3.94,185,,,,,,,,,,,36,11.1,35,0.0,30,3.3,4.1,16,7,4,3,2,0,0,0.16,1,0,0.16,,,0,
5375,庄島潤成,B1,山口,22,135,2.73,185,,,,,,,,,,,37,0.0,57,1.8,100,0.0,-1.0,1,0,0,0,1,0,0,0.18,0,0,0.18,,,0,
5285,若林麗,B1,東京,27,132,3.33,185,,,,,,,,,,,36,0.0,33,0.0,38,0.0,-2.2,12,7,2,0,1,2,0,0.18,1,0,0.18,0.21,+0.03,21,
5037,田頭虎親,B1,香川,28,122,5.69,185,,,,,○,○,,,,,32,3.1,37,8.1,38,0.0,-4.1,34,11,11,6,4,0,2,0.17,1,0,0.17,0.20,+0.03,13,
4905,土井祥伍,B1,大阪,31,117,4.67,185,,,,,,,,,,,40,0.0,38,0.0,31,0.0,-3.1,15,9,3,1,0,2,0,0.19,1,0,0.18,0.24,+0.06,30,慎重型
3558,山本浩次,B1,岡山,53,69,4.52,184,,,,,,,,,,,45,4.4,31,3.2,25,0.0,-1.5,20,12,1,2,4,1,0,0.16,1,0,0.16,0.15,-0.01,11,候補
4181,花本夏樹,B1,三重,43,90,3.44,184,,,,,,,,,,,37,0.0,46,0.0,16,0.0,-2.0,10,5,3,1,0,1,0,0.20,1,0,0.19,0.22,+0.03,72,
4546,浜田亜理,B1,埼玉,38,104,7.22,184,,,,,,○,,,,,34,2.9,35,2.9,27,0.0,-5.4,48,29,6,5,4,3,1,0.16,0,0,0.16,,,0,
4045,佐々木裕,B1,山口,46,85,4.66,184,,,,,,,,,,,39,10.3,36,0.0,21,0.0,3.6,24,10,5,7,2,0,0,0.16,0,0,0.16,,,0,
3620,信濃由行,B1,福井,52,71,3.33,184,,,,,,,,,,,43,2.3,32,0.0,23,0.0,-0.3,17,10,5,1,1,0,0,0.18,1,0,0.17,0.22,+0.04,8,
5071,野見山拓,B1,福岡,32,124,4.33,184,,,,,○,,,,,,38,5.3,37,5.4,29,6.9,-0.8,19,10,0,7,1,0,1,0.13,1,0,0.13,0.14,+0.01,38,
4891,寺島美里,B1,東京,36,117,5.11,184,,,,,,,,,,,30,0.0,42,4.8,31,0.0,-3.6,24,11,5,6,1,1,0,0.16,1,0,0.16,0.21,+0.05,19,慎重型
4538,笠置博之,A1,大阪,36,103,5.23,184,,,,,○,,○,,,,36,44.4,44,22.7,46,17.4,24.9,64,14,3,39,4,3,1,0.15,3,0,0.15,0.19,+0.04,18,
5313,鈴木唯央,B1,群馬,26,133,4.42,184,,,,,,,,,,,32,6.2,51,3.9,47,0.0,1.3,15,3,4,4,2,1,1,0.16,2,0,0.16,0.16,-0.01,41,候補
5231,寺田空詩,B1,山口,22,129,6.53,184,,,,,,,,,,,33,9.1,32,0.0,27,0.0,1.8,35,18,6,5,4,2,0,0.16,2,0,0.16,0.18,+0.03,30,
4871,菊池宏志,B1,山口,34,116,4.43,184,,,,,,,,,,,37,10.8,35,0.0,35,2.9,3.9,21,11,1,7,0,2,0,0.17,1,0,0.17,0.19,+0.03,26,
4023,柴田友和,B1,福岡,49,85,3.79,184,,,,,○,,,,,,35,0.0,37,5.4,32,3.1,-1.9,15,7,3,1,4,0,0,0.18,0,0,0.18,,,0,
4926,吉川貴仁,A1,三重,33,118,7.29,184,,,,,○,,○,,,,34,23.5,30,20.0,26,15.4,2.6,80,35,8,13,14,9,1,0.15,1,0,0.13,0.21,+0.08,28,慎重型
3748,小黒竜吾,B1,埼玉,51,75,3.97,184,,,,,,,,壁強●,,,31,3.2,43,4.7,31,0.0,-0.7,11,4,2,2,3,0,0,0.16,1,0,0.16,0.19,+0.03,25,
4254,川島圭司,A2,滋賀,43,93,5.83,184,,,,,○,,,,,,37,16.2,34,8.8,29,0.0,6.9,43,22,0,7,10,2,2,0.14,2,0,0.14,0.18,+0.04,26,
4557,松尾光広,B1,岡山,36,104,3.83,184,,,,,,,,,,,32,3.1,37,2.7,41,0.0,-1.5,15,10,4,0,1,0,0,0.20,1,0,0.18,0.22,+0.04,79,
5338,香月大輝,B1,福岡,26,134,4.50,184,,,,,,,,,,,53,5.7,48,0.0,54,0.0,1.1,13,6,2,4,1,0,0,0.15,1,0,0.15,0.17,+0.02,19,
3265,今村暢孝,A2,福岡,61,59,5.98,183,,,,,,,,,,,0,,0,,0,,,45,23,9,4,0,7,2,0.14,3,0,0.14,0.15,+0.01,116,
4110,小澤和也,B1,埼玉,46,88,3.72,183,,,,,,,,,,,39,5.1,35,0.0,24,0.0,-0.2,18,9,4,3,1,1,0,0.17,1,0,0.17,0.18,+0.01,47,
4094,中島真二,B1,福岡,45,87,4.73,183,,,,,,,,,,,40,2.5,42,2.4,27,0.0,-2.8,19,10,5,2,0,2,0,0.18,0,0,0.18,,,0,
4400,加藤奈月,B1,福井,38,98,4.19,183,,,,,,,,,,○,41,0.0,28,0.0,35,0.0,-3.1,5,5,0,0,0,0,0,0.19,0,0,0.19,,,0,
3497,後藤浩,B1,埼玉,58,67,4.00,183,,,,,,,,,,,37,10.8,33,0.0,29,0.0,3.9,31,19,3,3,6,0,0,0.17,0,0,0.17,,,0,
3948,大町利克,B1,大阪,50,82,3.50,183,,,,,,,,,,,31,0.0,33,3.0,34,0.0,-1.9,9,6,1,0,1,1,0,0.19,0,1,0.19,0.18,-0.01,62,候補
4527,高野心吾,B1,愛知,38,103,4.53,183,,,,,,,,,,,38,7.9,38,0.0,28,0.0,1.8,16,9,2,2,2,1,0,0.17,0,0,0.17,,,0,
4393,田中孝明,B1,福岡,40,98,4.16,183,,,,,,,,,,,38,0.0,34,0.0,34,0.0,-3.1,16,12,3,0,1,0,0,0.19,0,0,0.19,,,0,
5078,山川波乙,B1,三重,28,124,4.48,183,,,,,,,,,,,37,0.0,35,0.0,29,0.0,-3.8,17,13,1,1,0,0,2,0.19,0,0,0.19,,,0,
5348,小林甘寧,B1,広島,22,134,5.73,183,,,,,○,,,,,,46,6.5,44,11.4,74,2.7,0.1,16,1,2,3,7,2,1,0.16,0,0,0.16,,,0,
4901,出口舞有,B1,愛知,33,117,5.73,183,,,,,○,,,,,,41,2.4,37,10.8,21,0.0,-3.0,27,13,3,2,7,2,0,0.16,1,0,0.16,0.17,+0.00,7,
3604,武藤綾子,B1,福岡,55,71,4.35,183,,,,,,,,,,,30,6.7,34,0.0,34,0.0,1.6,17,13,0,2,0,2,0,0.19,0,0,0.19,,,0,
5208,屋良龍紀,B1,長崎,28,129,4.13,182,,,,,,,,,,,38,2.6,37,0.0,29,0.0,-1.9,15,7,0,2,3,3,0,0.16,2,0,0.15,0.18,+0.03,56,
5131,江藤敦宏,B1,福岡,27,126,3.98,182,,,,,,,,,,,34,2.9,50,2.0,20,5.0,-0.1,8,3,0,2,1,2,0,0.18,0,0,0.18,,,0,
5049,松井友汰,A2,大阪,31,123,6.31,182,,,,,○,○,,,,,31,3.2,38,5.3,35,5.7,-4.0,45,20,8,7,8,2,0,0.18,3,0,0.17,0.18,+0.02,122,
5241,門田栞,B1,香川,26,130,5.18,182,,,,,○,,,,,,30,3.3,36,8.3,36,2.8,-2.1,20,6,3,3,6,2,0,0.17,3,0,0.18,0.17,-0.00,110,候補
3211,北川敏弘,B1,佐賀,64,57,4.11,182,,,,,,,,,,,36,0.0,35,0.0,30,0.0,-2.0,10,7,2,1,0,0,0,0.17,1,0,0.16,0.19,+0.03,55,
5156,坂野さく,B1,福井,29,127,4.65,182,,,,,○,,,,,,33,12.1,36,5.6,30,0.0,3.9,28,9,2,6,9,2,0,0.18,0,0,0.18,,,0,
4723,寺島吉彦,B1,東京,40,111,4.34,182,,,,,,,,,,,20,5.0,35,2.9,57,10.5,-0.2,23,7,2,8,2,3,1,0.17,1,0,0.17,0.19,+0.02,9,
3742,宮地秀祈,B1,福岡,52,75,5.23,182,,,,,,,,,,,34,2.9,38,2.6,22,0.0,-2.4,19,9,3,2,4,1,0,0.18,0,0,0.18,,,0,
3293,宮内由紀,B1,東京,61,60,3.39,182,,,,,,,,,,○,33,3.0,36,0.0,30,0.0,0.2,2,2,0,0,0,0,0,0.19,0,0,0.19,,,0,
4615,板倉敦史,B1,東京,46,107,4.62,182,,,,,,,,,,,31,3.2,46,2.2,23,0.0,-1.4,12,7,1,0,1,2,1,0.18,0,0,0.18,,,0,
4965,福岡泉水,B1,兵庫,28,119,4.45,182,,,,,○,,,,,,31,3.2,45,6.7,28,0.0,-1.4,16,7,1,4,4,0,0,0.17,2,0,0.16,0.19,+0.02,78,
5211,高井駿弥,B1,愛知,27,129,3.78,182,,,,,,,,,,,37,2.7,36,0.0,29,0.0,-1.1,5,3,0,1,1,0,0,0.16,1,0,0.17,0.14,-0.03,10,候補
5258,仲本舜,B1,福岡,21,130,4.13,181,,,,,,,,,,,34,5.9,44,2.3,31,0.0,1.1,25,13,3,3,3,3,0,0.16,0,0,0.16,,,0,
4535,北山康介,A2,東京,36,103,7.11,181,,,,,○,,,,,,31,12.9,25,16.0,44,4.5,-0.0,54,31,3,10,5,5,0,0.15,3,0,0.15,0.15,+0.00,72,候補
4010,越智照浩,B1,香川,47,84,4.67,181,,,,,,,,,,,37,2.7,37,0.0,23,0.0,-0.0,13,9,1,1,0,2,0,0.16,0,0,0.16,,,0,
5195,北村寧々,A2,長崎,24,128,5.21,181,,,,,,,,,,,36,5.6,30,3.3,37,0.0,-0.7,29,16,3,8,0,2,0,0.15,3,0,0.13,0.15,+0.02,129,
5368,宮崎心之,B1,埼玉,24,135,6.65,181,,,,,○,,○,,,,31,25.8,40,7.5,57,1.8,13.0,33,15,3,13,2,0,0,0.16,1,0,0.16,0.17,+0.01,25,
4439,近藤友宝,B1,埼玉,40,100,3.91,181,,,,,,,,,,○,28,0.0,31,0.0,36,0.0,-2.8,9,7,0,0,0,2,0,0.17,1,0,0.17,0.18,+0.01,36,
3809,吉田光,B1,佐賀,51,77,3.89,181,,,,,,,,,,,40,2.5,37,2.7,36,0.0,-2.1,8,3,0,0,3,2,0,0.18,2,1,0.17,0.20,+0.03,68,
4098,赤澤文香,B1,岡山,44,87,4.23,181,,,,,,,,,,,35,0.0,33,0.0,27,0.0,-3.0,15,11,2,2,0,0,0,0.20,1,0,0.19,0.23,+0.04,25,
5389,恵良琴美,B1,福岡,19,135,2.52,181,,,,,,,,,,○,37,0.0,53,0.0,119,0.0,-1.0,1,0,1,0,0,0,0,0.18,1,0,0.17,0.20,+0.03,38,
4449,中嶋達也,B1,兵庫,39,100,3.95,181,,,,,○,,,,,,42,7.1,33,9.1,34,0.0,2.1,20,8,2,7,2,1,0,0.16,1,0,0.16,0.16,-0.00,55,候補
3616,中村真,B1,福岡,53,71,4.95,181,,,,,,,,,,,38,7.9,33,3.0,29,3.4,-0.9,25,10,3,3,3,5,1,0.16,1,0,0.15,0.19,+0.04,28,
3516,吉原聖人,B1,広島,58,68,4.56,181,,,,,,,,,,,31,9.7,32,0.0,29,0.0,3.6,14,7,1,4,1,0,1,0.17,1,0,0.17,0.19,+0.02,52,
4899,占部一真,B1,福岡,34,117,4.27,181,,,,,,,,,,,38,7.9,31,3.2,25,0.0,2.6,21,12,2,4,2,1,0,0.15,0,0,0.15,,,0,
4874,池田奈津,B1,福岡,32,116,4.99,181,,,,,,,,壁弱●,,,4,0.0,2,0.0,0,,,22,9,7,5,1,0,0,0.15,1,0,0.15,0.23,+0.08,3,
3880,浅見宗孝,B1,埼玉,53,80,4.15,181,,,,,○,,,,,,37,0.0,38,5.3,34,2.9,-3.8,17,8,1,3,3,1,1,0.19,1,0,0.19,0.19,+0.00,56,候補
3992,関口智久,B1,埼玉,47,83,4.89,181,,,,,○,,,,,,34,11.8,30,6.7,35,2.9,3.6,28,14,2,6,4,1,1,0.14,1,0,0.14,0.15,+0.01,50,
5261,岡暢祐,B1,長崎,28,131,4.36,180,,,,,,,,,,,37,5.4,36,0.0,27,3.7,0.8,20,9,3,7,0,0,1,0.17,1,0,0.16,0.23,+0.06,20,慎重型
4306,畔柳俊吾,B1,愛知,42,95,4.58,180,,,,,,,,,,,34,2.9,38,2.6,30,0.0,-2.4,14,8,3,2,1,0,0,0.20,2,0,0.18,0.22,+0.04,59,
3305,小野信樹,B1,岡山,58,60,3.57,180,,,,,,,,,,,34,2.9,32,3.1,29,0.0,0.1,16,12,1,1,1,0,1,0.16,0,0,0.16,,,0,
5306,河内悠利,B1,群馬,23,132,2.64,180,,,,,,,,,,,31,0.0,39,0.0,26,0.0,-0.9,3,1,0,1,0,0,1,0.20,1,1,0.19,0.20,+0.00,46,候補
3470,新田芳美,B1,徳島,56,66,5.19,180,,,,,,,,,,,32,15.6,25,4.0,30,0.0,6.3,25,8,3,9,3,1,1,0.17,0,0,0.17,,,0,
3535,渡修平,B1,兵庫,54,68,4.28,180,,,,,,,,,,,30,6.7,42,2.4,30,0.0,2.6,16,10,1,3,1,1,0,0.19,0,0,0.19,,,0,
3432,宮迫暢彦,B1,大阪,58,65,3.86,180,,,,,,,,,,,44,2.3,34,0.0,26,0.0,-2.3,12,5,4,1,0,2,0,0.18,2,0,0.16,0.18,+0.02,115,
4230,濱崎直矢,A2,埼玉,43,92,6.20,180,,,,,○,,○,,,,31,22.6,39,10.3,35,5.7,8.0,52,25,2,15,8,2,0,0.15,4,0,0.14,0.15,+0.01,116,
4589,塩崎桐加,B1,三重,34,105,5.50,180,,,,,,,,,,,32,12.5,34,2.9,25,0.0,4.1,31,15,1,13,1,1,0,0.16,2,0,0.16,0.20,+0.04,34,
3989,熊本英一,B1,佐賀,48,83,3.95,180,,,,,,,,,,,42,2.4,28,0.0,35,0.0,-1.4,14,7,2,2,2,1,0,0.21,0,0,0.21,,,0,
5248,本田愛,B1,静岡,24,130,5.42,180,,,,,○,○,,,,,30,0.0,42,9.5,40,0.0,-4.3,15,4,1,4,4,2,0,0.19,1,0,0.18,0.21,+0.03,65,
3712,淺香文武,B1,三重,52,74,4.65,180,,,,,,,,,,,33,6.1,37,2.7,28,0.0,-0.2,22,17,2,1,2,0,0,0.16,0,0,0.16,,,0,
5364,金子怜央,B1,群馬,26,135,2.15,180,,,,,,,,,,,40,0.0,47,2.1,95,0.0,-1.1,2,0,0,0,1,1,0,0.16,1,0,0.16,0.16,+0.01,3,
3722,西村秀樹,B1,福岡,56,75,3.39,180,,,,,,,,,,,30,0.0,40,0.0,33,0.0,-2.1,7,2,1,3,0,1,0,0.18,0,0,0.18,,,0,
5232,樅山拓馬,B1,愛知,29,130,5.29,180,,,,,○,,,,,,33,6.1,40,10.0,30,0.0,-0.2,26,13,2,6,4,1,0,0.15,2,0,0.15,0.18,+0.03,55,
5219,森口和紀,B1,福岡,25,129,5.27,179,,,,,○,,,,,,37,5.4,35,8.6,37,0.0,-0.7,29,15,2,5,5,1,1,0.18,1,0,0.17,0.24,+0.07,6,
4727,安部慎一,B1,福岡,39,111,4.28,179,,,,,○,,,,,,39,5.1,40,5.0,24,0.0,-0.2,16,9,2,3,2,0,0,0.15,1,0,0.15,0.17,+0.02,15,
5182,宮崎安奈,B1,埼玉,28,128,4.58,179,,,,,○,,,,,,27,7.4,34,5.9,34,0.0,0.6,24,10,6,4,3,1,0,0.15,1,0,0.15,0.18,+0.03,16,
4637,中田友也,A2,埼玉,36,107,5.77,179,,,,,○,,,,,,36,11.1,37,5.4,31,0.0,1.4,37,18,5,7,4,3,0,0.17,2,0,0.17,0.18,+0.02,77,
4982,中村将隆,B1,兵庫,30,120,4.84,179,,,,,,,,,,,31,6.5,37,0.0,31,6.5,-0.0,19,14,0,3,2,0,0,0.16,1,0,0.15,0.18,+0.02,56,
4404,岸蔭亮,B1,兵庫,41,99,3.51,179,,,,,,,,,,,35,5.7,34,2.9,32,3.1,2.1,13,5,1,5,2,0,0,0.19,2,0,0.19,0.20,+0.01,40,
4678,水野望美,B1,愛知,37,109,4.43,179,,,,,,○,,,,,30,0.0,40,2.5,22,0.0,-4.3,26,16,3,2,2,3,0,0.17,1,0,0.17,0.17,+0.00,48,候補
3869,井芹大志,B1,福岡,50,79,4.24,179,,,,,,,,,,○,33,0.0,41,2.4,24,0.0,-3.0,11,10,1,0,0,0,0,0.18,1,0,0.18,0.21,+0.04,26,
4092,岡部大輔,B1,佐賀,45,87,4.81,179,,,,,,,,,,,29,10.3,33,0.0,34,0.0,2.5,26,17,5,2,0,2,0,0.16,1,0,0.16,0.19,+0.03,10,
3950,石川哲秀,B1,大阪,50,82,3.66,179,,,,,,,,,,,30,3.3,32,0.0,27,0.0,-0.6,9,2,0,4,1,2,0,0.15,0,0,0.15,,,0,
4114,深澤達徳,B1,東京,45,88,4.89,179,,,,,,,,,,,32,6.2,34,0.0,28,0.0,-0.1,17,11,1,1,3,1,0,0.20,1,0,0.19,0.27,+0.08,28,慎重型
3660,長谷川親,B1,香川,57,73,3.65,179,,,,,,,,,,,32,0.0,37,2.7,31,0.0,-2.1,6,5,0,0,1,0,0,0.20,1,0,0.20,0.20,-0.00,59,候補
3842,星野太郎,B1,三重,50,78,4.81,179,,,,,,,,,,,32,9.4,40,0.0,25,0.0,2.0,28,15,6,2,1,4,0,0.19,1,0,0.18,0.20,+0.02,22,
4728,山口亮,B1,東京,38,111,4.53,179,,,,,,,,,,,34,0.0,35,0.0,33,0.0,-3.7,20,13,2,3,0,2,0,0.19,1,0,0.18,0.21,+0.03,47,
4864,小川日紀,B1,福岡,36,116,4.49,179,,,,,○,,,,,,31,3.2,40,5.0,22,0.0,-0.7,22,12,2,5,1,1,1,0.16,2,0,0.14,0.19,+0.05,71,慎重型
4765,野田部宏,B1,福岡,36,112,4.46,179,,,,,,,,,,,34,8.8,38,2.6,29,3.4,2.4,28,14,4,9,0,1,0,0.13,2,0,0.12,0.14,+0.01,88,
4234,野相弘司,B1,福岡,42,92,4.62,179,,,,,,,,,,,36,2.8,34,0.0,26,0.0,-2.6,18,11,1,4,1,1,0,0.17,0,0,0.17,,,0,
5006,久保原秀,B1,群馬,29,121,2.61,179,,,,,,,,,,,37,8.1,43,2.3,29,0.0,4.2,6,2,0,3,1,0,0,0.19,1,0,0.19,0.23,+0.04,13,
3741,松尾基成,B1,福岡,52,75,3.62,179,,,,,,,,,,○,42,0.0,39,0.0,21,0.0,-2.3,8,8,0,0,0,0,0,0.17,0,0,0.17,,,0,
3459,中野和裕,B1,佐賀,59,66,3.30,179,,,,,,,,,,,34,8.8,38,0.0,25,0.0,4.0,6,0,0,4,0,2,0,0.16,2,0,0.16,0.17,+0.02,48,
3388,今垣光太,A1,福井,56,63,6.51,178,,,,,○,,○,,,,46,21.7,31,22.6,22,0.0,9.5,47,24,3,12,5,3,0,0.15,3,0,0.15,0.16,+0.01,58,
4694,高田綾,B1,福岡,41,110,4.53,178,,,,,,,,,,,40,5.0,37,0.0,26,0.0,-1.0,18,7,3,5,2,0,1,0.18,1,0,0.18,0.21,+0.03,30,
5287,滝沢織寧,B1,埼玉,26,132,3.83,178,,,,,,,,,,,31,6.5,35,0.0,30,0.0,2.2,5,1,1,1,1,1,0,0.17,2,0,0.16,0.18,+0.03,60,
4563,齋藤真之,B1,岡山,38,105,3.95,178,,,,,,,,,,,40,2.5,38,0.0,25,0.0,-0.2,22,15,1,5,1,0,0,0.17,1,0,0.17,0.18,+0.01,13,
4368,山口隆史,B1,福岡,40,97,4.38,178,,,,,,,,,,,35,5.7,29,0.0,39,0.0,2.1,15,8,0,6,1,0,0,0.20,0,0,0.20,,,0,
4720,西澤日花,B1,長崎,32,110,3.38,178,,,,,,,,,,○,33,0.0,33,0.0,29,0.0,-3.0,12,6,6,0,0,0,0,0.19,1,0,0.19,0.19,-0.00,39,候補
5242,高山弘斗,B1,埼玉,26,130,3.24,178,,,,,○,,,,,,26,0.0,40,5.0,33,0.0,-1.8,10,4,3,3,0,0,0,0.18,1,0,0.17,0.21,+0.03,36,
3825,宮嵜隆太,B1,福岡,53,78,3.36,178,,,,,○,,,,,,37,10.8,24,8.3,43,4.7,5.5,19,8,0,9,2,0,0,0.13,1,0,0.13,0.18,+0.05,12,慎重型
4731,間野兼礼,B1,愛知,37,111,4.74,178,,,,,○,,,,,,33,3.0,42,7.1,27,3.7,-2.3,24,11,6,3,2,2,0,0.16,2,0,0.16,0.16,+0.00,107,候補
5074,大澤誠也,B1,愛知,30,124,4.23,178,,,,,○,,,,,,33,6.1,40,5.0,33,0.0,1.2,19,14,2,1,2,0,0,0.18,1,0,0.18,0.21,+0.03,32,
5115,香川颯太,B1,滋賀,26,125,5.54,177,,,,,○,,,,,,34,14.7,31,6.5,41,0.0,5.7,31,14,3,13,1,0,0,0.15,1,0,0.14,0.16,+0.02,6,
4367,山口修路,B1,福岡,40,97,4.34,177,,,,,,,,,,,39,2.6,35,0.0,28,0.0,-2.0,8,6,1,1,0,0,0,0.21,1,0,0.19,0.26,+0.07,44,慎重型
3656,伯母芳恒,B1,東京,52,72,5.12,177,,,,,○,,,,,,31,3.2,38,5.3,29,3.4,-2.2,17,10,0,3,4,0,0,0.18,1,0,0.17,0.19,+0.01,21,
4283,石井裕美,B1,東京,42,94,3.82,177,,,,,,,,,,,34,5.9,32,0.0,27,0.0,0.4,10,4,1,2,2,1,0,0.18,1,0,0.18,0.13,-0.04,3,
3024,西島義則,A1,広島,64,49,6.76,177,,,,,,,,壁弱●,,,1,0.0,1,0.0,1,0.0,,67,40,12,11,0,4,0,0.17,3,0,0.15,0.18,+0.03,105,
5069,山崎小葉,B1,群馬,25,123,5.01,177,,,,,,,,,,,29,6.9,38,0.0,21,0.0,0.3,20,8,3,6,0,3,0,0.16,1,0,0.16,0.23,+0.07,1,
5320,岩崎麗子,B1,群馬,25,133,3.41,177,,,,,,,,,,,38,5.3,33,0.0,28,0.0,2.2,7,2,0,4,1,0,0,0.17,1,0,0.17,0.17,+0.00,19,候補
3471,赤峰和也,B1,佐賀,56,66,3.80,177,,,,,,,,,,,36,0.0,36,0.0,24,0.0,-3.0,10,5,2,2,1,0,0,0.18,0,0,0.18,,,0,
5268,山本幸也,B1,福岡,25,131,3.87,177,,,,,○,,,,,,28,0.0,28,7.1,63,0.0,-2.0,5,2,1,1,0,1,0,0.20,1,0,0.21,0.19,-0.02,70,候補
5104,山田丈,A2,福岡,27,125,5.80,177,,,,,,,,,,,37,13.5,36,2.8,25,4.0,3.1,46,21,13,3,6,3,0,0.16,1,0,0.16,0.17,+0.02,18,
4186,小川時光,B1,埼玉,45,91,3.74,177,,,,,,,,,,,37,5.4,36,0.0,25,0.0,1.6,7,5,0,1,1,0,0,0.16,0,0,0.16,,,0,
4417,服部剛,B1,静岡,39,99,5.27,177,,,,,,○,,,,,33,0.0,41,2.4,24,0.0,-4.4,18,10,4,1,1,2,0,0.20,0,0,0.20,,,0,
4358,松本庸平,B1,三重,42,97,4.15,177,,,,,,,,,,,34,0.0,39,2.6,24,0.0,-3.0,14,7,1,3,2,0,1,0.22,1,0,0.22,0.22,-0.00,34,候補
3859,多羅尾達,B1,東京,53,79,3.99,177,,,,,○,,,,,,35,0.0,32,9.4,32,0.0,-3.7,14,7,0,3,2,2,0,0.15,0,0,0.15,,,0,
4201,佐竹友樹,B1,埼玉,44,91,4.33,176,,,,,,,,,,,34,5.9,39,0.0,32,0.0,1.1,15,7,2,2,1,3,0,0.16,1,0,0.16,0.20,+0.04,15,
5008,羽野諒,B1,福岡,29,121,4.67,176,,,,,,,,,,,38,7.9,32,0.0,28,0.0,1.8,13,7,1,2,1,2,0,0.14,0,0,0.14,,,0,
4103,山崎善庸,B1,埼玉,47,88,3.74,176,,,,,,,,,,○,35,0.0,31,0.0,32,0.0,-1.9,6,5,1,0,0,0,0,0.22,0,0,0.22,,,0,
4648,木村亮太,B1,兵庫,42,108,5.52,176,,,,,,,,,,,32,3.1,36,0.0,28,3.6,-2.2,24,11,7,3,2,0,1,0.15,1,0,0.14,0.18,+0.04,49,
4296,岡崎恭裕,A2,福岡,39,94,6.37,176,,,,,○,○,,,,,31,3.2,38,7.9,23,0.0,-5.1,45,24,4,2,7,8,0,0.14,0,0,0.14,,,0,
5244,黒田剛,B1,福岡,26,130,3.90,176,,,,,,,,,,,36,0.0,32,0.0,26,0.0,-2.0,12,8,3,1,0,0,0,0.16,1,0,0.15,0.17,+0.02,56,
5086,本村大,B1,長崎,27,124,3.90,176,,,,,,,,,,,31,9.7,45,2.2,25,0.0,4.7,17,11,1,4,1,0,0,0.20,1,0,0.20,0.15,-0.05,21,候補
4803,飯田庄吾,B1,福岡,32,113,3.71,176,,,,,,,,,,,30,3.3,38,0.0,29,0.0,0.4,10,6,2,2,0,0,0,0.19,1,0,0.19,,,0,
3442,宮武英司,B1,香川,57,65,3.97,176,,,,,,,,,,,39,7.7,40,2.5,29,0.0,1.7,11,7,0,2,2,0,0,0.16,1,0,0.16,0.16,+0.00,45,候補
4632,長尾京志,B1,福岡,37,107,4.84,176,,,,,,,,,,,32,3.1,33,0.0,28,0.0,-2.2,12,8,1,0,3,0,0,0.18,0,0,0.18,,,0,
4984,森下愛梨,B1,静岡,29,120,4.80,176,,,,,,,,,,,29,6.9,23,0.0,46,0.0,0.3,17,9,1,4,0,3,0,0.20,2,0,0.20,0.22,+0.02,46,
5190,大月遊雅,B1,東京,25,128,4.01,176,,,,,○,,,,,,33,12.1,40,7.5,35,2.9,4.7,19,7,2,6,4,0,0,0.17,1,0,0.17,0.26,+0.08,4,
3411,池上隆行,B1,広島,56,64,3.71,176,,,,,,,,,,○,38,0.0,44,0.0,20,0.0,-2.2,7,5,2,0,0,0,0,0.16,1,0,0.16,0.20,+0.04,20,
3808,秋田健太,B1,埼玉,51,77,4.34,176,,,,,,,,,,,31,3.2,40,2.5,26,0.0,0.3,13,8,1,1,2,1,0,0.17,0,0,0.17,,,0,
4708,半田尚也,B1,広島,37,110,4.11,175,,,,,,,,,,,36,2.8,42,0.0,23,0.0,-1.1,9,7,1,1,0,0,0,0.18,1,0,0.18,0.20,+0.02,51,
4047,吉永浩則,B1,大阪,46,85,3.56,175,,,,,,,,,,,34,2.9,33,0.0,30,0.0,-0.9,19,15,2,0,2,0,0,0.18,1,0,0.18,0.19,+0.01,51,
5120,山本稔太,B1,愛知,25,125,4.63,175,,,,,,○,,,,,33,0.0,28,0.0,24,0.0,-4.5,23,18,3,1,1,0,0,0.16,2,0,0.15,0.17,+0.01,18,
3577,向所浩二,B1,兵庫,53,70,4.34,175,,,,,,,○,,,,30,23.3,33,3.0,37,5.4,12.7,22,7,3,7,3,1,1,0.16,1,0,0.16,0.17,+0.01,21,
3528,笠野友紀,B1,愛知,55,68,4.13,175,,,,,,,,,,,36,2.8,31,3.2,24,0.0,0.0,13,5,2,4,1,1,0,0.20,0,0,0.20,,,0,
3715,倉尾大介,A2,福岡,51,74,5.62,175,,,,,,○,,,,,38,0.0,30,0.0,27,0.0,-6.6,15,8,4,1,0,2,0,0.16,1,0,0.16,0.16,-0.01,21,候補
5053,山口広樹,B1,福岡,30,123,3.80,175,,,,,,,,,,,35,2.9,34,0.0,40,0.0,-1.0,17,11,0,2,1,2,1,0.18,2,0,0.16,0.20,+0.03,91,
5288,尾道佳諭,B1,埼玉,26,132,4.15,175,,,,,,,,,,,35,5.7,38,2.6,32,3.1,2.1,15,5,3,0,6,1,0,0.15,2,0,0.13,0.18,+0.04,52,
4299,中島浩哉,B1,長崎,43,95,4.38,175,,,,,,,,,,,35,0.0,38,0.0,24,0.0,-3.7,10,6,2,0,1,1,0,0.15,0,0,0.15,,,0,
4880,澤崎雄哉,B1,東京,31,116,5.39,174,,,,,,,,,,,38,7.9,39,0.0,31,0.0,-0.9,16,6,2,3,5,0,0,0.16,1,0,0.16,0.19,+0.03,15,
5198,奥村明日,B1,福岡,24,128,5.54,174,,,,,○,,,,,,37,5.4,36,5.6,24,0.0,-0.7,25,9,6,8,2,0,0,0.20,0,0,0.20,,,0,
4508,野間大樹,A2,大阪,37,102,4.89,174,,,,,○,,,,,,38,5.3,32,9.4,31,3.2,-2.8,23,11,4,4,2,2,0,0.18,2,0,0.18,0.19,+0.01,65,
5124,上瀧絢也,B1,佐賀,30,126,4.35,174,,,,,,,,,,,32,6.2,39,2.6,21,0.0,0.6,12,6,0,2,4,0,0,0.17,0,0,0.17,,,0,
5152,丸山祐也,B1,福岡,31,127,3.07,174,,,,,,,,,,,35,0.0,31,0.0,24,0.0,-2.2,5,2,2,1,0,0,0,0.22,0,0,0.22,,,0,
5369,岡崎凪汰,B1,長崎,24,135,3.23,174,,,,,,,,,,,32,3.1,29,0.0,48,0.0,0.7,8,2,1,3,2,0,0,0.17,1,0,0.17,0.15,-0.02,14,候補
5083,柳瀬幹太,B1,山口,27,124,4.42,174,,,,,,,,,,,32,9.4,32,3.1,34,5.9,2.7,21,10,3,3,4,1,0,0.17,2,0,0.15,0.18,+0.03,92,
5133,堀越雄貴,B1,東京,27,126,6.01,174,,,,,○,,,,,,34,8.8,36,11.1,30,0.0,1.6,28,10,4,9,4,1,0,0.20,2,0,0.17,0.21,+0.04,120,
5331,佐藤永梧,B1,東京,22,133,5.24,174,,,,,○,,,,,,31,16.1,30,6.7,36,2.8,7.3,25,10,6,5,2,1,1,0.14,1,0,0.14,,,0,
4618,乃村康友,B1,三重,43,107,5.06,174,,,,,,,,,,,32,9.4,40,0.0,31,3.2,2.0,20,8,5,3,3,1,0,0.17,2,0,0.17,0.19,+0.02,51,
3467,森弘行,B1,東京,57,66,4.45,174,,,,,,,,,,,37,0.0,32,0.0,28,7.1,-3.1,10,5,1,1,1,2,0,0.19,0,0,0.19,,,0,
5262,鈴木章司,B1,愛知,28,131,4.03,173,,,,,,,,,,,30,3.3,40,2.5,25,0.0,-1.3,10,1,2,2,2,3,0,0.19,2,0,0.19,0.20,+0.02,49,
4952,吉武真也,B1,福岡,32,119,4.21,173,,,,,,,,,,,35,0.0,37,0.0,26,0.0,-3.0,15,10,0,0,1,2,2,0.18,1,0,0.18,0.27,+0.09,3,
3156,金子良昭,B1,静岡,61,54,4.11,173,,,,,,,,,,,34,0.0,13,0.0,17,0.0,-1.9,8,4,1,2,1,0,0,0.17,2,0,0.17,0.26,+0.09,6,
3652,森下勇,B1,群馬,53,72,3.61,173,,,,,,,,,,,37,8.1,36,0.0,21,0.0,3.5,11,9,0,1,1,0,0,0.18,0,0,0.18,,,0,
4177,萬正嗣,B1,群馬,43,90,4.42,173,,,,,,,,,,,31,12.9,30,0.0,35,0.0,5.1,25,15,1,3,2,2,2,0.17,0,0,0.17,,,0,
5377,鳥居塚嶺,B1,群馬,22,135,4.97,173,,,,,,,,,,,43,11.6,51,3.9,67,1.5,5.4,17,5,2,6,3,1,0,0.16,2,0,0.15,0.18,+0.04,78,
4885,大山千広,A2,福岡,30,116,7.17,173,,,,,,,○,,,,25,20.0,26,3.8,18,0.0,4.4,41,25,1,8,4,3,0,0.14,2,0,0.14,0.15,+0.01,14,
4059,入澤友治,A2,東京,47,86,4.91,173,,,,,○,,,,,,38,13.2,35,11.4,33,3.0,4.8,29,12,5,5,4,3,0,0.16,2,0,0.16,0.18,+0.02,26,
5230,石原凪紗,B1,愛知,23,129,4.70,173,,,,,,,,,,,31,6.5,35,2.9,36,0.0,0.8,22,12,3,3,2,2,0,0.19,0,0,0.19,,,0,
5296,永田楽,B1,愛知,24,132,3.97,172,,,,,○,,,,,,30,0.0,42,7.1,35,0.0,-1.8,18,5,5,6,2,0,0,0.20,0,0,0.20,,,0,
4462,夏山亮平,B1,大阪,40,101,4.66,172,,,,,○,,,,,,37,5.4,39,7.7,26,0.0,-0.8,26,13,4,3,3,3,0,0.15,0,0,0.15,,,0,
5314,中曽瑠華,B1,東京,25,133,3.11,172,,,,,,,,,,,41,0.0,37,0.0,37,0.0,-1.6,6,4,1,0,1,0,0,0.18,0,0,0.18,,,0,
4229,市川美宏,B1,静岡,43,92,4.24,172,,,,,,,,,,○,27,0.0,36,0.0,25,0.0,-2.8,11,8,2,0,0,1,0,0.19,0,0,0.19,,,0,
4813,宮内直哉,B1,東京,36,114,4.08,172,,,,,,,,,,,35,11.4,34,0.0,30,0.0,6.1,13,5,0,5,0,1,2,0.19,1,0,0.18,0.21,+0.03,45,
5090,生方靖亜,B1,群馬,25,124,5.31,172,,,,,○,,,,,,33,12.1,33,12.1,37,0.0,2.0,37,12,5,11,5,3,1,0.16,2,0,0.15,0.18,+0.02,30,
5020,宮村勇哉,B1,三重,34,122,5.05,172,,,,,,,,,,,38,13.2,29,0.0,39,0.0,5.6,20,9,3,5,1,2,0,0.17,1,1,0.17,0.18,+0.01,68,
4097,貫地谷直,B1,広島,44,87,3.49,172,,,,,,,,,,○,31,0.0,43,0.0,27,0.0,-1.9,3,1,0,0,0,1,1,0.21,0,0,0.21,,,0,
4636,赤池修平,B1,徳島,36,107,3.65,172,,,,,,,,,,,29,13.8,37,0.0,30,3.3,7.3,15,6,0,8,1,0,0,0.19,0,0,0.19,,,0,
3519,冨田秀幸,B1,愛知,58,68,3.91,172,,,,,,,,,,,36,5.6,35,2.9,33,0.0,0.9,11,5,1,1,3,0,1,0.18,1,0,0.16,0.22,+0.06,46,慎重型
4775,千葉真弥,A2,静岡,32,112,6.22,172,,,,,○,,,,,,33,9.1,29,6.9,29,0.0,-0.1,39,23,1,10,1,4,0,0.15,0,0,0.15,,,0,
4473,藤堂里香,B1,福井,39,101,5.06,171,,,,,,,,,,,35,8.6,30,0.0,36,0.0,-0.4,23,13,2,4,1,3,0,0.17,3,0,0.16,0.19,+0.03,81,
5374,木山大聖,B1,岡山,23,135,3.25,171,,,,,,,,,,,54,0.0,56,1.8,74,0.0,-1.7,2,0,1,0,1,0,0,0.14,3,0,0.13,0.19,+0.06,33,慎重型
5310,土屋蘭,B1,岡山,21,132,4.62,171,,,,,,,,,,,26,3.8,36,0.0,38,0.0,-0.9,10,6,0,1,3,0,0,0.18,2,0,0.17,0.24,+0.07,27,慎重型
4022,待鳥雄紀,B1,福岡,46,84,4.86,171,,,,,,,,,,,40,2.5,33,0.0,23,0.0,-1.3,18,10,3,5,0,0,0,0.15,1,0,0.15,0.32,+0.17,2,
3637,齋藤和政,B1,愛知,55,72,3.62,171,,,,,,,,,,,32,6.2,36,0.0,30,0.0,1.3,10,6,1,1,1,1,0,0.18,0,0,0.18,,,0,
3377,塚田修二,B1,東京,58,63,4.43,171,,,,,,,,,,,31,6.5,39,2.6,26,3.8,2.5,10,1,3,5,1,0,0,0.21,0,0,0.21,,,0,
4525,真子奈津,B1,福岡,38,103,4.69,171,,,,,,,,,,,36,2.8,34,2.9,20,0.0,-1.8,18,12,0,4,1,1,0,0.14,1,0,0.14,0.16,+0.02,20,
4969,町田洸希,B1,長崎,35,120,4.60,171,,,,,,,,,,,30,6.7,40,0.0,24,0.0,0.2,16,14,1,1,0,0,0,0.18,0,0,0.18,,,0,
3935,岩津徹郎,B1,岡山,49,81,5.57,171,,,,,,,,,,,30,6.7,31,0.0,39,0.0,0.1,17,9,3,2,1,2,0,0.16,0,0,0.16,,,0,
5046,松山裕基,B1,大阪,32,123,3.85,171,,,,,,,,,,,35,0.0,43,4.7,29,0.0,-3.0,13,8,2,0,2,1,0,0.18,2,0,0.17,0.19,+0.02,49,
4569,中澤宏奈,B1,東京,38,105,4.94,171,,,,,,,,,,,26,11.5,28,0.0,34,0.0,3.2,23,9,6,6,2,0,0,0.17,1,0,0.16,0.20,+0.04,11,
3458,東健介,B1,岡山,59,66,3.54,170,,,,,,,,,,,32,0.0,33,0.0,28,0.0,-1.9,16,7,3,3,3,0,0,0.16,1,0,0.16,0.16,-0.00,61,候補
4301,関裕也,B1,福岡,43,95,4.38,170,,,,,○,,,,,,43,4.7,39,5.1,9,0.0,-1.3,14,9,2,1,1,1,0,0.18,1,0,0.16,0.20,+0.04,68,
3642,大塚浩二,B1,静岡,55,72,4.39,170,,,,,,,,,,,35,2.9,37,2.7,22,4.5,0.1,13,6,2,4,1,0,0,0.19,1,0,0.18,0.20,+0.02,58,
5382,山下心一,B1,福岡,21,135,1.90,170,,,,,,,,,,,43,2.3,50,2.0,76,0.0,0.6,1,0,0,0,1,0,0,0.18,1,0,0.18,0.18,+0.01,45,
4499,滝川真由,B1,長崎,38,102,5.00,170,,,,,,,,,,,28,7.1,37,0.0,25,4.0,-1.3,25,10,5,2,5,2,1,0.19,2,0,0.17,0.20,+0.02,90,
3232,山川美由,A2,香川,59,57,5.83,170,,,,,,,,,,,28,10.7,33,3.0,28,0.0,1.0,32,20,8,2,1,1,0,0.16,0,0,0.16,,,0,
5356,長谷川暖,B1,岡山,21,134,4.58,170,,,,,○,,,,,,29,6.9,37,5.4,43,2.3,0.3,24,10,3,4,6,1,0,0.16,2,0,0.13,0.19,+0.07,83,慎重型
4106,坂井康嗣,B1,佐賀,46,88,4.19,170,,,,,,,,,,,38,5.3,34,2.9,18,0.0,1.8,7,3,1,2,1,0,0,0.19,0,0,0.19,,,0,
3701,大西隆洋,B1,香川,53,74,4.18,170,,,,,○,,,,,,40,5.0,37,5.4,26,0.0,1.6,9,4,1,2,1,1,0,0.16,2,0,0.16,0.17,+0.01,52,
4325,新出浩司,B1,大阪,43,96,4.53,170,,,,,,,,,,,29,0.0,34,2.9,31,0.0,-3.5,11,8,1,2,0,0,0,0.16,1,0,0.14,0.19,+0.05,63,慎重型
4626,伊藤紘章,B1,愛知,40,107,4.19,170,,,,,○,○,,,,,35,0.0,32,9.4,29,0.0,-4.5,21,7,4,1,4,5,0,0.21,0,0,0.21,,,0,
5383,中村楓,B1,三重,21,135,2.42,170,,,,,,,,,,,36,0.0,51,3.9,100,0.0,-0.6,2,0,0,0,2,0,0,0.17,0,0,0.17,,,0,
3866,木山誠一,B1,岡山,51,79,4.44,170,,,,,,,,,,,31,6.5,35,0.0,29,0.0,0.8,14,7,2,2,2,1,0,0.14,2,0,0.13,0.17,+0.03,36,
3370,坪内実,B1,大阪,59,63,3.58,169,,,,,,,,,,,30,0.0,38,0.0,24,0.0,-1.8,12,8,2,2,0,0,0,0.19,1,0,0.18,0.19,+0.01,50,
4414,大澤真菜,B1,東京,39,99,3.90,169,,,,,,,,,,,32,6.2,29,0.0,22,4.5,1.3,17,7,1,5,2,2,0,0.18,0,0,0.18,,,0,
3583,齋藤智裕,B1,埼玉,53,70,3.54,169,,,,,,,,,,,35,2.9,31,3.2,32,0.0,-0.2,6,3,0,1,2,0,0,0.19,0,0,0.19,,,0,
4943,八木治樹,B1,愛知,35,119,4.48,169,,,,,,,,,,,32,6.2,34,2.9,26,0.0,1.3,19,10,4,2,2,1,0,0.15,0,0,0.15,,,0,
4778,堤啓輔,B1,佐賀,40,113,5.05,169,,,,,○,○,,,,,31,0.0,27,7.4,27,3.7,-4.4,29,14,5,3,4,3,0,0.17,2,0,0.16,0.19,+0.03,24,
5207,高山敬悟,B1,福岡,29,129,5.12,169,,,,,○,,,,,,29,6.9,38,7.9,31,3.2,0.3,28,13,1,8,5,1,0,0.16,1,0,0.16,0.19,+0.03,26,
4651,佐藤大騎,B1,大阪,41,108,3.28,169,,,,,○,,,,,,36,2.8,40,5.0,30,0.0,0.0,13,6,2,1,3,1,0,0.17,2,0,0.17,0.18,+0.01,20,
5315,浅井翼,B2,埼玉,25,133,2.65,169,,,,,,,,,,,30,6.7,33,0.0,41,2.4,3.0,8,3,0,3,2,0,0,0.20,2,0,0.18,0.26,+0.08,31,慎重型
5022,伊藤尚汰,B1,福岡,31,122,4.38,169,,,,,,,,,,,32,3.1,48,2.1,24,0.0,-0.8,14,4,5,2,1,2,0,0.17,1,0,0.17,0.18,+0.02,67,
4558,宮野仁,B1,岡山,36,104,4.11,169,,,,,,,,,,,35,0.0,38,2.6,31,0.0,-3.0,14,9,1,1,1,2,0,0.20,2,0,0.19,0.23,+0.04,36,
4746,大豆生蒼,B1,埼玉,31,111,5.67,169,,,,,,○,,,,,32,0.0,25,0.0,31,3.2,-6.3,28,17,5,1,2,1,2,0.19,2,0,0.17,0.21,+0.04,64,
5388,佐野優都,B1,徳島,19,135,3.22,169,,,,,○,,,,,,43,9.3,33,9.1,106,1.9,3.7,10,0,1,4,4,0,1,0.16,3,0,0.14,0.21,+0.07,54,慎重型
3699,富永正人,B1,埼玉,53,74,4.24,168,,,,,,,,,,,36,11.1,22,0.0,35,0.0,4.8,12,3,3,6,0,0,0,0.19,1,0,0.19,0.21,+0.03,20,
5274,城間盛渚,B1,福岡,24,131,5.54,168,,,,,,,,,,,32,6.2,33,3.0,31,0.0,-0.2,34,17,4,4,5,4,0,0.18,0,1,0.18,0.19,+0.01,41,
3949,今出晋二,B1,岡山,50,82,3.83,168,,,,,,,,,,,33,0.0,40,0.0,30,0.0,-1.9,4,1,1,2,0,0,0,0.17,2,0,0.17,0.17,-0.00,72,候補
3745,橋本年光,B1,兵庫,51,75,5.35,168,,,,,,,,,,,26,3.8,33,3.0,23,0.0,-3.4,17,9,4,2,1,1,0,0.17,1,0,0.17,0.13,-0.04,1,
4332,村上彰一,B1,福岡,42,96,4.26,167,,,,,,,,,,,34,0.0,29,3.4,31,3.2,-3.7,12,6,2,1,1,2,0,0.19,1,0,0.19,0.22,+0.04,36,
5041,荒牧凪沙,B1,福岡,27,122,4.88,167,,,,,○,,○,,,,29,24.1,31,6.5,38,0.0,11.6,29,10,1,14,2,2,0,0.18,2,0,0.16,0.20,+0.04,103,
5335,森陽多,B1,長崎,21,133,3.10,167,,,,,,,,,,,30,0.0,32,3.1,49,0.0,-1.4,5,3,1,0,1,0,0,0.18,1,0,0.17,0.25,+0.08,14,慎重型
4733,赤井睦,B1,徳島,37,111,5.42,167,,,,,,,,,,,38,13.2,25,0.0,35,0.0,4.8,21,11,2,6,0,2,0,0.15,1,0,0.15,0.13,-0.02,18,候補
3551,藤田美代,B1,福岡,54,69,3.85,167,,,,,,,,,,,35,0.0,34,2.9,21,0.0,-2.2,10,3,2,0,1,2,2,0.18,0,0,0.18,,,0,
4457,神田達也,B1,愛知,40,101,4.26,167,,,,,○,,,,,,38,2.6,30,6.7,34,0.0,-2.7,15,8,1,0,5,1,0,0.16,1,0,0.16,0.17,+0.01,36,
3543,福田雅一,B1,香川,57,69,4.80,167,,,,,,,,,,,33,9.1,36,2.8,23,0.0,1.8,22,11,2,4,3,2,0,0.16,1,0,0.16,0.17,+0.01,1,
3518,倉田郁美,B1,静岡,58,68,4.14,167,,,,,,,,,,,29,3.4,31,0.0,26,0.0,-1.2,9,2,2,2,2,1,0,0.19,0,0,0.19,,,0,
3523,寳田亮治,B1,福岡,57,68,4.42,167,,,,,,,,,,,31,0.0,32,0.0,36,0.0,-3.6,8,4,0,1,0,3,0,0.19,0,0,0.19,,,0,
5406,小畑楓夏,B2,山口,21,136,1.52,167,,,,,,,,,,○,7,0.0,22,0.0,156,0.0,,0,0,0,0,0,0,0,0.18,1,0,0.18,0.18,-0.01,18,候補
5400,高村諒,B2,滋賀,24,136,2.33,167,,,,,,,,,,,26,0.0,27,0.0,109,0.9,-0.5,2,1,0,0,1,0,0,0.17,0,0,0.17,,,0,
5384,八戸琉楓,B2,長崎,21,135,1.68,166,,,,,,,,,,,29,0.0,34,2.9,107,1.9,-0.5,3,0,0,1,2,0,0,0.22,1,0,0.21,0.22,+0.01,60,
5381,有山望,B1,大阪,21,135,4.11,166,,,,,,,,,,,39,5.1,48,2.1,58,0.0,2.2,6,3,0,2,0,0,1,0.17,2,0,0.17,0.17,+0.00,102,候補
5405,竹内来,B1,愛知,22,136,2.54,166,,,,,,,,,,,30,6.7,49,2.0,95,0.0,3.5,3,0,0,2,1,0,0,0.18,1,0,0.18,0.27,+0.09,10,慎重型
5342,原村百那,B2,山口,24,134,2.64,166,,,,,,,,,,,48,0.0,43,0.0,59,0.0,-1.1,2,1,0,1,0,0,0,0.17,1,0,0.17,0.20,+0.03,10,
5014,梶山涼斗,B1,佐賀,28,121,4.34,165,,,,,○,,,,,,35,11.4,36,8.3,28,0.0,3.5,19,8,4,4,3,0,0,0.14,1,0,0.13,0.18,+0.04,21,
3589,西村勝,B1,埼玉,52,70,4.31,165,,,,,,,,,,,30,3.3,33,3.0,27,3.7,-1.3,17,11,3,3,0,0,0,0.16,1,0,0.16,0.18,+0.02,31,
3945,橋口真樹,B1,愛知,50,82,4.48,165,,,,,,,,,,,32,6.2,36,0.0,25,4.0,1.3,11,4,1,4,1,0,1,0.20,0,0,0.20,,,0,
5101,表健太,B1,福岡,29,125,3.13,165,,,,,,,,,,,40,2.5,34,0.0,22,0.0,-0.5,4,2,1,1,0,0,0,0.19,2,0,0.19,0.35,+0.17,3,
5323,香川陽太,B2,滋賀,23,133,4.86,165,,,,,○,,,,,,26,7.7,26,7.7,39,0.0,1.5,15,9,1,2,2,1,0,0.17,1,0,0.17,0.43,+0.26,1,
4675,井手良太,A2,大阪,38,109,5.75,165,,,,,○,,,,,,27,18.5,36,8.3,31,6.5,6.0,29,13,4,5,7,0,0,0.13,1,0,0.13,0.17,+0.04,3,
5328,井上慧人,B1,福岡,22,133,4.10,165,,,,,,,,,,,36,5.6,35,0.0,29,0.0,0.9,10,5,1,2,2,0,0,0.17,1,0,0.16,0.20,+0.04,67,
5295,田上凜,B1,大阪,24,132,4.47,165,,,,,○,,○,,,,31,22.6,33,6.1,58,8.6,12.3,23,6,1,13,3,0,0,0.18,2,0,0.17,0.20,+0.02,30,
4007,榮田将彦,B1,山口,47,84,4.62,165,,,,,,,,,,,30,3.3,33,0.0,34,0.0,-2.1,17,10,2,3,2,0,0,0.14,1,0,0.14,0.18,+0.04,4,
5309,森雄利,B1,長崎,22,132,3.07,164,,,,,,,,,,,32,0.0,41,2.4,35,0.0,-0.9,7,4,1,0,2,0,0,0.15,1,0,0.15,0.18,+0.03,21,
3507,藤井徹,B1,大阪,55,67,4.30,164,,,,,,,,,,,39,2.6,40,2.5,7,0.0,-2.0,11,8,2,0,1,0,0,0.20,0,0,0.20,,,0,
4431,石塚裕介,B1,三重,40,100,4.86,164,,,,,,,,,,,33,9.1,29,3.4,33,3.0,1.8,26,12,4,3,5,1,1,0.17,2,0,0.16,0.22,+0.05,25,慎重型
4425,大井清貴,B1,山口,40,100,4.68,164,,,,,,○,,,,,31,0.0,32,3.1,28,0.0,-4.4,17,11,3,0,2,1,0,0.18,1,0,0.17,0.20,+0.03,60,
5118,野田なづ,A2,佐賀,26,125,6.05,164,,,,,○,,,,,,28,3.6,30,6.7,28,0.0,-3.7,22,12,1,4,3,2,0,0.18,1,0,0.18,0.17,-0.01,10,候補
5392,安武一也,B2,福岡,25,136,1.75,164,,,,,,,,,,○,26,0.0,33,0.0,119,0.0,0.0,0,0,0,0,0,0,0,0.18,0,1,0.18,0.18,-0.00,20,候補
4349,犬童千秋,B1,福岡,40,96,4.43,164,,,,,,,,,,,30,10.0,42,0.0,25,0.0,3.1,15,5,3,6,0,0,1,0.16,2,0,0.15,0.18,+0.03,34,
5336,瀬川大地,B1,山口,20,133,3.59,164,,,,,,,,,,,24,0.0,27,0.0,31,3.2,-1.3,6,4,1,1,0,0,0,0.16,1,0,0.16,0.20,+0.04,18,
5427,港理樹,B1,東京,24,137,3.05,164,,,,,,,,,,,14,0.0,22,0.0,130,0.8,,1,0,0,1,0,0,0,0.22,0,0,0.22,,,0,
5378,鈴木結平,B2,静岡,22,135,1.67,163,,,,,,,,,,○,25,0.0,43,0.0,91,0.0,-0.5,0,0,0,0,0,0,0,0.21,1,0,0.22,0.19,-0.02,43,候補
3932,池田浩美,B1,静岡,50,81,5.17,163,,,,,○,,,,,,29,10.3,27,11.1,32,0.0,2.6,29,11,3,7,5,3,0,0.17,0,0,0.17,,,0,
5140,吉田彩乃,B1,静岡,25,126,4.77,163,,,,,,,,,,,30,3.3,31,3.2,30,0.0,-1.3,14,7,1,3,3,0,0,0.18,0,0,0.18,,,0,
5070,中島航,B1,東京,32,124,4.21,163,,,,,,,,,,,31,12.9,28,0.0,26,0.0,5.1,13,7,0,4,1,1,0,0.20,1,0,0.18,0.23,+0.05,64,慎重型
4898,菊地敬介,B1,埼玉,34,117,4.40,163,,,,,,,,,,,26,3.8,32,0.0,49,4.1,-0.9,14,2,2,3,4,3,0,0.15,2,0,0.15,0.17,+0.02,33,
4567,上村慎太,B1,山口,38,105,4.38,163,,,,,,,,,,,30,0.0,32,0.0,20,0.0,-2.9,10,5,0,2,1,2,0,0.23,0,0,0.23,,,0,
4853,前原哉,B1,岡山,31,115,4.41,163,,,,,,,,,,,24,0.0,31,3.2,23,0.0,-2.6,15,8,3,1,1,2,0,0.20,1,0,0.20,0.22,+0.02,38,
5226,藤田俊祐,B1,東京,24,129,5.80,162,,,,,,,○,,,,27,22.2,35,2.9,27,0.0,8.4,38,24,4,4,4,1,1,0.15,0,0,0.15,,,0,
3159,江口晃生,A1,群馬,61,54,6.64,162,,,,,,,,壁弱●,,,0,,0,,0,,,48,30,11,7,0,0,0,0.15,1,0,0.15,0.17,+0.02,27,
3054,北川幸典,B1,広島,63,50,5.60,162,,,,,,,,,,,31,6.5,29,0.0,31,0.0,-1.8,27,8,2,10,1,6,0,0.18,3,0,0.17,0.19,+0.02,111,
4744,伊藤玲奈,B1,福岡,33,111,4.55,162,,,,,,,,,,,27,3.7,31,3.2,26,3.8,-1.0,15,6,3,0,6,0,0,0.22,1,0,0.21,0.32,+0.11,14,慎重型
4747,山戸信二,B1,長崎,41,112,3.87,162,,,,,,,,,,,26,7.7,33,0.0,31,0.0,3.1,13,7,2,4,0,0,0,0.17,2,0,0.17,0.18,+0.01,49,
5100,栗原一馬,B1,群馬,29,125,4.43,162,,,,,○,,,,,,25,4.0,31,6.5,36,0.0,-0.2,20,6,2,7,3,2,0,0.17,1,0,0.17,0.19,+0.03,29,
3532,柴田光,B2,群馬,54,68,5.95,161,,,,,,,,,,,22,9.1,6,0.0,4,0.0,-0.1,37,19,5,8,2,2,1,0.16,3,0,0.15,0.16,+0.01,70,
5302,秋末秦悟,B1,大阪,23,132,3.96,160,,,,,,,,,,,26,0.0,35,2.9,30,0.0,-1.8,10,7,1,0,1,1,0,0.16,2,0,0.16,0.17,+0.01,35,
3920,正木聖賢,B1,広島,51,81,4.47,160,,,,,,,,壁弱●,,,36,5.6,2,0.0,0,,-0.7,22,11,2,5,2,2,0,0.17,1,0,0.16,0.17,+0.01,67,
3294,野中義生,B1,静岡,61,60,4.36,160,,,,,,,,,,,29,10.3,32,0.0,39,0.0,3.3,12,5,3,2,1,0,1,0.16,2,0,0.15,0.16,+0.01,121,
5355,萩原丈太,B1,福井,21,134,2.19,160,,,,,,,,,,,27,7.4,33,3.0,59,0.0,3.8,2,0,0,0,2,0,0,0.18,1,0,0.18,0.23,+0.05,6,
5379,廣部大明,B1,滋賀,22,135,3.34,160,,,,,,,,,,,19,0.0,23,4.3,66,0.0,-0.7,4,3,0,0,1,0,0,0.18,1,0,0.17,0.21,+0.04,20,
5339,石井伸長,B1,香川,26,134,4.88,159,,,,,○,,,,,,37,8.1,43,7.0,39,10.3,1.1,23,3,6,3,8,2,1,0.17,1,0,0.15,0.19,+0.04,73,
5360,高木茉白,B1,埼玉,19,134,3.52,159,,,,,,,,,,○,38,0.0,30,0.0,52,0.0,-1.5,5,5,0,0,0,0,0,0.18,3,0,0.17,0.20,+0.02,52,
4495,森晋太郎,B2,福岡,39,102,5.86,158,,,,,○,,,,,,36,11.1,33,15.2,31,6.5,1.4,36,15,2,8,8,3,0,0.15,2,0,0.15,0.14,-0.01,23,候補
5365,石村日奈,B1,東京,25,135,2.58,158,,,,,,,,,,,34,0.0,55,0.0,62,1.6,-1.0,3,1,1,1,0,0,0,0.20,1,0,0.20,0.21,+0.01,34,
5061,中村駿平,B1,愛知,29,123,2.73,158,,,,,,,,,,,28,3.6,32,3.1,33,3.0,0.3,11,6,0,4,1,0,0,0.17,1,0,0.17,0.18,+0.02,18,
5107,松本真広,B1,福岡,27,125,3.93,158,,,,,○,,,,,,34,8.8,27,11.1,30,3.3,2.4,19,8,1,5,4,0,1,0.18,2,0,0.17,0.20,+0.03,45,
5346,中村紋夕,B1,愛知,23,134,3.03,158,,,,,,,,,,○,38,0.0,51,2.0,53,0.0,-0.9,1,0,1,0,0,0,0,0.21,0,0,0.21,,,0,
5359,佐藤世那,B1,東京,20,134,4.57,158,,,,,○,,,,,,29,3.4,31,6.5,31,0.0,-1.2,22,7,1,11,2,1,0,0.17,2,0,0.16,0.18,+0.02,69,
4533,峰重侑治,B1,岡山,37,103,4.17,158,,,,,,,,,,,29,6.9,29,3.4,28,0.0,1.0,15,8,2,2,1,2,0,0.18,2,0,0.18,0.18,-0.00,30,候補
5321,一色颯輝,B1,愛知,24,133,4.92,157,,,,,○,,,,,,23,13.0,31,6.5,33,3.0,4.0,20,7,2,5,4,2,0,0.19,2,0,0.19,0.19,-0.00,43,候補
5284,嘉手苅徹,B2,福岡,27,132,3.94,157,,,,,,,,,,,36,2.8,35,0.0,28,0.0,-0.2,7,4,1,2,0,0,0,0.16,1,0,0.16,0.22,+0.06,3,
5407,中岡駿,B1,香川,21,136,2.52,157,,,,,,,,,,,24,0.0,35,2.9,106,0.0,-0.8,2,1,0,0,1,0,0,0.19,1,0,0.18,0.23,+0.05,21,慎重型
5416,龍田真白,B1,三重,20,136,2.87,157,,,,,○,,,,,,20,5.0,40,5.0,115,0.9,2.1,5,0,1,2,1,1,0,0.15,1,0,0.14,0.35,+0.21,1,
3871,池田紫乃,B1,長崎,50,79,3.82,157,,,,,○,,,,,,30,3.3,33,6.1,21,0.0,-0.6,16,7,2,3,3,1,0,0.19,1,0,0.18,0.21,+0.03,21,
5371,早川颯太,B2,東京,24,135,1.97,157,,,,,,,,,,,47,4.3,49,0.0,68,0.0,2.6,2,0,0,1,1,0,0,0.20,1,0,0.20,0.21,+0.01,14,
5300,横田海人,B1,愛知,23,132,1.92,156,,,,,,,,,,○,34,0.0,32,0.0,32,0.0,-1.0,2,1,0,0,0,1,0,0.18,1,0,0.18,0.18,-0.00,13,候補
5404,内田壮,B1,山口,22,136,2.28,156,,,,,,,,,,,20,5.0,19,0.0,142,0.7,2.0,2,0,0,1,1,0,0,0.19,2,0,0.19,0.18,-0.01,16,候補
5192,中尾優香,A2,福岡,24,128,4.74,156,,,,,○,,,,,,32,6.2,25,12.0,38,2.6,-0.1,26,12,6,4,3,1,0,0.19,4,0,0.18,0.20,+0.02,107,
4408,仁科さや,B1,長崎,40,99,3.50,156,,,,,,,,,,,36,0.0,32,0.0,20,0.0,-2.2,11,10,0,0,1,0,0,0.19,1,0,0.19,0.20,+0.01,38,
3681,山谷央,B1,東京,53,73,4.82,156,,,,,○,,,,,,30,3.3,29,6.9,25,0.0,-2.1,19,11,3,1,4,0,0,0.15,1,0,0.14,0.17,+0.02,45,
3596,河上年昭,B1,埼玉,57,71,4.28,156,,,,,,,,,,,31,0.0,30,3.3,30,0.0,-2.9,11,9,0,1,0,1,0,0.17,1,0,0.17,0.17,-0.00,52,候補
3793,高橋真吾,B1,埼玉,53,77,4.14,156,,,,,,,,,,,29,3.4,33,0.0,35,0.0,-1.2,15,8,5,1,0,1,0,0.15,1,0,0.15,0.16,+0.01,56,
5091,為本智也,B1,福井,25,124,6.28,156,,,,,○,,,,,,25,12.0,31,19.4,27,3.7,0.8,38,16,3,4,12,2,1,0.16,2,0,0.15,0.17,+0.02,71,
3579,中里優子,B1,埼玉,53,70,4.99,156,,,,,,,,,,,31,9.7,31,3.2,21,0.0,2.2,12,6,2,3,1,0,0,0.18,1,0,0.17,0.19,+0.02,62,
4729,佐藤謙史,B1,福岡,37,111,4.45,156,,,,,,,,,,,27,11.1,32,3.1,19,0.0,4.4,13,6,1,3,3,0,0,0.19,0,0,0.19,,,0,
4465,大西賢,B1,東京,40,101,4.71,155,,,,,,,,,,,32,3.1,31,0.0,29,0.0,-1.5,15,8,2,2,0,3,0,0.19,2,0,0.19,0.20,+0.01,39,
5128,坪井爽佑,B1,三重,29,126,4.22,155,,,,,,,,,,,33,6.1,27,0.0,29,0.0,-0.2,14,3,2,2,5,2,0,0.18,1,0,0.17,0.19,+0.02,65,
4660,宇田川信,B1,東京,35,108,4.50,155,,,,,,,,,,,30,6.7,27,0.0,24,0.0,1.6,11,5,2,2,2,0,0,0.19,0,0,0.19,,,0,
5397,寺田夢生,B2,山口,24,136,1.53,155,,,,,,,,,,○,4,0.0,35,0.0,134,0.0,,0,0,0,0,0,0,0,0.18,1,0,0.18,0.18,+0.00,48,候補
3904,森貴洋,B1,大阪,49,80,4.95,155,,,,,○,○,,,,,27,0.0,30,6.7,20,0.0,-4.2,17,8,3,2,3,1,0,0.17,0,0,0.17,,,0,
4782,浜崎準也,B1,岡山,39,113,4.53,154,,,,,,,,,,,29,0.0,32,3.1,24,0.0,-3.5,15,7,4,1,1,2,0,0.19,2,0,0.18,0.22,+0.04,54,
5411,木下虎之,B2,東京,21,136,2.14,154,,,,,,,,,,,14,7.1,17,0.0,131,0.0,,1,0,0,1,0,0,0,0.17,1,0,0.17,0.15,-0.01,6,
5412,久保田凪,B2,佐賀,20,136,1.59,154,,,,,,,,,,○,18,0.0,36,0.0,114,0.0,-0.4,0,0,0,0,0,0,0,0.18,1,0,0.17,0.19,+0.02,59,
3726,桂林寛,B1,福岡,55,75,4.64,154,,,,,○,,,,,,31,6.5,23,8.7,23,0.0,0.8,12,2,3,5,1,0,1,0.16,1,0,0.16,0.16,-0.00,46,候補
3509,池千夏,B1,香川,54,67,3.30,154,,,,,,,,,,,26,0.0,29,0.0,19,0.0,-1.8,5,4,0,1,0,0,0,0.14,0,0,0.14,,,0,
3845,中谷朋子,A2,兵庫,49,78,6.15,154,,,,,,○,,,,,36,0.0,26,0.0,9,0.0,-4.6,28,15,7,2,4,0,0,0.19,1,0,0.19,0.22,+0.03,21,
5361,植竹玲奈,B1,東京,19,134,2.71,154,,,,,,,,,,,38,0.0,40,0.0,52,0.0,-0.9,1,0,0,1,0,0,0,0.22,0,0,0.22,,,0,
5380,野田亜湖,B2,徳島,22,135,1.20,154,,,,,,,,,,○,35,0.0,39,0.0,90,0.0,0.0,0,0,0,0,0,0,0,0.27,0,0,0.27,,,0,
4815,伏島祐介,B1,東京,36,114,3.49,152,,,,,,,,,,,28,3.6,22,4.5,42,0.0,-1.1,18,10,2,4,1,1,0,0.19,2,0,0.18,0.25,+0.07,28,慎重型
3787,天野誠,B1,岡山,54,77,3.51,152,,,,,,,,,,,28,3.6,33,0.0,24,0.0,0.3,7,5,0,1,0,1,0,0.20,1,0,0.19,0.20,+0.01,57,
5385,鈴木柊介,B1,静岡,21,135,2.58,152,,,,,,,,,,,38,0.0,39,2.6,86,0.0,-0.9,2,1,0,1,0,0,0,0.15,0,0,0.15,,,0,
5349,宮崎奏磨,B2,静岡,22,134,1.31,152,,,,,,,,,,,41,0.0,43,2.3,64,0.0,0.0,1,0,0,0,1,0,0,0.20,1,0,0.19,0.22,+0.03,27,
5396,近藤来希,B2,兵庫,24,136,2.26,152,,,,,,,,,,,25,0.0,30,0.0,108,0.9,-0.5,1,0,0,0,1,0,0,0.20,1,0,0.20,0.22,+0.02,18,
4843,深尾巴恵,B1,静岡,33,115,3.72,152,,,,,○,,,,,,23,13.0,27,11.1,26,3.8,4.7,22,10,1,8,1,2,0,0.16,2,0,0.15,0.18,+0.03,64,
4878,西岡育未,B1,徳島,31,116,4.36,152,,,,,,,,,,,33,6.1,28,0.0,21,0.0,0.5,12,5,0,4,2,0,1,0.17,0,0,0.17,,,0,
4866,橋本英一,B1,福岡,36,116,4.14,151,,,,,,,,,,,34,0.0,31,3.2,26,0.0,-3.7,13,6,0,4,1,2,0,0.17,1,0,0.17,0.18,+0.01,30,
4889,後藤盛也,B1,東京,37,117,5.21,150,,,,,,,,,,,22,9.1,26,3.8,28,0.0,1.6,29,12,2,5,7,3,0,0.15,3,0,0.14,0.17,+0.03,24,
5147,田中勇輔,B1,埼玉,32,127,4.31,150,,,,,,,,,,,25,8.0,29,0.0,26,0.0,2.3,12,5,0,5,0,1,1,0.15,1,0,0.14,0.15,+0.01,24,
3315,広瀬聖仁,B1,愛知,60,61,4.44,150,,,,,,,,,,,29,3.4,28,0.0,31,0.0,-0.6,12,5,5,1,0,1,0,0.16,1,0,0.16,0.17,+0.01,60,
5254,羽田妃希,B1,愛知,23,130,3.52,149,,,,,,,,,,○,27,0.0,40,0.0,34,0.0,-1.8,8,5,3,0,0,0,0,0.22,2,0,0.22,0.28,+0.06,5,
5403,藤山湧太,B2,徳島,22,136,2.26,149,,,,,,,,,,○,13,0.0,29,0.0,113,0.0,,1,0,1,0,0,0,0,0.18,1,0,0.17,0.20,+0.03,62,
3955,眞田英二,B2,徳島,49,82,4.71,149,,,,,,○,,,,,27,0.0,32,0.0,22,0.0,-4.1,16,8,5,0,1,2,0,0.19,0,0,0.19,,,0,
5393,藤原駿,B2,大阪,25,136,1.39,149,,,,,,,,,,○,10,0.0,19,0.0,136,0.0,,0,0,0,0,0,0,0,0.21,1,0,0.21,0.22,+0.02,9,
4664,東口晃,B1,福井,43,109,4.28,149,,,,,,,,,,,32,3.1,32,0.0,19,0.0,-0.8,12,3,2,5,0,2,0,0.19,0,0,0.19,,,0,
3207,田村美和,B1,東京,60,56,3.24,148,,,,,,,,,,,26,0.0,25,4.0,23,0.0,-1.4,5,3,0,0,2,0,0,0.18,1,0,0.18,0.24,+0.06,1,
5327,西田和加,B2,埼玉,22,133,1.84,148,,,,,,,,,,○,33,0.0,40,0.0,38,0.0,-0.5,0,0,0,0,0,0,0,0.19,1,0,0.19,0.20,+0.01,32,
5419,櫻井隼,B1,埼玉,20,136,2.15,148,,,,,,,,,,○,17,0.0,16,0.0,132,0.0,-0.8,0,0,0,0,0,0,0,0.23,1,0,0.22,0.28,+0.06,32,慎重型
5413,宮城那菜,B2,福岡,20,136,2.41,148,,,,,,,,,,,0,,37,2.7,127,0.0,,1,0,0,1,0,0,0,0.14,1,0,0.14,0.15,+0.01,17,
5357,田中瀬里,B2,埼玉,21,134,1.57,148,,,,,,,,,,○,22,0.0,29,0.0,67,0.0,-0.5,0,0,0,0,0,0,0,0.18,0,1,0.19,0.15,-0.04,42,候補
5417,小柳勝希,B1,佐賀,20,136,4.23,148,,,,,,,,,,,24,4.2,35,0.0,96,0.0,0.6,4,0,0,1,2,1,0,0.19,1,0,0.19,0.20,+0.01,39,
4863,三浦裕貴,B1,東京,37,116,4.20,148,,,,,,,,,,,21,9.5,31,3.2,34,0.0,2.4,15,8,1,3,1,2,0,0.17,1,0,0.16,0.18,+0.02,53,
4641,磯村匠,B1,東京,35,107,4.91,147,,,,,,,,,,,35,5.7,30,0.0,26,0.0,0.3,17,11,3,1,1,1,0,0.19,3,0,0.19,0.18,-0.01,33,候補
5420,吉原快誓,B2,長崎,20,136,2.12,147,,,,,,,,,,○,14,0.0,25,0.0,116,0.0,,0,0,0,0,0,0,0,0.17,1,0,0.17,0.17,-0.00,32,候補
4085,荻野裕介,B1,東京,46,87,5.33,147,,,,,○,,,,,,27,3.7,29,6.9,31,3.2,-1.8,19,7,5,1,5,1,0,0.21,0,0,0.21,,,0,
5347,井澤聖奈,B2,愛知,22,134,1.64,147,,,,,,,,,,○,37,0.0,48,0.0,69,0.0,-0.6,0,0,0,0,0,0,0,0.20,1,0,0.20,0.21,+0.00,8,
5391,出穂和鼓,B2,山口,18,135,1.70,146,,,,,,,,,,○,33,0.0,40,0.0,90,0.0,-0.5,0,0,0,0,0,0,0,0.20,2,0,0.18,0.23,+0.05,58,慎重型
3621,天野晶夫,B1,愛知,52,71,5.75,146,,,,,,,,,,,29,3.4,29,3.4,24,0.0,-3.8,16,9,1,1,4,1,0,0.17,2,0,0.17,0.19,+0.02,18,
5409,宮本琉正,B2,福岡,21,136,2.66,146,,,,,,,,,,,8,12.5,23,0.0,130,0.8,,3,0,1,1,1,0,0,0.16,1,0,0.16,0.14,-0.02,8,
5434,藤田康生,B1,静岡,21,137,3.38,146,,,,,,,,,,,14,0.0,27,0.0,107,1.9,,3,0,0,1,1,1,0,0.16,2,0,0.14,0.17,+0.03,63,
4766,石井孝之,B1,群馬,35,112,4.27,145,,,,,,,,,,,26,19.2,32,0.0,31,0.0,8.8,16,5,3,7,0,1,0,0.13,2,0,0.13,0.14,+0.01,23,
5366,塩嶋泰空,B2,福井,25,135,1.46,145,,,,,,,,,,○,22,0.0,22,0.0,97,0.0,0.0,1,1,0,0,0,0,0,0.19,2,0,0.18,0.20,+0.01,56,
5179,藤本元輝,B1,兵庫,29,128,4.81,145,,,,,,,,,,,31,16.1,33,3.0,29,0.0,7.3,20,12,1,3,4,0,0,0.19,3,0,0.17,0.23,+0.06,36,慎重型
5395,日高龍之,B1,佐賀,24,136,2.76,145,,,,,,,,,,,23,4.3,41,2.4,88,1.1,1.9,5,1,1,0,3,0,0,0.19,1,0,0.19,0.28,+0.09,2,
5372,上岡巧汰,B2,広島,23,135,2.08,144,,,,,,,,,,,8,12.5,23,0.0,129,0.0,,2,0,1,1,0,0,0,0.17,1,0,0.15,0.19,+0.04,50,
4421,森作広大,B1,東京,38,99,3.17,144,,,,,,,,,,,24,4.2,35,2.9,28,0.0,0.9,5,2,0,2,0,1,0,0.19,1,0,0.19,0.22,+0.03,23,
4071,古賀千晶,B1,兵庫,45,86,4.51,144,,,,,,,,,,,28,0.0,35,2.9,18,0.0,-2.8,13,8,1,0,4,0,0,0.17,1,0,0.17,0.29,+0.12,1,
5305,伊藤栞,B1,愛知,23,132,2.47,143,,,,,,,,,,,28,0.0,30,0.0,27,0.0,-0.8,3,2,0,1,0,0,0,0.17,1,0,0.16,0.17,+0.00,32,候補
5341,山道諄也,B1,群馬,25,134,3.12,143,,,,,,,,,,,26,7.7,35,0.0,69,0.0,4.1,4,1,0,1,2,0,0,0.19,1,0,0.18,0.24,+0.06,27,慎重型
5148,松本怜,B1,福岡,32,127,5.21,143,,,,,,,,,,,30,3.3,26,0.0,27,0.0,-2.1,21,8,5,4,0,4,0,0.18,1,0,0.19,0.16,-0.03,21,候補
5209,小野京平,B1,福岡,28,129,3.72,143,,,,,,,,,,,28,0.0,28,3.6,30,0.0,-2.0,4,2,0,1,1,0,0,0.20,1,0,0.20,0.20,+0.00,13,候補
5019,柴田百恵,B1,静岡,26,121,5.30,142,,,,,,,,,,,25,4.0,31,3.2,21,0.0,-1.6,13,6,2,3,1,1,0,0.16,2,0,0.16,0.16,-0.00,70,候補
5362,中嶋世奈,B2,静岡,19,134,2.57,142,,,,,,,,,,○,24,0.0,43,0.0,55,0.0,-0.9,3,3,0,0,0,0,0,0.21,2,0,0.20,0.22,+0.02,91,
3302,谷川里江,B1,愛知,59,60,5.35,142,,,,,,,,,,,30,13.3,23,0.0,23,0.0,4.6,27,8,1,13,2,2,1,0.17,1,0,0.17,0.19,+0.02,20,
3286,坂東満,B2,静岡,57,59,3.31,141,,,,,○,,,,,,22,9.1,20,5.0,27,0.0,2.2,16,9,1,4,1,1,0,0.16,1,0,0.16,0.31,+0.15,1,
3778,安達美帆,B1,埼玉,50,76,2.68,141,,,,,,,,,,,25,4.0,33,0.0,19,0.0,1.2,4,2,1,1,0,0,0,0.22,0,0,0.22,,,0,
3901,松田憲幸,B2,山口,49,80,4.62,141,,,,,,,,,,,27,0.0,29,3.4,18,0.0,-3.4,20,12,3,3,1,1,0,0.21,0,0,0.21,,,0,
3801,五反田忍,B1,大阪,52,77,4.74,141,,,,,,,,,,,21,9.5,28,0.0,17,5.9,2.4,19,10,0,8,1,0,0,0.17,0,0,0.17,,,0,
5441,鈴木雄登,B1,愛知,20,137,3.40,141,,,,,,,,,,,10,0.0,14,7.1,117,2.6,,6,0,1,0,4,1,0,0.18,2,0,0.17,0.19,+0.02,29,
5432,安藤瑠希,B1,静岡,21,137,3.08,141,,,,,,,,,,,16,6.2,22,0.0,105,1.9,2.6,3,0,0,1,2,0,0,0.16,0,0,0.16,,,0,
4666,日笠勝弘,B1,大阪,42,109,3.93,141,,,,,○,,,,,,19,0.0,27,11.1,23,0.0,-2.4,10,6,1,0,2,0,1,0.16,0,0,0.16,,,0,
5206,梅原祥平,B1,岡山,29,129,4.40,141,,,,,,,,,,,28,7.1,28,3.6,28,0.0,1.9,9,2,0,3,2,2,0,0.14,1,0,0.14,0.16,+0.02,38,
5103,芝田京介,B2,埼玉,28,125,4.04,140,,,,,,,,,,,24,8.3,24,0.0,39,2.6,3.4,7,1,0,3,1,2,0,0.19,2,0,0.19,0.21,+0.02,39,
5293,眞崎武蔵,B1,静岡,24,132,3.73,140,,,,,,,,,,,16,6.2,28,3.6,48,0.0,1.6,4,1,2,0,1,0,0,0.20,1,0,0.18,0.22,+0.04,50,
5324,畑田希咲,B1,兵庫,23,133,2.69,139,,,,,,,,,,○,30,0.0,29,0.0,29,0.0,-1.0,3,2,0,0,0,1,0,0.21,1,0,0.20,0.22,+0.02,26,
4190,長嶋万記,B2,静岡,45,91,6.60,139,,,,,,,,,,,22,18.2,33,3.0,19,5.3,3.1,36,19,3,6,2,6,0,0.16,1,0,0.16,0.16,-0.00,12,候補
5358,増本杏珠,B2,福岡,21,134,2.83,139,,,,,,,,,,○,28,0.0,25,0.0,40,0.0,-1.4,1,1,0,0,0,0,0,0.20,2,0,0.20,0.29,+0.09,9,
4792,杉村賢也,B1,東京,36,113,4.06,138,,,,,,,,,,,28,10.7,20,0.0,22,4.5,2.8,20,7,0,12,0,1,0,0.16,2,0,0.15,0.26,+0.10,5,
5399,長野未来,B2,三重,24,136,1.32,138,,,,,,,,,,○,14,0.0,11,0.0,121,0.0,,0,0,0,0,0,0,0,0.23,0,0,0.23,,,0,
5353,草川壮良,B1,滋賀,22,134,2.70,138,,,,,,,,,,,20,0.0,47,0.0,65,1.5,-0.7,4,0,0,0,2,2,0,0.18,2,0,0.17,0.22,+0.05,24,慎重型
4479,矢野真梨,B1,山口,38,101,3.78,138,,,,,,,,,,,35,0.0,30,0.0,18,0.0,-1.9,9,4,2,0,2,1,0,0.19,0,0,0.19,,,0,
4724,吉田祐貴,B1,佐賀,40,111,3.44,138,,,,,,,,,,○,24,0.0,26,0.0,21,0.0,-1.9,6,2,2,0,0,2,0,0.18,1,0,0.18,0.22,+0.04,11,
3567,吉岡誠,B1,山口,56,70,3.18,137,,,,,,,,,,,25,8.0,26,0.0,28,0.0,3.0,10,7,1,1,1,0,0,0.18,1,0,0.18,0.18,+0.00,60,候補
5418,堀内亜海,B2,大阪,20,136,1.11,137,,,,,,,,,,○,4,0.0,18,0.0,130,0.0,,0,0,0,0,0,0,0,0.20,1,0,0.20,0.18,-0.03,34,候補
4534,坂咲友理,B1,大阪,36,103,3.78,136,,,,,,,,,,,28,3.6,27,0.0,14,0.0,-0.5,8,5,1,1,1,0,0,0.20,0,0,0.20,,,0,
5259,野田昇吾,B2,埼玉,33,131,3.29,135,,,,,○,,,,,,25,0.0,29,6.9,27,0.0,-2.0,8,4,1,2,1,0,0,0.16,2,0,0.15,0.21,+0.05,7,
5122,相馬翔,B1,埼玉,25,125,3.68,135,,,,,,,,,,,32,3.1,25,0.0,22,0.0,-1.5,15,7,4,3,0,1,0,0.18,1,0,0.17,0.22,+0.05,31,慎重型
3704,本部めぐ,B1,三重,52,74,3.18,135,,,,,,,,,,,24,0.0,29,3.4,20,0.0,-1.9,6,5,0,1,0,0,0,0.22,1,0,0.22,0.23,+0.01,40,
5117,冨名腰桃,B1,福岡,26,125,5.15,135,,,,,○,,,,,,28,10.7,28,10.7,26,0.0,3.5,15,5,0,4,4,2,0,0.18,0,0,0.18,,,0,
5319,近藤颯斗,B1,愛知,25,133,4.42,135,,,,,,,,,,,22,13.6,27,3.7,31,6.5,4.2,24,10,4,4,5,1,0,0.14,3,0,0.13,0.19,+0.05,25,慎重型
5390,高橋涼夏,B2,群馬,19,135,2.81,135,,,,,,,,,,,19,5.3,34,0.0,94,0.0,2.1,2,0,0,1,0,0,1,0.16,2,0,0.16,0.18,+0.02,24,
5138,村本大成,B1,福岡,26,126,3.73,135,,,,,,,,,,○,25,0.0,23,0.0,18,0.0,-1.7,5,5,0,0,0,0,0,0.18,0,0,0.18,,,0,
3107,平岡重典,B1,大阪,62,52,3.71,134,,,,,,,,,,,28,0.0,27,3.7,17,0.0,-1.8,9,5,2,1,1,0,0,0.18,0,0,0.18,,,0,
3372,加藤雅之,B2,広島,59,63,3.31,134,,,,,,,,,,○,30,0.0,23,0.0,25,0.0,-1.4,5,4,1,0,0,0,0,0.21,0,0,0.21,,,0,
5237,永松良教,B2,福岡,26,130,4.98,134,,,,,○,○,,,,,27,0.0,26,7.7,37,2.7,-4.1,13,5,2,1,3,2,0,0.16,2,0,0.14,0.22,+0.08,25,慎重型
4275,菅野はや,B1,広島,43,94,3.37,134,,,,,,,,,,○,21,0.0,26,0.0,21,0.0,-1.8,2,2,0,0,0,0,0,0.21,0,0,0.21,,,0,
4244,鈴木成美,B2,静岡,39,92,4.16,133,,,,,,,,,,,25,4.0,33,0.0,22,0.0,0.8,9,6,0,2,0,1,0,0.14,1,0,0.14,0.17,+0.03,16,
5426,甲斐貴大,B2,福岡,24,137,2.31,133,,,,,,,,,,○,5,0.0,16,0.0,112,0.0,,0,0,0,0,0,0,0,0.19,1,0,0.19,0.25,+0.06,5,
3630,黒田誠司,B1,静岡,56,72,3.74,133,,,,,,,,,,,22,13.6,24,0.0,21,0.0,6.2,5,2,0,1,2,0,0,0.16,0,0,0.16,,,0,
5175,島崎丈一,B1,東京,22,127,4.94,133,,,,,,○,,,,,29,0.0,23,4.3,18,5.6,-4.2,18,9,4,0,2,3,0,0.17,0,0,0.17,,,0,
4691,水原慎,B1,徳島,42,110,4.59,132,,,,,,,,,,,28,0.0,27,0.0,19,0.0,-3.5,16,9,3,3,0,1,0,0.16,0,0,0.16,,,0,
4784,向井田真,B1,広島,38,113,3.25,131,,,,,,,,,,,21,4.8,28,3.6,24,0.0,0.3,13,5,3,4,0,1,0,0.20,2,0,0.19,0.21,+0.02,71,
4176,樋口喜彦,B2,兵庫,43,90,3.35,130,,,,,○,,,,,,27,0.0,37,5.4,13,0.0,-2.0,4,1,0,1,1,1,0,0.17,0,0,0.17,,,0,
4681,太田潮,B1,愛知,35,109,4.01,129,,,,,,,,,,,23,4.3,26,0.0,25,0.0,0.0,11,7,1,1,2,0,0,0.17,0,0,0.17,,,0,
4919,吉田翔悟,B1,長崎,35,118,3.94,129,,,,,,,,,,,24,0.0,25,4.0,33,0.0,-3.9,10,3,2,2,1,1,1,0.16,2,0,0.15,0.17,+0.02,96,
5333,山下智己,B2,兵庫,22,133,3.58,128,,,,,,,,,,,28,3.6,29,3.4,24,0.0,-0.5,18,6,1,3,3,4,1,0.19,2,0,0.19,0.22,+0.04,27,
3448,高山秀雄,B1,群馬,56,65,4.39,128,,,,,,,,,,,30,0.0,25,4.0,19,0.0,-3.6,10,7,2,0,1,0,0,0.20,1,1,0.20,0.18,-0.02,30,候補
3461,渡邊哲也,B1,静岡,59,66,2.80,127,,,,,,,,,,,25,0.0,13,0.0,35,0.0,-0.8,7,5,1,1,0,0,0,0.19,0,0,0.19,,,0,
5436,市川瑚幸,B2,東京,21,137,1.43,127,,,,,,,,,,○,6,0.0,11,0.0,110,0.0,,0,0,0,0,0,0,0,0.21,0,0,0.21,,,0,
3788,一宮稔弘,B2,徳島,54,77,5.14,125,,,,,○,,,,,,27,7.4,29,13.8,20,0.0,-1.1,23,10,3,7,3,0,0,0.13,2,0,0.13,0.23,+0.10,1,
5439,志賀美優,B2,愛知,20,137,1.53,125,,,,,,,,,,,4,0.0,10,0.0,111,0.9,,1,0,0,0,1,0,0,0.21,1,0,0.20,0.24,+0.04,20,
4954,内山峻輔,B1,東京,31,119,4.34,125,,,,,,,,,,,16,6.2,30,3.3,43,4.7,1.0,9,2,1,1,3,2,0,0.17,1,0,0.18,0.14,-0.04,24,候補
4498,宮本夏樹,B2,長崎,39,102,4.67,124,,,,,,,,,,,22,0.0,25,4.0,24,0.0,-3.9,18,6,1,3,6,2,0,0.17,1,0,0.16,0.19,+0.03,20,
5052,赤井星璃,B1,大阪,31,123,4.55,124,,,,,,,,,,,22,9.1,17,0.0,21,0.0,2.8,12,3,0,2,4,2,1,0.16,1,0,0.15,0.19,+0.04,4,
5433,米本圭佑,B2,東京,21,137,2.16,124,,,,,,,,,,○,12,0.0,24,0.0,88,0.0,,0,0,0,0,0,0,0,0.23,1,0,0.23,0.29,+0.07,14,慎重型
3591,後藤孝義,B1,静岡,58,71,3.10,123,,,,,,,,,,○,22,0.0,24,0.0,17,0.0,-1.3,5,4,0,0,0,1,0,0.19,0,0,0.19,,,0,
3353,前田光昭,B1,埼玉,58,62,2.93,123,,,,,○,,,,,,29,0.0,20,10.0,22,0.0,-2.1,6,2,0,1,3,0,0,0.16,2,0,0.16,0.17,+0.02,47,
5077,滝沢崚,B1,埼玉,29,124,3.61,123,,,,,○,,○,,,,20,25.0,34,5.9,13,0.0,12.7,10,1,0,7,2,0,0,0.18,1,0,0.18,0.14,-0.04,6,
5235,岩田凌,B2,大阪,27,130,3.90,123,,,,,,,,,,,23,0.0,20,0.0,21,0.0,-1.3,8,2,1,5,0,0,0,0.18,1,0,0.18,,,0,
5367,赤松咲香,B2,徳島,24,135,1.85,122,,,,,,,,,,,27,3.7,36,2.8,59,0.0,1.9,2,0,0,2,0,0,0,0.18,2,0,0.17,0.20,+0.04,57,
5304,井田涼介,B2,群馬,23,132,2.34,122,,,,,,,,,,,21,0.0,30,0.0,43,0.0,-0.9,2,1,0,1,0,0,0,0.21,2,1,0.20,0.22,+0.02,59,
5370,日隈茜,B2,福岡,24,135,1.27,122,,,,,,,,,,○,29,0.0,31,0.0,74,0.0,0.0,0,0,0,0,0,0,0,0.19,2,0,0.18,0.21,+0.02,37,
3953,志道吉和,B2,福岡,49,82,3.74,122,,,,,,,,,,,28,3.6,26,0.0,25,0.0,0.3,10,9,0,0,1,0,0,0.20,2,0,0.19,0.25,+0.06,17,慎重型
5402,塚越陸斗,B2,群馬,23,136,1.59,121,,,,,,,,,,○,5,0.0,5,0.0,120,0.0,,0,0,0,0,0,0,0,0.21,2,0,0.18,0.23,+0.05,73,慎重型
5444,林風音,B2,愛知,18,137,1.33,121,,,,,,,,,,○,0,,3,0.0,117,0.0,,0,0,0,0,0,0,0,0.20,1,0,0.20,0.26,+0.06,15,慎重型
5410,今泉澪,B2,愛知,21,136,1.84,120,,,,,,,,,,,0,,6,0.0,127,0.8,,1,0,0,0,1,0,0,0.17,0,0,0.17,,,0,
3986,沖島広和,B1,福岡,48,83,5.00,119,,,,,,,,,,○,22,0.0,23,0.0,26,0.0,-3.9,17,12,4,0,0,1,0,0.17,0,0,0.17,,,0,
4355,小川広大,B1,福岡,42,97,2.80,119,,,,,,,,,,○,24,0.0,23,0.0,26,0.0,-1.3,4,4,0,0,0,0,0,0.21,1,0,0.21,0.28,+0.07,6,
5187,小坂風太,B2,福井,26,128,3.06,119,,,,,,,,,,,25,0.0,23,0.0,19,0.0,-1.7,4,3,0,1,0,0,0,0.20,1,0,0.21,0.20,-0.01,26,候補
3538,菊池峰晴,B2,群馬,58,69,3.80,119,,,,,,,,,,,28,3.6,23,0.0,17,0.0,-1.1,7,2,1,3,0,1,0,0.22,0,0,0.22,,,0,
4882,瀧川千依,B2,広島,30,116,3.24,118,,,,,,,,,,,16,6.2,28,0.0,25,0.0,1.8,6,4,0,1,1,0,0,0.22,2,0,0.19,0.26,+0.06,42,慎重型
5201,村上宗太,B2,東京,23,128,5.35,118,,,,,○,,,,,,22,4.5,16,6.2,38,0.0,-1.1,15,7,3,0,3,2,0,0.20,1,0,0.19,0.27,+0.08,3,
5425,西山育,B2,三重,24,137,1.36,118,,,,,,,,,,○,6,0.0,12,0.0,100,0.0,,0,0,0,0,0,0,0,0.23,1,0,0.23,0.26,+0.03,25,
5442,池田美優,B2,広島,19,137,1.66,118,,,,,,,,,,○,0,,0,,118,0.0,,0,0,0,0,0,0,0,0.21,2,0,0.20,0.24,+0.04,32,
5415,阿部未侑,B2,東京,20,136,1.24,117,,,,,,,,,,○,4,0.0,18,0.0,112,0.0,,0,0,0,0,0,0,0,0.24,2,0,0.23,0.31,+0.09,15,慎重型
5204,宇恵有香,B2,三重,29,129,4.53,117,,,,,,,,,,,18,5.6,25,0.0,18,5.6,0.1,10,4,4,2,0,0,0,0.17,0,0,0.17,,,0,
4385,鈴木祐美,B2,三重,41,98,4.04,116,,,,,,,,,,,22,9.1,25,0.0,14,0.0,3.8,7,2,1,2,1,1,0,0.20,0,0,0.20,,,0,
5440,薗頭心,B2,兵庫,20,137,1.73,116,,,,,,,,,,○,0,,2,0.0,114,0.0,,0,0,0,0,0,0,0,0.18,1,0,0.18,0.22,+0.04,19,
5438,星田夢結,B2,福岡,21,137,1.61,116,,,,,,,,,,○,0,,9,0.0,107,0.0,,0,0,0,0,0,0,0,0.20,0,0,0.20,,,0,
4519,清水沙樹,A2,東京,39,103,5.46,115,,,,,○,,,,,,26,15.4,23,17.4,14,0.0,5.6,25,10,2,9,2,2,0,0.16,1,0,0.15,0.19,+0.04,18,
5387,戸田海咲,B2,山口,20,135,1.37,115,,,,,,,,,,○,19,0.0,32,0.0,88,0.0,0.0,0,0,0,0,0,0,0,0.20,1,0,0.20,0.22,+0.02,11,
3653,品川賢次,B2,群馬,52,72,4.20,114,,,,,,,,,,,27,7.4,18,0.0,22,0.0,1.3,8,5,0,1,1,1,0,0.21,1,0,0.20,0.23,+0.03,45,
3578,塩田雄一,B1,香川,53,70,3.67,114,,,,,,,,,,,25,4.0,28,0.0,19,0.0,0.8,7,3,0,4,0,0,0,0.18,1,0,0.18,0.19,+0.01,60,
5253,藤井太雅,B2,東京,23,130,3.36,113,,,,,,,,,,,21,4.8,21,0.0,41,0.0,1.0,3,1,1,0,0,1,0,0.24,3,0,0.28,0.24,-0.04,97,候補
4753,森照夫,B2,福岡,38,112,3.82,113,,,,,,,,,,,21,4.8,17,0.0,29,0.0,-1.0,14,9,1,4,0,0,0,0.15,3,0,0.14,0.18,+0.04,21,
5283,植木美帆,B2,東京,22,131,2.73,113,,,,,○,,,,,,21,0.0,24,8.3,26,0.0,-0.7,5,2,0,0,2,1,0,0.20,3,0,0.18,0.21,+0.03,74,
4854,大橋由珠,B2,東京,31,115,3.94,112,,,,,,,,,,,26,3.8,21,0.0,22,4.5,-0.9,8,3,2,0,2,1,0,0.17,2,0,0.17,0.17,+0.00,33,候補
5443,西村仁吾,B2,長崎,18,137,1.57,112,,,,,,,,,,○,0,,0,,112,0.0,,0,0,0,0,0,0,0,0.23,2,0,0.22,0.25,+0.04,31,
5197,中野仁照,B2,愛知,24,128,5.74,111,,,,,○,,○,,,,19,26.3,20,10.0,40,2.5,9.6,28,10,2,9,7,0,0,0.17,2,0,0.16,0.18,+0.01,69,
5169,堀本翔太,B2,愛知,25,127,3.46,111,,,,,,,,,,,18,0.0,30,3.3,19,0.0,-1.2,5,1,2,1,1,0,0,0.19,1,0,0.19,0.20,+0.00,26,候補
4548,篠木亜衣,B1,三重,38,104,2.95,111,,,,,,,,,,,18,5.6,22,0.0,22,0.0,1.9,6,3,0,1,2,0,0,0.24,1,0,0.24,0.25,+0.01,25,
5435,中西月輝,B2,広島,21,137,1.33,111,,,,,,,,,,○,0,,2,0.0,109,0.0,,0,0,0,0,0,0,0,0.22,2,0,0.22,0.23,+0.01,46,
5373,諏訪玲奈,B2,岡山,23,135,3.09,110,,,,,,,,,,,31,0.0,40,2.5,40,0.0,-0.9,1,0,0,0,1,0,0,0.21,0,0,0.21,,,0,
3444,香月大介,B1,福岡,56,65,3.32,110,,,,,,,,,,,19,10.5,23,0.0,19,0.0,4.7,8,6,0,1,1,0,0,0.16,1,0,0.17,0.13,-0.04,18,候補
5431,得山大輝,B2,広島,21,137,1.56,109,,,,,,,,,,○,0,,7,0.0,102,0.0,,0,0,0,0,0,0,0,0.17,2,0,0.15,0.24,+0.08,17,慎重型
3832,下田哲也,B2,香川,51,78,3.08,108,,,,,,,,,,,16,0.0,17,0.0,23,0.0,-1.6,3,1,0,1,1,0,0,0.17,0,0,0.17,,,0,
4510,坂本奈央,B2,福岡,37,102,2.86,108,,,,,,,,,,,22,0.0,22,0.0,15,0.0,-1.9,3,2,1,0,0,0,0,0.23,0,0,0.23,,,0,
4683,向井田直,B2,広島,35,109,3.30,108,,,,,○,,,,,,23,8.7,25,20.0,52,7.7,3.4,13,0,0,12,1,0,0,0.14,3,0,0.13,0.19,+0.06,25,慎重型
5108,柴田愛梨,B2,群馬,27,125,3.03,108,,,,,,,,,,,18,0.0,21,0.0,18,0.0,-0.8,3,3,0,0,0,0,0,0.26,0,0,0.26,,,0,
5180,藤本紗弥,B2,山口,28,128,4.73,107,,,,,○,,,,,,24,4.2,19,5.3,17,5.9,0.9,9,3,1,2,2,1,0,0.20,2,0,0.20,0.34,+0.15,2,
5430,鳥本智史,B2,三重,22,137,1.39,107,,,,,,,,,,,0,,0,,107,0.0,,0,0,0,0,0,0,0,0.17,1,0,0.18,0.17,-0.01,26,候補
4865,立具敬司,B2,大阪,36,116,3.47,106,,,,,,,,,,,16,0.0,16,0.0,22,4.5,-2.8,12,10,0,0,1,1,0,0.17,1,0,0.17,0.19,+0.02,21,
3820,樫葉次郎,B1,徳島,54,78,3.08,105,,,,,,,,,,,16,0.0,23,0.0,18,0.0,-1.1,1,1,0,0,0,0,0,0.15,1,0,0.15,0.18,+0.03,4,
3289,高橋淳美,B1,大阪,63,60,3.29,105,,,,,,,,,,,20,15.0,22,0.0,14,0.0,7.4,7,1,1,4,0,1,0,0.18,1,0,0.18,0.24,+0.06,10,慎重型
5429,吉川颯汰,B2,佐賀,23,137,1.12,105,,,,,,,,,,○,0,,4,0.0,101,0.0,,0,0,0,0,0,0,0,0.22,1,0,0.21,0.26,+0.05,12,慎重型
5421,原田朱理,B2,兵庫,24,137,1.43,104,,,,,,,,,,,11,0.0,13,0.0,80,0.0,,0,0,0,0,0,0,0,0.23,1,0,0.22,0.25,+0.03,44,
4997,濱崎寿里,B2,埼玉,33,121,3.07,103,,,,,○,,,,,,27,7.4,20,5.0,16,0.0,2.8,6,3,0,3,0,0,0,0.18,1,0,0.18,,,0,
3081,岡本慎治,B1,山口,62,51,5.39,103,,,,,,,,,,,16,0.0,19,0.0,20,0.0,-3.4,14,5,4,4,0,0,1,0.17,1,0,0.17,0.22,+0.05,1,
5428,古園井綾,B2,佐賀,23,137,1.08,103,,,,,,,,,,○,0,,4,0.0,99,0.0,,0,0,0,0,0,0,0,0.19,1,0,0.19,0.21,+0.02,23,
5174,川井萌,B2,静岡,24,127,5.36,103,,,,,○,,,,,,20,0.0,18,5.6,13,0.0,-3.7,15,8,3,1,2,0,1,0.18,2,0,0.18,0.19,+0.01,40,
4268,和合俊介,B1,福岡,40,93,2.89,102,,,,,,,,,,,24,0.0,23,4.3,19,0.0,-1.9,3,1,0,1,0,1,0,0.18,2,0,0.17,0.19,+0.02,41,
5164,森田梨湖,B2,福岡,26,127,2.60,102,,,,,,,,,,,15,0.0,23,0.0,11,0.0,-1.1,2,2,0,0,0,0,0,0.21,0,0,0.21,,,0,
4650,中山雄太,B2,愛知,42,108,2.92,101,,,,,,,,,,,21,19.0,20,0.0,18,0.0,7.3,17,8,2,4,3,0,0,0.14,0,0,0.14,,,0,
4884,勝浦真帆,A1,岡山,29,116,5.59,100,,,,,,,,,,,21,0.0,23,0.0,16,0.0,-3.8,24,16,1,4,0,3,0,0.13,0,0,0.13,,,0,
4162,竹本太樹,B1,大阪,44,90,4.03,100,,,,,,,,,,,23,0.0,22,4.5,12,0.0,-3.2,6,3,2,1,0,0,0,0.17,0,0,0.17,,,0,
3070,山室展弘,B1,岡山,65,51,6.21,100,,,,,,,,,,,22,4.5,3,0.0,1,0.0,-1.2,19,9,6,2,1,1,0,0.15,0,0,0.15,,,0,
5424,熊倉幹太,B2,東京,24,137,1.33,100,,,,,,,,,,,10,0.0,10,0.0,80,1.2,,2,0,0,1,0,0,1,0.20,1,0,0.19,0.24,+0.05,33,慎重型
5423,高橋嗣穏,B2,徳島,24,137,1.22,99,,,,,,,,,,,0,,1,0.0,98,0.0,,0,0,0,0,0,0,0,0.21,3,0,0.20,0.22,+0.01,69,
4990,田中博子,B2,福岡,29,120,3.56,98,,,,,,,,,,,16,0.0,17,0.0,17,5.9,-1.1,5,2,0,1,2,0,0,0.21,0,0,0.21,,,0,
4998,中村かな,B2,東京,33,121,4.71,98,,,,,○,,,,,,22,4.5,20,5.0,13,7.7,-1.1,9,5,1,1,2,0,0,0.12,0,0,0.12,,,0,
3631,田添康介,B1,長崎,56,72,2.39,97,,,,,,,,,,,19,0.0,23,0.0,17,0.0,-1.2,2,1,0,1,0,0,0,0.19,0,1,0.20,0.19,-0.01,36,候補
3645,淺田千亜,B2,徳島,53,72,5.18,97,,,,,,,,,,,19,0.0,15,0.0,18,5.6,-3.6,11,3,3,3,1,1,0,0.14,2,0,0.14,0.14,-0.00,19,候補
5200,筒井美琴,B2,福岡,24,128,2.03,97,,,,,,,,,,,20,0.0,19,0.0,23,0.0,-0.5,1,0,1,0,0,0,0,0.20,1,0,0.19,0.23,+0.03,10,
3895,堀本裕也,B2,愛知,50,80,4.00,96,,,,,,,,,,,17,11.8,21,4.8,11,0.0,4.0,10,2,2,3,3,0,0,0.18,0,0,0.18,,,0,
5422,真田聖也,B2,埼玉,24,137,1.30,96,,,,,,,,,,,5,0.0,7,0.0,84,0.0,,0,0,0,0,0,0,0,0.15,3,0,0.14,0.17,+0.03,37,
5176,石倉拓美,B2,山口,33,128,2.26,92,,,,,○,,,,,,13,0.0,20,5.0,20,0.0,,6,3,1,1,1,0,0,0.17,1,0,0.17,,,0,
3176,長谷川巌,B1,山口,61,55,4.42,90,,,,,,,,,,,14,14.3,20,0.0,20,5.0,,11,6,2,1,2,0,0,0.20,1,0,0.18,0.23,+0.04,32,
5251,沼田七華,B2,福井,23,130,2.12,90,,,,,,,,,,,14,0.0,16,0.0,17,0.0,,1,0,0,0,0,0,1,0.18,0,0,0.18,,,0,
5437,中澤里桜,B2,香川,21,137,1.61,89,,,,,,,,,,,0,,1,0.0,89,0.0,,0,0,0,0,0,0,0,0.22,2,0,0.20,0.24,+0.04,45,
5363,山本凱立,B2,広島,26,135,1.31,86,,,,,,,,,,,0,,5,20.0,88,0.0,,1,0,0,1,0,0,0,0.20,2,0,0.23,0.19,-0.04,55,候補
5401,谷海夏人,B2,広島,23,136,2.67,84,,,,,,,,,,,0,,2,0.0,97,1.0,,1,0,0,0,1,0,0,0.21,2,0,0.19,0.24,+0.05,30,慎重型
3419,栗原謙治,B2,群馬,56,64,2.10,84,,,,,,,,,,,12,0.0,16,0.0,17,0.0,,2,1,0,1,0,0,0,0.21,0,0,0.21,,,0,
4956,齊藤大将,B2,東京,30,119,4.51,84,,,,,○,,,,,,13,7.7,18,5.6,10,0.0,,7,5,0,1,1,0,0,0.18,1,0,0.17,0.47,+0.30,1,
5184,飯塚響,B2,群馬,27,128,3.31,83,,,,,,,,,,,18,0.0,15,0.0,10,0.0,-1.2,7,2,0,3,0,2,0,0.20,1,0,0.20,0.20,+0.01,11,
4663,籾山佳岳,B2,愛知,43,109,5.61,81,,,,,,,,,,,12,16.7,13,15.4,15,13.3,,20,8,4,3,3,2,0,0.15,1,0,0.15,0.16,+0.01,26,
3921,川村正輝,B1,福井,51,81,3.85,77,,,,,,,,,,,13,7.7,18,0.0,11,0.0,,8,4,2,0,2,0,0,0.20,0,0,0.20,,,0,
3246,星野政彦,B2,兵庫,61,58,3.49,76,,,,,,,,,,,17,0.0,15,0.0,6,0.0,-1.1,6,3,0,3,0,0,0,0.17,3,0,0.17,0.16,-0.01,18,候補
3355,橋谷田佳,B2,東京,57,62,3.07,76,,,,,,,,,,,11,0.0,19,0.0,9,0.0,,1,1,0,0,0,0,0,0.26,0,0,0.26,,,0,
4940,白石有美,B2,東京,28,118,4.17,75,,,,,,,,,,,18,0.0,16,0.0,20,0.0,-2.3,4,3,0,0,0,1,0,0.16,0,0,0.16,,,0,
5460,早川理稀,B2,滋賀,20,138,1.56,75,,,,,,,,,,,0,,0,,75,1.3,,0,0,0,0,0,0,0,0.18,0,0,0.18,,,0,
5113,黒明花夢,B1,岡山,26,125,3.28,74,,,,,,,,,,,15,0.0,18,0.0,11,0.0,-1.1,3,3,0,0,0,0,0,0.19,0,0,0.19,,,0,
4758,富樫麗加,B1,東京,36,112,5.99,74,,,,,○,,,,,,14,0.0,19,10.5,15,0.0,,16,10,1,0,3,2,0,0.16,0,0,0.16,,,0,
5162,松尾怜実,B1,福岡,26,127,3.58,74,,,,,,,,,,,14,0.0,14,0.0,14,0.0,,3,2,0,1,0,0,0,0.17,0,0,0.17,,,0,
3851,森田昭彦,B1,福岡,53,79,2.41,73,,,,,,,,,,,14,0.0,16,0.0,19,0.0,,2,1,0,1,0,0,0,0.18,1,0,0.18,0.18,+0.00,5,
3939,渡辺真至,B2,愛知,48,81,5.23,72,,,,,,,,,,,15,0.0,11,0.0,12,0.0,-3.2,12,6,4,0,0,1,1,0.16,2,0,0.15,0.19,+0.04,16,
4818,伏見俊介,B2,東京,35,114,2.53,71,,,,,,,,,,,12,33.3,13,7.7,34,2.9,,6,1,0,5,0,0,0,0.14,3,0,0.11,0.16,+0.05,42,慎重型
5471,田中結,B2,大阪,17,138,1.45,64,,,,,,,,,,,0,,0,,64,0.0,,0,0,0,0,0,0,0,0.18,0,0,0.18,,,0,
3346,宮本裕之,B1,兵庫,59,62,4.26,62,,,,,○,,,,,,9,22.2,15,6.7,11,0.0,,5,1,0,2,2,0,0,0.16,0,1,0.16,0.17,+0.01,12,
4781,西舘果里,B2,東京,39,113,3.63,61,,,,,,,,,,,18,5.6,14,0.0,12,0.0,0.7,5,2,1,1,0,1,0,0.18,2,0,0.18,0.19,+0.02,24,
5456,今村天次,B2,兵庫,20,138,2.10,60,,,,,,,,,,,0,,1,0.0,59,0.0,,0,0,0,0,0,0,0,0.14,0,0,0.14,,,0,
5453,久保翔耶,B2,香川,20,138,2.16,60,,,,,,,,,,,0,,0,,60,1.7,,1,0,0,0,1,0,0,0.17,0,0,0.17,,,0,
5454,谷島咲希,B2,埼玉,20,138,1.57,58,,,,,,,,,,,0,,0,,58,0.0,,0,0,0,0,0,0,0,0.21,0,0,0.21,,,0,
5455,澁澤周羽,B2,群馬,20,138,1.50,58,,,,,,,,,,,0,,0,,59,0.0,,0,0,0,0,0,0,0,0.20,0,0,0.20,,,0,
5458,田中大輝,B2,福岡,20,138,1.22,56,,,,,,,,,,,0,,0,,56,0.0,,0,0,0,0,0,0,0,0.20,0,0,0.20,,,0,
5072,吉田杏美,B2,埼玉,31,124,2.43,55,,,,,,,,,,,11,0.0,10,0.0,11,0.0,,1,1,0,0,0,0,0,0.21,0,0,0.21,,,0,
5408,中山鷹輔,B2,福岡,20,136,1.84,55,,,,,,,,,,,2,0.0,9,0.0,59,0.0,,0,0,0,0,0,0,0,0.21,0,0,0.21,,,0,
5457,山田陽翔,B2,長崎,20,138,1.15,55,,,,,,,,,,,0,,3,0.0,51,0.0,,0,0,0,0,0,0,0,0.21,0,0,0.21,,,0,
3943,三松直美,B2,岡山,47,81,2.09,54,,,,,,,,,,,6,0.0,10,0.0,12,0.0,,0,0,0,0,0,0,0,0.18,0,0,0.18,,,0,
5467,野村羽玖,B2,大阪,19,138,2.28,54,,,,,,,,,,,0,,0,,54,1.9,,0,0,0,0,0,0,0,0.19,0,0,0.19,,,0,
4690,高石梨菜,B2,東京,32,109,5.18,53,,,,,,,,,,,6,0.0,11,0.0,7,14.3,,6,3,1,0,1,1,0,0.17,0,0,0.17,,,0,
5448,福田柊人,B2,山口,23,138,1.14,53,,,,,,,,,,,0,,0,,53,0.0,,0,0,0,0,0,0,0,0.21,0,0,0.21,,,0,
4340,土性雅也,B2,三重,42,96,3.33,52,,,,,,,,,,,13,0.0,10,0.0,11,0.0,,2,1,1,0,0,0,0,0.22,0,0,0.22,,,0,
4726,島田なぎ,B2,埼玉,38,111,3.88,50,,,,,,,,,,,10,10.0,10,0.0,7,0.0,,4,1,2,0,1,0,0,0.14,0,0,0.14,,,0,
5469,今泉博人,B2,佐賀,17,138,1.59,50,,,,,,,,,,,0,,0,,50,0.0,,0,0,0,0,0,0,0,0.22,0,0,0.22,,,0,
5468,山口隼人,B2,福岡,19,138,1.32,50,,,,,,,,,,,0,,0,,50,0.0,,0,0,0,0,0,0,0,0.20,0,0,0.20,,,0,
5450,藤本遼磨,B2,大阪,23,138,2.06,49,,,,,,,,,,,0,,0,,49,2.0,,1,0,0,0,1,0,0,0.20,0,0,0.20,,,0,
4080,山崎哲司,A1,愛知,47,87,6.45,48,,,,,○,,,,,,7,0.0,16,18.8,10,10.0,,24,13,1,3,7,0,0,0.15,0,0,0.15,,,0,
5466,成田華音,B2,埼玉,19,138,1.92,48,,,,,,,,,,,0,,0,,48,0.0,,0,0,0,0,0,0,0,0.19,0,0,0.19,,,0,
5470,坂口諒宗,B2,兵庫,17,138,1.26,48,,,,,,,,,,,0,,0,,47,0.0,,0,0,0,0,0,0,0,0.22,1,0,0.25,0.22,-0.04,39,候補
5445,一ノ木匠,B2,三重,24,138,1.56,48,,,,,,,,,,,0,,0,,48,0.0,,0,0,0,0,0,0,0,0.15,0,0,0.15,,,0,
5461,板頭里緒,B2,三重,19,138,1.15,47,,,,,,,,,,,0,,0,,47,0.0,,0,0,0,0,0,0,0,0.19,0,0,0.19,,,0,
5452,上馬場風,B2,広島,20,138,1.16,45,,,,,,,,,,,0,,0,,45,0.0,,0,0,0,0,0,0,0,0.19,1,0,0.19,0.20,+0.01,23,
5447,岡本亜子,B2,岡山,24,138,1.07,45,,,,,,,,,,,0,,0,,45,0.0,,0,0,0,0,0,0,0,0.20,0,0,0.20,,,0,
5463,出口飛龍,B2,大阪,19,138,1.19,45,,,,,,,,,,,0,,0,,46,0.0,,0,0,0,0,0,0,0,0.21,0,0,0.21,,,0,
5459,田中きら,B2,山口,20,138,1.06,45,,,,,,,,,,,0,,1,0.0,44,0.0,,0,0,0,0,0,0,0,0.21,0,0,0.21,,,0,
4492,本多宏和,B1,愛知,38,102,6.46,43,,,,,,,,,,,9,22.2,4,25.0,8,0.0,,14,8,1,3,1,1,0,0.16,0,0,0.16,,,0,
5446,長嶺真李,B2,福岡,24,138,1.28,43,,,,,,,,,,,0,,3,0.0,40,0.0,,0,0,0,0,0,0,0,0.23,0,0,0.23,,,0,
5462,山浦槙,B2,佐賀,19,138,1.70,41,,,,,,,,,,,0,,0,,41,0.0,,0,0,0,0,0,0,0,0.22,0,0,0.22,,,0,
5465,直江健成,B2,福井,19,138,1.06,41,,,,,,,,,,,0,,0,,41,0.0,,0,0,0,0,0,0,0,0.23,1,0,0.22,0.23,+0.02,26,
5464,宮田栞,B2,福岡,19,138,1.24,41,,,,,,,,,,,0,,1,0.0,40,0.0,,0,0,0,0,0,0,0,0.22,0,0,0.22,,,0,
5472,中川海虹,B2,愛知,16,138,1.00,40,,,,,,,,,,,0,,1,0.0,39,0.0,,0,0,0,0,0,0,0,0.25,1,0,0.25,0.25,-0.00,25,候補
5227,川原愛未,B2,福岡,24,129,2.83,39,,,,,,,,,,,8,0.0,7,14.3,14,0.0,,3,2,0,1,0,0,0,0.18,0,0,0.18,,,0,
5449,堀井涼平,B2,東京,23,138,1.45,39,,,,,,,,,,,0,,0,,39,2.6,,1,0,0,1,0,0,0,0.17,1,0,0.16,0.21,+0.05,5,
4056,小西英輝,B1,福井,47,86,4.90,31,,,,,,,,,,,8,0.0,9,0.0,8,0.0,,4,3,1,0,0,0,0,0.15,0,0,0.15,,,0,
5451,知念伶奈,B2,佐賀,21,138,1.43,30,,,,,,,,,,,0,,1,0.0,29,0.0,,0,0,0,0,0,0,0,0.31,1,0,0.35,0.31,-0.05,27,候補
5056,西岡成美,B2,徳島,30,123,4.40,30,,,,,,,,,,,5,0.0,5,0.0,6,0.0,,4,2,1,1,0,0,0,0.15,0,0,0.15,,,0,
3391,鈴木茂正,B2,東京,61,64,1.83,27,,,,,,,,,,,6,0.0,3,0.0,5,0.0,,0,0,0,0,0,0,0,0.19,0,0,0.19,,,0,
3414,加瀬智宏,B1,群馬,56,64,3.84,22,,,,,,,,,,,4,0.0,3,0.0,6,0.0,,1,1,0,0,0,0,0,0.17,0,0,0.17,,,0,
5171,清水未唯,B2,滋賀,24,127,3.58,17,,,,,,,,,,,6,16.7,7,28.6,4,0.0,,2,0,0,2,0,0,0,0.16,0,0,0.16,,,0,
5414,中澤英里,B2,埼玉,19,136,1.13,17,,,,,,,,,,,0,,0,,32,0.0,,0,0,0,0,0,0,0,0.22,0,0,0.22,,,0,
3736,岡本猛,B2,大阪,52,75,0.00,3,,,,,,,,,,,3,0.0,2,0.0,1,0.0,,,,,,,,,0.26,0,0,0.26,,,0,
