regno,選手名,全国外n,全国外3着率,当地外n,当地外3着率,採用外3着率,外3着源,n1c,負け,残し率,残し有効,型,n6,6コ2着率,6コ3着率,6残し有効,艇番5乗艇,艇番5_3連対率,艇番6乗艇,艇番6_3連対率,6ヒモ外し候補,艇番5低率
2538,高橋二朗,95,0.116,0,,0.116,全国,27,25,,,,26,,,,32,0.156,25,0.08,●,●
2878,富山弘幸,101,0.465,0,,0.465,全国,43,26,0.308,○,飛ぶ型,18,,,,39,0.462,31,0.323,,
3024,西島義則,3,,3,,,全国,86,45,0.356,○,,1,,,,24,0.583,33,0.697,,
3054,北川幸典,84,0.381,0,,0.381,全国,25,16,,,,30,,,,24,0.458,35,0.2,●,
3070,山室展弘,24,,0,,,全国,19,9,,,,1,,,,20,0.5,12,,,
3072,西田靖,1,,0,,,全国,49,34,0.265,○,飛ぶ型,0,,,,35,0.343,29,0.414,,
3075,中村裕将,102,0.353,9,,0.353,全国,33,22,,,,29,,,,34,0.294,29,0.241,●,
3081,岡本慎治,51,0.275,0,,0.275,全国,16,11,,,,19,,,,17,0.235,20,0.2,●,●
3105,内山文典,98,0.347,16,,0.347,全国,34,19,,,,34,,,,34,0.412,33,0.273,,
3107,平岡重典,72,0.194,4,,0.194,全国,21,16,,,,18,,,,28,0.143,18,0.167,●,●
3156,金子良昭,64,0.188,0,,0.188,全国,30,24,,,,15,,,,29,0.207,30,0.1,●,●
3158,島川光男,130,0.485,0,,0.485,全国,55,21,0.524,○,,38,,,,36,0.444,41,0.293,,
3159,江口晃生,0,,0,,,全国,55,26,0.538,○,,0,,,,21,0.81,20,0.55,,
3161,古場輝義,74,0.459,0,,0.459,全国,39,31,,,,1,,,,37,0.459,29,0.517,,
3175,渡辺千草,103,0.282,0,,0.282,全国,28,26,,,,27,,,,37,0.243,30,0.1,●,●
3176,長谷川巌,46,0.304,0,,0.304,全国,17,11,,,,17,,,,14,,20,0.1,●,
3202,三品隆浩,103,0.252,25,0.48,0.48,当地,38,29,,,,34,,,,36,0.194,34,0.206,●,●
3207,田村美和,70,0.143,8,,0.143,全国,25,22,,,,21,,,,23,0.13,18,0.056,●,●
3211,北川敏弘,101,0.198,0,,0.198,全国,33,25,,,,31,,,,30,0.133,33,0.182,●,●
3212,亀本勇樹,84,0.298,0,,0.298,全国,34,23,,,,14,,,,31,0.226,34,0.265,,●
3224,栗山繁洋,98,0.204,3,,0.204,全国,28,17,,,,21,,,,36,0.194,25,0.16,●,●
3226,浦田信義,101,0.376,8,,0.376,全国,37,23,,,,28,,,,37,0.405,29,0.207,●,
3232,山川美由紀,93,0.484,0,,0.484,全国,41,14,,,,30,,,,31,0.258,32,0.531,,
3233,小畑実成,101,0.218,0,,0.218,全国,29,19,,,,27,,,,30,0.167,32,0.125,●,●
3246,星野政彦,35,0.171,0,,0.171,全国,9,6,,,,6,,,,14,,11,,,
3251,平石和男,138,0.457,2,,0.457,全国,58,33,0.394,○,,40,0.1,0.25,○,48,0.375,45,0.356,,
3256,三角哲男,119,0.555,11,,0.555,全国,55,28,0.5,○,,37,,,,36,0.528,41,0.415,,
3257,田頭実,5,,0,,,全国,51,12,,,,0,,,,27,0.704,42,0.619,,
3265,今村暢孝,0,,0,,,全国,64,37,0.378,○,,0,,,,27,0.556,32,0.562,,
3268,森竜也,87,0.241,0,,0.241,全国,35,16,,,,4,,,,38,0.184,28,0.25,,●
3277,齋藤勇,100,0.25,23,,0.25,全国,36,25,,,,26,,,,37,0.27,28,0.107,●,
3282,池本輝明,106,0.236,0,,0.236,全国,34,20,,,,26,,,,39,0.154,26,0.231,●,●
3284,渡邊伸太郎,96,0.323,0,,0.323,全国,37,16,,,,15,,,,37,0.351,32,0.312,,
3286,坂東満,72,0.208,0,,0.208,全国,24,13,,,,28,,,,23,0.261,27,0.111,●,
3289,高橋淳美,50,0.16,0,,0.16,全国,20,18,,,,12,,,,19,0.0,14,,,●
3293,宮内由紀英,96,0.302,0,,0.302,全国,29,26,,,,29,,,,32,0.219,29,0.276,,●
3294,野中義生,94,0.372,0,,0.372,全国,29,23,,,,34,,,,29,0.345,34,0.412,,
3297,藤丸光一,47,0.191,0,,0.191,全国,36,28,,,,2,,,,34,0.324,26,0.385,,
3300,川崎智幸,121,0.43,13,,0.43,全国,56,20,0.35,○,,40,0.175,0.25,○,43,0.395,41,0.415,,
3302,谷川里江,70,0.329,0,,0.329,全国,26,15,,,,21,,,,21,0.333,23,0.174,●,
3303,渡辺豊,138,0.275,25,0.32,0.32,当地,52,33,0.394,○,,40,0.025,0.025,○,44,0.295,43,0.14,●,
3304,烏野賢太,135,0.415,0,,0.415,全国,62,21,0.476,○,,42,0.095,0.143,○,41,0.463,49,0.286,,
3305,小野信樹,96,0.177,0,,0.177,全国,33,19,,,,29,,,,30,0.167,28,0.036,●,●
3306,武田正紀,99,0.242,9,,0.242,全国,34,29,,,,27,,,,32,0.156,24,0.208,●,●
3313,本吉正樹,96,0.229,22,,0.229,全国,29,19,,,,29,,,,31,0.226,27,0.111,●,●
3315,広瀬聖仁,81,0.296,4,,0.296,全国,23,18,,,,27,,,,26,0.346,25,0.28,,
3319,山崎義明,129,0.426,8,,0.426,全国,44,25,0.28,○,飛ぶ型,35,,,,43,0.442,37,0.27,,
3327,野長瀬正孝,91,0.538,0,,0.538,全国,54,20,0.35,○,,6,,,,34,0.559,39,0.615,,
3333,丸尾義孝,142,0.507,0,,0.507,全国,68,22,0.591,○,,34,,,,44,0.477,41,0.463,,
3334,角ひとみ,122,0.361,0,,0.361,全国,60,24,0.25,○,飛ぶ型,33,,,,40,0.3,41,0.244,●,
3339,泉具巳,99,0.293,4,,0.293,全国,32,24,,,,30,,,,33,0.182,29,0.241,●,●
3340,池田雷太,111,0.225,20,,0.225,全国,35,23,,,,31,,,,42,0.238,30,0.133,●,●
3346,宮本裕之,31,0.258,0,,0.258,全国,8,7,,,,10,,,,13,,8,,,
3349,吉田一郎,98,0.398,0,,0.398,全国,56,23,0.565,○,,8,,,,35,0.314,37,0.486,,
3350,藤本佳史,94,0.33,0,,0.33,全国,34,13,,,,27,,,,27,0.37,30,0.233,●,
3352,小川晃司,214,0.411,0,,0.411,全国,0,0,,,,208,0.115,0.279,○,65,0.4,136,0.397,,
3353,前田光昭,71,0.169,0,,0.169,全国,13,11,,,,22,,,,22,0.091,20,0.05,●,●
3355,橋谷田佳織,38,0.158,0,,0.158,全国,12,11,,,,9,,,,15,0.133,11,,,●
3357,福島陽子,106,0.179,4,,0.179,全国,34,26,,,,28,,,,36,0.222,30,0.033,●,●
3361,岡部浩,92,0.207,0,,0.207,全国,31,24,,,,33,,,,31,0.161,27,0.148,●,●
3362,間嶋仁志,36,0.333,0,,0.333,全国,44,25,0.52,○,,0,,,,36,0.417,37,0.486,,
3370,坪内実,91,0.231,13,,0.231,全国,25,17,,,,24,,,,31,0.226,24,0.125,●,●
3372,加藤雅之,75,0.093,0,,0.093,全国,20,15,,,,24,,,,21,0.0,25,0.08,●,●
3377,塚田修二,92,0.25,0,,0.25,全国,30,29,,,,27,,,,33,0.303,28,0.25,,
3381,滝沢芳行,107,0.421,0,,0.421,全国,36,22,,,,20,,,,39,0.462,28,0.25,,
3385,渡邉睦広,113,0.372,0,,0.372,全国,42,21,0.286,○,飛ぶ型,32,,,,41,0.39,35,0.371,,
3388,今垣光太郎,89,0.539,0,,0.539,全国,43,11,,,,21,,,,29,0.517,29,0.414,,
3392,小森信雄,99,0.192,0,,0.192,全国,37,26,,,,31,,,,37,0.243,32,0.094,●,●
3401,上田隆章,110,0.255,6,,0.255,全国,29,14,,,,32,,,,39,0.359,27,0.111,●,
3406,中里英夫,123,0.398,0,,0.398,全国,47,22,0.636,○,残す型,31,,,,39,0.282,35,0.429,,
3411,池上隆行,96,0.156,0,,0.156,全国,25,20,,,,20,,,,31,0.258,28,0.143,●,
3412,鈴木博,148,0.527,0,,0.527,全国,62,19,,,,46,0.196,0.217,○,45,0.556,45,0.511,,
3415,松井繁,104,0.385,0,,0.385,全国,56,15,,,,15,,,,42,0.262,36,0.472,,
3419,栗原謙治,49,0.02,0,,0.02,全国,11,10,,,,18,,,,14,,16,0.062,●,
3422,服部幸男,127,0.457,0,,0.457,全国,62,22,0.455,○,,27,,,,36,0.389,50,0.4,,
3430,角浜修,118,0.212,0,,0.212,全国,32,18,,,,27,,,,41,0.317,32,0.094,●,
3432,宮迫暢彦,101,0.267,0,,0.267,全国,24,18,,,,26,,,,34,0.235,28,0.214,●,●
3434,松尾宣邦,117,0.308,0,,0.308,全国,38,19,,,,38,,,,40,0.325,35,0.2,●,
3435,寺田千恵,118,0.441,0,,0.441,全国,59,18,,,,33,,,,36,0.361,37,0.378,,
3436,柏野幸二,94,0.372,14,,0.372,全国,40,17,,,,24,,,,31,0.452,32,0.188,●,
3439,大平誉史明,118,0.449,0,,0.449,全国,55,25,0.56,○,,33,,,,40,0.425,38,0.368,,
3441,土屋太朗,114,0.342,0,,0.342,全国,32,23,,,,20,,,,42,0.333,31,0.258,,
3442,宮武英司,104,0.269,0,,0.269,全国,25,15,,,,26,,,,38,0.237,28,0.107,●,●
3444,香月大介,53,0.189,0,,0.189,全国,13,7,,,,17,,,,24,0.25,14,,,
3445,加藤高史,101,0.376,0,,0.376,全国,33,20,,,,26,,,,33,0.424,32,0.344,,
3448,高山秀雄,72,0.25,0,,0.25,全国,23,16,,,,20,,,,26,0.231,19,0.263,,●
3454,井川大作,102,0.333,0,,0.333,全国,40,29,0.483,○,,37,,,,31,0.516,37,0.108,●,
3455,谷本幸司,117,0.368,5,,0.368,全国,38,20,,,,37,,,,36,0.417,38,0.184,●,
3458,東健介,88,0.114,0,,0.114,全国,26,19,,,,30,,,,31,0.226,30,0.0,●,●
3459,中野和裕,95,0.137,4,,0.137,全国,21,20,,,,24,,,,34,0.118,22,0.091,●,●
3461,渡邊哲也,70,0.029,4,,0.029,全国,15,10,,,,32,,,,20,0.05,24,0.0,●,●
3463,乙津康志,108,0.287,0,,0.287,全国,38,29,,,,21,,,,43,0.233,26,0.231,●,●
3467,森弘行,93,0.28,0,,0.28,全国,30,24,,,,27,,,,27,0.259,27,0.222,●,
3470,新田芳美,88,0.364,0,,0.364,全国,29,21,,,,29,,,,31,0.387,24,0.25,,
3471,赤峰和也,97,0.237,1,,0.237,全国,28,23,,,,24,,,,33,0.303,25,0.12,●,
3473,石川真二,0,,0,,,全国,112,55,0.364,○,,0,,,,40,0.6,52,0.673,,
3474,松瀬弘美,110,0.3,0,,0.3,全国,35,24,,,,31,,,,38,0.368,30,0.167,●,
3475,橋本久和,92,0.38,0,,0.38,全国,44,22,0.227,○,飛ぶ型,26,,,,30,0.467,33,0.303,,
3477,近藤稔也,104,0.24,0,,0.24,全国,31,25,,,,29,,,,31,0.258,36,0.139,●,
3478,嶋田貴支,111,0.387,0,,0.387,全国,35,13,,,,32,,,,43,0.302,35,0.286,,
3482,金子猛志,138,0.362,19,,0.362,全国,50,31,0.452,○,,46,0.13,0.174,○,47,0.447,42,0.286,,
3484,芝田浩治,129,0.395,0,,0.395,全国,61,24,0.542,○,,34,,,,43,0.326,41,0.244,●,
3489,大場敏,155,0.4,4,,0.4,全国,59,17,,,,46,0.043,0.174,○,47,0.468,56,0.357,,
3497,後藤浩,96,0.219,0,,0.219,全国,32,13,,,,28,,,,31,0.129,28,0.071,●,●
3499,市川哲也,105,0.41,7,,0.41,全国,53,16,,,,27,,,,32,0.344,42,0.31,,
3502,渡邉英児,110,0.518,0,,0.518,全国,43,22,0.5,○,,10,,,,35,0.429,35,0.429,,
3503,堂原洋史,106,0.198,15,,0.198,全国,28,21,,,,30,,,,37,0.243,28,0.071,●,●
3505,山田竜一,119,0.294,0,,0.294,全国,48,20,0.45,○,,34,,,,44,0.295,36,0.139,●,
3507,藤井徹,81,0.185,0,,0.185,全国,28,20,,,,6,,,,31,0.29,27,0.185,●,
3508,久富政弘,109,0.358,8,,0.358,全国,37,15,,,,32,,,,38,0.237,30,0.267,,●
3509,池千夏,80,0.163,0,,0.163,全国,23,18,,,,19,,,,24,0.208,24,0.208,●,●
3514,山一鉄也,131,0.344,0,,0.344,全国,57,20,0.35,○,,42,0.071,0.119,○,33,0.333,49,0.265,,
3516,吉原聖人,97,0.216,5,,0.216,全国,35,28,,,,31,,,,33,0.152,32,0.094,●,●
3517,高橋勲,99,0.475,14,,0.475,全国,32,17,,,,13,,,,33,0.576,35,0.429,,
3518,倉田郁美,90,0.278,0,,0.278,全国,24,20,,,,27,,,,33,0.242,24,0.125,●,●
3519,冨田秀幸,102,0.265,0,,0.265,全国,27,21,,,,31,,,,33,0.242,29,0.172,●,●
3523,寳田亮治,93,0.29,0,,0.29,全国,24,16,,,,35,,,,35,0.343,28,0.25,,
3527,中嶋誠一郎,118,0.339,7,,0.339,全国,41,24,0.5,○,,32,,,,43,0.349,37,0.324,,
3528,笠野友紀恵,91,0.242,4,,0.242,全国,32,26,,,,23,,,,29,0.172,25,0.24,●,●
3532,柴田光,30,0.533,0,,0.533,全国,36,14,,,,4,,,,20,0.55,27,0.37,,
3535,渡修平,97,0.175,0,,0.175,全国,27,16,,,,28,,,,32,0.219,27,0.037,●,●
3538,菊池峰晴,64,0.25,0,,0.25,全国,16,14,,,,16,,,,21,0.238,17,0.176,●,●
3539,金子順一,107,0.168,0,,0.168,全国,32,23,,,,18,,,,41,0.195,32,0.094,●,●
3541,三嶌誠司,124,0.508,12,,0.508,全国,60,25,0.4,○,,37,,,,41,0.537,44,0.364,,
3542,清水紀克,12,,0,,,全国,35,25,,,,0,,,,35,0.229,30,0.133,●,●
3543,福田雅一,89,0.371,0,,0.371,全国,27,13,,,,24,,,,31,0.323,25,0.36,,
3544,豊田訓靖,106,0.255,5,,0.255,全国,29,24,,,,30,,,,37,0.27,26,0.077,●,
3546,中里昌志,102,0.314,0,,0.314,全国,32,24,,,,22,,,,32,0.188,28,0.286,,●
3548,室田泰史,143,0.364,7,,0.364,全国,60,24,0.458,○,,40,0.075,0.15,○,48,0.292,44,0.227,●,
3550,都築正治,122,0.369,0,,0.369,全国,46,24,0.458,○,,36,,,,43,0.512,39,0.205,●,
3551,藤田美代,87,0.149,0,,0.149,全国,22,17,,,,19,,,,28,0.179,21,0.143,●,●
3554,仲口博崇,106,0.557,0,,0.557,全国,84,29,0.621,○,残す型,4,,,,51,0.667,47,0.489,,
3556,田中信一郎,120,0.55,0,,0.55,全国,71,15,,,,34,,,,39,0.564,41,0.415,,
3557,太田和美,163,0.521,6,,0.521,全国,76,30,0.767,○,残す型,51,0.118,0.196,○,52,0.577,60,0.4,,
3558,山本浩次,91,0.264,0,,0.264,全国,32,19,,,,21,,,,29,0.345,32,0.25,,
3562,山下和彦,129,0.496,0,,0.496,全国,60,27,0.37,○,,38,,,,42,0.571,46,0.348,,
3563,堤昇,100,0.39,0,,0.39,全国,46,25,0.44,○,,15,,,,39,0.385,38,0.158,●,
3564,桑原啓,131,0.282,6,,0.282,全国,32,23,,,,27,,,,46,0.196,34,0.206,●,●
3566,川添英正,104,0.269,0,,0.269,全国,33,19,,,,23,,,,42,0.286,28,0.107,●,
3567,吉岡誠,76,0.118,0,,0.118,全国,23,14,,,,29,,,,24,0.125,25,0.04,●,●
3568,木村光宏,93,0.237,0,,0.237,全国,32,20,,,,16,,,,34,0.176,28,0.071,●,●
3569,増田進,102,0.245,22,,0.245,全国,34,29,,,,32,,,,38,0.237,33,0.273,,●
3572,安田政彦,115,0.27,0,,0.27,全国,44,24,0.458,○,,25,,,,41,0.171,36,0.139,●,●
3574,大神康司,7,,0,,,全国,61,21,0.381,○,,0,,,,38,0.632,42,0.429,,
3576,白水勝也,111,0.622,0,,0.622,全国,58,25,0.64,○,残す型,29,,,,37,0.649,45,0.556,,
3577,向所浩二,97,0.237,0,,0.237,全国,29,20,,,,37,,,,32,0.188,32,0.156,●,●
3578,塩田雄一,71,0.183,4,,0.183,全国,19,15,,,,20,,,,24,0.292,22,0.136,●,
3579,中里優子,80,0.3,0,,0.3,全国,21,15,,,,22,,,,30,0.267,24,0.083,●,
3580,水口由紀,106,0.189,0,,0.189,全国,32,25,,,,31,,,,35,0.171,30,0.067,●,●
3581,加木郁,107,0.318,7,,0.318,全国,36,20,,,,27,,,,40,0.4,34,0.206,●,
3582,吉川昭男,32,0.312,0,,0.312,全国,56,20,0.45,○,,0,,,,43,0.512,42,0.381,,
3583,齋藤智裕,94,0.16,0,,0.16,全国,23,20,,,,31,,,,31,0.226,26,0.038,●,●
3584,佐々木英樹,109,0.44,10,,0.44,全国,35,26,,,,27,,,,40,0.375,29,0.345,,
3587,武田信一,111,0.225,0,,0.225,全国,31,23,,,,38,,,,38,0.211,33,0.121,●,●
3589,西村勝,89,0.247,0,,0.247,全国,26,13,,,,28,,,,33,0.333,25,0.08,●,
3590,濱野谷憲吾,128,0.516,0,,0.516,全国,64,23,0.391,○,,39,,,,39,0.564,42,0.429,,
3591,後藤孝義,57,0.07,0,,0.07,全国,20,14,,,,15,,,,20,0.05,15,0.133,●,●
3596,河上年昭,84,0.238,9,,0.238,全国,23,14,,,,28,,,,29,0.276,26,0.115,●,
3602,奥平拓也,108,0.333,23,,0.333,全国,30,24,,,,31,,,,40,0.4,31,0.258,,
3604,武藤綾子,93,0.194,0,,0.194,全国,29,15,,,,33,,,,33,0.152,30,0.167,●,●
3605,中村守成,100,0.17,0,,0.17,全国,29,17,,,,27,,,,34,0.147,29,0.103,●,●
3606,川北浩貴,112,0.357,0,,0.357,全国,44,31,0.613,○,残す型,32,,,,36,0.5,35,0.2,●,
3611,岩崎芳美,122,0.418,4,,0.418,全国,50,21,0.429,○,,37,,,,39,0.359,40,0.375,,
3612,馬袋義則,119,0.529,0,,0.529,全国,79,32,0.625,○,残す型,15,,,,48,0.479,45,0.422,,
3613,角谷健吾,138,0.457,0,,0.457,全国,56,20,0.5,○,,44,0.068,0.159,○,39,0.436,49,0.265,,
3614,谷勝幸,120,0.233,0,,0.233,全国,32,25,,,,26,,,,43,0.233,29,0.138,●,●
3615,横田茂,108,0.194,0,,0.194,全国,34,21,,,,28,,,,33,0.152,32,0.062,●,●
3616,中村真,100,0.46,0,,0.46,全国,27,15,,,,31,,,,32,0.5,33,0.364,,
3617,竹田広樹,94,0.202,0,,0.202,全国,27,16,,,,20,,,,36,0.139,23,0.043,●,●
3618,海野ゆかり,129,0.442,0,,0.442,全国,68,27,0.407,○,,42,0.048,0.143,○,37,0.459,43,0.279,,
3619,長谷川充,112,0.286,7,,0.286,全国,36,24,,,,35,,,,34,0.294,37,0.162,●,
3620,信濃由行,97,0.206,0,,0.206,全国,29,19,,,,24,,,,34,0.176,27,0.111,●,●
3621,天野晶夫,71,0.408,0,,0.408,全国,25,16,,,,20,,,,22,0.364,26,0.385,,
3623,深川真二,0,,0,,,全国,77,26,0.5,○,,0,,,,30,0.8,42,0.738,,
3627,井上恵一,90,0.289,0,,0.289,全国,40,21,0.571,○,,9,,,,33,0.121,36,0.222,●,●
3629,浅見昌克,111,0.45,8,,0.45,全国,47,16,,,,24,,,,36,0.361,38,0.316,,
3630,黒田誠司,71,0.197,2,,0.197,全国,20,18,,,,24,,,,25,0.04,22,0.091,●,●
3631,田添康介,51,0.137,0,,0.137,全国,11,10,,,,14,,,,19,0.211,13,,,●
3635,石田政吾,119,0.286,0,,0.286,全国,38,19,,,,47,0.021,0.17,○,30,0.267,49,0.245,●,
3637,齋藤和政,95,0.232,0,,0.232,全国,26,20,,,,30,,,,36,0.139,25,0.16,●,●
3641,一瀬明,143,0.462,0,,0.462,全国,55,20,0.45,○,,36,,,,47,0.511,42,0.286,,
3642,大塚浩二,85,0.224,0,,0.224,全国,20,13,,,,21,,,,31,0.194,21,0.143,●,●
3643,米田隆弘,103,0.301,8,,0.301,全国,38,18,,,,33,,,,37,0.378,33,0.061,●,
3645,淺田千亜希,50,0.38,0,,0.38,全国,13,9,,,,17,,,,17,0.294,16,0.312,,
3647,伊藤雄二,125,0.184,13,,0.184,全国,32,24,,,,34,,,,47,0.128,30,0.067,●,●
3652,森下勇,93,0.161,10,,0.161,全国,23,13,,,,21,,,,31,0.194,21,0.095,●,●
3653,品川賢次,63,0.286,6,,0.286,全国,22,18,,,,23,,,,19,0.211,20,0.25,,●
3654,武田光史,108,0.519,0,,0.519,全国,50,16,,,,23,,,,33,0.667,39,0.41,,
3655,本橋克洋,121,0.331,13,,0.331,全国,53,28,0.5,○,,31,,,,43,0.442,40,0.225,●,
3656,伯母芳恒,94,0.362,0,,0.362,全国,31,21,,,,28,,,,31,0.355,27,0.222,●,
3659,藤生雄人,106,0.453,0,,0.453,全国,34,14,,,,26,,,,32,0.438,33,0.303,,
3660,長谷川親王,98,0.173,0,,0.173,全国,26,21,,,,29,,,,38,0.158,25,0.12,●,●
3661,柳瀬興志,123,0.325,0,,0.325,全国,52,30,0.433,○,,40,0.075,0.175,○,40,0.25,45,0.222,●,
3662,大庭元明,124,0.347,4,,0.347,全国,45,23,0.609,○,,48,0.083,0.146,○,39,0.41,46,0.239,●,
3663,木山和幸,124,0.419,0,,0.419,全国,45,21,0.667,○,残す型,36,,,,40,0.35,39,0.385,,
3664,鈴木賢一,99,0.293,4,,0.293,全国,33,18,,,,29,,,,35,0.286,28,0.143,●,
3679,飯島昌弘,138,0.507,5,,0.507,全国,51,12,,,,34,,,,43,0.349,43,0.442,,
3680,森林太,111,0.252,0,,0.252,全国,33,27,,,,35,,,,36,0.361,33,0.03,●,
3681,山谷央,82,0.268,0,,0.268,全国,28,14,,,,26,,,,27,0.296,26,0.154,●,
3684,清水攻二,110,0.418,0,,0.418,全国,39,19,,,,32,,,,30,0.367,36,0.222,●,
3685,荒井輝年,107,0.458,21,,0.458,全国,32,17,,,,38,,,,36,0.5,36,0.333,,
3686,鳥居塚孝博,131,0.458,13,,0.458,全国,52,18,,,,40,0.175,0.225,○,39,0.513,45,0.4,,
3687,花田和明,61,0.279,0,,0.279,全国,35,15,,,,2,,,,29,0.345,30,0.267,,
3690,河合三弘,123,0.285,11,,0.285,全国,38,26,,,,41,0.073,0.122,○,42,0.286,35,0.2,●,
3692,竹腰正樹,112,0.33,0,,0.33,全国,41,23,0.435,○,,38,,,,31,0.29,40,0.225,●,
3696,白井友晴,106,0.358,4,,0.358,全国,31,21,,,,30,,,,41,0.39,28,0.179,●,
3699,富永正人,94,0.34,0,,0.34,全国,22,19,,,,34,,,,30,0.333,29,0.379,,
3701,大西隆洋,100,0.22,0,,0.22,全国,21,15,,,,27,,,,34,0.206,26,0.154,●,●
3703,鳥飼眞,89,0.427,0,,0.427,全国,53,25,0.4,○,,14,,,,29,0.379,39,0.41,,
3704,本部めぐみ,65,0.154,0,,0.154,全国,18,13,,,,17,,,,23,0.174,20,0.05,●,●
3708,岡部貴司,115,0.278,3,,0.278,全国,38,21,,,,35,,,,40,0.3,36,0.139,●,
3710,吉永泰弘,115,0.33,0,,0.33,全国,32,22,,,,29,,,,43,0.302,31,0.258,,
3711,江本真治,142,0.486,8,,0.486,全国,65,30,0.467,○,,48,0.104,0.146,○,50,0.5,50,0.36,,
3712,淺香文武,96,0.271,0,,0.271,全国,32,12,,,,28,,,,31,0.226,30,0.2,●,●
3713,伊藤誠二,122,0.352,0,,0.352,全国,45,18,,,,41,0.024,0.146,○,39,0.333,43,0.233,●,
3714,梶原正,110,0.264,0,,0.264,全国,28,14,,,,30,,,,39,0.308,26,0.038,●,
3715,倉尾大介,88,0.432,6,,0.432,全国,30,19,,,,25,,,,29,0.345,25,0.44,,
3716,石渡鉄兵,129,0.426,17,,0.426,全国,55,22,0.409,○,,39,,,,41,0.463,41,0.268,,
3717,立間充宏,101,0.386,0,,0.386,全国,33,15,,,,40,0.05,0.15,○,31,0.419,39,0.256,,
3718,伊達正利,115,0.191,0,,0.191,全国,33,13,,,,36,,,,38,0.211,32,0.062,●,●
3719,辻栄蔵,124,0.516,0,,0.516,全国,47,14,,,,38,,,,41,0.561,45,0.444,,
3721,守田俊介,113,0.389,0,,0.389,全国,57,13,,,,19,,,,38,0.395,43,0.395,,
3722,西村秀樹,98,0.173,6,,0.173,全国,22,19,,,,30,,,,37,0.108,28,0.179,●,●
3726,桂林寛,82,0.268,4,,0.268,全国,26,22,,,,26,,,,28,0.357,25,0.16,●,
3730,塩崎優司,115,0.226,0,,0.226,全国,33,18,,,,31,,,,47,0.298,29,0.069,●,
3731,高濱芳久,87,0.276,0,,0.276,全国,36,28,,,,14,,,,36,0.333,36,0.5,,
3737,上平真二,106,0.519,0,,0.519,全国,58,16,,,,31,,,,33,0.636,38,0.368,,
3740,大澤普司,135,0.504,7,,0.504,全国,59,26,0.615,○,残す型,45,0.089,0.222,○,43,0.512,46,0.5,,
3741,松尾基成,104,0.106,0,,0.106,全国,26,17,,,,21,,,,36,0.139,26,0.0,●,●
3742,宮地秀祈,89,0.27,3,,0.27,全国,28,17,,,,22,,,,33,0.333,26,0.154,●,
3743,林美憲,87,0.46,0,,0.46,全国,66,28,0.5,○,,6,,,,44,0.5,38,0.447,,
3744,徳増秀樹,138,0.391,0,,0.391,全国,69,15,,,,18,,,,45,0.311,45,0.356,,
3745,橋本年光,88,0.42,0,,0.42,全国,27,13,,,,23,,,,34,0.412,27,0.333,,
3746,岡瀬正人,144,0.431,2,,0.431,全国,63,28,0.393,○,,45,0.067,0.267,○,38,0.421,52,0.346,,
3747,國崎良春,114,0.447,0,,0.447,全国,36,16,,,,39,,,,39,0.436,36,0.472,,
3748,小黒竜吾,100,0.2,0,,0.2,全国,24,18,,,,29,,,,36,0.25,25,0.2,●,
3752,宇土泰就,102,0.225,13,,0.225,全国,29,22,,,,33,,,,33,0.273,30,0.133,●,
3757,畑和宏,105,0.419,0,,0.419,全国,37,19,,,,25,,,,35,0.4,31,0.29,,
3761,山本光雄,108,0.361,0,,0.361,全国,32,13,,,,31,,,,37,0.486,33,0.121,●,
3769,佐竹恒彦,99,0.283,0,,0.283,全国,44,22,0.318,○,,27,,,,43,0.186,35,0.286,,●
3771,折下寛法,116,0.388,12,,0.388,全国,38,16,,,,26,,,,46,0.261,28,0.357,,
3772,一柳和孝,104,0.404,0,,0.404,全国,35,22,,,,32,,,,35,0.4,32,0.25,,
3773,津留浩一郎,102,0.216,0,,0.216,全国,31,20,,,,25,,,,37,0.216,29,0.069,●,●
3775,泉啓文,122,0.189,9,,0.189,全国,31,25,,,,39,,,,42,0.238,33,0.091,●,●
3776,横井健太,108,0.13,8,,0.13,全国,23,23,,,,37,,,,35,0.257,33,0.0,●,
3777,樋口亮,134,0.425,0,,0.425,全国,54,23,0.391,○,,47,0.064,0.149,○,40,0.475,49,0.286,,
3778,安達美帆,72,0.111,0,,0.111,全国,18,16,,,,18,,,,28,0.071,18,0.0,●,●
3779,原田幸哉,121,0.405,0,,0.405,全国,58,17,,,,34,,,,34,0.324,50,0.38,,
3783,瓜生正義,125,0.432,4,,0.432,全国,58,30,0.4,○,,32,,,,46,0.413,41,0.341,,
3784,中島友和,109,0.312,0,,0.312,全国,32,20,,,,33,,,,35,0.343,32,0.125,●,
3787,天野誠,73,0.11,0,,0.11,全国,21,15,,,,20,,,,25,0.08,23,0.13,●,●
3788,一宮稔弘,77,0.377,0,,0.377,全国,24,11,,,,20,,,,29,0.31,21,0.143,●,
3790,佐口達也,104,0.288,13,,0.288,全国,32,23,,,,34,,,,33,0.333,34,0.206,●,
3792,田中豪,101,0.495,0,,0.495,全国,38,20,,,,32,,,,35,0.4,35,0.429,,
3793,高橋真吾,97,0.289,0,,0.289,全国,28,18,,,,37,,,,31,0.323,29,0.138,●,
3796,長野道臣,111,0.297,8,,0.297,全国,29,17,,,,45,0.089,0.089,○,36,0.306,35,0.171,●,
3797,岩井繁,116,0.233,0,,0.233,全国,31,26,,,,30,,,,38,0.237,31,0.161,●,●
3800,牧宏次,96,0.344,0,,0.344,全国,35,20,,,,34,,,,29,0.448,36,0.167,●,
3801,五反田忍,74,0.324,0,,0.324,全国,24,14,,,,18,,,,24,0.208,20,0.25,,●
3804,中渡修作,124,0.315,0,,0.315,全国,36,20,,,,38,,,,42,0.31,36,0.25,,
3805,高橋英之,96,0.396,3,,0.396,全国,36,24,,,,29,,,,29,0.414,37,0.216,●,
3807,岡部哲,116,0.25,8,,0.25,全国,37,25,,,,33,,,,38,0.132,32,0.219,●,●
3808,秋田健太郎,91,0.187,17,,0.187,全国,26,19,,,,25,,,,35,0.229,23,0.043,●,●
3809,吉田光,111,0.333,0,,0.333,全国,16,11,,,,37,,,,37,0.378,37,0.27,,
3811,石田章央,134,0.418,0,,0.418,全国,62,23,0.609,○,,50,0.14,0.12,○,36,0.444,57,0.316,,
3812,山崎聖司,110,0.355,14,,0.355,全国,35,25,,,,34,,,,35,0.343,33,0.121,●,
3813,佐藤大介,112,0.509,14,,0.509,全国,60,17,,,,33,,,,40,0.575,40,0.425,,
3814,金子貴志,114,0.281,0,,0.281,全国,32,22,,,,32,,,,44,0.295,31,0.194,●,
3820,樫葉次郎,49,0.082,0,,0.082,全国,12,11,,,,14,,,,17,0.0,22,0.136,●,●
3822,平尾崇典,110,0.5,8,,0.5,全国,56,19,,,,33,,,,40,0.6,43,0.419,,
3825,宮嵜隆太郎,96,0.208,5,,0.208,全国,26,16,,,,38,,,,29,0.241,32,0.062,●,●
3826,村田修次,114,0.465,0,,0.465,全国,50,22,0.636,○,残す型,28,,,,39,0.487,37,0.405,,
3827,今泉徹,110,0.164,0,,0.164,全国,30,24,,,,29,,,,40,0.25,28,0.107,●,
3828,明石正之,110,0.336,0,,0.336,全国,31,19,,,,30,,,,36,0.278,33,0.212,●,
3831,安藤裕貴,99,0.273,0,,0.273,全国,33,20,,,,27,,,,30,0.267,32,0.125,●,
3832,下田哲也,52,0.173,0,,0.173,全国,13,12,,,,22,,,,18,0.111,17,0.176,●,●
3833,中辻博訓,128,0.469,0,,0.469,全国,74,20,0.6,○,,31,,,,37,0.459,44,0.341,,
3834,細川明人,102,0.235,0,,0.235,全国,26,17,,,,25,,,,36,0.194,25,0.08,●,●
3837,秋山広一,120,0.45,0,,0.45,全国,49,11,,,,38,,,,39,0.487,40,0.3,,
3838,伊藤啓三,105,0.333,0,,0.333,全国,32,20,,,,35,,,,35,0.314,33,0.242,●,
3839,川合理司,124,0.145,23,,0.145,全国,30,27,,,,41,0.024,0.073,○,42,0.119,34,0.147,●,●
3841,佐々木和伸,126,0.46,0,,0.46,全国,58,23,0.609,○,,46,0.087,0.239,○,38,0.421,45,0.356,,
3842,星野太郎,98,0.316,0,,0.316,全国,33,17,,,,26,,,,38,0.342,27,0.111,●,
3843,上之晃弘,113,0.257,9,,0.257,全国,34,20,,,,30,,,,38,0.263,32,0.188,●,
3845,中谷朋子,73,0.425,0,,0.425,全国,31,13,,,,9,,,,27,0.444,26,0.308,,
3848,川上聡介,127,0.354,6,,0.354,全国,37,22,,,,49,0.102,0.143,○,37,0.405,37,0.297,,
3849,中岡正彦,46,0.63,0,,0.63,全国,53,11,,,,5,,,,28,0.679,34,0.735,,
3850,小川知行,124,0.339,18,,0.339,全国,37,16,,,,31,,,,43,0.279,32,0.281,,
3851,森田昭彦,41,0.049,0,,0.049,全国,10,9,,,,15,,,,16,0.0,13,,,●
3852,澤大介,103,0.33,9,,0.33,全国,32,14,,,,30,,,,37,0.297,30,0.367,,
3853,岩崎正哉,127,0.346,0,,0.346,全国,52,14,,,,36,,,,41,0.22,46,0.217,●,●
3854,吉川元浩,115,0.565,0,,0.565,全国,58,23,0.174,○,飛ぶ型,28,,,,35,0.514,41,0.512,,
3857,阿波勝哉,148,0.385,7,,0.385,全国,27,17,,,,76,0.118,0.079,○,43,0.279,36,0.333,,
3859,多羅尾達之,95,0.2,5,,0.2,全国,32,23,,,,29,,,,33,0.182,28,0.107,●,●
3860,松本浩貴,101,0.198,0,,0.198,全国,30,25,,,,32,,,,38,0.158,32,0.156,●,●
3863,海老澤泰行,106,0.321,0,,0.321,全国,32,22,,,,27,,,,35,0.429,32,0.094,●,
3866,木山誠一,95,0.284,3,,0.284,全国,27,19,,,,27,,,,29,0.345,28,0.143,●,
3867,松浦勝,107,0.159,0,,0.159,全国,26,22,,,,29,,,,36,0.111,28,0.107,●,●
3868,尾形栄治,114,0.263,19,,0.263,全国,30,19,,,,33,,,,39,0.205,28,0.179,●,●
3869,井芹大志,92,0.207,8,,0.207,全国,23,13,,,,22,,,,38,0.211,22,0.091,●,●
3870,寺嶋雄,110,0.282,0,,0.282,全国,30,20,,,,32,,,,40,0.35,31,0.097,●,
3871,池田紫乃,78,0.167,0,,0.167,全国,19,12,,,,21,,,,26,0.192,23,0.13,●,●
3872,岡田憲行,110,0.4,2,,0.4,全国,63,28,0.179,○,飛ぶ型,38,,,,39,0.513,49,0.286,,
3873,別府昌樹,117,0.342,0,,0.342,全国,26,13,,,,60,0.117,0.1,○,35,0.429,40,0.275,,
3874,山本寛久,117,0.538,11,,0.538,全国,52,16,,,,36,,,,34,0.559,39,0.359,,
3875,廣中良一,118,0.246,0,,0.246,全国,31,13,,,,26,,,,38,0.079,29,0.207,●,●
3876,中辻崇人,89,0.584,2,,0.584,全国,54,14,,,,36,,,,28,0.643,37,0.486,,
3878,胡本悟志,101,0.267,0,,0.267,全国,24,18,,,,32,,,,36,0.278,28,0.214,●,
3880,浅見宗孝,105,0.352,12,,0.352,全国,33,24,,,,36,,,,33,0.364,39,0.333,,
3882,新田智彰,118,0.322,0,,0.322,全国,32,17,,,,28,,,,48,0.333,29,0.207,●,
3885,久田武,122,0.361,0,,0.361,全国,44,20,0.35,○,,40,0.025,0.1,○,38,0.368,41,0.146,●,
3888,山本英志,130,0.392,26,0.385,0.385,当地,51,21,0.333,○,,42,0.095,0.19,○,38,0.289,44,0.364,,
3889,須藤隆雄,95,0.189,0,,0.189,全国,28,19,,,,27,,,,35,0.143,27,0.111,●,●
3891,谷口健一,112,0.107,0,,0.107,全国,29,20,,,,26,,,,44,0.182,27,0.037,●,●
3892,草場康幸,106,0.264,0,,0.264,全国,32,13,,,,28,,,,37,0.297,30,0.067,●,
3893,汐崎正則,110,0.255,4,,0.255,全国,30,16,,,,34,,,,37,0.297,31,0.194,●,
3895,堀本裕也,49,0.224,4,,0.224,全国,13,11,,,,11,,,,19,0.263,11,,,
3896,上田洋平,103,0.369,0,,0.369,全国,30,15,,,,27,,,,32,0.375,31,0.29,,
3897,白井英治,113,0.442,0,,0.442,全国,50,14,,,,31,,,,37,0.405,38,0.474,,
3898,平田忠則,125,0.632,0,,0.632,全国,70,15,,,,40,0.225,0.2,○,43,0.628,47,0.574,,
3900,香川素子,116,0.491,0,,0.491,全国,50,20,0.55,○,,35,,,,41,0.537,34,0.324,,
3901,松田憲幸,76,0.289,0,,0.289,全国,19,5,,,,20,,,,26,0.269,19,0.158,●,
3904,森貴洋,85,0.318,3,,0.318,全国,28,17,,,,24,,,,31,0.355,25,0.2,●,
3905,天野友和,136,0.529,0,,0.529,全国,58,23,0.696,○,残す型,45,0.089,0.289,○,40,0.525,45,0.467,,
3906,飯山晃三,117,0.256,10,,0.256,全国,28,19,,,,35,,,,42,0.286,31,0.258,,
3907,村越篤,130,0.377,16,,0.377,全国,49,16,,,,42,0.024,0.095,○,43,0.442,42,0.143,●,
3908,重成一人,131,0.504,0,,0.504,全国,71,24,0.333,○,,50,0.1,0.24,○,49,0.429,46,0.5,,
3909,佐々木康幸,112,0.562,0,,0.562,全国,62,13,,,,9,,,,36,0.528,42,0.524,,
3910,松下知幸,101,0.198,0,,0.198,全国,29,19,,,,31,,,,39,0.154,28,0.143,●,●
3911,鈴木猛,141,0.312,28,0.393,0.393,当地,46,25,0.36,○,,35,,,,51,0.373,37,0.162,●,
3912,川原正明,131,0.359,0,,0.359,全国,49,11,,,,39,,,,40,0.3,46,0.239,●,
3915,繁野谷圭介,133,0.436,0,,0.436,全国,56,20,0.5,○,,40,0.075,0.125,○,44,0.523,44,0.227,●,
3918,深井利寿,134,0.612,0,,0.612,全国,59,24,0.542,○,,43,0.093,0.326,○,34,0.559,45,0.444,,
3920,正木聖賢,36,0.417,0,,0.417,全国,34,22,,,,0,,,,28,0.25,26,0.423,,
3921,川村正輝,39,0.103,0,,0.103,全国,11,7,,,,11,,,,14,,13,,,
3922,菅沼佳昭,112,0.25,0,,0.25,全国,32,22,,,,25,,,,47,0.255,27,0.148,●,
3928,林恵祐,109,0.147,0,,0.147,全国,27,14,,,,33,,,,39,0.205,30,0.067,●,●
3929,杢野誓良,113,0.248,9,,0.248,全国,35,24,,,,33,,,,41,0.268,31,0.194,●,
3930,岸本隆,123,0.341,3,,0.341,全国,43,20,0.45,○,,33,,,,36,0.25,36,0.25,,
3931,黒崎竜也,112,0.491,11,,0.491,全国,38,15,,,,46,0.109,0.261,○,35,0.371,43,0.442,,
3932,池田浩美,79,0.291,0,,0.291,全国,24,10,,,,28,,,,29,0.31,25,0.16,●,
3933,山地正樹,18,,0,,,全国,37,24,,,,0,,,,34,0.559,33,0.545,,
3934,鋤柄貴俊,128,0.367,13,,0.367,全国,41,25,0.28,○,飛ぶ型,33,,,,46,0.326,35,0.286,,
3935,岩津徹郎,93,0.366,13,,0.366,全国,27,15,,,,35,,,,33,0.303,29,0.31,,
3939,渡辺真至,41,0.293,0,,0.293,全国,12,6,,,,12,,,,13,,11,,,
3940,飯山泰,141,0.525,23,,0.525,全国,72,29,0.724,○,残す型,44,0.136,0.227,○,47,0.553,47,0.404,,
3941,池田浩二,123,0.528,0,,0.528,全国,66,12,,,,35,,,,42,0.595,43,0.395,,
3942,寺田祥,106,0.509,0,,0.509,全国,67,27,0.556,○,,20,,,,37,0.568,33,0.333,,
3943,三松直美,31,0.0,0,,0.0,全国,5,5,,,,13,,,,9,,7,,,
3944,山口裕二,124,0.444,8,,0.444,全国,48,17,,,,33,,,,38,0.395,41,0.39,,
3945,橋口真樹,88,0.307,0,,0.307,全国,22,17,,,,26,,,,31,0.129,24,0.25,,●
3946,赤岩善生,43,0.442,7,,0.442,全国,75,22,0.5,○,,5,,,,43,0.605,48,0.667,,
3947,寺本昇平,115,0.348,0,,0.348,全国,39,26,,,,35,,,,40,0.325,37,0.351,,
3948,大町利克,93,0.151,0,,0.151,全国,23,18,,,,32,,,,28,0.286,33,0.061,●,
3949,今出晋二,97,0.165,0,,0.165,全国,27,26,,,,28,,,,32,0.062,32,0.125,●,●
3950,石川哲秀,86,0.256,0,,0.256,全国,26,24,,,,25,,,,34,0.206,24,0.125,●,●
3951,石川吉鎬,114,0.333,6,,0.333,全国,41,24,0.292,○,飛ぶ型,30,,,,37,0.378,33,0.152,●,
3952,中澤和志,129,0.55,4,,0.55,全国,64,27,0.444,○,,34,,,,46,0.565,40,0.4,,
3953,志道吉和,73,0.137,0,,0.137,全国,17,9,,,,25,,,,25,0.16,20,0.05,●,●
3955,眞田英二,78,0.282,0,,0.282,全国,20,12,,,,21,,,,28,0.25,22,0.182,●,
3956,横澤剛治,108,0.444,4,,0.444,全国,41,16,,,,27,,,,34,0.412,37,0.378,,
3957,大谷直弘,124,0.355,0,,0.355,全国,39,25,,,,31,,,,49,0.306,33,0.333,,
3959,坪井康晴,129,0.512,9,,0.512,全国,61,19,,,,34,,,,45,0.533,45,0.356,,
3960,菊地孝平,128,0.453,0,,0.453,全国,61,20,0.35,○,,34,,,,38,0.5,45,0.356,,
3961,谷村一哉,103,0.602,0,,0.602,全国,45,11,,,,36,,,,34,0.529,37,0.568,,
3963,原田秀弥,119,0.445,0,,0.445,全国,47,23,0.391,○,,37,,,,41,0.463,40,0.3,,
3964,宮地博士,109,0.183,9,,0.183,全国,27,20,,,,31,,,,38,0.263,30,0.1,●,
3965,北中元樹,138,0.507,5,,0.507,全国,53,23,0.478,○,,47,0.085,0.234,○,39,0.462,49,0.388,,
3966,作間章,133,0.556,0,,0.556,全国,69,23,0.348,○,,40,0.125,0.275,○,42,0.548,44,0.455,,
3967,鈴木茂高,111,0.207,3,,0.207,全国,27,15,,,,34,,,,38,0.184,28,0.071,●,●
3968,茶谷信次,115,0.487,0,,0.487,全国,43,17,,,,42,0.095,0.262,○,36,0.556,48,0.375,,
3973,崎利仁,121,0.264,16,,0.264,全国,35,27,,,,37,,,,41,0.366,34,0.206,●,
3974,深山祐二,97,0.258,0,,0.258,全国,28,21,,,,25,,,,33,0.182,25,0.2,●,●
3975,小野寺智洋,119,0.378,5,,0.378,全国,41,14,,,,38,,,,41,0.317,36,0.278,,
3976,内田圭,103,0.194,0,,0.194,全国,28,18,,,,28,,,,34,0.235,29,0.034,●,●
3977,山本兼士,130,0.292,0,,0.292,全国,34,24,,,,36,,,,40,0.225,35,0.2,●,●
3978,齊藤仁,122,0.418,4,,0.418,全国,48,17,,,,41,0.098,0.268,○,39,0.462,42,0.381,,
3981,今坂晃広,129,0.233,0,,0.233,全国,31,13,,,,38,,,,41,0.268,31,0.129,●,
3982,福田理,99,0.273,7,,0.273,全国,31,21,,,,24,,,,35,0.229,26,0.038,●,●
3983,須藤博倫,144,0.493,12,,0.493,全国,49,18,,,,40,0.125,0.175,○,47,0.574,44,0.341,,
3984,坂口周,139,0.417,0,,0.417,全国,66,19,,,,38,,,,44,0.545,49,0.327,,
3986,沖島広和,59,0.322,0,,0.322,全国,21,10,,,,23,,,,20,0.35,23,0.13,●,
3987,後藤正宗,126,0.524,0,,0.524,全国,46,16,,,,41,0.122,0.171,○,33,0.576,43,0.349,,
3988,古川誠之,140,0.45,0,,0.45,全国,57,20,0.65,○,残す型,44,0.045,0.295,○,39,0.487,54,0.352,,
3989,熊本英一,97,0.216,4,,0.216,全国,23,14,,,,35,,,,28,0.179,28,0.179,●,●
3990,芹澤克彦,105,0.238,3,,0.238,全国,27,16,,,,28,,,,37,0.243,29,0.138,●,●
3992,関口智久,94,0.383,0,,0.383,全国,30,14,,,,32,,,,33,0.242,27,0.407,,●
3993,永井聖美,98,0.408,0,,0.408,全国,35,21,,,,21,,,,35,0.371,24,0.333,,
3994,小野桜,99,0.364,4,,0.364,全国,32,21,,,,23,,,,37,0.243,25,0.24,●,●
3995,重野哲之,95,0.537,0,,0.537,全国,45,10,,,,29,,,,31,0.613,32,0.344,,
3997,北村征嗣,146,0.514,0,,0.514,全国,75,24,0.5,○,,33,,,,58,0.517,41,0.39,,
3998,冨成謙児,108,0.167,0,,0.167,全国,32,19,,,,29,,,,43,0.233,29,0.0,●,●
3999,大瀧明日香,131,0.458,0,,0.458,全国,65,25,0.56,○,,38,,,,43,0.372,43,0.395,,
4000,松本博昭,146,0.438,9,,0.438,全国,65,29,0.655,○,残す型,39,,,,46,0.391,47,0.383,,
4002,古結宏,123,0.528,0,,0.528,全国,64,21,0.381,○,,26,,,,42,0.5,41,0.585,,
4003,表憲一,105,0.476,4,,0.476,全国,33,21,,,,34,,,,36,0.389,33,0.424,,
4004,山本浩輔,116,0.379,7,,0.379,全国,35,18,,,,27,,,,38,0.368,33,0.212,●,
4006,小野勇作,108,0.315,0,,0.315,全国,31,20,,,,27,,,,36,0.306,28,0.214,●,
4007,榮田将彦,90,0.3,4,,0.3,全国,25,13,,,,34,,,,32,0.375,32,0.125,●,
4009,小林一樹,108,0.398,4,,0.398,全国,47,19,,,,25,,,,33,0.364,36,0.25,,
4010,越智照浩,97,0.268,0,,0.268,全国,24,13,,,,23,,,,32,0.156,23,0.174,●,●
4011,堀之内紀代子,106,0.462,0,,0.462,全国,38,14,,,,34,,,,32,0.344,35,0.486,,
4012,中村有裕,105,0.457,0,,0.457,全国,44,15,,,,18,,,,43,0.488,37,0.351,,
4013,中島孝平,138,0.493,7,,0.493,全国,65,13,,,,47,0.213,0.106,○,46,0.543,47,0.34,,
4014,片岡恵里,113,0.345,0,,0.345,全国,52,19,,,,34,,,,33,0.364,39,0.256,,
4015,前野竜一,138,0.435,0,,0.435,全国,54,23,0.348,○,,47,0.106,0.234,○,40,0.475,43,0.326,,
4016,西川新太郎,112,0.348,0,,0.348,全国,32,19,,,,34,,,,34,0.353,37,0.216,●,
4017,向井美鈴,107,0.393,0,,0.393,全国,40,15,,,,36,,,,36,0.472,34,0.206,●,
4019,笠原亮,130,0.5,0,,0.5,全国,60,19,,,,41,0.122,0.171,○,45,0.533,43,0.349,,
4020,川上清人,107,0.206,0,,0.206,全国,24,15,,,,38,,,,35,0.171,29,0.172,●,●
4022,待鳥雄紀,94,0.202,0,,0.202,全国,26,16,,,,23,,,,29,0.241,27,0.148,●,●
4023,柴田友和,103,0.204,15,,0.204,全国,25,18,,,,29,,,,39,0.308,26,0.038,●,
4024,井口佳典,137,0.474,10,,0.474,全国,51,20,0.3,○,飛ぶ型,39,,,,43,0.488,49,0.367,,
4025,山本隆幸,96,0.531,0,,0.531,全国,46,13,,,,23,,,,33,0.455,32,0.469,,
4027,松江秀徳,106,0.34,0,,0.34,全国,40,18,,,,23,,,,32,0.375,31,0.194,●,
4028,田村隆信,111,0.414,10,,0.414,全国,55,16,,,,28,,,,40,0.4,34,0.382,,
4030,森高一真,138,0.449,0,,0.449,全国,53,22,0.455,○,,37,,,,51,0.471,39,0.231,●,
4031,飯島誠,107,0.299,0,,0.299,全国,31,21,,,,36,,,,38,0.263,31,0.097,●,
4033,伊藤将吉,127,0.512,0,,0.512,全国,54,13,,,,42,0.095,0.333,○,41,0.488,42,0.429,,
4034,西原明生,109,0.156,7,,0.156,全国,28,20,,,,26,,,,42,0.143,26,0.038,●,●
4035,杉江浩明,122,0.213,4,,0.213,全国,32,23,,,,32,,,,49,0.184,29,0.207,●,●
4036,金田諭,130,0.523,0,,0.523,全国,59,20,0.5,○,,45,0.089,0.289,○,39,0.564,51,0.431,,
4039,村上功祐,116,0.388,0,,0.388,全国,42,23,0.435,○,,37,,,,37,0.432,40,0.175,●,
4040,廣瀬将亨,136,0.412,3,,0.412,全国,55,18,,,,48,0.062,0.125,○,39,0.513,48,0.167,●,
4041,小林基樹,92,0.272,9,,0.272,全国,25,19,,,,18,,,,40,0.25,23,0.13,●,
4042,丸岡正典,132,0.492,7,,0.492,全国,59,22,0.364,○,,49,0.122,0.163,○,39,0.59,47,0.362,,
4043,桐本康臣,122,0.525,0,,0.525,全国,55,27,0.481,○,,34,,,,41,0.585,40,0.4,,
4044,湯川浩司,118,0.475,7,,0.475,全国,55,17,,,,28,,,,38,0.316,37,0.432,,
4045,佐々木裕美,94,0.245,0,,0.245,全国,32,21,,,,21,,,,36,0.194,22,0.136,●,●
4047,吉永浩則,96,0.156,0,,0.156,全国,29,13,,,,30,,,,33,0.212,27,0.037,●,●
4049,荒川健太,122,0.426,0,,0.426,全国,63,18,,,,22,,,,39,0.462,42,0.405,,
4050,田口節子,116,0.578,0,,0.578,全国,63,12,,,,43,0.186,0.233,○,35,0.6,43,0.488,,
4051,清水敦揮,96,0.604,0,,0.604,全国,47,14,,,,29,,,,31,0.581,30,0.5,,
4052,興津藍,120,0.35,0,,0.35,全国,49,14,,,,42,0.024,0.071,○,41,0.415,43,0.116,●,
4053,芦澤望,121,0.421,4,,0.421,全国,48,19,,,,38,,,,40,0.575,38,0.237,●,
4054,福嶋智之,116,0.267,4,,0.267,全国,36,19,,,,46,0.065,0.043,○,35,0.4,42,0.119,●,
4055,吉田俊彦,140,0.493,0,,0.493,全国,58,20,0.65,○,残す型,26,,,,51,0.588,44,0.386,,
4057,松井賢治,136,0.36,0,,0.36,全国,51,20,0.8,○,残す型,37,,,,39,0.308,44,0.227,●,
4058,野末智一,136,0.485,3,,0.485,全国,64,26,0.5,○,,38,,,,44,0.545,44,0.318,,
4059,入澤友治,106,0.349,2,,0.349,全国,30,18,,,,33,,,,30,0.4,36,0.25,,
4060,島田一生,108,0.324,0,,0.324,全国,31,17,,,,36,,,,39,0.205,34,0.206,●,●
4061,萩原秀人,141,0.582,0,,0.582,全国,70,19,,,,48,0.167,0.146,○,43,0.581,51,0.49,,
4062,後藤陽介,98,0.224,4,,0.224,全国,31,20,,,,30,,,,30,0.167,29,0.138,●,●
4063,市橋卓士,137,0.518,5,,0.518,全国,70,20,0.5,○,,32,,,,49,0.592,47,0.447,,
4064,原田篤志,132,0.568,9,,0.568,全国,70,15,,,,40,0.225,0.225,○,40,0.575,48,0.5,,
4065,金田幸子,101,0.356,0,,0.356,全国,32,18,,,,30,,,,31,0.355,30,0.267,,
4066,東本勝利,127,0.488,0,,0.488,全国,48,17,,,,43,0.093,0.279,○,39,0.487,42,0.405,,
4067,永井源,133,0.496,12,,0.496,全国,54,24,0.458,○,,32,,,,43,0.558,38,0.395,,
4068,幸田智裕,117,0.368,8,,0.368,全国,35,21,,,,32,,,,44,0.341,32,0.281,,
4069,山本修一,136,0.507,5,,0.507,全国,58,24,0.417,○,,39,,,,45,0.378,42,0.452,,
4071,古賀千晶,75,0.173,0,,0.173,全国,20,11,,,,16,,,,28,0.107,20,0.25,,●
4072,森永淳,108,0.565,0,,0.565,全国,57,13,,,,21,,,,42,0.548,23,0.478,,
4073,大橋純一郎,135,0.511,0,,0.511,全国,60,18,,,,42,0.262,0.143,○,41,0.415,46,0.478,,
4074,柳沢一,133,0.549,2,,0.549,全国,61,22,0.364,○,,35,,,,38,0.553,41,0.415,,
4075,中野次郎,133,0.436,17,,0.436,全国,54,20,0.5,○,,42,0.119,0.119,○,42,0.476,42,0.286,,
4076,杉田篤光,149,0.383,3,,0.383,全国,51,26,0.538,○,,41,0.049,0.146,○,48,0.333,40,0.275,,
4077,品田直樹,124,0.331,20,,0.331,全国,43,19,,,,40,0.025,0.15,○,46,0.239,39,0.205,●,●
4079,出畑孝典,131,0.366,4,,0.366,全国,59,22,0.455,○,,43,0.093,0.116,○,41,0.39,48,0.25,,
4081,樋口範政,125,0.232,4,,0.232,全国,36,23,,,,33,,,,43,0.163,32,0.188,●,●
4082,濱崎誠,123,0.398,23,,0.398,全国,33,16,,,,40,0.125,0.175,○,40,0.325,40,0.325,,
4083,福島勇樹,122,0.623,3,,0.623,全国,61,13,,,,27,,,,48,0.688,41,0.512,,
4084,杉山正樹,148,0.48,16,,0.48,全国,68,22,0.5,○,,48,0.125,0.146,○,47,0.553,53,0.321,,
4085,荻野裕介,87,0.414,0,,0.414,全国,18,10,,,,31,,,,28,0.536,27,0.333,,
4086,寺本重宣,121,0.446,20,,0.446,全国,47,19,,,,38,,,,39,0.436,41,0.22,●,
4089,妹尾忠幸,140,0.536,14,,0.536,全国,56,16,,,,48,0.083,0.312,○,39,0.692,50,0.44,,
4090,中村尊,101,0.465,0,,0.465,全国,36,14,,,,36,,,,37,0.459,34,0.353,,
4092,岡部大輔,91,0.341,0,,0.341,全国,30,10,,,,32,,,,34,0.382,30,0.2,●,
4093,吉田宗弘,93,0.183,18,,0.183,全国,32,21,,,,22,,,,38,0.184,26,0.077,●,●
4094,中島真二,106,0.236,0,,0.236,全国,30,16,,,,26,,,,34,0.147,29,0.241,●,●
4095,福来剛,145,0.614,30,0.533,0.533,当地,67,19,,,,41,0.317,0.146,○,42,0.595,47,0.596,,
4096,石橋道友,113,0.522,0,,0.522,全国,57,12,,,,32,,,,39,0.41,38,0.553,,
4097,貫地谷直人,95,0.211,3,,0.211,全国,19,18,,,,28,,,,35,0.229,24,0.125,●,●
4098,赤澤文香,88,0.205,4,,0.205,全国,28,18,,,,24,,,,28,0.214,28,0.25,,●
4099,吉永則雄,111,0.468,0,,0.468,全国,53,18,,,,29,,,,33,0.303,44,0.455,,
4100,松田隆司,121,0.364,8,,0.364,全国,35,15,,,,33,,,,33,0.333,34,0.147,●,
4102,益田啓司,148,0.52,9,,0.52,全国,55,10,,,,50,0.14,0.22,○,47,0.596,45,0.378,,
4103,山崎善庸,94,0.234,2,,0.234,全国,28,23,,,,29,,,,31,0.194,28,0.143,●,●
4104,木下陽介,104,0.327,0,,0.327,全国,29,17,,,,28,,,,32,0.344,28,0.179,●,
4105,松下直也,127,0.37,0,,0.37,全国,44,30,0.333,○,,34,,,,37,0.351,41,0.268,,
4106,坂井康嗣,89,0.225,3,,0.225,全国,19,16,,,,19,,,,32,0.312,23,0.087,●,
4108,吉村正明,126,0.429,0,,0.429,全国,45,10,,,,33,,,,40,0.425,39,0.359,,
4109,谷津幸宏,131,0.45,0,,0.45,全国,56,17,,,,41,0.073,0.22,○,40,0.4,47,0.362,,
4110,小澤和也,92,0.239,0,,0.239,全国,27,18,,,,21,,,,33,0.333,23,0.217,●,
4111,奥田誠,117,0.368,0,,0.368,全国,39,18,,,,33,,,,39,0.41,34,0.265,,
4112,大久保信一郎,113,0.434,3,,0.434,全国,33,13,,,,31,,,,38,0.342,33,0.273,,
4113,木村浩士,117,0.376,0,,0.376,全国,39,24,,,,30,,,,39,0.256,31,0.258,,
4114,深澤達徳,98,0.296,0,,0.296,全国,25,14,,,,28,,,,34,0.265,30,0.267,,
4116,川田正人,119,0.37,0,,0.37,全国,33,21,,,,33,,,,34,0.588,36,0.139,●,
4117,廣中智紗衣,105,0.524,0,,0.524,全国,49,29,0.483,○,,28,,,,36,0.472,30,0.533,,
4118,宇佐見淳,147,0.483,9,,0.483,全国,61,23,0.609,○,,45,0.044,0.267,○,49,0.49,47,0.34,,
4119,泥谷一毅,118,0.407,0,,0.407,全国,42,22,0.227,○,飛ぶ型,26,,,,40,0.25,36,0.389,,
4120,柘植政浩,143,0.399,0,,0.399,全国,57,16,,,,42,0.048,0.095,○,45,0.467,46,0.152,●,
4121,富永修一,115,0.443,0,,0.443,全国,49,19,,,,43,0.023,0.209,○,34,0.412,43,0.302,,
4122,安東幸治,142,0.444,13,,0.444,全国,59,29,0.379,○,,44,0.068,0.227,○,49,0.388,46,0.348,,
4123,細川裕子,124,0.581,4,,0.581,全国,64,24,0.5,○,,39,,,,40,0.575,40,0.5,,
4124,池田雄一,115,0.496,4,,0.496,全国,51,18,,,,38,,,,36,0.444,45,0.4,,
4128,川口貴久,106,0.377,6,,0.377,全国,32,19,,,,36,,,,42,0.5,33,0.212,●,
4129,宇野博之,111,0.225,11,,0.225,全国,32,28,,,,29,,,,37,0.216,33,0.091,●,●
4131,原豊土,105,0.438,0,,0.438,全国,35,11,,,,32,,,,36,0.417,31,0.258,,
4133,高橋正男,122,0.516,3,,0.516,全国,52,24,0.417,○,,43,0.116,0.279,○,34,0.412,44,0.477,,
4134,杉山貴博,128,0.5,2,,0.5,全国,49,21,0.476,○,,37,,,,40,0.45,39,0.436,,
4136,江夏満,101,0.535,5,,0.535,全国,50,14,,,,37,,,,29,0.517,37,0.514,,
4137,君島秀三,126,0.556,0,,0.556,全国,65,17,,,,41,0.122,0.171,○,37,0.459,42,0.381,,
4138,中井俊祐,107,0.327,0,,0.327,全国,32,21,,,,30,,,,36,0.306,28,0.179,●,
4139,丹下健,112,0.268,0,,0.268,全国,30,17,,,,31,,,,36,0.306,30,0.133,●,
4140,梶野学志,94,0.404,0,,0.404,全国,43,10,,,,29,,,,31,0.387,35,0.343,,
4142,平野和明,115,0.391,10,,0.391,全国,48,27,0.556,○,,32,,,,42,0.381,35,0.2,●,
4143,浦田晃嗣,103,0.223,0,,0.223,全国,22,14,,,,22,,,,37,0.135,23,0.087,●,●
4144,石塚久也,115,0.548,0,,0.548,全国,42,12,,,,32,,,,38,0.526,37,0.378,,
4145,小澤学,107,0.252,12,,0.252,全国,28,26,,,,25,,,,37,0.162,24,0.083,●,●
4146,柳橋宏紀,121,0.364,9,,0.364,全国,43,19,,,,42,0.095,0.167,○,41,0.439,35,0.257,,
4148,枝尾賢,132,0.485,11,,0.485,全国,53,22,0.545,○,,34,,,,44,0.409,46,0.543,,
4150,山田雄太,119,0.462,0,,0.462,全国,43,17,,,,37,,,,39,0.436,38,0.263,,
4151,下河誉史,107,0.308,0,,0.308,全国,41,19,,,,14,,,,41,0.268,34,0.353,,
4152,深水慎一郎,100,0.33,0,,0.33,全国,37,19,,,,27,,,,31,0.226,34,0.235,●,●
4154,森安弘雅,110,0.382,0,,0.382,全国,41,24,0.292,○,飛ぶ型,33,,,,35,0.514,37,0.135,●,
4155,長野壮志郎,115,0.487,0,,0.487,全国,55,23,0.478,○,,38,,,,41,0.366,38,0.395,,
4156,浜野孝志,134,0.396,0,,0.396,全国,53,27,0.407,○,,42,0.024,0.214,○,40,0.4,43,0.233,●,
4158,木場雄二郎,110,0.373,0,,0.373,全国,33,10,,,,38,,,,40,0.25,33,0.364,,
4159,向後龍一,136,0.426,12,,0.426,全国,61,23,0.565,○,,37,,,,50,0.46,43,0.302,,
4161,黒柳浩孝,114,0.412,19,,0.412,全国,45,23,0.522,○,,35,,,,36,0.306,36,0.389,,
4162,竹本太樹,49,0.224,3,,0.224,全国,15,12,,,,11,,,,14,,12,,,
4163,山崎裕司,132,0.371,0,,0.371,全国,61,20,0.4,○,,34,,,,47,0.447,44,0.114,●,
4164,岩永節也,92,0.283,0,,0.283,全国,26,21,,,,21,,,,31,0.258,27,0.148,●,
4166,吉田拡郎,141,0.511,0,,0.511,全国,72,15,,,,46,0.087,0.304,○,44,0.477,50,0.42,,
4167,片岡秀樹,106,0.349,13,,0.349,全国,29,19,,,,40,0.05,0.05,○,31,0.387,36,0.083,●,
4168,石野貴之,108,0.444,0,,0.444,全国,61,17,,,,28,,,,47,0.638,39,0.385,,
4169,多田有佑,103,0.194,13,,0.194,全国,30,22,,,,29,,,,34,0.147,29,0.069,●,●
4171,榎幸司,136,0.441,0,,0.441,全国,68,21,0.381,○,,51,0.118,0.235,○,41,0.366,52,0.423,,
4172,森定晃史,137,0.533,12,,0.533,全国,61,28,0.643,○,残す型,41,0.098,0.268,○,45,0.578,44,0.364,,
4173,岡谷健吾,124,0.315,5,,0.315,全国,36,15,,,,31,,,,42,0.238,32,0.344,,●
4174,赤坂俊輔,122,0.492,3,,0.492,全国,74,26,0.269,○,飛ぶ型,14,,,,43,0.442,44,0.5,,
4175,川尻泰輔,108,0.435,0,,0.435,全国,42,10,,,,29,,,,34,0.471,31,0.29,,
4176,樋口喜彦,72,0.181,4,,0.181,全国,18,16,,,,13,,,,27,0.185,16,0.0,●,●
4177,萬正嗣,89,0.281,0,,0.281,全国,28,12,,,,32,,,,23,0.261,29,0.138,●,
4179,広次修,131,0.466,11,,0.466,全国,48,21,0.238,○,飛ぶ型,39,,,,45,0.511,41,0.415,,
4180,上野秀和,122,0.385,0,,0.385,全国,45,20,0.3,○,飛ぶ型,33,,,,40,0.375,38,0.316,,
4181,花本夏樹,94,0.17,3,,0.17,全国,25,19,,,,12,,,,35,0.057,24,0.208,●,●
4182,吉田和仁,127,0.291,4,,0.291,全国,43,27,0.407,○,,32,,,,39,0.41,35,0.114,●,
4183,宇野弥生,106,0.264,0,,0.264,全国,36,8,,,,38,,,,31,0.161,36,0.139,●,●
4184,渡邊雄一郎,106,0.689,0,,0.689,全国,52,14,,,,26,,,,31,0.742,31,0.645,,
4186,小川時光,98,0.163,0,,0.163,全国,28,20,,,,23,,,,34,0.088,25,0.04,●,●
4188,久田敏之,119,0.672,0,,0.672,全国,57,12,,,,32,,,,41,0.61,40,0.65,,
4189,川上剛,122,0.451,6,,0.451,全国,65,24,0.25,○,飛ぶ型,26,,,,39,0.333,44,0.523,,
4190,長嶋万記,75,0.627,3,,0.627,全国,33,9,,,,20,,,,30,0.6,23,0.522,,
4191,赤羽克也,108,0.491,0,,0.491,全国,49,16,,,,30,,,,34,0.559,35,0.371,,
4193,郷原章平,138,0.384,5,,0.384,全国,57,20,0.5,○,,37,,,,48,0.333,44,0.205,●,
4195,前川守嗣,108,0.343,0,,0.343,全国,36,23,,,,32,,,,40,0.275,31,0.29,,
4196,田中太一郎,120,0.25,4,,0.25,全国,30,17,,,,31,,,,44,0.227,30,0.1,●,●
4197,渥美卓郎,103,0.146,8,,0.146,全国,33,23,,,,23,,,,41,0.122,28,0.143,●,●
4199,北川潤二,81,0.457,0,,0.457,全国,73,17,,,,0,,,,44,0.455,47,0.66,,
4200,早川尚人,111,0.252,2,,0.252,全国,33,21,,,,31,,,,37,0.216,30,0.333,,●
4201,佐竹友樹,105,0.295,13,,0.295,全国,29,20,,,,33,,,,36,0.444,33,0.121,●,
4202,浮田圭浩,108,0.259,6,,0.259,全国,32,17,,,,34,,,,38,0.158,34,0.176,●,●
4203,小倉康典,97,0.268,0,,0.268,全国,29,20,,,,29,,,,34,0.176,27,0.222,●,●
4204,柴田大輔,109,0.294,13,,0.294,全国,31,19,,,,32,,,,38,0.237,31,0.161,●,●
4205,山口剛,110,0.573,0,,0.573,全国,53,11,,,,35,,,,33,0.727,39,0.436,,
4207,松下一也,106,0.425,0,,0.425,全国,49,20,0.4,○,,38,,,,35,0.314,41,0.415,,
4208,三浦永理,129,0.659,3,,0.659,全国,70,16,,,,38,,,,44,0.795,40,0.45,,
4209,藤田竜弘,117,0.427,2,,0.427,全国,50,24,0.375,○,,33,,,,41,0.39,38,0.368,,
4210,松村康太,126,0.532,0,,0.532,全国,53,28,0.464,○,,33,,,,42,0.429,41,0.488,,
4211,村田敦,106,0.226,14,,0.226,全国,36,25,,,,41,0.024,0.122,○,41,0.293,26,0.115,●,
4213,重富伸也,134,0.306,4,,0.306,全国,16,14,,,,68,0.074,0.059,○,44,0.386,46,0.283,,
4214,林祐介,104,0.404,0,,0.404,全国,43,15,,,,30,,,,37,0.297,35,0.343,,
4215,吉島祥之,140,0.471,5,,0.471,全国,58,28,0.286,○,飛ぶ型,48,0.167,0.271,○,42,0.619,53,0.415,,
4216,星栄爾,131,0.313,4,,0.313,全国,46,20,0.65,○,残す型,41,0.049,0.122,○,47,0.34,35,0.171,●,
4218,吉川喜継,101,0.584,2,,0.584,全国,57,14,,,,2,,,,42,0.5,46,0.543,,
4219,本岡勝利,111,0.234,13,,0.234,全国,20,16,,,,27,,,,44,0.227,24,0.208,●,●
4220,深川和仁,115,0.287,0,,0.287,全国,32,7,,,,27,,,,37,0.27,34,0.176,●,
4224,大橋栄里佳,113,0.389,0,,0.389,全国,36,18,,,,36,,,,37,0.324,38,0.263,,
4225,土屋千明,94,0.426,3,,0.426,全国,42,16,,,,28,,,,30,0.333,35,0.4,,
4226,村田浩司,108,0.278,0,,0.278,全国,33,17,,,,30,,,,42,0.238,29,0.138,●,●
4227,安達裕樹,118,0.398,13,,0.398,全国,49,18,,,,35,,,,41,0.366,39,0.333,,
4228,吉田慎二郎,130,0.485,3,,0.485,全国,53,24,0.542,○,,44,0.114,0.273,○,33,0.333,45,0.444,,
4229,市川美宏,90,0.256,0,,0.256,全国,28,20,,,,28,,,,34,0.235,28,0.25,,●
4230,濱崎直矢,99,0.556,0,,0.556,全国,36,9,,,,31,,,,36,0.472,32,0.5,,
4231,鈴木裕隆,128,0.367,8,,0.367,全国,47,30,0.4,○,,35,,,,45,0.356,36,0.306,,
4232,笠雅雄,108,0.435,7,,0.435,全国,31,18,,,,30,,,,38,0.474,32,0.281,,
4233,亀山雅幸,130,0.438,6,,0.438,全国,53,22,0.364,○,,39,,,,46,0.457,43,0.442,,
4234,野相弘司,98,0.255,0,,0.255,全国,24,11,,,,26,,,,39,0.179,24,0.042,●,●
4236,松村敏,127,0.724,0,,0.724,全国,81,18,,,,32,,,,41,0.756,41,0.634,,
4237,大峯豊,126,0.571,0,,0.571,全国,67,20,0.5,○,,30,,,,43,0.558,43,0.465,,
4238,毒島誠,71,0.676,0,,0.676,全国,59,9,,,,10,,,,29,0.759,30,0.767,,
4239,竹田辰也,121,0.405,0,,0.405,全国,65,19,,,,33,,,,38,0.526,43,0.279,,
4240,今井裕梨,108,0.435,9,,0.435,全国,48,21,0.476,○,,33,,,,39,0.462,38,0.263,,
4241,大串重幸,126,0.421,6,,0.421,全国,46,19,,,,40,0.1,0.225,○,42,0.429,42,0.357,,
4243,西村歩,116,0.414,0,,0.414,全国,44,22,0.5,○,,38,,,,41,0.415,35,0.314,,
4244,鈴木成美,71,0.085,0,,0.085,全国,18,11,,,,22,,,,30,0.133,20,0.05,●,●
4245,高橋直哉,108,0.259,25,0.36,0.36,当地,31,20,,,,36,,,,36,0.222,33,0.242,●,●
4246,喜多那由夏,105,0.21,0,,0.21,全国,34,26,,,,30,,,,36,0.194,31,0.097,●,●
4247,齊藤優,115,0.33,0,,0.33,全国,35,22,,,,31,,,,40,0.375,33,0.212,●,
4248,岡本大,107,0.262,0,,0.262,全国,26,16,,,,22,,,,41,0.317,24,0.25,,
4251,川崎誠志,120,0.292,9,,0.292,全国,29,18,,,,38,,,,49,0.327,30,0.2,●,
4252,松下哲也,122,0.369,0,,0.369,全国,32,23,,,,36,,,,39,0.385,30,0.067,●,
4253,西川真人,120,0.242,0,,0.242,全国,32,18,,,,26,,,,43,0.209,27,0.074,●,●
4254,川島圭司,102,0.373,0,,0.373,全国,39,16,,,,31,,,,32,0.281,33,0.303,,
4256,渡辺浩司,121,0.603,0,,0.603,全国,51,18,,,,44,0.205,0.273,○,37,0.568,46,0.5,,
4257,古川健,98,0.347,17,,0.347,全国,27,15,,,,27,,,,32,0.406,24,0.125,●,
4258,関根彰人,108,0.25,12,,0.25,全国,33,20,,,,32,,,,32,0.188,31,0.226,●,●
4259,真庭明志,129,0.388,4,,0.388,全国,57,21,0.571,○,,36,,,,43,0.395,39,0.308,,
4260,中越博紀,135,0.415,0,,0.415,全国,47,18,,,,43,0.116,0.14,○,48,0.396,40,0.275,,
4261,岡祐臣,140,0.471,5,,0.471,全国,64,20,0.55,○,,48,0.146,0.188,○,42,0.405,53,0.396,,
4262,馬場貴也,131,0.511,0,,0.511,全国,74,16,,,,41,0.098,0.244,○,42,0.5,47,0.362,,
4263,武重雄介,111,0.315,2,,0.315,全国,38,12,,,,39,,,,33,0.364,35,0.143,●,
4264,長尾章平,133,0.549,5,,0.549,全国,68,21,0.333,○,,40,0.2,0.175,○,34,0.676,47,0.489,,
4266,長田頼宗,121,0.438,16,,0.438,全国,63,12,,,,34,,,,40,0.45,40,0.35,,
4268,和合俊介,55,0.164,0,,0.164,全国,11,9,,,,17,,,,19,0.211,17,0.118,●,●
4269,杉山裕也,131,0.588,10,,0.588,全国,64,24,0.667,○,残す型,35,,,,44,0.614,48,0.438,,
4270,岸本雄貴,108,0.315,5,,0.315,全国,33,14,,,,30,,,,37,0.27,28,0.25,,
4271,川崎公靖,100,0.36,0,,0.36,全国,27,21,,,,19,,,,35,0.343,23,0.261,,
4272,大場広孝,108,0.315,0,,0.315,全国,27,18,,,,34,,,,35,0.314,31,0.226,●,
4273,佐藤旭,114,0.325,5,,0.325,全国,34,17,,,,38,,,,42,0.333,36,0.167,●,
4274,長畑友輔,98,0.327,0,,0.327,全国,26,17,,,,32,,,,32,0.281,28,0.143,●,
4275,菅野はやか,71,0.141,0,,0.141,全国,22,20,,,,19,,,,26,0.115,21,0.143,●,●
4276,鈴木勝博,118,0.483,0,,0.483,全国,47,19,,,,36,,,,33,0.576,46,0.348,,
4277,金田大輔,108,0.324,9,,0.324,全国,29,11,,,,32,,,,33,0.333,29,0.172,●,
4278,藤岡俊介,137,0.518,0,,0.518,全国,72,13,,,,39,,,,42,0.357,49,0.449,,
4281,大澤大夢,98,0.337,0,,0.337,全国,31,14,,,,23,,,,37,0.351,26,0.192,●,
4283,石井裕美,93,0.258,13,,0.258,全国,28,25,,,,27,,,,33,0.182,24,0.333,,●
4286,平田さやか,146,0.397,7,,0.397,全国,62,36,0.667,○,残す型,40,0.075,0.125,○,48,0.375,47,0.298,,
4287,今井貴士,129,0.419,0,,0.419,全国,58,20,0.6,○,,48,0.188,0.271,○,39,0.308,48,0.458,,
4288,永田啓二,133,0.647,0,,0.647,全国,78,22,0.636,○,残す型,39,,,,44,0.636,41,0.634,,
4289,落合直子,120,0.358,0,,0.358,全国,50,19,,,,34,,,,39,0.333,35,0.2,●,
4290,稲田浩二,122,0.516,5,,0.516,全国,60,21,0.429,○,,41,0.073,0.268,○,41,0.512,40,0.4,,
4292,麻生慎介,120,0.575,0,,0.575,全国,57,22,0.455,○,,31,,,,38,0.553,40,0.425,,
4293,鈴木智啓,125,0.304,3,,0.304,全国,49,31,0.516,○,,44,0.045,0.159,○,38,0.342,42,0.262,,
4294,古賀繁輝,114,0.579,1,,0.579,全国,55,18,,,,35,,,,32,0.531,37,0.486,,
4295,小坂尚哉,135,0.615,4,,0.615,全国,73,16,,,,38,,,,49,0.571,44,0.568,,
4296,岡崎恭裕,88,0.534,7,,0.534,全国,43,13,,,,22,,,,29,0.414,28,0.5,,
4297,山田哲也,127,0.488,15,,0.488,全国,55,16,,,,36,,,,41,0.512,41,0.415,,
4298,宮下元胤,125,0.496,4,,0.496,全国,57,29,0.517,○,,32,,,,43,0.395,39,0.513,,
4299,中島浩哉,95,0.326,0,,0.326,全国,22,16,,,,25,,,,38,0.342,22,0.182,●,
4300,加藤綾,114,0.316,4,,0.316,全国,40,21,0.524,○,,31,,,,38,0.316,34,0.206,●,
4301,関裕也,84,0.357,0,,0.357,全国,28,16,,,,8,,,,35,0.457,27,0.37,,
4302,西野翔太,90,0.533,0,,0.533,全国,69,15,,,,1,,,,42,0.5,37,0.676,,
4303,牧原崇,105,0.352,0,,0.352,全国,34,18,,,,30,,,,33,0.303,34,0.176,●,
4305,金子拓矢,115,0.626,4,,0.626,全国,60,13,,,,39,,,,32,0.75,43,0.581,,
4306,畔柳俊吾,98,0.306,0,,0.306,全国,34,26,,,,27,,,,33,0.394,33,0.091,●,
4308,河村了,119,0.63,0,,0.63,全国,67,16,,,,37,,,,39,0.615,41,0.561,,
4311,岡村仁,133,0.474,12,,0.474,全国,72,20,0.4,○,,42,0.19,0.19,○,37,0.459,47,0.489,,
4313,西村美智子,98,0.327,0,,0.327,全国,35,13,,,,40,0.05,0.225,○,28,0.321,39,0.256,,
4314,青木幸太郎,119,0.37,0,,0.37,全国,51,16,,,,41,0.073,0.171,○,36,0.306,43,0.349,,
4315,山崎昂介,109,0.33,0,,0.33,全国,29,18,,,,28,,,,41,0.39,28,0.071,●,
4317,木村紗友希,107,0.224,0,,0.224,全国,31,14,,,,28,,,,40,0.225,30,0.133,●,●
4318,桑原将光,118,0.449,20,,0.449,全国,44,21,0.286,○,飛ぶ型,41,0.049,0.268,○,36,0.528,37,0.324,,
4319,三宅潤,140,0.414,4,,0.414,全国,50,23,0.435,○,,42,0.119,0.143,○,55,0.455,43,0.279,,
4320,峰竜太,90,0.689,0,,0.689,全国,58,9,,,,25,,,,32,0.656,33,0.697,,
4323,山田佑樹,112,0.446,0,,0.446,全国,31,12,,,,34,,,,39,0.41,33,0.333,,
4324,海野康志郎,103,0.476,2,,0.476,全国,87,21,0.476,○,,17,,,,50,0.54,50,0.58,,
4325,新出浩司,93,0.29,4,,0.29,全国,31,23,,,,31,,,,32,0.312,27,0.185,●,
4327,加藤翔,113,0.283,5,,0.283,全国,31,22,,,,29,,,,34,0.235,31,0.161,●,●
4329,小松卓司,116,0.31,0,,0.31,全国,31,20,,,,30,,,,38,0.263,30,0.1,●,
4330,奈須啓太,122,0.459,4,,0.459,全国,55,18,,,,30,,,,41,0.634,40,0.175,●,
4331,三好勇人,121,0.364,0,,0.364,全国,48,14,,,,25,,,,45,0.333,34,0.294,,
4332,村上彰一,95,0.242,0,,0.242,全国,23,18,,,,30,,,,32,0.188,25,0.16,●,●
4335,若林将,121,0.529,4,,0.529,全国,65,19,,,,43,0.163,0.209,○,35,0.629,44,0.432,,
4336,松田竜馬,115,0.27,0,,0.27,全国,36,13,,,,40,0.1,0.075,○,36,0.222,39,0.179,●,●
4337,平本真之,130,0.569,8,,0.569,全国,63,19,,,,30,,,,48,0.625,43,0.442,,
4339,平瀬城啓,104,0.25,3,,0.25,全国,34,23,,,,28,,,,38,0.132,29,0.138,●,●
4340,土性雅也,39,0.231,0,,0.231,全国,5,3,,,,12,,,,11,,10,,,
4342,谷野錬志,115,0.557,0,,0.557,全国,42,10,,,,33,,,,32,0.594,37,0.378,,
4343,村岡賢,102,0.275,4,,0.275,全国,30,22,,,,27,,,,38,0.263,32,0.188,●,
4344,新田雄史,109,0.606,3,,0.606,全国,52,15,,,,31,,,,32,0.594,38,0.5,,
4345,西舘健,119,0.361,27,0.37,0.37,当地,47,24,0.542,○,,43,0.233,0.047,○,34,0.382,44,0.273,,
4346,前田健太郎,117,0.282,0,,0.282,全国,34,17,,,,44,0.045,0.182,○,37,0.297,38,0.184,●,
4347,魚谷香織,110,0.409,4,,0.409,全国,50,18,,,,36,,,,35,0.371,40,0.375,,
4348,宮崎奨,130,0.469,0,,0.469,全国,50,25,0.48,○,,40,0.075,0.225,○,41,0.512,41,0.317,,
4349,犬童千秋,99,0.273,0,,0.273,全国,21,13,,,,24,,,,37,0.216,26,0.231,●,●
4350,篠崎元志,124,0.548,0,,0.548,全国,74,10,,,,31,,,,45,0.467,45,0.556,,
4351,里岡右貴,129,0.581,0,,0.581,全国,80,27,0.407,○,,50,0.12,0.28,○,37,0.649,57,0.491,,
4352,下條雄太郎,101,0.485,6,,0.485,全国,56,15,,,,35,,,,27,0.519,38,0.421,,
4355,小川広大,65,0.077,5,,0.077,全国,15,11,,,,25,,,,22,0.045,21,0.048,●,●
4356,長岡良也,119,0.462,0,,0.462,全国,47,13,,,,30,,,,38,0.553,39,0.231,●,
4357,田中和也,117,0.624,2,,0.624,全国,68,27,0.556,○,,31,,,,42,0.786,49,0.469,,
4358,松本庸平,96,0.177,12,,0.177,全国,30,22,,,,23,,,,33,0.182,31,0.065,●,●
4359,横川聖志,105,0.41,0,,0.41,全国,40,23,0.391,○,,37,,,,36,0.361,38,0.316,,
4360,庄司孝輔,120,0.442,0,,0.442,全国,43,20,0.25,○,飛ぶ型,38,,,,42,0.405,37,0.459,,
4361,柳生泰二,114,0.614,0,,0.614,全国,62,13,,,,37,,,,32,0.594,46,0.522,,
4362,土屋智則,98,0.51,0,,0.51,全国,57,26,0.538,○,,24,,,,33,0.515,39,0.436,,
4363,大野芳顕,141,0.44,5,,0.44,全国,55,23,0.522,○,,43,0.047,0.326,○,46,0.326,44,0.432,,
4364,池永太,124,0.476,10,,0.476,全国,60,20,0.65,○,残す型,37,,,,40,0.35,42,0.452,,
4365,盛本真輔,110,0.373,0,,0.373,全国,50,25,0.4,○,,34,,,,41,0.439,36,0.194,●,
4366,前沢丈史,134,0.552,23,,0.552,全国,67,22,0.455,○,,35,,,,48,0.625,42,0.405,,
4367,山口修路,98,0.327,0,,0.327,全国,24,17,,,,27,,,,33,0.333,27,0.259,,
4368,山口隆史,92,0.163,9,,0.163,全国,24,16,,,,36,,,,33,0.182,25,0.12,●,●
4369,丹下将,145,0.455,4,,0.455,全国,56,27,0.444,○,,43,0.07,0.116,○,42,0.5,50,0.24,●,
4370,山口達也,102,0.471,19,,0.471,全国,70,23,0.304,○,飛ぶ型,28,,,,42,0.476,42,0.5,,
4371,西山貴浩,111,0.369,0,,0.369,全国,49,13,,,,33,,,,37,0.405,38,0.342,,
4372,原田佑実,103,0.427,0,,0.427,全国,41,10,,,,30,,,,38,0.316,25,0.28,,
4373,若狭奈美子,126,0.476,0,,0.476,全国,68,26,0.577,○,,41,0.098,0.268,○,34,0.382,45,0.422,,
4374,永田義紘,110,0.282,10,,0.282,全国,28,17,,,,30,,,,39,0.128,32,0.25,,●
4375,照屋厚仁,135,0.415,8,,0.415,全国,59,23,0.652,○,残す型,41,0.049,0.317,○,43,0.372,46,0.435,,
4376,藤田靖弘,146,0.384,0,,0.384,全国,57,20,0.25,○,飛ぶ型,53,0.094,0.132,○,46,0.326,51,0.255,,
4377,濱本優一,141,0.511,13,,0.511,全国,59,17,,,,49,0.102,0.306,○,48,0.5,45,0.444,,
4379,桑島和宏,135,0.415,22,,0.415,全国,57,26,0.462,○,,42,0.119,0.238,○,46,0.413,44,0.364,,
4380,鈴木峻佑,112,0.25,7,,0.25,全国,34,13,,,,35,,,,38,0.237,33,0.182,●,●
4381,田路朋史,124,0.379,5,,0.379,全国,57,25,0.44,○,,30,,,,48,0.375,37,0.216,●,
4382,高山智至,119,0.328,4,,0.328,全国,29,21,,,,26,,,,40,0.225,35,0.257,,●
4383,竹田吉行,119,0.403,4,,0.403,全国,49,28,0.607,○,,36,,,,39,0.359,36,0.222,●,
4384,鶴本崇文,127,0.465,7,,0.465,全国,67,27,0.556,○,,36,,,,43,0.605,44,0.227,●,
4385,鈴木祐美子,57,0.175,4,,0.175,全国,15,14,,,,13,,,,21,0.048,16,0.25,,●
4387,平山智加,133,0.526,0,,0.526,全国,72,25,0.48,○,,35,,,,45,0.511,37,0.432,,
4388,是澤孝宏,153,0.51,22,,0.51,全国,56,22,0.5,○,,47,0.064,0.128,○,48,0.583,50,0.26,,
4389,伊藤喜智,116,0.371,0,,0.371,全国,39,22,,,,37,,,,41,0.415,34,0.118,●,
4390,松本弓雄,117,0.265,2,,0.265,全国,29,22,,,,29,,,,41,0.317,31,0.194,●,
4391,松田祐季,127,0.449,7,,0.449,全国,64,17,,,,39,,,,43,0.512,46,0.304,,
4393,田中孝明,98,0.194,0,,0.194,全国,24,12,,,,31,,,,33,0.182,31,0.129,●,●
4394,永嶋裕一,120,0.525,8,,0.525,全国,46,22,0.455,○,,35,,,,39,0.487,37,0.378,,
4395,下河雅史,125,0.272,5,,0.272,全国,41,22,0.318,○,,37,,,,40,0.3,37,0.108,●,
4396,大田直弥,123,0.301,0,,0.301,全国,41,24,0.375,○,,35,,,,39,0.205,35,0.286,,●
4397,西村拓也,132,0.523,12,,0.523,全国,67,14,,,,28,,,,50,0.62,42,0.381,,
4398,船岡洋一郎,145,0.455,10,,0.455,全国,65,11,,,,44,0.091,0.091,○,47,0.447,45,0.267,,
4400,加藤奈月,102,0.245,5,,0.245,全国,30,26,,,,31,,,,32,0.188,30,0.267,,●
4401,小林泰,114,0.404,19,,0.404,全国,46,16,,,,36,,,,36,0.389,37,0.27,,
4402,乙藤智史,111,0.414,5,,0.414,全国,51,16,,,,39,,,,37,0.405,39,0.231,●,
4403,木下大將,121,0.496,12,,0.496,全国,43,12,,,,32,,,,40,0.575,33,0.333,,
4404,岸蔭亮,98,0.163,0,,0.163,全国,24,18,,,,30,,,,34,0.235,28,0.036,●,●
4405,南野利騰,99,0.313,3,,0.313,全国,28,23,,,,27,,,,36,0.389,26,0.154,●,
4406,幸野史明,125,0.216,0,,0.216,全国,28,11,,,,46,0.022,0.065,○,42,0.238,32,0.156,●,●
4407,鹿島敏弘,120,0.325,20,,0.325,全国,39,24,,,,36,,,,38,0.342,38,0.158,●,
4408,仁科さやか,90,0.122,0,,0.122,全国,21,9,,,,20,,,,33,0.212,23,0.043,●,●
4409,坂元浩仁,122,0.508,7,,0.508,全国,57,12,,,,39,,,,41,0.488,40,0.325,,
4410,井上大輔,109,0.321,0,,0.321,全国,35,21,,,,27,,,,42,0.262,30,0.333,,
4411,沢田昭宏,136,0.382,2,,0.382,全国,51,18,,,,46,0.043,0.13,○,43,0.442,44,0.205,●,
4413,水摩敦,130,0.454,0,,0.454,全国,60,26,0.269,○,飛ぶ型,41,0.146,0.195,○,42,0.548,48,0.438,,
4414,大澤真菜,84,0.179,9,,0.179,全国,24,16,,,,22,,,,32,0.156,19,0.053,●,●
4415,下出卓矢,136,0.404,0,,0.404,全国,53,16,,,,50,0.14,0.06,○,48,0.417,43,0.326,,
4416,三宅健太,115,0.322,0,,0.322,全国,36,25,,,,39,,,,36,0.278,37,0.189,●,
4417,服部剛,91,0.33,0,,0.33,全国,28,17,,,,24,,,,35,0.429,25,0.24,●,
4418,茅原悠紀,116,0.638,8,,0.638,全国,71,14,,,,35,,,,37,0.676,47,0.553,,
4419,原加央理,99,0.424,0,,0.424,全国,31,19,,,,26,,,,33,0.333,29,0.172,●,
4420,津久井拓也,142,0.423,16,,0.423,全国,55,28,0.429,○,,40,0.075,0.1,○,49,0.531,42,0.143,●,
4421,森作広大,86,0.14,0,,0.14,全国,22,16,,,,30,,,,29,0.207,28,0.036,●,●
4422,永井亮次,108,0.259,0,,0.259,全国,30,11,,,,31,,,,39,0.231,28,0.179,●,●
4423,坂口貴彦,127,0.425,0,,0.425,全国,34,14,,,,40,0.05,0.2,○,39,0.385,33,0.152,●,
4424,松尾昂明,142,0.401,0,,0.401,全国,62,15,,,,45,0.111,0.244,○,43,0.349,47,0.383,,
4425,大井清貴,87,0.379,3,,0.379,全国,26,15,,,,28,,,,30,0.333,28,0.25,,
4427,秦英悟,119,0.496,5,,0.496,全国,56,14,,,,34,,,,42,0.5,35,0.4,,
4428,有賀達也,125,0.456,0,,0.456,全国,49,14,,,,38,,,,44,0.432,39,0.333,,
4429,豊田泰洋,107,0.14,4,,0.14,全国,28,20,,,,34,,,,32,0.156,32,0.031,●,●
4430,永田秀二,133,0.436,25,0.48,0.48,当地,58,30,0.433,○,,40,0.175,0.175,○,41,0.439,41,0.341,,
4431,石塚裕介,97,0.258,4,,0.258,全国,25,10,,,,32,,,,29,0.207,33,0.091,●,●
4432,黄金井力良,120,0.35,13,,0.35,全国,44,25,0.48,○,,33,,,,45,0.444,33,0.091,●,
4433,川野芽唯,127,0.591,0,,0.591,全国,71,12,,,,48,0.062,0.375,○,42,0.595,46,0.435,,
4434,田中辰彦,119,0.496,0,,0.496,全国,57,18,,,,31,,,,38,0.474,35,0.371,,
4435,服部達哉,111,0.441,0,,0.441,全国,35,13,,,,36,,,,31,0.548,38,0.263,,
4436,渋谷明憲,120,0.542,0,,0.542,全国,50,17,,,,40,0.0,0.2,○,38,0.658,43,0.302,,
4437,中田元泰,135,0.511,3,,0.511,全国,59,14,,,,44,0.068,0.205,○,43,0.535,46,0.37,,
4438,森作雄大,131,0.366,32,0.219,0.219,当地,46,25,0.4,○,,32,,,,44,0.295,30,0.133,●,
4439,近藤友宝,91,0.176,0,,0.176,全国,26,17,,,,34,,,,35,0.229,29,0.069,●,●
4440,萩原知哉,109,0.284,22,,0.284,全国,26,18,,,,30,,,,41,0.39,27,0.185,●,
4441,末永由楽,128,0.5,10,,0.5,全国,59,22,0.545,○,,42,0.048,0.286,○,37,0.432,46,0.391,,
4442,松竹大輔,109,0.422,0,,0.422,全国,34,10,,,,30,,,,38,0.421,32,0.312,,
4443,津田裕絵,126,0.421,0,,0.421,全国,44,25,0.48,○,,32,,,,47,0.277,33,0.303,,
4444,桐生順平,111,0.577,0,,0.577,全国,48,15,,,,32,,,,38,0.553,39,0.538,,
4445,宮地元輝,134,0.358,0,,0.358,全国,53,11,,,,44,0.023,0.136,○,39,0.359,46,0.217,●,
4446,和田兼輔,137,0.584,0,,0.584,全国,64,7,,,,32,,,,47,0.638,45,0.444,,
4447,深川麻奈美,123,0.415,0,,0.415,全国,44,26,0.308,○,飛ぶ型,38,,,,45,0.444,40,0.225,●,
4448,青木玄太,133,0.586,0,,0.586,全国,53,11,,,,40,0.2,0.325,○,43,0.535,39,0.641,,
4449,中嶋達也,106,0.311,4,,0.311,全国,25,17,,,,32,,,,31,0.387,25,0.2,●,
4450,平高奈菜,112,0.562,0,,0.562,全国,47,19,,,,33,,,,35,0.486,39,0.462,,
4451,松崎祐太郎,118,0.458,4,,0.458,全国,63,24,0.583,○,,31,,,,38,0.342,40,0.4,,
4452,松尾祭,136,0.368,17,,0.368,全国,55,30,0.633,○,残す型,42,0.071,0.095,○,49,0.408,44,0.205,●,
4456,鎌倉涼,104,0.423,0,,0.423,全国,52,13,,,,30,,,,29,0.31,37,0.486,,
4457,神田達也,97,0.34,0,,0.34,全国,24,14,,,,34,,,,32,0.406,27,0.222,●,
4458,抹香雄三,117,0.402,11,,0.402,全国,33,21,,,,32,,,,34,0.471,40,0.275,,
4459,片岡雅裕,126,0.381,9,,0.381,全国,52,20,0.5,○,,45,0.067,0.2,○,43,0.279,45,0.311,,
4460,後藤翔之,126,0.444,4,,0.444,全国,53,28,0.429,○,,34,,,,44,0.523,47,0.362,,
4461,安田吉宏,111,0.297,0,,0.297,全国,36,25,,,,36,,,,35,0.314,34,0.118,●,
4462,夏山亮平,101,0.287,0,,0.287,全国,28,11,,,,25,,,,35,0.229,27,0.222,●,●
4463,三苫晃幸,126,0.46,0,,0.46,全国,51,28,0.607,○,,33,,,,39,0.41,42,0.405,,
4464,山下友貴,107,0.505,4,,0.505,全国,37,17,,,,29,,,,38,0.5,31,0.29,,
4465,大西賢,90,0.278,17,,0.278,全国,23,12,,,,28,,,,31,0.323,25,0.2,●,
4466,南佑典,113,0.389,10,,0.389,全国,43,18,,,,34,,,,43,0.326,36,0.25,,
4467,渡邉俊介,140,0.55,9,,0.55,全国,58,22,0.545,○,,36,,,,45,0.467,42,0.429,,
4468,大池佑来,128,0.453,18,,0.453,全国,48,8,,,,48,0.083,0.208,○,48,0.458,45,0.333,,
4469,土山卓也,124,0.411,0,,0.411,全国,49,18,,,,36,,,,40,0.525,40,0.375,,
4470,平田健之佑,107,0.542,16,,0.542,全国,52,18,,,,35,,,,35,0.486,40,0.525,,
4471,新田泰章,145,0.545,9,,0.545,全国,73,10,,,,44,0.182,0.273,○,45,0.422,48,0.542,,
4472,尾嶋一広,146,0.527,12,,0.527,全国,57,15,,,,33,,,,49,0.367,41,0.488,,
4473,藤堂里香,97,0.392,10,,0.392,全国,30,16,,,,34,,,,28,0.321,33,0.273,,
4474,渡辺崇,112,0.375,13,,0.375,全国,34,14,,,,29,,,,38,0.368,33,0.242,●,
4475,末永祐輝,124,0.5,11,,0.5,全国,61,24,0.625,○,残す型,40,0.125,0.2,○,40,0.525,43,0.349,,
4477,篠崎仁志,123,0.528,0,,0.528,全国,57,12,,,,36,,,,42,0.381,39,0.487,,
4478,櫻本あゆみ,117,0.444,8,,0.444,全国,54,20,0.3,○,飛ぶ型,38,,,,36,0.417,39,0.282,,
4479,矢野真梨菜,76,0.211,0,,0.211,全国,17,11,,,,16,,,,26,0.192,16,0.062,●,●
4482,守屋美穂,121,0.471,0,,0.471,全国,58,16,,,,29,,,,45,0.4,34,0.441,,
4483,北野輝季,132,0.515,10,,0.515,全国,60,15,,,,39,,,,46,0.522,46,0.435,,
4484,稲生夏季,105,0.333,4,,0.333,全国,31,20,,,,31,,,,34,0.412,31,0.258,,
4485,楠原正剛,113,0.389,3,,0.389,全国,41,24,0.417,○,,30,,,,38,0.395,37,0.243,●,
4486,野村誠,127,0.425,10,,0.425,全国,35,19,,,,37,,,,41,0.488,39,0.282,,
4487,三原司,107,0.243,0,,0.243,全国,28,16,,,,28,,,,39,0.231,32,0.281,,●
4488,小山勉,120,0.483,1,,0.483,全国,57,17,,,,41,0.098,0.122,○,35,0.514,49,0.286,,
4489,岩川仁士,125,0.4,0,,0.4,全国,39,21,,,,34,,,,43,0.372,38,0.211,●,
4491,田中堅,109,0.294,13,,0.294,全国,31,22,,,,32,,,,36,0.333,30,0.067,●,
4494,河合佑樹,112,0.491,0,,0.491,全国,44,15,,,,36,,,,34,0.5,43,0.488,,
4495,森晋太郎,93,0.387,4,,0.387,全国,25,7,,,,30,,,,28,0.393,27,0.259,,
4496,内堀学,114,0.57,0,,0.57,全国,79,32,0.406,○,,28,,,,43,0.558,42,0.548,,
4497,桑原悠,115,0.522,0,,0.522,全国,61,13,,,,35,,,,42,0.524,36,0.528,,
4498,宮本夏樹,71,0.352,0,,0.352,全国,17,9,,,,22,,,,21,0.381,21,0.19,●,
4499,滝川真由子,88,0.352,4,,0.352,全国,24,14,,,,25,,,,32,0.281,25,0.24,●,
4500,山田康二,119,0.546,9,,0.546,全国,61,10,,,,36,,,,41,0.634,41,0.341,,
4501,樋口由加里,129,0.24,0,,0.24,全国,47,19,,,,39,,,,43,0.302,40,0.2,●,
4502,遠藤エミ,131,0.595,0,,0.595,全国,72,21,0.571,○,,41,0.195,0.22,○,37,0.568,45,0.489,,
4503,上野真之介,141,0.617,0,,0.617,全国,76,12,,,,37,,,,46,0.696,45,0.511,,
4504,前田将太,117,0.487,4,,0.487,全国,60,21,0.333,○,,36,,,,36,0.444,42,0.476,,
4505,島田賢人,118,0.483,0,,0.483,全国,51,12,,,,35,,,,36,0.444,38,0.395,,
4506,稗田聖也,118,0.542,0,,0.542,全国,55,21,0.476,○,,33,,,,39,0.538,39,0.436,,
4508,野間大樹,99,0.444,12,,0.444,全国,30,15,,,,31,,,,33,0.364,33,0.545,,
4509,平見真彦,120,0.5,7,,0.5,全国,50,24,0.5,○,,40,0.075,0.25,○,34,0.471,43,0.395,,
4510,坂本奈央,60,0.1,4,,0.1,全国,15,13,,,,15,,,,19,0.105,17,0.0,●,●
4511,中岡健人,113,0.327,5,,0.327,全国,31,18,,,,33,,,,38,0.316,33,0.182,●,
4512,高野哲史,151,0.477,0,,0.477,全国,74,10,,,,41,0.073,0.244,○,50,0.42,51,0.314,,
4513,河野真也,125,0.44,4,,0.44,全国,54,17,,,,40,0.025,0.2,○,41,0.439,44,0.273,,
4514,上條嘉嗣,123,0.537,3,,0.537,全国,70,18,,,,36,,,,38,0.474,47,0.468,,
4515,藤田浩人,139,0.396,0,,0.396,全国,59,20,0.45,○,,48,0.042,0.188,○,48,0.438,44,0.273,,
4516,野口勝弘,120,0.517,0,,0.517,全国,51,20,0.55,○,,29,,,,35,0.543,38,0.368,,
4518,大須賀友,110,0.5,0,,0.5,全国,53,14,,,,33,,,,33,0.545,44,0.341,,
4519,清水沙樹,55,0.345,12,,0.345,全国,18,8,,,,13,,,,19,0.316,15,0.133,●,
4520,高倉孝太,115,0.417,0,,0.417,全国,42,22,0.409,○,,34,,,,39,0.41,45,0.378,,
4521,小池公生,110,0.345,8,,0.345,全国,42,22,0.455,○,,32,,,,37,0.405,37,0.297,,
4522,古澤光紀,113,0.389,0,,0.389,全国,56,12,,,,38,,,,37,0.405,40,0.25,,
4523,中村辰也,115,0.461,0,,0.461,全国,45,21,0.476,○,,35,,,,40,0.45,37,0.378,,
4524,深谷知博,123,0.415,0,,0.415,全国,55,12,,,,33,,,,45,0.444,38,0.342,,
4525,真子奈津実,88,0.261,0,,0.261,全国,27,14,,,,20,,,,37,0.324,22,0.136,●,
4526,池田雄祐,111,0.351,0,,0.351,全国,39,14,,,,31,,,,39,0.282,38,0.263,,
4527,高野心吾,99,0.222,0,,0.222,全国,26,15,,,,25,,,,37,0.135,24,0.125,●,●
4528,黒井達矢,119,0.546,0,,0.546,全国,44,11,,,,31,,,,43,0.558,38,0.605,,
4529,嶋義信,115,0.452,3,,0.452,全国,47,13,,,,37,,,,39,0.41,40,0.35,,
4530,小野生奈,110,0.555,0,,0.555,全国,63,15,,,,32,,,,35,0.571,38,0.421,,
4531,武富智亮,140,0.5,0,,0.5,全国,59,18,,,,46,0.13,0.217,○,49,0.653,43,0.395,,
4532,秋元哲,110,0.564,0,,0.564,全国,58,16,,,,29,,,,38,0.553,42,0.548,,
4533,峰重侑治,89,0.337,0,,0.337,全国,23,12,,,,29,,,,29,0.138,30,0.3,,●
4534,坂咲友理,70,0.2,0,,0.2,全国,22,16,,,,13,,,,28,0.214,16,0.125,●,●
4535,北山康介,99,0.566,8,,0.566,全国,48,14,,,,43,0.163,0.256,○,25,0.56,41,0.488,,
4536,喜井つかさ,133,0.496,4,,0.496,全国,55,23,0.478,○,,34,,,,42,0.548,42,0.31,,
4537,渡邉和将,132,0.545,0,,0.545,全国,60,11,,,,40,0.05,0.35,○,45,0.511,46,0.543,,
4538,笠置博之,124,0.54,0,,0.54,全国,36,20,,,,45,0.111,0.111,○,27,0.593,36,0.444,,
4539,金子賢志,133,0.414,0,,0.414,全国,51,9,,,,44,0.045,0.182,○,41,0.366,47,0.34,,
4540,相原利章,112,0.375,5,,0.375,全国,44,23,0.261,○,飛ぶ型,40,0.025,0.275,○,34,0.265,38,0.316,,
4543,重木輝彦,122,0.549,4,,0.549,全国,61,15,,,,31,,,,38,0.526,41,0.488,,
4544,松田大志郎,127,0.693,0,,0.693,全国,79,17,,,,36,,,,44,0.705,45,0.622,,
4545,岡村慶太,130,0.585,0,,0.585,全国,66,9,,,,45,0.133,0.333,○,38,0.579,46,0.565,,
4546,浜田亜理沙,89,0.573,3,,0.573,全国,41,12,,,,26,,,,29,0.655,28,0.429,,
4547,中田竜太,130,0.508,0,,0.508,全国,56,28,0.464,○,,39,,,,39,0.462,43,0.372,,
4548,篠木亜衣花,61,0.098,5,,0.098,全国,16,13,,,,21,,,,21,0.143,20,0.0,●,●
4549,小林文彦,119,0.437,0,,0.437,全国,42,22,0.5,○,,33,,,,39,0.41,37,0.351,,
4550,石岡将太,111,0.369,16,,0.369,全国,38,23,,,,28,,,,41,0.317,29,0.379,,
4551,三川昂暁,135,0.474,4,,0.474,全国,51,26,0.423,○,,45,0.089,0.267,○,42,0.405,46,0.435,,
4552,杉山勝匡,121,0.38,5,,0.38,全国,33,15,,,,46,0.043,0.13,○,36,0.361,35,0.314,,
4553,坪口竜也,118,0.475,0,,0.475,全国,41,11,,,,33,,,,46,0.565,29,0.276,,
4555,富永大一,110,0.427,0,,0.427,全国,44,20,0.45,○,,39,,,,30,0.567,39,0.333,,
4556,竹井奈美,96,0.49,0,,0.49,全国,55,14,,,,27,,,,29,0.517,27,0.333,,
4557,松尾光広,104,0.231,0,,0.231,全国,30,21,,,,39,,,,29,0.138,38,0.211,●,●
4558,宮野仁,94,0.234,0,,0.234,全国,22,13,,,,29,,,,37,0.297,28,0.071,●,
4560,庄司樹良々,107,0.477,0,,0.477,全国,38,17,,,,35,,,,36,0.389,32,0.375,,
4561,藤山翔大,103,0.398,4,,0.398,全国,40,17,,,,31,,,,37,0.297,47,0.277,,
4562,阪本勇介,133,0.316,4,,0.316,全国,33,26,,,,36,,,,44,0.318,33,0.182,●,
4563,齋藤真之,94,0.202,7,,0.202,全国,23,8,,,,24,,,,34,0.294,24,0.083,●,
4564,山本景士郎,118,0.297,10,,0.297,全国,36,26,,,,33,,,,39,0.205,33,0.061,●,●
4565,西村豪洋,119,0.244,9,,0.244,全国,32,20,,,,35,,,,42,0.31,32,0.156,●,
4566,塩田北斗,124,0.419,0,,0.419,全国,49,12,,,,34,,,,39,0.513,45,0.356,,
4567,上村慎太郎,79,0.228,4,,0.228,全国,25,17,,,,20,,,,30,0.133,19,0.211,●,●
4568,廣瀬真也,110,0.364,17,,0.364,全国,38,12,,,,42,0.048,0.143,○,37,0.351,36,0.25,,
4569,中澤宏奈,88,0.318,0,,0.318,全国,24,15,,,,34,,,,31,0.452,31,0.161,●,
4570,前田聖文,122,0.525,0,,0.525,全国,54,23,0.391,○,,39,,,,33,0.455,46,0.391,,
4571,菅章哉,137,0.416,0,,0.416,全国,40,18,,,,80,0.05,0.05,○,39,0.513,45,0.244,●,
4572,渡部悟,126,0.429,0,,0.429,全国,49,22,0.318,○,,46,0.174,0.239,○,41,0.439,43,0.395,,
4573,佐藤翼,117,0.462,0,,0.462,全国,44,14,,,,41,0.098,0.171,○,31,0.548,44,0.295,,
4574,東潤樹,120,0.375,7,,0.375,全国,40,18,,,,29,,,,40,0.375,35,0.314,,
4575,戸塚邦好,111,0.532,24,,0.532,全国,39,10,,,,31,,,,38,0.5,28,0.464,,
4578,藤山雅弘,114,0.377,0,,0.377,全国,49,16,,,,37,,,,42,0.357,36,0.222,●,
4579,中嶋健一郎,125,0.424,4,,0.424,全国,56,16,,,,32,,,,41,0.537,40,0.4,,
4580,長谷川雅和,126,0.421,0,,0.421,全国,40,15,,,,42,0.071,0.143,○,38,0.526,45,0.267,,
4581,吉村誠,146,0.438,0,,0.438,全国,62,22,0.455,○,,46,0.109,0.196,○,47,0.511,48,0.354,,
4583,古田祐貴,130,0.377,15,,0.377,全国,47,21,0.571,○,,50,0.04,0.24,○,40,0.4,46,0.283,,
4584,村岡賢人,122,0.574,0,,0.574,全国,60,22,0.636,○,残す型,40,0.2,0.3,○,40,0.65,46,0.565,,
4586,磯部誠,133,0.556,9,,0.556,全国,52,16,,,,42,0.095,0.262,○,44,0.591,40,0.475,,
4587,木田峰由季,119,0.437,0,,0.437,全国,53,17,,,,38,,,,36,0.556,41,0.244,●,
4588,田中京介,151,0.377,0,,0.377,全国,54,21,0.476,○,,45,0.022,0.067,○,48,0.354,45,0.178,●,
4589,塩崎桐加,99,0.374,0,,0.374,全国,30,13,,,,27,,,,32,0.375,31,0.29,,
4590,渡邉優美,123,0.463,3,,0.463,全国,58,23,0.609,○,,39,,,,40,0.375,40,0.4,,
4592,小林孝弘,103,0.272,0,,0.272,全国,28,21,,,,23,,,,38,0.263,24,0.167,●,
4593,小坂宗司,126,0.476,0,,0.476,全国,48,21,0.524,○,,37,,,,43,0.442,41,0.463,,
4594,谷川祐一,112,0.491,0,,0.491,全国,43,13,,,,17,,,,41,0.415,39,0.41,,
4596,葛原大陽,128,0.477,0,,0.477,全国,55,22,0.5,○,,43,0.116,0.302,○,42,0.5,44,0.455,,
4598,加藤政彦,127,0.386,35,0.343,0.343,当地,47,21,0.571,○,,40,0.025,0.15,○,39,0.41,40,0.175,●,
4600,井内将太郎,110,0.5,0,,0.5,全国,49,16,,,,31,,,,35,0.486,40,0.375,,
4601,森野正弘,138,0.551,3,,0.551,全国,65,21,0.619,○,残す型,43,0.14,0.209,○,37,0.541,43,0.419,,
4603,谷川将太,118,0.381,8,,0.381,全国,38,9,,,,36,,,,38,0.5,35,0.171,●,
4604,岩瀬裕亮,139,0.532,12,,0.532,全国,59,8,,,,38,,,,47,0.532,43,0.512,,
4607,鶴田勇雄,146,0.445,4,,0.445,全国,58,27,0.444,○,,48,0.042,0.167,○,46,0.457,48,0.292,,
4608,荒井翔伍,123,0.415,16,,0.415,全国,54,24,0.542,○,,36,,,,39,0.41,39,0.231,●,
4610,佐藤大佑,138,0.471,26,0.5,0.5,当地,52,18,,,,42,0.143,0.071,○,43,0.488,40,0.325,,
4611,今井美亜,125,0.4,0,,0.4,全国,51,13,,,,36,,,,43,0.395,38,0.316,,
4614,石倉洋行,125,0.6,19,,0.6,全国,65,17,,,,40,0.05,0.3,○,39,0.615,46,0.457,,
4615,板倉敦史,99,0.293,14,,0.293,全国,24,16,,,,24,,,,38,0.342,23,0.13,●,
4618,乃村康友,102,0.441,0,,0.441,全国,25,15,,,,30,,,,35,0.429,32,0.375,,
4619,伏田裕隆,147,0.442,16,,0.442,全国,24,13,,,,75,0.053,0.107,○,45,0.422,37,0.324,,
4623,中北将史,129,0.256,15,,0.256,全国,40,20,0.35,○,,30,,,,48,0.229,38,0.132,●,●
4624,高田明,126,0.429,13,,0.429,全国,50,14,,,,37,,,,46,0.478,44,0.227,●,
4625,渡邊裕貴,100,0.29,4,,0.29,全国,28,9,,,,27,,,,38,0.263,23,0.217,●,
4626,伊藤紘章,94,0.351,2,,0.351,全国,26,16,,,,26,,,,36,0.5,21,0.238,●,
4627,藤原菜希,105,0.495,2,,0.495,全国,45,18,,,,30,,,,34,0.5,33,0.333,,
4630,岩永雅人,112,0.402,0,,0.402,全国,44,22,0.5,○,,40,0.1,0.15,○,30,0.4,45,0.267,,
4631,新井英孝,105,0.343,0,,0.343,全国,29,15,,,,29,,,,35,0.343,30,0.2,●,
4632,長尾京志郎,91,0.352,13,,0.352,全国,23,15,,,,27,,,,32,0.344,24,0.167,●,
4633,森智也,117,0.427,3,,0.427,全国,46,21,0.524,○,,38,,,,37,0.459,40,0.3,,
4635,峰重力也,98,0.398,0,,0.398,全国,34,12,,,,35,,,,30,0.333,36,0.333,,
4636,赤池修平,95,0.211,3,,0.211,全国,26,19,,,,31,,,,31,0.097,27,0.259,,●
4637,中田友也,100,0.38,8,,0.38,全国,34,13,,,,30,,,,29,0.31,32,0.281,,
4638,小林遼太,110,0.336,0,,0.336,全国,33,18,,,,33,,,,37,0.405,31,0.161,●,
4639,雑賀勇貴,113,0.195,0,,0.195,全国,30,15,,,,22,,,,41,0.146,25,0.12,●,●
4640,山ノ内雅人,141,0.44,4,,0.44,全国,59,25,0.64,○,残す型,42,0.095,0.238,○,50,0.46,42,0.357,,
4641,磯村匠,84,0.357,6,,0.357,全国,20,9,,,,24,,,,28,0.286,26,0.346,,
4642,松尾夏海,123,0.577,0,,0.577,全国,60,13,,,,32,,,,42,0.667,36,0.528,,
4643,近江翔吾,114,0.491,0,,0.491,全国,51,10,,,,34,,,,36,0.444,38,0.421,,
4644,山田亮太,125,0.568,20,,0.568,全国,48,16,,,,31,,,,38,0.658,30,0.5,,
4645,上村純一,129,0.473,17,,0.473,全国,61,15,,,,49,0.122,0.265,○,39,0.462,47,0.404,,
4648,木村亮太,87,0.368,0,,0.368,全国,25,15,,,,26,,,,32,0.375,24,0.292,,
4649,和田操拓,142,0.345,13,,0.345,全国,50,23,0.522,○,,48,0.042,0.167,○,41,0.341,45,0.2,●,
4650,中山雄太,56,0.375,3,,0.375,全国,21,13,,,,17,,,,17,0.353,16,0.25,,
4651,佐藤大騎,100,0.19,8,,0.19,全国,22,14,,,,29,,,,31,0.226,33,0.152,●,●
4652,酒見峻介,104,0.327,11,,0.327,全国,34,21,,,,30,,,,33,0.364,35,0.143,●,
4653,小野達哉,85,0.518,4,,0.518,全国,48,8,,,,29,,,,26,0.5,30,0.433,,
4654,篠田優也,120,0.508,0,,0.508,全国,55,19,,,,33,,,,31,0.484,40,0.375,,
4656,大崎翔,108,0.398,11,,0.398,全国,33,18,,,,29,,,,39,0.385,28,0.321,,
4659,木下翔太,135,0.563,0,,0.563,全国,69,19,,,,33,,,,44,0.432,42,0.524,,
4660,宇田川信一,90,0.267,14,,0.267,全国,21,15,,,,27,,,,30,0.4,23,0.13,●,
4661,中島昂章,111,0.405,5,,0.405,全国,37,23,,,,30,,,,42,0.5,31,0.226,●,
4663,籾山佳岳,45,0.467,0,,0.467,全国,15,6,,,,15,,,,16,0.375,14,,,
4664,東口晃,80,0.225,4,,0.225,全国,19,15,,,,19,,,,29,0.276,19,0.158,●,
4665,加藤啓太,115,0.296,8,,0.296,全国,26,21,,,,31,,,,40,0.25,31,0.226,●,
4666,日笠勝弘,78,0.295,0,,0.295,全国,18,9,,,,25,,,,29,0.241,21,0.19,●,●
4669,井上茂,99,0.253,5,,0.253,全国,23,15,,,,26,,,,40,0.3,23,0.13,●,
4672,守屋大地,113,0.283,0,,0.283,全国,30,27,,,,26,,,,41,0.22,26,0.269,,●
4674,池田剛規,135,0.437,4,,0.437,全国,52,21,0.476,○,,42,0.143,0.238,○,42,0.31,46,0.413,,
4675,井手良太,94,0.479,3,,0.479,全国,33,17,,,,31,,,,34,0.471,30,0.433,,
4676,後藤隼之,106,0.415,0,,0.415,全国,42,22,0.318,○,,26,,,,37,0.351,36,0.389,,
4677,片橋幸貴,108,0.528,9,,0.528,全国,46,21,0.429,○,,31,,,,37,0.649,34,0.382,,
4678,水野望美,97,0.268,0,,0.268,全国,31,13,,,,23,,,,41,0.268,26,0.192,●,
4679,植田太一,134,0.403,9,,0.403,全国,60,20,0.4,○,,37,,,,47,0.404,38,0.211,●,
4680,後藤美翼,112,0.464,5,,0.464,全国,47,30,0.4,○,,29,,,,41,0.39,35,0.4,,
4681,太田潮,65,0.169,0,,0.169,全国,19,13,,,,22,,,,22,0.227,20,0.0,●,●
4682,大上卓人,137,0.445,8,,0.445,全国,55,10,,,,34,,,,45,0.422,41,0.366,,
4683,向井田直弥,96,0.25,2,,0.25,全国,0,0,,,,51,0.078,0.039,○,25,0.2,34,0.147,●,●
4684,楠原翔太,113,0.345,4,,0.345,全国,45,16,,,,41,0.098,0.22,○,31,0.323,40,0.25,,
4685,島村隆幸,120,0.667,8,,0.667,全国,68,13,,,,40,0.125,0.3,○,37,0.595,45,0.6,,
4686,丸野一樹,117,0.479,0,,0.479,全国,49,10,,,,35,,,,38,0.605,38,0.316,,
4688,永井彪也,129,0.488,17,,0.488,全国,56,15,,,,41,0.073,0.22,○,42,0.476,41,0.366,,
4689,豊田結,108,0.306,0,,0.306,全国,41,25,0.36,○,,34,,,,35,0.286,33,0.152,●,
4690,高石梨菜,28,0.393,0,,0.393,全国,7,3,,,,8,,,,12,,9,,,
4691,水原慎,69,0.29,0,,0.29,全国,19,10,,,,18,,,,24,0.375,17,0.118,●,
4692,酒井俊弘,116,0.397,7,,0.397,全国,33,23,,,,48,0.125,0.125,○,36,0.333,36,0.389,,
4693,松下誉士,117,0.308,10,,0.308,全国,31,25,,,,34,,,,41,0.341,28,0.25,,
4694,高田綾,100,0.34,14,,0.34,全国,28,21,,,,26,,,,37,0.351,27,0.222,●,
4695,尾崎雄二,115,0.374,0,,0.374,全国,36,16,,,,33,,,,41,0.268,29,0.241,●,
4697,國弘翔平,109,0.239,5,,0.239,全国,32,21,,,,31,,,,36,0.222,31,0.161,●,●
4700,金子和之,114,0.509,0,,0.509,全国,44,17,,,,35,,,,34,0.588,35,0.343,,
4702,三浦敬太,115,0.53,0,,0.53,全国,49,14,,,,39,,,,34,0.588,41,0.463,,
4703,森永隆,124,0.516,0,,0.516,全国,56,22,0.455,○,,27,,,,42,0.476,34,0.441,,
4704,河野大,144,0.507,4,,0.507,全国,59,20,0.45,○,,49,0.143,0.184,○,49,0.531,43,0.349,,
4705,吉川勇作,102,0.137,13,,0.137,全国,25,12,,,,37,,,,36,0.083,29,0.069,●,●
4706,三浦洋次朗,134,0.425,5,,0.425,全国,52,25,0.48,○,,38,,,,48,0.479,45,0.289,,
4708,半田尚也,102,0.275,0,,0.275,全国,26,16,,,,22,,,,33,0.242,26,0.385,,●
4709,岡村将也,122,0.492,0,,0.492,全国,47,27,0.481,○,,42,0.024,0.286,○,35,0.543,41,0.268,,
4710,福田宗平,128,0.492,0,,0.492,全国,57,20,0.45,○,,42,0.071,0.238,○,45,0.533,45,0.378,,
4711,前出達吉,125,0.504,10,,0.504,全国,43,22,0.591,○,,33,,,,40,0.45,39,0.385,,
4713,白神優,152,0.533,2,,0.533,全国,65,15,,,,49,0.122,0.286,○,50,0.48,56,0.464,,
4714,喜多須杏奈,104,0.375,0,,0.375,全国,29,17,,,,29,,,,32,0.281,35,0.257,,
4715,村上遼,109,0.55,0,,0.55,全国,46,19,,,,36,,,,33,0.545,40,0.525,,
4718,北川太一,113,0.504,8,,0.504,全国,46,21,0.333,○,,36,,,,33,0.545,43,0.442,,
4719,上條暢嵩,125,0.448,0,,0.448,全国,66,8,,,,38,,,,41,0.39,44,0.318,,
4720,西澤日花里,96,0.229,0,,0.229,全国,25,19,,,,30,,,,32,0.188,30,0.167,●,●
4723,寺島吉彦,112,0.321,14,,0.321,全国,27,19,,,,59,0.085,0.034,○,39,0.41,36,0.194,●,
4724,吉田祐貴,81,0.123,9,,0.123,全国,18,14,,,,23,,,,26,0.154,19,0.105,●,●
4725,佐竹太一,112,0.357,12,,0.357,全国,32,18,,,,33,,,,42,0.31,29,0.276,,
4726,島田なぎさ,28,0.286,0,,0.286,全国,8,6,,,,8,,,,9,,7,,,
4727,安部慎一,104,0.279,0,,0.279,全国,26,15,,,,24,,,,40,0.2,25,0.2,●,●
4728,山口亮,96,0.271,18,,0.271,全国,30,16,,,,31,,,,32,0.219,29,0.138,●,●
4729,佐藤謙史朗,86,0.256,8,,0.256,全国,24,17,,,,23,,,,28,0.286,25,0.16,●,
4730,土屋実沙希,99,0.323,0,,0.323,全国,33,20,,,,24,,,,34,0.294,30,0.3,,
4731,間野兼礼,96,0.302,0,,0.302,全国,25,12,,,,24,,,,36,0.333,28,0.214,●,
4732,堀本和也,134,0.5,0,,0.5,全国,65,17,,,,34,,,,49,0.571,47,0.447,,
4733,赤井睦,92,0.337,0,,0.337,全国,25,11,,,,32,,,,29,0.31,25,0.08,●,
4734,安河内将,126,0.54,0,,0.54,全国,64,20,0.5,○,,37,,,,37,0.514,48,0.438,,
4735,角山雄哉,102,0.363,14,,0.363,全国,29,14,,,,27,,,,34,0.441,28,0.179,●,
4736,高倉和士,135,0.6,0,,0.6,全国,65,18,,,,43,0.163,0.233,○,45,0.578,44,0.477,,
4737,竹井貴史,125,0.656,5,,0.656,全国,70,21,0.429,○,,40,0.3,0.275,○,39,0.641,43,0.605,,
4738,清埜翔子,138,0.348,8,,0.348,全国,59,17,,,,46,0.022,0.152,○,42,0.333,48,0.167,●,
4739,中村晃朋,127,0.528,1,,0.528,全国,59,21,0.619,○,残す型,38,,,,41,0.463,48,0.583,,
4740,齋藤達希,100,0.25,4,,0.25,全国,28,17,,,,28,,,,39,0.256,29,0.103,●,
4743,木村仁紀,151,0.53,0,,0.53,全国,68,23,0.522,○,,46,0.13,0.326,○,47,0.511,48,0.479,,
4744,伊藤玲奈,88,0.295,0,,0.295,全国,23,16,,,,26,,,,30,0.233,26,0.115,●,●
4746,大豆生田蒼,89,0.438,3,,0.438,全国,32,10,,,,29,,,,28,0.5,27,0.148,●,
4747,山戸信二,89,0.191,0,,0.191,全国,23,16,,,,29,,,,30,0.1,27,0.074,●,●
4748,渡邉雄朗,120,0.533,34,0.471,0.471,当地,57,20,0.25,○,飛ぶ型,39,,,,40,0.475,42,0.524,,
4750,井上尚悟,110,0.309,11,,0.309,全国,28,17,,,,23,,,,41,0.244,22,0.227,●,●
4752,西尾亮輔,107,0.29,16,,0.29,全国,24,17,,,,25,,,,39,0.308,25,0.12,●,
4753,森照夫,66,0.242,0,,0.242,全国,18,9,,,,28,,,,20,0.3,25,0.2,●,
4754,松尾充,122,0.508,0,,0.508,全国,49,13,,,,31,,,,36,0.583,36,0.444,,
4757,山田祐也,126,0.556,0,,0.556,全国,64,18,,,,36,,,,38,0.711,45,0.467,,
4758,富樫麗加,40,0.45,0,,0.45,全国,12,3,,,,13,,,,13,,12,,,
4759,今泉友吾,125,0.608,0,,0.608,全国,59,12,,,,48,0.188,0.271,○,39,0.615,47,0.468,,
4760,山崎郡,150,0.553,0,,0.553,全国,76,12,,,,41,0.171,0.244,○,52,0.577,49,0.469,,
4761,山田晃大,134,0.351,4,,0.351,全国,56,18,,,,47,0.064,0.149,○,39,0.308,47,0.213,●,
4762,藤原啓史朗,123,0.537,0,,0.537,全国,69,14,,,,45,0.067,0.289,○,38,0.579,48,0.458,,
4764,小池礼乃,100,0.26,0,,0.26,全国,34,13,,,,29,,,,33,0.273,29,0.172,●,
4765,野田部宏子,97,0.206,0,,0.206,全国,29,17,,,,32,,,,31,0.355,30,0.1,●,
4766,石井孝之,85,0.365,0,,0.365,全国,17,12,,,,27,,,,31,0.387,26,0.154,●,
4769,馬場剛,135,0.519,27,0.556,0.556,当地,58,22,0.591,○,,40,0.05,0.275,○,44,0.523,43,0.419,,
4771,下寺秀和,128,0.516,0,,0.516,全国,73,15,,,,35,,,,43,0.512,39,0.385,,
4772,石丸海渡,121,0.504,0,,0.504,全国,55,14,,,,39,,,,34,0.471,41,0.366,,
4773,中川りな,128,0.445,5,,0.445,全国,59,22,0.409,○,,38,,,,42,0.357,38,0.421,,
4775,千葉真弥,85,0.435,5,,0.435,全国,38,14,,,,27,,,,27,0.444,27,0.185,●,
4776,竹田和哉,138,0.507,4,,0.507,全国,73,15,,,,42,0.071,0.262,○,49,0.571,46,0.391,,
4778,堤啓輔,74,0.392,2,,0.392,全国,33,18,,,,21,,,,28,0.464,28,0.286,,
4779,伊倉光,99,0.374,0,,0.374,全国,30,16,,,,24,,,,31,0.387,27,0.222,●,
4781,西舘果里,35,0.143,5,,0.143,全国,8,5,,,,9,,,,12,,8,,,
4782,浜崎準也,88,0.239,0,,0.239,全国,23,13,,,,26,,,,30,0.2,27,0.185,●,●
4784,向井田真紀,74,0.257,0,,0.257,全国,21,14,,,,23,,,,27,0.259,24,0.167,●,
4785,木幡純也,100,0.32,0,,0.32,全国,25,22,,,,29,,,,34,0.412,29,0.172,●,
4786,佐藤博亮,143,0.601,0,,0.601,全国,68,22,0.636,○,残す型,47,0.234,0.128,○,45,0.511,50,0.46,,
4787,椎名豊,124,0.581,4,,0.581,全国,62,13,,,,33,,,,39,0.641,41,0.463,,
4788,小池哲也,136,0.522,0,,0.522,全国,56,25,0.44,○,,30,,,,53,0.585,36,0.333,,
4789,古賀智之,113,0.381,3,,0.381,全国,40,19,,,,35,,,,38,0.342,33,0.242,●,
4790,柳内敬太,131,0.519,5,,0.519,全国,57,15,,,,44,0.068,0.227,○,37,0.486,45,0.311,,
4791,黒澤めぐみ,109,0.422,4,,0.422,全国,39,26,,,,40,0.05,0.15,○,35,0.571,38,0.211,●,
4792,杉村賢也,70,0.3,1,,0.3,全国,22,15,,,,20,,,,25,0.28,24,0.125,●,
4793,金子萌,136,0.507,4,,0.507,全国,50,16,,,,46,0.13,0.13,○,48,0.625,44,0.25,,
4794,和田拓也,108,0.546,0,,0.546,全国,48,7,,,,32,,,,29,0.655,37,0.405,,
4796,春園功太,128,0.438,0,,0.438,全国,59,14,,,,42,0.048,0.19,○,51,0.373,47,0.298,,
4797,中山将,122,0.525,0,,0.525,全国,35,9,,,,49,0.143,0.204,○,35,0.457,44,0.455,,
4798,浜先真範,132,0.47,0,,0.47,全国,62,18,,,,39,,,,41,0.512,43,0.349,,
4803,飯田庄吾,93,0.247,3,,0.247,全国,26,20,,,,28,,,,35,0.257,26,0.115,●,
4804,高田ひかる,123,0.439,4,,0.439,全国,57,19,,,,37,,,,35,0.429,42,0.286,,
4808,松尾拓,134,0.448,3,,0.448,全国,48,12,,,,40,0.075,0.2,○,44,0.568,46,0.304,,
4809,外崎悟,108,0.481,13,,0.481,全国,40,16,,,,35,,,,29,0.483,39,0.436,,
4811,向井田佑紀,125,0.352,4,,0.352,全国,33,19,,,,28,,,,45,0.467,35,0.229,●,
4812,西野雄貴,113,0.646,0,,0.646,全国,61,10,,,,32,,,,37,0.676,40,0.525,,
4813,宮内直哉,91,0.286,13,,0.286,全国,29,23,,,,27,,,,30,0.2,28,0.286,,●
4815,伏島祐介,91,0.297,8,,0.297,全国,25,15,,,,40,0.05,0.125,○,29,0.31,31,0.194,●,
4816,村松修二,126,0.413,0,,0.413,全国,45,15,,,,37,,,,46,0.391,36,0.361,,
4817,渡邉翼,97,0.485,0,,0.485,全国,48,12,,,,33,,,,28,0.571,35,0.257,,
4818,伏見俊介,68,0.221,0,,0.221,全国,4,3,,,,38,,,,17,0.118,29,0.103,●,●
4819,蜂須瑞生,106,0.368,0,,0.368,全国,40,18,,,,39,,,,33,0.364,40,0.25,,
4821,妻鳥晋也,117,0.453,6,,0.453,全国,28,16,,,,29,,,,47,0.404,27,0.296,,
4822,百武翔,130,0.454,0,,0.454,全国,53,18,,,,40,0.05,0.25,○,41,0.561,46,0.348,,
4823,中村桃佳,113,0.504,0,,0.504,全国,46,15,,,,36,,,,42,0.429,37,0.405,,
4824,松井洪弥,135,0.437,13,,0.437,全国,56,18,,,,45,0.089,0.2,○,43,0.512,47,0.319,,
4825,倉持莉々,111,0.595,9,,0.595,全国,57,16,,,,29,,,,39,0.538,38,0.553,,
4826,井上一輝,134,0.537,14,,0.537,全国,73,13,,,,45,0.156,0.222,○,43,0.558,51,0.51,,
4828,松山将吾,116,0.474,4,,0.474,全国,51,23,0.478,○,,46,0.087,0.239,○,30,0.5,47,0.383,,
4831,羽野直也,106,0.528,0,,0.528,全国,44,12,,,,31,,,,38,0.447,33,0.424,,
4832,権藤俊光,131,0.58,10,,0.58,全国,62,18,,,,39,,,,43,0.558,39,0.538,,
4834,浜本裕己,139,0.424,4,,0.424,全国,59,17,,,,36,,,,42,0.405,43,0.233,●,
4835,橋本明,123,0.309,0,,0.309,全国,35,19,,,,38,,,,42,0.286,34,0.235,●,
4836,大谷健太,97,0.351,0,,0.351,全国,27,14,,,,35,,,,34,0.294,30,0.3,,
4837,酒井陽祐,106,0.358,5,,0.358,全国,27,15,,,,27,,,,39,0.333,29,0.172,●,
4839,四宮与寛,118,0.449,2,,0.449,全国,48,23,0.391,○,,35,,,,33,0.545,36,0.333,,
4840,鈴木秀茉,120,0.308,5,,0.308,全国,32,23,,,,33,,,,39,0.359,33,0.273,,
4842,山下昂大,117,0.419,4,,0.419,全国,44,16,,,,42,0.071,0.143,○,38,0.474,38,0.263,,
4843,深尾巴恵,82,0.329,0,,0.329,全国,21,9,,,,27,,,,28,0.393,28,0.214,●,
4844,村上奈穂,117,0.162,0,,0.162,全国,35,22,,,,31,,,,41,0.22,32,0.094,●,●
4845,前田紗希,95,0.558,5,,0.558,全国,41,16,,,,29,,,,26,0.577,32,0.406,,
4846,佐藤駿介,107,0.243,4,,0.243,全国,28,16,,,,34,,,,34,0.353,31,0.032,●,
4847,佐藤隆太郎,108,0.426,11,,0.426,全国,50,14,,,,35,,,,38,0.474,36,0.361,,
4848,仲谷颯仁,121,0.504,0,,0.504,全国,58,15,,,,34,,,,42,0.524,40,0.425,,
4850,野中一平,131,0.473,4,,0.473,全国,56,11,,,,30,,,,43,0.512,38,0.395,,
4851,関浩哉,124,0.524,0,,0.524,全国,50,13,,,,46,0.13,0.196,○,43,0.512,41,0.439,,
4852,川原祐明,141,0.624,3,,0.624,全国,75,17,,,,44,0.091,0.341,○,51,0.686,47,0.468,,
4853,前原哉,88,0.159,0,,0.159,全国,28,18,,,,26,,,,29,0.207,29,0.069,●,●
4854,大橋由珠,62,0.274,7,,0.274,全国,16,13,,,,20,,,,20,0.3,20,0.2,●,
4856,豊田健士郎,156,0.59,0,,0.59,全国,68,19,,,,47,0.149,0.277,○,49,0.653,54,0.537,,
4857,加藤翔馬,115,0.574,4,,0.574,全国,49,13,,,,36,,,,38,0.553,39,0.436,,
4861,田中宏樹,119,0.42,4,,0.42,全国,35,14,,,,43,0.047,0.209,○,40,0.45,32,0.312,,
4863,三浦裕貴,89,0.27,0,,0.27,全国,23,14,,,,38,,,,29,0.345,32,0.188,●,
4864,小川日紀太,94,0.277,0,,0.277,全国,28,16,,,,22,,,,35,0.371,26,0.115,●,
4865,立具敬司,53,0.321,6,,0.321,全国,15,6,,,,21,,,,16,0.25,20,0.3,,
4866,橋本英一,89,0.292,2,,0.292,全国,19,12,,,,26,,,,30,0.3,25,0.12,●,
4871,菊池宏志,93,0.269,10,,0.269,全国,28,16,,,,33,,,,33,0.273,32,0.188,●,
4872,山下流心,113,0.265,8,,0.265,全国,33,17,,,,26,,,,36,0.25,37,0.162,●,
4873,蒲原健太,124,0.298,5,,0.298,全国,51,29,0.414,○,,34,,,,46,0.37,44,0.205,●,
4874,池田奈津美,6,,0,,,全国,33,24,,,,0,,,,28,0.393,28,0.429,,
4875,大塚康雅,107,0.318,23,,0.318,全国,35,25,,,,34,,,,31,0.419,33,0.152,●,
4876,梅木敬太,124,0.347,0,,0.347,全国,33,10,,,,42,0.095,0.095,○,39,0.308,34,0.176,●,
4877,鈴谷一平,122,0.418,0,,0.418,全国,56,16,,,,32,,,,39,0.333,38,0.342,,
4878,西岡育未,81,0.198,0,,0.198,全国,26,20,,,,21,,,,26,0.231,23,0.043,●,●
4879,山崎鉄平,113,0.301,10,,0.301,全国,30,20,,,,42,0.119,0.119,○,36,0.389,37,0.216,●,
4880,澤崎雄哉,108,0.389,11,,0.389,全国,26,20,,,,31,,,,37,0.27,31,0.29,,
4882,瀧川千依,65,0.185,0,,0.185,全国,14,8,,,,25,,,,26,0.115,20,0.15,●,●
4883,岡部大輝,109,0.514,0,,0.514,全国,35,12,,,,25,,,,35,0.629,32,0.375,,
4884,勝浦真帆,46,0.304,0,,0.304,全国,21,7,,,,13,,,,15,0.333,15,0.2,●,
4885,大山千広,78,0.577,0,,0.577,全国,45,11,,,,23,,,,26,0.538,26,0.385,,
4886,入海馨,126,0.556,3,,0.556,全国,40,12,,,,44,0.114,0.341,○,36,0.583,42,0.5,,
4887,富澤祐作,103,0.359,0,,0.359,全国,32,13,,,,34,,,,35,0.343,31,0.258,,
4888,金児隆太,104,0.346,8,,0.346,全国,37,20,,,,22,,,,41,0.317,31,0.355,,
4889,後藤盛也,76,0.211,9,,0.211,全国,25,12,,,,28,,,,26,0.269,27,0.111,●,
4890,石川諒,121,0.496,0,,0.496,全国,40,18,,,,41,0.049,0.244,○,40,0.45,38,0.316,,
4891,寺島美里,104,0.298,9,,0.298,全国,29,16,,,,31,,,,39,0.359,29,0.241,●,
4892,柴田直哉,121,0.339,0,,0.339,全国,31,16,,,,36,,,,43,0.256,32,0.25,,
4893,渡邉真奈美,95,0.326,7,,0.326,全国,33,19,,,,29,,,,33,0.455,29,0.069,●,
4894,原村拓也,129,0.318,8,,0.318,全国,33,17,,,,32,,,,42,0.286,32,0.219,●,
4895,門間雄大,113,0.425,6,,0.425,全国,34,21,,,,31,,,,39,0.385,32,0.312,,
4896,花本剛,109,0.294,10,,0.294,全国,28,14,,,,32,,,,38,0.316,31,0.129,●,
4897,深見亜由美,106,0.179,5,,0.179,全国,30,22,,,,33,,,,36,0.25,32,0.062,●,
4898,菊地敬介,100,0.37,8,,0.37,全国,24,18,,,,44,0.068,0.114,○,29,0.241,37,0.324,,●
4899,占部一真,89,0.247,0,,0.247,全国,28,16,,,,23,,,,33,0.182,23,0.174,●,●
4900,中田夕貴,112,0.348,5,,0.348,全国,41,13,,,,37,,,,37,0.297,38,0.263,,
4901,出口舞有子,102,0.382,4,,0.382,全国,32,14,,,,22,,,,32,0.344,28,0.321,,
4902,山川雄大,119,0.378,0,,0.378,全国,35,21,,,,31,,,,42,0.476,31,0.161,●,
4903,吉田凌太朗,126,0.532,0,,0.532,全国,56,12,,,,39,,,,36,0.722,42,0.381,,
4904,松本一毅,133,0.414,0,,0.414,全国,46,28,0.5,○,,39,,,,44,0.386,40,0.375,,
4905,土井祥伍,104,0.24,4,,0.24,全国,24,14,,,,30,,,,38,0.132,26,0.192,●,●
4906,鈴木雅希,119,0.429,0,,0.429,全国,39,20,,,,34,,,,46,0.457,32,0.312,,
4907,小池修平,125,0.536,11,,0.536,全国,59,18,,,,41,0.073,0.171,○,38,0.526,49,0.388,,
4908,上田龍星,115,0.504,0,,0.504,全国,54,5,,,,31,,,,36,0.389,41,0.537,,
4909,薮内瑞希,104,0.269,0,,0.269,全国,33,18,,,,34,,,,35,0.343,36,0.167,●,
4910,中村泰平,119,0.504,2,,0.504,全国,60,11,,,,33,,,,40,0.525,36,0.417,,
4911,片岡大地,98,0.398,0,,0.398,全国,34,18,,,,30,,,,30,0.4,31,0.452,,
4914,吉田裕平,129,0.465,0,,0.465,全国,43,5,,,,35,,,,46,0.413,36,0.417,,
4917,岩橋裕馬,102,0.235,9,,0.235,全国,30,20,,,,33,,,,34,0.235,31,0.226,●,●
4918,川島拓郎,116,0.345,3,,0.345,全国,28,11,,,,32,,,,39,0.231,28,0.286,,●
4919,吉田翔悟,79,0.354,0,,0.354,全国,17,12,,,,30,,,,22,0.409,26,0.192,●,
4924,中北涼,114,0.263,5,,0.263,全国,30,23,,,,27,,,,44,0.341,29,0.034,●,
4925,森悠稀,120,0.417,0,,0.417,全国,46,20,0.35,○,,35,,,,37,0.351,40,0.325,,
4926,吉川貴仁,83,0.735,4,,0.735,全国,44,9,,,,24,,,,23,0.826,29,0.621,,
4927,関野文,127,0.449,7,,0.449,全国,56,28,0.357,○,,38,,,,39,0.359,42,0.381,,
4928,栗城匠,111,0.559,15,,0.559,全国,49,18,,,,33,,,,33,0.545,38,0.447,,
4930,佐藤悠,132,0.432,8,,0.432,全国,40,17,,,,44,0.068,0.136,○,42,0.548,43,0.256,,
4931,木谷賢太,144,0.604,0,,0.604,全国,70,15,,,,47,0.128,0.319,○,49,0.755,46,0.435,,
4932,新開航,131,0.58,0,,0.58,全国,63,14,,,,43,0.14,0.209,○,41,0.561,44,0.432,,
4933,板橋侑我,116,0.466,8,,0.466,全国,46,11,,,,36,,,,38,0.5,38,0.316,,
4934,佐々木翔斗,126,0.405,5,,0.405,全国,52,25,0.64,○,残す型,40,0.05,0.15,○,41,0.439,41,0.22,●,
4936,戸敷晃美,111,0.523,5,,0.523,全国,41,14,,,,35,,,,30,0.567,40,0.425,,
4938,小芦るり華,127,0.457,0,,0.457,全国,64,19,,,,38,,,,47,0.447,40,0.425,,
4939,宮之原輝紀,122,0.59,0,,0.59,全国,64,11,,,,46,0.217,0.217,○,40,0.55,45,0.533,,
4940,白石有美,51,0.275,5,,0.275,全国,12,7,,,,17,,,,18,0.278,14,,,
4941,孫崎百世,113,0.239,0,,0.239,全国,30,22,,,,34,,,,39,0.231,31,0.226,●,●
4942,柴田朋哉,110,0.464,6,,0.464,全国,42,23,0.391,○,,39,,,,35,0.429,36,0.278,,
4943,八木治樹,92,0.217,9,,0.217,全国,24,13,,,,24,,,,32,0.156,25,0.16,●,●
4944,田代達也,112,0.304,0,,0.304,全国,21,18,,,,36,,,,36,0.306,30,0.233,●,
4945,上村宏太,119,0.294,16,,0.294,全国,23,21,,,,31,,,,39,0.205,31,0.129,●,●
4947,間庭菜摘,107,0.318,4,,0.318,全国,28,17,,,,33,,,,39,0.436,29,0.103,●,
4948,木場悠介,106,0.321,9,,0.321,全国,32,17,,,,30,,,,39,0.256,28,0.321,,
4949,横田貴満,126,0.484,3,,0.484,全国,63,23,0.391,○,,35,,,,43,0.512,40,0.375,,
4950,高岡竜也,127,0.449,0,,0.449,全国,50,12,,,,35,,,,47,0.511,38,0.237,●,
4951,新田洋一,105,0.362,4,,0.362,全国,39,21,,,,31,,,,34,0.353,35,0.286,,
4952,吉武真也,99,0.131,20,,0.131,全国,24,13,,,,26,,,,33,0.061,27,0.037,●,●
4953,尾上雅也,133,0.586,0,,0.586,全国,56,12,,,,40,0.125,0.15,○,41,0.537,45,0.467,,
4954,内山峻輔,89,0.337,12,,0.337,全国,6,4,,,,43,0.116,0.116,○,32,0.281,38,0.342,,
4956,齊藤大将,41,0.268,0,,0.268,全国,12,7,,,,10,,,,16,0.312,11,,,
4957,竹之内極,126,0.373,14,,0.373,全国,34,15,,,,43,0.07,0.07,○,44,0.295,36,0.167,●,
4958,溝口海義也,148,0.52,5,,0.52,全国,60,24,0.333,○,,46,0.065,0.239,○,44,0.568,48,0.312,,
4959,井上忠政,132,0.553,7,,0.553,全国,60,14,,,,38,,,,44,0.545,46,0.391,,
4960,黒野元基,135,0.644,5,,0.644,全国,64,9,,,,35,,,,47,0.553,43,0.535,,
4961,西橋奈未,120,0.483,2,,0.483,全国,59,19,,,,37,,,,40,0.5,40,0.45,,
4962,畑竜生,129,0.411,8,,0.411,全国,53,18,,,,36,,,,40,0.4,43,0.256,,
4963,實森美祐,116,0.379,0,,0.379,全国,47,12,,,,35,,,,37,0.297,38,0.289,,
4964,土屋南,105,0.514,0,,0.514,全国,37,14,,,,31,,,,36,0.556,32,0.375,,
4965,福岡泉水,100,0.25,0,,0.25,全国,23,17,,,,29,,,,37,0.27,29,0.138,●,
4966,田川大貴,125,0.312,4,,0.312,全国,44,19,,,,42,0.048,0.095,○,40,0.35,41,0.146,●,
4967,中村魁生,122,0.59,3,,0.59,全国,54,17,,,,35,,,,40,0.575,45,0.6,,
4969,町田洸希,97,0.289,0,,0.289,全国,26,9,,,,25,,,,36,0.306,25,0.16,●,
4973,栗原直也,113,0.363,11,,0.363,全国,39,19,,,,41,0.049,0.146,○,39,0.462,34,0.265,,
4974,安井瑞紀,118,0.381,0,,0.381,全国,44,24,0.292,○,飛ぶ型,37,,,,39,0.308,38,0.237,●,
4976,金山立樹,101,0.396,18,,0.396,全国,33,22,,,,25,,,,36,0.417,26,0.346,,
4977,馬野耀,112,0.5,0,,0.5,全国,44,17,,,,31,,,,41,0.585,33,0.424,,
4978,山田和佐,117,0.35,8,,0.35,全国,35,16,,,,36,,,,45,0.356,35,0.257,,
4979,中野夢斗,119,0.37,10,,0.37,全国,39,16,,,,37,,,,39,0.308,36,0.25,,
4980,佐々木完太,133,0.474,0,,0.474,全国,58,9,,,,48,0.083,0.229,○,41,0.463,50,0.4,,
4981,牧山敦也,112,0.384,12,,0.384,全国,29,16,,,,31,,,,36,0.417,32,0.219,●,
4982,中村将隆,95,0.389,4,,0.389,全国,26,12,,,,30,,,,34,0.441,27,0.259,,
4983,前田篤哉,130,0.492,3,,0.492,全国,69,20,0.5,○,,42,0.167,0.214,○,44,0.409,48,0.5,,
4984,森下愛梨,96,0.385,2,,0.385,全国,27,17,,,,44,0.136,0.182,○,29,0.345,33,0.424,,
4985,井本昌也,131,0.412,2,,0.412,全国,70,18,,,,36,,,,46,0.391,40,0.3,,
4987,島倉都,102,0.206,0,,0.206,全国,29,16,,,,31,,,,33,0.242,30,0.1,●,●
4988,牟田奨太,108,0.213,0,,0.213,全国,26,10,,,,37,,,,40,0.175,31,0.129,●,●
4989,石原翼,114,0.395,3,,0.395,全国,40,13,,,,43,0.047,0.186,○,32,0.438,41,0.22,●,
4990,田中博子,54,0.13,0,,0.13,全国,12,10,,,,18,,,,19,0.105,15,0.067,●,●
4991,宗行治哉,107,0.421,1,,0.421,全国,49,16,,,,29,,,,33,0.394,36,0.361,,
4992,廣瀬篤哉,115,0.235,0,,0.235,全国,29,12,,,,38,,,,40,0.1,30,0.1,●,●
4994,山本梨菜,123,0.423,0,,0.423,全国,55,26,0.462,○,,40,0.15,0.175,○,38,0.342,45,0.333,,
4995,田邉亮蔵,104,0.24,22,,0.24,全国,27,17,,,,29,,,,39,0.256,26,0.192,●,
4997,濱崎寿里矢,66,0.121,4,,0.121,全国,13,11,,,,17,,,,20,0.1,17,0.059,●,●
4998,中村かなえ,63,0.365,0,,0.365,全国,14,7,,,,15,,,,22,0.455,15,0.267,,
5000,岡本翔太郎,108,0.278,4,,0.278,全国,27,12,,,,33,,,,37,0.351,35,0.2,●,
5002,上田健太,122,0.377,6,,0.377,全国,54,21,0.381,○,,44,0.023,0.273,○,39,0.333,43,0.326,,
5003,来田衣織,110,0.373,0,,0.373,全国,30,17,,,,16,,,,39,0.256,27,0.259,,
5004,河野主樹,128,0.391,8,,0.391,全国,39,16,,,,44,0.091,0.25,○,40,0.3,42,0.405,,
5005,石田貴洋,114,0.57,3,,0.57,全国,41,21,0.429,○,,31,,,,41,0.585,31,0.484,,
5006,久保原秀人,101,0.129,4,,0.129,全国,20,18,,,,27,,,,37,0.135,28,0.107,●,●
5007,近藤雄一郎,107,0.327,28,0.571,0.571,当地,32,17,,,,34,,,,42,0.333,30,0.233,●,
5008,羽野諒,100,0.34,4,,0.34,全国,25,16,,,,30,,,,32,0.375,29,0.241,●,
5009,大賀龍之介,122,0.361,3,,0.361,全国,39,20,,,,43,0.07,0.093,○,41,0.439,43,0.163,●,
5010,宇留田翔平,142,0.38,4,,0.38,全国,60,23,0.565,○,,40,0.075,0.2,○,44,0.386,45,0.333,,
5011,高木圭大,107,0.178,2,,0.178,全国,25,15,,,,35,,,,36,0.194,29,0.103,●,●
5012,加倉侑征,109,0.422,3,,0.422,全国,40,26,0.346,○,,43,0.116,0.209,○,30,0.4,44,0.386,,
5013,山下夏鈴,116,0.379,0,,0.379,全国,38,13,,,,31,,,,36,0.306,34,0.294,,
5014,梶山涼斗,98,0.347,3,,0.347,全国,24,17,,,,27,,,,34,0.265,26,0.115,●,
5015,高橋竜矢,117,0.487,0,,0.487,全国,61,7,,,,35,,,,33,0.424,35,0.429,,
5016,宮田龍馬,126,0.548,3,,0.548,全国,59,13,,,,45,0.089,0.289,○,38,0.5,45,0.467,,
5017,澤田尚也,135,0.452,4,,0.452,全国,54,10,,,,40,0.1,0.15,○,44,0.5,43,0.279,,
5018,竹下大樹,147,0.544,10,,0.544,全国,82,18,,,,36,,,,46,0.5,49,0.469,,
5019,柴田百恵,68,0.324,0,,0.324,全国,23,16,,,,19,,,,24,0.292,21,0.238,●,
5020,宮村勇哉,98,0.306,0,,0.306,全国,24,12,,,,38,,,,28,0.321,33,0.152,●,
5022,伊藤尚汰,101,0.238,0,,0.238,全国,22,16,,,,24,,,,40,0.225,26,0.154,●,●
5023,久永祥平,112,0.482,18,,0.482,全国,35,13,,,,41,0.171,0.171,○,37,0.486,35,0.4,,
5026,安河内健,133,0.474,4,,0.474,全国,58,13,,,,37,,,,46,0.478,40,0.375,,
5027,重冨勇哉,113,0.345,0,,0.345,全国,28,17,,,,34,,,,37,0.459,34,0.324,,
5028,原田才一郎,123,0.463,4,,0.463,全国,64,15,,,,35,,,,44,0.5,42,0.333,,
5029,中亮太,134,0.5,8,,0.5,全国,59,15,,,,41,0.146,0.122,○,39,0.487,42,0.262,,
5031,渡辺空依,111,0.27,12,,0.27,全国,27,13,,,,34,,,,38,0.237,35,0.143,●,●
5032,谷口知優,115,0.339,5,,0.339,全国,35,18,,,,32,,,,39,0.385,31,0.323,,
5033,藤原孝斗,97,0.186,7,,0.186,全国,25,16,,,,30,,,,33,0.152,27,0.185,●,●
5034,若林義人,140,0.521,6,,0.521,全国,74,21,0.571,○,,40,0.125,0.25,○,52,0.5,47,0.404,,
5035,櫻井優,126,0.397,5,,0.397,全国,35,20,,,,35,,,,49,0.408,34,0.265,,
5036,福田翔吾,132,0.417,14,,0.417,全国,38,23,,,,36,,,,45,0.378,35,0.343,,
5037,田頭虎親,105,0.448,7,,0.448,全国,28,15,,,,35,,,,37,0.351,32,0.312,,
5038,金田智博,113,0.478,15,,0.478,全国,48,15,,,,37,,,,42,0.357,38,0.421,,
5039,倉田茂将,106,0.33,0,,0.33,全国,30,16,,,,24,,,,32,0.375,41,0.171,●,
5041,荒牧凪沙,100,0.34,0,,0.34,全国,26,14,,,,38,,,,34,0.294,33,0.212,●,
5042,畑田汰一,126,0.508,10,,0.508,全国,49,16,,,,30,,,,46,0.565,38,0.368,,
5043,中村日向,142,0.521,0,,0.521,全国,58,18,,,,48,0.167,0.229,○,49,0.551,51,0.431,,
5044,渡邉健,101,0.228,3,,0.228,全国,30,14,,,,33,,,,31,0.194,31,0.161,●,●
5045,平川香織,137,0.584,0,,0.584,全国,52,27,0.519,○,,39,,,,43,0.628,44,0.432,,
5046,松山裕基,99,0.253,9,,0.253,全国,25,17,,,,28,,,,32,0.188,31,0.355,,●
5047,國分将太郎,108,0.37,6,,0.37,全国,32,17,,,,38,,,,33,0.394,34,0.324,,
5048,眞鳥康太,138,0.348,8,,0.348,全国,23,13,,,,79,0.114,0.152,○,36,0.389,38,0.237,●,
5049,松井友汰,108,0.481,9,,0.481,全国,34,11,,,,37,,,,34,0.588,39,0.333,,
5050,木下雄介,113,0.478,1,,0.478,全国,42,16,,,,34,,,,39,0.487,36,0.306,,
5051,松本純平,127,0.52,1,,0.52,全国,56,12,,,,40,0.05,0.275,○,38,0.579,44,0.409,,
5052,赤井星璃菜,66,0.167,0,,0.167,全国,17,12,,,,22,,,,21,0.095,22,0.045,●,●
5053,山口広樹,105,0.219,8,,0.219,全国,28,13,,,,37,,,,34,0.235,33,0.091,●,●
5054,佐々木大河,109,0.523,5,,0.523,全国,42,7,,,,30,,,,35,0.571,32,0.406,,
5055,眞鳥章太,125,0.408,0,,0.408,全国,46,17,,,,40,0.05,0.175,○,37,0.432,41,0.317,,
5057,上田紗奈,105,0.276,0,,0.276,全国,33,9,,,,26,,,,31,0.258,31,0.226,●,
5058,前原大道,135,0.57,5,,0.57,全国,55,6,,,,40,0.175,0.35,○,41,0.512,46,0.609,,
5060,数原魁,129,0.426,0,,0.426,全国,46,17,,,,40,0.075,0.15,○,43,0.372,41,0.317,,
5061,中村駿平,88,0.193,0,,0.193,全国,21,16,,,,31,,,,30,0.2,24,0.125,●,●
5063,大塚雅治,104,0.279,14,,0.279,全国,24,12,,,,38,,,,33,0.273,33,0.152,●,
5064,品川二千翔,128,0.547,11,,0.547,全国,50,18,,,,41,0.024,0.244,○,37,0.649,43,0.302,,
5065,伊久間陽優,102,0.353,8,,0.353,全国,28,11,,,,38,,,,32,0.344,32,0.219,●,
5066,鈴木孝明,132,0.636,5,,0.636,全国,48,18,,,,33,,,,47,0.66,33,0.455,,
5067,山田真聖,112,0.402,2,,0.402,全国,26,13,,,,27,,,,40,0.525,25,0.32,,
5068,前田滉,115,0.617,0,,0.617,全国,64,12,,,,31,,,,38,0.658,38,0.553,,
5069,山崎小葉音,88,0.284,3,,0.284,全国,30,19,,,,22,,,,34,0.441,25,0.04,●,
5070,中島航,81,0.309,19,,0.309,全国,21,13,,,,25,,,,30,0.3,21,0.143,●,
5071,野見山拓己,100,0.29,8,,0.29,全国,28,19,,,,27,,,,34,0.235,29,0.207,●,●
5072,吉田杏美,29,0.034,0,,0.034,全国,8,7,,,,10,,,,9,,9,,,
5073,上原健次郎,115,0.348,9,,0.348,全国,42,19,,,,37,,,,38,0.237,38,0.368,,●
5074,大澤誠也,104,0.269,8,,0.269,全国,28,14,,,,33,,,,37,0.432,32,0.094,●,
5075,中島秀治,136,0.537,7,,0.537,全国,50,29,0.379,○,,46,0.043,0.283,○,39,0.641,47,0.383,,
5076,石原光,114,0.377,0,,0.377,全国,28,16,,,,40,0.025,0.225,○,37,0.459,34,0.206,●,
5077,滝沢崚,66,0.273,0,,0.273,全国,14,13,,,,13,,,,23,0.261,18,0.167,●,
5078,山川波乙,103,0.214,4,,0.214,全国,28,12,,,,30,,,,35,0.314,33,0.091,●,
5079,大石真央,107,0.308,0,,0.308,全国,29,16,,,,39,,,,31,0.258,35,0.143,●,
5081,篠原飛翔,110,0.482,4,,0.482,全国,48,23,0.348,○,,30,,,,34,0.559,33,0.242,●,
5082,一色凌雅,126,0.46,15,,0.46,全国,30,14,,,,40,0.15,0.15,○,39,0.436,37,0.297,,
5083,柳瀬幹太,91,0.319,9,,0.319,全国,27,16,,,,30,,,,31,0.355,31,0.226,●,
5084,末永和也,105,0.467,0,,0.467,全国,49,12,,,,34,,,,32,0.344,37,0.405,,
5085,中村栄治,121,0.38,3,,0.38,全国,40,26,0.346,○,,33,,,,44,0.409,33,0.242,●,
5086,本村大,99,0.212,3,,0.212,全国,26,11,,,,24,,,,37,0.216,25,0.16,●,●
5087,佐藤航,132,0.568,6,,0.568,全国,50,17,,,,33,,,,34,0.706,43,0.442,,
5088,高憧四季,151,0.483,8,,0.483,全国,82,27,0.407,○,,48,0.188,0.167,○,50,0.4,50,0.46,,
5089,前田翔,116,0.595,0,,0.595,全国,65,16,,,,34,,,,42,0.595,37,0.378,,
5090,生方靖亜,98,0.388,0,,0.388,全国,26,12,,,,34,,,,28,0.5,34,0.206,●,
5091,為本智也,83,0.494,0,,0.494,全国,27,8,,,,25,,,,29,0.379,31,0.484,,
5092,篠原晟弥,114,0.509,4,,0.509,全国,46,15,,,,38,,,,33,0.545,41,0.415,,
5093,浦野海,102,0.245,4,,0.245,全国,35,15,,,,33,,,,40,0.225,37,0.162,●,●
5095,小原聡将,97,0.505,21,,0.505,全国,41,15,,,,32,,,,33,0.455,31,0.516,,
5096,上原崚,135,0.422,21,,0.422,全国,45,17,,,,43,0.07,0.116,○,47,0.511,40,0.2,●,
5098,大江純,114,0.368,3,,0.368,全国,30,20,,,,29,,,,40,0.25,26,0.192,●,
5100,栗原一馬,84,0.238,7,,0.238,全国,23,16,,,,34,,,,25,0.4,30,0.167,●,
5101,表健太,96,0.24,13,,0.24,全国,18,16,,,,22,,,,31,0.258,22,0.136,●,
5102,原田雄次,114,0.36,5,,0.36,全国,29,11,,,,36,,,,38,0.447,35,0.257,,
5103,芝田京介,84,0.202,8,,0.202,全国,21,15,,,,39,,,,28,0.286,29,0.069,●,
5104,山田丈,96,0.479,0,,0.479,全国,38,11,,,,24,,,,32,0.5,34,0.324,,
5105,富田恕生,114,0.316,0,,0.316,全国,28,17,,,,27,,,,43,0.372,29,0.172,●,
5106,山崎祥,107,0.421,0,,0.421,全国,39,20,,,,32,,,,38,0.342,32,0.281,,
5107,松本真広,88,0.307,7,,0.307,全国,19,11,,,,28,,,,26,0.231,23,0.304,,●
5108,柴田愛梨,57,0.105,0,,0.105,全国,13,10,,,,18,,,,20,0.05,18,0.111,●,●
5109,川崎智稔,119,0.286,6,,0.286,全国,33,23,,,,42,0.048,0.071,○,41,0.317,40,0.15,●,
5110,杉山喜一,108,0.389,7,,0.389,全国,34,20,,,,37,,,,36,0.361,34,0.353,,
5111,三村岳人,110,0.382,4,,0.382,全国,35,13,,,,35,,,,38,0.395,35,0.171,●,
5112,砂長知輝,131,0.55,5,,0.55,全国,59,15,,,,44,0.068,0.182,○,40,0.65,44,0.341,,
5113,黒明花夢,39,0.103,4,,0.103,全国,11,8,,,,10,,,,15,0.133,11,,,●
5114,小林孝彰,133,0.391,8,,0.391,全国,56,22,0.545,○,,47,0.021,0.234,○,45,0.422,42,0.262,,
5115,香川颯太,96,0.323,7,,0.323,全国,30,13,,,,36,,,,28,0.357,30,0.233,●,
5117,冨名腰桃奈,78,0.282,0,,0.282,全国,18,12,,,,24,,,,26,0.346,24,0.083,●,
5118,野田なづき,78,0.436,0,,0.436,全国,28,14,,,,27,,,,26,0.423,27,0.407,,
5120,山本稔太朗,82,0.28,8,,0.28,全国,32,15,,,,24,,,,26,0.269,34,0.265,,
5121,定松勇樹,125,0.528,0,,0.528,全国,56,13,,,,37,,,,45,0.6,40,0.425,,
5122,相馬翔,81,0.222,8,,0.222,全国,19,12,,,,22,,,,27,0.222,22,0.136,●,●
5123,福山恵里奈,106,0.179,0,,0.179,全国,31,16,,,,32,,,,36,0.139,31,0.129,●,●
5124,上瀧絢也,97,0.299,5,,0.299,全国,20,14,,,,22,,,,37,0.459,23,0.043,●,
5125,高井雄基,116,0.388,5,,0.388,全国,48,15,,,,42,0.048,0.286,○,36,0.472,42,0.333,,
5126,山下大輝,121,0.579,0,,0.579,全国,50,14,,,,40,0.15,0.225,○,35,0.514,42,0.405,,
5127,沼田大都,102,0.314,3,,0.314,全国,27,18,,,,34,,,,33,0.333,30,0.233,●,
5128,坪井爽佑,93,0.344,4,,0.344,全国,18,15,,,,31,,,,28,0.393,23,0.043,●,
5129,山口真喜子,111,0.441,0,,0.441,全国,44,22,0.364,○,,39,,,,31,0.387,43,0.326,,
5130,上野拓馬,108,0.315,0,,0.315,全国,32,23,,,,38,,,,40,0.35,29,0.241,●,
5131,江藤敦宏,97,0.196,3,,0.196,全国,22,19,,,,20,,,,36,0.111,21,0.095,●,●
5132,中野希一,127,0.622,7,,0.622,全国,70,28,0.357,○,,37,,,,42,0.595,37,0.378,,
5133,堀越雄貴,90,0.378,10,,0.378,全国,27,16,,,,29,,,,30,0.433,27,0.37,,
5134,大原祥昌,129,0.426,2,,0.426,全国,55,21,0.238,○,飛ぶ型,45,0.156,0.244,○,37,0.351,42,0.452,,
5135,仲航太,106,0.377,8,,0.377,全国,39,16,,,,41,0.098,0.073,○,35,0.343,42,0.214,●,
5136,濱野斗馬,142,0.465,8,,0.465,全国,64,17,,,,46,0.109,0.217,○,50,0.48,46,0.326,,
5137,川原涼,123,0.415,10,,0.415,全国,33,13,,,,56,0.089,0.125,○,40,0.5,47,0.213,●,
5138,村本大成,71,0.225,11,,0.225,全国,19,13,,,,19,,,,26,0.154,18,0.167,●,●
5139,大場恒季,101,0.515,7,,0.515,全国,48,17,,,,26,,,,37,0.568,32,0.406,,
5140,吉田彩乃,85,0.2,0,,0.2,全国,25,19,,,,28,,,,30,0.133,26,0.154,●,●
5141,大澤風葵,109,0.569,0,,0.569,全国,53,20,0.45,○,,28,,,,33,0.606,40,0.5,,
5142,常住蓮,120,0.583,0,,0.583,全国,63,15,,,,31,,,,37,0.514,41,0.488,,
5143,常盤海心,121,0.322,0,,0.322,全国,25,19,,,,31,,,,46,0.261,26,0.269,,
5144,中尾彩香,113,0.372,0,,0.372,全国,32,18,,,,30,,,,38,0.395,34,0.147,●,
5145,島川海輝,142,0.451,4,,0.451,全国,66,18,,,,45,0.089,0.133,○,45,0.422,53,0.302,,
5146,野田彩加,97,0.33,0,,0.33,全国,30,12,,,,26,,,,31,0.355,27,0.148,●,
5147,田中勇輔,82,0.22,11,,0.22,全国,21,16,,,,25,,,,26,0.115,23,0.13,●,●
5148,松本怜,73,0.274,0,,0.274,全国,16,7,,,,22,,,,26,0.154,19,0.158,●,●
5150,坂本雄紀,111,0.532,2,,0.532,全国,46,20,0.55,○,,33,,,,33,0.485,36,0.5,,
5151,山下奈緒,98,0.133,4,,0.133,全国,23,17,,,,31,,,,33,0.121,25,0.2,●,●
5152,丸山祐也,88,0.148,3,,0.148,全国,23,21,,,,25,,,,31,0.226,24,0.125,●,●
5153,佐藤ほのか,104,0.221,6,,0.221,全国,31,28,,,,31,,,,38,0.105,32,0.25,,●
5154,村松栄太,115,0.261,4,,0.261,全国,31,19,,,,32,,,,47,0.234,28,0.25,,●
5155,内山七海,115,0.487,3,,0.487,全国,39,20,,,,40,0.1,0.225,○,34,0.471,37,0.405,,
5156,坂野さくら,90,0.4,5,,0.4,全国,24,16,,,,28,,,,31,0.613,28,0.179,●,
5157,市川健太,115,0.27,3,,0.27,全国,36,18,,,,38,,,,37,0.243,37,0.162,●,●
5158,宮脇遼太,138,0.522,5,,0.522,全国,65,19,,,,49,0.245,0.163,○,41,0.415,45,0.489,,
5160,藤森陸斗,138,0.348,4,,0.348,全国,51,18,,,,49,0.061,0.082,○,43,0.442,46,0.13,●,
5161,登玉隼百,128,0.477,3,,0.477,全国,44,12,,,,44,0.114,0.182,○,34,0.382,38,0.316,,
5162,松尾怜実,32,0.125,0,,0.125,全国,9,7,,,,10,,,,12,,10,,,
5163,清水愛海,120,0.55,0,,0.55,全国,49,14,,,,44,0.136,0.205,○,33,0.667,44,0.477,,
5164,森田梨湖,53,0.057,0,,0.057,全国,15,13,,,,13,,,,21,0.048,15,0.0,●,●
5165,小林愛実,114,0.36,0,,0.36,全国,33,21,,,,34,,,,44,0.341,34,0.206,●,
5166,仲道大輔,122,0.492,9,,0.492,全国,51,18,,,,36,,,,46,0.63,39,0.308,,
5167,小川竜太朗,97,0.34,11,,0.34,全国,32,22,,,,26,,,,34,0.265,27,0.296,,
5169,堀本翔太,69,0.217,9,,0.217,全国,16,14,,,,19,,,,29,0.207,17,0.059,●,●
5170,佐藤太亮,105,0.343,4,,0.343,全国,33,11,,,,32,,,,40,0.3,30,0.3,,
5172,田村慶,113,0.389,5,,0.389,全国,36,18,,,,41,0.098,0.146,○,31,0.419,40,0.3,,
5173,谷口佳蓮,112,0.259,0,,0.259,全国,33,10,,,,35,,,,38,0.316,34,0.059,●,
5174,川井萌,54,0.352,0,,0.352,全国,16,8,,,,14,,,,15,0.4,15,0.267,,
5175,島崎丈一朗,76,0.342,0,,0.342,全国,20,11,,,,20,,,,25,0.24,17,0.353,,●
5176,石倉拓美,50,0.06,0,,0.06,全国,8,5,,,,19,,,,19,0.105,10,,,●
5177,松井貫太,117,0.316,15,,0.316,全国,26,20,,,,30,,,,45,0.333,32,0.156,●,
5178,成貞琳平,122,0.23,8,,0.23,全国,32,20,,,,34,,,,44,0.295,31,0.097,●,
5179,藤本元輝,90,0.222,4,,0.222,全国,21,10,,,,28,,,,25,0.24,29,0.103,●,●
5180,藤本紗弥香,66,0.273,0,,0.273,全国,14,11,,,,18,,,,19,0.368,20,0.2,●,
5181,森智哉,97,0.361,7,,0.361,全国,27,14,,,,30,,,,32,0.344,30,0.367,,
5182,宮崎安奈,96,0.323,0,,0.323,全国,32,21,,,,33,,,,38,0.421,35,0.229,●,
5183,中野孝二,105,0.419,5,,0.419,全国,30,20,,,,34,,,,34,0.559,34,0.206,●,
5184,飯塚響,47,0.17,0,,0.17,全国,9,6,,,,11,,,,17,0.235,9,,,●
5185,加藤優弥,108,0.435,8,,0.435,全国,30,16,,,,34,,,,35,0.571,35,0.2,●,
5186,遠藤圭吾,93,0.226,4,,0.226,全国,24,12,,,,33,,,,33,0.182,24,0.208,●,●
5187,小坂風太,63,0.222,7,,0.222,全国,17,14,,,,19,,,,21,0.143,17,0.176,●,●
5188,武井莉里佳,123,0.423,0,,0.423,全国,46,16,,,,32,,,,43,0.419,39,0.333,,
5189,藤原早菜,135,0.407,0,,0.407,全国,48,28,0.286,○,飛ぶ型,40,0.15,0.2,○,47,0.404,43,0.349,,
5190,大月遊雅,100,0.25,0,,0.25,全国,18,10,,,,31,,,,34,0.235,27,0.185,●,●
5191,飛田江己,148,0.534,18,,0.534,全国,59,10,,,,45,0.133,0.244,○,52,0.519,47,0.489,,
5192,中尾優香,90,0.3,6,,0.3,全国,23,12,,,,40,0.0,0.1,○,27,0.37,37,0.135,●,
5193,米丸乃絵,128,0.445,0,,0.445,全国,60,14,,,,41,0.098,0.22,○,40,0.45,43,0.395,,
5194,大久保佑香,113,0.265,4,,0.265,全国,30,16,,,,29,,,,40,0.225,32,0.094,●,●
5195,北村寧々,103,0.34,4,,0.34,全国,32,9,,,,36,,,,33,0.303,36,0.278,,
5196,鰐部太空海,130,0.538,8,,0.538,全国,48,16,,,,40,0.1,0.2,○,46,0.587,41,0.39,,
5197,中野仁照,69,0.435,5,,0.435,全国,17,8,,,,33,,,,19,0.474,27,0.333,,
5198,奥村明日香,100,0.31,0,,0.31,全国,23,14,,,,26,,,,38,0.289,24,0.25,,
5199,垂水悠,107,0.318,10,,0.318,全国,28,15,,,,33,,,,37,0.351,33,0.303,,
5200,筒井美琴,55,0.0,0,,0.0,全国,10,10,,,,22,,,,14,,17,0.0,●,
5201,村上宗太郎,71,0.31,0,,0.31,全国,19,11,,,,30,,,,22,0.182,27,0.333,,●
5203,神里琴音,101,0.287,0,,0.287,全国,29,17,,,,29,,,,34,0.294,28,0.179,●,
5204,宇恵有香,68,0.265,0,,0.265,全国,16,11,,,,21,,,,24,0.083,19,0.263,,●
5205,刑部亜里紗,126,0.452,0,,0.452,全国,43,16,,,,44,0.091,0.182,○,39,0.41,41,0.293,,
5206,梅原祥平,77,0.26,0,,0.26,全国,19,14,,,,22,,,,27,0.185,23,0.174,●,●
5207,高山敬悟,99,0.323,5,,0.323,全国,23,8,,,,30,,,,34,0.412,27,0.222,●,
5208,屋良龍紀,104,0.279,2,,0.279,全国,27,18,,,,29,,,,34,0.324,32,0.156,●,
5209,小野京平,82,0.232,5,,0.232,全国,13,11,,,,27,,,,23,0.261,27,0.074,●,
5210,藤井公人,125,0.408,9,,0.408,全国,34,12,,,,40,0.05,0.15,○,39,0.41,38,0.237,●,
5211,高井駿弥,93,0.247,4,,0.247,全国,20,17,,,,26,,,,35,0.143,26,0.269,,●
5212,西川拓利,129,0.473,16,,0.473,全国,40,13,,,,35,,,,44,0.568,38,0.211,●,
5213,湯淺紀香,121,0.306,0,,0.306,全国,40,16,,,,35,,,,41,0.341,37,0.108,●,
5214,田中宏典,107,0.29,7,,0.29,全国,33,18,,,,41,0.049,0.098,○,36,0.167,34,0.235,●,●
5216,長谷川晴哉,135,0.459,0,,0.459,全国,65,27,0.333,○,,39,,,,42,0.524,41,0.366,,
5217,藤原碧生,118,0.466,0,,0.466,全国,43,15,,,,48,0.125,0.167,○,33,0.606,48,0.312,,
5218,山田理央,130,0.485,5,,0.485,全国,49,15,,,,38,,,,41,0.463,39,0.359,,
5219,森口和紀,109,0.358,5,,0.358,全国,25,9,,,,37,,,,32,0.375,38,0.211,●,
5220,青木蓮,144,0.576,2,,0.576,全国,66,19,,,,36,,,,46,0.478,46,0.543,,
5221,竹間隆晟,133,0.534,3,,0.534,全国,67,22,0.364,○,,42,0.071,0.214,○,42,0.643,38,0.342,,
5222,津田陸翔,130,0.5,3,,0.5,全国,57,19,,,,37,,,,44,0.432,45,0.289,,
5223,森清友翔,130,0.338,4,,0.338,全国,35,20,,,,43,0.07,0.14,○,40,0.225,44,0.25,,●
5224,西岡顕心,129,0.55,8,,0.55,全国,64,18,,,,46,0.174,0.304,○,40,0.525,46,0.5,,
5226,藤田俊祐,86,0.384,3,,0.384,全国,35,8,,,,27,,,,29,0.448,30,0.267,,
5227,川原愛未,35,0.257,0,,0.257,全国,5,2,,,,16,,,,11,,10,,,
5228,若林樹蘭,103,0.437,2,,0.437,全国,39,12,,,,35,,,,32,0.438,35,0.371,,
5229,吉川晴人,119,0.403,9,,0.403,全国,45,20,0.15,○,飛ぶ型,43,0.093,0.186,○,40,0.475,41,0.293,,
5230,石原凪紗,103,0.272,0,,0.272,全国,28,13,,,,34,,,,32,0.281,32,0.188,●,
5231,寺田空詩,89,0.337,0,,0.337,全国,30,12,,,,27,,,,29,0.345,31,0.194,●,
5232,樅山拓馬,96,0.323,9,,0.323,全国,29,14,,,,28,,,,32,0.375,32,0.281,,
5234,塚越海斗,137,0.555,1,,0.555,全国,68,23,0.565,○,,43,0.093,0.233,○,42,0.595,50,0.34,,
5235,岩田凌,63,0.095,3,,0.095,全国,15,12,,,,19,,,,21,0.048,17,0.059,●,●
5236,小宮涼雅,134,0.254,12,,0.254,全国,26,19,,,,48,0.021,0.188,○,39,0.231,43,0.233,●,●
5237,永松良教,81,0.333,0,,0.333,全国,17,11,,,,31,,,,27,0.333,26,0.231,●,
5238,笹木香吾,116,0.405,0,,0.405,全国,43,21,0.524,○,,42,0.095,0.071,○,34,0.471,44,0.273,,
5239,上野俊樹,100,0.41,6,,0.41,全国,34,23,,,,37,,,,33,0.455,37,0.324,,
5240,高橋龍治,102,0.255,8,,0.255,全国,29,16,,,,43,0.07,0.14,○,29,0.276,37,0.216,●,
5241,門田栞,95,0.305,0,,0.305,全国,24,17,,,,34,,,,34,0.294,30,0.267,,
5242,高山弘斗,94,0.266,20,,0.266,全国,21,17,,,,31,,,,36,0.333,30,0.2,●,
5243,三馬崇史,123,0.423,7,,0.423,全国,43,22,0.455,○,,34,,,,40,0.375,39,0.333,,
5244,黒田剛,95,0.211,17,,0.211,全国,22,14,,,,29,,,,29,0.103,28,0.107,●,●
5245,倉富大誠,105,0.429,6,,0.429,全国,24,16,,,,34,,,,41,0.488,27,0.37,,
5246,楠将太郎,110,0.382,0,,0.382,全国,35,18,,,,40,0.125,0.175,○,35,0.314,38,0.368,,
5247,大森翼,116,0.371,5,,0.371,全国,28,22,,,,38,,,,40,0.35,36,0.222,●,
5248,本田愛,105,0.352,0,,0.352,全国,24,18,,,,38,,,,35,0.371,36,0.389,,
5249,三木晴斗,110,0.327,9,,0.327,全国,34,22,,,,39,,,,36,0.417,35,0.229,●,
5250,嶋田有里,104,0.26,6,,0.26,全国,27,16,,,,31,,,,33,0.364,32,0.125,●,
5251,沼田七華,49,0.041,0,,0.041,全国,13,13,,,,17,,,,17,0.059,18,0.0,●,●
5252,荒木颯斗,114,0.491,3,,0.491,全国,47,22,0.455,○,,37,,,,37,0.459,36,0.278,,
5253,藤井太雅,73,0.205,10,,0.205,全国,14,11,,,,31,,,,19,0.263,31,0.097,●,
5254,羽田妃希,90,0.233,0,,0.233,全国,15,9,,,,28,,,,33,0.273,28,0.107,●,
5255,藤原仙二,141,0.56,16,,0.56,全国,53,16,,,,44,0.205,0.273,○,45,0.667,43,0.465,,
5256,中山翔太,124,0.492,5,,0.492,全国,59,10,,,,37,,,,40,0.55,40,0.375,,
5257,西丸侑太朗,139,0.475,8,,0.475,全国,68,23,0.391,○,,36,,,,53,0.453,44,0.432,,
5258,仲本舜,103,0.252,9,,0.252,全国,27,13,,,,28,,,,34,0.324,28,0.214,●,
5259,野田昇吾,80,0.175,12,,0.175,全国,18,14,,,,24,,,,22,0.182,23,0.087,●,●
5261,岡暢祐,98,0.265,11,,0.265,全国,26,16,,,,27,,,,32,0.188,25,0.12,●,●
5262,鈴木章司,92,0.228,7,,0.228,全国,26,23,,,,24,,,,33,0.333,28,0.179,●,
5263,花田凱成,113,0.274,7,,0.274,全国,26,19,,,,32,,,,43,0.349,29,0.069,●,
5264,登みひ果,117,0.325,4,,0.325,全国,29,24,,,,41,0.0,0.171,○,45,0.311,36,0.25,,
5265,大廣咲季,123,0.236,0,,0.236,全国,28,17,,,,39,,,,41,0.22,37,0.054,●,●
5266,石田勇斗,108,0.287,9,,0.287,全国,30,17,,,,31,,,,38,0.316,28,0.25,,
5267,石本裕武,138,0.514,6,,0.514,全国,59,17,,,,44,0.114,0.136,○,48,0.562,47,0.298,,
5268,山本幸也,112,0.134,0,,0.134,全国,18,15,,,,58,0.017,0.034,○,28,0.25,47,0.043,●,
5269,山口晃朋,118,0.39,4,,0.39,全国,47,12,,,,34,,,,38,0.421,37,0.324,,
5270,小玉啓太,111,0.297,9,,0.297,全国,24,18,,,,36,,,,38,0.368,33,0.091,●,
5271,杉山太陽,107,0.206,3,,0.206,全国,22,14,,,,33,,,,40,0.225,34,0.147,●,●
5272,松田真実,109,0.257,5,,0.257,全国,32,14,,,,30,,,,40,0.225,32,0.188,●,●
5273,山下拓巳,112,0.223,8,,0.223,全国,31,20,,,,29,,,,40,0.325,29,0.034,●,
5274,城間盛渚,92,0.293,8,,0.293,全国,23,6,,,,29,,,,27,0.259,29,0.172,●,
5275,松田淳平,118,0.517,4,,0.517,全国,49,17,,,,30,,,,37,0.541,37,0.378,,
5276,大島隆乃介,112,0.304,9,,0.304,全国,35,21,,,,31,,,,32,0.375,35,0.229,●,
5277,井上未都,119,0.361,4,,0.361,全国,32,17,,,,34,,,,39,0.282,35,0.257,,
5278,田中駿兵,125,0.6,0,,0.6,全国,64,11,,,,44,0.227,0.136,○,39,0.59,42,0.548,,
5279,石渡翔一郎,100,0.43,36,0.528,0.528,当地,36,17,,,,32,,,,40,0.575,29,0.379,,
5280,廣瀬凜,138,0.63,9,,0.63,全国,53,10,,,,40,0.025,0.325,○,49,0.837,41,0.341,,
5281,井上遥妃,113,0.478,0,,0.478,全国,45,13,,,,38,,,,36,0.583,39,0.41,,
5282,中本大樹,120,0.392,8,,0.392,全国,36,16,,,,30,,,,42,0.429,32,0.344,,
5283,植木美帆,64,0.125,0,,0.125,全国,10,8,,,,23,,,,19,0.316,21,0.0,●,
5284,嘉手苅徹哉,96,0.208,0,,0.208,全国,13,6,,,,26,,,,30,0.267,26,0.038,●,
5285,若林麗,101,0.198,13,,0.198,全国,28,20,,,,36,,,,30,0.1,33,0.212,●,●
5286,坂井滉哉,109,0.294,7,,0.294,全国,28,17,,,,30,,,,41,0.293,30,0.167,●,
5287,滝沢織寧,100,0.22,5,,0.22,全国,22,20,,,,31,,,,35,0.229,32,0.125,●,●
5288,尾道佳諭,97,0.278,9,,0.278,全国,26,20,,,,30,,,,33,0.212,31,0.161,●,●
5289,佃來紀,121,0.446,4,,0.446,全国,38,16,,,,40,0.1,0.175,○,36,0.528,34,0.353,,
5290,坂本一真,104,0.231,14,,0.231,全国,26,21,,,,32,,,,33,0.152,27,0.037,●,●
5291,三嶌こころ,116,0.224,0,,0.224,全国,23,18,,,,42,0.095,0.143,○,40,0.175,31,0.258,,●
5292,佐藤右京,104,0.26,15,,0.26,全国,25,20,,,,31,,,,40,0.3,26,0.115,●,
5293,眞崎武蔵,85,0.2,11,,0.2,全国,14,12,,,,39,,,,31,0.258,28,0.036,●,
5294,豊田祥生,105,0.133,9,,0.133,全国,28,18,,,,32,,,,33,0.121,31,0.032,●,●
5295,田上凜,122,0.303,4,,0.303,全国,16,10,,,,58,0.086,0.069,○,30,0.333,31,0.258,,
5296,永田楽,105,0.171,0,,0.171,全国,17,12,,,,35,,,,38,0.184,25,0.04,●,●
5297,南彩寧,108,0.102,4,,0.102,全国,25,18,,,,23,,,,40,0.125,25,0.04,●,●
5298,水谷理人,132,0.621,9,,0.621,全国,54,9,,,,43,0.163,0.209,○,36,0.722,48,0.417,,
5299,西丸敦基,132,0.432,9,,0.432,全国,40,13,,,,41,0.073,0.268,○,40,0.45,40,0.325,,
5300,横田海人,82,0.085,9,,0.085,全国,17,16,,,,23,,,,25,0.12,21,0.095,●,●
5301,岩下巧斗,102,0.265,0,,0.265,全国,35,14,,,,34,,,,35,0.371,38,0.105,●,
5302,秋末秦悟,86,0.209,3,,0.209,全国,22,13,,,,27,,,,30,0.2,28,0.143,●,●
5303,土井歩夢,122,0.467,7,,0.467,全国,41,18,,,,31,,,,40,0.375,37,0.459,,
5304,井田涼介,81,0.025,17,,0.025,全国,11,10,,,,34,,,,27,0.0,23,0.087,●,●
5305,伊藤栞,74,0.095,0,,0.095,全国,13,11,,,,23,,,,28,0.107,17,0.0,●,●
5306,河内悠利杏,90,0.1,8,,0.1,全国,22,20,,,,25,,,,31,0.097,29,0.069,●,●
5307,富永夏哉人,114,0.307,12,,0.307,全国,28,14,,,,30,,,,45,0.356,29,0.207,●,
5308,藤森拓海,115,0.217,2,,0.217,全国,22,19,,,,35,,,,42,0.286,30,0.133,●,
5309,森雄利,98,0.102,4,,0.102,全国,15,10,,,,30,,,,36,0.194,26,0.038,●,●
5310,土屋蘭,94,0.319,0,,0.319,全国,21,14,,,,36,,,,30,0.3,30,0.233,●,
5311,小林京平,109,0.44,8,,0.44,全国,34,13,,,,27,,,,38,0.5,29,0.241,●,
5312,川辺郭人,104,0.135,9,,0.135,全国,22,15,,,,31,,,,33,0.152,33,0.152,●,●
5313,鈴木唯央,116,0.241,9,,0.241,全国,20,16,,,,40,0.1,0.1,○,41,0.268,39,0.205,●,
5314,中曽瑠華,105,0.114,5,,0.114,全国,22,17,,,,36,,,,36,0.139,33,0.03,●,●
5315,浅井翼,98,0.102,23,,0.102,全国,20,17,,,,42,0.024,0.0,○,35,0.114,35,0.057,●,●
5316,村松将平,124,0.444,0,,0.444,全国,25,11,,,,39,,,,39,0.385,39,0.333,,
5317,長尾萌加,127,0.354,3,,0.354,全国,31,20,,,,31,,,,41,0.39,33,0.242,●,
5318,河内一馬,110,0.2,3,,0.2,全国,22,17,,,,38,,,,38,0.263,31,0.129,●,
5319,近藤颯斗,71,0.366,7,,0.366,全国,20,11,,,,27,,,,22,0.455,27,0.222,●,
5320,岩崎麗子,96,0.156,4,,0.156,全国,23,19,,,,28,,,,30,0.133,30,0.133,●,●
5321,一色颯輝,89,0.483,2,,0.483,全国,22,14,,,,34,,,,29,0.517,29,0.483,,
5322,根岸真優,101,0.149,5,,0.149,全国,26,20,,,,28,,,,40,0.2,29,0.103,●,●
5323,香川陽太,98,0.286,8,,0.286,全国,22,12,,,,43,0.023,0.093,○,31,0.355,31,0.129,●,
5324,畑田希咲,86,0.047,5,,0.047,全国,21,17,,,,28,,,,27,0.0,25,0.0,●,●
5325,澁川夏,131,0.336,8,,0.336,全国,31,15,,,,46,0.043,0.174,○,37,0.351,47,0.255,,
5326,三嶌さらら,151,0.258,9,,0.258,全国,36,22,,,,49,0.041,0.102,○,55,0.255,46,0.196,●,
5327,西田和加,97,0.021,0,,0.021,全国,17,17,,,,35,,,,34,0.0,31,0.0,●,●
5328,井上慧人,92,0.293,7,,0.293,全国,20,14,,,,26,,,,34,0.382,24,0.125,●,
5329,金子龍斗,121,0.38,8,,0.38,全国,22,12,,,,36,,,,44,0.432,36,0.25,,
5330,安河内鈴之介,123,0.553,4,,0.553,全国,46,11,,,,38,,,,41,0.634,39,0.41,,
5331,佐藤永梧,94,0.362,0,,0.362,全国,26,13,,,,31,,,,32,0.344,24,0.208,●,
5332,村松遥輝,111,0.171,4,,0.171,全国,28,19,,,,38,,,,36,0.222,40,0.1,●,●
5333,山下智己,74,0.257,11,,0.257,全国,14,7,,,,19,,,,29,0.241,16,0.25,,●
5334,樫葉新心,110,0.127,0,,0.127,全国,22,19,,,,34,,,,39,0.205,34,0.059,●,●
5335,森陽多,109,0.138,7,,0.138,全国,17,13,,,,48,0.042,0.021,○,35,0.2,42,0.071,●,●
5336,瀬川大地,88,0.08,0,,0.08,全国,18,14,,,,33,,,,31,0.097,24,0.0,●,●
5337,出畑孝成,211,0.374,15,,0.374,全国,0,0,,,,82,0.11,0.098,○,71,0.296,70,0.3,,
5338,香月大輝,143,0.252,12,,0.252,全国,15,7,,,,48,0.042,0.146,○,49,0.265,40,0.15,●,
5339,石井伸長,104,0.394,3,,0.394,全国,22,16,,,,31,,,,34,0.382,31,0.258,,
5340,樋江井舞,151,0.278,9,,0.278,全国,12,11,,,,54,0.056,0.111,○,50,0.28,48,0.188,●,
5341,山道諄也,122,0.123,19,,0.123,全国,8,5,,,,62,0.032,0.048,○,37,0.216,48,0.083,●,●
5342,原村百那,143,0.063,0,,0.063,全国,7,5,,,,52,0.019,0.019,○,45,0.089,46,0.043,●,●
5343,小林礼央,166,0.319,13,,0.319,全国,9,7,,,,55,0.109,0.109,○,51,0.451,52,0.288,,
5344,谷口丞,121,0.397,6,,0.397,全国,19,8,,,,46,0.043,0.239,○,45,0.289,39,0.256,,
5345,牧村俊輝,134,0.104,14,,0.104,全国,16,12,,,,55,0.018,0.036,○,41,0.146,42,0.095,●,●
5346,中村紋夕梨,138,0.123,9,,0.123,全国,11,10,,,,47,0.0,0.021,○,47,0.128,47,0.043,●,●
5347,井澤聖奈,147,0.034,0,,0.034,全国,2,2,,,,65,0.0,0.015,○,45,0.044,57,0.018,●,●
5348,小林甘寧,164,0.463,3,,0.463,全国,4,3,,,,67,0.164,0.075,○,46,0.522,63,0.286,,
5349,宮崎奏磨,138,0.014,26,0.0,0.0,当地,8,8,,,,56,0.0,0.0,○,44,0.045,48,0.0,●,●
5350,網代良芽,114,0.386,13,,0.386,全国,28,21,,,,38,,,,38,0.342,32,0.406,,
5351,齊藤廉,118,0.356,9,,0.356,全国,24,11,,,,40,0.05,0.15,○,43,0.419,37,0.297,,
5352,西岡蒼志,119,0.387,4,,0.387,全国,27,14,,,,37,,,,38,0.421,33,0.333,,
5353,草川壮良,125,0.144,7,,0.144,全国,8,6,,,,61,0.033,0.049,○,40,0.15,50,0.1,●,●
5354,渡邊雄斗,171,0.205,36,0.083,0.083,当地,13,7,,,,78,0.077,0.064,○,50,0.22,64,0.125,●,●
5355,萩原丈太朗,118,0.093,3,,0.093,全国,12,11,,,,56,0.0,0.036,○,35,0.086,41,0.024,●,●
5356,長谷川暖,96,0.365,8,,0.365,全国,24,12,,,,36,,,,29,0.414,37,0.351,,
5357,田中瀬里奈,112,0.018,0,,0.018,全国,16,16,,,,65,0.0,0.0,○,33,0.0,43,0.0,●,●
5358,増本杏珠,93,0.161,0,,0.161,全国,11,10,,,,39,,,,24,0.25,36,0.056,●,
5359,佐藤世那,92,0.337,10,,0.337,全国,24,14,,,,30,,,,29,0.345,27,0.296,,
5360,高木茉白,118,0.119,10,,0.119,全国,12,7,,,,61,0.033,0.066,○,31,0.097,54,0.111,●,●
5361,植竹玲奈,126,0.119,0,,0.119,全国,10,10,,,,49,0.02,0.082,○,42,0.119,38,0.079,●,●
5362,中嶋世奈,114,0.07,0,,0.07,全国,11,8,,,,49,0.0,0.041,○,35,0.114,44,0.023,●,●
5363,山本凱立,85,0.024,0,,0.024,全国,0,0,,,,80,0.0,0.013,○,26,0.038,55,0.018,●,●
5364,金子怜央,182,0.082,35,0.086,0.086,当地,2,2,,,,92,0.022,0.011,○,55,0.127,79,0.038,●,●
5365,石村日奈那,143,0.091,9,,0.091,全国,6,4,,,,57,0.018,0.053,○,49,0.082,57,0.088,●,●
5366,塩嶋泰空,130,0.015,4,,0.015,全国,7,6,,,,84,0.0,0.0,○,39,0.0,62,0.0,●,●
5367,赤松咲香,113,0.062,0,,0.062,全国,0,0,,,,56,0.018,0.0,○,33,0.061,47,0.021,●,●
5368,宮崎心之介,133,0.391,16,,0.391,全国,22,6,,,,58,0.069,0.155,○,48,0.312,49,0.306,,
5369,岡崎凪汰,113,0.106,4,,0.106,全国,20,16,,,,49,0.0,0.041,○,33,0.121,41,0.049,●,●
5370,日隈茜,132,0.015,0,,0.015,全国,0,0,,,,66,0.0,0.0,○,41,0.0,54,0.0,●,●
5371,早川颯太,159,0.038,59,0.051,0.051,当地,0,0,,,,66,0.03,0.015,○,55,0.018,55,0.055,●,●
5372,上岡巧汰,151,0.066,0,,0.066,全国,0,0,,,,117,0.0,0.034,○,50,0.02,80,0.075,●,●
5373,諏訪玲奈,113,0.177,10,,0.177,全国,3,3,,,,41,0.0,0.049,○,40,0.25,33,0.061,●,
5374,木山大聖,183,0.197,15,,0.197,全国,0,0,,,,71,0.014,0.127,○,59,0.271,62,0.129,●,
5375,庄島潤成,200,0.12,0,,0.12,全国,0,0,,,,99,0.04,0.091,○,62,0.097,70,0.114,●,●
5376,吉田一心,123,0.374,5,,0.374,全国,28,11,,,,44,0.159,0.068,○,40,0.35,38,0.289,,
5377,鳥居塚嶺王,149,0.329,19,,0.329,全国,8,3,,,,56,0.054,0.161,○,50,0.32,53,0.264,,
5378,鈴木結平太,158,0.038,16,,0.038,全国,5,4,,,,89,0.011,0.011,○,51,0.02,70,0.029,●,●
5379,廣部大明,104,0.144,0,,0.144,全国,15,12,,,,57,0.018,0.088,○,30,0.067,41,0.122,●,●
5380,野田亜湖,168,0.0,0,,0.0,全国,0,0,,,,86,0.0,0.0,○,51,0.0,68,0.0,●,●
5381,有山望,140,0.136,18,,0.136,全国,10,5,,,,54,0.0,0.056,○,49,0.143,46,0.087,●,●
5382,山下心一,160,0.087,5,,0.087,全国,0,0,,,,74,0.027,0.041,○,49,0.041,63,0.079,●,●
5383,中村楓,187,0.07,14,,0.07,全国,2,1,,,,93,0.0,0.032,○,62,0.161,67,0.015,●,●
5384,八戸琉楓,165,0.055,18,,0.055,全国,2,2,,,,95,0.0,0.021,○,51,0.098,68,0.029,●,●
5385,鈴木柊介,151,0.146,15,,0.146,全国,3,2,,,,77,0.039,0.052,○,42,0.214,59,0.034,●,●
5386,米玉利大悟,127,0.142,4,,0.142,全国,24,18,,,,56,0.0,0.089,○,38,0.079,47,0.085,●,●
5387,戸田海咲音,126,0.024,0,,0.024,全国,0,0,,,,74,0.0,0.027,○,45,0.022,51,0.039,●,●
5388,佐野優都,164,0.348,18,,0.348,全国,0,0,,,,97,0.072,0.144,○,48,0.396,68,0.221,●,
5389,恵良琴美,205,0.137,10,,0.137,全国,0,0,,,,103,0.029,0.068,○,67,0.119,85,0.118,●,●
5390,高橋涼夏,137,0.102,8,,0.102,全国,0,0,,,,86,0.012,0.047,○,38,0.105,71,0.07,●,●
5391,出穂和鼓,151,0.033,0,,0.033,全国,0,0,,,,76,0.013,0.0,○,50,0.0,54,0.019,●,●
5392,安武一也,181,0.022,0,,0.022,全国,0,0,,,,117,0.009,0.009,○,49,0.02,93,0.022,●,●
5393,藤原駿,158,0.013,0,,0.013,全国,0,0,,,,125,0.0,0.008,○,47,0.021,88,0.011,●,●
5394,福西広太郎,195,0.221,25,0.12,0.12,当地,3,1,,,,109,0.028,0.147,○,61,0.262,88,0.182,●,
5395,日高龍之介,144,0.132,0,,0.132,全国,4,3,,,,78,0.038,0.038,○,49,0.143,64,0.094,●,●
5396,近藤来希,154,0.065,0,,0.065,全国,0,0,,,,94,0.0,0.021,○,47,0.085,69,0.014,●,●
5397,寺田夢生,163,0.025,0,,0.025,全国,0,0,,,,122,0.0,0.025,○,55,0.018,99,0.01,●,●
5398,鐘ヶ江真司,167,0.204,13,,0.204,全国,12,7,,,,72,0.014,0.111,○,54,0.241,61,0.18,●,●
5399,長野未来,148,0.047,9,,0.047,全国,0,0,,,,117,0.0,0.051,○,39,0.026,84,0.036,●,●
5400,高村諒,153,0.052,0,,0.052,全国,7,5,,,,96,0.01,0.052,○,53,0.113,62,0.032,●,●
5401,谷海夏人,86,0.128,0,,0.128,全国,0,0,,,,84,0.036,0.071,○,28,0.179,56,0.089,●,●
5402,塚越陸斗,130,0.031,17,,0.031,全国,0,0,,,,114,0.009,0.009,○,32,0.031,85,0.024,●,●
5403,藤山湧太,160,0.1,0,,0.1,全国,0,0,,,,111,0.027,0.036,○,56,0.107,82,0.085,●,●
5404,内田壮,175,0.12,9,,0.12,全国,0,0,,,,127,0.024,0.087,○,54,0.111,94,0.117,●,●
5405,竹内来,176,0.108,23,,0.108,全国,0,0,,,,91,0.0,0.055,○,58,0.155,73,0.027,●,●
5406,小畑楓夏,167,0.024,0,,0.024,全国,0,0,,,,138,0.0,0.022,○,52,0.019,104,0.019,●,●
5407,中岡駿,153,0.131,0,,0.131,全国,5,4,,,,92,0.022,0.054,○,51,0.137,75,0.08,●,●
5408,中山鷹輔,60,0.067,0,,0.067,全国,0,0,,,,49,0.0,0.082,○,17,0.118,37,0.054,●,●
5409,宮本琉正,156,0.077,0,,0.077,全国,0,0,,,,121,0.017,0.041,○,44,0.091,87,0.069,●,●
5410,今泉澪,136,0.044,9,,0.044,全国,0,0,,,,127,0.016,0.024,○,43,0.047,84,0.048,●,●
5411,木下虎之輔,171,0.088,43,0.047,0.047,当地,0,0,,,,131,0.015,0.015,○,53,0.113,98,0.041,●,●
5412,久保田凪紗,158,0.032,0,,0.032,全国,0,0,,,,100,0.0,0.02,○,51,0.039,82,0.024,●,●
5413,宮城那菜,155,0.09,0,,0.09,全国,0,0,,,,116,0.017,0.034,○,54,0.167,99,0.04,●,●
5415,阿部未侑,125,0.024,9,,0.024,全国,0,0,,,,98,0.0,0.02,○,39,0.026,75,0.013,●,●
5416,龍田真白,172,0.192,0,,0.192,全国,0,0,,,,100,0.07,0.06,○,58,0.241,84,0.107,●,●
5417,小柳勝希,142,0.225,0,,0.225,全国,0,0,,,,82,0.037,0.11,○,39,0.179,72,0.153,●,●
5418,堀内亜海,155,0.0,0,,0.0,全国,0,0,,,,132,0.0,0.0,○,57,0.0,86,0.0,●,●
5419,櫻井隼,157,0.089,18,,0.089,全国,0,0,,,,119,0.008,0.076,○,43,0.116,81,0.086,●,●
5420,吉原快誓,162,0.049,0,,0.049,全国,0,0,,,,116,0.009,0.017,○,53,0.038,82,0.037,●,●
5421,原田朱理,120,0.033,0,,0.033,全国,0,0,,,,89,0.011,0.011,○,35,0.029,63,0.032,●,●
5422,真田聖也,96,0.01,0,,0.01,全国,0,0,,,,84,0.0,0.0,○,28,0.0,61,0.0,●,●
5423,高橋嗣穏,108,0.0,0,,0.0,全国,0,0,,,,107,0.0,0.0,○,32,0.0,73,0.0,●,●
5424,熊倉幹太,118,0.042,27,0.111,0.111,当地,0,0,,,,89,0.0,0.0,○,29,0.103,72,0.014,●,●
5425,西山育,126,0.016,10,,0.016,全国,0,0,,,,106,0.0,0.0,○,34,0.059,75,0.0,●,●
5426,甲斐貴大,141,0.085,0,,0.085,全国,0,0,,,,117,0.017,0.043,○,40,0.175,87,0.046,●,●
5427,港理樹,178,0.169,27,0.222,0.222,当地,0,0,,,,134,0.03,0.104,○,54,0.167,96,0.156,●,●
5428,古園井綾南,119,0.0,0,,0.0,全国,0,0,,,,115,0.0,0.0,○,34,0.0,81,0.0,●,●
5429,吉川颯汰,120,0.008,0,,0.008,全国,0,0,,,,116,0.0,0.0,○,40,0.025,77,0.0,●,●
5430,鳥本智史,110,0.036,0,,0.036,全国,0,0,,,,110,0.018,0.018,○,30,0.067,77,0.026,●,●
5431,得山大輝,109,0.028,0,,0.028,全国,0,0,,,,102,0.01,0.01,○,35,0.057,70,0.014,●,●
5432,安藤瑠希,155,0.142,0,,0.142,全国,0,0,,,,111,0.036,0.045,○,50,0.18,76,0.118,●,●
5433,米本圭佑,138,0.051,29,0.138,0.138,当地,0,0,,,,95,0.011,0.021,○,46,0.109,77,0.026,●,●
5434,藤田康生,157,0.217,0,,0.217,全国,0,0,,,,111,0.063,0.126,○,47,0.17,83,0.241,●,●
5435,中西月輝,119,0.017,0,,0.017,全国,0,0,,,,117,0.0,0.017,○,34,0.0,83,0.024,●,●
5436,市川瑚幸,145,0.014,0,,0.014,全国,0,0,,,,116,0.0,0.009,○,42,0.0,88,0.011,●,●
5437,中澤里桜,102,0.039,0,,0.039,全国,0,0,,,,100,0.02,0.02,○,24,0.042,76,0.039,●,●
5438,星田夢結,126,0.024,0,,0.024,全国,0,0,,,,113,0.009,0.018,○,41,0.049,81,0.012,●,●
5439,志賀美優,144,0.035,0,,0.035,全国,0,0,,,,120,0.0,0.025,○,36,0.0,88,0.045,●,●
5440,薗頭心,133,0.038,0,,0.038,全国,0,0,,,,130,0.031,0.0,○,24,0.042,101,0.03,●,●
5441,鈴木雄登,155,0.277,7,,0.277,全国,0,0,,,,123,0.106,0.122,○,45,0.289,81,0.284,,
5442,池田美優,127,0.031,0,,0.031,全国,0,0,,,,127,0.008,0.024,○,41,0.0,83,0.048,●,●
5443,西村仁吾,120,0.025,0,,0.025,全国,0,0,,,,120,0.017,0.008,○,36,0.028,81,0.025,●,●
5444,林風音,129,0.016,0,,0.016,全国,0,0,,,,125,0.008,0.008,○,36,0.0,88,0.023,●,●
5445,一ノ木匠,55,0.018,0,,0.018,全国,0,0,,,,55,0.0,0.018,○,14,,38,0.026,●,
5446,長嶺真李愛,50,0.0,0,,0.0,全国,0,0,,,,47,0.0,0.0,○,17,0.0,33,0.0,●,●
5447,岡本亜子,62,0.0,0,,0.0,全国,0,0,,,,62,0.0,0.0,○,17,0.0,40,0.0,●,●
5448,福田柊人,59,0.0,0,,0.0,全国,0,0,,,,58,0.0,0.0,○,16,0.0,41,0.0,●,●
5449,堀井涼平,45,0.044,0,,0.044,全国,0,0,,,,45,0.022,0.0,○,10,,35,0.057,●,
5450,藤本遼磨,59,0.051,0,,0.051,全国,0,0,,,,59,0.0,0.034,○,16,0.125,41,0.024,●,●
5451,知念伶奈,46,0.022,0,,0.022,全国,0,0,,,,45,0.022,0.0,○,13,,33,0.03,●,
5452,上馬場風依,51,0.0,0,,0.0,全国,0,0,,,,51,0.0,0.0,○,17,0.0,34,0.0,●,●
5453,久保翔耶,69,0.072,0,,0.072,全国,0,0,,,,69,0.029,0.029,○,26,0.038,41,0.098,●,●
5454,谷島咲希,68,0.015,0,,0.015,全国,0,0,,,,68,0.015,0.0,○,18,0.0,49,0.02,●,●
5455,澁澤周羽,74,0.041,0,,0.041,全国,0,0,,,,74,0.0,0.041,○,25,0.04,45,0.044,●,●
5456,今村天次朗,73,0.082,0,,0.082,全国,0,0,,,,72,0.028,0.056,○,17,0.118,50,0.06,●,●
5457,山田陽翔,66,0.0,0,,0.0,全国,0,0,,,,62,0.0,0.0,○,21,0.0,42,0.0,●,●
5458,田中大輝,65,0.046,0,,0.046,全国,0,0,,,,65,0.0,0.015,○,19,0.053,45,0.022,●,●
5459,田中きら,54,0.0,0,,0.0,全国,0,0,,,,53,0.0,0.0,○,18,0.0,36,0.0,●,●
5460,早川理稀,85,0.059,0,,0.059,全国,0,0,,,,85,0.012,0.035,○,22,0.045,60,0.067,●,●
5461,板頭里緒,54,0.0,0,,0.0,全国,0,0,,,,54,0.0,0.0,○,10,,41,0.0,●,
5462,山浦槙,57,0.018,0,,0.018,全国,0,0,,,,57,0.0,0.018,○,19,0.0,38,0.026,●,●
5463,出口飛龍,56,0.0,0,,0.0,全国,0,0,,,,56,0.0,0.0,○,12,,42,0.0,●,
5464,宮田栞,65,0.0,0,,0.0,全国,0,0,,,,64,0.0,0.0,○,20,0.0,44,0.0,●,●
5465,直江健成,50,0.0,0,,0.0,全国,0,0,,,,50,0.0,0.0,○,8,,41,0.0,●,
5466,成田華音,57,0.053,0,,0.053,全国,0,0,,,,57,0.018,0.035,○,16,0.062,38,0.053,●,●
5467,野村羽玖,62,0.194,0,,0.194,全国,0,0,,,,62,0.032,0.113,○,17,0.294,40,0.175,●,
5468,山口隼人,58,0.0,0,,0.0,全国,0,0,,,,58,0.0,0.0,○,18,0.0,40,0.0,●,●
5469,今泉博人,62,0.016,0,,0.016,全国,0,0,,,,62,0.0,0.016,○,22,0.045,39,0.0,●,●
5470,坂口諒宗,56,0.036,0,,0.036,全国,0,0,,,,56,0.0,0.036,○,11,,43,0.0,●,
5471,田中結,82,0.012,0,,0.012,全国,0,0,,,,82,0.0,0.012,○,18,0.0,60,0.017,●,●
5472,中川海虹,50,0.0,0,,0.0,全国,0,0,,,,49,0.0,0.0,○,9,,35,0.0,●,
