regno,選手名,全国スローn,全国スローST,当地スローn,当地スローST,採用スローST,スロー源,スロー遅れ,スロー巧者,全国ダッシュn,全国ダッシュST,当地ダッシュn,当地ダッシュST,採用ダッシュST,ダッシュ源,ダッシュ遅れ,ダッシュ巧者
2538,高橋二朗,113,0.211,0,,0.211,全国,●,,95,0.208,0,,0.208,全国,●,
2878,富山弘幸,121,0.167,0,,0.167,全国,,,101,0.18,0,,0.18,全国,,
3024,西島義則,181,0.166,5,0.138,0.166,全国,,,3,0.137,3,0.137,0.137,全国,,
3054,北川幸典,82,0.176,0,,0.176,全国,,,81,0.192,0,,0.192,全国,●,
3070,山室展弘,84,0.16,0,,0.16,全国,,,24,0.13,0,,0.13,全国,,●
3072,西田靖,205,0.163,0,,0.163,全国,,,1,0.18,0,,0.18,全国,,
3075,中村裕将,113,0.133,9,0.122,0.133,全国,,,102,0.126,9,0.123,0.126,全国,,●
3081,岡本慎治,49,0.162,0,,0.162,全国,,,51,0.179,0,,0.179,全国,,
3105,内山文典,107,0.171,14,0.151,0.151,当地,,,98,0.164,16,0.167,0.167,当地,,
3107,平岡重典,75,0.177,4,0.168,0.177,全国,,,71,0.176,4,0.217,0.176,全国,,
3156,金子良昭,120,0.17,0,,0.17,全国,,,63,0.182,0,,0.182,全国,●,
3158,島川光男,134,0.143,0,,0.143,全国,,,129,0.141,0,,0.141,全国,,
3159,江口晃生,159,0.154,0,,0.154,全国,,,0,,0,,,全国,,
3161,古場輝義,139,0.187,0,,0.187,全国,●,,74,0.168,0,,0.168,全国,,
3175,渡辺千草,99,0.156,0,,0.156,全国,,,102,0.156,0,,0.156,全国,,
3176,長谷川巌,51,0.175,0,,0.175,全国,,,46,0.213,0,,0.213,全国,●,
3202,三品隆浩,116,0.183,31,0.152,0.152,当地,,,103,0.214,25,0.188,0.188,当地,●,
3207,田村美和,77,0.2,9,0.194,0.2,全国,●,,70,0.163,8,0.18,0.163,全国,,
3211,北川敏弘,102,0.178,0,,0.178,全国,,,100,0.162,0,,0.162,全国,,
3212,亀本勇樹,122,0.171,0,,0.171,全国,,,83,0.151,0,,0.151,全国,,
3224,栗山繁洋,107,0.189,4,0.175,0.189,全国,●,,96,0.191,3,0.24,0.191,全国,●,
3226,浦田信義,112,0.183,10,0.184,0.184,当地,●,,100,0.18,8,0.203,0.18,全国,,
3232,山川美由紀,103,0.15,0,,0.15,全国,,,93,0.161,0,,0.161,全国,,
3233,小畑実成,103,0.158,0,,0.158,全国,,,101,0.175,0,,0.175,全国,,
3246,星野政彦,40,0.179,0,,0.179,全国,,,32,0.155,0,,0.155,全国,,
3251,平石和男,165,0.183,3,0.223,0.183,全国,●,,138,0.198,2,0.29,0.198,全国,●,
3256,三角哲男,148,0.136,16,0.146,0.146,当地,,,117,0.156,11,0.171,0.171,当地,,
3257,田頭実,192,0.134,0,,0.134,全国,,,4,0.168,0,,0.168,全国,,
3265,今村暢孝,200,0.138,0,,0.138,全国,,,0,,0,,,全国,,
3268,森竜也,142,0.155,0,,0.155,全国,,,87,0.174,0,,0.174,全国,,
3277,齋藤勇,121,0.169,31,0.178,0.178,当地,,,100,0.182,23,0.218,0.218,当地,●,
3282,池本輝明,117,0.175,0,,0.175,全国,,,106,0.214,0,,0.214,全国,●,
3284,渡邊伸太郎,119,0.178,0,,0.178,全国,,,95,0.223,0,,0.223,全国,●,
3286,坂東満,78,0.151,0,,0.151,全国,,,72,0.184,0,,0.184,全国,●,
3289,高橋淳美,63,0.176,0,,0.176,全国,,,49,0.195,0,,0.195,全国,●,
3293,宮内由紀英,95,0.184,0,,0.184,全国,●,,95,0.195,0,,0.195,全国,●,
3294,野中義生,80,0.175,0,,0.175,全国,,,93,0.146,0,,0.146,全国,,
3297,藤丸光一,157,0.198,0,,0.198,全国,●,,47,0.21,0,,0.21,全国,●,
3300,川崎智幸,147,0.143,6,0.09,0.143,全国,,,121,0.163,13,0.229,0.229,当地,●,
3302,谷川里江,81,0.172,0,,0.172,全国,,,69,0.173,0,,0.173,全国,,
3303,渡辺豊,140,0.186,34,0.186,0.186,当地,●,,138,0.208,25,0.221,0.221,当地,●,
3304,烏野賢太,160,0.168,0,,0.168,全国,,,134,0.167,0,,0.167,全国,,
3305,小野信樹,98,0.169,0,,0.169,全国,,,96,0.153,0,,0.153,全国,,
3306,武田正紀,101,0.153,10,0.127,0.127,当地,,●,99,0.154,9,0.138,0.154,全国,,
3313,本吉正樹,101,0.171,24,0.182,0.182,当地,●,,96,0.178,22,0.195,0.195,当地,●,
3315,広瀬聖仁,77,0.15,3,0.143,0.15,全国,,,80,0.185,4,0.12,0.185,全国,●,
3319,山崎義明,130,0.168,12,0.151,0.151,当地,,,128,0.155,8,0.163,0.155,全国,,
3327,野長瀬正孝,172,0.153,0,,0.153,全国,,,90,0.19,0,,0.19,全国,●,
3333,丸尾義孝,157,0.137,0,,0.137,全国,,,141,0.159,0,,0.159,全国,,
3334,角ひとみ,153,0.185,0,,0.185,全国,●,,122,0.204,0,,0.204,全国,●,
3339,泉具巳,99,0.17,4,0.195,0.17,全国,,,99,0.153,4,0.18,0.153,全国,,
3340,池田雷太,119,0.187,25,0.183,0.183,当地,●,,111,0.19,20,0.202,0.202,当地,●,
3346,宮本裕之,31,0.159,0,,0.159,全国,,,31,0.17,0,,0.17,全国,,
3349,吉田一郎,173,0.157,0,,0.157,全国,,,98,0.151,0,,0.151,全国,,
3350,藤本佳史,98,0.141,0,,0.141,全国,,,94,0.192,0,,0.192,全国,●,
3352,小川晃司,0,,0,,,全国,,,214,0.166,0,,0.166,全国,,
3353,前田光昭,51,0.186,0,,0.186,全国,●,,70,0.145,0,,0.145,全国,,
3355,橋谷田佳織,47,0.269,0,,0.269,全国,●,,38,0.258,0,,0.258,全国,●,
3357,福島陽子,113,0.2,5,0.268,0.2,全国,●,,106,0.198,4,0.23,0.198,全国,●,
3361,岡部浩,103,0.159,0,,0.159,全国,,,91,0.186,0,,0.186,全国,●,
3362,間嶋仁志,199,0.183,0,,0.183,全国,●,,36,0.189,0,,0.189,全国,●,
3370,坪内実,94,0.177,17,0.153,0.153,当地,,,89,0.201,13,0.298,0.298,当地,●,
3372,加藤雅之,72,0.204,0,,0.204,全国,●,,74,0.217,0,,0.217,全国,●,
3377,塚田修二,87,0.224,0,,0.224,全国,●,,91,0.192,0,,0.192,全国,●,
3381,滝沢芳行,115,0.147,0,,0.147,全国,,,107,0.135,0,,0.135,全国,,
3385,渡邉睦広,123,0.156,0,,0.156,全国,,,113,0.159,0,,0.159,全国,,
3388,今垣光太郎,107,0.152,0,,0.152,全国,,,86,0.163,0,,0.163,全国,,
3391,鈴木茂正,16,0.189,0,,0.189,全国,●,,18,0.193,0,,0.193,全国,●,
3392,小森信雄,106,0.182,0,,0.182,全国,●,,99,0.209,0,,0.209,全国,●,
3401,上田隆章,120,0.192,9,0.242,0.192,全国,●,,110,0.226,6,0.343,0.226,全国,●,
3406,中里英夫,132,0.158,0,,0.158,全国,,,122,0.184,0,,0.184,全国,●,
3411,池上隆行,89,0.151,0,,0.151,全国,,,96,0.172,0,,0.172,全国,,
3412,鈴木博,159,0.156,0,,0.156,全国,,,148,0.158,0,,0.158,全国,,
3414,加瀬智宏,12,0.151,0,,0.151,全国,,,10,0.192,0,,0.192,全国,●,
3415,松井繁,162,0.141,0,,0.141,全国,,,103,0.142,0,,0.142,全国,,
3419,栗原謙治,41,0.192,0,,0.192,全国,●,,49,0.231,0,,0.231,全国,●,
3422,服部幸男,151,0.154,0,,0.154,全国,,,127,0.15,0,,0.15,全国,,
3430,角浜修,117,0.157,0,,0.157,全国,,,117,0.174,0,,0.174,全国,,
3432,宮迫暢彦,95,0.151,0,,0.151,全国,,,99,0.193,0,,0.193,全国,●,
3434,松尾宣邦,108,0.176,0,,0.176,全国,,,116,0.168,0,,0.168,全国,,
3435,寺田千恵,138,0.157,0,,0.157,全国,,,118,0.144,0,,0.144,全国,,
3436,柏野幸二,107,0.123,13,0.106,0.106,当地,,●,93,0.143,14,0.123,0.123,当地,,●
3439,大平誉史明,139,0.156,0,,0.156,全国,,,118,0.153,0,,0.153,全国,,
3441,土屋太朗,114,0.177,0,,0.177,全国,,,113,0.192,0,,0.192,全国,●,
3442,宮武英司,90,0.156,0,,0.156,全国,,,103,0.16,0,,0.16,全国,,
3444,香月大介,57,0.164,0,,0.164,全国,,,52,0.164,0,,0.164,全国,,
3445,加藤高史,101,0.183,0,,0.183,全国,●,,98,0.181,0,,0.181,全国,●,
3448,高山秀雄,75,0.187,0,,0.187,全国,●,,71,0.196,0,,0.196,全国,●,
3454,井川大作,105,0.149,0,,0.149,全国,,,102,0.159,0,,0.159,全国,,
3455,谷本幸司,119,0.165,6,0.22,0.165,全国,,,117,0.169,5,0.224,0.169,全国,,
3458,東健介,95,0.152,0,,0.152,全国,,,87,0.178,0,,0.178,全国,,
3459,中野和裕,93,0.162,4,0.14,0.162,全国,,,93,0.162,4,0.147,0.162,全国,,
3461,渡邊哲也,61,0.166,3,0.177,0.166,全国,,,70,0.216,4,0.25,0.216,全国,●,
3463,乙津康志,124,0.177,0,,0.177,全国,,,108,0.191,0,,0.191,全国,●,
3467,森弘行,94,0.201,0,,0.201,全国,●,,93,0.162,0,,0.162,全国,,
3470,新田芳美,105,0.165,0,,0.165,全国,,,88,0.171,0,,0.171,全国,,
3471,赤峰和也,96,0.168,0,,0.168,全国,,,95,0.179,1,0.19,0.179,全国,,
3473,石川真二,301,0.137,0,,0.137,全国,,,0,,0,,,全国,,
3474,松瀬弘美,119,0.174,0,,0.174,全国,,,110,0.182,0,,0.182,全国,●,
3475,橋本久和,117,0.178,0,,0.178,全国,,,92,0.196,0,,0.196,全国,●,
3477,近藤稔也,107,0.182,0,,0.182,全国,●,,103,0.19,0,,0.19,全国,●,
3478,嶋田貴支,119,0.15,0,,0.15,全国,,,110,0.175,0,,0.175,全国,,
3482,金子猛志,145,0.149,23,0.167,0.167,当地,,,138,0.153,19,0.202,0.202,当地,●,
3484,芝田浩治,153,0.158,0,,0.158,全国,,,129,0.181,0,,0.181,全国,●,
3489,大場敏,169,0.14,4,0.158,0.14,全国,,,153,0.165,4,0.19,0.165,全国,,
3497,後藤浩,102,0.17,0,,0.17,全国,,,96,0.176,0,,0.176,全国,,
3499,市川哲也,139,0.139,10,0.135,0.135,当地,,,104,0.149,7,0.137,0.149,全国,,
3502,渡邉英児,130,0.162,0,,0.162,全国,,,110,0.164,0,,0.164,全国,,
3503,堂原洋史,110,0.163,19,0.168,0.168,当地,,,106,0.158,15,0.183,0.183,当地,●,
3505,山田竜一,141,0.142,0,,0.142,全国,,,118,0.143,0,,0.143,全国,,
3507,藤井徹,99,0.181,0,,0.181,全国,●,,81,0.219,0,,0.219,全国,●,
3508,久富政弘,124,0.172,9,0.217,0.172,全国,,,109,0.213,8,0.255,0.213,全国,●,
3509,池千夏,98,0.141,0,,0.141,全国,,,80,0.147,0,,0.147,全国,,
3514,山一鉄也,140,0.154,0,,0.154,全国,,,131,0.177,0,,0.177,全国,,
3516,吉原聖人,100,0.16,5,0.152,0.16,全国,,,95,0.187,5,0.246,0.187,全国,●,
3517,高橋勲,122,0.151,9,0.136,0.151,全国,,,98,0.149,14,0.139,0.139,当地,,
3518,倉田郁美,96,0.193,0,,0.193,全国,●,,90,0.186,0,,0.186,全国,●,
3519,冨田秀幸,92,0.17,0,,0.17,全国,,,102,0.173,0,,0.173,全国,,
3523,寳田亮治,87,0.191,0,,0.191,全国,●,,93,0.195,0,,0.195,全国,●,
3527,中嶋誠一郎,125,0.16,9,0.183,0.16,全国,,,118,0.167,7,0.154,0.167,全国,,
3528,笠野友紀恵,101,0.207,5,0.246,0.207,全国,●,,91,0.19,4,0.232,0.19,全国,●,
3532,柴田光,132,0.158,0,,0.158,全国,,,29,0.154,0,,0.154,全国,,
3535,渡修平,92,0.185,0,,0.185,全国,●,,97,0.203,0,,0.203,全国,●,
3538,菊池峰晴,62,0.214,0,,0.214,全国,●,,64,0.214,0,,0.214,全国,●,
3539,金子順一,134,0.173,0,,0.173,全国,,,107,0.183,0,,0.183,全国,●,
3541,三嶌誠司,157,0.167,16,0.164,0.164,当地,,,123,0.16,12,0.161,0.161,当地,,
3542,清水紀克,192,0.182,0,,0.182,全国,●,,11,0.246,0,,0.246,全国,●,
3543,福田雅一,88,0.161,0,,0.161,全国,,,89,0.164,0,,0.164,全国,,
3544,豊田訓靖,103,0.195,2,0.12,0.195,全国,●,,106,0.188,5,0.238,0.188,全国,●,
3546,中里昌志,114,0.18,0,,0.18,全国,,,102,0.176,0,,0.176,全国,,
3548,室田泰史,152,0.115,9,0.141,0.115,全国,,●,143,0.133,7,0.17,0.133,全国,,
3550,都築正治,139,0.152,0,,0.152,全国,,,122,0.162,0,,0.162,全国,,
3551,藤田美代,91,0.195,0,,0.195,全国,●,,87,0.167,0,,0.167,全国,,
3554,仲口博崇,229,0.175,0,,0.175,全国,,,105,0.198,0,,0.198,全国,●,
3556,田中信一郎,155,0.14,0,,0.14,全国,,,119,0.149,0,,0.149,全国,,
3557,太田和美,183,0.137,7,0.159,0.137,全国,,,162,0.156,6,0.202,0.156,全国,,
3558,山本浩次,102,0.16,0,,0.16,全国,,,91,0.166,0,,0.166,全国,,
3562,山下和彦,150,0.168,0,,0.168,全国,,,128,0.167,0,,0.167,全国,,
3563,堤昇,137,0.146,0,,0.146,全国,,,99,0.16,0,,0.16,全国,,
3564,桑原啓,115,0.168,6,0.158,0.168,全国,,,130,0.163,6,0.138,0.163,全国,,
3566,川添英正,118,0.18,0,,0.18,全国,,,104,0.206,0,,0.206,全国,●,
3567,吉岡誠,73,0.173,0,,0.173,全国,,,75,0.182,0,,0.182,全国,●,
3568,木村光宏,118,0.168,0,,0.168,全国,,,93,0.163,0,,0.163,全国,,
3569,増田進,105,0.166,19,0.158,0.158,当地,,,102,0.2,22,0.224,0.224,当地,●,
3572,安田政彦,126,0.174,0,,0.174,全国,,,115,0.219,0,,0.219,全国,●,
3574,大神康司,260,0.155,0,,0.155,全国,,,7,0.226,0,,0.226,全国,●,
3576,白水勝也,144,0.156,0,,0.156,全国,,,111,0.175,0,,0.175,全国,,
3577,向所浩二,91,0.169,0,,0.169,全国,,,96,0.144,0,,0.144,全国,,
3578,塩田雄一,66,0.185,4,0.158,0.185,全国,●,,71,0.176,4,0.185,0.176,全国,,
3579,中里優子,84,0.179,0,,0.179,全国,,,80,0.179,0,,0.179,全国,,
3580,水口由紀,109,0.184,0,,0.184,全国,●,,105,0.19,0,,0.19,全国,●,
3581,加木郁,113,0.189,11,0.184,0.184,当地,●,,107,0.188,7,0.207,0.188,全国,●,
3582,吉川昭男,240,0.16,0,,0.16,全国,,,32,0.183,0,,0.183,全国,●,
3583,齋藤智裕,82,0.194,0,,0.194,全国,●,,93,0.182,0,,0.182,全国,●,
3584,佐々木英樹,115,0.176,14,0.185,0.185,当地,●,,109,0.174,10,0.216,0.216,当地,●,
3587,武田信一,111,0.155,0,,0.155,全国,,,111,0.163,0,,0.163,全国,,
3589,西村勝,93,0.168,0,,0.168,全国,,,88,0.155,0,,0.155,全国,,
3590,濱野谷憲吾,155,0.132,0,,0.132,全国,,,128,0.141,0,,0.141,全国,,
3591,後藤孝義,68,0.171,0,,0.171,全国,,,57,0.215,0,,0.215,全国,●,
3596,河上年昭,86,0.169,9,0.199,0.169,全国,,,84,0.169,9,0.198,0.169,全国,,
3602,奥平拓也,95,0.178,20,0.156,0.156,当地,,,107,0.193,23,0.232,0.232,当地,●,
3604,武藤綾子,100,0.19,0,,0.19,全国,●,,93,0.19,0,,0.19,全国,●,
3605,中村守成,103,0.184,0,,0.184,全国,●,,99,0.194,0,,0.194,全国,●,
3606,川北浩貴,124,0.152,0,,0.152,全国,,,111,0.176,0,,0.176,全国,,
3611,岩崎芳美,136,0.137,6,0.172,0.137,全国,,,122,0.144,4,0.152,0.144,全国,,
3612,馬袋義則,201,0.145,0,,0.145,全国,,,119,0.129,0,,0.129,全国,,●
3613,角谷健吾,158,0.136,0,,0.136,全国,,,137,0.158,0,,0.158,全国,,
3614,谷勝幸,125,0.164,0,,0.164,全国,,,119,0.171,0,,0.171,全国,,
3615,横田茂,105,0.152,0,,0.152,全国,,,107,0.157,0,,0.157,全国,,
3616,中村真,94,0.149,0,,0.149,全国,,,99,0.163,0,,0.163,全国,,
3617,竹田広樹,108,0.186,0,,0.186,全国,●,,93,0.196,0,,0.196,全国,●,
3618,海野ゆかり,169,0.169,0,,0.169,全国,,,129,0.187,0,,0.187,全国,●,
3619,長谷川充,110,0.175,9,0.21,0.175,全国,,,111,0.195,7,0.264,0.195,全国,●,
3620,信濃由行,101,0.174,0,,0.174,全国,,,97,0.177,0,,0.177,全国,,
3621,天野晶夫,76,0.173,0,,0.173,全国,,,71,0.168,0,,0.168,全国,,
3623,深川真二,253,0.143,0,,0.143,全国,,,0,,0,,,全国,,
3627,井上恵一,132,0.181,0,,0.181,全国,●,,90,0.193,0,,0.193,全国,●,
3629,浅見昌克,124,0.134,8,0.129,0.134,全国,,,108,0.149,8,0.158,0.149,全国,,
3630,黒田誠司,70,0.171,3,0.17,0.171,全国,,,71,0.155,2,0.18,0.155,全国,,
3631,田添康介,43,0.197,0,,0.197,全国,●,,51,0.193,0,,0.193,全国,●,
3635,石田政吾,110,0.153,0,,0.153,全国,,,119,0.177,0,,0.177,全国,,
3637,齋藤和政,98,0.168,0,,0.168,全国,,,95,0.194,0,,0.194,全国,●,
3641,一瀬明,161,0.172,0,,0.172,全国,,,142,0.171,0,,0.171,全国,,
3642,大塚浩二,96,0.185,0,,0.185,全国,●,,84,0.195,0,,0.195,全国,●,
3643,米田隆弘,120,0.184,10,0.185,0.185,当地,●,,103,0.173,8,0.134,0.173,全国,,
3645,淺田千亜希,53,0.141,0,,0.141,全国,,,49,0.143,0,,0.143,全国,,
3647,伊藤雄二,108,0.16,15,0.151,0.151,当地,,,124,0.177,13,0.183,0.183,当地,●,
3652,森下勇,89,0.154,11,0.166,0.166,当地,,,93,0.204,10,0.256,0.256,当地,●,
3653,品川賢次,60,0.215,8,0.174,0.215,全国,●,,63,0.202,6,0.207,0.202,全国,●,
3654,武田光史,131,0.156,0,,0.156,全国,,,107,0.159,0,,0.159,全国,,
3655,本橋克洋,144,0.177,17,0.206,0.206,当地,●,,121,0.186,13,0.205,0.205,当地,●,
3656,伯母芳恒,96,0.168,0,,0.168,全国,,,94,0.184,0,,0.184,全国,●,
3659,藤生雄人,107,0.155,0,,0.155,全国,,,105,0.184,0,,0.184,全国,●,
3660,長谷川親王,95,0.191,0,,0.191,全国,●,,97,0.202,0,,0.202,全国,●,
3661,柳瀬興志,151,0.171,0,,0.171,全国,,,123,0.17,0,,0.17,全国,,
3662,大庭元明,127,0.156,4,0.105,0.156,全国,,,123,0.171,4,0.143,0.171,全国,,
3663,木山和幸,135,0.166,0,,0.166,全国,,,124,0.178,0,,0.178,全国,,
3664,鈴木賢一,99,0.144,5,0.218,0.144,全国,,,99,0.203,4,0.14,0.203,全国,●,
3679,飯島昌弘,140,0.142,4,0.135,0.142,全国,,,137,0.169,5,0.212,0.169,全国,,
3680,森林太,121,0.192,0,,0.192,全国,●,,111,0.204,0,,0.204,全国,●,
3681,山谷央,85,0.154,0,,0.154,全国,,,81,0.149,0,,0.149,全国,,
3684,清水攻二,117,0.156,0,,0.156,全国,,,110,0.203,0,,0.203,全国,●,
3685,荒井輝年,107,0.148,13,0.132,0.132,当地,,,106,0.17,21,0.198,0.198,当地,●,
3686,鳥居塚孝博,141,0.139,18,0.133,0.133,当地,,,129,0.159,13,0.156,0.156,当地,,
3687,花田和明,148,0.156,0,,0.156,全国,,,61,0.171,0,,0.171,全国,,
3690,河合三弘,123,0.193,13,0.195,0.195,当地,●,,123,0.181,11,0.244,0.244,当地,●,
3692,竹腰正樹,116,0.145,0,,0.145,全国,,,111,0.159,0,,0.159,全国,,
3696,白井友晴,104,0.175,5,0.204,0.175,全国,,,105,0.169,4,0.175,0.169,全国,,
3699,富永正人,87,0.178,0,,0.178,全国,,,94,0.194,0,,0.194,全国,●,
3701,大西隆洋,92,0.17,0,,0.17,全国,,,98,0.151,0,,0.151,全国,,
3703,鳥飼眞,147,0.177,0,,0.177,全国,,,89,0.171,0,,0.171,全国,,
3704,本部めぐみ,70,0.224,0,,0.224,全国,●,,64,0.222,0,,0.222,全国,●,
3708,岡部貴司,110,0.144,4,0.3,0.144,全国,,,114,0.166,3,0.17,0.166,全国,,
3710,吉永泰弘,119,0.165,0,,0.165,全国,,,115,0.183,0,,0.183,全国,●,
3711,江本真治,169,0.151,7,0.161,0.151,全国,,,140,0.16,7,0.183,0.16,全国,,
3712,淺香文武,105,0.14,0,,0.14,全国,,,95,0.181,0,,0.181,全国,●,
3713,伊藤誠二,125,0.152,0,,0.152,全国,,,121,0.164,0,,0.164,全国,,
3714,梶原正,102,0.14,0,,0.14,全国,,,109,0.161,0,,0.161,全国,,
3715,倉尾大介,87,0.143,6,0.098,0.143,全国,,,88,0.184,6,0.223,0.184,全国,●,
3716,石渡鉄兵,132,0.128,16,0.114,0.114,当地,,●,129,0.121,17,0.119,0.119,当地,,●
3717,立間充宏,99,0.153,0,,0.153,全国,,,101,0.17,0,,0.17,全国,,
3718,伊達正利,108,0.159,0,,0.159,全国,,,115,0.185,0,,0.185,全国,●,
3719,辻栄蔵,119,0.145,0,,0.145,全国,,,121,0.154,0,,0.154,全国,,
3721,守田俊介,151,0.122,0,,0.122,全国,,●,113,0.115,0,,0.115,全国,,●
3722,西村秀樹,99,0.167,8,0.239,0.167,全国,,,98,0.19,6,0.223,0.19,全国,●,
3726,桂林寛,83,0.159,6,0.167,0.159,全国,,,81,0.16,4,0.118,0.16,全国,,
3730,塩崎優司,121,0.16,0,,0.16,全国,,,115,0.172,0,,0.172,全国,,
3731,高濱芳久,138,0.183,0,,0.183,全国,●,,87,0.178,0,,0.178,全国,,
3736,岡本猛,1,0.24,0,,0.24,全国,●,,1,0.27,0,,0.27,全国,●,
3737,上平真二,141,0.147,0,,0.147,全国,,,106,0.181,0,,0.181,全国,●,
3740,大澤普司,153,0.164,9,0.172,0.164,全国,,,133,0.172,7,0.164,0.172,全国,,
3741,松尾基成,95,0.161,0,,0.161,全国,,,102,0.178,0,,0.178,全国,,
3742,宮地秀祈,98,0.175,3,0.2,0.175,全国,,,89,0.18,3,0.21,0.18,全国,,
3743,林美憲,187,0.142,0,,0.142,全国,,,87,0.158,0,,0.158,全国,,
3744,徳増秀樹,164,0.127,0,,0.127,全国,,●,138,0.124,0,,0.124,全国,,●
3745,橋本年光,94,0.162,0,,0.162,全国,,,86,0.183,0,,0.183,全国,●,
3746,岡瀬正人,160,0.161,4,0.198,0.161,全国,,,144,0.184,2,0.175,0.184,全国,●,
3747,國崎良春,114,0.161,0,,0.161,全国,,,114,0.151,0,,0.151,全国,,
3748,小黒竜吾,104,0.161,0,,0.161,全国,,,99,0.162,0,,0.162,全国,,
3752,宇土泰就,103,0.169,13,0.155,0.155,当地,,,102,0.154,13,0.188,0.188,当地,●,
3757,畑和宏,108,0.159,0,,0.159,全国,,,105,0.168,0,,0.168,全国,,
3761,山本光雄,104,0.168,0,,0.168,全国,,,107,0.163,0,,0.163,全国,,
3769,佐竹恒彦,127,0.157,0,,0.157,全国,,,99,0.176,0,,0.176,全国,,
3771,折下寛法,122,0.138,14,0.136,0.136,当地,,,116,0.143,12,0.151,0.151,当地,,
3772,一柳和孝,104,0.148,0,,0.148,全国,,,104,0.15,0,,0.15,全国,,
3773,津留浩一郎,102,0.16,0,,0.16,全国,,,101,0.165,0,,0.165,全国,,
3775,泉啓文,110,0.17,8,0.143,0.17,全国,,,122,0.175,9,0.184,0.175,全国,,
3776,横井健太,93,0.189,9,0.202,0.189,全国,●,,108,0.185,8,0.25,0.185,全国,●,
3777,樋口亮,147,0.17,0,,0.17,全国,,,132,0.182,0,,0.182,全国,●,
3778,安達美帆,69,0.212,0,,0.212,全国,●,,72,0.22,0,,0.22,全国,●,
3779,原田幸哉,139,0.112,0,,0.112,全国,,●,120,0.113,0,,0.113,全国,,●
3783,瓜生正義,151,0.15,5,0.152,0.15,全国,,,125,0.145,4,0.17,0.145,全国,,
3784,中島友和,106,0.151,0,,0.151,全国,,,107,0.16,0,,0.16,全国,,
3787,天野誠,78,0.189,0,,0.189,全国,●,,73,0.201,0,,0.201,全国,●,
3788,一宮稔弘,70,0.137,0,,0.137,全国,,,76,0.129,0,,0.129,全国,,●
3790,佐口達也,107,0.163,12,0.148,0.148,当地,,,103,0.205,13,0.25,0.25,当地,●,
3792,田中豪,108,0.16,0,,0.16,全国,,,101,0.163,0,,0.163,全国,,
3793,高橋真吾,83,0.167,0,,0.167,全国,,,96,0.143,0,,0.143,全国,,
3796,長野道臣,101,0.17,8,0.125,0.17,全国,,,109,0.165,8,0.193,0.165,全国,,
3797,岩井繁,116,0.197,0,,0.197,全国,●,,116,0.207,0,,0.207,全国,●,
3800,牧宏次,104,0.147,0,,0.147,全国,,,96,0.172,0,,0.172,全国,,
3801,五反田忍,82,0.17,0,,0.17,全国,,,74,0.172,0,,0.172,全国,,
3804,中渡修作,129,0.154,0,,0.154,全国,,,124,0.162,0,,0.162,全国,,
3805,高橋英之,109,0.133,6,0.087,0.133,全国,,,96,0.129,3,0.217,0.129,全国,,●
3807,岡部哲,122,0.159,8,0.16,0.159,全国,,,115,0.177,8,0.169,0.177,全国,,
3808,秋田健太郎,96,0.177,17,0.159,0.159,当地,,,91,0.158,17,0.155,0.155,当地,,
3809,吉田光,77,0.168,0,,0.168,全国,,,110,0.185,0,,0.185,全国,●,
3811,石田章央,146,0.158,0,,0.158,全国,,,133,0.152,0,,0.152,全国,,
3812,山崎聖司,107,0.16,19,0.168,0.168,当地,,,110,0.189,14,0.216,0.216,当地,●,
3813,佐藤大介,156,0.154,19,0.149,0.149,当地,,,111,0.179,14,0.183,0.183,当地,●,
3814,金子貴志,119,0.186,0,,0.186,全国,●,,114,0.2,0,,0.2,全国,●,
3820,樫葉次郎,55,0.146,0,,0.146,全国,,,48,0.161,0,,0.161,全国,,
3822,平尾崇典,141,0.153,10,0.144,0.144,当地,,,109,0.144,8,0.16,0.144,全国,,
3825,宮嵜隆太郎,88,0.132,5,0.122,0.132,全国,,,95,0.127,5,0.144,0.127,全国,,●
3826,村田修次,137,0.145,0,,0.145,全国,,,113,0.157,0,,0.157,全国,,
3827,今泉徹,106,0.172,0,,0.172,全国,,,110,0.173,0,,0.173,全国,,
3828,明石正之,92,0.156,0,,0.156,全国,,,109,0.181,0,,0.181,全国,●,
3831,安藤裕貴,110,0.137,0,,0.137,全国,,,99,0.163,0,,0.163,全国,,
3832,下田哲也,58,0.167,0,,0.167,全国,,,52,0.178,0,,0.178,全国,,
3833,中辻博訓,171,0.125,0,,0.125,全国,,●,128,0.128,0,,0.128,全国,,●
3834,細川明人,94,0.184,0,,0.184,全国,●,,102,0.185,0,,0.185,全国,●,
3837,秋山広一,132,0.152,0,,0.152,全国,,,118,0.184,0,,0.184,全国,●,
3838,伊藤啓三,98,0.145,0,,0.145,全国,,,105,0.148,0,,0.148,全国,,
3839,川合理司,103,0.161,15,0.148,0.148,当地,,,124,0.195,23,0.223,0.223,当地,●,
3841,佐々木和伸,157,0.147,0,,0.147,全国,,,126,0.17,0,,0.17,全国,,
3842,星野太郎,97,0.172,0,,0.172,全国,,,98,0.2,0,,0.2,全国,●,
3843,上之晃弘,119,0.156,8,0.12,0.156,全国,,,113,0.16,9,0.183,0.16,全国,,
3845,中谷朋子,96,0.193,0,,0.193,全国,●,,73,0.202,0,,0.202,全国,●,
3848,川上聡介,113,0.149,4,0.107,0.149,全国,,,127,0.147,6,0.168,0.147,全国,,
3849,中岡正彦,143,0.137,0,,0.137,全国,,,46,0.118,0,,0.118,全国,,●
3850,小川知行,128,0.136,20,0.12,0.12,当地,,●,123,0.145,18,0.131,0.131,当地,,
3851,森田昭彦,31,0.164,0,,0.164,全国,,,41,0.19,0,,0.19,全国,●,
3852,澤大介,98,0.182,7,0.161,0.182,全国,●,,103,0.192,9,0.212,0.192,全国,●,
3853,岩崎正哉,147,0.17,0,,0.17,全国,,,125,0.202,0,,0.202,全国,●,
3854,吉川元浩,128,0.138,0,,0.138,全国,,,115,0.147,0,,0.147,全国,,
3857,阿波勝哉,91,0.185,9,0.2,0.185,全国,●,,148,0.193,7,0.219,0.193,全国,●,
3859,多羅尾達之,99,0.149,5,0.146,0.149,全国,,,95,0.156,5,0.136,0.156,全国,,
3860,松本浩貴,112,0.192,0,,0.192,全国,●,,101,0.188,0,,0.188,全国,●,
3863,海老澤泰行,115,0.152,0,,0.152,全国,,,105,0.185,0,,0.185,全国,●,
3866,木山誠一,84,0.131,3,0.077,0.131,全国,,,93,0.156,3,0.163,0.156,全国,,
3867,松浦勝,104,0.177,0,,0.177,全国,,,107,0.173,0,,0.173,全国,,
3868,尾形栄治,107,0.181,19,0.199,0.199,当地,●,,113,0.198,19,0.24,0.24,当地,●,
3869,井芹大志,95,0.178,7,0.194,0.178,全国,,,91,0.184,8,0.193,0.184,全国,●,
3870,寺嶋雄,121,0.184,0,,0.184,全国,●,,110,0.174,0,,0.174,全国,,
3871,池田紫乃,78,0.187,0,,0.187,全国,●,,78,0.189,0,,0.189,全国,●,
3872,岡田憲行,152,0.192,5,0.204,0.192,全国,●,,110,0.177,2,0.165,0.177,全国,,
3873,別府昌樹,85,0.164,0,,0.164,全国,,,116,0.186,0,,0.186,全国,●,
3874,山本寛久,135,0.148,15,0.13,0.13,当地,,●,117,0.164,11,0.201,0.201,当地,●,
3875,廣中良一,106,0.165,0,,0.165,全国,,,118,0.179,0,,0.179,全国,,
3876,中辻崇人,116,0.156,6,0.157,0.156,全国,,,88,0.148,2,0.1,0.148,全国,,
3878,胡本悟志,100,0.158,0,,0.158,全国,,,99,0.181,0,,0.181,全国,●,
3880,浅見宗孝,100,0.188,11,0.182,0.182,当地,●,,104,0.184,12,0.215,0.215,当地,●,
3882,新田智彰,114,0.169,0,,0.169,全国,,,117,0.169,0,,0.169,全国,,
3885,久田武,138,0.158,0,,0.158,全国,,,122,0.184,0,,0.184,全国,●,
3888,山本英志,145,0.143,26,0.157,0.157,当地,,,130,0.148,26,0.167,0.167,当地,,
3889,須藤隆雄,101,0.156,0,,0.156,全国,,,94,0.171,0,,0.171,全国,,
3891,谷口健一,119,0.17,0,,0.17,全国,,,112,0.182,0,,0.182,全国,●,
3892,草場康幸,110,0.162,0,,0.162,全国,,,106,0.161,0,,0.161,全国,,
3893,汐崎正則,112,0.164,3,0.16,0.164,全国,,,110,0.164,4,0.198,0.164,全国,,
3895,堀本裕也,55,0.189,4,0.138,0.189,全国,●,,49,0.167,4,0.25,0.167,全国,,
3896,上田洋平,99,0.161,0,,0.161,全国,,,103,0.162,0,,0.162,全国,,
3897,白井英治,133,0.13,0,,0.13,全国,,●,113,0.13,0,,0.13,全国,,●
3898,平田忠則,154,0.137,0,,0.137,全国,,,124,0.169,0,,0.169,全国,,
3900,香川素子,137,0.171,0,,0.171,全国,,,114,0.182,0,,0.182,全国,●,
3901,松田憲幸,78,0.195,0,,0.195,全国,●,,75,0.223,0,,0.223,全国,●,
3904,森貴洋,84,0.16,5,0.184,0.16,全国,,,84,0.178,3,0.287,0.178,全国,,
3905,天野友和,155,0.151,0,,0.151,全国,,,136,0.151,0,,0.151,全国,,
3906,飯山晃三,121,0.181,9,0.172,0.181,全国,●,,117,0.218,10,0.231,0.231,当地,●,
3907,村越篤,135,0.16,19,0.135,0.135,当地,,,130,0.163,16,0.198,0.198,当地,●,
3908,重成一人,159,0.152,0,,0.152,全国,,,130,0.138,0,,0.138,全国,,
3909,佐々木康幸,159,0.108,0,,0.108,全国,,●,112,0.114,0,,0.114,全国,,●
3910,松下知幸,110,0.164,0,,0.164,全国,,,101,0.187,0,,0.187,全国,●,
3911,鈴木猛,143,0.17,27,0.179,0.179,当地,,,141,0.175,28,0.183,0.183,当地,●,
3912,川原正明,129,0.138,0,,0.138,全国,,,130,0.141,0,,0.141,全国,,
3915,繁野谷圭介,153,0.192,0,,0.192,全国,●,,133,0.174,0,,0.174,全国,,
3918,深井利寿,147,0.168,0,,0.168,全国,,,133,0.168,0,,0.168,全国,,
3920,正木聖賢,148,0.168,0,,0.168,全国,,,36,0.152,0,,0.152,全国,,
3921,川村正輝,38,0.195,0,,0.195,全国,●,,39,0.207,0,,0.207,全国,●,
3922,菅沼佳昭,123,0.186,0,,0.186,全国,●,,111,0.187,0,,0.187,全国,●,
3928,林恵祐,113,0.164,0,,0.164,全国,,,109,0.175,0,,0.175,全国,,
3929,杢野誓良,110,0.158,10,0.151,0.151,当地,,,113,0.16,9,0.169,0.16,全国,,
3930,岸本隆,129,0.142,5,0.146,0.142,全国,,,123,0.165,3,0.277,0.165,全国,,
3931,黒崎竜也,108,0.15,4,0.138,0.15,全国,,,111,0.148,11,0.17,0.17,当地,,
3932,池田浩美,93,0.158,0,,0.158,全国,,,79,0.185,0,,0.185,全国,●,
3933,山地正樹,230,0.172,0,,0.172,全国,,,18,0.182,0,,0.182,全国,●,
3934,鋤柄貴俊,132,0.167,14,0.167,0.167,当地,,,128,0.164,13,0.18,0.18,当地,,
3935,岩津徹郎,88,0.147,13,0.143,0.143,当地,,,93,0.167,13,0.149,0.149,当地,,
3939,渡辺真至,39,0.166,0,,0.166,全国,,,40,0.16,0,,0.16,全国,,
3940,飯山泰,171,0.144,25,0.126,0.126,当地,,●,141,0.139,23,0.142,0.142,当地,,
3941,池田浩二,150,0.114,0,,0.114,全国,,●,122,0.129,0,,0.129,全国,,●
3942,寺田祥,145,0.143,0,,0.143,全国,,,106,0.14,0,,0.14,全国,,
3943,三松直美,27,0.166,0,,0.166,全国,,,30,0.183,0,,0.183,全国,●,
3944,山口裕二,139,0.155,12,0.166,0.166,当地,,,122,0.19,8,0.215,0.19,全国,●,
3945,橋口真樹,84,0.192,0,,0.192,全国,●,,88,0.202,0,,0.202,全国,●,
3946,赤岩善生,263,0.143,9,0.129,0.143,全国,,,43,0.162,7,0.201,0.162,全国,,
3947,寺本昇平,119,0.178,0,,0.178,全国,,,115,0.184,0,,0.184,全国,●,
3948,大町利克,93,0.169,0,,0.169,全国,,,93,0.202,0,,0.202,全国,●,
3949,今出晋二,85,0.162,0,,0.162,全国,,,96,0.184,0,,0.184,全国,●,
3950,石川哲秀,98,0.149,0,,0.149,全国,,,86,0.156,0,,0.156,全国,,
3951,石川吉鎬,127,0.194,3,0.183,0.194,全国,●,,113,0.199,6,0.332,0.199,全国,●,
3952,中澤和志,154,0.144,5,0.132,0.144,全国,,,128,0.128,4,0.08,0.128,全国,,●
3953,志道吉和,62,0.171,0,,0.171,全国,,,72,0.221,0,,0.221,全国,●,
3955,眞田英二,78,0.178,0,,0.178,全国,,,78,0.195,0,,0.195,全国,●,
3956,横澤剛治,123,0.168,4,0.185,0.168,全国,,,108,0.162,4,0.158,0.162,全国,,
3957,大谷直弘,129,0.187,0,,0.187,全国,●,,123,0.188,0,,0.188,全国,●,
3959,坪井康晴,141,0.129,13,0.133,0.133,当地,,,128,0.149,9,0.167,0.149,全国,,
3960,菊地孝平,141,0.112,0,,0.112,全国,,●,127,0.106,0,,0.106,全国,,●
3961,谷村一哉,115,0.164,0,,0.164,全国,,,102,0.173,0,,0.173,全国,,
3963,原田秀弥,138,0.159,0,,0.159,全国,,,119,0.175,0,,0.175,全国,,
3964,宮地博士,108,0.193,10,0.202,0.202,当地,●,,109,0.208,9,0.216,0.208,全国,●,
3965,北中元樹,144,0.164,4,0.13,0.164,全国,,,136,0.163,5,0.146,0.163,全国,,
3966,作間章,166,0.173,0,,0.173,全国,,,132,0.172,0,,0.172,全国,,
3967,鈴木茂高,94,0.182,5,0.176,0.182,全国,●,,110,0.209,3,0.217,0.209,全国,●,
3968,茶谷信次,128,0.155,0,,0.155,全国,,,115,0.189,0,,0.189,全国,●,
3973,崎利仁,119,0.188,18,0.217,0.217,当地,●,,121,0.196,16,0.204,0.204,当地,●,
3974,深山祐二,101,0.157,0,,0.157,全国,,,97,0.163,0,,0.163,全国,,
3975,小野寺智洋,116,0.139,5,0.15,0.139,全国,,,117,0.136,5,0.14,0.136,全国,,
3976,内田圭,101,0.17,0,,0.17,全国,,,103,0.176,0,,0.176,全国,,
3977,山本兼士,122,0.156,0,,0.156,全国,,,130,0.174,0,,0.174,全国,,
3978,齊藤仁,131,0.146,5,0.076,0.146,全国,,,121,0.175,4,0.14,0.175,全国,,
3981,今坂晃広,113,0.18,0,,0.18,全国,,,129,0.194,0,,0.194,全国,●,
3982,福田理,107,0.171,7,0.14,0.171,全国,,,99,0.162,7,0.239,0.162,全国,,
3983,須藤博倫,155,0.135,11,0.117,0.117,当地,,●,143,0.145,12,0.127,0.127,当地,,●
3984,坂口周,168,0.157,0,,0.157,全国,,,139,0.166,0,,0.166,全国,,
3986,沖島広和,61,0.161,0,,0.161,全国,,,59,0.173,0,,0.173,全国,,
3987,後藤正宗,125,0.176,0,,0.176,全国,,,126,0.145,0,,0.145,全国,,
3988,古川誠之,151,0.139,0,,0.139,全国,,,139,0.148,0,,0.148,全国,,
3989,熊本英一,91,0.194,4,0.21,0.194,全国,●,,97,0.227,4,0.265,0.227,全国,●,
3990,芹澤克彦,102,0.137,2,0.1,0.137,全国,,,105,0.155,3,0.137,0.155,全国,,
3992,関口智久,96,0.153,0,,0.153,全国,,,93,0.137,0,,0.137,全国,,
3993,永井聖美,112,0.159,0,,0.159,全国,,,98,0.162,0,,0.162,全国,,
3994,小野桜,111,0.18,5,0.204,0.18,全国,,,99,0.183,4,0.223,0.183,全国,●,
3995,重野哲之,108,0.122,0,,0.122,全国,,●,94,0.119,0,,0.119,全国,,●
3997,北村征嗣,188,0.151,0,,0.151,全国,,,146,0.164,0,,0.164,全国,,
3998,冨成謙児,114,0.149,0,,0.149,全国,,,107,0.191,0,,0.191,全国,●,
3999,大瀧明日香,162,0.161,0,,0.161,全国,,,130,0.161,0,,0.161,全国,,
4000,松本博昭,170,0.165,13,0.191,0.191,当地,●,,146,0.176,9,0.199,0.176,全国,,
4002,古結宏,156,0.143,0,,0.143,全国,,,123,0.142,0,,0.142,全国,,
4003,表憲一,108,0.166,4,0.155,0.166,全国,,,105,0.166,4,0.16,0.166,全国,,
4004,山本浩輔,114,0.173,9,0.178,0.173,全国,,,116,0.181,7,0.183,0.181,全国,●,
4005,瀬川公則,1,0.11,0,,0.11,全国,,●,0,,0,,,全国,,
4006,小野勇作,110,0.164,0,,0.164,全国,,,108,0.174,0,,0.174,全国,,
4007,榮田将彦,90,0.141,4,0.117,0.141,全国,,,89,0.126,4,0.15,0.126,全国,,●
4009,小林一樹,120,0.123,5,0.094,0.123,全国,,●,107,0.125,4,0.11,0.125,全国,,●
4010,越智照浩,94,0.162,0,,0.162,全国,,,97,0.171,0,,0.171,全国,,
4011,堀之内紀代子,115,0.17,0,,0.17,全国,,,104,0.152,0,,0.152,全国,,
4012,中村有裕,136,0.147,0,,0.147,全国,,,105,0.155,0,,0.155,全国,,
4013,中島孝平,142,0.133,9,0.161,0.133,全国,,,137,0.142,7,0.164,0.142,全国,,
4014,片岡恵里,125,0.165,0,,0.165,全国,,,113,0.179,0,,0.179,全国,,
4015,前野竜一,154,0.155,0,,0.155,全国,,,137,0.16,0,,0.16,全国,,
4016,西川新太郎,103,0.153,0,,0.153,全国,,,112,0.162,0,,0.162,全国,,
4017,向井美鈴,122,0.18,0,,0.18,全国,,,107,0.203,0,,0.203,全国,●,
4019,笠原亮,144,0.15,0,,0.15,全国,,,130,0.174,0,,0.174,全国,,
4020,川上清人,97,0.171,0,,0.171,全国,,,107,0.19,0,,0.19,全国,●,
4022,待鳥雄紀,93,0.155,0,,0.155,全国,,,93,0.151,0,,0.151,全国,,
4023,柴田友和,96,0.176,13,0.169,0.169,当地,,,103,0.179,15,0.191,0.191,当地,●,
4024,井口佳典,138,0.153,4,0.113,0.153,全国,,,137,0.155,10,0.189,0.189,当地,●,
4025,山本隆幸,120,0.176,0,,0.176,全国,,,96,0.168,0,,0.168,全国,,
4027,松江秀徳,108,0.167,0,,0.167,全国,,,105,0.153,0,,0.153,全国,,
4028,田村隆信,154,0.143,11,0.143,0.143,当地,,,111,0.167,10,0.166,0.166,当地,,
4030,森高一真,153,0.138,0,,0.138,全国,,,138,0.138,0,,0.138,全国,,
4031,飯島誠,111,0.16,0,,0.16,全国,,,107,0.171,0,,0.171,全国,,
4033,伊藤将吉,146,0.141,0,,0.141,全国,,,125,0.145,0,,0.145,全国,,
4034,西原明生,113,0.193,10,0.162,0.162,当地,,,108,0.212,7,0.259,0.212,全国,●,
4035,杉江浩明,124,0.216,5,0.256,0.216,全国,●,,122,0.196,4,0.193,0.196,全国,●,
4036,金田諭,145,0.154,0,,0.154,全国,,,130,0.155,0,,0.155,全国,,
4039,村上功祐,120,0.155,0,,0.155,全国,,,116,0.142,0,,0.142,全国,,
4040,廣瀬将亨,162,0.151,4,0.122,0.151,全国,,,135,0.14,3,0.163,0.14,全国,,
4041,小林基樹,105,0.184,9,0.162,0.184,全国,●,,92,0.227,9,0.271,0.227,全国,●,
4042,丸岡正典,147,0.165,6,0.212,0.165,全国,,,131,0.191,7,0.237,0.191,全国,●,
4043,桐本康臣,142,0.157,0,,0.157,全国,,,121,0.161,0,,0.161,全国,,
4044,湯川浩司,142,0.136,8,0.12,0.136,全国,,,118,0.134,7,0.157,0.134,全国,,
4045,佐々木裕美,107,0.165,0,,0.165,全国,,,94,0.158,0,,0.158,全国,,
4047,吉永浩則,100,0.171,0,,0.171,全国,,,95,0.194,0,,0.194,全国,●,
4049,荒川健太,171,0.153,0,,0.153,全国,,,122,0.182,0,,0.182,全国,●,
4050,田口節子,141,0.143,0,,0.143,全国,,,116,0.159,0,,0.159,全国,,
4051,清水敦揮,111,0.163,0,,0.163,全国,,,96,0.193,0,,0.193,全国,●,
4052,興津藍,135,0.135,0,,0.135,全国,,,119,0.173,0,,0.173,全国,,
4053,芦澤望,138,0.157,6,0.113,0.157,全国,,,121,0.166,4,0.14,0.166,全国,,
4054,福嶋智之,106,0.156,5,0.156,0.156,全国,,,116,0.157,4,0.167,0.157,全国,,
4055,吉田俊彦,175,0.152,0,,0.152,全国,,,139,0.163,0,,0.163,全国,,
4056,小西英輝,17,0.154,0,,0.154,全国,,,14,0.151,0,,0.151,全国,,
4057,松井賢治,154,0.156,0,,0.156,全国,,,136,0.16,0,,0.16,全国,,
4058,野末智一,165,0.18,3,0.18,0.18,全国,,,135,0.188,3,0.2,0.188,全国,●,
4059,入澤友治,85,0.164,4,0.158,0.164,全国,,,103,0.159,2,0.225,0.159,全国,,
4060,島田一生,114,0.149,0,,0.149,全国,,,106,0.176,0,,0.176,全国,,
4061,萩原秀人,165,0.126,0,,0.126,全国,,●,141,0.137,0,,0.137,全国,,
4062,後藤陽介,94,0.178,4,0.19,0.178,全国,,,98,0.18,4,0.253,0.18,全国,,
4063,市橋卓士,171,0.123,5,0.138,0.123,全国,,●,137,0.132,5,0.194,0.132,全国,,
4064,原田篤志,166,0.149,15,0.152,0.152,当地,,,132,0.175,9,0.184,0.175,全国,,
4065,金田幸子,102,0.168,0,,0.168,全国,,,101,0.176,0,,0.176,全国,,
4066,東本勝利,133,0.161,0,,0.161,全国,,,126,0.171,0,,0.171,全国,,
4067,永井源,152,0.166,19,0.157,0.157,当地,,,133,0.162,12,0.133,0.133,当地,,
4068,幸田智裕,115,0.151,8,0.113,0.151,全国,,,117,0.169,8,0.224,0.169,全国,,
4069,山本修一,142,0.151,6,0.145,0.151,全国,,,135,0.205,5,0.3,0.205,全国,●,
4071,古賀千晶,72,0.174,0,,0.174,全国,,,74,0.169,0,,0.169,全国,,
4072,森永淳,126,0.129,0,,0.129,全国,,●,107,0.135,0,,0.135,全国,,
4073,大橋純一郎,157,0.14,0,,0.14,全国,,,135,0.166,0,,0.166,全国,,
4074,柳沢一,157,0.13,5,0.108,0.13,全国,,●,132,0.137,2,0.13,0.137,全国,,
4075,中野次郎,143,0.118,19,0.129,0.129,当地,,●,133,0.134,17,0.155,0.155,当地,,
4076,杉田篤光,149,0.181,4,0.188,0.181,全国,●,,148,0.217,3,0.17,0.217,全国,●,
4077,品田直樹,136,0.166,30,0.167,0.167,当地,,,123,0.193,20,0.212,0.212,当地,●,
4079,出畑孝典,151,0.171,4,0.117,0.171,全国,,,131,0.162,4,0.185,0.162,全国,,
4080,山崎哲司,29,0.136,0,,0.136,全国,,,21,0.16,0,,0.16,全国,,
4081,樋口範政,125,0.171,4,0.177,0.171,全国,,,124,0.191,4,0.217,0.191,全国,●,
4082,濱崎誠,105,0.158,19,0.179,0.179,当地,,,121,0.195,23,0.205,0.205,当地,●,
4083,福島勇樹,158,0.126,6,0.128,0.126,全国,,●,122,0.146,3,0.163,0.146,全国,,
4084,杉山正樹,173,0.148,20,0.127,0.127,当地,,●,147,0.156,16,0.139,0.139,当地,,
4085,荻野裕介,74,0.193,0,,0.193,全国,●,,87,0.215,0,,0.215,全国,●,
4086,寺本重宣,130,0.135,24,0.127,0.127,当地,,●,120,0.15,20,0.182,0.182,当地,●,
4089,妹尾忠幸,152,0.15,15,0.143,0.143,当地,,,139,0.173,14,0.198,0.198,当地,●,
4090,中村尊,97,0.14,0,,0.14,全国,,,100,0.166,0,,0.166,全国,,
4092,岡部大輔,105,0.144,0,,0.144,全国,,,91,0.172,0,,0.172,全国,,
4093,吉田宗弘,104,0.172,21,0.153,0.153,当地,,,93,0.19,18,0.172,0.172,当地,,
4094,中島真二,95,0.167,0,,0.167,全国,,,104,0.192,0,,0.192,全国,●,
4095,福来剛,143,0.133,30,0.143,0.143,当地,,,144,0.144,29,0.155,0.155,当地,,
4096,石橋道友,135,0.152,0,,0.152,全国,,,112,0.147,0,,0.147,全国,,
4097,貫地谷直人,86,0.197,6,0.23,0.197,全国,●,,95,0.216,3,0.233,0.216,全国,●,
4098,赤澤文香,92,0.191,5,0.23,0.191,全国,●,,88,0.202,4,0.237,0.202,全国,●,
4099,吉永則雄,135,0.171,0,,0.171,全国,,,111,0.15,0,,0.15,全国,,
4100,松田隆司,117,0.156,7,0.221,0.156,全国,,,121,0.167,8,0.143,0.167,全国,,
4102,益田啓司,152,0.143,9,0.162,0.143,全国,,,146,0.162,9,0.239,0.162,全国,,
4103,山崎善庸,94,0.208,3,0.227,0.208,全国,●,,94,0.237,2,0.375,0.237,全国,●,
4104,木下陽介,96,0.15,0,,0.15,全国,,,103,0.134,0,,0.134,全国,,
4105,松下直也,135,0.18,0,,0.18,全国,,,126,0.182,0,,0.182,全国,●,
4106,坂井康嗣,91,0.188,4,0.11,0.188,全国,●,,89,0.177,3,0.237,0.177,全国,,
4108,吉村正明,124,0.139,0,,0.139,全国,,,126,0.135,0,,0.135,全国,,
4109,谷津幸宏,149,0.122,0,,0.122,全国,,●,130,0.13,0,,0.13,全国,,●
4110,小澤和也,104,0.164,0,,0.164,全国,,,92,0.181,0,,0.181,全国,●,
4111,奥田誠,127,0.155,0,,0.155,全国,,,117,0.167,0,,0.167,全国,,
4112,大久保信一郎,107,0.15,1,0.12,0.15,全国,,,111,0.188,3,0.23,0.188,全国,●,
4113,木村浩士,118,0.177,0,,0.177,全国,,,117,0.172,0,,0.172,全国,,
4114,深澤達徳,92,0.19,0,,0.19,全国,●,,98,0.202,0,,0.202,全国,●,
4116,川田正人,103,0.179,0,,0.179,全国,,,118,0.178,0,,0.178,全国,,
4117,廣中智紗衣,133,0.199,0,,0.199,全国,●,,105,0.212,0,,0.212,全国,●,
4118,宇佐見淳,157,0.142,10,0.141,0.141,当地,,,145,0.159,9,0.15,0.159,全国,,
4119,泥谷一毅,129,0.172,0,,0.172,全国,,,118,0.172,0,,0.172,全国,,
4120,柘植政浩,147,0.154,0,,0.154,全国,,,142,0.168,0,,0.168,全国,,
4121,富永修一,126,0.141,0,,0.141,全国,,,114,0.138,0,,0.138,全国,,
4122,安東幸治,156,0.163,14,0.162,0.162,当地,,,141,0.17,13,0.187,0.187,当地,●,
4123,細川裕子,148,0.182,5,0.224,0.182,全国,●,,124,0.192,4,0.215,0.192,全国,●,
4124,池田雄一,134,0.163,5,0.154,0.163,全国,,,114,0.164,4,0.232,0.164,全国,,
4128,川口貴久,102,0.151,11,0.15,0.15,当地,,,106,0.157,6,0.178,0.157,全国,,
4129,宇野博之,99,0.177,8,0.21,0.177,全国,,,109,0.186,10,0.2,0.2,当地,●,
4131,原豊土,99,0.155,0,,0.155,全国,,,104,0.168,0,,0.168,全国,,
4133,高橋正男,141,0.152,4,0.15,0.152,全国,,,122,0.163,3,0.183,0.163,全国,,
4134,杉山貴博,130,0.154,3,0.173,0.154,全国,,,128,0.171,2,0.235,0.171,全国,,
4136,江夏満,114,0.147,5,0.174,0.147,全国,,,100,0.183,5,0.19,0.183,全国,●,
4137,君島秀三,170,0.133,0,,0.133,全国,,,126,0.128,0,,0.128,全国,,●
4138,中井俊祐,116,0.175,0,,0.175,全国,,,106,0.145,0,,0.145,全国,,
4139,丹下健,108,0.165,0,,0.165,全国,,,110,0.188,0,,0.188,全国,●,
4140,梶野学志,109,0.149,0,,0.149,全国,,,92,0.173,0,,0.173,全国,,
4142,平野和明,130,0.165,11,0.132,0.132,当地,,,115,0.182,10,0.19,0.19,当地,●,
4143,浦田晃嗣,93,0.152,0,,0.152,全国,,,103,0.16,0,,0.16,全国,,
4144,石塚久也,129,0.176,0,,0.176,全国,,,115,0.17,0,,0.17,全国,,
4145,小澤学,111,0.24,13,0.249,0.249,当地,●,,107,0.266,12,0.242,0.242,当地,●,
4146,柳橋宏紀,132,0.152,10,0.141,0.141,当地,,,120,0.148,9,0.153,0.148,全国,,
4148,枝尾賢,147,0.151,11,0.138,0.138,当地,,,132,0.136,11,0.131,0.131,当地,,
4150,山田雄太,139,0.142,0,,0.142,全国,,,117,0.139,0,,0.139,全国,,
4151,下河誉史,135,0.181,0,,0.181,全国,●,,107,0.2,0,,0.2,全国,●,
4152,深水慎一郎,113,0.17,0,,0.17,全国,,,100,0.171,0,,0.171,全国,,
4154,森安弘雅,119,0.169,0,,0.169,全国,,,109,0.197,0,,0.197,全国,●,
4155,長野壮志郎,135,0.157,0,,0.157,全国,,,115,0.151,0,,0.151,全国,,
4156,浜野孝志,140,0.15,0,,0.15,全国,,,132,0.167,0,,0.167,全国,,
4158,木場雄二郎,110,0.168,0,,0.168,全国,,,110,0.156,0,,0.156,全国,,
4159,向後龍一,164,0.146,19,0.147,0.147,当地,,,136,0.169,12,0.201,0.201,当地,●,
4161,黒柳浩孝,123,0.164,23,0.149,0.149,当地,,,114,0.152,19,0.154,0.154,当地,,
4162,竹本太樹,51,0.161,3,0.177,0.161,全国,,,49,0.189,3,0.27,0.189,全国,●,
4163,山崎裕司,163,0.161,0,,0.161,全国,,,132,0.172,0,,0.172,全国,,
4164,岩永節也,97,0.168,0,,0.168,全国,,,91,0.203,0,,0.203,全国,●,
4166,吉田拡郎,150,0.127,0,,0.127,全国,,●,140,0.117,0,,0.117,全国,,●
4167,片岡秀樹,94,0.155,12,0.161,0.161,当地,,,105,0.151,13,0.208,0.208,当地,●,
4168,石野貴之,157,0.141,0,,0.141,全国,,,108,0.154,0,,0.154,全国,,
4169,多田有佑,97,0.192,16,0.221,0.221,当地,●,,102,0.216,13,0.299,0.299,当地,●,
4171,榎幸司,163,0.166,0,,0.166,全国,,,136,0.2,0,,0.2,全国,●,
4172,森定晃史,159,0.141,15,0.13,0.13,当地,,●,136,0.179,12,0.22,0.22,当地,●,
4173,岡谷健吾,120,0.172,5,0.15,0.172,全国,,,124,0.17,5,0.206,0.17,全国,,
4174,赤坂俊輔,183,0.149,5,0.172,0.149,全国,,,122,0.158,3,0.217,0.158,全国,,
4175,川尻泰輔,112,0.138,0,,0.138,全国,,,107,0.129,0,,0.129,全国,,●
4176,樋口喜彦,66,0.164,5,0.12,0.164,全国,,,72,0.17,4,0.225,0.17,全国,,
4177,萬正嗣,84,0.162,0,,0.162,全国,,,89,0.172,0,,0.172,全国,,
4179,広次修,136,0.148,12,0.172,0.172,当地,,,131,0.165,11,0.173,0.173,当地,,
4180,上野秀和,128,0.165,0,,0.165,全国,,,122,0.155,0,,0.155,全国,,
4181,花本夏樹,106,0.182,5,0.158,0.182,全国,●,,93,0.229,3,0.263,0.229,全国,●,
4182,吉田和仁,128,0.157,6,0.19,0.157,全国,,,126,0.199,4,0.22,0.199,全国,●,
4183,宇野弥生,101,0.145,0,,0.145,全国,,,104,0.148,0,,0.148,全国,,
4184,渡邊雄一郎,124,0.16,0,,0.16,全国,,,105,0.161,0,,0.161,全国,,
4186,小川時光,97,0.159,0,,0.159,全国,,,98,0.161,0,,0.161,全国,,
4188,久田敏之,134,0.125,0,,0.125,全国,,●,118,0.115,0,,0.115,全国,,●
4189,川上剛,182,0.166,9,0.211,0.166,全国,,,120,0.182,6,0.287,0.182,全国,●,
4190,長嶋万記,90,0.17,6,0.182,0.17,全国,,,74,0.154,3,0.203,0.154,全国,,
4191,赤羽克也,145,0.152,0,,0.152,全国,,,108,0.159,0,,0.159,全国,,
4193,郷原章平,171,0.132,10,0.124,0.124,当地,,●,138,0.163,5,0.224,0.163,全国,,
4195,前川守嗣,110,0.145,0,,0.145,全国,,,108,0.149,0,,0.149,全国,,
4196,田中太一郎,110,0.182,4,0.25,0.182,全国,●,,120,0.173,4,0.19,0.173,全国,,
4197,渥美卓郎,114,0.184,8,0.173,0.184,全国,●,,103,0.186,8,0.214,0.186,全国,●,
4199,北川潤二,258,0.147,0,,0.147,全国,,,81,0.155,0,,0.155,全国,,
4200,早川尚人,114,0.179,5,0.248,0.179,全国,,,109,0.173,2,0.37,0.173,全国,,
4201,佐竹友樹,91,0.168,8,0.204,0.168,全国,,,105,0.161,13,0.208,0.208,当地,●,
4202,浮田圭浩,111,0.168,8,0.195,0.168,全国,,,108,0.201,6,0.275,0.201,全国,●,
4203,小倉康典,96,0.156,0,,0.156,全国,,,96,0.153,0,,0.153,全国,,
4204,柴田大輔,105,0.175,13,0.208,0.208,当地,●,,108,0.19,13,0.228,0.228,当地,●,
4205,山口剛,129,0.129,0,,0.129,全国,,●,109,0.134,0,,0.134,全国,,
4207,松下一也,125,0.127,0,,0.127,全国,,●,106,0.125,0,,0.125,全国,,●
4208,三浦永理,159,0.157,5,0.166,0.157,全国,,,129,0.147,3,0.167,0.147,全国,,
4209,藤田竜弘,133,0.171,5,0.19,0.171,全国,,,117,0.168,2,0.175,0.168,全国,,
4210,松村康太,135,0.158,0,,0.158,全国,,,123,0.169,0,,0.169,全国,,
4211,村田敦,108,0.144,20,0.166,0.166,当地,,,106,0.138,14,0.154,0.154,当地,,
4213,重富伸也,67,0.165,5,0.186,0.165,全国,,,132,0.156,4,0.22,0.156,全国,,
4214,林祐介,108,0.156,0,,0.156,全国,,,104,0.157,0,,0.157,全国,,
4215,吉島祥之,148,0.156,5,0.154,0.156,全国,,,140,0.169,5,0.238,0.169,全国,,
4216,星栄爾,124,0.134,6,0.155,0.134,全国,,,130,0.158,4,0.263,0.158,全国,,
4218,吉川喜継,185,0.144,4,0.108,0.144,全国,,,100,0.166,2,0.115,0.166,全国,,
4219,本岡勝利,93,0.184,3,0.257,0.184,全国,●,,110,0.203,13,0.235,0.235,当地,●,
4220,深川和仁,106,0.17,0,,0.17,全国,,,113,0.168,0,,0.168,全国,,
4224,大橋栄里佳,123,0.196,0,,0.196,全国,●,,113,0.197,0,,0.197,全国,●,
4225,土屋千明,113,0.147,5,0.144,0.147,全国,,,92,0.165,3,0.167,0.165,全国,,
4226,村田浩司,116,0.159,0,,0.159,全国,,,107,0.147,0,,0.147,全国,,
4227,安達裕樹,132,0.151,12,0.149,0.149,当地,,,116,0.159,13,0.166,0.166,当地,,
4228,吉田慎二郎,137,0.179,5,0.21,0.179,全国,,,128,0.157,3,0.137,0.157,全国,,
4229,市川美宏,96,0.177,0,,0.177,全国,,,90,0.189,0,,0.189,全国,●,
4230,濱崎直矢,93,0.132,0,,0.132,全国,,,98,0.168,0,,0.168,全国,,
4231,鈴木裕隆,146,0.167,8,0.128,0.167,全国,,,128,0.174,8,0.179,0.174,全国,,
4232,笠雅雄,108,0.168,8,0.16,0.168,全国,,,108,0.172,7,0.214,0.172,全国,,
4233,亀山雅幸,140,0.154,1,0.17,0.154,全国,,,130,0.187,6,0.277,0.187,全国,●,
4234,野相弘司,95,0.149,0,,0.149,全国,,,98,0.193,0,,0.193,全国,●,
4236,松村敏,159,0.12,0,,0.12,全国,,●,127,0.112,0,,0.112,全国,,●
4237,大峯豊,160,0.138,0,,0.138,全国,,,126,0.151,0,,0.151,全国,,
4238,毒島誠,134,0.139,0,,0.139,全国,,,71,0.142,0,,0.142,全国,,
4239,竹田辰也,152,0.136,0,,0.136,全国,,,121,0.158,0,,0.158,全国,,
4240,今井裕梨,130,0.142,8,0.154,0.142,全国,,,108,0.15,9,0.184,0.15,全国,,
4241,大串重幸,138,0.154,4,0.168,0.154,全国,,,125,0.182,6,0.212,0.182,全国,●,
4243,西村歩,136,0.172,0,,0.172,全国,,,116,0.178,0,,0.178,全国,,
4244,鈴木成美,70,0.14,0,,0.14,全国,,,71,0.15,0,,0.15,全国,,
4245,高橋直哉,109,0.184,27,0.17,0.17,当地,,,107,0.183,25,0.194,0.194,当地,●,
4246,喜多那由夏,113,0.179,0,,0.179,全国,,,105,0.185,0,,0.185,全国,●,
4247,齊藤優,123,0.157,0,,0.157,全国,,,115,0.158,0,,0.158,全国,,
4248,岡本大,103,0.15,0,,0.15,全国,,,107,0.182,0,,0.182,全国,●,
4251,川崎誠志,123,0.2,11,0.148,0.148,当地,,,120,0.213,9,0.228,0.213,全国,●,
4252,松下哲也,103,0.168,0,,0.168,全国,,,122,0.184,0,,0.184,全国,●,
4253,西川真人,124,0.176,0,,0.176,全国,,,119,0.181,0,,0.181,全国,●,
4254,川島圭司,104,0.137,0,,0.137,全国,,,100,0.15,0,,0.15,全国,,
4256,渡辺浩司,141,0.13,0,,0.13,全国,,●,120,0.141,0,,0.141,全国,,
4257,古川健,99,0.148,18,0.127,0.127,当地,,●,98,0.155,17,0.145,0.145,当地,,
4258,関根彰人,107,0.15,13,0.16,0.16,当地,,,108,0.198,12,0.228,0.228,当地,●,
4259,真庭明志,157,0.14,5,0.156,0.14,全国,,,129,0.159,4,0.15,0.159,全国,,
4260,中越博紀,136,0.16,0,,0.16,全国,,,135,0.173,0,,0.173,全国,,
4261,岡祐臣,157,0.153,4,0.175,0.153,全国,,,140,0.165,5,0.194,0.165,全国,,
4262,馬場貴也,168,0.129,0,,0.129,全国,,●,131,0.148,0,,0.148,全国,,
4263,武重雄介,106,0.157,1,0.18,0.157,全国,,,110,0.202,2,0.22,0.202,全国,●,
4264,長尾章平,156,0.157,6,0.172,0.157,全国,,,133,0.172,5,0.174,0.172,全国,,
4266,長田頼宗,147,0.136,18,0.123,0.123,当地,,●,120,0.16,16,0.174,0.174,当地,,
4268,和合俊介,46,0.168,0,,0.168,全国,,,54,0.189,0,,0.189,全国,●,
4269,杉山裕也,162,0.147,10,0.136,0.136,当地,,,130,0.144,10,0.122,0.122,当地,,●
4270,岸本雄貴,108,0.153,5,0.162,0.153,全国,,,108,0.189,5,0.178,0.189,全国,●,
4271,川崎公靖,95,0.159,0,,0.159,全国,,,100,0.163,0,,0.163,全国,,
4272,大場広孝,106,0.141,0,,0.141,全国,,,106,0.175,0,,0.175,全国,,
4273,佐藤旭,115,0.181,3,0.25,0.181,全国,●,,113,0.191,5,0.238,0.191,全国,●,
4274,長畑友輔,101,0.156,0,,0.156,全国,,,98,0.161,0,,0.161,全国,,
4275,菅野はやか,75,0.217,0,,0.217,全国,●,,71,0.19,0,,0.19,全国,●,
4276,鈴木勝博,121,0.164,0,,0.164,全国,,,117,0.149,0,,0.149,全国,,
4277,金田大輔,96,0.169,11,0.214,0.214,当地,●,,107,0.152,9,0.167,0.152,全国,,
4278,藤岡俊介,172,0.109,0,,0.109,全国,,●,137,0.133,0,,0.133,全国,,
4281,大澤大夢,110,0.15,0,,0.15,全国,,,98,0.174,0,,0.174,全国,,
4283,石井裕美,100,0.169,14,0.15,0.15,当地,,,92,0.174,13,0.152,0.152,当地,,
4286,平田さやか,177,0.146,12,0.13,0.13,当地,,●,146,0.158,7,0.221,0.158,全国,,
4287,今井貴士,146,0.161,0,,0.161,全国,,,129,0.161,0,,0.161,全国,,
4288,永田啓二,176,0.124,0,,0.124,全国,,●,133,0.114,0,,0.114,全国,,●
4289,落合直子,138,0.14,0,,0.14,全国,,,118,0.142,0,,0.142,全国,,
4290,稲田浩二,136,0.131,3,0.19,0.131,全国,,,122,0.112,5,0.13,0.112,全国,,●
4292,麻生慎介,141,0.14,0,,0.14,全国,,,119,0.134,0,,0.134,全国,,
4293,鈴木智啓,134,0.166,4,0.133,0.166,全国,,,125,0.171,3,0.197,0.171,全国,,
4294,古賀繁輝,143,0.144,1,0.15,0.144,全国,,,113,0.12,1,0.2,0.12,全国,,●
4295,小坂尚哉,171,0.138,6,0.117,0.138,全国,,,135,0.135,4,0.177,0.135,全国,,
4296,岡崎恭裕,102,0.135,11,0.157,0.157,当地,,,88,0.146,7,0.14,0.146,全国,,
4297,山田哲也,148,0.123,18,0.125,0.125,当地,,●,127,0.097,15,0.121,0.121,当地,,●
4298,宮下元胤,151,0.16,6,0.137,0.16,全国,,,124,0.173,4,0.142,0.173,全国,,
4299,中島浩哉,89,0.138,0,,0.138,全国,,,93,0.154,0,,0.154,全国,,
4300,加藤綾,124,0.163,5,0.198,0.163,全国,,,114,0.176,4,0.19,0.176,全国,,
4301,関裕也,97,0.175,0,,0.175,全国,,,84,0.176,0,,0.176,全国,,
4302,西野翔太,201,0.138,0,,0.138,全国,,,90,0.134,0,,0.134,全国,,
4303,牧原崇,107,0.164,0,,0.164,全国,,,105,0.181,0,,0.181,全国,●,
4305,金子拓矢,129,0.142,5,0.144,0.142,全国,,,114,0.148,4,0.22,0.148,全国,,
4306,畔柳俊吾,93,0.2,0,,0.2,全国,●,,97,0.188,0,,0.188,全国,●,
4308,河村了,159,0.153,0,,0.153,全国,,,119,0.172,0,,0.172,全国,,
4311,岡村仁,176,0.145,16,0.131,0.131,当地,,,130,0.16,12,0.166,0.166,当地,,
4313,西村美智子,107,0.145,0,,0.145,全国,,,97,0.15,0,,0.15,全国,,
4314,青木幸太郎,138,0.157,0,,0.157,全国,,,116,0.145,0,,0.145,全国,,
4315,山崎昂介,107,0.17,0,,0.17,全国,,,109,0.173,0,,0.173,全国,,
4317,木村紗友希,105,0.173,0,,0.173,全国,,,107,0.174,0,,0.174,全国,,
4318,桑原将光,121,0.154,14,0.156,0.156,当地,,,118,0.162,20,0.191,0.191,当地,●,
4319,三宅潤,148,0.165,5,0.17,0.165,全国,,,139,0.183,4,0.182,0.183,全国,●,
4320,峰竜太,137,0.129,0,,0.129,全国,,●,90,0.125,0,,0.125,全国,,●
4323,山田佑樹,104,0.157,0,,0.157,全国,,,111,0.157,0,,0.157,全国,,
4324,海野康志郎,224,0.123,3,0.11,0.123,全国,,●,102,0.143,2,0.185,0.143,全国,,
4325,新出浩司,100,0.15,3,0.19,0.15,全国,,,92,0.161,4,0.345,0.161,全国,,
4327,加藤翔,111,0.185,5,0.202,0.185,全国,●,,113,0.203,5,0.214,0.203,全国,●,
4329,小松卓司,103,0.156,0,,0.156,全国,,,116,0.188,0,,0.188,全国,●,
4330,奈須啓太,143,0.13,5,0.082,0.13,全国,,●,122,0.125,4,0.195,0.125,全国,,●
4331,三好勇人,128,0.132,0,,0.132,全国,,,121,0.17,0,,0.17,全国,,
4332,村上彰一,89,0.173,0,,0.173,全国,,,95,0.213,0,,0.213,全国,●,
4335,若林将,148,0.123,9,0.137,0.123,全国,,●,121,0.12,4,0.115,0.12,全国,,●
4336,松田竜馬,123,0.134,0,,0.134,全国,,,114,0.155,0,,0.155,全国,,
4337,平本真之,152,0.13,9,0.146,0.13,全国,,●,130,0.136,8,0.177,0.136,全国,,
4339,平瀬城啓,107,0.176,4,0.17,0.176,全国,,,104,0.188,3,0.213,0.188,全国,●,
4340,土性雅也,22,0.204,0,,0.204,全国,●,,38,0.22,0,,0.22,全国,●,
4342,谷野錬志,121,0.146,0,,0.146,全国,,,115,0.143,0,,0.143,全国,,
4343,村岡賢,118,0.167,6,0.145,0.167,全国,,,102,0.177,4,0.173,0.177,全国,,
4344,新田雄史,145,0.118,4,0.145,0.118,全国,,●,109,0.148,3,0.227,0.148,全国,,
4345,西舘健,128,0.147,26,0.159,0.159,当地,,,117,0.161,26,0.17,0.17,当地,,
4346,前田健太郎,106,0.166,0,,0.166,全国,,,116,0.172,0,,0.172,全国,,
4347,魚谷香織,130,0.171,5,0.164,0.171,全国,,,110,0.175,4,0.188,0.175,全国,,
4348,宮崎奨,143,0.154,0,,0.154,全国,,,130,0.166,0,,0.166,全国,,
4349,犬童千秋,83,0.166,0,,0.166,全国,,,98,0.147,0,,0.147,全国,,
4350,篠崎元志,157,0.125,0,,0.125,全国,,●,123,0.14,0,,0.14,全国,,
4351,里岡右貴,171,0.13,0,,0.13,全国,,●,127,0.126,0,,0.126,全国,,●
4352,下條雄太郎,125,0.135,10,0.14,0.14,当地,,,100,0.151,6,0.148,0.151,全国,,
4355,小川広大,55,0.187,5,0.25,0.187,全国,●,,65,0.231,5,0.224,0.231,全国,●,
4356,長岡良也,127,0.159,0,,0.159,全国,,,118,0.167,0,,0.167,全国,,
4357,田中和也,173,0.165,5,0.174,0.165,全国,,,117,0.169,2,0.295,0.169,全国,,
4358,松本庸平,103,0.2,13,0.196,0.196,当地,●,,95,0.243,12,0.247,0.247,当地,●,
4359,横川聖志,116,0.134,0,,0.134,全国,,,103,0.135,0,,0.135,全国,,
4360,庄司孝輔,132,0.177,0,,0.177,全国,,,119,0.17,0,,0.17,全国,,
4361,柳生泰二,134,0.138,0,,0.138,全国,,,113,0.151,0,,0.151,全国,,
4362,土屋智則,137,0.142,0,,0.142,全国,,,98,0.153,0,,0.153,全国,,
4363,大野芳顕,150,0.144,6,0.232,0.144,全国,,,141,0.167,5,0.276,0.167,全国,,
4364,池永太,150,0.125,16,0.102,0.102,当地,,●,124,0.136,10,0.184,0.184,当地,●,
4365,盛本真輔,134,0.161,0,,0.161,全国,,,109,0.187,0,,0.187,全国,●,
4366,前沢丈史,163,0.143,29,0.136,0.136,当地,,,132,0.138,23,0.157,0.157,当地,,
4367,山口修路,90,0.179,0,,0.179,全国,,,98,0.228,0,,0.228,全国,●,
4368,山口隆史,94,0.173,9,0.199,0.173,全国,,,92,0.221,9,0.233,0.221,全国,●,
4369,丹下将,153,0.159,6,0.14,0.159,全国,,,145,0.163,4,0.195,0.163,全国,,
4370,山口達也,167,0.137,21,0.133,0.133,当地,,,100,0.149,19,0.148,0.148,当地,,
4371,西山貴浩,132,0.125,0,,0.125,全国,,●,110,0.14,0,,0.14,全国,,
4372,原田佑実,112,0.172,0,,0.172,全国,,,102,0.15,0,,0.15,全国,,
4373,若狭奈美子,153,0.165,0,,0.165,全国,,,126,0.194,0,,0.194,全国,●,
4374,永田義紘,107,0.151,10,0.156,0.156,当地,,,109,0.154,10,0.165,0.165,当地,,
4375,照屋厚仁,150,0.154,9,0.164,0.154,全国,,,135,0.16,8,0.143,0.16,全国,,
4376,藤田靖弘,156,0.14,0,,0.14,全国,,,146,0.167,0,,0.167,全国,,
4377,濱本優一,157,0.136,17,0.159,0.159,当地,,,141,0.152,13,0.151,0.151,当地,,
4379,桑島和宏,157,0.147,28,0.135,0.135,当地,,,135,0.163,22,0.145,0.145,当地,,
4380,鈴木峻佑,122,0.16,7,0.184,0.16,全国,,,111,0.166,7,0.201,0.166,全国,,
4381,田路朋史,146,0.169,10,0.153,0.153,当地,,,123,0.161,5,0.15,0.161,全国,,
4382,高山智至,112,0.153,4,0.173,0.153,全国,,,119,0.183,4,0.2,0.183,全国,●,
4383,竹田吉行,123,0.167,3,0.253,0.167,全国,,,118,0.179,4,0.292,0.179,全国,,
4384,鶴本崇文,157,0.154,13,0.193,0.193,当地,●,,127,0.186,7,0.204,0.186,全国,●,
4385,鈴木祐美子,59,0.195,5,0.196,0.195,全国,●,,57,0.214,4,0.21,0.214,全国,●,
4387,平山智加,160,0.15,0,,0.15,全国,,,133,0.152,0,,0.152,全国,,
4388,是澤孝宏,156,0.156,22,0.146,0.146,当地,,,153,0.173,22,0.181,0.181,当地,●,
4389,伊藤喜智,117,0.174,0,,0.174,全国,,,115,0.176,0,,0.176,全国,,
4390,松本弓雄,113,0.197,3,0.237,0.197,全国,●,,117,0.174,2,0.135,0.174,全国,,
4391,松田祐季,149,0.149,11,0.135,0.135,当地,,,127,0.169,7,0.22,0.169,全国,,
4393,田中孝明,97,0.171,0,,0.171,全国,,,98,0.218,0,,0.218,全国,●,
4394,永嶋裕一,126,0.144,11,0.138,0.138,当地,,,120,0.143,8,0.151,0.143,全国,,
4395,下河雅史,123,0.171,4,0.117,0.171,全国,,,125,0.18,5,0.168,0.18,全国,,
4396,大田直弥,125,0.169,0,,0.169,全国,,,123,0.204,0,,0.204,全国,●,
4397,西村拓也,168,0.131,13,0.132,0.132,当地,,,131,0.136,12,0.147,0.147,当地,,
4398,船岡洋一郎,160,0.135,10,0.196,0.196,当地,●,,143,0.144,10,0.156,0.156,当地,,
4400,加藤奈月,101,0.186,5,0.166,0.186,全国,●,,102,0.188,5,0.232,0.188,全国,●,
4401,小林泰,118,0.139,18,0.124,0.124,当地,,●,114,0.139,19,0.142,0.142,当地,,
4402,乙藤智史,122,0.158,5,0.096,0.158,全国,,,110,0.169,5,0.188,0.169,全国,,
4403,木下大將,133,0.137,14,0.139,0.139,当地,,,120,0.148,12,0.163,0.163,当地,,
4404,岸蔭亮,103,0.194,0,,0.194,全国,●,,96,0.189,0,,0.189,全国,●,
4405,南野利騰,107,0.164,3,0.193,0.164,全国,,,99,0.155,3,0.143,0.155,全国,,
4406,幸野史明,106,0.154,0,,0.154,全国,,,124,0.16,0,,0.16,全国,,
4407,鹿島敏弘,132,0.158,22,0.142,0.142,当地,,,120,0.184,20,0.202,0.202,当地,●,
4408,仁科さやか,82,0.172,0,,0.172,全国,,,90,0.205,0,,0.205,全国,●,
4409,坂元浩仁,147,0.145,7,0.143,0.145,全国,,,122,0.155,7,0.163,0.155,全国,,
4410,井上大輔,125,0.156,0,,0.156,全国,,,109,0.157,0,,0.157,全国,,
4411,沢田昭宏,139,0.183,3,0.197,0.183,全国,●,,134,0.182,2,0.25,0.182,全国,●,
4413,水摩敦,175,0.174,0,,0.174,全国,,,129,0.166,0,,0.166,全国,,
4414,大澤真菜,100,0.166,10,0.179,0.179,当地,,,84,0.191,9,0.267,0.191,全国,●,
4415,下出卓矢,133,0.132,0,,0.132,全国,,,136,0.149,0,,0.149,全国,,
4416,三宅健太,118,0.166,0,,0.166,全国,,,114,0.183,0,,0.183,全国,●,
4417,服部剛,90,0.2,0,,0.2,全国,●,,91,0.202,0,,0.202,全国,●,
4418,茅原悠紀,152,0.122,8,0.104,0.122,全国,,●,114,0.124,8,0.109,0.124,全国,,●
4419,原加央理,107,0.156,0,,0.156,全国,,,99,0.157,0,,0.157,全国,,
4420,津久井拓也,163,0.152,20,0.128,0.128,当地,,●,142,0.164,16,0.178,0.178,当地,,
4421,森作広大,75,0.158,0,,0.158,全国,,,86,0.211,0,,0.211,全国,●,
4422,永井亮次,102,0.154,0,,0.154,全国,,,108,0.186,0,,0.186,全国,●,
4423,坂口貴彦,113,0.157,0,,0.157,全国,,,126,0.162,0,,0.162,全国,,
4424,松尾昂明,158,0.152,0,,0.152,全国,,,142,0.164,0,,0.164,全国,,
4425,大井清貴,88,0.183,4,0.175,0.183,全国,●,,87,0.173,3,0.227,0.173,全国,,
4427,秦英悟,136,0.131,5,0.132,0.131,全国,,,119,0.14,5,0.166,0.14,全国,,
4428,有賀達也,139,0.13,0,,0.13,全国,,●,123,0.134,0,,0.134,全国,,
4429,豊田泰洋,104,0.162,6,0.142,0.162,全国,,,106,0.203,4,0.282,0.203,全国,●,
4430,永田秀二,153,0.154,28,0.148,0.148,当地,,,133,0.177,25,0.179,0.179,当地,,
4431,石塚裕介,88,0.144,3,0.187,0.144,全国,,,96,0.188,4,0.18,0.188,全国,●,
4432,黄金井力良,125,0.142,16,0.146,0.146,当地,,,120,0.158,13,0.186,0.186,当地,●,
4433,川野芽唯,169,0.166,0,,0.166,全国,,,127,0.184,0,,0.184,全国,●,
4434,田中辰彦,142,0.16,0,,0.16,全国,,,117,0.17,0,,0.17,全国,,
4435,服部達哉,114,0.167,0,,0.167,全国,,,111,0.178,0,,0.178,全国,,
4436,渋谷明憲,142,0.155,0,,0.155,全国,,,119,0.16,0,,0.16,全国,,
4437,中田元泰,152,0.152,6,0.14,0.152,全国,,,134,0.164,3,0.157,0.164,全国,,
4438,森作雄大,138,0.131,39,0.12,0.12,当地,,●,131,0.114,32,0.13,0.13,当地,,●
4439,近藤友宝,98,0.174,0,,0.174,全国,,,90,0.173,0,,0.173,全国,,
4440,萩原知哉,102,0.153,24,0.162,0.162,当地,,,109,0.19,22,0.188,0.188,当地,●,
4441,末永由楽,151,0.121,14,0.109,0.109,当地,,●,128,0.132,10,0.169,0.169,当地,,
4442,松竹大輔,114,0.156,0,,0.156,全国,,,109,0.171,0,,0.171,全国,,
4443,津田裕絵,137,0.173,0,,0.173,全国,,,125,0.195,0,,0.195,全国,●,
4444,桐生順平,121,0.13,0,,0.13,全国,,●,110,0.139,0,,0.139,全国,,
4445,宮地元輝,126,0.116,0,,0.116,全国,,●,132,0.118,0,,0.118,全国,,●
4446,和田兼輔,161,0.133,0,,0.133,全国,,,136,0.139,0,,0.139,全国,,
4447,深川麻奈美,117,0.173,0,,0.173,全国,,,123,0.177,0,,0.177,全国,,
4448,青木玄太,142,0.144,0,,0.144,全国,,,133,0.157,0,,0.157,全国,,
4449,中嶋達也,94,0.168,3,0.16,0.168,全国,,,105,0.156,4,0.27,0.156,全国,,
4450,平高奈菜,126,0.167,0,,0.167,全国,,,111,0.162,0,,0.162,全国,,
4451,松崎祐太郎,153,0.145,6,0.168,0.145,全国,,,118,0.168,4,0.175,0.168,全国,,
4452,松尾祭,143,0.157,16,0.162,0.162,当地,,,136,0.183,17,0.188,0.188,当地,●,
4456,鎌倉涼,116,0.148,0,,0.148,全国,,,104,0.174,0,,0.174,全国,,
4457,神田達也,81,0.156,0,,0.156,全国,,,95,0.172,0,,0.172,全国,,
4458,抹香雄三,115,0.149,9,0.143,0.149,全国,,,115,0.153,11,0.158,0.158,当地,,
4459,片岡雅裕,131,0.127,13,0.127,0.127,当地,,●,125,0.125,9,0.141,0.125,全国,,●
4460,後藤翔之,148,0.138,6,0.148,0.138,全国,,,126,0.156,4,0.172,0.156,全国,,
4461,安田吉宏,113,0.166,0,,0.166,全国,,,111,0.161,0,,0.161,全国,,
4462,夏山亮平,88,0.148,0,,0.148,全国,,,101,0.159,0,,0.159,全国,,
4463,三苫晃幸,135,0.15,0,,0.15,全国,,,125,0.166,0,,0.166,全国,,
4464,山下友貴,106,0.174,5,0.17,0.174,全国,,,107,0.208,4,0.208,0.208,全国,●,
4465,大西賢,81,0.178,17,0.154,0.154,当地,,,88,0.208,16,0.242,0.242,当地,●,
4466,南佑典,131,0.161,11,0.176,0.176,当地,,,113,0.185,10,0.235,0.235,当地,●,
4467,渡邉俊介,151,0.134,11,0.144,0.144,当地,,,140,0.14,9,0.182,0.14,全国,,
4468,大池佑来,140,0.141,13,0.148,0.148,当地,,,126,0.151,17,0.164,0.164,当地,,
4469,土山卓也,126,0.165,0,,0.165,全国,,,124,0.173,0,,0.173,全国,,
4470,平田健之佑,144,0.13,17,0.128,0.128,当地,,●,107,0.16,16,0.154,0.154,当地,,
4471,新田泰章,171,0.142,10,0.156,0.156,当地,,,144,0.164,9,0.157,0.164,全国,,
4472,尾嶋一広,163,0.155,12,0.146,0.146,当地,,,145,0.153,12,0.164,0.164,当地,,
4473,藤堂里香,83,0.175,9,0.178,0.175,全国,,,94,0.177,10,0.16,0.16,当地,,
4474,渡辺崇,104,0.167,3,0.193,0.167,全国,,,111,0.196,12,0.246,0.246,当地,●,
4475,末永祐輝,166,0.145,10,0.123,0.123,当地,,●,124,0.158,11,0.178,0.178,当地,,
4477,篠崎仁志,148,0.132,0,,0.132,全国,,,123,0.138,0,,0.138,全国,,
4478,櫻本あゆみ,134,0.146,11,0.139,0.139,当地,,,117,0.155,8,0.133,0.155,全国,,
4479,矢野真梨菜,75,0.18,0,,0.18,全国,,,76,0.197,0,,0.197,全国,●,
4482,守屋美穂,148,0.157,0,,0.157,全国,,,119,0.175,0,,0.175,全国,,
4483,北野輝季,146,0.145,14,0.164,0.164,当地,,,131,0.139,10,0.137,0.137,当地,,
4484,稲生夏季,106,0.199,6,0.243,0.199,全国,●,,104,0.197,4,0.177,0.197,全国,●,
4485,楠原正剛,119,0.162,4,0.163,0.162,全国,,,113,0.161,3,0.197,0.161,全国,,
4486,野村誠,111,0.165,13,0.152,0.152,当地,,,126,0.176,10,0.205,0.205,当地,●,
4487,三原司,117,0.175,0,,0.175,全国,,,107,0.18,0,,0.18,全国,,
4488,小山勉,131,0.164,2,0.33,0.164,全国,,,119,0.172,1,0.35,0.172,全国,,
4489,岩川仁士,110,0.137,0,,0.137,全国,,,125,0.166,0,,0.166,全国,,
4491,田中堅,105,0.186,12,0.201,0.201,当地,●,,109,0.205,13,0.208,0.208,当地,●,
4492,本多宏和,25,0.14,0,,0.14,全国,,,21,0.185,0,,0.185,全国,●,
4494,河合佑樹,114,0.136,0,,0.136,全国,,,111,0.163,0,,0.163,全国,,
4495,森晋太郎,76,0.142,4,0.133,0.142,全国,,,93,0.15,4,0.098,0.15,全国,,
4496,内堀学,172,0.16,0,,0.16,全国,,,114,0.147,0,,0.147,全国,,
4497,桑原悠,147,0.133,0,,0.133,全国,,,114,0.15,0,,0.15,全国,,
4498,宮本夏樹,65,0.166,0,,0.166,全国,,,71,0.172,0,,0.172,全国,,
4499,滝川真由子,95,0.179,5,0.168,0.179,全国,,,87,0.187,4,0.167,0.187,全国,●,
4500,山田康二,158,0.123,15,0.128,0.128,当地,,●,119,0.14,9,0.161,0.14,全国,,
4501,樋口由加里,144,0.148,0,,0.148,全国,,,129,0.151,0,,0.151,全国,,
4502,遠藤エミ,143,0.136,0,,0.136,全国,,,131,0.141,0,,0.141,全国,,
4503,上野真之介,157,0.114,0,,0.114,全国,,●,141,0.119,0,,0.119,全国,,●
4504,前田将太,148,0.153,5,0.128,0.153,全国,,,116,0.126,4,0.147,0.126,全国,,●
4505,島田賢人,130,0.146,0,,0.146,全国,,,118,0.153,0,,0.153,全国,,
4506,稗田聖也,134,0.134,0,,0.134,全国,,,118,0.132,0,,0.132,全国,,
4508,野間大樹,92,0.167,13,0.158,0.158,当地,,,98,0.198,12,0.254,0.254,当地,●,
4509,平見真彦,125,0.172,9,0.174,0.172,全国,,,119,0.189,7,0.21,0.189,全国,●,
4510,坂本奈央,56,0.223,5,0.342,0.223,全国,●,,60,0.225,4,0.328,0.225,全国,●,
4511,中岡健人,108,0.159,5,0.158,0.159,全国,,,113,0.185,5,0.23,0.185,全国,●,
4512,高野哲史,174,0.148,0,,0.148,全国,,,150,0.153,0,,0.153,全国,,
4513,河野真也,142,0.171,6,0.152,0.171,全国,,,124,0.187,4,0.242,0.187,全国,●,
4514,上條嘉嗣,190,0.174,3,0.137,0.174,全国,,,123,0.207,3,0.22,0.207,全国,●,
4515,藤田浩人,159,0.162,0,,0.162,全国,,,139,0.171,0,,0.171,全国,,
4516,野口勝弘,136,0.149,0,,0.149,全国,,,120,0.16,0,,0.16,全国,,
4518,大須賀友,143,0.16,0,,0.16,全国,,,109,0.188,0,,0.188,全国,●,
4519,清水沙樹,65,0.167,16,0.176,0.176,当地,,,54,0.149,12,0.148,0.148,当地,,
4520,高倉孝太,134,0.146,0,,0.146,全国,,,114,0.144,0,,0.144,全国,,
4521,小池公生,117,0.18,4,0.088,0.18,全国,,,109,0.221,8,0.311,0.221,全国,●,
4522,古澤光紀,136,0.143,0,,0.143,全国,,,113,0.149,0,,0.149,全国,,
4523,中村辰也,116,0.149,0,,0.149,全国,,,113,0.154,0,,0.154,全国,,
4524,深谷知博,134,0.125,0,,0.125,全国,,●,122,0.135,0,,0.135,全国,,
4525,真子奈津実,101,0.146,0,,0.146,全国,,,88,0.14,0,,0.14,全国,,
4526,池田雄祐,111,0.15,0,,0.15,全国,,,109,0.139,0,,0.139,全国,,
4527,高野心吾,98,0.151,0,,0.151,全国,,,99,0.188,0,,0.188,全国,●,
4528,黒井達矢,120,0.151,0,,0.151,全国,,,117,0.162,0,,0.162,全国,,
4529,嶋義信,120,0.126,0,,0.126,全国,,●,115,0.155,3,0.243,0.155,全国,,
4530,小野生奈,148,0.138,0,,0.138,全国,,,110,0.168,0,,0.168,全国,,
4531,武富智亮,161,0.147,0,,0.147,全国,,,138,0.161,0,,0.161,全国,,
4532,秋元哲,150,0.125,0,,0.125,全国,,●,110,0.14,0,,0.14,全国,,
4533,峰重侑治,75,0.184,0,,0.184,全国,●,,89,0.179,0,,0.179,全国,,
4534,坂咲友理,82,0.208,0,,0.208,全国,●,,70,0.185,0,,0.185,全国,●,
4535,北山康介,103,0.158,10,0.143,0.143,当地,,,95,0.15,8,0.144,0.15,全国,,
4536,喜井つかさ,151,0.146,6,0.133,0.146,全国,,,132,0.168,4,0.153,0.168,全国,,
4537,渡邉和将,162,0.138,0,,0.138,全国,,,131,0.141,0,,0.141,全国,,
4538,笠置博之,84,0.174,0,,0.174,全国,,,121,0.142,0,,0.142,全国,,
4539,金子賢志,151,0.13,0,,0.13,全国,,●,133,0.126,0,,0.126,全国,,●
4540,相原利章,113,0.122,5,0.194,0.122,全国,,●,111,0.126,5,0.138,0.126,全国,,●
4543,重木輝彦,151,0.153,8,0.136,0.153,全国,,,122,0.193,4,0.217,0.193,全国,●,
4544,松田大志郎,170,0.167,0,,0.167,全国,,,126,0.163,0,,0.163,全国,,
4545,岡村慶太,149,0.141,0,,0.141,全国,,,130,0.147,0,,0.147,全国,,
4546,浜田亜理沙,107,0.156,6,0.138,0.156,全国,,,88,0.166,3,0.177,0.166,全国,,
4547,中田竜太,126,0.144,0,,0.144,全国,,,130,0.164,0,,0.164,全国,,
4548,篠木亜衣花,62,0.232,5,0.204,0.232,全国,●,,61,0.25,5,0.246,0.25,全国,●,
4549,小林文彦,117,0.175,0,,0.175,全国,,,119,0.203,0,,0.203,全国,●,
4550,石岡将太,131,0.16,17,0.141,0.141,当地,,,111,0.156,16,0.162,0.162,当地,,
4551,三川昂暁,138,0.166,4,0.108,0.166,全国,,,134,0.169,4,0.165,0.169,全国,,
4552,杉山勝匡,107,0.151,6,0.172,0.151,全国,,,120,0.148,5,0.196,0.148,全国,,
4553,坪口竜也,126,0.151,0,,0.151,全国,,,118,0.163,0,,0.163,全国,,
4555,富永大一,119,0.172,0,,0.172,全国,,,110,0.186,0,,0.186,全国,●,
4556,竹井奈美,121,0.156,0,,0.156,全国,,,96,0.162,0,,0.162,全国,,
4557,松尾光広,90,0.173,0,,0.173,全国,,,103,0.218,0,,0.218,全国,●,
4558,宮野仁,80,0.176,0,,0.176,全国,,,94,0.218,0,,0.218,全国,●,
4560,庄司樹良々,107,0.141,0,,0.141,全国,,,106,0.157,0,,0.157,全国,,
4561,藤山翔大,131,0.178,5,0.226,0.178,全国,,,100,0.225,4,0.23,0.225,全国,●,
4562,阪本勇介,119,0.187,5,0.192,0.187,全国,●,,133,0.193,4,0.18,0.193,全国,●,
4563,齋藤真之,93,0.155,9,0.18,0.155,全国,,,93,0.188,7,0.164,0.188,全国,●,
4564,山本景士郎,116,0.179,9,0.14,0.179,全国,,,117,0.191,10,0.163,0.163,当地,,
4565,西村豪洋,110,0.176,9,0.202,0.176,全国,,,119,0.172,9,0.231,0.172,全国,,
4566,塩田北斗,130,0.144,0,,0.144,全国,,,124,0.131,0,,0.131,全国,,
4567,上村慎太郎,94,0.212,5,0.188,0.212,全国,●,,79,0.249,4,0.265,0.249,全国,●,
4568,廣瀬真也,114,0.14,16,0.136,0.136,当地,,,110,0.151,17,0.159,0.159,当地,,
4569,中澤宏奈,82,0.16,0,,0.16,全国,,,88,0.174,0,,0.174,全国,,
4570,前田聖文,141,0.163,0,,0.163,全国,,,120,0.15,0,,0.15,全国,,
4571,菅章哉,105,0.139,0,,0.139,全国,,,137,0.138,0,,0.138,全国,,
4572,渡部悟,126,0.144,0,,0.144,全国,,,126,0.156,0,,0.156,全国,,
4573,佐藤翼,118,0.138,0,,0.138,全国,,,117,0.14,0,,0.14,全国,,
4574,東潤樹,130,0.172,10,0.15,0.15,当地,,,120,0.182,7,0.179,0.182,全国,●,
4575,戸塚邦好,117,0.154,26,0.15,0.15,当地,,,111,0.154,24,0.153,0.153,当地,,
4578,藤山雅弘,127,0.15,0,,0.15,全国,,,114,0.188,0,,0.188,全国,●,
4579,中嶋健一郎,152,0.157,4,0.195,0.157,全国,,,124,0.15,4,0.212,0.15,全国,,
4580,長谷川雅和,124,0.157,0,,0.157,全国,,,126,0.164,0,,0.164,全国,,
4581,吉村誠,159,0.143,0,,0.143,全国,,,144,0.138,0,,0.138,全国,,
4583,古田祐貴,150,0.127,9,0.15,0.127,全国,,●,130,0.157,15,0.181,0.181,当地,●,
4584,村岡賢人,134,0.121,0,,0.121,全国,,●,120,0.122,0,,0.122,全国,,●
4586,磯部誠,138,0.114,10,0.106,0.106,当地,,●,133,0.13,9,0.156,0.13,全国,,●
4587,木田峰由季,140,0.152,0,,0.152,全国,,,119,0.183,0,,0.183,全国,●,
4588,田中京介,143,0.124,0,,0.124,全国,,●,150,0.154,0,,0.154,全国,,
4589,塩崎桐加,98,0.156,0,,0.156,全国,,,98,0.164,0,,0.164,全国,,
4590,渡邉優美,145,0.142,6,0.1,0.142,全国,,,123,0.158,3,0.233,0.158,全国,,
4592,小林孝弘,106,0.15,0,,0.15,全国,,,103,0.156,0,,0.156,全国,,
4593,小坂宗司,128,0.148,0,,0.148,全国,,,125,0.174,0,,0.174,全国,,
4594,谷川祐一,127,0.145,0,,0.145,全国,,,112,0.165,0,,0.165,全国,,
4596,葛原大陽,136,0.149,0,,0.149,全国,,,128,0.151,0,,0.151,全国,,
4598,加藤政彦,128,0.138,32,0.148,0.148,当地,,,126,0.154,35,0.154,0.154,当地,,
4600,井内将太郎,118,0.129,0,,0.129,全国,,●,110,0.133,0,,0.133,全国,,
4601,森野正弘,166,0.13,5,0.174,0.13,全国,,●,138,0.131,3,0.187,0.131,全国,,
4603,谷川将太,121,0.149,7,0.193,0.149,全国,,,116,0.167,8,0.209,0.167,全国,,
4604,岩瀬裕亮,161,0.13,15,0.13,0.13,当地,,●,139,0.152,12,0.165,0.165,当地,,
4607,鶴田勇雄,155,0.163,4,0.253,0.163,全国,,,146,0.174,4,0.228,0.174,全国,,
4608,荒井翔伍,139,0.151,19,0.168,0.168,当地,,,123,0.167,16,0.191,0.191,当地,●,
4610,佐藤大佑,136,0.154,28,0.16,0.16,当地,,,138,0.157,26,0.174,0.174,当地,,
4611,今井美亜,148,0.133,0,,0.133,全国,,,125,0.156,0,,0.156,全国,,
4614,石倉洋行,149,0.138,17,0.181,0.181,当地,●,,123,0.125,19,0.154,0.154,当地,,
4615,板倉敦史,99,0.157,15,0.172,0.172,当地,,,99,0.203,14,0.214,0.214,当地,●,
4618,乃村康友,87,0.171,0,,0.171,全国,,,101,0.17,0,,0.17,全国,,
4619,伏田裕隆,78,0.173,18,0.169,0.169,当地,,,146,0.162,16,0.191,0.191,当地,●,
4623,中北将史,131,0.14,17,0.135,0.135,当地,,,128,0.168,15,0.199,0.199,当地,●,
4624,高田明,140,0.164,12,0.169,0.169,当地,,,124,0.16,13,0.13,0.13,当地,,●
4625,渡邊裕貴,105,0.169,3,0.267,0.169,全国,,,99,0.166,4,0.232,0.166,全国,,
4626,伊藤紘章,93,0.18,3,0.257,0.18,全国,,,94,0.231,2,0.3,0.231,全国,●,
4627,藤原菜希,122,0.144,6,0.123,0.144,全国,,,104,0.154,2,0.28,0.154,全国,,
4630,岩永雅人,112,0.183,0,,0.183,全国,●,,111,0.183,0,,0.183,全国,●,
4631,新井英孝,92,0.141,0,,0.141,全国,,,104,0.164,0,,0.164,全国,,
4632,長尾京志郎,93,0.176,14,0.213,0.213,当地,●,,91,0.193,13,0.21,0.21,当地,●,
4633,森智也,130,0.146,3,0.2,0.146,全国,,,117,0.187,3,0.217,0.187,全国,●,
4635,峰重力也,101,0.133,0,,0.133,全国,,,97,0.117,0,,0.117,全国,,●
4636,赤池修平,87,0.199,3,0.19,0.199,全国,●,,95,0.184,3,0.277,0.184,全国,●,
4637,中田友也,93,0.167,7,0.223,0.167,全国,,,100,0.18,8,0.195,0.18,全国,,
4638,小林遼太,111,0.167,0,,0.167,全国,,,110,0.192,0,,0.192,全国,●,
4639,雑賀勇貴,107,0.154,0,,0.154,全国,,,112,0.17,0,,0.17,全国,,
4640,山ノ内雅人,165,0.144,5,0.178,0.144,全国,,,140,0.144,4,0.25,0.144,全国,,
4641,磯村匠,72,0.178,8,0.206,0.178,全国,,,82,0.205,6,0.27,0.205,全国,●,
4642,松尾夏海,155,0.159,0,,0.159,全国,,,121,0.158,0,,0.158,全国,,
4643,近江翔吾,129,0.132,0,,0.132,全国,,,114,0.146,0,,0.146,全国,,
4644,山田亮太,140,0.145,26,0.147,0.147,当地,,,125,0.136,20,0.139,0.139,当地,,
4645,上村純一,146,0.138,18,0.139,0.139,当地,,,127,0.139,17,0.132,0.132,当地,,
4648,木村亮太,88,0.155,0,,0.155,全国,,,87,0.146,0,,0.146,全国,,
4649,和田操拓,148,0.132,12,0.128,0.128,当地,,●,141,0.126,13,0.108,0.108,当地,,●
4650,中山雄太,64,0.135,4,0.117,0.135,全国,,,56,0.152,3,0.193,0.152,全国,,
4651,佐藤大騎,79,0.166,10,0.194,0.194,当地,●,,99,0.172,8,0.214,0.172,全国,,
4652,酒見峻介,111,0.164,10,0.152,0.152,当地,,,103,0.18,11,0.176,0.176,当地,,
4653,小野達哉,117,0.142,6,0.158,0.142,全国,,,85,0.15,4,0.147,0.15,全国,,
4654,篠田優也,138,0.156,0,,0.156,全国,,,120,0.158,0,,0.158,全国,,
4656,大崎翔,107,0.148,10,0.125,0.125,当地,,●,108,0.159,11,0.182,0.182,当地,●,
4659,木下翔太,167,0.144,0,,0.144,全国,,,135,0.148,0,,0.148,全国,,
4660,宇田川信一,80,0.191,15,0.223,0.223,当地,●,,88,0.198,14,0.188,0.188,当地,●,
4661,中島昂章,119,0.165,4,0.11,0.165,全国,,,111,0.197,5,0.188,0.197,全国,●,
4663,籾山佳岳,44,0.142,0,,0.142,全国,,,45,0.164,0,,0.164,全国,,
4664,東口晃,81,0.184,4,0.232,0.184,全国,●,,79,0.205,4,0.26,0.205,全国,●,
4665,加藤啓太,103,0.161,8,0.208,0.161,全国,,,115,0.173,8,0.259,0.173,全国,,
4666,日笠勝弘,79,0.156,0,,0.156,全国,,,78,0.158,0,,0.158,全国,,
4669,井上茂,104,0.143,4,0.265,0.143,全国,,,99,0.188,5,0.238,0.188,全国,●,
4672,守屋大地,114,0.187,0,,0.187,全国,●,,113,0.17,0,,0.17,全国,,
4674,池田剛規,137,0.145,6,0.22,0.145,全国,,,134,0.145,4,0.193,0.145,全国,,
4675,井手良太,91,0.137,1,0.2,0.137,全国,,,93,0.115,3,0.153,0.115,全国,,●
4676,後藤隼之,122,0.14,0,,0.14,全国,,,106,0.185,0,,0.185,全国,●,
4677,片橋幸貴,116,0.145,8,0.194,0.145,全国,,,108,0.142,9,0.147,0.142,全国,,
4678,水野望美,97,0.168,0,,0.168,全国,,,96,0.176,0,,0.176,全国,,
4679,植田太一,154,0.155,10,0.142,0.142,当地,,,133,0.159,9,0.163,0.159,全国,,
4680,後藤美翼,141,0.185,5,0.264,0.185,全国,●,,112,0.211,5,0.238,0.211,全国,●,
4681,太田潮,64,0.156,0,,0.156,全国,,,65,0.191,0,,0.191,全国,●,
4682,大上卓人,144,0.133,0,,0.133,全国,,,137,0.148,8,0.23,0.148,全国,,
4683,向井田直弥,26,0.141,2,0.145,0.141,全国,,,92,0.142,2,0.055,0.142,全国,,
4684,楠原翔太,127,0.139,6,0.188,0.139,全国,,,112,0.143,4,0.16,0.143,全国,,
4685,島村隆幸,145,0.141,11,0.153,0.153,当地,,,120,0.163,8,0.184,0.163,全国,,
4686,丸野一樹,139,0.134,0,,0.134,全国,,,117,0.122,0,,0.122,全国,,●
4688,永井彪也,136,0.134,17,0.122,0.122,当地,,●,129,0.125,17,0.146,0.146,当地,,
4689,豊田結,106,0.155,0,,0.155,全国,,,108,0.166,0,,0.166,全国,,
4690,高石梨菜,35,0.174,0,,0.174,全国,,,28,0.173,0,,0.173,全国,,
4691,水原慎,73,0.149,0,,0.149,全国,,,69,0.175,0,,0.175,全国,,
4692,酒井俊弘,101,0.155,9,0.183,0.155,全国,,,114,0.13,7,0.151,0.13,全国,,●
4693,松下誉士,116,0.198,12,0.182,0.182,当地,●,,117,0.184,10,0.189,0.189,当地,●,
4694,高田綾,98,0.186,13,0.223,0.223,当地,●,,100,0.173,14,0.228,0.228,当地,●,
4695,尾崎雄二,112,0.148,0,,0.148,全国,,,115,0.143,0,,0.143,全国,,
4697,國弘翔平,111,0.15,5,0.156,0.15,全国,,,107,0.192,5,0.168,0.192,全国,●,
4700,金子和之,118,0.153,0,,0.153,全国,,,113,0.149,0,,0.149,全国,,
4702,三浦敬太,123,0.142,0,,0.142,全国,,,113,0.13,0,,0.13,全国,,●
4703,森永隆,135,0.147,0,,0.147,全国,,,123,0.15,0,,0.15,全国,,
4704,河野大,175,0.13,5,0.162,0.13,全国,,●,144,0.134,4,0.147,0.134,全国,,
4705,吉川勇作,90,0.136,12,0.168,0.168,当地,,,101,0.165,13,0.167,0.167,当地,,
4706,三浦洋次朗,137,0.167,5,0.172,0.167,全国,,,134,0.171,5,0.166,0.171,全国,,
4708,半田尚也,90,0.178,0,,0.178,全国,,,102,0.188,0,,0.188,全国,●,
4709,岡村将也,122,0.155,0,,0.155,全国,,,122,0.161,0,,0.161,全国,,
4710,福田宗平,163,0.143,0,,0.143,全国,,,128,0.136,0,,0.136,全国,,
4711,前出達吉,121,0.147,10,0.172,0.172,当地,,,125,0.154,10,0.17,0.17,当地,,
4713,白神優,163,0.125,4,0.16,0.125,全国,,●,150,0.129,2,0.19,0.129,全国,,●
4714,喜多須杏奈,103,0.145,0,,0.145,全国,,,104,0.188,0,,0.188,全国,●,
4715,村上遼,114,0.13,0,,0.13,全国,,●,107,0.14,0,,0.14,全国,,
4718,北川太一,116,0.16,9,0.181,0.16,全国,,,111,0.149,8,0.14,0.149,全国,,
4719,上條暢嵩,147,0.13,0,,0.13,全国,,●,125,0.137,0,,0.137,全国,,
4720,西澤日花里,95,0.195,0,,0.195,全国,●,,95,0.188,0,,0.188,全国,●,
4723,寺島吉彦,80,0.18,17,0.159,0.159,当地,,,111,0.16,14,0.149,0.149,当地,,
4724,吉田祐貴,74,0.18,5,0.176,0.18,全国,,,81,0.182,9,0.237,0.182,全国,●,
4725,佐竹太一,116,0.181,10,0.188,0.188,当地,●,,112,0.167,12,0.198,0.198,当地,●,
4726,島田なぎさ,32,0.148,0,,0.148,全国,,,28,0.139,0,,0.139,全国,,
4727,安部慎一,100,0.148,0,,0.148,全国,,,102,0.158,0,,0.158,全国,,
4728,山口亮,96,0.183,19,0.177,0.177,当地,,,96,0.2,18,0.236,0.236,当地,●,
4729,佐藤謙史朗,83,0.188,8,0.203,0.188,全国,●,,85,0.185,8,0.209,0.185,全国,●,
4730,土屋実沙希,106,0.146,0,,0.146,全国,,,97,0.179,0,,0.179,全国,,
4731,間野兼礼,95,0.174,0,,0.174,全国,,,95,0.152,0,,0.152,全国,,
4732,堀本和也,159,0.111,0,,0.111,全国,,●,134,0.116,0,,0.116,全国,,●
4733,赤井睦,87,0.15,0,,0.15,全国,,,90,0.146,0,,0.146,全国,,
4734,安河内将,147,0.143,0,,0.143,全国,,,125,0.151,0,,0.151,全国,,
4735,角山雄哉,108,0.146,16,0.161,0.161,当地,,,102,0.157,14,0.164,0.164,当地,,
4736,高倉和士,143,0.129,0,,0.129,全国,,●,134,0.129,0,,0.129,全国,,●
4737,竹井貴史,158,0.169,4,0.158,0.169,全国,,,124,0.15,5,0.21,0.15,全国,,
4738,清埜翔子,155,0.156,10,0.183,0.183,当地,●,,138,0.16,8,0.208,0.16,全国,,
4739,中村晃朋,166,0.144,2,0.13,0.144,全国,,,126,0.143,1,0.04,0.143,全国,,
4740,齋藤達希,102,0.156,5,0.208,0.156,全国,,,100,0.188,4,0.21,0.188,全国,●,
4743,木村仁紀,174,0.137,0,,0.137,全国,,,151,0.144,0,,0.144,全国,,
4744,伊藤玲奈,93,0.207,0,,0.207,全国,●,,88,0.228,0,,0.228,全国,●,
4746,大豆生田蒼,91,0.177,6,0.247,0.177,全国,,,88,0.189,3,0.237,0.189,全国,●,
4747,山戸信二,88,0.172,0,,0.172,全国,,,87,0.174,0,,0.174,全国,,
4748,渡邉雄朗,140,0.143,42,0.14,0.14,当地,,,118,0.157,34,0.154,0.154,当地,,
4750,井上尚悟,97,0.156,12,0.107,0.107,当地,,●,110,0.174,11,0.214,0.214,当地,●,
4752,西尾亮輔,97,0.165,17,0.166,0.166,当地,,,105,0.174,16,0.193,0.193,当地,●,
4753,森照夫,55,0.149,0,,0.149,全国,,,64,0.153,0,,0.153,全国,,
4754,松尾充,132,0.151,0,,0.151,全国,,,122,0.159,0,,0.159,全国,,
4757,山田祐也,153,0.134,2,0.165,0.134,全国,,,126,0.14,0,,0.14,全国,,
4758,富樫麗加,34,0.134,0,,0.134,全国,,,40,0.174,0,,0.174,全国,,
4759,今泉友吾,146,0.148,0,,0.148,全国,,,125,0.163,0,,0.163,全国,,
4760,山崎郡,179,0.14,0,,0.14,全国,,,150,0.132,0,,0.132,全国,,
4761,山田晃大,145,0.131,6,0.123,0.131,全国,,,134,0.137,4,0.175,0.137,全国,,
4762,藤原啓史朗,155,0.128,0,,0.128,全国,,●,123,0.122,0,,0.122,全国,,●
4764,小池礼乃,112,0.158,0,,0.158,全国,,,98,0.18,0,,0.18,全国,,
4765,野田部宏子,85,0.135,0,,0.135,全国,,,96,0.126,0,,0.126,全国,,●
4766,石井孝之,74,0.142,0,,0.142,全国,,,83,0.12,0,,0.12,全国,,●
4769,馬場剛,139,0.111,34,0.111,0.111,当地,,●,135,0.119,27,0.118,0.118,当地,,●
4771,下寺秀和,157,0.143,0,,0.143,全国,,,127,0.166,0,,0.166,全国,,
4772,石丸海渡,136,0.113,0,,0.113,全国,,●,119,0.106,0,,0.106,全国,,●
4773,中川りな,151,0.174,5,0.264,0.174,全国,,,128,0.186,5,0.212,0.186,全国,●,
4775,千葉真弥,97,0.138,4,0.128,0.138,全国,,,85,0.155,5,0.138,0.155,全国,,
4776,竹田和哉,167,0.141,5,0.124,0.141,全国,,,137,0.162,4,0.217,0.162,全国,,
4778,堤啓輔,93,0.162,3,0.17,0.162,全国,,,74,0.17,2,0.175,0.17,全国,,
4779,伊倉光,99,0.153,0,,0.153,全国,,,99,0.166,0,,0.166,全国,,
4781,西舘果里,30,0.159,3,0.163,0.159,全国,,,34,0.201,5,0.166,0.201,全国,●,
4782,浜崎準也,81,0.17,0,,0.17,全国,,,86,0.207,0,,0.207,全国,●,
4784,向井田真紀,72,0.187,0,,0.187,全国,●,,72,0.214,0,,0.214,全国,●,
4785,木幡純也,99,0.178,0,,0.178,全国,,,100,0.201,0,,0.201,全国,●,
4786,佐藤博亮,174,0.134,0,,0.134,全国,,,143,0.131,0,,0.131,全国,,
4787,椎名豊,156,0.128,5,0.126,0.128,全国,,●,122,0.14,4,0.15,0.14,全国,,
4788,小池哲也,160,0.144,0,,0.144,全国,,,136,0.153,0,,0.153,全国,,
4789,古賀智之,118,0.154,3,0.167,0.154,全国,,,113,0.168,3,0.16,0.168,全国,,
4790,柳内敬太,136,0.149,4,0.155,0.149,全国,,,129,0.171,5,0.17,0.171,全国,,
4791,黒澤めぐみ,124,0.189,6,0.288,0.189,全国,●,,108,0.193,4,0.25,0.193,全国,●,
4792,杉村賢也,79,0.142,0,,0.142,全国,,,68,0.182,1,0.17,0.182,全国,●,
4793,金子萌,143,0.128,5,0.16,0.128,全国,,●,136,0.13,4,0.193,0.13,全国,,●
4794,和田拓也,128,0.143,0,,0.143,全国,,,107,0.131,0,,0.131,全国,,
4796,春園功太,152,0.147,0,,0.147,全国,,,126,0.137,0,,0.137,全国,,
4797,中山将,104,0.136,0,,0.136,全国,,,120,0.157,0,,0.157,全国,,
4798,浜先真範,155,0.12,0,,0.12,全国,,●,132,0.13,0,,0.13,全国,,●
4803,飯田庄吾,97,0.174,5,0.198,0.174,全国,,,93,0.196,3,0.23,0.196,全国,●,
4804,高田ひかる,143,0.192,6,0.215,0.192,全国,●,,122,0.177,4,0.208,0.177,全国,,
4808,松尾拓,131,0.155,3,0.223,0.155,全国,,,133,0.171,3,0.24,0.171,全国,,
4809,外崎悟,106,0.162,14,0.156,0.156,当地,,,108,0.153,13,0.166,0.166,当地,,
4811,向井田佑紀,132,0.152,5,0.142,0.152,全国,,,124,0.166,4,0.217,0.166,全国,,
4812,西野雄貴,140,0.132,0,,0.132,全国,,,112,0.137,0,,0.137,全国,,
4813,宮内直哉,91,0.187,14,0.173,0.173,当地,,,91,0.198,13,0.202,0.202,当地,●,
4815,伏島祐介,73,0.188,10,0.199,0.199,当地,●,,90,0.186,8,0.198,0.186,全国,●,
4816,村松修二,121,0.142,0,,0.142,全国,,,125,0.163,0,,0.163,全国,,
4817,渡邉翼,126,0.131,0,,0.131,全国,,,97,0.15,0,,0.15,全国,,
4818,伏見俊介,14,0.159,0,,0.159,全国,,,65,0.14,0,,0.14,全国,,
4819,蜂須瑞生,104,0.155,0,,0.155,全国,,,104,0.178,0,,0.178,全国,,
4821,妻鳥晋也,110,0.192,5,0.252,0.192,全国,●,,117,0.169,6,0.187,0.169,全国,,
4822,百武翔,150,0.145,0,,0.145,全国,,,130,0.181,0,,0.181,全国,●,
4823,中村桃佳,132,0.14,0,,0.14,全国,,,113,0.143,0,,0.143,全国,,
4824,松井洪弥,154,0.126,15,0.111,0.111,当地,,●,135,0.12,13,0.118,0.118,当地,,●
4825,倉持莉々,132,0.136,9,0.133,0.136,全国,,,111,0.13,9,0.171,0.13,全国,,●
4826,井上一輝,174,0.128,18,0.122,0.122,当地,,●,133,0.134,14,0.138,0.138,当地,,
4828,松山将吾,120,0.142,5,0.078,0.142,全国,,,115,0.174,4,0.152,0.174,全国,,
4831,羽野直也,107,0.141,0,,0.141,全国,,,105,0.149,0,,0.149,全国,,
4832,権藤俊光,155,0.142,11,0.133,0.133,当地,,,131,0.144,10,0.129,0.129,当地,,●
4834,浜本裕己,157,0.137,4,0.133,0.137,全国,,,139,0.15,4,0.27,0.15,全国,,
4835,橋本明,118,0.155,0,,0.155,全国,,,122,0.151,0,,0.151,全国,,
4836,大谷健太,103,0.186,0,,0.186,全国,●,,96,0.148,0,,0.148,全国,,
4837,酒井陽祐,102,0.158,5,0.158,0.158,全国,,,106,0.157,5,0.214,0.157,全国,,
4839,四宮与寛,124,0.133,3,0.113,0.133,全国,,,116,0.142,2,0.225,0.142,全国,,
4840,鈴木秀茉,111,0.154,5,0.192,0.154,全国,,,120,0.171,5,0.188,0.171,全国,,
4842,山下昂大,124,0.159,5,0.164,0.159,全国,,,117,0.168,4,0.217,0.168,全国,,
4843,深尾巴恵,82,0.17,0,,0.17,全国,,,81,0.154,0,,0.154,全国,,
4844,村上奈穂,132,0.162,0,,0.162,全国,,,117,0.197,0,,0.197,全国,●,
4845,前田紗希,104,0.144,6,0.173,0.144,全国,,,94,0.154,5,0.156,0.154,全国,,
4846,佐藤駿介,106,0.158,3,0.103,0.158,全国,,,107,0.185,4,0.223,0.185,全国,●,
4847,佐藤隆太郎,129,0.135,12,0.142,0.142,当地,,,107,0.148,11,0.162,0.162,当地,,
4848,仲谷颯仁,144,0.138,0,,0.138,全国,,,121,0.16,0,,0.16,全国,,
4850,野中一平,147,0.12,3,0.08,0.12,全国,,●,130,0.111,4,0.15,0.111,全国,,●
4851,関浩哉,140,0.133,0,,0.133,全国,,,123,0.13,0,,0.13,全国,,●
4852,川原祐明,167,0.144,4,0.138,0.144,全国,,,141,0.147,3,0.187,0.147,全国,,
4853,前原哉,94,0.182,0,,0.182,全国,●,,87,0.229,0,,0.229,全国,●,
4854,大橋由珠,56,0.191,11,0.187,0.187,当地,●,,60,0.151,7,0.139,0.151,全国,,
4856,豊田健士郎,174,0.135,0,,0.135,全国,,,156,0.139,0,,0.139,全国,,
4857,加藤翔馬,126,0.146,6,0.122,0.146,全国,,,113,0.173,4,0.147,0.173,全国,,
4861,田中宏樹,119,0.157,4,0.163,0.157,全国,,,119,0.17,4,0.242,0.17,全国,,
4863,三浦裕貴,69,0.173,0,,0.173,全国,,,87,0.165,0,,0.165,全国,,
4864,小川日紀太,92,0.16,0,,0.16,全国,,,94,0.158,0,,0.158,全国,,
4865,立具敬司,54,0.166,7,0.166,0.166,全国,,,52,0.181,6,0.2,0.181,全国,●,
4866,橋本英一,82,0.158,2,0.11,0.158,全国,,,87,0.182,2,0.125,0.182,全国,●,
4871,菊池宏志,92,0.165,11,0.182,0.182,当地,●,,93,0.176,10,0.189,0.189,当地,●,
4872,山下流心,113,0.164,8,0.179,0.164,全国,,,113,0.194,8,0.154,0.194,全国,●,
4873,蒲原健太,149,0.181,4,0.193,0.181,全国,●,,124,0.194,5,0.2,0.194,全国,●,
4874,池田奈津美,183,0.15,0,,0.15,全国,,,6,0.16,0,,0.16,全国,,
4875,大塚康雅,106,0.159,25,0.166,0.166,当地,,,107,0.2,23,0.23,0.23,当地,●,
4876,梅木敬太,122,0.161,0,,0.161,全国,,,124,0.165,0,,0.165,全国,,
4877,鈴谷一平,136,0.134,0,,0.134,全国,,,122,0.141,0,,0.141,全国,,
4878,西岡育未,84,0.168,1,0.35,0.168,全国,,,81,0.176,0,,0.176,全国,,
4879,山崎鉄平,105,0.165,10,0.166,0.166,当地,,,113,0.171,10,0.186,0.186,当地,●,
4880,澤崎雄哉,93,0.162,13,0.176,0.176,当地,,,108,0.17,11,0.184,0.184,当地,●,
4882,瀧川千依,55,0.199,0,,0.199,全国,●,,65,0.226,0,,0.226,全国,●,
4883,岡部大輝,111,0.158,0,,0.158,全国,,,109,0.155,0,,0.155,全国,,
4884,勝浦真帆,54,0.121,0,,0.121,全国,,●,46,0.15,0,,0.15,全国,,
4885,大山千広,113,0.141,0,,0.141,全国,,,77,0.147,0,,0.147,全国,,
4886,入海馨,127,0.137,6,0.16,0.137,全国,,,126,0.15,3,0.093,0.15,全国,,
4887,富澤祐作,108,0.128,0,,0.128,全国,,●,103,0.138,0,,0.138,全国,,
4888,金児隆太,121,0.203,10,0.161,0.161,当地,,,104,0.167,8,0.165,0.167,全国,,
4889,後藤盛也,77,0.143,7,0.18,0.143,全国,,,73,0.151,9,0.199,0.151,全国,,
4890,石川諒,126,0.141,0,,0.141,全国,,,120,0.13,0,,0.13,全国,,●
4891,寺島美里,99,0.15,10,0.16,0.16,当地,,,104,0.171,9,0.176,0.171,全国,,
4892,柴田直哉,105,0.165,1,0.12,0.165,全国,,,120,0.197,0,,0.197,全国,●,
4893,渡邉真奈美,104,0.159,11,0.146,0.146,当地,,,95,0.145,7,0.169,0.145,全国,,
4894,原村拓也,120,0.182,6,0.26,0.182,全国,●,,129,0.191,8,0.271,0.191,全国,●,
4895,門間雄大,111,0.141,2,0.17,0.141,全国,,,113,0.138,6,0.182,0.138,全国,,
4896,花本剛,100,0.18,12,0.175,0.175,当地,,,108,0.183,10,0.228,0.228,当地,●,
4897,深見亜由美,107,0.195,5,0.226,0.195,全国,●,,106,0.199,5,0.22,0.199,全国,●,
4898,菊地敬介,79,0.161,9,0.119,0.161,全国,,,98,0.15,8,0.143,0.15,全国,,
4899,占部一真,103,0.154,0,,0.154,全国,,,89,0.149,0,,0.149,全国,,
4900,中田夕貴,129,0.169,5,0.184,0.169,全国,,,110,0.183,5,0.198,0.183,全国,●,
4901,出口舞有子,94,0.17,4,0.193,0.17,全国,,,102,0.16,4,0.16,0.16,全国,,
4902,山川雄大,114,0.187,0,,0.187,全国,●,,119,0.19,0,,0.19,全国,●,
4903,吉田凌太朗,145,0.144,0,,0.144,全国,,,124,0.153,0,,0.153,全国,,
4904,松本一毅,144,0.169,0,,0.169,全国,,,132,0.163,0,,0.163,全国,,
4905,土井祥伍,95,0.186,5,0.156,0.186,全国,●,,103,0.2,4,0.21,0.2,全国,●,
4906,鈴木雅希,118,0.152,0,,0.152,全国,,,118,0.164,0,,0.164,全国,,
4907,小池修平,142,0.14,17,0.129,0.129,当地,,●,124,0.139,11,0.159,0.159,当地,,
4908,上田龍星,143,0.121,0,,0.121,全国,,●,115,0.153,0,,0.153,全国,,
4909,薮内瑞希,108,0.159,0,,0.159,全国,,,104,0.173,0,,0.173,全国,,
4910,中村泰平,143,0.14,4,0.215,0.14,全国,,,119,0.149,2,0.28,0.149,全国,,
4911,片岡大地,97,0.151,0,,0.151,全国,,,97,0.144,0,,0.144,全国,,
4914,吉田裕平,117,0.116,0,,0.116,全国,,●,129,0.133,0,,0.133,全国,,
4917,岩橋裕馬,111,0.167,10,0.167,0.167,当地,,,102,0.147,9,0.142,0.147,全国,,
4918,川島拓郎,105,0.151,3,0.157,0.151,全国,,,116,0.163,3,0.143,0.163,全国,,
4919,吉田翔悟,61,0.15,0,,0.15,全国,,,78,0.17,0,,0.17,全国,,
4924,中北涼,117,0.168,5,0.22,0.168,全国,,,114,0.183,5,0.246,0.183,全国,●,
4925,森悠稀,131,0.141,1,0.09,0.141,全国,,,120,0.14,0,,0.14,全国,,
4926,吉川貴仁,102,0.144,5,0.244,0.144,全国,,,81,0.149,4,0.21,0.149,全国,,
4927,関野文,157,0.156,12,0.181,0.181,当地,●,,126,0.154,7,0.137,0.154,全国,,
4928,栗城匠,137,0.143,15,0.134,0.134,当地,,,110,0.141,15,0.155,0.155,当地,,
4930,佐藤悠,123,0.141,8,0.081,0.141,全国,,,131,0.153,8,0.177,0.153,全国,,
4931,木谷賢太,166,0.128,0,,0.128,全国,,●,144,0.161,0,,0.161,全国,,
4932,新開航,147,0.14,0,,0.14,全国,,,131,0.153,0,,0.153,全国,,
4933,板橋侑我,123,0.122,8,0.124,0.122,全国,,●,114,0.147,8,0.144,0.147,全国,,
4934,佐々木翔斗,138,0.161,5,0.228,0.161,全国,,,126,0.175,5,0.248,0.175,全国,,
4936,戸敷晃美,104,0.162,5,0.094,0.162,全国,,,109,0.177,5,0.186,0.177,全国,,
4938,小芦るり華,167,0.134,0,,0.134,全国,,,126,0.163,0,,0.163,全国,,
4939,宮之原輝紀,147,0.129,0,,0.129,全国,,●,122,0.132,0,,0.132,全国,,
4940,白石有美,46,0.17,5,0.28,0.17,全国,,,49,0.17,5,0.192,0.17,全国,,
4941,孫崎百世,112,0.205,0,,0.205,全国,●,,113,0.209,0,,0.209,全国,●,
4942,柴田朋哉,111,0.157,8,0.159,0.157,全国,,,108,0.14,6,0.13,0.14,全国,,
4943,八木治樹,89,0.138,10,0.139,0.139,当地,,,92,0.151,9,0.169,0.151,全国,,
4944,田代達也,106,0.159,0,,0.159,全国,,,111,0.163,0,,0.163,全国,,
4945,上村宏太,95,0.183,20,0.174,0.174,当地,,,119,0.167,16,0.18,0.18,当地,,
4947,間庭菜摘,111,0.182,6,0.185,0.182,全国,●,,106,0.174,4,0.185,0.174,全国,,
4948,木場悠介,113,0.15,9,0.2,0.15,全国,,,106,0.146,9,0.128,0.146,全国,,
4949,横田貴満,149,0.149,3,0.173,0.149,全国,,,126,0.158,3,0.237,0.158,全国,,
4950,高岡竜也,133,0.156,0,,0.156,全国,,,127,0.164,0,,0.164,全国,,
4951,新田洋一,111,0.154,4,0.147,0.154,全国,,,104,0.141,4,0.178,0.141,全国,,
4952,吉武真也,89,0.16,19,0.167,0.167,当地,,,99,0.194,20,0.215,0.215,当地,●,
4953,尾上雅也,154,0.157,0,,0.157,全国,,,133,0.151,0,,0.151,全国,,
4954,内山峻輔,34,0.159,6,0.13,0.159,全国,,,89,0.175,12,0.164,0.164,当地,,
4956,齊藤大将,42,0.163,0,,0.163,全国,,,41,0.194,0,,0.194,全国,●,
4957,竹之内極,120,0.148,17,0.131,0.131,当地,,,126,0.174,14,0.221,0.221,当地,●,
4958,溝口海義也,156,0.143,5,0.178,0.143,全国,,,148,0.137,5,0.126,0.137,全国,,
4959,井上忠政,163,0.143,7,0.181,0.143,全国,,,131,0.143,7,0.181,0.143,全国,,
4960,黒野元基,158,0.137,4,0.125,0.137,全国,,,135,0.131,5,0.156,0.131,全国,,
4961,西橋奈未,140,0.132,3,0.167,0.132,全国,,,120,0.158,2,0.235,0.158,全国,,
4962,畑竜生,143,0.157,9,0.171,0.157,全国,,,128,0.158,8,0.174,0.158,全国,,
4963,實森美祐,124,0.134,0,,0.134,全国,,,116,0.159,0,,0.159,全国,,
4964,土屋南,106,0.137,0,,0.137,全国,,,105,0.149,0,,0.149,全国,,
4965,福岡泉水,97,0.183,0,,0.183,全国,●,,99,0.164,0,,0.164,全国,,
4966,田川大貴,115,0.156,5,0.23,0.156,全国,,,125,0.153,4,0.232,0.153,全国,,
4967,中村魁生,133,0.145,0,,0.145,全国,,,119,0.135,3,0.177,0.135,全国,,
4969,町田洸希,98,0.151,0,,0.151,全国,,,97,0.198,0,,0.198,全国,●,
4973,栗原直也,111,0.171,14,0.182,0.182,当地,●,,113,0.187,11,0.211,0.211,当地,●,
4974,安井瑞紀,129,0.177,0,,0.177,全国,,,117,0.161,0,,0.161,全国,,
4976,金山立樹,111,0.191,25,0.202,0.202,当地,●,,99,0.201,18,0.21,0.21,当地,●,
4977,馬野耀,134,0.155,0,,0.155,全国,,,111,0.152,0,,0.152,全国,,
4978,山田和佐,121,0.167,8,0.179,0.167,全国,,,116,0.17,8,0.174,0.17,全国,,
4979,中野夢斗,118,0.158,10,0.15,0.15,当地,,,118,0.171,10,0.19,0.19,当地,●,
4980,佐々木完太,147,0.136,0,,0.136,全国,,,132,0.159,0,,0.159,全国,,
4981,牧山敦也,99,0.176,13,0.212,0.212,当地,●,,112,0.181,12,0.228,0.228,当地,●,
4982,中村将隆,96,0.147,4,0.133,0.147,全国,,,94,0.18,4,0.175,0.18,全国,,
4983,前田篤哉,168,0.147,5,0.188,0.147,全国,,,129,0.153,3,0.203,0.153,全国,,
4984,森下愛梨,91,0.186,1,0.09,0.186,全国,●,,95,0.212,2,0.16,0.212,全国,●,
4985,井本昌也,173,0.136,3,0.167,0.136,全国,,,130,0.144,2,0.13,0.144,全国,,
4987,島倉都,104,0.156,0,,0.156,全国,,,102,0.174,0,,0.174,全国,,
4988,牟田奨太,104,0.138,0,,0.138,全国,,,107,0.149,0,,0.149,全国,,
4989,石原翼,121,0.147,4,0.11,0.147,全国,,,113,0.152,3,0.143,0.152,全国,,
4990,田中博子,53,0.217,0,,0.217,全国,●,,54,0.182,0,,0.182,全国,●,
4991,宗行治哉,133,0.157,0,,0.157,全国,,,106,0.187,1,0.35,0.187,全国,●,
4992,廣瀬篤哉,104,0.143,0,,0.143,全国,,,115,0.154,0,,0.154,全国,,
4994,山本梨菜,147,0.156,0,,0.156,全国,,,122,0.183,0,,0.183,全国,●,
4995,田邉亮蔵,102,0.178,20,0.183,0.183,当地,●,,103,0.195,22,0.2,0.2,当地,●,
4997,濱崎寿里矢,56,0.175,3,0.28,0.175,全国,,,63,0.193,4,0.282,0.193,全国,●,
4998,中村かなえ,52,0.126,0,,0.126,全国,,●,63,0.117,0,,0.117,全国,,●
5000,岡本翔太郎,101,0.122,3,0.193,0.122,全国,,●,106,0.131,4,0.188,0.131,全国,,
5002,上田健太,129,0.166,2,0.29,0.166,全国,,,122,0.158,6,0.28,0.158,全国,,
5003,来田衣織,119,0.172,0,,0.172,全国,,,110,0.156,0,,0.156,全国,,
5004,河野主樹,129,0.141,10,0.15,0.15,当地,,,128,0.162,8,0.177,0.162,全国,,
5005,石田貴洋,109,0.163,4,0.175,0.163,全国,,,114,0.14,3,0.143,0.14,全国,,
5006,久保原秀人,94,0.198,4,0.193,0.198,全国,●,,99,0.188,4,0.217,0.188,全国,●,
5007,近藤雄一郎,100,0.172,27,0.155,0.155,当地,,,106,0.192,28,0.185,0.185,当地,●,
5008,羽野諒,98,0.154,3,0.207,0.154,全国,,,99,0.132,4,0.133,0.132,全国,,
5009,大賀龍之介,129,0.162,3,0.153,0.162,全国,,,122,0.169,3,0.227,0.169,全国,,
5010,宇留田翔平,157,0.145,4,0.138,0.145,全国,,,142,0.14,4,0.202,0.14,全国,,
5011,高木圭大,100,0.15,3,0.197,0.15,全国,,,106,0.162,2,0.175,0.162,全国,,
5012,加倉侑征,113,0.128,3,0.113,0.128,全国,,●,107,0.151,3,0.23,0.151,全国,,
5013,山下夏鈴,121,0.156,0,,0.156,全国,,,116,0.171,0,,0.171,全国,,
5014,梶山涼斗,85,0.148,4,0.145,0.148,全国,,,96,0.136,3,0.16,0.136,全国,,
5015,高橋竜矢,151,0.125,0,,0.125,全国,,●,117,0.142,0,,0.142,全国,,
5016,宮田龍馬,144,0.137,3,0.143,0.137,全国,,,126,0.149,3,0.123,0.149,全国,,
5017,澤田尚也,144,0.122,5,0.136,0.122,全国,,●,134,0.135,4,0.122,0.135,全国,,
5018,竹下大樹,192,0.14,17,0.172,0.172,当地,,,147,0.152,10,0.173,0.173,当地,,
5019,柴田百恵,72,0.166,0,,0.166,全国,,,68,0.162,0,,0.162,全国,,
5020,宮村勇哉,81,0.158,0,,0.158,全国,,,98,0.185,0,,0.185,全国,●,
5022,伊藤尚汰,86,0.171,0,,0.171,全国,,,100,0.169,0,,0.169,全国,,
5023,久永祥平,114,0.142,17,0.118,0.118,当地,,●,111,0.171,17,0.206,0.206,当地,●,
5026,安河内健,153,0.146,5,0.114,0.146,全国,,,132,0.163,4,0.212,0.163,全国,,
5027,重冨勇哉,98,0.182,0,,0.182,全国,●,,112,0.188,0,,0.188,全国,●,
5028,原田才一郎,155,0.14,6,0.082,0.14,全国,,,120,0.18,4,0.23,0.18,全国,,
5029,中亮太,152,0.136,11,0.124,0.124,当地,,●,133,0.138,8,0.134,0.138,全国,,
5031,渡辺空依,114,0.155,14,0.179,0.179,当地,,,110,0.193,12,0.282,0.282,当地,●,
5032,谷口知優,121,0.153,5,0.2,0.153,全国,,,115,0.161,5,0.158,0.161,全国,,
5033,藤原孝斗,104,0.174,9,0.158,0.174,全国,,,96,0.187,7,0.227,0.187,全国,●,
5034,若林義人,193,0.124,11,0.175,0.175,当地,,,140,0.142,6,0.165,0.142,全国,,
5035,櫻井優,124,0.167,4,0.17,0.167,全国,,,125,0.165,4,0.242,0.165,全国,,
5036,福田翔吾,128,0.162,15,0.205,0.205,当地,●,,132,0.148,14,0.164,0.164,当地,,
5037,田頭虎親,96,0.164,7,0.224,0.164,全国,,,104,0.185,7,0.209,0.185,全国,●,
5038,金田智博,132,0.154,21,0.108,0.108,当地,,●,112,0.149,15,0.164,0.164,当地,,
5039,倉田茂将,96,0.156,0,,0.156,全国,,,104,0.143,0,,0.143,全国,,
5041,荒牧凪沙,88,0.182,0,,0.182,全国,●,,99,0.184,0,,0.184,全国,●,
5042,畑田汰一,134,0.118,9,0.104,0.118,全国,,●,123,0.13,10,0.16,0.16,当地,,
5043,中村日向,151,0.124,0,,0.124,全国,,●,142,0.136,0,,0.136,全国,,
5044,渡邉健,96,0.14,3,0.13,0.14,全国,,,100,0.147,3,0.153,0.147,全国,,
5045,平川香織,144,0.188,0,,0.188,全国,●,,136,0.213,0,,0.213,全国,●,
5046,松山裕基,84,0.173,8,0.171,0.173,全国,,,98,0.186,9,0.187,0.186,全国,●,
5047,國分将太郎,107,0.147,10,0.167,0.167,当地,,,108,0.19,6,0.235,0.19,全国,●,
5048,眞鳥康太,66,0.17,9,0.163,0.17,全国,,,137,0.201,8,0.217,0.201,全国,●,
5049,松井友汰,100,0.162,10,0.14,0.14,当地,,,107,0.182,9,0.239,0.182,全国,●,
5050,木下雄介,126,0.158,1,0.22,0.158,全国,,,113,0.159,1,0.25,0.159,全国,,
5051,松本純平,143,0.147,1,0.33,0.147,全国,,,126,0.159,1,0.31,0.159,全国,,
5052,赤井星璃菜,71,0.139,0,,0.139,全国,,,64,0.172,0,,0.172,全国,,
5053,山口広樹,87,0.165,7,0.157,0.165,全国,,,104,0.191,8,0.225,0.191,全国,●,
5054,佐々木大河,114,0.126,10,0.104,0.104,当地,,●,109,0.144,5,0.222,0.144,全国,,
5055,眞鳥章太,133,0.146,0,,0.146,全国,,,124,0.151,0,,0.151,全国,,
5056,西岡成美,16,0.167,0,,0.167,全国,,,18,0.138,0,,0.138,全国,,
5057,上田紗奈,117,0.153,0,,0.153,全国,,,105,0.159,0,,0.159,全国,,
5058,前原大道,149,0.151,8,0.14,0.151,全国,,,134,0.161,5,0.172,0.161,全国,,
5060,数原魁,135,0.156,0,,0.156,全国,,,129,0.173,0,,0.173,全国,,
5061,中村駿平,79,0.17,0,,0.17,全国,,,87,0.167,0,,0.167,全国,,
5063,大塚雅治,91,0.183,14,0.184,0.184,当地,●,,104,0.19,14,0.226,0.226,当地,●,
5064,品川二千翔,131,0.154,13,0.163,0.163,当地,,,128,0.168,11,0.23,0.23,当地,●,
5065,伊久間陽優,95,0.122,11,0.14,0.14,当地,,,100,0.113,8,0.163,0.113,全国,,●
5066,鈴木孝明,137,0.164,4,0.2,0.164,全国,,,132,0.156,5,0.194,0.156,全国,,
5067,山田真聖,99,0.146,3,0.207,0.146,全国,,,110,0.158,2,0.2,0.158,全国,,
5068,前田滉,148,0.14,0,,0.14,全国,,,115,0.143,0,,0.143,全国,,
5069,山崎小葉音,101,0.151,3,0.15,0.151,全国,,,88,0.167,3,0.213,0.167,全国,,
5070,中島航,93,0.187,24,0.195,0.195,当地,●,,81,0.212,19,0.262,0.262,当地,●,
5071,野見山拓己,95,0.113,11,0.118,0.118,当地,,●,100,0.149,8,0.184,0.149,全国,,
5072,吉田杏美,29,0.225,0,,0.225,全国,●,,29,0.197,0,,0.197,全国,●,
5073,上原健次郎,129,0.183,10,0.185,0.185,当地,●,,115,0.176,9,0.198,0.176,全国,,
5074,大澤誠也,89,0.182,8,0.194,0.182,全国,●,,104,0.185,8,0.173,0.185,全国,●,
5075,中島秀治,145,0.164,10,0.124,0.124,当地,,●,135,0.158,7,0.133,0.158,全国,,
5076,石原光,114,0.152,0,,0.152,全国,,,113,0.168,0,,0.168,全国,,
5077,滝沢崚,54,0.184,0,,0.184,全国,●,,66,0.178,0,,0.178,全国,,
5078,山川波乙,98,0.172,5,0.22,0.172,全国,,,103,0.202,4,0.24,0.202,全国,●,
5079,大石真央,108,0.168,0,,0.168,全国,,,106,0.176,0,,0.176,全国,,
5081,篠原飛翔,120,0.18,5,0.19,0.18,全国,,,110,0.17,4,0.138,0.17,全国,,
5082,一色凌雅,125,0.186,17,0.187,0.187,当地,●,,126,0.194,15,0.215,0.215,当地,●,
5083,柳瀬幹太,91,0.177,8,0.244,0.177,全国,,,90,0.152,9,0.211,0.152,全国,,
5084,末永和也,122,0.129,0,,0.129,全国,,●,105,0.135,0,,0.135,全国,,
5085,中村栄治,125,0.189,6,0.148,0.189,全国,●,,119,0.207,3,0.24,0.207,全国,●,
5086,本村大,84,0.197,1,0.18,0.197,全国,●,,99,0.197,3,0.23,0.197,全国,●,
5087,佐藤航,130,0.151,10,0.159,0.159,当地,,,131,0.154,6,0.185,0.154,全国,,
5088,高憧四季,175,0.148,10,0.225,0.225,当地,●,,149,0.164,8,0.236,0.164,全国,,
5089,前田翔,153,0.144,0,,0.144,全国,,,116,0.172,0,,0.172,全国,,
5090,生方靖亜,84,0.143,0,,0.143,全国,,,97,0.174,0,,0.174,全国,,
5091,為本智也,91,0.157,0,,0.157,全国,,,82,0.159,0,,0.159,全国,,
5092,篠原晟弥,119,0.137,6,0.183,0.137,全国,,,111,0.137,4,0.08,0.137,全国,,
5093,浦野海,109,0.155,5,0.17,0.155,全国,,,101,0.208,4,0.228,0.208,全国,●,
5095,小原聡将,111,0.151,29,0.153,0.153,当地,,,97,0.146,21,0.172,0.172,当地,,
5096,上原崚,132,0.137,22,0.146,0.146,当地,,,135,0.144,21,0.179,0.179,当地,,
5098,大江純,111,0.13,4,0.135,0.13,全国,,●,113,0.149,3,0.17,0.149,全国,,
5100,栗原一馬,79,0.16,10,0.181,0.181,当地,●,,84,0.183,7,0.22,0.183,全国,●,
5101,表健太,74,0.183,8,0.193,0.183,全国,●,,95,0.2,12,0.247,0.247,当地,●,
5102,原田雄次,112,0.166,4,0.107,0.166,全国,,,114,0.215,5,0.24,0.215,全国,●,
5103,芝田京介,66,0.189,9,0.154,0.189,全国,●,,82,0.201,8,0.171,0.201,全国,●,
5104,山田丈,98,0.142,0,,0.142,全国,,,96,0.17,0,,0.17,全国,,
5105,富田恕生,117,0.189,0,,0.189,全国,●,,114,0.17,0,,0.17,全国,,
5106,山崎祥,115,0.177,0,,0.177,全国,,,106,0.189,0,,0.189,全国,●,
5107,松本真広,83,0.172,8,0.208,0.172,全国,,,87,0.186,7,0.227,0.186,全国,●,
5108,柴田愛梨,51,0.26,0,,0.26,全国,●,,57,0.252,0,,0.252,全国,●,
5109,川崎智稔,126,0.146,8,0.13,0.146,全国,,,118,0.134,6,0.173,0.134,全国,,
5110,杉山喜一,116,0.15,8,0.158,0.15,全国,,,108,0.157,7,0.173,0.157,全国,,
5111,三村岳人,111,0.158,5,0.174,0.158,全国,,,110,0.148,4,0.195,0.148,全国,,
5112,砂長知輝,156,0.137,6,0.115,0.137,全国,,,130,0.168,5,0.222,0.168,全国,,
5113,黒明花夢,38,0.209,6,0.247,0.209,全国,●,,39,0.185,4,0.242,0.185,全国,●,
5114,小林孝彰,166,0.157,9,0.189,0.157,全国,,,133,0.173,8,0.171,0.173,全国,,
5115,香川颯太,91,0.136,8,0.149,0.136,全国,,,95,0.151,7,0.177,0.151,全国,,
5117,冨名腰桃奈,78,0.176,0,,0.176,全国,,,78,0.182,0,,0.182,全国,●,
5118,野田なづき,85,0.182,0,,0.182,全国,●,,78,0.183,0,,0.183,全国,●,
5120,山本稔太朗,95,0.15,8,0.18,0.15,全国,,,81,0.165,8,0.164,0.165,全国,,
5121,定松勇樹,149,0.137,0,,0.137,全国,,,123,0.129,0,,0.129,全国,,●
5122,相馬翔,70,0.158,5,0.168,0.158,全国,,,81,0.2,8,0.258,0.2,全国,●,
5123,福山恵里奈,102,0.159,0,,0.159,全国,,,106,0.165,0,,0.165,全国,,
5124,上瀧絢也,90,0.172,5,0.156,0.172,全国,,,97,0.155,5,0.256,0.155,全国,,
5125,高井雄基,123,0.169,5,0.238,0.169,全国,,,114,0.202,5,0.194,0.202,全国,●,
5126,山下大輝,127,0.145,0,,0.145,全国,,,120,0.157,0,,0.157,全国,,
5127,沼田大都,102,0.197,7,0.194,0.197,全国,●,,101,0.215,3,0.247,0.215,全国,●,
5128,坪井爽佑,72,0.179,5,0.166,0.179,全国,,,91,0.168,4,0.242,0.168,全国,,
5129,山口真喜子,120,0.161,0,,0.161,全国,,,111,0.151,0,,0.151,全国,,
5130,上野拓馬,121,0.169,0,,0.169,全国,,,108,0.179,0,,0.179,全国,,
5131,江藤敦宏,95,0.187,2,0.215,0.187,全国,●,,97,0.165,3,0.14,0.165,全国,,
5132,中野希一,170,0.136,13,0.152,0.152,当地,,,126,0.132,7,0.093,0.132,全国,,
5133,堀越雄貴,88,0.2,17,0.228,0.228,当地,●,,89,0.205,10,0.185,0.185,当地,●,
5134,大原祥昌,146,0.145,4,0.175,0.145,全国,,,128,0.154,2,0.245,0.154,全国,,
5135,仲航太,99,0.143,0,,0.143,全国,,,105,0.195,8,0.31,0.195,全国,●,
5136,濱野斗馬,177,0.136,7,0.154,0.136,全国,,,141,0.159,8,0.185,0.159,全国,,
5137,川原涼,98,0.165,11,0.132,0.132,当地,,,123,0.172,10,0.222,0.222,当地,●,
5138,村本大成,76,0.182,15,0.2,0.2,当地,●,,71,0.194,11,0.188,0.188,当地,●,
5139,大場恒季,146,0.153,9,0.177,0.153,全国,,,98,0.156,7,0.159,0.156,全国,,
5140,吉田彩乃,83,0.171,0,,0.171,全国,,,84,0.192,0,,0.192,全国,●,
5141,大澤風葵,132,0.144,0,,0.144,全国,,,108,0.124,0,,0.124,全国,,●
5142,常住蓮,160,0.131,0,,0.131,全国,,,120,0.137,0,,0.137,全国,,
5143,常盤海心,118,0.187,0,,0.187,全国,●,,121,0.195,0,,0.195,全国,●,
5144,中尾彩香,115,0.159,0,,0.159,全国,,,113,0.166,0,,0.166,全国,,
5145,島川海輝,180,0.148,5,0.168,0.148,全国,,,141,0.157,4,0.15,0.157,全国,,
5146,野田彩加,104,0.153,0,,0.153,全国,,,96,0.171,0,,0.171,全国,,
5147,田中勇輔,78,0.143,12,0.128,0.128,当地,,●,81,0.154,11,0.145,0.145,当地,,
5148,松本怜,69,0.174,0,,0.174,全国,,,73,0.187,0,,0.187,全国,●,
5150,坂本雄紀,118,0.15,6,0.177,0.15,全国,,,109,0.134,2,0.265,0.134,全国,,
5151,山下奈緒,102,0.201,5,0.224,0.201,全国,●,,98,0.24,4,0.253,0.24,全国,●,
5152,丸山祐也,95,0.205,6,0.265,0.205,全国,●,,88,0.235,3,0.22,0.235,全国,●,
5153,佐藤ほのか,115,0.182,9,0.207,0.182,全国,●,,103,0.156,6,0.193,0.156,全国,,
5154,村松栄太,115,0.165,5,0.19,0.165,全国,,,115,0.176,4,0.25,0.176,全国,,
5155,内山七海,117,0.14,0,,0.14,全国,,,115,0.15,3,0.213,0.15,全国,,
5156,坂野さくら,97,0.176,5,0.272,0.176,全国,,,90,0.18,5,0.192,0.18,全国,,
5157,市川健太,116,0.173,7,0.179,0.173,全国,,,114,0.163,3,0.27,0.163,全国,,
5158,宮脇遼太,154,0.146,9,0.196,0.146,全国,,,137,0.156,5,0.232,0.156,全国,,
5160,藤森陸斗,156,0.149,6,0.203,0.149,全国,,,137,0.147,4,0.158,0.147,全国,,
5161,登玉隼百,120,0.144,3,0.233,0.144,全国,,,125,0.146,3,0.157,0.146,全国,,
5162,松尾怜実,40,0.162,0,,0.162,全国,,,32,0.186,0,,0.186,全国,●,
5163,清水愛海,118,0.154,0,,0.154,全国,,,119,0.182,0,,0.182,全国,●,
5164,森田梨湖,60,0.208,0,,0.208,全国,●,,53,0.195,0,,0.195,全国,●,
5165,小林愛実,111,0.163,0,,0.163,全国,,,113,0.172,0,,0.172,全国,,
5166,仲道大輔,129,0.153,10,0.114,0.114,当地,,●,122,0.174,9,0.203,0.174,全国,,
5167,小川竜太朗,105,0.16,12,0.18,0.18,当地,,,97,0.154,11,0.165,0.165,当地,,
5169,堀本翔太,62,0.2,8,0.198,0.2,全国,●,,68,0.185,9,0.223,0.185,全国,●,
5170,佐藤太亮,122,0.154,6,0.1,0.154,全国,,,104,0.158,4,0.198,0.158,全国,,
5171,清水未唯,8,0.211,0,,0.211,全国,●,,9,0.119,0,,0.119,全国,,●
5172,田村慶,115,0.198,4,0.198,0.198,全国,●,,112,0.18,5,0.192,0.18,全国,,
5173,谷口佳蓮,102,0.142,0,,0.142,全国,,,111,0.16,0,,0.16,全国,,
5174,川井萌,54,0.182,0,,0.182,全国,●,,53,0.185,0,,0.185,全国,●,
5175,島崎丈一朗,68,0.159,0,,0.159,全国,,,76,0.178,0,,0.178,全国,,
5176,石倉拓美,46,0.182,0,,0.182,全国,●,,49,0.17,0,,0.17,全国,,
5177,松井貫太,116,0.201,15,0.188,0.188,当地,●,,117,0.2,15,0.213,0.213,当地,●,
5178,成貞琳平,122,0.172,9,0.187,0.172,全国,,,121,0.202,8,0.18,0.202,全国,●,
5179,藤本元輝,70,0.175,3,0.253,0.175,全国,,,86,0.193,4,0.263,0.193,全国,●,
5180,藤本紗弥香,52,0.195,0,,0.195,全国,●,,65,0.205,0,,0.205,全国,●,
5181,森智哉,100,0.164,9,0.181,0.164,全国,,,96,0.169,7,0.203,0.169,全国,,
5182,宮崎安奈,108,0.154,0,,0.154,全国,,,94,0.138,0,,0.138,全国,,
5183,中野孝二,102,0.155,7,0.183,0.155,全国,,,104,0.162,5,0.164,0.162,全国,,
5184,飯塚響,43,0.203,0,,0.203,全国,●,,47,0.186,0,,0.186,全国,●,
5185,加藤優弥,103,0.122,8,0.099,0.122,全国,,●,108,0.145,8,0.139,0.145,全国,,
5186,遠藤圭吾,100,0.166,5,0.16,0.166,全国,,,93,0.172,4,0.17,0.172,全国,,
5187,小坂風太,65,0.199,9,0.2,0.199,全国,●,,63,0.204,7,0.256,0.204,全国,●,
5188,武井莉里佳,137,0.166,0,,0.166,全国,,,122,0.151,0,,0.151,全国,,
5189,藤原早菜,140,0.204,0,,0.204,全国,●,,134,0.185,0,,0.185,全国,●,
5190,大月遊雅,87,0.165,0,,0.165,全国,,,99,0.19,0,,0.19,全国,●,
5191,飛田江己,165,0.119,21,0.099,0.099,当地,,●,147,0.123,18,0.139,0.139,当地,,
5192,中尾優香,73,0.192,2,0.19,0.192,全国,●,,90,0.206,6,0.33,0.206,全国,●,
5193,米丸乃絵,144,0.148,0,,0.148,全国,,,127,0.164,0,,0.164,全国,,
5194,大久保佑香,109,0.167,5,0.218,0.167,全国,,,111,0.165,4,0.307,0.165,全国,,
5195,北村寧々,100,0.146,4,0.163,0.146,全国,,,99,0.141,4,0.195,0.141,全国,,
5196,鰐部太空海,138,0.158,8,0.14,0.158,全国,,,129,0.169,8,0.196,0.169,全国,,
5197,中野仁照,55,0.162,0,,0.162,全国,,,67,0.173,5,0.242,0.173,全国,,
5198,奥村明日香,93,0.196,0,,0.196,全国,●,,100,0.189,0,,0.189,全国,●,
5199,垂水悠,98,0.118,12,0.129,0.129,当地,,●,105,0.11,10,0.109,0.109,当地,,●
5200,筒井美琴,42,0.213,0,,0.213,全国,●,,54,0.187,0,,0.187,全国,●,
5201,村上宗太郎,57,0.184,0,,0.184,全国,●,,70,0.201,0,,0.201,全国,●,
5203,神里琴音,108,0.154,0,,0.154,全国,,,101,0.154,0,,0.154,全国,,
5204,宇恵有香,63,0.176,0,,0.176,全国,,,67,0.159,0,,0.159,全国,,
5205,刑部亜里紗,125,0.158,0,,0.158,全国,,,125,0.186,0,,0.186,全国,●,
5206,梅原祥平,77,0.143,0,,0.143,全国,,,77,0.144,0,,0.144,全国,,
5207,高山敬悟,91,0.169,5,0.162,0.169,全国,,,98,0.159,5,0.21,0.159,全国,,
5208,屋良龍紀,91,0.154,3,0.207,0.154,全国,,,102,0.17,2,0.22,0.17,全国,,
5209,小野京平,69,0.192,4,0.223,0.192,全国,●,,81,0.199,5,0.192,0.199,全国,●,
5210,藤井公人,117,0.14,8,0.125,0.14,全国,,,125,0.15,9,0.156,0.15,全国,,
5211,高井駿弥,91,0.174,4,0.188,0.174,全国,,,93,0.154,4,0.165,0.154,全国,,
5212,西川拓利,137,0.124,17,0.154,0.154,当地,,,129,0.134,16,0.137,0.137,当地,,
5213,湯淺紀香,123,0.171,0,,0.171,全国,,,121,0.204,0,,0.204,全国,●,
5214,田中宏典,117,0.172,8,0.15,0.172,全国,,,106,0.18,7,0.233,0.18,全国,,
5216,長谷川晴哉,177,0.161,0,,0.161,全国,,,134,0.157,0,,0.157,全国,,
5217,藤原碧生,121,0.154,0,,0.154,全国,,,118,0.176,0,,0.176,全国,,
5218,山田理央,128,0.148,5,0.132,0.148,全国,,,130,0.156,5,0.22,0.156,全国,,
5219,森口和紀,95,0.181,4,0.135,0.181,全国,●,,107,0.166,4,0.168,0.166,全国,,
5220,青木蓮,160,0.125,4,0.115,0.125,全国,,●,144,0.116,2,0.125,0.116,全国,,●
5221,竹間隆晟,160,0.144,6,0.158,0.144,全国,,,133,0.155,3,0.3,0.155,全国,,
5222,津田陸翔,158,0.165,3,0.217,0.165,全国,,,130,0.174,3,0.19,0.174,全国,,
5223,森清友翔,130,0.151,4,0.12,0.151,全国,,,130,0.163,4,0.23,0.163,全国,,
5224,西岡顕心,152,0.139,13,0.166,0.166,当地,,,128,0.15,8,0.174,0.15,全国,,
5226,藤田俊祐,98,0.143,6,0.16,0.143,全国,,,86,0.161,3,0.233,0.161,全国,,
5227,川原愛未,19,0.147,0,,0.147,全国,,,35,0.187,0,,0.187,全国,●,
5228,若林樹蘭,111,0.157,2,0.205,0.157,全国,,,102,0.168,1,0.4,0.168,全国,,
5229,吉川晴人,130,0.171,11,0.192,0.192,当地,●,,117,0.159,9,0.143,0.159,全国,,
5230,石原凪紗,93,0.191,0,,0.191,全国,●,,103,0.193,0,,0.193,全国,●,
5231,寺田空詩,102,0.153,0,,0.153,全国,,,89,0.172,0,,0.172,全国,,
5232,樅山拓馬,95,0.162,9,0.186,0.162,全国,,,94,0.149,9,0.189,0.149,全国,,
5234,塚越海斗,169,0.147,3,0.213,0.147,全国,,,137,0.141,1,0.21,0.141,全国,,
5235,岩田凌,64,0.176,3,0.16,0.176,全国,,,63,0.179,3,0.177,0.179,全国,,
5236,小宮涼雅,107,0.15,5,0.148,0.15,全国,,,134,0.179,12,0.236,0.236,当地,●,
5237,永松良教,63,0.123,0,,0.123,全国,,●,81,0.179,0,,0.179,全国,,
5238,笹木香吾,125,0.152,0,,0.152,全国,,,116,0.141,0,,0.141,全国,,
5239,上野俊樹,108,0.16,7,0.171,0.16,全国,,,99,0.155,6,0.197,0.155,全国,,
5240,高橋龍治,101,0.173,9,0.187,0.173,全国,,,102,0.171,8,0.245,0.171,全国,,
5241,門田栞,86,0.181,0,,0.181,全国,●,,94,0.168,0,,0.168,全国,,
5242,高山弘斗,95,0.178,14,0.219,0.219,当地,●,,93,0.19,20,0.254,0.254,当地,●,
5243,三馬崇史,114,0.143,8,0.179,0.143,全国,,,122,0.169,7,0.2,0.169,全国,,
5244,黒田剛,93,0.142,17,0.179,0.179,当地,,,95,0.173,17,0.228,0.228,当地,●,
5245,倉富大誠,94,0.182,5,0.222,0.182,全国,●,,104,0.165,6,0.272,0.165,全国,,
5246,楠将太郎,117,0.159,0,,0.159,全国,,,109,0.17,0,,0.17,全国,,
5247,大森翼,122,0.179,5,0.218,0.179,全国,,,115,0.158,5,0.174,0.158,全国,,
5248,本田愛,89,0.196,0,,0.196,全国,●,,104,0.183,0,,0.183,全国,●,
5249,三木晴斗,105,0.156,11,0.157,0.157,当地,,,110,0.163,9,0.162,0.163,全国,,
5250,嶋田有里,104,0.172,3,0.213,0.172,全国,,,104,0.182,6,0.272,0.182,全国,●,
5251,沼田七華,52,0.176,0,,0.176,全国,,,49,0.176,0,,0.176,全国,,
5252,荒木颯斗,139,0.131,4,0.185,0.131,全国,,,114,0.149,3,0.067,0.149,全国,,
5253,藤井太雅,54,0.232,9,0.262,0.232,全国,●,,71,0.245,10,0.307,0.307,当地,●,
5254,羽田妃希,73,0.232,0,,0.232,全国,●,,89,0.208,0,,0.208,全国,●,
5255,藤原仙二,144,0.183,20,0.203,0.203,当地,●,,140,0.178,16,0.219,0.219,当地,●,
5256,中山翔太,142,0.132,3,0.157,0.132,全国,,,122,0.129,5,0.166,0.129,全国,,●
5257,西丸侑太朗,172,0.154,11,0.165,0.165,当地,,,138,0.151,8,0.156,0.151,全国,,
5258,仲本舜,95,0.146,8,0.151,0.146,全国,,,103,0.175,9,0.234,0.175,全国,,
5259,野田昇吾,65,0.143,11,0.106,0.106,当地,,●,79,0.169,12,0.172,0.172,当地,,
5261,岡暢祐,99,0.157,15,0.134,0.134,当地,,,97,0.181,11,0.212,0.212,当地,●,
5262,鈴木章司,97,0.17,10,0.185,0.185,当地,●,,92,0.22,7,0.187,0.22,全国,●,
5263,花田凱成,113,0.163,10,0.178,0.178,当地,,,113,0.182,7,0.276,0.182,全国,●,
5264,登みひ果,115,0.161,5,0.214,0.161,全国,,,115,0.168,4,0.227,0.168,全国,,
5265,大廣咲季,119,0.15,0,,0.15,全国,,,121,0.164,0,,0.164,全国,,
5266,石田勇斗,102,0.151,7,0.17,0.151,全国,,,107,0.151,9,0.218,0.151,全国,,
5267,石本裕武,156,0.148,9,0.167,0.148,全国,,,138,0.146,6,0.163,0.146,全国,,
5268,山本幸也,71,0.162,0,,0.162,全国,,,111,0.23,0,,0.23,全国,●,
5269,山口晃朋,115,0.132,5,0.118,0.132,全国,,,117,0.139,4,0.21,0.139,全国,,
5270,小玉啓太,96,0.16,9,0.199,0.16,全国,,,110,0.167,9,0.201,0.167,全国,,
5271,杉山太陽,103,0.153,3,0.16,0.153,全国,,,107,0.179,3,0.16,0.179,全国,,
5272,松田真実,104,0.182,4,0.198,0.182,全国,●,,109,0.189,5,0.228,0.189,全国,●,
5273,山下拓巳,115,0.169,9,0.2,0.169,全国,,,112,0.193,8,0.217,0.193,全国,●,
5274,城間盛渚,79,0.174,9,0.177,0.174,全国,,,92,0.186,8,0.2,0.186,全国,●,
5275,松田淳平,137,0.127,5,0.168,0.127,全国,,●,118,0.127,4,0.122,0.127,全国,,●
5276,大島隆乃介,123,0.157,10,0.19,0.19,当地,●,,111,0.165,9,0.193,0.165,全国,,
5277,井上未都,111,0.145,4,0.095,0.145,全国,,,119,0.152,4,0.193,0.152,全国,,
5278,田中駿兵,153,0.137,0,,0.137,全国,,,124,0.143,0,,0.143,全国,,
5279,石渡翔一郎,122,0.154,50,0.164,0.164,当地,,,100,0.159,36,0.158,0.158,当地,,
5280,廣瀬凜,146,0.141,10,0.166,0.166,当地,,,136,0.17,9,0.176,0.17,全国,,
5281,井上遥妃,116,0.133,0,,0.133,全国,,,110,0.142,0,,0.142,全国,,
5282,中本大樹,120,0.149,9,0.154,0.149,全国,,,119,0.163,8,0.24,0.163,全国,,
5283,植木美帆,50,0.2,0,,0.2,全国,●,,63,0.204,0,,0.204,全国,●,
5284,嘉手苅徹哉,74,0.141,0,,0.141,全国,,,96,0.178,0,,0.178,全国,,
5285,若林麗,93,0.185,12,0.208,0.208,当地,●,,101,0.183,13,0.225,0.225,当地,●,
5286,坂井滉哉,116,0.158,10,0.19,0.19,当地,●,,108,0.151,7,0.157,0.151,全国,,
5287,滝沢織寧,89,0.165,4,0.193,0.165,全国,,,98,0.16,5,0.142,0.16,全国,,
5288,尾道佳諭,95,0.145,8,0.142,0.145,全国,,,97,0.149,9,0.161,0.149,全国,,
5289,佃來紀,117,0.158,5,0.188,0.158,全国,,,121,0.15,4,0.188,0.15,全国,,
5290,坂本一真,102,0.165,15,0.161,0.161,当地,,,104,0.172,14,0.216,0.216,当地,●,
5291,三嶌こころ,94,0.187,0,,0.187,全国,●,,116,0.243,0,,0.243,全国,●,
5292,佐藤右京,111,0.197,21,0.249,0.249,当地,●,,104,0.202,15,0.249,0.249,当地,●,
5293,眞崎武蔵,64,0.195,7,0.207,0.195,全国,●,,83,0.198,10,0.236,0.236,当地,●,
5294,豊田祥生,98,0.167,9,0.196,0.167,全国,,,104,0.162,9,0.254,0.162,全国,,
5295,田上凜,51,0.17,5,0.222,0.17,全国,,,120,0.177,4,0.2,0.177,全国,,
5296,永田楽,82,0.195,0,,0.195,全国,●,,105,0.195,0,,0.195,全国,●,
5297,南彩寧,106,0.197,5,0.276,0.197,全国,●,,107,0.216,4,0.273,0.216,全国,●,
5298,水谷理人,143,0.14,11,0.14,0.14,当地,,,131,0.15,9,0.186,0.15,全国,,
5299,西丸敦基,122,0.147,8,0.223,0.147,全国,,,132,0.141,9,0.18,0.141,全国,,
5300,横田海人,76,0.183,9,0.197,0.183,全国,●,,81,0.184,9,0.261,0.184,全国,●,
5301,岩下巧斗,122,0.155,0,,0.155,全国,,,100,0.155,0,,0.155,全国,,
5302,秋末秦悟,85,0.159,4,0.268,0.159,全国,,,86,0.17,3,0.227,0.17,全国,,
5303,土井歩夢,120,0.157,8,0.139,0.157,全国,,,122,0.168,7,0.191,0.168,全国,,
5304,井田涼介,42,0.199,9,0.222,0.199,全国,●,,79,0.208,16,0.252,0.252,当地,●,
5305,伊藤栞,69,0.17,0,,0.17,全国,,,73,0.161,0,,0.161,全国,,
5306,河内悠利杏,94,0.208,10,0.26,0.26,当地,●,,89,0.192,7,0.271,0.192,全国,●,
5307,富永夏哉人,113,0.175,15,0.167,0.167,当地,,,114,0.189,12,0.177,0.177,当地,,
5308,藤森拓海,103,0.167,4,0.182,0.167,全国,,,114,0.167,2,0.175,0.167,全国,,
5309,森雄利,76,0.155,5,0.24,0.155,全国,,,97,0.161,4,0.297,0.161,全国,,
5310,土屋蘭,79,0.182,0,,0.182,全国,●,,93,0.177,0,,0.177,全国,,
5311,小林京平,122,0.169,11,0.21,0.21,当地,●,,108,0.177,8,0.201,0.177,全国,,
5312,川辺郭人,95,0.17,10,0.212,0.212,当地,●,,104,0.172,9,0.196,0.172,全国,,
5313,鈴木唯央,84,0.147,0,,0.147,全国,,,114,0.174,9,0.191,0.174,全国,,
5314,中曽瑠華,78,0.174,4,0.392,0.174,全国,,,105,0.181,5,0.246,0.181,全国,●,
5315,浅井翼,77,0.187,14,0.166,0.166,当地,,,96,0.202,23,0.254,0.254,当地,●,
5316,村松将平,86,0.153,0,,0.153,全国,,,121,0.139,0,,0.139,全国,,
5317,長尾萌加,112,0.154,4,0.143,0.154,全国,,,127,0.164,3,0.217,0.164,全国,,
5318,河内一馬,97,0.175,6,0.195,0.175,全国,,,109,0.173,3,0.213,0.173,全国,,
5319,近藤颯斗,64,0.155,7,0.229,0.155,全国,,,69,0.133,7,0.183,0.133,全国,,
5320,岩崎麗子,91,0.183,5,0.23,0.183,全国,●,,95,0.149,4,0.217,0.149,全国,,
5321,一色颯輝,84,0.195,4,0.23,0.195,全国,●,,87,0.191,2,0.195,0.191,全国,●,
5322,根岸真優,101,0.187,4,0.24,0.187,全国,●,,100,0.155,5,0.172,0.155,全国,,
5323,香川陽太,77,0.165,10,0.192,0.192,当地,●,,97,0.163,8,0.269,0.163,全国,,
5324,畑田希咲,73,0.199,5,0.224,0.199,全国,●,,84,0.222,5,0.348,0.222,全国,●,
5325,澁川夏,102,0.155,11,0.165,0.165,当地,,,130,0.158,8,0.216,0.158,全国,,
5326,三嶌さらら,125,0.173,1,0.25,0.173,全国,,,151,0.18,9,0.187,0.18,全国,,
5327,西田和加,67,0.186,0,,0.186,全国,●,,96,0.196,0,,0.196,全国,●,
5328,井上慧人,83,0.174,8,0.21,0.174,全国,,,92,0.174,7,0.227,0.174,全国,,
5329,金子龍斗,84,0.155,8,0.129,0.155,全国,,,119,0.168,8,0.191,0.168,全国,,
5330,安河内鈴之介,135,0.134,6,0.148,0.134,全国,,,122,0.157,4,0.135,0.157,全国,,
5331,佐藤永梧,96,0.138,0,,0.138,全国,,,93,0.153,0,,0.153,全国,,
5332,村松遥輝,101,0.17,4,0.237,0.17,全国,,,108,0.154,4,0.158,0.154,全国,,
5333,山下智己,75,0.188,8,0.199,0.188,全国,●,,73,0.193,11,0.265,0.265,当地,●,
5334,樫葉新心,95,0.186,0,,0.186,全国,●,,109,0.201,0,,0.201,全国,●,
5335,森陽多,79,0.191,3,0.34,0.191,全国,●,,107,0.168,7,0.21,0.168,全国,,
5336,瀬川大地,86,0.152,0,,0.152,全国,,,87,0.176,0,,0.176,全国,,
5337,出畑孝成,3,0.237,0,,0.237,全国,●,,209,0.19,15,0.199,0.199,当地,●,
5338,香月大輝,60,0.143,4,0.158,0.143,全国,,,142,0.153,12,0.227,0.227,当地,●,
5339,石井伸長,73,0.178,3,0.213,0.178,全国,,,104,0.16,3,0.203,0.16,全国,,
5340,樋江井舞,74,0.169,0,,0.169,全国,,,151,0.158,9,0.229,0.158,全国,,
5341,山道諄也,29,0.156,0,,0.156,全国,,,121,0.194,19,0.214,0.214,当地,●,
5342,原村百那,38,0.168,0,,0.168,全国,,,141,0.168,0,,0.168,全国,,
5343,小林礼央,44,0.17,4,0.12,0.17,全国,,,166,0.153,13,0.235,0.235,当地,●,
5344,谷口丞,81,0.149,2,0.185,0.149,全国,,,121,0.142,6,0.207,0.142,全国,,
5345,牧村俊輝,75,0.165,5,0.134,0.165,全国,,,134,0.201,14,0.23,0.23,当地,●,
5346,中村紋夕梨,41,0.194,0,,0.194,全国,●,,138,0.205,9,0.229,0.205,全国,●,
5347,井澤聖奈,14,0.241,0,,0.241,全国,●,,145,0.2,0,,0.2,全国,●,
5348,小林甘寧,33,0.176,3,0.207,0.176,全国,,,164,0.152,3,0.18,0.152,全国,,
5349,宮崎奏磨,26,0.223,9,0.216,0.223,全国,●,,138,0.199,26,0.227,0.227,当地,●,
5350,網代良芽,102,0.156,13,0.181,0.181,当地,●,,113,0.157,13,0.203,0.203,当地,●,
5351,齊藤廉,97,0.159,15,0.189,0.189,当地,●,,118,0.158,9,0.202,0.158,全国,,
5352,西岡蒼志,102,0.166,5,0.252,0.166,全国,,,118,0.169,4,0.275,0.169,全国,,
5353,草川壮良,33,0.167,0,,0.167,全国,,,125,0.18,7,0.257,0.18,全国,,
5354,渡邊雄斗,45,0.153,0,,0.153,全国,,,171,0.189,36,0.224,0.224,当地,●,
5355,萩原丈太朗,66,0.178,4,0.16,0.178,全国,,,117,0.177,3,0.117,0.177,全国,,
5356,長谷川暖,90,0.162,0,,0.162,全国,,,95,0.165,8,0.143,0.165,全国,,
5357,田中瀬里奈,52,0.207,0,,0.207,全国,●,,110,0.179,0,,0.179,全国,,
5358,増本杏珠,58,0.199,0,,0.199,全国,●,,92,0.199,0,,0.199,全国,●,
5359,佐藤世那,88,0.153,15,0.155,0.155,当地,,,91,0.174,10,0.182,0.182,当地,●,
5360,高木茉白,51,0.184,6,0.212,0.184,全国,●,,116,0.196,10,0.201,0.201,当地,●,
5361,植竹玲奈,43,0.209,0,,0.209,全国,●,,126,0.214,0,,0.214,全国,●,
5362,中嶋世奈,42,0.212,0,,0.212,全国,●,,113,0.211,0,,0.211,全国,●,
5363,山本凱立,1,0.13,0,,0.13,全国,,●,83,0.201,0,,0.201,全国,●,
5364,金子怜央,8,0.142,0,,0.142,全国,,,181,0.156,35,0.167,0.167,当地,,
5365,石村日奈那,36,0.218,0,,0.218,全国,●,,142,0.2,9,0.223,0.2,全国,●,
5366,塩嶋泰空,27,0.181,5,0.216,0.181,全国,●,,129,0.193,4,0.27,0.193,全国,●,
5367,赤松咲香,9,0.182,0,,0.182,全国,●,,111,0.183,0,,0.183,全国,●,
5368,宮崎心之介,64,0.142,5,0.142,0.142,全国,,,132,0.169,16,0.244,0.244,当地,●,
5369,岡崎凪汰,82,0.164,5,0.176,0.164,全国,,,111,0.168,4,0.188,0.168,全国,,
5370,日隈茜,9,0.104,0,,0.104,全国,,●,129,0.187,0,,0.187,全国,●,
5371,早川颯太,6,0.203,1,0.16,0.203,全国,●,,159,0.205,59,0.207,0.207,当地,●,
5372,上岡巧汰,0,,0,,,全国,,,148,0.164,0,,0.164,全国,,
5373,諏訪玲奈,21,0.252,0,,0.252,全国,●,,113,0.204,10,0.276,0.276,当地,●,
5374,木山大聖,0,,0,,,全国,,,178,0.146,15,0.166,0.166,当地,,
5375,庄島潤成,0,,0,,,全国,,,200,0.182,0,,0.182,全国,●,
5376,吉田一心,107,0.152,5,0.116,0.152,全国,,,122,0.172,5,0.298,0.172,全国,,
5377,鳥居塚嶺王,29,0.149,0,,0.149,全国,,,148,0.167,19,0.215,0.215,当地,●,
5378,鈴木結平太,16,0.18,5,0.178,0.18,全国,,,157,0.211,16,0.284,0.284,当地,●,
5379,廣部大明,65,0.179,0,,0.179,全国,,,103,0.172,0,,0.172,全国,,
5380,野田亜湖,0,,0,,,全国,,,168,0.27,0,,0.27,全国,●,
5381,有山望,39,0.155,8,0.103,0.155,全国,,,139,0.175,18,0.209,0.209,当地,●,
5382,山下心一,19,0.179,0,,0.179,全国,,,158,0.176,5,0.254,0.176,全国,,
5383,中村楓,9,0.207,4,0.223,0.207,全国,●,,186,0.167,14,0.241,0.241,当地,●,
5384,八戸琉楓,16,0.216,2,0.175,0.216,全国,●,,164,0.212,18,0.245,0.245,当地,●,
5385,鈴木柊介,14,0.135,0,,0.135,全国,,,151,0.146,15,0.191,0.191,当地,●,
5386,米玉利大悟,76,0.155,6,0.147,0.155,全国,,,127,0.174,4,0.182,0.174,全国,,
5387,戸田海咲音,0,,0,,,全国,,,125,0.201,0,,0.201,全国,●,
5388,佐野優都,4,0.11,0,,0.11,全国,,●,161,0.165,18,0.246,0.246,当地,●,
5389,恵良琴美,0,,0,,,全国,,,204,0.175,10,0.214,0.214,当地,●,
5390,高橋涼夏,0,,0,,,全国,,,135,0.163,8,0.169,0.163,全国,,
5391,出穂和鼓,0,,0,,,全国,,,147,0.199,0,,0.199,全国,●,
5392,安武一也,0,,0,,,全国,,,179,0.18,0,,0.18,全国,,
5393,藤原駿,0,,0,,,全国,,,157,0.208,0,,0.208,全国,●,
5394,福西広太郎,16,0.156,0,,0.156,全国,,,194,0.188,25,0.239,0.239,当地,●,
5395,日高龍之介,16,0.175,0,,0.175,全国,,,143,0.193,0,,0.193,全国,●,
5396,近藤来希,12,0.167,0,,0.167,全国,,,152,0.204,0,,0.204,全国,●,
5397,寺田夢生,0,,0,,,全国,,,162,0.18,0,,0.18,全国,,
5398,鐘ヶ江真司,52,0.16,6,0.12,0.16,全国,,,167,0.186,13,0.222,0.222,当地,●,
5399,長野未来,0,,0,,,全国,,,147,0.234,9,0.276,0.234,全国,●,
5400,高村諒,28,0.155,0,,0.155,全国,,,152,0.169,0,,0.169,全国,,
5401,谷海夏人,0,,0,,,全国,,,84,0.207,0,,0.207,全国,●,
5402,塚越陸斗,0,,0,,,全国,,,128,0.209,17,0.277,0.277,当地,●,
5403,藤山湧太,0,,0,,,全国,,,157,0.18,0,,0.18,全国,,
5404,内田壮,1,0.05,0,,0.05,全国,,●,173,0.188,9,0.164,0.188,全国,●,
5405,竹内来,1,0.24,0,,0.24,全国,●,,173,0.185,23,0.214,0.214,当地,●,
5406,小畑楓夏,0,,0,,,全国,,,166,0.182,0,,0.182,全国,●,
5407,中岡駿,15,0.237,0,,0.237,全国,●,,151,0.181,0,,0.181,全国,●,
5408,中山鷹輔,0,,0,,,全国,,,59,0.215,0,,0.215,全国,●,
5409,宮本琉正,2,0.02,0,,0.02,全国,,●,154,0.153,0,,0.153,全国,,
5410,今泉澪,0,,0,,,全国,,,136,0.163,9,0.18,0.163,全国,,
5411,木下虎之輔,0,,0,,,全国,,,170,0.163,43,0.193,0.193,当地,●,
5412,久保田凪紗,4,0.065,0,,0.065,全国,,●,157,0.184,0,,0.184,全国,●,
5413,宮城那菜,0,,0,,,全国,,,154,0.139,0,,0.139,全国,,
5414,中澤英里,0,,0,,,全国,,,17,0.216,0,,0.216,全国,●,
5415,阿部未侑,0,,0,,,全国,,,123,0.23,9,0.36,0.23,全国,●,
5416,龍田真白,0,,0,,,全国,,,169,0.145,0,,0.145,全国,,
5417,小柳勝希,12,0.141,0,,0.141,全国,,,141,0.191,0,,0.191,全国,●,
5418,堀内亜海,0,,0,,,全国,,,154,0.198,0,,0.198,全国,●,
5419,櫻井隼,0,,0,,,全国,,,156,0.229,18,0.282,0.282,当地,●,
5420,吉原快誓,0,,0,,,全国,,,160,0.167,0,,0.167,全国,,
5421,原田朱理,0,,0,,,全国,,,119,0.228,0,,0.228,全国,●,
5422,真田聖也,0,,0,,,全国,,,93,0.153,0,,0.153,全国,,
5423,高橋嗣穏,0,,0,,,全国,,,103,0.217,0,,0.217,全国,●,
5424,熊倉幹太,0,,0,,,全国,,,117,0.197,27,0.186,0.186,当地,●,
5425,西山育,0,,0,,,全国,,,125,0.227,10,0.199,0.199,当地,●,
5426,甲斐貴大,0,,0,,,全国,,,140,0.189,0,,0.189,全国,●,
5427,港理樹,0,,0,,,全国,,,178,0.211,27,0.221,0.221,当地,●,
5428,古園井綾南,0,,0,,,全国,,,118,0.193,0,,0.193,全国,●,
5429,吉川颯汰,0,,0,,,全国,,,117,0.212,0,,0.212,全国,●,
5430,鳥本智史,0,,0,,,全国,,,108,0.173,0,,0.173,全国,,
5431,得山大輝,0,,0,,,全国,,,107,0.167,0,,0.167,全国,,
5432,安藤瑠希,0,,0,,,全国,,,153,0.157,0,,0.157,全国,,
5433,米本圭佑,0,,0,,,全国,,,137,0.229,29,0.222,0.222,当地,●,
5434,藤田康生,0,,0,,,全国,,,155,0.158,0,,0.158,全国,,
5435,中西月輝,0,,0,,,全国,,,116,0.223,0,,0.223,全国,●,
5436,市川瑚幸,0,,0,,,全国,,,145,0.208,0,,0.208,全国,●,
5437,中澤里桜,0,,0,,,全国,,,99,0.223,0,,0.223,全国,●,
5438,星田夢結,0,,0,,,全国,,,126,0.197,0,,0.197,全国,●,
5439,志賀美優,0,,0,,,全国,,,143,0.205,0,,0.205,全国,●,
5440,薗頭心,0,,0,,,全国,,,131,0.177,0,,0.177,全国,,
5441,鈴木雄登,0,,0,,,全国,,,151,0.18,6,0.227,0.18,全国,,
5442,池田美優,0,,0,,,全国,,,125,0.208,0,,0.208,全国,●,
5443,西村仁吾,0,,0,,,全国,,,118,0.228,0,,0.228,全国,●,
5444,林風音,0,,0,,,全国,,,128,0.202,0,,0.202,全国,●,
5445,一ノ木匠,0,,0,,,全国,,,55,0.155,0,,0.155,全国,,
5446,長嶺真李愛,0,,0,,,全国,,,50,0.221,0,,0.221,全国,●,
5447,岡本亜子,0,,0,,,全国,,,62,0.198,0,,0.198,全国,●,
5448,福田柊人,0,,0,,,全国,,,57,0.206,0,,0.206,全国,●,
5449,堀井涼平,0,,0,,,全国,,,44,0.166,0,,0.166,全国,,
5450,藤本遼磨,0,,0,,,全国,,,56,0.2,0,,0.2,全国,●,
5451,知念伶奈,0,,0,,,全国,,,45,0.279,0,,0.279,全国,●,
5452,上馬場風依,0,,0,,,全国,,,50,0.188,0,,0.188,全国,●,
5453,久保翔耶,0,,0,,,全国,,,69,0.162,0,,0.162,全国,,
5454,谷島咲希,0,,0,,,全国,,,68,0.212,0,,0.212,全国,●,
5455,澁澤周羽,0,,0,,,全国,,,74,0.187,0,,0.187,全国,●,
5456,今村天次朗,0,,0,,,全国,,,70,0.141,0,,0.141,全国,,
5457,山田陽翔,0,,0,,,全国,,,64,0.205,0,,0.205,全国,●,
5458,田中大輝,0,,0,,,全国,,,65,0.194,0,,0.194,全国,●,
5459,田中きら,0,,0,,,全国,,,54,0.214,0,,0.214,全国,●,
5460,早川理稀,0,,0,,,全国,,,84,0.182,0,,0.182,全国,●,
5461,板頭里緒,0,,0,,,全国,,,53,0.192,0,,0.192,全国,●,
5462,山浦槙,0,,0,,,全国,,,57,0.211,0,,0.211,全国,●,
5463,出口飛龍,0,,0,,,全国,,,54,0.205,0,,0.205,全国,●,
5464,宮田栞,0,,0,,,全国,,,65,0.221,0,,0.221,全国,●,
5465,直江健成,0,,0,,,全国,,,49,0.212,0,,0.212,全国,●,
5466,成田華音,0,,0,,,全国,,,57,0.181,0,,0.181,全国,●,
5467,野村羽玖,2,0.185,0,,0.185,全国,●,,62,0.193,0,,0.193,全国,●,
5468,山口隼人,0,,0,,,全国,,,58,0.197,0,,0.197,全国,●,
5469,今泉博人,0,,0,,,全国,,,61,0.221,0,,0.221,全国,●,
5470,坂口諒宗,0,,0,,,全国,,,55,0.206,0,,0.206,全国,●,
5471,田中結,0,,0,,,全国,,,82,0.161,0,,0.161,全国,,
5472,中川海虹,0,,0,,,全国,,,48,0.245,0,,0.245,全国,●,
