date,race,rank,boat,regno,name,motor,boatno,exhib,course,st
2025-09-19,1,01,1,5063,大塚雅治,38,54,6.91,1,0.27
2025-09-19,1,02,2,4603,谷川将太,14,29,6.93,2,0.28
2025-09-19,1,03,3,5276,大島隆乃介,76,39,6.96,3,0.26
2025-09-19,1,04,4,3951,石川吉鎬,49,34,6.98,4,0.26
2025-09-19,1,05,6,5337,出畑孝成,41,73,6.95,5,0.26
2025-09-19,1,06,5,5395,日高龍之介,28,76,6.91,6,0.35
2025-09-19,2,01,1,3892,草場康幸,59,61,6.93,1,0.09
2025-09-19,2,02,2,4254,川島圭司,69,70,6.94,2,0.16
2025-09-19,2,03,3,4434,田中辰彦,64,35,6.96,3,0.16
2025-09-19,2,04,4,4252,松下哲也,73,13,7.01,4,0.22
2025-09-19,2,05,6,3568,木村光宏,13,59,6.96,6,0.25
2025-09-19,2,06,5,5035,櫻井優,61,46,6.95,5,0.28
2025-09-19,3,01,1,4904,松本一毅,23,57,6.91,1,0.12
2025-09-19,3,02,2,4513,河野真也,37,60,6.94,2,0.26
2025-09-19,3,03,5,4903,吉田凌太朗,15,11,6.92,5,0.17
2025-09-19,3,04,4,4978,山田和佐,18,38,6.92,4,0.18
2025-09-19,3,05,6,3478,嶋田貴支,68,41,7.0,6,0.22
2025-09-19,3,06,3,4253,西川真人,16,22,6.97,3,0.24
2025-09-19,4,01,1,3882,新田智彰,50,68,7.0,1,0.13
2025-09-19,4,02,3,4095,福来剛,67,30,6.92,3,0.13
2025-09-19,4,03,2,5214,田中宏典,36,48,6.93,2,0.15
2025-09-19,4,04,4,3811,石田章央,63,31,6.97,4,0.13
2025-09-19,4,05,5,3775,泉啓文,52,43,6.9,5,0.13
2025-09-19,4,06,6,5375,庄島潤成,35,65,6.91,6,0.13
2025-09-19,5,01,5,4762,藤原啓史朗,19,37,6.87,5,0.19
2025-09-19,5,02,1,4015,前野竜一,75,64,6.9,1,0.25
2025-09-19,5,03,4,4632,長尾京志郎,24,58,6.9,4,0.22
2025-09-19,5,04,3,2878,富山弘幸,25,26,6.89,3,0.29
2025-09-19,5,05,2,4511,中岡健人,70,53,6.98,2,0.27
2025-09-19,5,06,6,5348,小林甘寧,47,44,6.89,6,0.18
2025-09-19,6,01,1,3567,吉岡誠,53,77,6.89,1,0.18
2025-09-19,6,02,2,4737,竹井貴史,74,50,6.88,2,0.21
2025-09-19,6,03,3,4089,妹尾忠幸,22,18,6.9,3,0.17
2025-09-19,6,04,5,4572,渡部悟,71,16,6.98,5,0.23
2025-09-19,6,05,6,3807,岡部哲,40,49,6.92,6,0.26
2025-09-19,6,06,4,5337,出畑孝成,41,73,6.9,4,0.18
2025-09-19,7,01,5,4301,関裕也,34,51,6.93,5,0.11
2025-09-19,7,02,1,4171,榎幸司,17,67,6.93,1,0.17
2025-09-19,7,03,2,4308,河村了,56,72,6.9,2,0.17
2025-09-19,7,04,4,3568,木村光宏,13,59,6.93,4,0.13
2025-09-19,7,05,3,3507,藤井徹,51,45,6.95,3,0.17
2025-09-19,7,06,6,5395,日高龍之介,28,76,6.88,6,0.16
2025-09-19,8,01,1,4264,長尾章平,27,33,6.92,1,0.12
2025-09-19,8,02,3,4904,松本一毅,23,57,6.88,3,0.15
2025-09-19,8,03,2,4323,山田佑樹,31,74,6.92,2,0.18
2025-09-19,8,04,6,4241,大串重幸,33,55,6.95,6,0.17
2025-09-19,8,05,4,5063,大塚雅治,38,54,6.94,4,0.23
2025-09-19,8,06,5,4252,松下哲也,73,13,6.98,5,0.17
2025-09-19,9,01,4,4109,谷津幸宏,45,69,6.97,4,0.12
2025-09-19,9,02,6,4216,星栄爾,57,56,6.92,6,0.19
2025-09-19,9,03,1,3951,石川吉鎬,49,34,6.97,1,0.25
2025-09-19,9,04,5,3892,草場康幸,59,61,6.94,5,0.16
2025-09-19,9,05,2,3775,泉啓文,52,43,6.91,2,0.21
2025-09-19,9,06,3,4978,山田和佐,18,38,6.92,3,0.24
2025-09-19,10,01,2,2878,富山弘幸,25,26,6.9,2,0.09
2025-09-19,10,02,1,3811,石田章央,63,31,6.92,1,0.13
2025-09-19,10,03,4,4172,森定晃史,72,62,6.92,4,0.15
2025-09-19,10,04,5,5276,大島隆乃介,76,39,6.9,5,0.13
2025-09-19,10,05,3,4292,麻生慎介,54,47,6.92,3,0.12
2025-09-19,10,06,6,4154,森安弘雅,55,21,6.92,6,0.12
2025-09-19,11,01,1,4434,田中辰彦,64,35,6.82,1,0.15
2025-09-19,11,02,3,4603,谷川将太,14,29,6.89,3,0.14
2025-09-19,11,03,2,4572,渡部悟,71,16,6.97,2,0.13
2025-09-19,11,04,4,4015,前野竜一,75,64,6.92,4,0.12
2025-09-19,11,05,6,5214,田中宏典,36,48,6.86,6,0.21
2025-09-19,11,06,5,4513,河野真也,37,60,6.89,5,0.17
2025-09-19,12,01,1,4762,藤原啓史朗,19,37,6.88,1,0.07
2025-09-19,12,02,5,4737,竹井貴史,74,50,6.89,5,0.09
2025-09-19,12,03,3,4171,榎幸司,17,67,6.96,3,0.08
2025-09-19,12,04,2,4264,長尾章平,27,33,6.94,2,0.03
2025-09-19,12,05,6,4095,福来剛,67,30,6.89,6,0.11
2025-09-19,12,06,4,4903,吉田凌太朗,15,11,6.91,4,0.06
2025-09-20,1,01,2,3811,石田章央,63,31,7.0,2,0.29
2025-09-20,1,02,5,5348,小林甘寧,47,44,6.93,6,0.18
2025-09-20,1,03,3,4511,中岡健人,70,53,6.99,3,0.25
2025-09-20,1,04,4,4241,大串重幸,33,55,6.98,4,0.23
2025-09-20,1,05,6,3507,藤井徹,51,45,7.0,5,0.21
2025-09-20,1,06,1,5035,櫻井優,61,46,6.98,1,0.35
2025-09-20,2,01,1,4572,渡部悟,71,16,7.06,1,0.11
2025-09-20,2,02,3,4109,谷津幸宏,45,69,7.07,3,0.14
2025-09-20,2,03,4,4253,西川真人,16,22,7.01,4,0.20
2025-09-20,2,04,5,4308,河村了,56,72,6.95,5,0.21
2025-09-20,2,05,2,4301,関裕也,34,51,7.02,2,0.18
2025-09-20,2,06,6,3567,吉岡誠,53,77,6.97,6,0.26
2025-09-20,3,01,1,3478,嶋田貴支,68,41,7.06,1,0.14
2025-09-20,3,02,5,4095,福来剛,67,30,6.99,5,0.21
2025-09-20,3,03,3,4254,川島圭司,69,70,7.03,3,0.17
2025-09-20,3,04,4,3807,岡部哲,40,49,7.01,4,0.17
2025-09-20,3,05,2,3882,新田智彰,50,68,7.04,2,0.21
2025-09-20,3,06,6,4323,山田佑樹,31,74,7.06,6,0.22
2025-09-20,4,01,1,4089,妹尾忠幸,22,18,6.97,1,0.16
2025-09-20,4,02,2,3568,木村光宏,13,59,6.96,2,0.16
2025-09-20,4,03,6,4978,山田和佐,18,38,6.97,6,0.25
2025-09-20,4,04,5,4171,榎幸司,17,67,7.02,5,0.26
2025-09-20,4,05,3,4632,長尾京志郎,24,58,6.98,3,0.26
2025-09-20,4,06,4,5375,庄島潤成,35,65,7.03,4,0.28
2025-09-20,5,01,1,4154,森安弘雅,55,21,7.04,1,0.01
2025-09-20,5,02,2,5063,大塚雅治,38,54,7.04,2,0.07
2025-09-20,5,03,4,5214,田中宏典,36,48,6.96,4,0.11
2025-09-20,5,04,6,4264,長尾章平,27,33,7.06,5,0.08
2025-09-20,5,05,5,5337,出畑孝成,41,73,6.98,6,0.17
2025-09-20,5,06,3,4216,星栄爾,57,56,7.1,3,0.06
2025-09-20,6,01,1,4511,中岡健人,70,53,6.97,1,0.10
2025-09-20,6,02,5,4172,森定晃史,72,62,7.0,5,0.21
2025-09-20,6,03,4,2878,富山弘幸,25,26,6.95,4,0.16
2025-09-20,6,04,3,3775,泉啓文,52,43,6.94,3,0.21
2025-09-20,6,05,2,4903,吉田凌太朗,15,11,6.96,2,0.13
2025-09-20,6,06,6,5395,日高龍之介,28,76,6.93,6,0.23
2025-09-20,7,01,1,4109,谷津幸宏,45,69,6.97,1,0.10
2025-09-20,7,02,2,4292,麻生慎介,54,47,6.98,2,0.13
2025-09-20,7,03,5,4904,松本一毅,23,57,6.91,5,0.12
2025-09-20,7,04,4,3892,草場康幸,59,61,6.96,4,0.15
2025-09-20,7,05,3,4252,松下哲也,73,13,6.97,3,0.13
2025-09-20,7,06,6,5348,小林甘寧,47,44,6.94,6,0.16
2025-09-20,8,01,1,4301,関裕也,34,51,7.0,1,0.11
2025-09-20,8,02,4,4434,田中辰彦,64,35,6.95,5,0.30
2025-09-20,8,03,3,3807,岡部哲,40,49,6.92,3,0.26
2025-09-20,8,04,5,3507,藤井徹,51,45,6.99,4,0.34
2025-09-20,8,S0,2,3951,石川吉鎬,49,34,7.05,2,0.19
2025-09-20,8,S2,6,4513,河野真也,37,15,6.94,6,0.40
2025-09-20,9,01,1,4253,西川真人,16,22,6.97,1,0.14
2025-09-20,9,02,2,4762,藤原啓史朗,19,37,6.9,2,0.14
2025-09-20,9,03,3,3478,嶋田貴支,68,41,6.97,3,0.14
2025-09-20,9,04,4,5035,櫻井優,61,46,6.96,4,0.12
2025-09-20,9,05,6,4603,谷川将太,14,29,6.9,6,0.17
2025-09-20,9,06,5,5375,庄島潤成,35,65,6.99,5,0.15
2025-09-20,10,01,1,4216,星栄爾,57,56,6.91,1,0.14
2025-09-20,10,02,3,4737,竹井貴史,74,50,6.86,3,0.17
2025-09-20,10,03,5,4978,山田和佐,18,38,6.88,5,0.11
2025-09-20,10,04,4,4323,山田佑樹,31,74,6.9,4,0.23
2025-09-20,10,05,2,4015,前野竜一,75,64,6.9,2,0.19
2025-09-20,10,06,6,5276,大島隆乃介,76,39,6.89,6,0.14
2025-09-20,11,01,1,4172,森定晃史,72,62,6.92,1,0.14
2025-09-20,11,02,3,4154,森安弘雅,55,21,6.94,3,0.08
2025-09-20,11,03,4,3882,新田智彰,50,68,6.96,4,0.04
2025-09-20,11,04,6,4308,河村了,56,72,6.88,6,0.03
2025-09-20,11,05,2,4241,大串重幸,33,55,6.93,2,0.14
2025-09-20,11,06,5,4632,長尾京志郎,24,58,6.91,5,0.04
2025-09-20,12,01,1,4903,吉田凌太朗,15,11,6.92,1,0.02
2025-09-20,12,02,3,5063,大塚雅治,38,54,6.94,3,0.10
2025-09-20,12,03,4,4089,妹尾忠幸,22,18,6.93,4,0.10
2025-09-20,12,04,6,4292,麻生慎介,54,47,6.97,6,0.06
2025-09-20,12,05,2,3567,吉岡誠,53,77,6.93,2,0.09
2025-09-20,12,S1,5,4254,川島圭司,69,70,6.94,5,0.09
2025-09-21,1,01,1,3568,木村光宏,13,59,6.79,1,0.15
2025-09-21,1,02,5,4216,星栄爾,57,56,6.84,5,0.10
2025-09-21,1,03,2,4171,榎幸司,17,67,6.84,2,0.15
2025-09-21,1,04,3,4323,山田佑樹,31,74,6.86,3,0.16
2025-09-21,1,05,4,5337,出畑孝成,41,73,6.86,4,0.16
2025-09-21,1,06,6,5395,日高龍之介,28,76,6.83,6,0.16
2025-09-21,2,01,1,4632,長尾京志郎,24,58,6.87,1,0.17
2025-09-21,2,02,3,4301,関裕也,34,51,6.84,3,0.13
2025-09-21,2,03,2,4603,谷川将太,14,29,6.82,2,0.16
2025-09-21,2,04,5,5348,小林甘寧,47,44,6.83,6,0.09
2025-09-21,2,05,4,3811,石田章央,63,31,6.9,4,0.06
2025-09-21,2,06,6,5063,大塚雅治,38,54,6.87,5,0.07
2025-09-21,3,01,1,5276,大島隆乃介,76,39,6.87,1,0.22
2025-09-21,3,02,3,4737,竹井貴史,74,50,6.86,3,0.24
2025-09-21,3,03,5,3807,岡部哲,40,49,6.89,5,0.15
2025-09-21,3,04,2,5035,櫻井優,61,46,6.89,2,0.26
2025-09-21,3,05,6,4253,西川真人,16,22,6.88,6,0.16
2025-09-21,3,06,4,4513,河野真也,37,15,6.89,4,0.18
2025-09-21,4,01,1,2878,富山弘幸,25,26,6.82,1,0.16
2025-09-21,4,02,5,3567,吉岡誠,53,77,6.87,5,0.15
2025-09-21,4,03,3,4572,渡部悟,71,16,6.89,3,0.12
2025-09-21,4,04,2,4095,福来剛,67,30,6.84,2,0.12
2025-09-21,4,05,4,3478,嶋田貴支,68,41,6.87,4,0.13
2025-09-21,4,06,6,3775,泉啓文,52,43,6.86,6,0.18
2025-09-21,5,01,3,4903,吉田凌太朗,15,11,6.83,3,0.09
2025-09-21,5,02,1,5214,田中宏典,36,48,6.85,1,0.16
2025-09-21,5,03,4,4904,松本一毅,23,57,6.82,4,0.13
2025-09-21,5,04,5,4109,谷津幸宏,45,69,6.87,5,0.14
2025-09-21,5,05,2,3892,草場康幸,59,61,6.87,2,0.12
2025-09-21,5,06,6,4511,中岡健人,70,53,6.86,6,0.17
2025-09-21,6,01,4,4089,妹尾忠幸,22,18,6.83,4,0.09
2025-09-21,6,02,6,4762,藤原啓史朗,19,37,6.83,5,0.11
2025-09-21,6,03,2,4252,松下哲也,73,13,6.87,2,0.11
2025-09-21,6,04,1,4978,山田和佐,18,38,6.87,1,0.19
2025-09-21,6,05,5,5395,日高龍之介,28,76,6.81,6,0.14
2025-09-21,6,06,3,3882,新田智彰,50,68,6.88,3,0.11
2025-09-21,7,01,1,4241,大串重幸,33,55,6.87,1,0.12
2025-09-21,7,02,4,4015,前野竜一,75,64,6.87,4,0.06
2025-09-21,7,03,3,5035,櫻井優,61,46,6.84,3,0.07
2025-09-21,7,04,5,5337,出畑孝成,41,73,6.86,5,0.08
2025-09-21,7,05,6,5375,庄島潤成,35,65,6.83,6,0.12
2025-09-21,7,06,2,4434,田中辰彦,64,35,6.85,2,0.13
2025-09-21,8,01,1,4292,麻生慎介,54,47,6.83,1,0.23
2025-09-21,8,02,3,4264,長尾章平,27,33,7.01,3,0.20
2025-09-21,8,03,2,4253,西川真人,16,22,6.89,2,0.21
2025-09-21,8,04,4,3507,藤井徹,51,45,6.89,4,0.17
2025-09-21,8,05,5,3568,木村光宏,13,59,6.82,5,0.18
2025-09-21,8,06,6,5348,小林甘寧,47,44,6.79,6,0.20
2025-09-21,9,01,1,4308,河村了,56,72,6.82,1,0.12
2025-09-21,9,02,6,4171,榎幸司,17,67,6.87,5,0.09
2025-09-21,9,03,3,4513,河野真也,37,15,6.88,3,0.11
2025-09-21,9,04,5,5214,田中宏典,36,48,6.86,6,0.03
2025-09-21,9,05,4,3775,泉啓文,52,43,6.91,4,0.10
2025-09-21,9,06,2,4632,長尾京志郎,24,58,6.84,2,0.12
2025-09-21,10,01,1,4254,川島圭司,69,70,6.87,1,0.08
2025-09-21,10,02,3,4172,森定晃史,72,62,6.89,3,0.12
2025-09-21,10,03,2,4216,星栄爾,57,56,6.86,2,0.15
2025-09-21,10,04,6,4252,松下哲也,73,13,6.86,6,0.11
2025-09-21,10,05,5,4154,森安弘雅,55,21,6.88,5,0.12
2025-09-21,10,06,4,4572,渡部悟,71,16,6.97,4,0.12
2025-09-21,11,01,1,4095,福来剛,67,30,6.89,1,0.21
2025-09-21,11,02,2,4089,妹尾忠幸,22,18,6.86,2,0.17
2025-09-21,11,03,6,3811,石田章央,63,31,6.93,6,0.19
2025-09-21,11,04,3,3892,草場康幸,59,61,6.88,3,0.18
2025-09-21,11,05,5,4323,山田佑樹,31,74,6.91,5,0.19
2025-09-21,11,06,4,5276,大島隆乃介,76,39,6.91,4,0.16
2025-09-21,12,01,1,4737,竹井貴史,74,50,6.85,1,0.18
2025-09-21,12,02,3,4762,藤原啓史朗,19,37,6.87,3,0.16
2025-09-21,12,03,4,4603,谷川将太,14,29,6.87,4,0.17
2025-09-21,12,04,2,4904,松本一毅,23,57,6.85,2,0.14
2025-09-21,12,05,5,2878,富山弘幸,25,26,6.89,5,0.16
2025-09-21,12,05,6,4015,前野竜一,75,64,6.88,6,0.19
2025-09-22,1,01,4,4172,森定晃史,72,62,6.92,4,0.16
2025-09-22,1,02,6,4301,関裕也,34,51,6.83,5,0.15
2025-09-22,1,03,2,4978,山田和佐,18,38,6.88,2,0.18
2025-09-22,1,04,1,3775,泉啓文,52,43,6.88,1,0.15
2025-09-22,1,05,5,5375,庄島潤成,35,65,6.85,6,0.22
2025-09-22,1,06,3,4292,麻生慎介,54,47,6.88,3,0.15
2025-09-22,2,01,4,3567,吉岡誠,53,77,6.88,4,0.04
2025-09-22,2,02,5,4434,田中辰彦,64,35,6.92,5,0.04
2025-09-22,2,03,6,3892,草場康幸,59,61,6.91,6,0.07
2025-09-22,2,04,2,4241,大串重幸,33,55,6.87,2,0.16
2025-09-22,2,05,1,3807,岡部哲,40,49,6.89,1,0.23
2025-09-22,2,06,3,3568,木村光宏,13,59,6.86,3,0.09
2025-09-22,3,01,2,5035,櫻井優,61,46,6.89,2,0.13
2025-09-22,3,02,1,3507,藤井徹,51,45,6.91,1,0.16
2025-09-22,3,03,3,4154,森安弘雅,55,21,6.83,3,0.14
2025-09-22,3,04,4,4903,吉田凌太朗,15,11,6.91,4,0.24
2025-09-22,3,05,5,5348,小林甘寧,47,44,6.89,5,0.27
2025-09-22,3,06,6,5395,日高龍之介,28,76,6.86,6,0.29
2025-09-22,4,01,1,4252,松下哲也,73,13,6.86,1,0.09
2025-09-22,4,02,5,4264,長尾章平,27,33,6.85,5,0.18
2025-09-22,4,03,2,3478,嶋田貴支,68,41,6.94,2,0.13
2025-09-22,4,04,4,4511,中岡健人,70,53,6.9,4,0.19
2025-09-22,4,05,3,3811,石田章央,63,31,6.91,3,0.16
2025-09-22,4,06,6,4632,長尾京志郎,24,58,6.87,6,0.23
2025-09-22,5,01,1,4095,福来剛,67,30,6.89,1,0.13
2025-09-22,5,02,4,4308,河村了,56,72,6.83,4,0.12
2025-09-22,5,03,6,4904,松本一毅,23,57,6.8,6,0.10
2025-09-22,5,04,3,5214,田中宏典,36,48,6.81,3,0.14
2025-09-22,5,05,5,3882,新田智彰,50,68,6.9,5,0.11
2025-09-22,5,06,2,5276,大島隆乃介,76,39,6.86,2,0.12
2025-09-22,6,01,3,4216,星栄爾,57,56,6.9,4,0.11
2025-09-22,6,02,4,4301,関裕也,34,51,6.84,5,0.11
2025-09-22,6,03,1,4762,藤原啓史朗,19,37,6.85,1,0.17
2025-09-22,6,04,5,5337,出畑孝成,41,73,6.88,6,0.18
2025-09-22,6,05,2,4109,谷津幸宏,45,69,6.95,2,0.16
2025-09-22,6,06,6,2878,富山弘幸,25,26,6.88,3,0.28
2025-09-22,7,01,1,4603,谷川将太,14,29,6.86,1,0.14
2025-09-22,7,02,4,4737,竹井貴史,74,50,6.9,4,0.15
2025-09-22,7,03,2,4172,森定晃史,72,62,6.91,2,0.16
2025-09-22,7,04,3,3567,吉岡誠,53,77,6.93,3,0.16
2025-09-22,7,05,5,4253,西川真人,16,22,6.93,5,0.21
2025-09-22,7,06,6,5395,日高龍之介,28,76,6.82,6,0.25
2025-09-22,8,01,1,4323,山田佑樹,31,74,6.9,1,0.17
2025-09-22,8,02,3,4903,吉田凌太朗,15,11,6.9,3,0.10
2025-09-22,8,03,2,4632,長尾京志郎,24,58,6.91,2,0.14
2025-09-22,8,04,6,4089,妹尾忠幸,22,18,6.91,5,0.14
2025-09-22,8,05,5,5063,大塚雅治,38,54,6.89,4,0.16
2025-09-22,8,06,4,5375,庄島潤成,35,78,6.93,6,0.17
2025-09-22,9,01,3,4015,前野竜一,75,64,6.93,3,0.08
2025-09-22,9,02,1,4513,河野真也,37,15,6.87,1,0.17
2025-09-22,9,03,4,4095,福来剛,67,30,6.92,4,0.08
2025-09-22,9,04,5,4511,中岡健人,70,53,6.98,5,0.12
2025-09-22,9,05,6,5035,櫻井優,61,46,6.89,6,0.12
2025-09-22,9,06,2,3807,岡部哲,40,49,6.87,2,0.09
2025-09-22,10,01,3,4434,田中辰彦,64,35,6.89,3,0.11
2025-09-22,10,02,2,4308,河村了,56,72,6.84,2,0.13
2025-09-22,10,03,6,4572,渡部悟,71,16,6.96,6,0.17
2025-09-22,10,04,1,4171,榎幸司,17,67,6.89,1,0.15
2025-09-22,10,05,4,4216,星栄爾,57,56,6.89,4,0.14
2025-09-22,10,06,5,3478,嶋田貴支,68,41,6.93,5,0.19
2025-09-22,11,01,1,4264,長尾章平,27,33,6.89,1,0.05
2025-09-22,11,02,5,4292,麻生慎介,54,47,6.94,5,0.07
2025-09-22,11,03,2,4154,森安弘雅,55,21,6.87,2,0.08
2025-09-22,11,04,3,4241,大串重幸,33,55,6.9,3,0.06
2025-09-22,11,05,6,3882,新田智彰,50,68,6.91,6,0.10
2025-09-22,11,06,4,4109,谷津幸宏,45,69,6.87,4,0.06
2025-09-22,12,01,1,3811,石田章央,63,31,6.92,1,0.12
2025-09-22,12,02,4,4762,藤原啓史朗,19,37,6.87,4,0.11
2025-09-22,12,03,3,3892,草場康幸,59,61,6.87,3,0.11
2025-09-22,12,04,2,5214,田中宏典,36,48,6.89,2,0.13
2025-09-22,12,05,5,4978,山田和佐,18,38,6.88,5,0.14
2025-09-22,12,06,6,5348,小林甘寧,47,44,6.83,6,0.18
2025-09-23,1,01,1,3567,吉岡誠,53,77,6.96,1,0.10
2025-09-23,1,02,3,4904,松本一毅,23,57,6.91,4,0.14
2025-09-23,1,03,5,4089,妹尾忠幸,22,18,6.91,3,0.12
2025-09-23,1,04,6,2878,富山弘幸,25,26,6.86,5,0.19
2025-09-23,1,05,2,3892,草場康幸,59,61,6.96,2,0.09
2025-09-23,1,06,4,4264,長尾章平,27,33,6.94,6,0.27
2025-09-23,2,01,1,4301,関裕也,34,51,6.91,1,0.20
2025-09-23,2,02,2,3568,木村光宏,13,59,6.95,2,0.18
2025-09-23,2,03,4,5063,大塚雅治,38,54,6.9,4,0.21
2025-09-23,2,04,5,5337,出畑孝成,41,73,6.93,5,0.22
2025-09-23,2,05,6,4172,森定晃史,72,62,6.96,6,0.23
2025-09-23,2,06,3,4903,吉田凌太朗,15,11,6.89,3,0.17
2025-09-23,3,01,1,4015,前野竜一,75,64,6.93,1,0.13
2025-09-23,3,02,2,4511,中岡健人,70,53,6.98,2,0.11
2025-09-23,3,03,6,4434,田中辰彦,64,35,6.9,6,0.04
2025-09-23,3,04,4,5276,大島隆乃介,76,39,6.9,4,0.11
2025-09-23,3,05,3,4171,榎幸司,17,67,6.98,3,0.12
2025-09-23,3,06,5,3775,泉啓文,52,43,6.93,5,0.09
2025-09-23,4,01,1,4603,谷川将太,14,29,6.9,1,0.20
2025-09-23,4,02,3,5214,田中宏典,36,48,6.89,3,0.16
2025-09-23,4,03,4,4095,福来剛,67,30,6.93,4,0.13
2025-09-23,4,04,2,4978,山田和佐,18,38,6.91,2,0.21
2025-09-23,4,05,5,4252,松下哲也,73,13,6.96,5,0.26
2025-09-23,4,06,6,4154,森安弘雅,55,21,6.89,6,0.29
2025-09-23,5,01,6,4762,藤原啓史朗,19,37,6.88,5,0.14
2025-09-23,5,02,2,4572,渡部悟,71,16,7.04,2,0.17
2025-09-23,5,03,5,4308,河村了,56,72,6.88,4,0.12
2025-09-23,5,04,1,4109,谷津幸宏,45,69,6.9,1,0.11
2025-09-23,5,05,4,3807,岡部哲,40,49,6.97,3,0.22
2025-09-23,5,06,3,5375,庄島潤成,35,78,6.97,6,0.19
2025-09-23,6,01,1,4216,星栄爾,57,56,6.96,1,0.15
2025-09-23,6,02,3,5035,櫻井優,61,46,6.94,3,0.18
2025-09-23,6,03,4,4632,長尾京志郎,24,58,6.93,4,0.21
2025-09-23,6,04,2,3507,藤井徹,51,45,6.95,2,0.24
2025-09-23,6,05,6,4737,竹井貴史,74,50,6.9,6,0.21
2025-09-23,6,06,5,3892,草場康幸,59,61,6.96,5,0.18
2025-09-23,7,01,1,4292,麻生慎介,54,47,7.0,1,0.15
2025-09-23,7,02,3,3478,嶋田貴支,68,41,7.01,3,0.11
2025-09-23,7,03,5,4323,山田佑樹,31,74,6.96,5,0.16
2025-09-23,7,04,4,3882,新田智彰,50,68,6.96,4,0.12
2025-09-23,7,05,2,4513,河野真也,37,15,6.93,2,0.13
2025-09-23,7,06,6,5348,小林甘寧,47,44,6.9,6,0.17
2025-09-23,8,01,1,2878,富山弘幸,25,26,6.9,1,0.11
2025-09-23,8,02,3,4241,大串重幸,33,55,6.92,3,0.18
2025-09-23,8,03,4,4253,西川真人,16,22,6.95,4,0.18
2025-09-23,8,04,2,5063,大塚雅治,38,54,6.92,2,0.17
2025-09-23,8,05,6,3811,石田章央,63,31,6.97,5,0.17
2025-09-23,8,06,5,5395,日高龍之介,28,76,6.87,6,0.19
2025-09-23,9,01,1,4172,森定晃史,72,62,6.89,1,0.01
2025-09-23,9,02,2,4264,長尾章平,27,33,6.96,2,0.07
2025-09-23,9,03,4,4603,谷川将太,14,29,6.89,4,0.18
2025-09-23,9,04,3,4308,河村了,56,72,6.9,3,0.10
2025-09-23,9,05,5,4015,前野竜一,75,64,6.92,5,0.14
2025-09-23,9,06,6,3567,吉岡誠,53,77,6.96,6,0.22
2025-09-23,10,01,1,4737,竹井貴史,74,50,6.89,1,0.17
2025-09-23,10,02,2,4095,福来剛,67,30,6.93,2,0.16
2025-09-23,10,03,3,4434,田中辰彦,64,35,6.93,3,0.21
2025-09-23,10,04,4,4904,松本一毅,23,57,6.91,4,0.16
2025-09-23,10,05,5,4903,吉田凌太朗,15,11,6.93,5,0.13
2025-09-23,10,06,6,4109,谷津幸宏,45,69,6.97,6,0.18
2025-09-23,11,01,1,4762,藤原啓史朗,19,37,6.92,1,0.05
2025-09-23,11,02,2,4301,関裕也,34,51,6.96,2,0.06
2025-09-23,11,03,3,4089,妹尾忠幸,22,18,6.95,3,0.10
2025-09-23,11,04,5,4216,星栄爾,57,56,6.96,5,0.13
2025-09-23,11,05,4,4171,榎幸司,17,67,6.96,4,0.13
2025-09-23,11,06,6,4292,麻生慎介,54,47,6.99,6,0.18
2025-09-23,12,01,1,4154,森安弘雅,55,21,6.9,1,0.08
2025-09-23,12,02,6,4241,大串重幸,33,55,6.95,4,0.08
2025-09-23,12,03,4,3478,嶋田貴支,68,41,7.02,3,0.08
2025-09-23,12,04,2,5276,大島隆乃介,76,39,6.94,2,0.16
2025-09-23,12,05,3,5337,出畑孝成,41,73,6.92,5,0.09
2025-09-23,12,06,5,4572,渡部悟,71,16,7.04,6,0.07
2025-09-24,1,01,4,3568,木村光宏,13,59,6.9,4,0.05
2025-09-24,1,02,1,4904,松本一毅,23,57,6.91,1,0.11
2025-09-24,1,03,6,3507,藤井徹,51,45,6.92,5,0.05
2025-09-24,1,04,5,5063,大塚雅治,38,54,6.94,6,0.03
2025-09-24,1,05,2,4323,山田佑樹,31,74,6.9,2,0.24
2025-09-24,1,S1,3,4632,長尾京志郎,24,58,6.92,3,0.16
2025-09-24,2,01,1,3478,嶋田貴支,68,41,6.96,1,0.22
2025-09-24,2,02,6,5348,小林甘寧,47,44,6.9,6,0.26
2025-09-24,2,03,4,4252,松下哲也,73,13,6.94,4,0.30
2025-09-24,2,04,2,3807,岡部哲,40,49,6.92,2,0.26
2025-09-24,2,05,5,4511,中岡健人,70,53,7.0,5,0.26
2025-09-24,2,06,3,3775,泉啓文,52,43,6.91,3,0.28
2025-09-24,3,01,5,5035,櫻井優,61,46,6.95,5,0.21
2025-09-24,3,02,2,4216,星栄爾,57,56,6.95,2,0.12
2025-09-24,3,03,1,4572,渡部悟,71,16,7.01,1,0.17
2025-09-24,3,04,3,4154,森安弘雅,55,21,6.98,3,0.20
2025-09-24,3,05,4,4253,西川真人,16,22,7.01,4,0.21
2025-09-24,3,06,6,5375,庄島潤成,35,78,6.97,6,0.22
2025-09-24,4,01,1,4292,麻生慎介,54,47,6.99,1,0.18
2025-09-24,4,02,4,4241,大串重幸,33,55,6.92,4,0.18
2025-09-24,4,03,3,3882,新田智彰,50,68,6.93,3,0.16
2025-09-24,4,04,5,3811,石田章央,63,31,6.98,5,0.17
2025-09-24,4,05,6,5337,出畑孝成,41,73,6.93,6,0.16
2025-09-24,4,06,2,3567,吉岡誠,53,77,6.94,2,0.15
2025-09-24,5,01,1,4308,河村了,56,72,6.86,1,0.14
2025-09-24,5,02,4,4323,山田佑樹,31,74,6.93,4,0.27
2025-09-24,5,03,2,2878,富山弘幸,25,26,6.94,2,0.17
2025-09-24,5,04,3,4513,河野真也,37,15,6.93,3,0.21
2025-09-24,5,05,5,4603,谷川将太,14,29,6.93,5,0.25
2025-09-24,5,06,6,5395,日高龍之介,28,76,6.86,6,0.23
2025-09-24,6,01,1,4109,谷津幸宏,45,69,6.96,1,0.09
2025-09-24,6,02,4,4089,妹尾忠幸,22,18,6.92,4,0.17
2025-09-24,6,03,3,3568,木村光宏,13,59,6.93,3,0.19
2025-09-24,6,04,6,3478,嶋田貴支,68,41,7.02,6,0.22
2025-09-24,6,S2,2,4015,前野竜一,75,64,6.98,2,0.38
2025-09-24,6,S0,5,5276,大島隆乃介,76,39,6.96,5,0.17
2025-09-24,7,01,1,4903,吉田凌太朗,15,11,6.89,1,0.10
2025-09-24,7,02,3,4511,中岡健人,70,17,6.94,3,0.09
2025-09-24,7,03,4,4978,山田和佐,18,38,6.93,4,0.14
2025-09-24,7,04,2,3775,泉啓文,52,43,6.91,2,0.14
2025-09-24,7,05,6,5375,庄島潤成,35,78,6.94,6,0.12
2025-09-24,7,06,5,4632,長尾京志郎,24,58,6.97,5,0.14
2025-09-24,8,01,1,4171,榎幸司,17,67,6.91,1,0.15
2025-09-24,8,02,2,4253,西川真人,16,22,6.94,2,0.11
2025-09-24,8,03,3,3892,草場康幸,59,61,6.9,3,0.12
2025-09-24,8,04,4,3882,新田智彰,50,68,6.88,4,0.14
2025-09-24,8,05,5,3807,岡部哲,40,49,6.95,5,0.17
2025-09-24,8,06,6,4095,福来剛,67,30,6.91,6,0.17
2025-09-24,9,01,2,4252,松下哲也,73,13,6.87,2,0.08
2025-09-24,9,02,4,4154,森安弘雅,55,21,6.91,4,0.20
2025-09-24,9,03,1,4241,大串重幸,33,55,6.87,1,0.14
2025-09-24,9,04,3,5063,大塚雅治,38,54,6.88,3,0.11
2025-09-24,9,05,5,4513,河野真也,37,15,6.89,5,0.21
2025-09-24,9,06,6,4572,渡部悟,71,16,6.98,6,0.25
2025-09-24,10,01,1,4089,妹尾忠幸,22,18,6.89,1,0.21
2025-09-24,10,02,6,2878,富山弘幸,25,26,6.9,3,0.24
2025-09-24,10,03,2,4904,松本一毅,23,57,6.89,2,0.19
2025-09-24,10,04,4,4015,前野竜一,75,64,6.94,5,0.18
2025-09-24,10,05,3,4216,星栄爾,57,56,6.92,4,0.22
2025-09-24,10,06,5,3567,吉岡誠,53,77,6.94,6,0.27
2025-09-24,11,01,3,4171,榎幸司,17,67,6.89,3,0.14
2025-09-24,11,02,1,4603,谷川将太,14,29,6.86,1,0.11
2025-09-24,11,03,2,4308,河村了,56,72,6.79,2,0.07
2025-09-24,11,04,4,4903,吉田凌太朗,15,11,6.94,4,0.11
2025-09-24,11,05,6,4292,麻生慎介,54,47,6.9,6,0.13
2025-09-24,11,06,5,4109,谷津幸宏,45,69,6.91,5,0.11
2025-09-24,12,01,1,4762,藤原啓史朗,19,37,6.84,1,0.11
2025-09-24,12,02,6,4434,田中辰彦,64,35,6.88,6,0.11
2025-09-24,12,03,5,4301,関裕也,34,51,6.88,5,0.06
2025-09-24,12,04,2,4737,竹井貴史,74,50,6.83,2,0.12
2025-09-24,12,05,3,4172,森定晃史,72,62,6.92,3,0.18
2025-09-24,12,06,4,4264,長尾章平,27,33,6.9,4,0.15
2025-09-27,1,01,3,3580,水口由紀,58,65,6.87,3,0.15
2025-09-27,1,02,4,4349,犬童千秋,15,30,6.87,4,0.11
2025-09-27,1,03,6,5195,北村寧々,36,51,6.86,6,0.13
2025-09-27,1,04,2,5151,山下奈緒,66,59,6.84,2,0.28
2025-09-27,1,05,5,4844,村上奈穂,64,72,6.83,5,0.14
2025-09-27,1,S1,1,5250,嶋田有里,61,57,6.9,1,0.23
2025-09-27,2,01,1,4300,加藤綾,34,66,6.83,1,0.14
2025-09-27,2,02,3,5335,森陽多,59,35,6.89,3,0.10
2025-09-27,2,03,4,4714,喜多須杏奈,26,64,6.85,4,0.11
2025-09-27,2,04,5,4286,平田さやか,12,50,6.85,5,0.11
2025-09-27,2,05,6,4408,仁科さやか,14,11,6.89,6,0.18
2025-09-27,2,S1,2,5193,米丸乃絵,27,55,6.84,2,0.16
2025-09-27,3,01,3,4764,小池礼乃,39,45,6.86,3,0.28
2025-09-27,3,02,5,5173,谷口佳蓮,52,20,6.83,5,0.17
2025-09-27,3,03,2,4804,高田ひかる,23,41,6.76,2,0.32
2025-09-27,3,04,6,4372,原田佑実,17,27,6.85,6,0.18
2025-09-27,3,05,4,4499,滝川真由子,46,44,6.89,4,0.22
2025-09-27,3,06,1,5283,植木美帆,44,52,6.8,1,0.27
2025-09-27,4,01,5,4502,遠藤エミ,28,12,6.79,5,0.13
2025-09-27,4,02,1,4733,赤井睦,43,74,6.87,1,0.20
2025-09-27,4,03,2,4014,片岡恵里,13,63,6.8,2,0.21
2025-09-27,4,04,6,5192,中尾優香,31,33,6.88,6,0.22
2025-09-27,4,05,3,4720,西澤日花里,47,25,6.84,3,0.23
2025-09-27,4,06,4,5326,三嶌さらら,60,32,6.91,4,0.22
2025-09-27,5,01,4,3518,倉田郁美,30,58,6.85,4,0.11
2025-09-27,5,02,3,4433,川野芽唯,53,17,6.75,3,0.09
2025-09-27,5,03,1,3175,渡辺千草,65,77,6.83,1,0.13
2025-09-27,5,04,6,4387,平山智加,11,31,6.83,6,0.14
2025-09-27,5,05,2,3871,池田紫乃,69,29,6.87,2,0.12
2025-09-27,5,06,5,5155,内山七海,73,37,6.84,5,0.19
2025-09-27,6,01,3,4530,小野生奈,72,23,6.77,3,0.08
2025-09-27,6,02,5,4927,関野文,74,70,6.9,5,0.09
2025-09-27,6,03,6,3528,笠野友紀恵,20,78,6.82,6,0.11
2025-09-27,6,04,1,4844,村上奈穂,64,72,6.84,1,0.14
2025-09-27,6,05,4,5188,武井莉里佳,56,26,6.85,4,0.10
2025-09-27,6,06,2,4924,中北涼,21,76,6.93,2,0.16
2025-09-27,7,01,4,4050,田口節子,62,61,6.83,4,0.07
2025-09-27,7,02,1,3611,岩崎芳美,48,49,6.84,1,0.11
2025-09-27,7,03,6,5335,森陽多,59,35,6.88,6,0.02
2025-09-27,7,04,5,5151,山下奈緒,66,59,6.82,5,0.16
2025-09-27,7,05,2,4590,渡邉優美,25,71,6.86,2,0.12
2025-09-27,7,06,3,4548,篠木亜衣花,32,19,6.9,3,0.19
2025-09-27,8,01,3,5218,山田理央,57,69,6.76,3,0.08
2025-09-27,8,02,1,4349,犬童千秋,15,30,6.84,1,0.15
2025-09-27,8,03,5,5283,植木美帆,44,52,6.85,5,0.11
2025-09-27,8,04,4,3357,福島陽子,45,54,6.87,4,0.28
2025-09-27,8,05,6,4208,三浦永理,18,18,6.86,6,0.12
2025-09-27,8,06,2,4408,仁科さやか,14,11,6.9,2,0.21
2025-09-27,9,01,1,4764,小池礼乃,39,45,6.82,1,0.18
2025-09-27,9,02,2,4482,守屋美穂,38,47,6.81,2,0.21
2025-09-27,9,03,6,4014,片岡恵里,13,63,6.86,6,0.21
2025-09-27,9,04,5,4300,加藤綾,34,66,6.85,5,0.24
2025-09-27,9,05,3,3289,高橋淳美,50,56,6.98,3,0.23
2025-09-27,9,06,4,5250,嶋田有里,61,57,6.93,4,0.31
2025-09-27,10,01,1,4938,小芦るり華,22,40,6.79,1,0.09
2025-09-27,10,02,3,3618,海野ゆかり,29,24,6.88,3,0.08
2025-09-27,10,03,4,5205,刑部亜里紗,33,21,6.86,4,0.15
2025-09-27,10,04,5,3871,池田紫乃,69,29,6.92,5,0.14
2025-09-27,10,05,6,3580,水口由紀,58,65,6.9,6,0.13
2025-09-27,10,06,2,5192,中尾優香,31,33,6.88,2,0.20
2025-09-27,11,01,1,4433,川野芽唯,53,17,6.78,1,0.09
2025-09-27,11,02,2,5195,北村寧々,36,51,6.84,2,0.09
2025-09-27,11,03,5,4733,赤井睦,43,74,6.85,6,0.00
2025-09-27,11,04,3,4286,平田さやか,12,50,6.85,3,0.08
2025-09-27,11,05,4,4372,原田佑実,17,27,6.84,4,0.12
2025-09-27,11,06,6,5188,武井莉里佳,56,26,6.88,5,0.01
2025-09-27,12,01,2,4050,田口節子,62,61,6.85,2,0.13
2025-09-27,12,02,1,4502,遠藤エミ,28,12,6.81,1,0.14
2025-09-27,12,03,3,5193,米丸乃絵,27,55,6.89,3,0.15
2025-09-27,12,04,6,4530,小野生奈,72,23,6.82,6,0.21
2025-09-27,12,05,5,4804,高田ひかる,23,41,6.8,5,0.18
2025-09-27,12,06,4,4387,平山智加,11,31,6.84,4,0.15
2025-09-28,1,01,2,4714,喜多須杏奈,26,64,6.94,2,0.17
2025-09-28,1,02,4,5192,中尾優香,31,33,6.95,4,0.19
2025-09-28,1,03,1,4499,滝川真由子,46,44,6.89,1,0.21
2025-09-28,1,04,6,4924,中北涼,21,76,6.96,6,0.19
2025-09-28,1,05,5,4548,篠木亜衣花,32,19,6.92,5,0.22
2025-09-28,1,06,3,3528,笠野友紀恵,20,78,6.88,3,0.21
2025-09-28,2,01,1,5173,谷口佳蓮,52,20,6.91,1,0.13
2025-09-28,2,02,4,3618,海野ゆかり,29,24,6.98,4,0.27
2025-09-28,2,03,6,4927,関野文,74,70,7.01,6,0.22
2025-09-28,2,04,3,3518,倉田郁美,30,58,6.87,3,0.14
2025-09-28,2,05,2,4720,西澤日花里,47,25,6.94,2,0.17
2025-09-28,2,06,5,5326,三嶌さらら,60,32,6.98,5,0.26
2025-09-28,3,01,2,4433,川野芽唯,53,17,6.87,2,0.21
2025-09-28,3,02,3,3175,渡辺千草,65,77,6.92,3,0.36
2025-09-28,3,03,5,5205,刑部亜里紗,33,21,6.95,5,0.32
2025-09-28,3,04,6,3357,福島陽子,45,54,6.97,6,0.32
2025-09-28,3,05,4,4408,仁科さやか,14,11,7.04,4,0.21
2025-09-28,3,06,1,3289,高橋淳美,50,56,6.96,1,0.28
2025-09-28,4,01,2,4208,三浦永理,18,18,6.95,2,0.21
2025-09-28,4,02,4,5218,山田理央,57,69,6.88,4,0.16
2025-09-28,4,03,1,3580,水口由紀,58,65,6.97,1,0.31
2025-09-28,4,04,6,5151,山下奈緒,66,59,6.92,6,0.25
2025-09-28,4,05,5,5193,米丸乃絵,27,55,6.97,5,0.19
2025-09-28,4,06,3,3871,池田紫乃,69,29,7.01,3,0.24
2025-09-28,5,01,1,4372,原田佑実,17,27,6.94,1,0.11
2025-09-28,5,02,2,3611,岩崎芳美,48,49,6.94,2,0.12
2025-09-28,5,03,5,4482,守屋美穂,38,47,6.9,5,0.17
2025-09-28,5,04,3,5195,北村寧々,36,51,6.97,3,0.17
2025-09-28,5,05,4,5155,内山七海,73,37,6.94,4,0.21
2025-09-28,5,06,6,4844,村上奈穂,64,72,6.94,6,0.22
2025-09-28,6,01,3,4050,田口節子,62,61,6.91,3,0.14
2025-09-28,6,02,1,3528,笠野友紀恵,20,78,6.84,1,0.21
2025-09-28,6,03,6,4590,渡邉優美,25,71,6.95,6,0.31
2025-09-28,6,04,2,5283,植木美帆,44,52,6.9,2,0.15
2025-09-28,6,05,4,4733,赤井睦,43,74,6.95,4,0.33
2025-09-28,6,06,5,5250,嶋田有里,61,57,6.99,5,0.42
2025-09-28,7,01,1,5188,武井莉里佳,56,26,6.87,1,0.19
2025-09-28,7,02,2,4387,平山智加,11,31,6.86,2,0.19
2025-09-28,7,03,3,4938,小芦るり華,22,40,6.86,3,0.19
2025-09-28,7,04,5,4349,犬童千秋,15,30,6.89,5,0.17
2025-09-28,7,05,4,4924,中北涼,21,76,6.92,4,0.32
2025-09-28,7,06,6,5326,三嶌さらら,60,32,6.91,6,0.20
2025-09-28,8,01,3,4499,滝川真由子,46,44,6.9,3,0.11
2025-09-28,8,02,4,4300,加藤綾,34,66,6.87,4,0.09
2025-09-28,8,03,1,3618,海野ゆかり,29,24,6.95,1,0.17
2025-09-28,8,04,6,4502,遠藤エミ,28,12,6.87,6,0.14
2025-09-28,8,05,2,3357,福島陽子,45,54,6.92,2,0.16
2025-09-28,8,06,5,5335,森陽多,59,35,6.91,5,0.04
2025-09-28,9,01,3,4714,喜多須杏奈,26,64,6.9,3,0.19
2025-09-28,9,02,4,4764,小池礼乃,39,45,6.91,4,0.09
2025-09-28,9,03,2,4286,平田さやか,12,50,6.89,2,0.18
2025-09-28,9,04,6,3518,倉田郁美,30,58,6.9,6,0.16
2025-09-28,9,05,1,4804,高田ひかる,23,41,6.81,1,0.34
2025-09-28,9,06,5,3289,高橋淳美,50,56,7.0,5,0.18
2025-09-28,10,01,1,4530,小野生奈,72,23,6.82,1,0.15
2025-09-28,10,02,4,5173,谷口佳蓮,52,20,6.87,4,0.11
2025-09-28,10,03,5,3611,岩崎芳美,48,49,6.9,5,0.12
2025-09-28,10,04,2,4548,篠木亜衣花,32,19,6.92,2,0.18
2025-09-28,10,05,3,4014,片岡恵里,13,63,6.83,3,0.19
2025-09-28,10,06,6,3175,渡辺千草,65,77,6.9,6,0.13
2025-09-28,11,01,1,4050,田口節子,62,61,6.88,1,0.09
2025-09-28,11,02,5,5192,中尾優香,31,33,6.92,5,0.07
2025-09-28,11,03,3,5205,刑部亜里紗,33,21,6.88,3,0.14
2025-09-28,11,04,2,5155,内山七海,73,37,6.87,2,0.13
2025-09-28,11,05,4,4720,西澤日花里,47,25,6.87,4,0.08
2025-09-28,11,06,6,5218,山田理央,57,69,6.81,6,0.09
2025-09-28,12,01,1,4482,守屋美穂,38,47,6.83,1,0.12
2025-09-28,12,02,4,4590,渡邉優美,25,71,6.89,4,0.18
2025-09-28,12,03,3,4208,三浦永理,18,18,6.88,3,0.17
2025-09-28,12,04,5,4938,小芦るり華,22,40,6.85,5,0.18
2025-09-28,12,05,2,4927,関野文,74,70,6.9,2,0.18
2025-09-28,12,06,6,4433,川野芽唯,53,17,6.79,6,0.26
2025-09-29,1,01,1,3871,池田紫乃,69,29,6.93,1,0.22
2025-09-29,1,02,3,4300,加藤綾,34,66,6.86,3,0.14
2025-09-29,1,03,6,4720,西澤日花里,47,25,6.88,6,0.08
2025-09-29,1,04,4,5283,植木美帆,44,52,6.91,4,0.11
2025-09-29,1,05,5,4372,原田佑実,17,27,6.87,5,0.10
2025-09-29,1,06,2,4844,村上奈穂,64,72,6.9,2,0.18
2025-09-29,2,01,2,4502,遠藤エミ,28,12,6.82,2,0.19
2025-09-29,2,02,3,4590,渡邉優美,25,71,6.89,3,0.20
2025-09-29,2,03,1,4924,中北涼,21,76,6.9,1,0.17
2025-09-29,2,04,5,4714,喜多須杏奈,26,64,6.87,5,0.27
2025-09-29,2,05,4,5326,三嶌さらら,60,32,6.86,4,0.24
2025-09-29,2,06,6,5155,内山七海,73,37,6.89,6,0.31
2025-09-29,3,01,3,4387,平山智加,11,31,6.86,3,0.11
2025-09-29,3,02,4,4208,三浦永理,18,18,6.91,4,0.12
2025-09-29,3,03,5,5195,北村寧々,36,51,6.88,5,0.12
2025-09-29,3,04,1,5151,山下奈緒,66,59,6.86,1,0.21
2025-09-29,3,05,2,5250,嶋田有里,61,57,7.01,2,0.14
2025-09-29,3,06,6,4548,篠木亜衣花,32,19,6.93,6,0.26
2025-09-29,4,01,1,4014,片岡恵里,13,63,6.87,1,0.17
2025-09-29,4,02,4,5192,中尾優香,31,33,6.94,4,0.08
2025-09-29,4,03,5,3618,海野ゆかり,29,24,6.94,5,0.11
2025-09-29,4,04,2,3580,水口由紀,58,65,6.92,2,0.16
2025-09-29,4,05,3,4927,関野文,74,70,6.99,3,0.16
2025-09-29,4,06,6,4349,犬童千秋,15,30,6.91,6,0.04
2025-09-29,5,01,2,4938,小芦るり華,22,40,6.87,2,0.12
2025-09-29,5,02,6,4804,高田ひかる,23,41,6.69,6,0.22
2025-09-29,5,03,5,5283,植木美帆,44,52,6.87,5,0.19
2025-09-29,5,04,4,3289,高橋淳美,50,56,6.95,4,0.13
2025-09-29,5,05,1,4408,仁科さやか,14,11,6.94,1,0.31
2025-09-29,5,06,3,5335,森陽多,59,35,6.9,3,0.31
2025-09-29,6,01,4,4286,平田さやか,12,50,6.79,4,0.07
2025-09-29,6,02,1,3518,倉田郁美,30,58,6.79,1,0.22
2025-09-29,6,03,6,4482,守屋美穂,38,47,6.76,6,0.03
2025-09-29,6,04,3,5188,武井莉里佳,56,26,6.79,3,0.21
2025-09-29,6,05,5,4499,滝川真由子,46,44,6.79,5,0.11
2025-09-29,6,06,2,5173,谷口佳蓮,52,20,6.78,2,0.19
2025-09-29,7,01,1,5205,刑部亜里紗,33,21,6.75,1,0.07
2025-09-29,7,02,3,4733,赤井睦,43,74,6.86,3,0.06
2025-09-29,7,03,4,4502,遠藤エミ,28,12,6.77,4,0.11
2025-09-29,7,04,2,4372,原田佑実,17,27,6.8,2,0.05
2025-09-29,7,05,5,4764,小池礼乃,39,45,6.81,5,0.16
2025-09-29,7,06,6,5250,嶋田有里,61,57,6.87,6,0.15
2025-09-29,8,01,5,4433,川野芽唯,53,17,6.77,5,0.31
2025-09-29,8,02,2,4530,小野生奈,72,23,6.76,2,0.22
2025-09-29,8,03,1,4714,喜多須杏奈,26,64,6.81,1,0.23
2025-09-29,8,04,3,3357,福島陽子,45,54,6.85,3,0.29
2025-09-29,8,05,6,4300,加藤綾,34,66,6.75,6,0.33
2025-09-29,8,06,4,5151,山下奈緒,66,59,6.76,4,0.32
2025-09-29,9,01,1,4927,関野文,74,70,6.84,1,0.19
2025-09-29,9,02,2,5218,山田理央,57,69,6.77,2,0.18
2025-09-29,9,03,3,4844,村上奈穂,64,72,6.86,3,0.23
2025-09-29,9,04,6,4050,田口節子,62,61,6.8,6,0.21
2025-09-29,9,05,5,3528,笠野友紀恵,20,78,6.75,5,0.24
2025-09-29,9,06,4,4548,篠木亜衣花,32,19,6.88,4,0.29
2025-09-29,10,01,1,4208,三浦永理,18,18,6.81,1,0.15
2025-09-29,10,02,3,3611,岩崎芳美,48,49,6.81,3,0.07
2025-09-29,10,03,6,5193,米丸乃絵,27,55,6.83,6,0.11
2025-09-29,10,04,5,3175,渡辺千草,65,77,6.8,5,0.11
2025-09-29,10,05,2,4349,犬童千秋,15,30,6.79,2,0.07
2025-09-29,10,06,4,5335,森陽多,59,35,6.84,4,0.06
2025-09-29,11,01,3,4804,高田ひかる,23,41,6.7,3,0.12
2025-09-29,11,02,5,4014,片岡恵里,13,63,6.81,5,0.11
2025-09-29,11,03,1,4590,渡邉優美,25,71,6.8,1,0.19
2025-09-29,11,04,4,3871,池田紫乃,69,29,6.87,4,0.14
2025-09-29,11,05,6,5173,谷口佳蓮,52,20,6.79,6,0.07
2025-09-29,11,06,2,4733,赤井睦,43,74,6.85,2,0.22
2025-09-29,12,01,1,4387,平山智加,11,31,6.8,1,0.18
2025-09-29,12,02,4,3580,水口由紀,58,65,6.88,4,0.16
2025-09-29,12,03,5,4924,中北涼,21,76,6.86,5,0.19
2025-09-29,12,04,6,4286,平田さやか,12,50,6.84,6,0.17
2025-09-29,12,05,3,4408,仁科さやか,14,11,6.87,3,0.22
2025-09-29,12,06,2,4764,小池礼乃,39,45,6.82,2,0.17
2025-09-30,1,01,1,5195,北村寧々,36,51,6.91,1,0.13
2025-09-30,1,02,3,4349,犬童千秋,15,30,6.89,3,0.11
2025-09-30,1,03,2,3175,渡辺千草,65,77,6.89,2,0.10
2025-09-30,1,04,4,5326,三嶌さらら,60,32,6.89,4,0.19
2025-09-30,1,05,5,4408,仁科さやか,14,11,6.97,5,0.18
2025-09-30,1,06,6,4733,赤井睦,43,74,6.89,6,0.12
2025-09-30,2,01,3,4938,小芦るり華,22,40,6.83,3,0.22
2025-09-30,2,02,4,3611,岩崎芳美,48,49,6.91,4,0.17
2025-09-30,2,03,1,4720,西澤日花里,47,25,6.89,1,0.18
2025-09-30,2,04,2,5205,刑部亜里紗,33,21,6.9,2,0.23
2025-09-30,2,05,5,3580,水口由紀,58,65,6.95,5,0.19
2025-09-30,2,06,6,3871,池田紫乃,69,29,6.96,6,0.17
2025-09-30,3,01,3,4387,平山智加,11,31,6.89,3,0.08
2025-09-30,3,02,5,5218,山田理央,57,69,6.83,5,0.09
2025-09-30,3,03,2,3289,高橋淳美,50,56,6.99,2,0.08
2025-09-30,3,04,4,5151,山下奈緒,66,59,6.83,4,0.14
2025-09-30,3,05,6,4499,滝川真由子,46,44,6.86,6,0.11
2025-09-30,3,06,1,5192,中尾優香,31,33,6.9,1,0.14
2025-09-30,4,01,3,4372,原田佑実,17,27,6.9,3,0.17
2025-09-30,4,02,5,5250,嶋田有里,61,57,6.92,5,0.13
2025-09-30,4,03,4,4482,守屋美穂,38,47,6.84,4,0.26
2025-09-30,4,04,6,3618,海野ゆかり,29,24,6.87,6,0.15
2025-09-30,4,05,1,5155,内山七海,73,37,6.89,1,0.18
2025-09-30,4,06,2,3518,倉田郁美,30,58,6.87,2,0.26
2025-09-30,5,01,2,3528,笠野友紀恵,20,78,6.83,2,0.09
2025-09-30,5,02,1,3357,福島陽子,45,54,6.85,1,0.04
2025-09-30,5,03,5,5188,武井莉里佳,56,26,6.82,5,0.09
2025-09-30,5,04,3,4590,渡邉優美,25,71,6.91,3,0.06
2025-09-30,5,05,6,4714,喜多須杏奈,26,64,6.91,6,0.11
2025-09-30,5,06,4,4844,村上奈穂,64,72,6.89,4,0.06
2025-09-30,6,01,6,4764,小池礼乃,39,45,6.87,6,0.03
2025-09-30,6,02,2,4530,小野生奈,72,23,6.81,2,0.19
2025-09-30,6,03,5,5335,森陽多,59,35,6.87,5,0.08
2025-09-30,6,04,4,5173,谷口佳蓮,52,20,6.86,4,0.08
2025-09-30,6,05,1,4548,篠木亜衣花,32,19,6.89,1,0.26
2025-09-30,6,06,3,4924,中北涼,21,76,6.9,3,0.15
2025-09-30,7,01,1,5193,米丸乃絵,27,55,6.86,1,0.13
2025-09-30,7,02,3,4927,関野文,74,70,6.89,3,0.12
2025-09-30,7,03,2,4300,加藤綾,34,66,6.86,2,0.12
2025-09-30,7,04,4,4014,片岡恵里,13,63,6.83,4,0.21
2025-09-30,7,05,5,5326,三嶌さらら,60,32,6.91,5,0.13
2025-09-30,7,06,6,5283,植木美帆,44,52,6.91,6,0.14
2025-09-30,8,01,2,4433,川野芽唯,53,17,6.86,2,0.24
2025-09-30,8,02,3,4050,田口節子,62,61,6.86,3,0.20
2025-09-30,8,03,5,4720,西澤日花里,47,25,6.84,5,0.21
2025-09-30,8,04,1,4286,平田さやか,12,50,6.84,1,0.16
2025-09-30,8,05,6,3289,高橋淳美,50,56,6.97,6,0.25
2025-09-30,8,S1,4,5155,内山七海,73,37,6.86,4,0.22
2025-09-30,9,01,1,5218,山田理央,57,69,6.79,1,0.16
2025-09-30,9,02,3,4804,高田ひかる,23,41,6.68,3,0.13
2025-09-30,9,03,5,3518,倉田郁美,30,58,6.84,5,0.14
2025-09-30,9,04,4,3175,渡辺千草,65,77,6.83,4,0.16
2025-09-30,9,05,2,5188,武井莉里佳,56,26,6.86,2,0.22
2025-09-30,9,06,6,4938,小芦るり華,22,40,6.88,6,0.14
2025-09-30,10,01,1,4502,遠藤エミ,28,12,6.77,1,0.12
2025-09-30,10,02,2,3618,海野ゆかり,29,24,6.84,2,0.17
2025-09-30,10,03,3,4208,三浦永理,18,18,6.85,3,0.14
2025-09-30,10,04,4,5195,北村寧々,36,51,6.87,4,0.09
2025-09-30,10,05,5,3357,福島陽子,45,54,6.88,5,0.12
2025-09-30,10,S1,6,3611,岩崎芳美,48,49,6.9,6,0.12
2025-09-30,11,01,1,4482,守屋美穂,38,47,6.76,1,0.06
2025-09-30,11,02,3,5193,米丸乃絵,27,55,6.82,3,0.16
2025-09-30,11,03,4,3528,笠野友紀恵,20,78,6.8,4,0.18
2025-09-30,11,04,2,4499,滝川真由子,46,44,6.79,2,0.22
2025-09-30,11,05,6,5205,刑部亜里紗,33,21,6.78,6,0.21
2025-09-30,11,06,5,4530,小野生奈,72,23,6.78,5,0.14
2025-09-30,12,01,1,4590,渡邉優美,25,71,6.84,1,0.17
2025-09-30,12,02,5,4050,田口節子,62,61,6.85,5,0.08
2025-09-30,12,03,2,4014,片岡恵里,13,63,6.8,2,0.16
2025-09-30,12,04,3,5151,山下奈緒,66,59,6.81,3,0.13
2025-09-30,12,05,6,5250,嶋田有里,61,57,6.88,6,0.06
2025-09-30,12,06,4,5335,森陽多,59,35,6.83,4,0.14
2025-10-01,1,01,1,5335,森陽多,59,35,6.85,1,0.13
2025-10-01,1,02,2,4548,篠木亜衣花,32,19,6.95,2,0.18
2025-10-01,1,03,4,3580,水口由紀,58,65,6.87,4,0.18
2025-10-01,1,04,6,5151,山下奈緒,66,59,6.82,6,0.21
2025-10-01,1,05,3,3357,福島陽子,45,54,6.81,3,0.18
2025-10-01,1,06,5,4408,仁科さやか,14,11,6.91,5,0.21
2025-10-01,2,01,3,4499,滝川真由子,46,44,6.82,3,0.11
2025-10-01,2,02,6,5326,三嶌さらら,60,32,6.84,6,0.04
2025-10-01,2,03,4,4938,小芦るり華,22,40,6.81,4,0.05
2025-10-01,2,04,5,4927,関野文,74,70,6.9,5,0.02
2025-10-01,2,05,1,3618,海野ゆかり,29,24,6.8,1,0.17
2025-10-01,2,06,2,3528,笠野友紀恵,20,78,6.84,2,0.21
2025-10-01,3,01,1,4714,喜多須杏奈,26,64,6.88,1,0.06
2025-10-01,3,02,4,4530,小野生奈,72,23,6.81,4,0.12
2025-10-01,3,03,3,4482,守屋美穂,38,47,6.87,3,0.07
2025-10-01,3,04,5,4804,高田ひかる,23,41,6.71,5,0.13
2025-10-01,3,05,2,5250,嶋田有里,61,57,6.9,2,0.08
2025-10-01,3,06,6,5192,中尾優香,31,33,6.88,6,0.11
2025-10-01,4,01,4,4349,犬童千秋,15,30,6.85,4,0.11
2025-10-01,4,02,1,4300,加藤綾,34,66,6.78,1,0.12
2025-10-01,4,03,2,4590,渡邉優美,25,71,6.83,2,0.12
2025-10-01,4,04,5,4502,遠藤エミ,28,12,6.82,5,0.08
2025-10-01,4,05,6,5195,北村寧々,36,51,6.84,6,0.09
2025-10-01,4,06,3,4924,中北涼,21,76,6.86,3,0.21
2025-10-01,5,01,1,4387,平山智加,11,31,6.86,1,0.13
2025-10-01,5,02,3,4408,仁科さやか,14,11,6.9,3,0.12
2025-10-01,5,03,2,4733,赤井睦,43,74,6.87,2,0.11
2025-10-01,5,04,4,4433,川野芽唯,53,17,6.84,4,0.23
2025-10-01,5,05,5,4764,小池礼乃,39,45,6.85,5,0.18
2025-10-01,5,S1,6,5283,植木美帆,44,52,6.87,6,0.16
2025-10-01,6,01,2,3175,渡辺千草,65,77,6.79,2,0.15
2025-10-01,6,02,4,4050,田口節子,62,61,6.79,4,0.14
2025-10-01,6,03,5,4208,三浦永理,18,18,6.83,5,0.12
2025-10-01,6,04,3,4548,篠木亜衣花,32,19,6.89,3,0.17
2025-10-01,6,05,6,5173,谷口佳蓮,52,20,6.81,6,0.16
2025-10-01,6,06,1,4014,片岡恵里,13,63,6.8,1,0.29
2025-10-01,7,01,1,5218,山田理央,57,69,6.81,1,0.17
2025-10-01,7,02,4,5193,米丸乃絵,27,55,6.84,4,0.15
2025-10-01,7,03,3,3518,倉田郁美,30,58,6.86,3,0.21
2025-10-01,7,04,2,3580,水口由紀,58,65,6.86,2,0.15
2025-10-01,7,05,6,4844,村上奈穂,64,72,6.91,6,0.15
2025-10-01,7,06,5,3871,池田紫乃,69,29,6.89,5,0.16
2025-10-01,8,01,3,5188,武井莉里佳,56,26,6.84,3,0.11
2025-10-01,8,02,1,4286,平田さやか,12,50,6.84,1,0.13
2025-10-01,8,03,6,5205,刑部亜里紗,33,21,6.82,6,0.22
2025-10-01,8,04,5,4372,原田佑実,17,27,6.88,5,0.18
2025-10-01,8,05,2,4924,中北涼,21,76,6.91,2,0.09
2025-10-01,8,06,4,4720,西澤日花里,47,25,6.88,4,0.14
2025-10-01,9,01,1,4502,遠藤エミ,28,12,6.8,1,0.16
2025-10-01,9,02,3,4938,小芦るり華,22,40,6.82,3,0.09
2025-10-01,9,03,2,4482,守屋美穂,38,47,6.88,2,0.13
2025-10-01,9,04,6,4300,加藤綾,34,66,6.81,6,0.18
2025-10-01,9,05,4,4764,小池礼乃,39,45,6.87,4,0.11
2025-10-01,9,06,5,4714,喜多須杏奈,26,64,6.93,5,0.13
2025-10-01,10,01,1,4433,川野芽唯,53,17,6.8,1,0.22
2025-10-01,10,02,2,4387,平山智加,11,31,6.85,2,0.15
2025-10-01,10,03,6,4590,渡邉優美,25,71,6.83,6,0.16
2025-10-01,10,04,3,4208,三浦永理,18,18,6.86,3,0.13
2025-10-01,10,05,4,4804,高田ひかる,23,41,6.73,4,0.16
2025-10-01,10,06,5,3618,海野ゆかり,29,24,6.84,5,0.17
2025-10-01,11,01,1,4050,田口節子,62,61,6.78,1,0.11
2025-10-01,11,02,5,5195,北村寧々,36,51,6.84,5,0.11
2025-10-01,11,03,3,4530,小野生奈,72,23,6.74,3,0.09
2025-10-01,11,04,6,4014,片岡恵里,13,63,6.79,6,0.10
2025-10-01,11,05,4,4927,関野文,74,70,6.87,4,0.11
2025-10-01,11,S1,2,5218,山田理央,57,69,6.75,2,0.07
2025-10-01,12,01,1,5193,米丸乃絵,27,55,6.78,1,0.11
2025-10-01,12,02,2,5173,谷口佳蓮,52,20,6.78,2,0.08
2025-10-01,12,03,4,4372,原田佑実,17,27,6.82,4,0.15
2025-10-01,12,04,6,4733,赤井睦,43,74,6.81,6,0.12
2025-10-01,12,05,3,5192,中尾優香,31,33,6.85,3,0.06
2025-10-01,12,06,5,4349,犬童千秋,15,30,6.82,5,0.08
2025-10-02,1,01,1,5173,谷口佳蓮,52,20,6.8,1,0.11
2025-10-02,1,02,5,3357,福島陽子,45,54,6.87,5,0.17
2025-10-02,1,03,3,3871,池田紫乃,69,29,6.85,3,0.17
2025-10-02,1,04,6,4499,滝川真由子,46,44,6.85,6,0.17
2025-10-02,1,05,4,4844,村上奈穂,64,72,6.82,4,0.17
2025-10-02,1,06,2,5335,森陽多,59,35,6.85,2,0.31
2025-10-02,2,01,4,3528,笠野友紀恵,20,78,6.82,4,0.11
2025-10-02,2,02,2,4714,喜多須杏奈,26,64,6.85,2,0.07
2025-10-02,2,03,3,5250,嶋田有里,61,57,6.9,3,0.03
2025-10-02,2,04,1,3175,渡辺千草,65,77,6.82,1,0.04
2025-10-02,2,05,5,4720,西澤日花里,47,25,6.85,5,0.14
2025-10-02,2,06,6,5326,三嶌さらら,60,32,6.9,6,0.15
2025-10-02,3,01,3,3618,海野ゆかり,29,24,6.82,3,0.12
2025-10-02,3,02,1,4764,小池礼乃,39,45,6.8,1,0.11
2025-10-02,3,03,4,5218,山田理央,57,69,6.78,4,0.15
2025-10-02,3,04,5,4924,中北涼,21,76,6.88,5,0.14
2025-10-02,3,05,6,5193,米丸乃絵,27,55,6.85,6,0.15
2025-10-02,3,06,2,4349,犬童千秋,15,30,6.84,2,0.11
2025-10-02,4,01,4,4530,小野生奈,72,23,6.77,4,0.15
2025-10-02,4,02,6,4286,平田さやか,12,50,6.82,6,0.14
2025-10-02,4,03,3,4733,赤井睦,43,74,6.86,3,0.13
2025-10-02,4,04,1,4927,関野文,74,70,6.89,1,0.15
2025-10-02,4,05,5,3580,水口由紀,58,65,6.9,5,0.15
2025-10-02,4,06,2,3518,倉田郁美,30,58,6.84,2,0.12
2025-10-02,5,01,1,5205,刑部亜里紗,33,21,6.78,1,0.09
2025-10-02,5,02,6,5188,武井莉里佳,56,26,6.82,6,0.11
2025-10-02,5,03,5,4590,渡邉優美,25,71,6.82,5,0.09
2025-10-02,5,04,2,4408,仁科さやか,14,11,6.83,2,0.09
2025-10-02,5,05,3,5173,谷口佳蓮,52,20,6.76,3,0.07
2025-10-02,5,06,4,4300,加藤綾,34,66,6.82,4,0.09
2025-10-02,6,01,1,4208,三浦永理,18,18,6.76,1,0.19
2025-10-02,6,02,3,4844,村上奈穂,64,72,6.81,3,0.26
2025-10-02,6,03,2,4372,原田佑実,17,27,6.79,2,0.28
2025-10-02,6,04,4,4014,片岡恵里,13,63,6.77,4,0.26
2025-10-02,6,05,5,5326,三嶌さらら,60,32,6.79,5,0.27
2025-10-02,6,06,6,4482,守屋美穂,38,47,6.76,6,0.23
2025-10-02,7,01,1,4804,高田ひかる,23,41,6.68,1,0.24
2025-10-02,7,02,2,4720,西澤日花里,47,25,6.83,2,0.22
2025-10-02,7,03,3,5192,中尾優香,31,33,6.83,3,0.12
2025-10-02,7,04,4,4349,犬童千秋,15,30,6.81,4,0.09
2025-10-02,7,05,5,4548,篠木亜衣花,32,19,6.89,5,0.12
2025-10-02,7,S1,6,5335,森陽多,59,35,6.79,6,0.03
2025-10-02,8,01,1,4499,滝川真由子,46,44,6.78,1,0.18
2025-10-02,8,02,6,5218,山田理央,57,69,6.74,6,0.14
2025-10-02,8,03,3,5151,山下奈緒,66,59,6.78,3,0.20
2025-10-02,8,04,4,4286,平田さやか,12,50,6.8,4,0.15
2025-10-02,8,05,5,3528,笠野友紀恵,20,78,6.78,5,0.17
2025-10-02,8,06,2,3357,福島陽子,45,54,6.79,2,0.19
2025-10-02,9,01,3,5193,米丸乃絵,27,55,6.8,3,0.10
2025-10-02,9,02,2,3871,池田紫乃,69,29,6.79,2,0.13
2025-10-02,9,03,1,5188,武井莉里佳,56,26,6.8,1,0.13
2025-10-02,9,04,4,5250,嶋田有里,61,57,6.85,4,0.05
2025-10-02,9,05,5,3518,倉田郁美,30,58,6.77,5,0.08
2025-10-02,9,06,6,3175,渡辺千草,65,77,6.79,6,0.13
2025-10-02,10,01,1,4530,小野生奈,72,23,6.77,1,0.19
2025-10-02,10,02,2,4590,渡邉優美,25,71,6.81,2,0.22
2025-10-02,10,03,3,4014,片岡恵里,13,63,6.84,3,0.23
2025-10-02,10,04,5,3618,海野ゆかり,29,24,6.81,5,0.26
2025-10-02,10,05,4,4764,小池礼乃,39,45,6.82,4,0.23
2025-10-02,10,06,6,4714,喜多須杏奈,26,64,6.82,6,0.31
2025-10-02,11,01,1,4482,守屋美穂,38,47,6.82,1,0.08
2025-10-02,11,02,2,4208,三浦永理,18,18,6.82,2,0.15
2025-10-02,11,03,4,4804,高田ひかる,23,41,6.7,4,0.15
2025-10-02,11,04,5,4927,関野文,74,70,6.89,5,0.15
2025-10-02,11,05,6,5205,刑部亜里紗,33,21,6.81,6,0.21
2025-10-02,11,06,3,4300,加藤綾,34,66,6.82,3,0.14
2025-10-02,12,01,1,4050,田口節子,62,61,6.77,1,0.18
2025-10-02,12,02,3,4502,遠藤エミ,28,12,6.77,3,0.14
2025-10-02,12,03,6,5195,北村寧々,36,51,6.8,5,0.16
2025-10-02,12,04,2,4433,川野芽唯,53,17,6.75,2,0.16
2025-10-02,12,05,4,4387,平山智加,11,31,6.8,4,0.21
2025-10-02,12,06,5,4938,小芦るり華,22,40,6.72,6,0.31
2025-10-05,1,01,4,4561,藤山翔大,63,18,6.69,3,0.14
2025-10-05,1,02,6,4299,中島浩哉,75,30,6.9,6,0.13
2025-10-05,1,03,2,4607,鶴田勇雄,72,38,6.89,2,0.17
2025-10-05,1,04,1,4035,杉江浩明,54,52,6.86,1,0.14
2025-10-05,1,05,3,4918,川島拓郎,51,15,6.95,4,0.15
2025-10-05,1,06,5,4431,石塚裕介,71,62,6.86,5,0.14
2025-10-05,2,01,4,4553,坪口竜也,48,49,6.81,4,0.14
2025-10-05,2,02,1,4143,浦田晃嗣,43,17,6.92,1,0.11
2025-10-05,2,03,6,4288,永田啓二,41,36,6.87,6,0.21
2025-10-05,2,04,3,4245,高橋直哉,40,63,6.92,3,0.14
2025-10-05,2,05,5,4731,間野兼礼,14,71,6.91,5,0.13
2025-10-05,2,06,2,4229,市川美宏,76,40,6.94,2,0.23
2025-10-05,3,01,1,3793,高橋真吾,59,54,6.95,1,0.19
2025-10-05,3,02,5,3265,今村暢孝,21,27,6.87,2,0.13
2025-10-05,3,03,4,4880,澤崎雄哉,35,75,6.92,5,0.23
2025-10-05,3,04,2,5300,横田海人,52,48,6.88,3,0.22
2025-10-05,3,05,6,4966,田川大貴,16,13,6.8,6,0.21
2025-10-05,3,06,3,4270,岸本雄貴,20,60,6.91,4,0.22
2025-10-05,4,01,3,4785,木幡純也,62,66,6.87,3,0.20
2025-10-05,4,02,4,4535,北山康介,37,37,6.93,4,0.18
2025-10-05,4,03,1,3838,伊藤啓三,60,22,6.89,1,0.18
2025-10-05,4,04,2,5219,森口和紀,19,34,6.84,2,0.26
2025-10-05,4,05,5,5166,仲道大輔,12,19,6.91,5,0.18
2025-10-05,4,06,6,3718,伊達正利,55,73,6.92,6,0.22
2025-10-05,5,01,2,4786,佐藤博亮,49,65,6.82,2,0.19
2025-10-05,5,02,1,4584,村岡賢人,64,53,6.9,1,0.18
2025-10-05,5,03,3,4779,伊倉光,46,46,6.86,3,0.22
2025-10-05,5,04,5,5209,小野京平,69,32,6.95,5,0.34
2025-10-05,5,05,6,4452,松尾祭,39,67,6.91,6,0.31
2025-10-05,5,06,4,5312,川辺郭人,18,12,6.92,4,0.28
2025-10-05,6,01,1,4614,石倉洋行,66,25,6.84,1,0.13
2025-10-05,6,02,3,4583,古田祐貴,74,23,6.92,3,0.11
2025-10-05,6,03,2,4918,川島拓郎,51,15,6.95,2,0.09
2025-10-05,6,04,5,4752,西尾亮輔,68,76,6.86,5,0.12
2025-10-05,6,05,4,3251,平石和男,29,14,6.88,4,0.11
2025-10-05,6,06,6,3974,深山祐二,47,24,6.9,6,0.13
2025-10-05,7,01,1,4553,坪口竜也,48,49,6.83,1,0.09
2025-10-05,7,02,3,4905,土井祥伍,11,68,6.88,3,0.06
2025-10-05,7,03,2,4928,栗城匠,65,28,6.89,2,0.09
2025-10-05,7,04,4,4035,杉江浩明,54,52,6.94,4,0.11
2025-10-05,7,05,6,5409,宮本琉正,44,20,6.91,6,0.08
2025-10-05,7,06,5,4988,牟田奨太,67,77,7.01,5,0.11
2025-10-05,8,01,4,3793,高橋真吾,59,54,6.99,4,0.07
2025-10-05,8,02,1,4027,松江秀徳,73,78,6.88,1,0.14
2025-10-05,8,03,2,4731,間野兼礼,14,71,6.93,2,0.22
2025-10-05,8,04,5,4610,佐藤大佑,17,57,6.86,5,0.14
2025-10-05,8,05,6,5217,藤原碧生,45,44,6.87,6,0.26
2025-10-05,8,06,3,4299,中島浩哉,75,30,6.94,3,0.13
2025-10-05,9,01,3,4561,藤山翔大,63,18,6.74,3,0.13
2025-10-05,9,02,5,5219,森口和紀,19,34,6.89,5,0.14
2025-10-05,9,03,1,4086,寺本重宣,26,39,6.89,1,0.16
2025-10-05,9,04,6,3905,天野友和,70,16,6.93,6,0.15
2025-10-05,9,05,4,4143,浦田晃嗣,43,17,6.93,4,0.09
2025-10-05,9,06,2,4270,岸本雄貴,20,60,6.93,2,0.27
2025-10-05,10,01,1,4122,安東幸治,24,43,6.91,1,0.17
2025-10-05,10,02,4,3838,伊藤啓三,60,22,6.93,4,0.07
2025-10-05,10,03,5,4880,澤崎雄哉,35,75,6.96,5,0.17
2025-10-05,10,04,2,4431,石塚裕介,71,62,6.89,2,0.18
2025-10-05,10,05,6,4786,佐藤博亮,49,65,6.84,6,0.13
2025-10-05,10,06,3,4229,市川美宏,76,40,6.91,3,0.24
2025-10-05,11,01,3,5166,仲道大輔,12,19,6.87,3,0.14
2025-10-05,11,02,1,3265,今村暢孝,21,27,6.9,1,0.08
2025-10-05,11,03,4,4452,松尾祭,39,67,6.94,4,0.18
2025-10-05,11,04,6,3251,平石和男,29,14,6.88,6,0.16
2025-10-05,11,05,2,4245,高橋直哉,40,63,6.91,2,0.11
2025-10-05,11,06,5,4607,鶴田勇雄,72,38,6.91,5,0.16
2025-10-05,12,01,4,4614,石倉洋行,66,25,6.8,4,0.08
2025-10-05,12,02,3,4288,永田啓二,41,36,6.9,3,0.19
2025-10-05,12,03,5,4584,村岡賢人,64,53,6.9,5,0.11
2025-10-05,12,04,2,5217,藤原碧生,45,44,6.85,2,0.18
2025-10-05,12,05,1,4535,北山康介,37,37,6.93,1,0.16
2025-10-05,12,06,6,4928,栗城匠,65,28,6.85,6,0.12
2025-10-06,1,01,3,4966,田川大貴,16,13,6.92,3,0.17
2025-10-06,1,02,1,3974,深山祐二,47,24,6.9,1,0.12
2025-10-06,1,03,4,4928,栗城匠,65,28,6.95,4,0.20
2025-10-06,1,04,5,4905,土井祥伍,11,68,6.94,5,0.16
2025-10-06,1,05,2,5209,小野京平,69,32,6.99,2,0.31
2025-10-06,1,06,6,4143,浦田晃嗣,43,17,6.92,6,0.14
2025-10-06,2,01,1,3718,伊達正利,55,73,6.96,1,0.03
2025-10-06,2,02,3,4584,村岡賢人,64,53,6.9,3,0.11
2025-10-06,2,03,4,3905,天野友和,70,16,6.96,4,0.16
2025-10-06,2,04,5,4229,市川美宏,76,40,6.98,5,0.18
2025-10-06,2,05,2,4752,西尾亮輔,68,76,6.92,2,0.11
2025-10-06,2,06,6,4086,寺本重宣,26,39,6.93,6,0.16
2025-10-06,3,01,2,4614,石倉洋行,66,25,6.85,1,0.11
2025-10-06,3,02,3,4431,石塚裕介,71,62,6.9,3,0.14
2025-10-06,3,03,1,4299,中島浩哉,75,30,6.9,2,0.14
2025-10-06,3,04,5,4583,古田祐貴,74,23,6.92,5,0.21
2025-10-06,3,05,4,4027,松江秀徳,73,78,6.93,4,0.16
2025-10-06,3,06,6,5409,宮本琉正,44,20,6.89,6,0.19
2025-10-06,4,01,3,3265,今村暢孝,21,27,6.88,2,0.11
2025-10-06,4,02,1,4452,松尾祭,39,67,6.92,1,0.16
2025-10-06,4,03,2,4785,木幡純也,62,66,6.9,4,0.14
2025-10-06,4,04,4,5219,森口和紀,19,34,6.88,5,0.11
2025-10-06,4,05,5,4561,藤山翔大,63,18,6.72,3,0.13
2025-10-06,4,06,6,4880,澤崎雄哉,35,75,6.94,6,0.22
2025-10-06,5,01,4,4122,安東幸治,24,43,6.94,4,0.14
2025-10-06,5,02,1,3251,平石和男,29,14,6.91,1,0.18
2025-10-06,5,03,6,4535,北山康介,37,74,6.96,6,0.08
2025-10-06,5,04,3,4731,間野兼礼,14,71,6.92,3,0.29
2025-10-06,5,05,5,5312,川辺郭人,18,12,6.89,5,0.11
2025-10-06,5,06,2,4988,牟田奨太,67,77,6.98,2,0.14
2025-10-06,6,01,1,5217,藤原碧生,45,44,6.82,1,0.10
2025-10-06,6,02,4,4786,佐藤博亮,49,65,6.83,4,0.12
2025-10-06,6,03,3,3974,深山祐二,47,24,6.85,3,0.08
2025-10-06,6,04,2,4610,佐藤大佑,17,57,6.86,2,0.13
2025-10-06,6,05,5,4245,高橋直哉,40,63,6.93,5,0.19
2025-10-06,6,06,6,4035,杉江浩明,54,52,6.9,6,0.19
2025-10-06,7,01,1,4966,田川大貴,16,13,6.82,1,0.19
2025-10-06,7,02,3,4288,永田啓二,41,36,6.83,3,0.21
2025-10-06,7,03,2,5166,仲道大輔,12,19,6.77,2,0.28
2025-10-06,7,04,6,5409,宮本琉正,44,20,6.86,6,0.16
2025-10-06,7,05,5,4779,伊倉光,46,46,6.85,5,0.18
2025-10-06,7,06,4,3718,伊達正利,55,73,6.91,4,0.21
2025-10-06,8,01,3,4607,鶴田勇雄,72,38,6.84,3,0.13
2025-10-06,8,02,1,3905,天野友和,70,16,6.87,1,0.16
2025-10-06,8,03,6,4614,石倉洋行,66,25,6.82,5,0.08
2025-10-06,8,04,2,4905,土井祥伍,11,68,6.83,2,0.16
2025-10-06,8,05,4,5300,横田海人,52,48,6.89,4,0.22
2025-10-06,8,06,5,4270,岸本雄貴,20,60,6.91,6,0.11
2025-10-06,9,01,1,4928,栗城匠,65,28,6.83,1,0.13
2025-10-06,9,02,3,4752,西尾亮輔,68,76,6.84,4,0.13
2025-10-06,9,03,5,4553,坪口竜也,48,49,6.8,5,0.13
2025-10-06,9,04,2,5312,川辺郭人,18,12,6.84,3,0.11
2025-10-06,9,05,4,3265,今村暢孝,21,27,6.85,2,0.05
2025-10-06,9,06,6,3793,高橋真吾,59,54,6.9,6,0.15
2025-10-06,10,01,1,4786,佐藤博亮,49,65,6.81,1,0.08
2025-10-06,10,02,4,4086,寺本重宣,26,39,6.86,4,0.07
2025-10-06,10,03,2,4535,北山康介,37,74,6.84,2,0.10
2025-10-06,10,04,5,4918,川島拓郎,51,15,6.89,5,0.06
2025-10-06,10,05,6,3838,伊藤啓三,60,22,6.87,6,0.06
2025-10-06,10,06,3,5209,小野京平,69,32,6.93,3,0.17
2025-10-06,11,01,1,4288,永田啓二,41,36,6.83,1,0.14
2025-10-06,11,02,4,4584,村岡賢人,64,53,6.8,4,0.19
2025-10-06,11,03,5,4785,木幡純也,62,66,6.85,5,0.14
2025-10-06,11,04,6,4122,安東幸治,24,43,6.87,6,0.13
2025-10-06,11,05,2,4583,古田祐貴,74,23,6.83,2,0.15
2025-10-06,11,06,3,4610,佐藤大佑,17,57,6.84,3,0.06
2025-10-06,12,01,4,5217,藤原碧生,45,44,6.78,5,0.11
2025-10-06,12,02,1,4561,藤山翔大,63,45,6.75,1,0.26
2025-10-06,12,03,2,4779,伊倉光,46,46,6.8,2,0.22
2025-10-06,12,04,6,4027,松江秀徳,73,78,6.84,4,0.13
2025-10-06,12,05,3,4988,牟田奨太,67,77,6.9,3,0.14
2025-10-06,12,06,5,5300,横田海人,52,48,6.83,6,0.16
2025-10-07,1,01,1,4229,市川美宏,76,40,6.94,1,0.14
2025-10-07,1,02,6,3265,今村暢孝,21,27,6.95,2,0.09
2025-10-07,1,03,3,4431,石塚裕介,71,62,6.9,4,0.12
2025-10-07,1,04,2,3838,伊藤啓三,60,22,6.95,3,0.09
2025-10-07,1,05,4,4779,伊倉光,46,46,6.83,5,0.28
2025-10-07,1,06,5,3974,深山祐二,47,24,6.91,6,0.17
2025-10-07,2,01,5,4928,栗城匠,65,28,6.86,5,0.04
2025-10-07,2,02,2,4966,田川大貴,16,13,6.87,2,0.18
2025-10-07,2,03,6,4583,古田祐貴,74,23,6.91,6,0.11
2025-10-07,2,04,1,4785,木幡純也,62,66,6.94,1,0.18
2025-10-07,2,05,4,4299,中島浩哉,75,30,6.93,4,0.10
2025-10-07,2,06,3,4035,杉江浩明,54,52,6.95,3,0.14
2025-10-07,3,01,5,4614,石倉洋行,66,25,6.89,3,0.11
2025-10-07,3,02,1,4607,鶴田勇雄,72,38,6.9,1,0.07
2025-10-07,3,03,4,4143,浦田晃嗣,43,17,6.93,5,0.09
2025-10-07,3,04,2,3793,高橋真吾,59,54,6.96,2,0.18
2025-10-07,3,05,6,5409,宮本琉正,44,20,6.88,6,0.09
2025-10-07,3,06,3,4553,坪口竜也,48,49,6.88,4,0.14
2025-10-07,4,01,1,5166,仲道大輔,12,19,6.87,1,0.12
2025-10-07,4,02,4,4918,川島拓郎,51,15,6.97,4,0.12
2025-10-07,4,03,5,4288,永田啓二,41,36,6.9,5,0.11
2025-10-07,4,04,2,4988,牟田奨太,67,77,7.0,2,0.15
2025-10-07,4,05,6,4270,岸本雄貴,20,60,6.94,6,0.14
2025-10-07,4,06,3,3251,平石和男,29,14,6.98,3,0.18
2025-10-07,5,01,1,4561,藤山翔大,63,45,6.81,1,0.17
2025-10-07,5,02,6,4584,村岡賢人,64,53,6.95,6,0.03
2025-10-07,5,03,4,5209,小野京平,69,32,7.01,4,0.24
2025-10-07,5,04,5,4122,安東幸治,24,43,6.98,5,0.22
2025-10-07,5,05,3,3718,伊達正利,55,73,6.99,3,0.12
2025-10-07,5,06,2,5300,横田海人,52,48,6.91,2,0.16
2025-10-07,6,01,1,4786,佐藤博亮,49,65,6.89,1,0.13
2025-10-07,6,02,5,5217,藤原碧生,45,44,6.86,5,0.18
2025-10-07,6,03,4,4731,間野兼礼,14,71,6.96,4,0.14
2025-10-07,6,04,2,3905,天野友和,70,16,6.93,2,0.18
2025-10-07,6,05,3,5219,森口和紀,19,56,6.95,3,0.18
2025-10-07,6,06,6,4229,市川美宏,76,40,6.95,6,0.25
2025-10-07,7,01,1,4535,北山康介,37,74,6.88,1,0.18
2025-10-07,7,02,3,4086,寺本重宣,26,39,6.86,3,0.14
2025-10-07,7,03,5,4431,石塚裕介,71,62,6.97,5,0.17
2025-10-07,7,04,6,4880,澤崎雄哉,35,75,6.94,6,0.16
2025-10-07,7,05,2,5312,川辺郭人,18,12,6.9,2,0.19
2025-10-07,7,06,4,4752,西尾亮輔,68,76,6.87,4,0.15
2025-10-07,8,01,2,4027,松江秀徳,73,78,6.89,2,0.08
2025-10-07,8,02,4,4905,土井祥伍,11,68,6.85,4,0.13
2025-10-07,8,03,3,4779,伊倉光,46,46,6.86,3,0.14
2025-10-07,8,04,5,4452,松尾祭,39,67,6.9,5,0.10
2025-10-07,8,05,6,4610,佐藤大佑,17,57,6.87,6,0.06
2025-10-07,8,06,1,4245,高橋直哉,40,63,6.92,1,0.21
2025-10-07,9,01,1,4584,村岡賢人,64,53,6.82,1,0.28
2025-10-07,9,02,2,4553,坪口竜也,48,49,6.81,3,0.20
2025-10-07,9,03,5,5166,仲道大輔,12,19,6.85,5,0.14
2025-10-07,9,04,6,4607,鶴田勇雄,72,38,6.88,6,0.19
2025-10-07,9,05,4,4966,田川大貴,16,13,6.86,4,0.18
2025-10-07,9,06,3,4561,藤山翔大,63,45,6.77,2,0.31
2025-10-07,10,01,1,4288,永田啓二,41,36,6.86,1,0.10
2025-10-07,10,02,2,4122,安東幸治,24,43,6.86,3,0.16
2025-10-07,10,03,6,3905,天野友和,70,16,6.87,6,0.21
2025-10-07,10,04,5,3793,高橋真吾,59,54,6.9,5,0.21
2025-10-07,10,05,4,3265,今村暢孝,21,27,6.84,2,0.12
2025-10-07,10,06,3,4785,木幡純也,62,66,6.88,4,0.21
2025-10-07,11,01,1,4614,石倉洋行,66,25,6.84,1,0.06
2025-10-07,11,02,2,4786,佐藤博亮,49,65,6.84,2,0.14
2025-10-07,11,03,5,4535,北山康介,37,74,6.87,5,0.16
2025-10-07,11,04,4,4928,栗城匠,65,28,6.85,4,0.16
2025-10-07,11,05,3,5217,藤原碧生,45,44,6.85,3,0.16
2025-10-07,11,06,6,3838,伊藤啓三,60,22,6.9,6,0.22
2025-10-07,12,01,1,3251,平石和男,29,14,6.9,1,0.19
2025-10-07,12,02,3,4143,浦田晃嗣,43,17,6.94,3,0.11
2025-10-07,12,03,2,4086,寺本重宣,26,39,6.88,2,0.13
2025-10-07,12,04,5,3718,伊達正利,55,73,6.93,5,0.09
2025-10-07,12,05,6,4245,高橋直哉,40,63,6.92,6,0.09
2025-10-07,12,06,4,4035,杉江浩明,54,52,6.95,4,0.11
2025-10-08,1,01,3,4785,木幡純也,62,66,6.93,3,0.20
2025-10-08,1,02,4,3974,深山祐二,47,24,6.93,4,0.20
2025-10-08,1,03,6,4880,澤崎雄哉,35,75,7.04,6,0.26
2025-10-08,1,04,1,4270,岸本雄貴,20,60,6.93,1,0.22
2025-10-08,1,05,2,4966,田川大貴,16,13,6.93,2,0.17
2025-10-08,1,06,5,4752,西尾亮輔,68,76,6.93,5,0.32
2025-10-08,2,01,1,4607,鶴田勇雄,72,38,6.85,1,0.16
2025-10-08,2,02,3,4918,川島拓郎,51,15,6.88,3,0.12
2025-10-08,2,03,6,5219,森口和紀,19,56,6.85,6,0.06
2025-10-08,2,04,2,4452,松尾祭,39,67,6.9,2,0.12
2025-10-08,2,05,4,4988,牟田奨太,67,77,6.96,4,0.13
2025-10-08,2,S1,5,4299,中島浩哉,75,30,6.93,5,0.11
2025-10-08,3,01,1,3838,伊藤啓三,60,22,6.88,1,0.18
2025-10-08,3,02,5,4027,松江秀徳,73,78,6.86,2,0.21
2025-10-08,3,03,3,4143,浦田晃嗣,43,17,6.89,4,0.22
2025-10-08,3,04,4,4245,高橋直哉,40,63,6.87,5,0.33
2025-10-08,3,05,2,4731,間野兼礼,14,71,6.82,3,0.35
2025-10-08,3,06,6,5209,小野京平,69,32,6.88,6,0.41
2025-10-08,4,01,1,4610,佐藤大佑,17,57,6.83,1,0.30
2025-10-08,4,02,2,3793,高橋真吾,59,54,6.93,2,0.31
2025-10-08,4,03,6,5166,仲道大輔,12,19,6.78,6,0.16
2025-10-08,4,04,5,4905,土井祥伍,11,68,6.84,5,0.21
2025-10-08,4,05,3,4035,杉江浩明,54,52,6.91,3,0.27
2025-10-08,4,06,4,4229,市川美宏,76,40,6.93,4,0.22
2025-10-08,5,01,1,3905,天野友和,70,16,6.86,1,0.22
2025-10-08,5,02,2,3718,伊達正利,55,73,6.86,2,0.22
2025-10-08,5,03,6,5300,横田海人,52,48,6.87,6,0.22
2025-10-08,5,04,4,4583,古田祐貴,74,23,6.85,4,0.18
2025-10-08,5,05,3,4752,西尾亮輔,68,76,6.88,3,0.21
2025-10-08,5,06,5,4880,澤崎雄哉,35,75,6.91,5,0.22
2025-10-08,6,01,3,4561,藤山翔大,63,45,6.66,3,0.12
2025-10-08,6,02,1,5217,藤原碧生,45,44,6.83,1,0.11
2025-10-08,6,03,6,4535,北山康介,37,74,6.86,6,0.11
2025-10-08,6,04,4,4779,伊倉光,46,46,6.87,4,0.15
2025-10-08,6,05,2,4431,石塚裕介,71,62,6.86,2,0.11
2025-10-08,6,06,5,4988,牟田奨太,67,77,6.95,5,0.12
2025-10-08,7,01,1,3265,今村暢孝,21,27,6.82,1,0.08
2025-10-08,7,02,3,5209,小野京平,69,32,6.89,3,0.16
2025-10-08,7,03,4,4270,岸本雄貴,20,60,6.9,4,0.14
2025-10-08,7,04,5,4918,川島拓郎,51,15,6.91,5,0.11
2025-10-08,7,05,2,4299,中島浩哉,75,30,6.93,2,0.12
2025-10-08,7,06,6,5409,宮本琉正,44,20,6.88,6,0.07
2025-10-08,8,01,3,5219,森口和紀,19,56,6.89,3,0.03
2025-10-08,8,02,1,4928,栗城匠,65,28,6.83,1,0.06
2025-10-08,8,03,4,4610,佐藤大佑,17,57,6.85,4,0.09
2025-10-08,8,04,2,3974,深山祐二,47,24,6.84,2,0.11
2025-10-08,8,05,5,4731,間野兼礼,14,71,6.88,5,0.06
2025-10-08,8,06,6,5312,川辺郭人,18,12,6.83,6,0.05
2025-10-08,9,01,1,4583,古田祐貴,74,23,6.87,1,0.03
2025-10-08,9,02,5,4086,寺本重宣,26,39,6.89,5,0.14
2025-10-08,9,03,2,4905,土井祥伍,11,68,6.88,2,0.02
2025-10-08,9,04,6,3251,平石和男,29,14,6.89,6,0.06
2025-10-08,9,05,3,4452,松尾祭,39,67,6.96,3,0.02
2025-10-08,9,F,4,4027,松江秀徳,73,78,6.86,4,F0.03
2025-10-08,10,01,1,5166,仲道大輔,12,19,6.81,1,0.24
2025-10-08,10,02,4,5217,藤原碧生,45,44,6.82,6,0.26
2025-10-08,10,03,5,4785,木幡純也,62,66,6.88,3,0.28
2025-10-08,10,04,2,3905,天野友和,70,16,6.87,2,0.23
2025-10-08,10,05,3,4607,鶴田勇雄,72,38,6.86,5,0.26
2025-10-08,10,06,6,4561,藤山翔大,63,45,6.67,4,0.33
2025-10-08,11,01,1,4535,北山康介,37,74,6.83,1,0.16
2025-10-08,11,02,4,4966,田川大貴,16,13,6.89,5,0.11
2025-10-08,11,03,2,4928,栗城匠,65,28,6.87,3,0.17
2025-10-08,11,04,5,3265,今村暢孝,21,27,6.84,2,0.14
2025-10-08,11,05,6,3838,伊藤啓三,60,22,6.87,6,0.09
2025-10-08,11,06,3,3793,高橋真吾,59,54,6.89,4,0.17
2025-10-08,12,01,1,4614,石倉洋行,66,25,6.77,1,0.08
2025-10-08,12,02,3,4584,村岡賢人,64,53,6.85,3,0.05
2025-10-08,12,03,2,4288,永田啓二,41,36,6.84,2,0.07
2025-10-08,12,04,5,4122,安東幸治,24,43,6.88,5,0.07
2025-10-08,12,05,6,4786,佐藤博亮,49,65,6.83,6,0.13
2025-10-08,12,06,4,4553,坪口竜也,48,49,6.8,4,0.11
2025-10-14,1,01,5,4895,門間雄大,43,21,6.99,6,0.11
2025-10-14,1,02,3,4888,金児隆太,55,43,6.98,4,0.25
2025-10-14,1,03,1,4106,坂井康嗣,33,31,7.02,1,0.26
2025-10-14,1,04,4,5347,井澤聖奈,48,50,6.96,5,0.24
2025-10-14,1,05,6,3349,吉田一郎,27,16,6.98,3,0.17
2025-10-14,1,S0,2,4039,村上功祐,30,27,7.06,2,0.21
2025-10-14,2,01,1,4365,盛本真輔,44,14,6.93,1,0.20
2025-10-14,2,02,2,4531,武富智亮,13,52,6.92,2,0.21
2025-10-14,2,03,5,4653,小野達哉,62,30,6.93,5,0.18
2025-10-14,2,04,4,4259,真庭明志,46,24,6.95,4,0.19
2025-10-14,2,05,3,4017,向井美鈴,34,73,7.04,3,0.21
2025-10-14,2,06,6,4020,川上清人,12,48,7.08,6,0.33
2025-10-14,3,01,6,5145,島川海輝,20,78,6.87,6,0.13
2025-10-14,3,02,4,5275,松田淳平,49,57,6.98,4,0.22
2025-10-14,3,03,1,3992,関口智久,53,13,6.96,1,0.11
2025-10-14,3,04,3,5014,梶山涼斗,28,32,6.94,3,0.12
2025-10-14,3,05,2,4543,重木輝彦,19,25,6.94,2,0.20
2025-10-14,3,06,5,5305,伊藤栞,58,55,6.97,5,0.16
2025-10-14,4,01,5,4043,桐本康臣,60,67,6.91,5,0.07
2025-10-14,4,02,4,5319,近藤颯斗,26,36,6.87,4,0.01
2025-10-14,4,03,1,4624,高田明,11,72,6.82,1,0.19
2025-10-14,4,04,2,3161,古場輝義,70,59,6.91,2,0.20
2025-10-14,4,05,3,5067,山田真聖,41,60,6.9,3,0.13
2025-10-14,4,06,6,3652,森下勇,52,29,6.93,6,0.12
2025-10-14,5,01,1,4846,佐藤駿介,40,47,6.89,1,0.02
2025-10-14,5,02,2,4134,杉山貴博,39,65,6.97,2,0.06
2025-10-14,5,03,3,4151,下河誉史,50,63,6.91,3,0.05
2025-10-14,5,04,4,4705,吉川勇作,76,46,6.99,4,0.09
2025-10-14,5,05,5,5347,井澤聖奈,48,50,6.85,6,0.08
2025-10-14,5,F,6,4734,安河内将,71,23,6.89,5,F0.02
2025-10-14,6,01,2,4895,門間雄大,43,21,6.9,2,0.21
2025-10-14,6,02,6,5257,西丸侑太朗,38,15,6.83,6,0.24
2025-10-14,6,03,1,4081,樋口範政,15,28,6.92,1,0.19
2025-10-14,6,04,3,4044,湯川浩司,36,71,6.81,3,0.19
2025-10-14,6,05,5,4193,郷原章平,61,77,6.95,5,0.29
2025-10-14,6,06,4,5361,植竹玲奈,31,39,6.96,4,0.52
2025-10-14,7,01,3,4350,篠崎元志,32,70,6.85,3,0.10
2025-10-14,7,02,5,4039,村上功祐,30,27,6.9,5,0.03
2025-10-14,7,03,4,4575,戸塚邦好,29,38,6.86,4,0.06
2025-10-14,7,04,1,4887,富澤祐作,51,19,6.88,1,0.04
2025-10-14,7,05,2,5014,梶山涼斗,28,32,6.84,2,0.06
2025-10-14,7,06,6,5346,中村紋夕梨,21,58,6.88,6,0.10
2025-10-14,8,01,1,4379,桑島和宏,67,66,6.9,1,0.17
2025-10-14,8,02,5,4531,武富智亮,13,52,6.87,5,0.18
2025-10-14,8,03,3,5319,近藤颯斗,26,36,6.87,3,0.16
2025-10-14,8,04,4,4364,池永太,56,62,6.91,4,0.12
2025-10-14,8,05,2,5275,松田淳平,49,57,6.9,2,0.16
2025-10-14,8,06,6,4637,中田友也,66,12,6.95,6,0.21
2025-10-14,9,01,1,4518,大須賀友,23,37,6.79,1,0.17
2025-10-14,9,02,2,4259,真庭明志,46,24,6.9,2,0.16
2025-10-14,9,03,3,4072,森永淳,25,40,6.9,3,0.09
2025-10-14,9,04,4,5067,山田真聖,41,60,6.98,4,0.11
2025-10-14,9,05,5,3992,関口智久,53,13,6.9,5,0.13
2025-10-14,9,06,6,4888,金児隆太,55,43,6.86,6,0.20
2025-10-14,10,01,1,4017,向井美鈴,34,73,6.88,1,0.05
2025-10-14,10,02,3,5305,伊藤栞,58,55,6.93,3,0.02
2025-10-14,10,03,6,5361,植竹玲奈,31,39,6.92,6,0.06
2025-10-14,10,04,5,5296,永田楽,22,17,6.83,5,0.06
2025-10-14,10,05,4,5241,門田栞,37,68,6.83,4,0.06
2025-10-14,10,06,2,4940,白石有美,57,75,6.91,2,0.08
2025-10-14,11,01,1,4653,小野達哉,62,30,6.86,1,0.09
2025-10-14,11,02,2,4575,戸塚邦好,29,38,6.81,2,0.08
2025-10-14,11,03,5,4624,高田明,11,72,6.88,5,0.11
2025-10-14,11,04,4,3349,吉田一郎,27,16,6.93,4,0.07
2025-10-14,11,05,3,4193,郷原章平,61,77,6.94,3,0.13
2025-10-14,11,06,6,4134,杉山貴博,39,65,6.93,6,0.13
2025-10-14,12,01,3,4734,安河内将,71,23,6.87,3,0.12
2025-10-14,12,02,1,4350,篠崎元志,32,70,6.86,1,0.07
2025-10-14,12,03,4,4044,湯川浩司,36,71,6.73,4,0.12
2025-10-14,12,04,6,4543,重木輝彦,19,25,6.86,6,0.25
2025-10-14,12,05,2,4043,桐本康臣,60,67,6.92,2,0.13
2025-10-14,12,06,5,4364,池永太,56,62,6.89,5,0.12
2025-10-15,1,01,4,3652,森下勇,52,29,6.95,4,0.13
2025-10-15,1,02,3,5296,永田楽,22,17,6.85,3,0.20
2025-10-15,1,03,6,4259,真庭明志,46,24,6.9,6,0.24
2025-10-15,1,04,1,4705,吉川勇作,76,46,6.99,1,0.14
2025-10-15,1,05,5,5241,門田栞,37,68,6.86,5,0.19
2025-10-15,1,06,2,4020,川上清人,12,48,6.97,2,0.32
2025-10-15,2,01,4,5257,西丸侑太朗,38,15,6.85,4,0.11
2025-10-15,2,02,6,4653,小野達哉,62,30,6.84,6,0.20
2025-10-15,2,03,3,4518,大須賀友,23,37,6.78,3,0.13
2025-10-15,2,04,2,4106,坂井康嗣,33,31,6.93,2,0.16
2025-10-15,2,05,5,5346,中村紋夕梨,21,58,6.83,5,0.21
2025-10-15,2,06,1,4039,村上功祐,30,27,6.93,1,0.26
2025-10-15,3,01,2,4624,高田明,11,72,6.85,2,0.06
2025-10-15,3,02,3,4364,池永太,56,62,6.95,3,0.07
2025-10-15,3,03,5,5275,松田淳平,49,57,6.93,5,0.13
2025-10-15,3,04,1,4895,門間雄大,43,21,6.9,1,0.13
2025-10-15,3,05,4,3161,古場輝義,70,59,6.92,4,0.11
2025-10-15,3,06,6,4081,樋口範政,15,28,6.96,6,0.17
2025-10-15,4,01,1,3349,吉田一郎,27,16,6.93,1,0.10
2025-10-15,4,02,3,4379,桑島和宏,67,66,6.95,3,0.11
2025-10-15,4,03,2,4365,盛本真輔,44,14,6.85,2,0.13
2025-10-15,4,04,5,4151,下河誉史,50,63,6.94,4,0.12
2025-10-15,4,05,6,5014,梶山涼斗,28,32,6.84,6,0.07
2025-10-15,4,06,4,5305,伊藤栞,58,55,6.91,5,0.09
2025-10-15,5,01,1,4193,郷原章平,61,77,6.95,1,0.06
2025-10-15,5,02,2,4072,森永淳,25,40,6.85,2,0.06
2025-10-15,5,03,4,4940,白石有美,57,75,6.94,4,0.06
2025-10-15,5,04,5,4044,湯川浩司,36,71,6.81,5,0.01
2025-10-15,5,05,6,5347,井澤聖奈,48,50,6.89,6,0.03
2025-10-15,5,06,3,4846,佐藤駿介,40,47,6.91,3,0.14
2025-10-15,6,01,1,3652,森下勇,52,29,6.94,1,0.14
2025-10-15,6,02,4,5346,中村紋夕梨,21,58,6.88,5,0.32
2025-10-15,6,03,6,4017,向井美鈴,34,73,6.93,6,0.21
2025-10-15,6,04,3,4531,武富智亮,13,52,6.95,3,0.22
2025-10-15,6,05,5,4350,篠崎元志,32,70,6.89,4,0.21
2025-10-15,6,06,2,5319,近藤颯斗,26,36,6.86,2,0.18
2025-10-15,7,01,4,5145,島川海輝,20,78,6.82,4,0.07
2025-10-15,7,02,6,4734,安河内将,71,23,6.89,6,0.18
2025-10-15,7,03,3,3992,関口智久,53,13,6.9,3,0.15
2025-10-15,7,04,1,4888,金児隆太,55,43,6.85,1,0.27
2025-10-15,7,05,2,5241,門田栞,37,68,6.85,2,0.22
2025-10-15,7,06,5,5361,植竹玲奈,31,39,6.91,5,0.15
2025-10-15,8,01,1,4134,杉山貴博,39,65,6.89,1,0.18
2025-10-15,8,02,6,4043,桐本康臣,60,67,6.92,5,0.12
2025-10-15,8,03,2,4081,樋口範政,15,28,6.95,2,0.18
2025-10-15,8,04,4,4106,坂井康嗣,33,31,6.92,4,0.20
2025-10-15,8,05,5,4020,川上清人,12,48,7.02,6,0.34
2025-10-15,8,06,3,4887,富澤祐作,51,19,7.03,3,0.16
2025-10-15,9,01,1,4543,重木輝彦,19,25,6.91,1,0.10
2025-10-15,9,02,3,4653,小野達哉,62,30,6.88,3,0.08
2025-10-15,9,03,2,4637,中田友也,66,12,6.94,2,0.10
2025-10-15,9,04,5,5067,山田真聖,41,60,6.94,5,0.09
2025-10-15,9,05,6,4624,高田明,11,72,6.87,6,0.06
2025-10-15,9,06,4,5296,永田楽,22,17,6.87,4,0.13
2025-10-15,10,01,4,4350,篠崎元志,32,70,6.86,4,0.05
2025-10-15,10,02,5,4365,盛本真輔,44,14,6.82,5,0.12
2025-10-15,10,03,1,3161,古場輝義,70,59,6.89,1,0.12
2025-10-15,10,04,6,4575,戸塚邦好,29,38,6.86,6,0.14
2025-10-15,10,05,3,4940,白石有美,57,75,6.92,3,0.09
2025-10-15,10,06,2,4705,吉川勇作,76,46,6.98,2,0.16
2025-10-15,11,01,3,5257,西丸侑太朗,38,15,6.85,3,0.24
2025-10-15,11,02,2,4017,向井美鈴,34,73,6.91,2,0.23
2025-10-15,11,03,1,4364,池永太,56,62,6.96,1,0.13
2025-10-15,11,04,6,4072,森永淳,25,40,6.92,6,0.14
2025-10-15,11,05,5,4379,桑島和宏,67,66,6.96,5,0.17
2025-10-15,11,06,4,4888,金児隆太,55,43,6.92,4,0.23
2025-10-15,12,01,1,4044,湯川浩司,36,71,6.81,1,0.16
2025-10-15,12,02,3,5145,島川海輝,20,78,6.83,3,0.18
2025-10-15,12,03,5,4518,大須賀友,23,37,6.8,5,0.27
2025-10-15,12,04,2,4151,下河誉史,50,63,6.84,2,0.19
2025-10-15,12,05,6,4531,武富智亮,13,52,6.85,6,0.23
2025-10-15,12,06,4,4887,富澤祐作,51,19,6.93,4,0.16
2025-10-16,1,01,1,4259,真庭明志,46,24,6.93,1,0.08
2025-10-16,1,02,5,4039,村上功祐,30,27,6.95,5,0.13
2025-10-16,1,03,3,5275,松田淳平,49,57,6.93,3,0.09
2025-10-16,1,04,2,5305,伊藤栞,58,55,6.94,2,0.09
2025-10-16,1,05,6,4705,吉川勇作,76,46,6.98,6,0.17
2025-10-16,1,06,4,4846,佐藤駿介,40,47,6.91,4,0.09
2025-10-16,2,01,2,4134,杉山貴博,39,65,7.01,2,0.16
2025-10-16,2,02,6,4895,門間雄大,43,21,6.92,6,0.00
2025-10-16,2,03,1,5014,梶山涼斗,28,32,6.85,1,0.09
2025-10-16,2,04,4,4888,金児隆太,55,43,6.94,4,0.09
2025-10-16,2,05,3,3349,吉田一郎,27,16,6.97,3,0.11
2025-10-16,2,F,5,5319,近藤颯斗,26,36,6.86,5,F0.01
2025-10-16,3,01,3,4365,盛本真輔,44,14,6.85,3,0.11
2025-10-16,3,02,5,4575,戸塚邦好,29,38,6.9,5,0.11
2025-10-16,3,03,1,4151,下河誉史,50,63,6.92,1,0.16
2025-10-16,3,04,4,5257,西丸侑太朗,38,15,6.86,4,0.13
2025-10-16,3,05,2,3652,森下勇,52,29,7.0,2,0.12
2025-10-16,3,06,6,4887,富澤祐作,51,19,6.96,6,0.17
2025-10-16,4,01,2,4518,大須賀友,23,37,6.84,3,0.15
2025-10-16,4,02,6,3161,古場輝義,70,59,6.99,2,0.23
2025-10-16,4,03,4,5145,島川海輝,20,78,6.85,5,0.17
2025-10-16,4,04,3,4543,重木輝彦,19,25,6.89,4,0.23
2025-10-16,4,05,1,4020,川上清人,12,48,6.99,1,0.24
2025-10-16,4,06,5,5361,植竹玲奈,31,39,6.92,6,0.22
2025-10-16,5,01,1,4637,中田友也,66,12,6.96,1,0.23
2025-10-16,5,02,2,5296,永田楽,22,17,6.85,2,0.26
2025-10-16,5,03,3,4350,篠崎元志,32,70,6.93,3,0.27
2025-10-16,5,04,5,4017,向井美鈴,34,73,6.99,5,0.19
2025-10-16,5,05,6,4379,桑島和宏,67,66,6.97,6,0.16
2025-10-16,5,06,4,4081,樋口範政,15,28,6.96,4,0.16
2025-10-16,6,01,2,4653,小野達哉,62,30,6.87,2,0.11
2025-10-16,6,02,4,4039,村上功祐,30,27,6.95,4,0.14
2025-10-16,6,03,3,5241,門田栞,37,68,6.84,3,0.16
2025-10-16,6,04,6,3992,関口智久,53,13,6.94,6,0.10
2025-10-16,6,05,5,5014,梶山涼斗,28,32,6.87,5,0.09
2025-10-16,6,06,1,4072,森永淳,25,40,6.88,1,0.14
2025-10-16,7,01,1,5257,西丸侑太朗,38,15,6.82,1,0.19
2025-10-16,7,02,3,4624,高田明,11,72,6.83,3,0.19
2025-10-16,7,03,6,4734,安河内将,71,23,6.93,6,0.21
2025-10-16,7,04,2,4043,桐本康臣,60,67,6.88,2,0.21
2025-10-16,7,05,5,4940,白石有美,57,75,6.94,5,0.22
2025-10-16,7,06,4,5347,井澤聖奈,48,50,6.87,4,0.25
2025-10-16,8,01,1,5145,島川海輝,20,78,6.78,1,0.09
2025-10-16,8,02,3,4364,池永太,56,62,6.84,3,0.08
2025-10-16,8,03,2,3349,吉田一郎,27,16,6.82,2,0.11
2025-10-16,8,04,5,4151,下河誉史,50,63,6.88,4,0.21
2025-10-16,8,05,6,4106,坂井康嗣,33,31,6.88,5,0.26
2025-10-16,8,06,4,5346,中村紋夕梨,21,58,6.82,6,0.22
2025-10-16,9,01,1,4531,武富智亮,13,52,6.86,1,0.09
2025-10-16,9,02,3,4887,富澤祐作,51,19,6.88,3,0.06
2025-10-16,9,03,4,4543,重木輝彦,19,25,6.87,4,0.11
2025-10-16,9,04,5,4134,杉山貴博,39,65,6.92,5,0.15
2025-10-16,9,05,2,5067,山田真聖,41,60,6.85,2,0.05
2025-10-16,9,06,6,4846,佐藤駿介,40,47,6.91,6,0.13
2025-10-16,10,01,1,4575,戸塚邦好,29,38,6.88,1,0.09
2025-10-16,10,02,3,4044,湯川浩司,36,71,6.77,3,0.16
2025-10-16,10,03,2,3992,関口智久,53,13,6.89,2,0.17
2025-10-16,10,04,4,4895,門間雄大,43,21,6.89,4,0.17
2025-10-16,10,05,5,4637,中田友也,66,12,6.95,5,0.21
2025-10-16,10,06,6,4518,大須賀友,23,37,6.82,6,0.21
2025-10-16,11,01,1,4043,桐本康臣,60,67,6.89,1,0.10
2025-10-16,11,02,2,4379,桑島和宏,67,66,6.87,2,0.14
2025-10-16,11,03,3,4259,真庭明志,46,24,6.84,3,0.16
2025-10-16,11,04,5,4072,森永淳,25,40,6.79,5,0.16
2025-10-16,11,05,6,4365,盛本真輔,44,14,6.76,6,0.14
2025-10-16,11,06,4,3161,古場輝義,70,59,6.89,4,0.20
2025-10-16,12,01,1,4350,篠崎元志,32,70,6.83,1,0.11
2025-10-16,12,02,6,5275,松田淳平,49,57,6.85,6,0.12
2025-10-16,12,03,3,3652,森下勇,52,29,6.87,3,0.11
2025-10-16,12,04,5,4888,金児隆太,55,43,6.82,5,0.28
2025-10-16,12,05,4,4020,川上清人,12,48,6.89,4,0.25
2025-10-16,12,06,2,4624,高田明,11,72,6.77,2,0.14
2025-10-17,1,01,1,5067,山田真聖,41,60,6.89,1,0.16
2025-10-17,1,02,4,4895,門間雄大,43,21,6.87,4,0.14
2025-10-17,1,03,5,4081,樋口範政,15,28,6.95,5,0.19
2025-10-17,1,04,2,4020,川上清人,12,48,7.01,2,0.20
2025-10-17,1,05,6,5361,植竹玲奈,31,39,6.92,6,0.17
2025-10-17,1,06,3,4705,吉川勇作,76,46,6.99,3,0.12
2025-10-17,2,01,2,4364,池永太,56,62,6.9,2,0.14
2025-10-17,2,02,1,4365,盛本真輔,44,14,6.82,1,0.21
2025-10-17,2,03,5,5145,島川海輝,20,78,6.83,5,0.11
2025-10-17,2,04,3,4134,杉山貴博,39,65,7.0,3,0.19
2025-10-17,2,05,6,4039,村上功祐,30,27,6.93,6,0.18
2025-10-17,2,06,4,4940,白石有美,57,75,6.99,4,0.27
2025-10-17,3,01,5,5257,西丸侑太朗,38,15,6.88,5,0.18
2025-10-17,3,02,3,4637,中田友也,66,12,6.94,3,0.21
2025-10-17,3,03,2,4106,坂井康嗣,33,31,6.93,2,0.26
2025-10-17,3,04,1,4543,重木輝彦,19,25,6.9,1,0.23
2025-10-17,3,05,6,5346,中村紋夕梨,21,58,6.85,6,0.21
2025-10-17,3,06,4,4624,高田明,11,72,6.91,4,0.21
2025-10-17,4,01,1,4531,武富智亮,13,52,6.91,1,0.07
2025-10-17,4,02,2,4518,大須賀友,23,37,6.8,2,0.12
2025-10-17,4,03,4,5014,梶山涼斗,28,32,6.86,4,0.09
2025-10-17,4,04,6,4350,篠崎元志,32,70,6.87,5,0.10
2025-10-17,4,05,3,5275,松田淳平,49,57,6.91,3,0.07
2025-10-17,4,06,5,5347,井澤聖奈,48,50,6.88,6,0.16
2025-10-17,5,01,4,4575,戸塚邦好,29,38,6.9,4,0.07
2025-10-17,5,02,5,4259,真庭明志,46,24,6.95,5,0.11
2025-10-17,5,03,6,4044,湯川浩司,36,71,6.81,6,0.11
2025-10-17,5,04,1,4017,向井美鈴,34,73,6.92,1,0.13
2025-10-17,5,05,2,5296,永田楽,22,17,6.86,2,0.15
2025-10-17,5,06,3,3652,森下勇,52,29,6.97,3,0.13
2025-10-17,6,01,1,4379,桑島和宏,67,66,6.96,1,0.19
2025-10-17,6,02,2,5241,門田栞,37,68,6.88,2,0.26
2025-10-17,6,03,4,4653,小野達哉,62,30,6.88,4,0.23
2025-10-17,6,04,6,4151,下河誉史,50,63,6.97,5,0.34
2025-10-17,6,05,3,4846,佐藤駿介,40,47,6.95,3,0.22
2025-10-17,6,06,5,4705,吉川勇作,76,46,7.02,6,0.24
2025-10-17,7,01,1,4043,桐本康臣,60,67,6.95,1,0.06
2025-10-17,7,02,3,4072,森永淳,25,40,6.86,3,0.07
2025-10-17,7,03,2,3992,関口智久,53,13,6.92,2,0.09
2025-10-17,7,04,6,5319,近藤颯斗,26,36,6.87,6,0.23
2025-10-17,7,05,5,4106,坂井康嗣,33,31,6.94,5,0.15
2025-10-17,7,06,4,5305,伊藤栞,58,55,6.89,4,0.08
2025-10-17,8,01,6,4734,安河内将,71,23,6.9,6,0.22
2025-10-17,8,02,1,3349,吉田一郎,27,16,6.91,1,0.16
2025-10-17,8,03,3,5067,山田真聖,41,60,6.92,3,0.15
2025-10-17,8,04,4,4637,中田友也,66,12,6.95,4,0.19
2025-10-17,8,05,2,4888,金児隆太,55,43,6.91,2,0.24
2025-10-17,8,06,5,3161,古場輝義,70,59,6.96,5,0.28
2025-10-17,9,01,1,5145,島川海輝,20,78,6.82,1,0.11
2025-10-17,9,02,5,4531,武富智亮,13,52,6.94,5,0.15
2025-10-17,9,03,4,4259,真庭明志,46,24,6.93,4,0.09
2025-10-17,9,04,3,4895,門間雄大,43,21,6.9,3,0.13
2025-10-17,9,05,2,4365,盛本真輔,44,14,6.84,2,0.15
2025-10-17,9,06,6,4543,重木輝彦,19,25,6.9,6,0.16
2025-10-17,10,01,1,5257,西丸侑太朗,38,15,6.83,1,0.12
2025-10-17,10,02,3,4575,戸塚邦好,29,38,6.87,3,0.19
2025-10-17,10,03,2,4350,篠崎元志,32,70,6.89,2,0.14
2025-10-17,10,04,5,4379,桑島和宏,67,66,6.96,5,0.11
2025-10-17,10,05,4,4134,杉山貴博,39,65,6.94,4,0.11
2025-10-17,10,06,6,4017,向井美鈴,34,73,6.95,6,0.16
2025-10-17,11,01,1,4653,小野達哉,62,30,6.83,1,0.13
2025-10-17,11,02,4,4518,大須賀友,23,37,6.83,4,0.14
2025-10-17,11,03,6,4364,池永太,56,62,6.89,6,0.16
2025-10-17,11,04,5,4624,高田明,11,72,6.8,5,0.11
2025-10-17,11,05,3,4044,湯川浩司,36,71,6.83,3,0.16
2025-10-17,11,06,2,4043,桐本康臣,60,67,6.91,2,0.14
2025-10-17,12,01,3,5296,永田楽,22,17,6.84,3,0.08
2025-10-17,12,02,5,5241,門田栞,37,68,6.84,5,0.04
2025-10-17,12,03,4,5361,植竹玲奈,31,39,6.88,4,0.15
2025-10-17,12,04,1,4940,白石有美,57,75,6.87,1,0.14
2025-10-17,12,05,2,5305,伊藤栞,58,55,6.86,2,0.11
2025-10-17,12,06,6,5347,井澤聖奈,48,50,6.85,6,0.07
2025-10-18,1,01,1,5275,松田淳平,49,57,6.9,1,0.12
2025-10-18,1,02,2,4705,吉川勇作,76,46,6.93,2,0.12
2025-10-18,1,03,5,3652,森下勇,52,29,6.94,5,0.38
2025-10-18,1,04,4,5296,永田楽,22,17,6.89,4,0.21
2025-10-18,1,05,3,4106,坂井康嗣,33,31,6.92,3,0.18
2025-10-18,1,06,6,4020,川上清人,12,48,6.93,6,0.32
2025-10-18,2,01,4,5014,梶山涼斗,28,32,6.88,4,0.11
2025-10-18,2,02,2,4039,村上功祐,30,27,6.97,2,0.14
2025-10-18,2,03,3,3992,関口智久,53,13,6.92,3,0.23
2025-10-18,2,04,1,3161,古場輝義,70,59,6.92,1,0.16
2025-10-18,2,05,6,5305,伊藤栞,58,55,6.89,6,0.26
2025-10-18,2,S0,5,4365,盛本真輔,44,22,6.84,5,0.22
2025-10-18,3,01,1,4895,門間雄大,43,49,6.94,1,0.05
2025-10-18,3,02,5,4072,森永淳,25,40,6.9,5,0.08
2025-10-18,3,03,4,4043,桐本康臣,60,67,6.96,4,0.08
2025-10-18,3,04,6,5347,井澤聖奈,48,50,6.95,6,0.13
2025-10-18,3,05,3,4081,樋口範政,15,28,6.99,3,0.06
2025-10-18,3,06,2,4846,佐藤駿介,40,47,6.94,2,0.18
2025-10-18,4,01,1,4134,杉山貴博,39,65,6.94,1,0.12
2025-10-18,4,02,3,5241,門田栞,37,68,6.87,4,0.16
2025-10-18,4,03,4,4151,下河誉史,50,63,6.9,3,0.12
2025-10-18,4,04,6,5346,中村紋夕梨,21,58,6.86,6,0.11
2025-10-18,4,05,2,4017,向井美鈴,34,73,6.97,2,0.13
2025-10-18,4,06,5,3349,吉田一郎,27,16,6.92,5,0.15
2025-10-18,5,01,1,4364,池永太,56,62,6.92,1,0.13
2025-10-18,5,02,2,4637,中田友也,66,12,6.98,2,0.16
2025-10-18,5,03,3,4259,真庭明志,46,24,6.94,3,0.14
2025-10-18,5,04,4,4379,桑島和宏,67,66,6.96,4,0.12
2025-10-18,5,05,5,5296,永田楽,22,17,6.9,5,0.09
2025-10-18,5,06,6,5361,植竹玲奈,31,39,6.94,6,0.12
2025-10-18,6,01,1,4624,高田明,11,72,6.85,1,0.16
2025-10-18,6,02,5,4350,篠崎元志,32,70,6.87,5,0.08
2025-10-18,6,03,2,4543,重木輝彦,19,25,6.88,2,0.15
2025-10-18,6,04,3,4039,村上功祐,30,27,6.94,3,0.16
2025-10-18,6,05,6,4940,白石有美,57,75,6.98,6,0.08
2025-10-18,6,06,4,4106,坂井康嗣,33,31,6.93,4,0.12
2025-10-18,7,01,1,4044,湯川浩司,36,71,6.82,1,0.17
2025-10-18,7,02,2,4888,金児隆太,55,43,6.91,2,0.15
2025-10-18,7,03,6,5319,近藤颯斗,26,36,6.89,6,0.08
2025-10-18,7,04,3,5305,伊藤栞,58,55,6.9,3,0.11
2025-10-18,7,05,5,4846,佐藤駿介,40,47,6.93,5,0.12
2025-10-18,7,06,4,4705,吉川勇作,76,46,6.94,4,0.13
2025-10-18,8,01,3,3161,古場輝義,70,20,6.95,3,0.17
2025-10-18,8,02,4,5275,松田淳平,49,57,6.95,4,0.12
2025-10-18,8,03,1,4151,下河誉史,50,63,6.93,1,0.20
2025-10-18,8,04,6,4734,安河内将,71,23,6.9,6,0.16
2025-10-18,8,05,2,4081,樋口範政,15,28,6.97,2,0.22
2025-10-18,8,06,5,5346,中村紋夕梨,21,58,6.86,5,0.15
2025-10-18,9,01,1,4072,森永淳,25,40,6.86,1,0.12
2025-10-18,9,02,6,5067,山田真聖,41,60,6.87,5,0.17
2025-10-18,9,03,5,4637,中田友也,66,12,6.93,4,0.14
2025-10-18,9,04,3,3349,吉田一郎,27,16,6.91,3,0.13
2025-10-18,9,05,2,3652,森下勇,52,29,6.91,2,0.11
2025-10-18,9,K0,4,3992,関口智久,53,13,,,K
2025-10-18,10,01,3,4624,高田明,11,72,6.83,3,0.14
2025-10-18,10,02,1,4259,真庭明志,46,24,6.86,1,0.09
2025-10-18,10,03,5,4043,桐本康臣,60,67,6.91,5,0.13
2025-10-18,10,04,2,4364,池永太,56,62,6.87,2,0.08
2025-10-18,10,05,4,4365,盛本真輔,44,22,6.78,4,0.14
2025-10-18,10,06,6,4017,向井美鈴,34,73,6.88,6,0.18
2025-10-18,11,01,1,4350,篠崎元志,32,70,6.84,1,0.12
2025-10-18,11,02,3,4379,桑島和宏,67,66,6.93,3,0.14
2025-10-18,11,03,4,4044,湯川浩司,36,71,6.81,4,0.16
2025-10-18,11,04,2,4895,門間雄大,43,49,6.87,2,0.16
2025-10-18,11,05,6,4543,重木輝彦,19,25,6.89,6,0.23
2025-10-18,11,06,5,4134,杉山貴博,39,65,6.94,5,0.16
2025-10-18,12,01,3,4653,小野達哉,62,30,6.87,3,0.18
2025-10-18,12,02,1,5145,島川海輝,20,78,6.8,1,0.23
2025-10-18,12,03,2,5257,西丸侑太朗,38,15,6.8,2,0.15
2025-10-18,12,04,5,4518,大須賀友,23,37,6.82,5,0.26
2025-10-18,12,05,4,4575,戸塚邦好,29,38,6.85,4,0.18
2025-10-18,12,06,6,4531,武富智亮,13,52,6.89,6,0.15
2025-10-20,1,01,2,5231,寺田空詩,32,37,6.76,2,0.10
2025-10-20,1,02,3,5055,眞鳥章太,17,52,6.8,3,0.12
2025-10-20,1,03,5,4697,國弘翔平,75,46,6.87,5,0.20
2025-10-20,1,04,6,3868,尾形栄治,46,28,6.8,6,0.20
2025-10-20,1,05,4,3708,岡部貴司,47,13,6.85,4,0.18
2025-10-20,1,06,1,4220,深川和仁,70,30,6.78,1,0.26
2025-10-20,2,01,1,4424,松尾昂明,44,38,6.77,1,0.21
2025-10-20,2,02,6,5224,西岡顕心,18,12,6.75,6,0.19
2025-10-20,2,03,2,3319,山崎義明,37,27,6.8,2,0.26
2025-10-20,2,04,5,4615,板倉敦史,35,22,6.88,5,0.24
2025-10-20,2,05,4,5387,戸田海咲音,48,48,6.75,4,0.16
2025-10-20,2,06,3,4409,坂元浩仁,54,73,6.85,3,0.17
2025-10-20,3,01,3,4728,山口亮,73,47,6.87,3,0.07
2025-10-20,3,02,2,5066,鈴木孝明,64,57,6.84,2,0.14
2025-10-20,3,03,6,4645,上村純一,58,72,6.8,6,0.14
2025-10-20,3,04,5,4261,岡祐臣,29,77,6.81,5,0.16
2025-10-20,3,05,1,3928,林恵祐,26,43,6.84,1,0.14
2025-10-20,3,06,4,4096,石橋道友,76,20,6.83,4,0.32
2025-10-20,4,01,2,4051,清水敦揮,69,62,6.83,2,0.19
2025-10-20,4,02,1,4034,西原明生,71,49,6.83,1,0.21
2025-10-20,4,03,6,4237,大峯豊,40,29,6.76,6,0.22
2025-10-20,4,04,5,4463,三苫晃幸,53,66,6.76,5,0.27
2025-10-20,4,05,4,3284,渡邊伸太郎,68,36,6.85,4,0.28
2025-10-20,4,06,3,4813,宮内直哉,65,23,6.76,3,0.24
2025-10-20,5,01,1,3850,小川知行,50,17,6.77,1,0.16
2025-10-20,5,02,5,4525,真子奈津実,38,39,6.71,5,0.18
2025-10-20,5,03,2,4030,森高一真,55,58,6.82,2,0.16
2025-10-20,5,04,4,4842,山下昂大,43,70,6.83,4,0.30
2025-10-20,5,05,6,5010,宇留田翔平,74,19,6.82,6,0.14
2025-10-20,5,06,3,5061,中村駿平,63,65,6.83,3,0.24
2025-10-20,6,01,1,4515,藤田浩人,30,31,6.76,1,0.14
2025-10-20,6,02,5,4643,近江翔吾,72,63,6.78,5,0.12
2025-10-20,6,03,6,3713,伊藤誠二,39,24,6.81,6,0.16
2025-10-20,6,04,2,4329,小松卓司,51,67,6.82,2,0.14
2025-10-20,6,05,4,4615,板倉敦史,35,22,6.85,4,0.14
2025-10-20,6,06,3,4794,和田拓也,24,60,6.77,3,0.14
2025-10-20,7,01,1,4949,横田貴満,16,25,6.8,1,0.18
2025-10-20,7,02,2,4939,宮之原輝紀,62,32,6.7,2,0.13
2025-10-20,7,03,3,4695,尾崎雄二,21,16,6.83,3,0.16
2025-10-20,7,04,5,4728,山口亮,73,47,6.84,5,0.17
2025-10-20,7,05,6,5387,戸田海咲音,48,48,6.8,6,0.23
2025-10-20,7,06,4,4697,國弘翔平,75,46,6.83,4,0.17
2025-10-20,8,01,1,4409,坂元浩仁,54,73,6.88,1,0.16
2025-10-20,8,02,2,4545,岡村慶太,49,15,6.81,2,0.11
2025-10-20,8,03,5,5066,鈴木孝明,64,57,6.82,5,0.17
2025-10-20,8,04,3,4179,広次修,59,40,6.77,3,0.13
2025-10-20,8,05,6,3708,岡部貴司,47,13,6.85,6,0.13
2025-10-20,8,06,4,4813,宮内直哉,65,23,6.8,4,0.21
2025-10-20,9,01,3,3572,安田政彦,41,71,6.93,3,0.21
2025-10-20,9,02,1,4351,里岡右貴,20,68,6.85,1,0.25
2025-10-20,9,03,4,3319,山崎義明,37,27,6.91,4,0.15
2025-10-20,9,04,2,3284,渡邊伸太郎,68,36,6.85,2,0.21
2025-10-20,9,05,6,4842,山下昂大,43,70,6.88,6,0.16
2025-10-20,9,06,5,4220,深川和仁,70,30,6.87,5,0.22
2025-10-20,10,01,6,4224,大橋栄里佳,45,55,6.87,5,0.18
2025-10-20,10,02,1,4464,山下友貴,19,78,6.88,1,0.13
2025-10-20,10,03,3,4479,矢野真梨菜,14,34,6.91,3,0.26
2025-10-20,10,04,4,3207,田村美和,61,75,6.99,4,0.25
2025-10-20,10,05,2,4525,真子奈津実,38,39,6.85,2,0.21
2025-10-20,10,K0,5,5231,寺田空詩,32,37,,,K
2025-10-20,11,01,1,4643,近江翔吾,72,63,6.91,1,0.22
2025-10-20,11,02,3,4645,上村純一,58,72,6.86,3,0.17
2025-10-20,11,03,2,4463,三苫晃幸,53,66,6.81,2,0.19
2025-10-20,11,04,4,5010,宇留田翔平,74,19,6.93,4,0.18
2025-10-20,11,05,5,4424,松尾昂明,44,38,6.81,5,0.22
2025-10-20,11,06,6,5055,眞鳥章太,17,52,6.86,6,0.23
2025-10-20,12,01,1,4096,石橋道友,76,20,6.83,1,0.14
2025-10-20,12,02,2,5224,西岡顕心,18,12,6.8,2,0.21
2025-10-20,12,03,5,4939,宮之原輝紀,62,32,6.87,5,0.12
2025-10-20,12,04,3,4237,大峯豊,40,29,6.83,3,0.18
2025-10-20,12,05,4,4030,森高一真,55,58,6.89,4,0.19
2025-10-20,12,06,6,4794,和田拓也,24,60,6.86,6,0.13
2025-10-21,1,01,1,4645,上村純一,58,72,6.76,1,0.11
2025-10-21,1,02,2,4728,山口亮,73,47,6.82,2,0.21
2025-10-21,1,03,3,4424,松尾昂明,44,38,6.73,3,0.23
2025-10-21,1,04,6,3572,安田政彦,41,71,6.83,5,0.29
2025-10-21,1,05,4,3868,尾形栄治,46,28,6.8,4,0.26
2025-10-21,1,06,5,4479,矢野真梨菜,14,34,6.8,6,0.27
2025-10-21,2,01,2,5061,中村駿平,63,65,6.78,3,0.27
2025-10-21,2,02,1,5055,眞鳥章太,17,52,6.79,1,0.26
2025-10-21,2,03,3,4261,岡祐臣,29,77,6.8,2,0.24
2025-10-21,2,04,5,4051,清水敦揮,69,62,6.82,5,0.26
2025-10-21,2,05,4,4224,大橋栄里佳,45,55,6.84,4,0.28
2025-10-21,2,06,6,3850,小川知行,50,17,6.77,6,0.23
2025-10-21,3,01,2,4096,石橋道友,76,20,6.83,2,0.17
2025-10-21,3,02,6,4545,岡村慶太,49,15,6.78,6,0.21
2025-10-21,3,03,4,4034,西原明生,71,49,6.84,4,0.24
2025-10-21,3,04,3,3713,伊藤誠二,39,24,6.82,3,0.18
2025-10-21,3,05,5,4329,小松卓司,51,67,6.85,5,0.21
2025-10-21,3,06,1,3207,田村美和,61,75,6.84,1,0.32
2025-10-21,4,01,5,5224,西岡顕心,18,12,6.78,5,0.06
2025-10-21,4,02,1,4842,山下昂大,43,70,6.76,1,0.14
2025-10-21,4,03,4,4695,尾崎雄二,21,16,6.77,4,0.03
2025-10-21,4,04,2,4179,広次修,59,40,6.73,2,0.26
2025-10-21,4,05,6,3928,林恵祐,26,43,6.8,6,0.07
2025-10-21,4,06,3,4697,國弘翔平,75,46,6.81,3,0.12
2025-10-21,5,01,1,5010,宇留田翔平,74,19,6.8,1,0.09
2025-10-21,5,02,4,4794,和田拓也,24,60,6.7,5,0.18
2025-10-21,5,03,6,3284,渡邊伸太郎,68,36,6.75,2,0.09
2025-10-21,5,04,3,4615,板倉敦史,35,22,6.81,4,0.25
2025-10-21,5,05,2,4351,里岡右貴,20,68,6.76,3,0.09
2025-10-21,5,06,5,3708,岡部貴司,47,13,6.8,6,0.32
2025-10-21,6,01,6,4463,三苫晃幸,53,66,6.75,6,0.17
2025-10-21,6,02,1,3868,尾形栄治,46,28,6.75,1,0.19
2025-10-21,6,03,5,5061,中村駿平,63,65,6.76,5,0.18
2025-10-21,6,04,3,5066,鈴木孝明,64,57,6.79,3,0.23
2025-10-21,6,05,4,4030,森高一真,55,58,6.82,4,0.17
2025-10-21,6,06,2,4949,横田貴満,16,25,6.78,2,0.23
2025-10-21,7,01,1,4224,大橋栄里佳,45,55,6.79,1,0.07
2025-10-21,7,02,3,4525,真子奈津実,38,39,6.8,3,0.07
2025-10-21,7,03,4,3207,田村美和,61,75,6.9,4,0.13
2025-10-21,7,04,6,4464,山下友貴,19,78,6.82,6,0.23
2025-10-21,7,05,2,4479,矢野真梨菜,14,34,6.85,2,0.13
2025-10-21,7,06,5,5387,戸田海咲音,48,48,6.79,5,0.14
2025-10-21,8,01,1,4695,尾崎雄二,21,16,6.84,1,0.19
2025-10-21,8,02,2,4237,大峯豊,40,29,6.81,2,0.16
2025-10-21,8,03,3,5055,眞鳥章太,17,52,6.84,3,0.11
2025-10-21,8,04,6,3319,山崎義明,37,27,6.86,6,0.20
2025-10-21,8,05,5,4515,藤田浩人,30,31,6.82,5,0.14
2025-10-21,8,06,4,4329,小松卓司,51,67,6.86,4,0.10
2025-10-21,9,01,1,4051,清水敦揮,69,62,6.84,1,0.18
2025-10-21,9,02,2,4220,深川和仁,70,30,6.85,2,0.27
2025-10-21,9,03,6,4939,宮之原輝紀,62,32,6.82,6,0.23
2025-10-21,9,04,3,5010,宇留田翔平,74,19,6.87,3,0.21
2025-10-21,9,05,4,3928,林恵祐,26,43,6.88,4,0.26
2025-10-21,9,06,5,4813,宮内直哉,65,23,6.8,5,0.26
2025-10-21,10,01,1,5224,西岡顕心,18,12,6.8,1,0.14
2025-10-21,10,02,2,4645,上村純一,58,72,6.83,2,0.09
2025-10-21,10,03,3,4643,近江翔吾,72,63,6.86,3,0.08
2025-10-21,10,04,5,4409,坂元浩仁,54,73,6.95,5,0.18
2025-10-21,10,05,4,3850,小川知行,50,17,6.81,4,0.23
2025-10-21,10,06,6,4034,西原明生,71,49,6.89,6,0.21
2025-10-21,11,01,1,4794,和田拓也,24,60,6.78,1,0.10
2025-10-21,11,02,3,4842,山下昂大,43,70,6.88,3,0.11
2025-10-21,11,03,5,4949,横田貴満,16,25,6.83,5,0.18
2025-10-21,11,04,4,3713,伊藤誠二,39,24,6.9,4,0.16
2025-10-21,11,05,2,3572,安田政彦,41,71,6.87,2,0.26
2025-10-21,11,06,6,4261,岡祐臣,29,77,6.83,6,0.21
2025-10-21,12,01,1,4030,森高一真,55,56,6.95,1,0.13
2025-10-21,12,02,3,4545,岡村慶太,49,15,6.87,3,0.13
2025-10-21,12,03,5,4351,里岡右貴,20,68,6.87,4,0.10
2025-10-21,12,04,6,4179,広次修,59,40,6.86,5,0.11
2025-10-21,12,05,2,4515,藤田浩人,30,31,6.81,2,0.26
2025-10-21,12,06,4,4464,山下友貴,19,78,6.89,6,0.28
2025-10-22,1,01,3,4515,藤田浩人,30,31,6.8,3,0.24
2025-10-22,1,02,1,3713,伊藤誠二,39,24,6.82,1,0.15
2025-10-22,1,03,6,4695,尾崎雄二,21,16,6.8,6,0.12
2025-10-22,1,04,2,4424,松尾昂明,44,38,6.73,2,0.27
2025-10-22,1,05,5,3284,渡邊伸太郎,68,36,6.81,5,0.21
2025-10-22,1,06,4,4034,西原明生,71,49,6.89,4,0.19
2025-10-22,2,01,1,4179,広次修,59,40,6.77,1,0.13
2025-10-22,2,02,2,4643,近江翔吾,72,63,6.84,2,0.11
2025-10-22,2,03,3,4220,深川和仁,70,30,6.81,3,0.14
2025-10-22,2,04,5,3572,安田政彦,41,71,6.84,5,0.12
2025-10-22,2,05,4,3928,林恵祐,26,43,6.84,4,0.08
2025-10-22,2,06,6,3207,田村美和,61,75,6.87,6,0.11
2025-10-22,3,01,4,4224,大橋栄里佳,45,55,6.81,4,0.12
2025-10-22,3,02,1,4463,三苫晃幸,53,66,6.74,1,0.18
2025-10-22,3,03,2,4615,板倉敦史,35,22,6.87,2,0.18
2025-10-22,3,04,6,4949,横田貴満,16,25,6.8,6,0.12
2025-10-22,3,05,3,3850,小川知行,50,17,6.78,3,0.12
2025-10-22,3,06,5,4096,石橋道友,76,20,6.85,5,0.10
2025-10-22,4,01,5,4545,岡村慶太,49,15,6.78,5,0.12
2025-10-22,4,02,3,4351,里岡右貴,20,68,6.81,3,0.08
2025-10-22,4,03,1,3319,山崎義明,37,27,6.8,1,0.08
2025-10-22,4,04,6,4409,坂元浩仁,54,73,6.84,6,0.05
2025-10-22,4,05,4,4479,矢野真梨菜,14,34,6.82,4,0.08
2025-10-22,4,06,2,4813,宮内直哉,65,23,6.8,2,0.23
2025-10-22,5,01,2,4939,宮之原輝紀,62,32,6.86,2,0.11
2025-10-22,5,02,1,3708,岡部貴司,47,13,6.84,1,0.10
2025-10-22,5,03,3,5010,宇留田翔平,74,19,6.88,3,0.16
2025-10-22,5,04,4,4525,真子奈津実,38,39,6.81,4,0.18
2025-10-22,5,05,6,4051,清水敦揮,69,62,6.92,6,0.17
2025-10-22,5,06,5,4728,山口亮,73,47,6.93,5,0.17
2025-10-22,6,01,1,4261,岡祐臣,29,77,6.79,1,0.16
2025-10-22,6,02,4,4237,大峯豊,40,29,6.79,4,0.21
2025-10-22,6,03,3,4464,山下友貴,19,78,6.83,3,0.19
2025-10-22,6,04,6,4515,藤田浩人,30,31,6.79,6,0.26
2025-10-22,6,05,5,5061,中村駿平,63,65,6.86,5,0.23
2025-10-22,6,06,2,4697,國弘翔平,75,46,6.89,2,0.19
2025-10-22,7,01,1,3572,安田政彦,41,71,6.89,1,0.21
2025-10-22,7,02,2,5224,西岡顕心,18,12,6.86,2,0.18
2025-10-22,7,03,3,4463,三苫晃幸,53,66,6.84,3,0.17
2025-10-22,7,04,5,5066,鈴木孝明,64,57,6.9,5,0.21
2025-10-22,7,05,4,3713,伊藤誠二,39,24,6.9,4,0.17
2025-10-22,7,06,6,5387,戸田海咲音,48,48,6.81,6,0.17
2025-10-22,8,01,2,4794,和田拓也,24,60,6.75,2,0.13
2025-10-22,8,02,3,4842,山下昂大,43,70,6.83,3,0.14
2025-10-22,8,03,6,4643,近江翔吾,72,63,6.82,6,0.13
2025-10-22,8,04,5,3319,山崎義明,37,27,6.85,5,0.11
2025-10-22,8,05,1,3284,渡邊伸太郎,68,36,6.82,1,0.16
2025-10-22,8,06,4,3868,尾形栄治,46,28,6.84,4,0.15
2025-10-22,9,01,1,4545,岡村慶太,49,15,6.78,1,0.14
2025-10-22,9,02,2,3708,岡部貴司,47,13,6.85,2,0.11
2025-10-22,9,03,5,4030,森高一真,55,56,6.88,5,0.14
2025-10-22,9,04,6,4220,深川和仁,70,30,6.84,6,0.25
2025-10-22,9,05,4,3850,小川知行,50,17,6.86,4,0.13
2025-10-22,9,06,3,4329,小松卓司,51,67,6.85,3,0.10
2025-10-22,10,01,1,4939,宮之原輝紀,62,32,6.84,1,0.14
2025-10-22,10,02,2,4261,岡祐臣,29,77,6.87,2,0.17
2025-10-22,10,03,3,4949,横田貴満,16,25,6.87,3,0.21
2025-10-22,10,04,4,5055,眞鳥章太,17,52,6.85,4,0.26
2025-10-22,10,05,6,4351,里岡右貴,20,68,6.86,6,0.24
2025-10-22,10,06,5,4645,上村純一,58,72,6.87,5,0.21
2025-10-22,11,01,1,4237,大峯豊,40,29,6.8,1,0.11
2025-10-22,11,02,2,4409,坂元浩仁,54,73,6.89,2,0.13
2025-10-22,11,03,3,4051,清水敦揮,69,62,6.9,3,0.12
2025-10-22,11,04,6,4424,松尾昂明,44,38,6.75,6,0.18
2025-10-22,11,05,5,4179,広次修,59,40,6.88,5,0.21
2025-10-22,11,06,4,4096,石橋道友,76,20,6.89,4,0.19
2025-10-22,12,01,3,4224,大橋栄里佳,45,55,6.83,3,0.19
2025-10-22,12,02,1,4479,矢野真梨菜,14,34,6.86,1,0.20
2025-10-22,12,03,6,4525,真子奈津実,38,39,6.79,6,0.19
2025-10-22,12,04,2,3207,田村美和,61,75,6.93,2,0.22
2025-10-22,12,05,5,4464,山下友貴,19,78,6.87,5,0.29
2025-10-22,12,06,4,5387,戸田海咲音,48,48,6.78,4,0.21
2025-10-23,1,01,1,4515,藤田浩人,30,31,6.81,1,0.17
2025-10-23,1,02,4,4463,三苫晃幸,53,66,6.84,4,0.26
2025-10-23,1,03,3,3572,安田政彦,41,71,6.9,3,0.26
2025-10-23,1,04,2,4695,尾崎雄二,21,16,6.87,2,0.19
2025-10-23,1,05,5,3928,林恵祐,26,43,6.89,5,0.24
2025-10-23,1,06,6,4479,矢野真梨菜,14,34,6.87,6,0.29
2025-10-23,2,01,3,3284,渡邊伸太郎,68,36,6.93,3,0.16
2025-10-23,2,02,6,4939,宮之原輝紀,62,32,6.87,6,0.12
2025-10-23,2,03,4,4220,深川和仁,70,30,6.91,4,0.22
2025-10-23,2,04,5,4224,大橋栄里佳,45,55,6.91,5,0.12
2025-10-23,2,05,1,4615,板倉敦史,35,22,6.91,1,0.23
2025-10-23,2,06,2,5061,中村駿平,63,65,6.89,2,0.23
2025-10-23,3,01,2,3713,伊藤誠二,39,24,6.85,2,0.18
2025-10-23,3,02,1,5055,眞鳥章太,17,52,6.81,1,0.05
2025-10-23,3,03,3,4813,宮内直哉,65,23,6.83,3,0.07
2025-10-23,3,04,6,4697,國弘翔平,75,46,6.85,6,0.12
2025-10-23,3,F,4,4645,上村純一,58,72,6.83,4,F0.04
2025-10-23,3,F,5,4794,和田拓也,24,60,6.83,5,F0.04
2025-10-23,4,01,4,4261,岡祐臣,29,77,6.79,4,0.12
2025-10-23,4,02,1,4237,大峯豊,40,29,6.82,1,0.28
2025-10-23,4,03,6,4545,岡村慶太,49,15,6.74,6,0.11
2025-10-23,4,04,5,4034,西原明生,71,49,6.89,5,0.14
2025-10-23,4,05,2,5066,鈴木孝明,64,57,6.79,2,0.30
2025-10-23,4,06,3,3207,田村美和,61,75,6.85,3,0.26
2025-10-23,5,01,3,4030,森高一真,55,56,6.85,3,0.13
2025-10-23,5,02,1,4525,真子奈津実,38,39,6.74,1,0.21
2025-10-23,5,03,2,4728,山口亮,73,47,6.84,2,0.17
2025-10-23,5,04,6,5224,西岡顕心,18,12,6.79,6,0.14
2025-10-23,5,05,4,4842,山下昂大,43,70,6.83,4,0.11
2025-10-23,5,06,5,5387,戸田海咲音,48,48,6.77,5,0.14
2025-10-23,6,01,1,4424,松尾昂明,44,38,6.73,1,0.18
2025-10-23,6,02,3,3319,山崎義明,37,27,6.84,3,0.21
2025-10-23,6,03,5,4051,清水敦揮,69,62,6.85,5,0.23
2025-10-23,6,04,2,3708,岡部貴司,47,13,6.86,2,0.13
2025-10-23,6,05,4,5061,中村駿平,63,65,6.83,4,0.21
2025-10-23,6,06,6,4949,横田貴満,16,25,6.78,6,0.19
2025-10-23,7,01,1,4643,近江翔吾,72,63,6.82,1,0.22
2025-10-23,7,02,3,4409,坂元浩仁,54,73,6.9,3,0.21
2025-10-23,7,03,5,3850,小川知行,50,17,6.8,5,0.21
2025-10-23,7,04,6,4813,宮内直哉,65,23,6.81,6,0.28
2025-10-23,7,05,2,3868,尾形栄治,46,28,6.84,2,0.26
2025-10-23,7,06,4,5010,宇留田翔平,74,19,6.85,4,0.22
2025-10-23,8,01,1,4329,小松卓司,51,67,6.83,1,0.12
2025-10-23,8,02,6,4351,里岡右貴,20,68,6.8,6,0.09
2025-10-23,8,03,4,5066,鈴木孝明,64,57,6.87,4,0.11
2025-10-23,8,04,3,4179,広次修,59,40,6.83,3,0.12
2025-10-23,8,05,2,4464,山下友貴,19,78,6.85,2,0.23
2025-10-23,8,06,5,4220,深川和仁,70,30,6.85,5,0.21
2025-10-23,9,01,1,4939,宮之原輝紀,62,32,6.82,1,0.10
2025-10-23,9,02,4,4695,尾崎雄二,21,16,6.85,4,0.04
2025-10-23,9,03,2,4237,大峯豊,40,29,6.78,2,0.09
2025-10-23,9,04,5,4842,山下昂大,43,70,6.87,5,0.02
2025-10-23,9,05,6,5055,眞鳥章太,17,52,6.84,6,0.06
2025-10-23,9,06,3,4463,三苫晃幸,53,66,6.81,3,0.09
2025-10-23,10,01,1,4545,岡村慶太,49,15,6.79,1,0.16
2025-10-23,10,02,5,4030,森高一真,55,56,6.92,5,0.10
2025-10-23,10,03,4,4051,清水敦揮,69,62,6.92,4,0.12
2025-10-23,10,04,2,4224,大橋栄里佳,45,55,6.88,2,0.17
2025-10-23,10,05,6,4515,藤田浩人,30,31,6.83,6,0.12
2025-10-23,10,06,3,4645,上村純一,58,72,6.84,3,0.17
2025-10-23,11,01,1,5224,西岡顕心,18,12,6.83,1,0.12
2025-10-23,11,02,6,4424,松尾昂明,44,38,6.79,6,0.15
2025-10-23,11,03,3,4794,和田拓也,24,60,6.79,3,0.25
2025-10-23,11,04,2,4643,近江翔吾,72,63,6.86,2,0.18
2025-10-23,11,05,4,3572,安田政彦,41,71,6.93,4,0.17
2025-10-23,11,06,5,4261,岡祐臣,29,77,6.84,5,0.11
2025-10-23,12,01,1,4949,横田貴満,16,25,6.81,1,0.16
2025-10-23,12,02,4,4697,國弘翔平,75,46,6.84,4,0.15
2025-10-23,12,03,6,4728,山口亮,73,47,6.86,6,0.19
2025-10-23,12,04,5,5010,宇留田翔平,74,19,6.88,5,0.13
2025-10-23,12,05,2,4034,西原明生,71,49,6.87,2,0.28
2025-10-23,12,06,3,4615,板倉敦史,35,22,6.91,3,0.23
2025-10-24,1,01,1,4813,宮内直哉,65,23,6.81,1,0.11
2025-10-24,1,02,2,5055,眞鳥章太,17,52,6.89,2,0.15
2025-10-24,1,03,3,3319,山崎義明,37,27,6.91,3,0.11
2025-10-24,1,04,4,4034,西原明生,71,49,6.92,4,0.13
2025-10-24,1,05,5,3713,伊藤誠二,39,24,6.92,5,0.14
2025-10-24,1,06,6,4329,小松卓司,51,67,6.9,6,0.19
2025-10-24,2,01,5,3868,尾形栄治,46,28,6.84,5,0.23
2025-10-24,2,02,3,4224,大橋栄里佳,45,74,6.83,3,0.19
2025-10-24,2,03,6,5387,戸田海咲音,48,48,6.79,6,0.22
2025-10-24,2,04,2,4179,広次修,59,40,6.82,2,0.22
2025-10-24,2,05,4,3708,岡部貴司,47,13,6.88,4,0.15
2025-10-24,2,06,1,4697,國弘翔平,75,46,6.82,1,0.23
2025-10-24,3,01,1,3572,安田政彦,41,71,6.84,1,0.14
2025-10-24,3,02,2,4525,真子奈津実,38,39,6.76,2,0.08
2025-10-24,3,03,6,5066,鈴木孝明,64,57,6.85,6,0.14
2025-10-24,3,04,4,3284,渡邊伸太郎,68,36,6.85,4,0.17
2025-10-24,3,05,3,3928,林恵祐,26,43,6.84,3,0.18
2025-10-24,3,06,5,3207,田村美和,61,75,6.89,5,0.18
2025-10-24,4,01,4,4051,清水敦揮,69,62,6.9,4,0.21
2025-10-24,4,02,1,4728,山口亮,73,47,6.91,1,0.24
2025-10-24,4,03,6,4615,板倉敦史,35,22,6.94,6,0.13
2025-10-24,4,04,5,4464,山下友貴,19,78,6.86,5,0.24
2025-10-24,4,05,3,5061,中村駿平,63,65,6.85,3,0.21
2025-10-24,4,06,2,4220,深川和仁,70,30,6.85,2,0.27
2025-10-24,5,01,1,4351,里岡右貴,20,68,6.81,1,0.11
2025-10-24,5,02,5,4643,近江翔吾,72,63,6.85,5,0.13
2025-10-24,5,03,3,3713,伊藤誠二,39,24,6.87,3,0.11
2025-10-24,5,04,2,3850,小川知行,50,17,6.86,2,0.11
2025-10-24,5,05,4,4479,矢野真梨菜,14,34,6.84,4,0.22
2025-10-24,5,06,6,4409,坂元浩仁,54,73,6.9,6,0.14
2025-10-24,6,01,1,4463,三苫晃幸,53,66,6.78,1,0.17
2025-10-24,6,02,2,4949,横田貴満,16,25,6.83,2,0.18
2025-10-24,6,03,6,4237,大峯豊,40,29,6.86,6,0.19
2025-10-24,6,04,3,3868,尾形栄治,46,28,6.86,3,0.16
2025-10-24,6,05,4,4329,小松卓司,51,67,6.86,4,0.16
2025-10-24,6,06,5,5387,戸田海咲音,48,48,6.79,5,0.19
2025-10-24,7,01,1,4261,岡祐臣,29,77,6.8,1,0.09
2025-10-24,7,02,4,4515,藤田浩人,30,31,6.77,4,0.14
2025-10-24,7,03,3,4034,西原明生,71,49,6.88,3,0.12
2025-10-24,7,04,2,3928,林恵祐,26,43,6.88,2,0.12
2025-10-24,7,05,5,3708,岡部貴司,47,13,6.88,5,0.14
2025-10-24,7,06,6,4645,上村純一,58,72,6.83,6,0.14
2025-10-24,8,01,1,4842,山下昂大,43,70,6.81,1,0.08
2025-10-24,8,02,2,4464,山下友貴,19,78,6.84,2,0.13
2025-10-24,8,03,6,4794,和田拓也,24,60,6.74,6,0.01
2025-10-24,8,04,4,4813,宮内直哉,65,23,6.82,4,0.06
2025-10-24,8,05,5,4525,真子奈津実,38,39,6.81,5,0.01
2025-10-24,8,06,3,4697,國弘翔平,75,46,6.86,3,0.08
2025-10-24,9,01,1,4409,坂元浩仁,54,73,6.85,1,0.17
2025-10-24,9,02,3,5066,鈴木孝明,64,57,6.84,3,0.16
2025-10-24,9,03,5,4179,広次修,59,40,6.84,5,0.14
2025-10-24,9,04,4,3319,山崎義明,37,27,6.83,4,0.18
2025-10-24,9,05,2,5010,宇留田翔平,74,19,6.85,2,0.21
2025-10-24,9,06,6,5061,中村駿平,63,65,6.82,6,0.20
2025-10-24,10,01,4,5055,眞鳥章太,17,52,6.83,4,0.04
2025-10-24,10,02,6,4351,里岡右貴,20,68,6.8,6,0.09
2025-10-24,10,03,1,4051,清水敦揮,69,62,6.86,1,0.21
2025-10-24,10,04,2,4224,大橋栄里佳,45,74,6.81,2,0.23
2025-10-24,10,S0,3,3572,安田政彦,41,71,6.93,3,0.13
2025-10-24,10,S2,5,4949,横田貴満,16,25,6.83,5,0.06
2025-10-24,11,01,1,4237,大峯豊,40,29,6.74,1,0.20
2025-10-24,11,02,3,4842,山下昂大,43,70,6.86,3,0.16
2025-10-24,11,03,5,4261,岡祐臣,29,77,6.8,5,0.22
2025-10-24,11,04,2,4643,近江翔吾,72,63,6.84,2,0.17
2025-10-24,11,05,4,4463,三苫晃幸,53,66,6.81,4,0.21
2025-10-24,11,06,6,4728,山口亮,73,47,6.85,6,0.27
2025-10-24,12,01,3,4939,宮之原輝紀,62,32,6.77,3,0.12
2025-10-24,12,02,1,5224,西岡顕心,18,12,6.76,1,0.06
2025-10-24,12,03,2,4545,岡村慶太,49,15,6.77,2,0.14
2025-10-24,12,04,4,4695,尾崎雄二,21,16,6.79,4,0.15
2025-10-24,12,05,6,4424,松尾昂明,44,38,6.74,6,0.12
2025-10-24,12,06,5,4030,森高一真,55,56,6.86,5,0.14
2025-10-26,1,01,1,4004,山本浩輔,44,73,6.78,1,0.24
2025-10-26,1,02,5,3730,塩崎優司,53,68,6.8,5,0.15
2025-10-26,1,03,6,3843,上之晃弘,49,65,6.81,6,0.17
2025-10-26,1,04,2,3741,松尾基成,66,39,6.84,2,0.23
2025-10-26,1,05,3,3448,高山秀雄,19,23,6.87,3,0.22
2025-10-26,1,06,4,3852,澤大介,32,60,6.87,4,0.22
2025-10-26,2,01,1,3282,池本輝明,15,43,6.81,1,0.16
2025-10-26,2,02,2,3944,山口裕二,52,29,6.8,2,0.14
2025-10-26,2,03,3,3656,伯母芳恒,35,36,6.84,3,0.16
2025-10-26,2,04,4,3880,浅見宗孝,26,25,6.84,4,0.28
2025-10-26,2,05,5,3703,鳥飼眞,55,48,6.81,5,0.28
2025-10-26,2,06,6,3796,長野道臣,18,20,6.82,6,0.30
2025-10-26,3,01,1,3454,井川大作,57,22,6.85,1,0.09
2025-10-26,3,02,2,3809,吉田光,39,70,6.86,2,0.12
2025-10-26,3,03,5,4100,松田隆司,59,56,6.86,6,0.18
2025-10-26,3,04,4,3621,天野晶夫,36,18,6.78,4,0.21
2025-10-26,3,05,3,3983,須藤博倫,75,74,6.86,3,0.14
2025-10-26,3,06,6,4047,吉永浩則,67,28,6.88,5,0.18
2025-10-26,4,01,2,3788,一宮稔弘,11,77,6.78,5,0.09
2025-10-26,4,02,1,3933,山地正樹,22,14,6.79,1,0.13
2025-10-26,4,03,4,3473,石川真二,64,31,6.88,2,0.11
2025-10-26,4,04,5,3554,仲口博崇,69,30,6.83,3,0.15
2025-10-26,4,05,6,3920,正木聖賢,70,67,6.8,4,0.19
2025-10-26,4,06,3,4104,木下陽介,68,71,6.85,6,0.13
2025-10-26,5,01,4,3848,川上聡介,37,78,6.85,5,0.04
2025-10-26,5,02,3,4012,中村有裕,12,13,6.88,4,0.02
2025-10-26,5,03,5,3714,梶原正,25,47,6.82,6,0.14
2025-10-26,5,04,6,3612,馬袋義則,74,15,6.81,3,0.09
2025-10-26,5,05,1,4077,品田直樹,13,66,6.76,1,0.11
2025-10-26,5,06,2,4036,金田諭,31,12,6.8,2,0.14
2025-10-26,6,01,3,3822,平尾崇典,43,63,6.73,3,0.21
2025-10-26,6,02,1,3514,山一鉄也,28,27,6.77,1,0.23
2025-10-26,6,03,5,4007,榮田将彦,48,34,6.78,5,0.22
2025-10-26,6,04,6,3499,市川哲也,71,37,6.87,6,0.23
2025-10-26,6,05,2,3730,塩崎優司,53,68,6.84,2,0.28
2025-10-26,6,06,4,3587,武田信一,27,24,6.84,4,0.38
2025-10-26,7,01,1,3582,吉川昭男,23,75,6.78,1,0.08
2025-10-26,7,02,2,3527,中嶋誠一郎,56,38,6.84,2,0.08
2025-10-26,7,03,4,4084,杉山正樹,33,72,6.77,4,0.18
2025-10-26,7,04,3,3796,長野道臣,18,20,6.86,3,0.08
2025-10-26,7,05,6,3997,北村征嗣,47,19,6.82,6,0.21
2025-10-26,7,06,5,3741,松尾基成,66,39,6.84,5,0.24
2025-10-26,8,01,1,3880,浅見宗孝,26,25,6.83,1,0.10
2025-10-26,8,02,3,4066,東本勝利,65,17,6.8,3,0.15
2025-10-26,8,03,5,3809,吉田光,39,70,6.91,5,0.16
2025-10-26,8,04,2,3615,横田茂,41,52,6.87,2,0.15
2025-10-26,8,05,4,3777,樋口亮,73,57,6.88,4,0.16
2025-10-26,8,06,6,3448,高山秀雄,19,23,6.89,6,0.11
2025-10-26,9,01,1,3703,鳥飼眞,55,48,6.8,1,0.21
2025-10-26,9,02,3,3454,井川大作,57,22,6.85,3,0.12
2025-10-26,9,03,2,4002,古結宏,60,49,6.85,2,0.17
2025-10-26,9,04,5,3686,鳥居塚孝博,40,46,6.85,5,0.17
2025-10-26,9,05,4,4104,木下陽介,68,71,6.85,4,0.25
2025-10-26,9,06,6,3852,澤大介,32,60,6.84,6,0.23
2025-10-26,10,01,1,3412,鈴木博,21,62,6.8,1,0.17
2025-10-26,10,02,2,3920,正木聖賢,70,67,6.79,2,0.17
2025-10-26,10,03,5,3333,丸尾義孝,34,16,6.83,5,0.19
2025-10-26,10,04,4,3843,上之晃弘,49,65,6.86,4,0.22
2025-10-26,10,S2,3,4076,杉田篤光,63,32,6.82,3,0.22
2025-10-26,10,S0,6,3848,川上聡介,37,78,6.91,6,0.22
2025-10-26,11,01,1,3473,石川真二,64,31,6.87,1,0.11
2025-10-26,11,02,2,3499,市川哲也,71,37,6.84,2,0.13
2025-10-26,11,03,3,4004,山本浩輔,44,73,6.77,3,0.12
2025-10-26,11,04,4,4036,金田諭,31,12,6.84,4,0.08
2025-10-26,11,05,6,3621,天野晶夫,36,18,6.81,6,0.12
2025-10-26,11,06,5,3656,伯母芳恒,35,36,6.86,5,0.11
2025-10-26,12,01,1,3822,平尾崇典,43,63,6.72,1,0.19
2025-10-26,12,02,6,4084,杉山正樹,33,72,6.78,6,0.18
2025-10-26,12,03,4,3983,須藤博倫,75,74,6.79,5,0.19
2025-10-26,12,04,2,3554,仲口博崇,69,30,6.83,2,0.17
2025-10-26,12,05,5,3944,山口裕二,52,29,6.85,4,0.21
2025-10-26,12,06,3,3612,馬袋義則,74,15,6.8,3,0.17
2025-10-27,1,01,3,3615,横田茂,41,52,6.87,3,0.02
2025-10-27,1,02,1,3527,中嶋誠一郎,56,38,6.89,1,0.07
2025-10-27,1,03,5,4047,吉永浩則,67,28,6.92,5,0.04
2025-10-27,1,04,6,3587,武田信一,27,24,6.92,6,0.04
2025-10-27,1,05,2,4104,木下陽介,68,71,6.85,2,0.07
2025-10-27,1,F,4,4007,榮田将彦,48,34,6.79,4,F0.01
2025-10-27,2,01,1,3788,一宮稔弘,11,77,6.78,1,0.10
2025-10-27,2,02,5,3514,山一鉄也,28,27,6.79,5,0.10
2025-10-27,2,03,3,3843,上之晃弘,49,65,6.87,3,0.20
2025-10-27,2,04,4,4002,古結宏,60,49,6.83,4,0.15
2025-10-27,2,05,6,3686,鳥居塚孝博,40,76,6.82,6,0.10
2025-10-27,2,06,2,3282,池本輝明,15,43,6.81,2,0.15
2025-10-27,3,01,1,3714,梶原正,25,47,6.83,1,0.09
2025-10-27,3,02,3,3554,仲口博崇,69,30,6.85,3,0.12
2025-10-27,3,03,4,3454,井川大作,57,22,6.89,5,0.13
2025-10-27,3,04,6,4077,品田直樹,13,66,6.78,6,0.15
2025-10-27,3,05,5,3582,吉川昭男,23,75,6.81,4,0.10
2025-10-27,3,06,2,3880,浅見宗孝,26,25,6.87,2,0.10
2025-10-27,4,01,1,4100,松田隆司,59,56,6.91,1,0.21
2025-10-27,4,02,2,3621,天野晶夫,36,18,6.83,2,0.19
2025-10-27,4,03,4,3933,山地正樹,22,14,6.79,4,0.15
2025-10-27,4,04,5,3983,須藤博倫,75,74,6.87,5,0.15
2025-10-27,4,05,6,4004,山本浩輔,44,73,6.81,6,0.14
2025-10-27,4,06,3,3730,塩崎優司,53,68,6.94,3,0.34
2025-10-27,5,01,1,3741,松尾基成,66,39,6.83,1,0.14
2025-10-27,5,02,4,3997,北村征嗣,47,19,6.8,4,0.16
2025-10-27,5,03,3,3333,丸尾義孝,34,16,6.78,3,0.16
2025-10-27,5,04,5,3412,鈴木博,21,62,6.82,5,0.14
2025-10-27,5,05,2,3852,澤大介,32,60,6.83,2,0.16
2025-10-27,5,06,6,3809,吉田光,39,70,6.86,6,0.17
2025-10-27,6,01,4,4066,東本勝利,65,17,6.86,5,0.11
2025-10-27,6,02,1,3796,長野道臣,18,20,6.82,1,0.22
2025-10-27,6,03,2,3612,馬袋義則,74,15,6.86,2,0.21
2025-10-27,6,04,5,3920,正木聖賢,70,67,6.89,3,0.18
2025-10-27,6,05,6,4012,中村有裕,12,13,6.93,6,0.09
2025-10-27,6,06,3,4047,吉永浩則,67,28,6.93,4,0.16
2025-10-27,7,01,5,3454,井川大作,57,22,6.95,5,0.14
2025-10-27,7,02,2,3656,伯母芳恒,35,36,6.87,2,0.19
2025-10-27,7,03,6,4002,古結宏,60,49,6.87,6,0.13
2025-10-27,7,04,3,3703,鳥飼眞,55,48,6.92,3,0.49
2025-10-27,7,05,4,3615,横田茂,41,52,6.92,4,0.12
2025-10-27,7,06,1,3777,樋口亮,73,57,6.86,1,0.21
2025-10-27,8,01,3,3473,石川真二,64,31,6.92,2,0.07
2025-10-27,8,02,2,3448,高山秀雄,19,23,6.91,3,0.09
2025-10-27,8,03,4,4077,品田直樹,13,66,6.8,4,0.19
2025-10-27,8,04,5,3788,一宮稔弘,11,77,6.89,5,0.10
2025-10-27,8,05,6,3944,山口裕二,52,29,6.86,6,0.12
2025-10-27,8,06,1,4007,榮田将彦,48,34,6.83,1,0.26
2025-10-27,9,01,1,3499,市川哲也,71,37,6.9,1,0.10
2025-10-27,9,02,2,4084,杉山正樹,33,72,6.79,2,0.19
2025-10-27,9,03,3,3933,山地正樹,22,14,6.79,3,0.12
2025-10-27,9,04,4,3714,梶原正,25,47,6.91,4,0.17
2025-10-27,9,05,6,4036,金田諭,31,12,6.83,6,0.16
2025-10-27,9,06,5,4104,木下陽介,68,71,6.85,5,0.13
2025-10-27,10,01,1,3997,北村征嗣,47,19,6.75,1,0.18
2025-10-27,10,02,4,4100,松田隆司,59,56,6.83,4,0.16
2025-10-27,10,03,3,3621,天野晶夫,36,18,6.76,3,0.30
2025-10-27,10,04,6,3282,池本輝明,15,43,6.8,6,0.29
2025-10-27,10,05,2,3587,武田信一,27,24,6.84,2,0.18
2025-10-27,10,S1,5,3822,平尾崇典,43,63,6.73,5,0.15
2025-10-27,11,01,1,3554,仲口博崇,69,30,6.77,1,0.02
2025-10-27,11,02,3,3412,鈴木博,21,62,6.74,3,0.05
2025-10-27,11,03,4,4012,中村有裕,12,13,6.88,4,0.08
2025-10-27,11,04,2,3686,鳥居塚孝博,40,76,6.72,2,0.04
2025-10-27,11,05,5,3527,中嶋誠一郎,56,38,6.77,5,0.13
2025-10-27,11,06,6,3730,塩崎優司,53,68,6.79,6,0.18
2025-10-27,12,01,1,3983,須藤博倫,75,74,6.73,1,0.16
2025-10-27,12,02,2,3582,吉川昭男,23,75,6.77,2,0.07
2025-10-27,12,03,4,3333,丸尾義孝,34,16,6.77,4,0.08
2025-10-27,12,04,5,3777,樋口亮,73,57,6.76,5,0.12
2025-10-27,12,05,3,3514,山一鉄也,28,27,6.72,3,0.13
2025-10-27,12,06,6,4066,東本勝利,65,17,6.73,6,0.10
2025-10-28,1,01,1,3843,上之晃弘,49,65,6.78,1,0.16
2025-10-28,1,02,2,4047,吉永浩則,67,28,6.85,2,0.20
2025-10-28,1,03,5,3796,長野道臣,18,20,6.76,5,0.20
2025-10-28,1,04,4,3448,高山秀雄,19,23,6.84,4,0.20
2025-10-28,1,05,6,3656,伯母芳恒,35,36,6.78,6,0.19
2025-10-28,1,06,3,3880,浅見宗孝,26,25,6.82,3,0.39
2025-10-28,2,01,1,4036,金田諭,31,12,6.73,1,0.11
2025-10-28,2,02,2,3514,山一鉄也,28,27,6.71,3,0.15
2025-10-28,2,03,4,4004,山本浩輔,44,73,6.75,5,0.18
2025-10-28,2,04,5,3473,石川真二,64,31,6.79,2,0.13
2025-10-28,2,05,6,3983,須藤博倫,75,74,6.83,6,0.21
2025-10-28,2,06,3,3852,澤大介,32,60,6.78,4,0.20
2025-10-28,3,01,2,3788,一宮稔弘,11,77,6.76,2,0.04
2025-10-28,3,02,3,3920,正木聖賢,70,67,6.74,3,0.06
2025-10-28,3,03,5,4066,東本勝利,65,17,6.71,5,0.11
2025-10-28,3,04,4,3741,松尾基成,66,39,6.75,4,0.10
2025-10-28,3,05,6,3822,平尾崇典,43,63,6.67,6,0.14
2025-10-28,3,06,1,4104,木下陽介,68,71,6.71,1,0.20
2025-10-28,4,01,1,3730,塩崎優司,53,68,6.74,1,0.04
2025-10-28,4,02,3,3944,山口裕二,52,29,6.74,3,0.05
2025-10-28,4,03,4,3499,市川哲也,71,37,6.76,4,0.08
2025-10-28,4,04,6,3615,横田茂,41,52,6.77,6,0.11
2025-10-28,4,05,2,3714,梶原正,25,47,6.75,2,0.06
2025-10-28,4,06,5,3621,天野晶夫,36,18,6.71,5,0.02
2025-10-28,5,01,2,4012,中村有裕,12,13,6.8,3,0.12
2025-10-28,5,02,3,4100,松田隆司,59,56,6.78,4,0.15
2025-10-28,5,03,4,4084,杉山正樹,33,72,6.68,5,0.18
2025-10-28,5,04,5,3282,池本輝明,15,43,6.76,6,0.25
2025-10-28,5,05,6,3933,山地正樹,22,14,6.7,2,0.27
2025-10-28,5,06,1,3809,吉田光,39,70,6.76,1,0.27
2025-10-28,6,01,4,3612,馬袋義則,74,15,6.69,4,0.13
2025-10-28,6,02,5,3587,武田信一,27,24,6.77,5,0.17
2025-10-28,6,03,3,4077,品田直樹,13,66,6.68,3,0.21
2025-10-28,6,04,2,3703,鳥飼眞,55,48,6.74,2,0.20
2025-10-28,6,05,6,3527,中嶋誠一郎,56,38,6.73,6,0.21
2025-10-28,6,06,1,3448,高山秀雄,19,23,6.73,1,0.32
2025-10-28,7,01,1,3333,丸尾義孝,34,16,6.65,1,0.10
2025-10-28,7,02,3,3983,須藤博倫,75,74,6.77,3,0.04
2025-10-28,7,03,2,3686,鳥居塚孝博,40,76,6.7,2,0.07
2025-10-28,7,04,4,4104,木下陽介,68,71,6.74,4,0.00
2025-10-28,7,05,6,4007,榮田将彦,48,34,6.7,6,0.15
2025-10-28,7,06,5,3880,浅見宗孝,26,25,6.76,5,0.13
2025-10-28,8,01,3,3777,樋口亮,73,57,6.75,3,0.18
2025-10-28,8,02,1,3920,正木聖賢,70,67,6.7,1,0.18
2025-10-28,8,03,2,3412,鈴木博,21,62,6.72,2,0.21
2025-10-28,8,04,5,3852,澤大介,32,60,6.74,6,0.18
2025-10-28,8,05,6,3554,仲口博崇,69,30,6.77,4,0.18
2025-10-28,8,06,4,4047,吉永浩則,67,28,6.79,5,0.17
2025-10-28,9,01,1,3621,天野晶夫,36,18,6.69,1,0.27
2025-10-28,9,02,3,3997,北村征嗣,47,19,6.68,3,0.19
2025-10-28,9,03,4,3656,伯母芳恒,35,36,6.69,4,0.19
2025-10-28,9,04,2,3454,井川大作,57,22,6.78,2,0.24
2025-10-28,9,05,5,4084,杉山正樹,33,72,6.69,5,0.15
2025-10-28,9,06,6,3741,松尾基成,66,39,6.77,6,0.24
2025-10-28,10,01,1,4002,古結宏,60,49,6.73,1,0.11
2025-10-28,10,02,6,3582,吉川昭男,23,75,6.72,3,0.10
2025-10-28,10,03,5,3822,平尾崇典,43,63,6.67,2,0.19
2025-10-28,10,04,2,4004,山本浩輔,44,73,6.68,5,0.19
2025-10-28,10,05,3,3730,塩崎優司,53,68,6.75,4,0.13
2025-10-28,10,06,4,3796,長野道臣,18,20,6.76,6,0.15
2025-10-28,11,01,1,3944,山口裕二,52,29,6.71,1,0.23
2025-10-28,11,02,2,4066,東本勝利,65,17,6.71,2,0.19
2025-10-28,11,03,3,4036,金田諭,31,12,6.72,3,0.19
2025-10-28,11,04,4,3809,吉田光,39,70,6.76,4,0.18
2025-10-28,11,05,5,3843,上之晃弘,49,65,6.73,5,0.21
2025-10-28,11,06,6,3703,鳥飼眞,55,48,6.72,6,0.24
2025-10-28,12,01,4,4100,松田隆司,59,56,6.76,4,0.12
2025-10-28,12,02,6,3788,一宮稔弘,11,77,6.76,6,0.10
2025-10-28,12,03,5,3499,市川哲也,71,37,6.79,5,0.13
2025-10-28,12,04,1,3612,馬袋義則,74,15,6.73,1,0.20
2025-10-28,12,05,3,3686,鳥居塚孝博,40,76,6.78,3,0.10
2025-10-28,12,06,2,3473,石川真二,64,31,6.85,2,0.25
2025-10-29,1,01,5,3933,山地正樹,22,14,6.78,2,0.19
2025-10-29,1,02,3,3714,梶原正,25,47,6.84,4,0.19
2025-10-29,1,03,1,3656,伯母芳恒,35,36,6.82,1,0.20
2025-10-29,1,04,6,3514,山一鉄也,28,27,6.79,6,0.30
2025-10-29,1,05,2,3527,中嶋誠一郎,56,38,6.88,3,0.29
2025-10-29,1,06,4,4004,山本浩輔,44,73,6.76,5,0.24
2025-10-29,2,01,1,4047,吉永浩則,67,28,6.89,1,0.09
2025-10-29,2,02,2,3777,樋口亮,73,57,6.82,3,0.16
2025-10-29,2,03,6,3473,石川真二,64,31,6.85,2,0.11
2025-10-29,2,04,3,4002,古結宏,60,49,6.86,4,0.29
2025-10-29,2,05,5,4077,品田直樹,13,66,6.73,6,0.28
2025-10-29,2,06,4,3282,池本輝明,15,43,6.88,5,0.29
2025-10-29,3,01,2,4084,杉山正樹,33,72,6.8,2,0.08
2025-10-29,3,02,1,3686,鳥居塚孝博,40,76,6.81,1,0.08
2025-10-29,3,03,4,3788,一宮稔弘,11,77,6.84,4,0.06
2025-10-29,3,04,3,3809,吉田光,39,70,6.89,3,0.11
2025-10-29,3,05,6,3412,鈴木博,21,62,6.79,6,0.09
2025-10-29,3,06,5,3615,横田茂,41,52,6.88,5,0.08
2025-10-29,4,01,4,3920,正木聖賢,70,67,6.78,4,0.12
2025-10-29,4,02,6,3944,山口裕二,52,29,6.84,6,0.14
2025-10-29,4,03,3,3582,吉川昭男,23,75,6.8,3,0.12
2025-10-29,4,04,2,4100,松田隆司,59,56,6.91,2,0.14
2025-10-29,4,05,1,3587,武田信一,27,24,6.89,1,0.08
2025-10-29,4,06,5,3448,高山秀雄,19,23,6.95,5,0.18
2025-10-29,5,01,1,3852,澤大介,32,60,6.81,1,0.14
2025-10-29,5,02,4,3612,馬袋義則,74,15,6.86,4,0.10
2025-10-29,5,03,2,3843,上之晃弘,49,65,6.88,2,0.11
2025-10-29,5,04,6,3333,丸尾義孝,34,16,6.82,6,0.14
2025-10-29,5,05,5,4036,金田諭,31,12,6.83,5,0.13
2025-10-29,5,06,3,3741,松尾基成,66,39,6.85,3,0.11
2025-10-29,6,01,5,3997,北村征嗣,47,19,6.8,5,0.13
2025-10-29,6,02,2,3796,長野道臣,18,20,6.76,2,0.14
2025-10-29,6,03,1,4012,中村有裕,12,13,6.84,1,0.17
2025-10-29,6,04,3,3499,市川哲也,71,37,6.85,3,0.13
2025-10-29,6,05,6,3880,浅見宗孝,26,25,6.87,6,0.16
2025-10-29,6,06,4,3527,中嶋誠一郎,56,38,6.86,4,0.12
2025-10-29,7,01,2,4077,品田直樹,13,66,6.66,2,0.13
2025-10-29,7,02,3,3554,仲口博崇,69,30,6.78,3,0.17
2025-10-29,7,03,1,4066,東本勝利,65,17,6.74,1,0.11
2025-10-29,7,04,4,3514,山一鉄也,28,27,6.76,4,0.16
2025-10-29,7,05,6,4007,榮田将彦,48,34,6.74,6,0.15
2025-10-29,7,06,5,3788,一宮稔弘,11,77,6.74,5,0.11
2025-10-29,8,01,1,3615,横田茂,41,52,6.79,1,0.08
2025-10-29,8,02,4,3730,塩崎優司,53,68,6.8,4,0.13
2025-10-29,8,03,5,3777,樋口亮,73,57,6.8,5,0.17
2025-10-29,8,04,2,3983,須藤博倫,75,74,6.84,2,0.12
2025-10-29,8,05,3,3587,武田信一,27,24,6.84,3,0.12
2025-10-29,8,06,6,4104,木下陽介,68,71,6.78,6,0.26
2025-10-29,9,01,1,3944,山口裕二,52,29,6.76,1,0.15
2025-10-29,9,02,3,3282,池本輝明,15,43,6.81,3,0.17
2025-10-29,9,03,5,3686,鳥居塚孝博,40,76,6.74,5,0.18
2025-10-29,9,04,2,3933,山地正樹,22,14,6.74,2,0.16
2025-10-29,9,05,6,3454,井川大作,57,22,6.83,6,0.28
2025-10-29,9,06,4,3703,鳥飼眞,55,48,6.79,4,0.19
2025-10-29,10,01,1,3822,平尾崇典,43,63,6.71,1,0.13
2025-10-29,10,02,4,3412,鈴木博,21,62,6.75,4,0.20
2025-10-29,10,03,3,3621,天野晶夫,36,18,6.77,3,0.17
2025-10-29,10,04,6,4100,松田隆司,59,56,6.81,6,0.22
2025-10-29,10,05,5,4012,中村有裕,12,13,6.85,5,0.20
2025-10-29,10,06,2,3333,丸尾義孝,34,16,6.78,2,0.17
2025-10-29,11,01,1,4084,杉山正樹,33,72,6.73,1,0.13
2025-10-29,11,02,5,4002,古結宏,60,49,6.79,5,0.18
2025-10-29,11,03,3,4036,金田諭,31,12,6.82,3,0.15
2025-10-29,11,04,6,3714,梶原正,25,47,6.8,6,0.33
2025-10-29,11,05,2,3997,北村征嗣,47,19,6.77,2,0.16
2025-10-29,11,06,4,3582,吉川昭男,23,75,6.8,4,0.16
2025-10-29,12,01,1,3554,仲口博崇,69,30,6.78,1,0.16
2025-10-29,12,02,3,3880,浅見宗孝,26,25,6.86,3,0.20
2025-10-29,12,03,6,4066,東本勝利,65,17,6.75,6,0.17
2025-10-29,12,04,4,3741,松尾基成,66,39,6.84,4,0.16
2025-10-29,12,05,5,4004,山本浩輔,44,73,6.79,5,0.21
2025-10-29,12,06,2,3448,高山秀雄,19,23,6.8,2,0.18
2025-10-30,1,01,4,3686,鳥居塚孝博,40,76,6.79,4,0.12
2025-10-30,1,02,2,4077,品田直樹,13,61,6.83,2,0.15
2025-10-30,1,03,5,3983,須藤博倫,75,74,6.87,5,0.34
2025-10-30,1,04,1,3843,上之晃弘,49,65,6.86,1,0.17
2025-10-30,1,05,3,3499,市川哲也,71,37,6.85,3,0.18
2025-10-30,1,06,6,4100,松田隆司,59,56,6.86,6,0.34
2025-10-30,2,01,4,3333,丸尾義孝,34,16,6.82,4,0.11
2025-10-30,2,02,1,3933,山地正樹,22,14,6.81,1,0.14
2025-10-30,2,03,2,3777,樋口亮,73,57,6.86,2,0.15
2025-10-30,2,04,3,3615,横田茂,41,52,6.88,3,0.13
2025-10-30,2,05,5,3527,中嶋誠一郎,56,38,6.84,5,0.15
2025-10-30,2,06,6,4084,杉山正樹,33,72,6.79,6,0.15
2025-10-30,3,01,1,3714,梶原正,25,47,6.86,1,0.18
2025-10-30,3,02,5,3852,澤大介,32,60,6.88,6,0.18
2025-10-30,3,03,4,3920,正木聖賢,70,67,6.82,4,0.20
2025-10-30,3,04,3,3703,鳥飼眞,55,48,6.86,3,0.19
2025-10-30,3,05,2,4012,中村有裕,12,13,6.91,2,0.28
2025-10-30,3,06,6,3554,仲口博崇,69,30,6.83,5,0.15
2025-10-30,4,01,1,3788,一宮稔弘,11,77,6.78,1,0.09
2025-10-30,4,02,3,4002,古結宏,60,49,6.85,4,0.14
2025-10-30,4,03,4,3473,石川真二,64,31,6.91,2,0.14
2025-10-30,4,04,5,3730,塩崎優司,53,68,6.86,5,0.13
2025-10-30,4,05,2,4004,山本浩輔,44,73,6.8,3,0.18
2025-10-30,4,06,6,4104,木下陽介,68,71,6.84,6,0.21
2025-10-30,5,01,2,3822,平尾崇典,43,63,6.78,2,0.08
2025-10-30,5,02,1,3412,鈴木博,21,62,6.82,1,0.02
2025-10-30,5,03,5,3796,長野道臣,18,20,6.78,6,0.16
2025-10-30,5,04,4,3454,井川大作,57,22,6.89,4,0.10
2025-10-30,5,05,6,3612,馬袋義則,74,15,6.85,5,0.09
2025-10-30,5,06,3,3587,武田信一,27,24,6.88,3,0.06
2025-10-30,6,01,1,4066,東本勝利,65,17,6.79,1,0.19
2025-10-30,6,02,3,3656,伯母芳恒,35,36,6.87,3,0.19
2025-10-30,6,03,5,3448,高山秀雄,19,23,6.86,5,0.26
2025-10-30,6,04,6,3944,山口裕二,52,29,6.81,6,0.26
2025-10-30,6,05,4,4036,金田諭,31,12,6.86,4,0.23
2025-10-30,6,06,2,4047,吉永浩則,67,28,6.92,2,0.26
2025-10-30,7,01,2,3997,北村征嗣,47,19,6.84,2,0.10
2025-10-30,7,02,1,3582,吉川昭男,23,75,6.84,1,0.09
2025-10-30,7,03,4,3880,浅見宗孝,26,25,6.91,4,0.20
2025-10-30,7,04,3,3333,丸尾義孝,34,16,6.8,3,0.12
2025-10-30,7,05,5,3809,吉田光,39,70,6.84,5,0.16
2025-10-30,7,06,6,4007,榮田将彦,48,34,6.83,6,0.22
2025-10-30,8,01,1,3621,天野晶夫,36,18,6.8,1,0.11
2025-10-30,8,02,3,3514,山一鉄也,28,27,6.79,3,0.19
2025-10-30,8,03,4,3282,池本輝明,15,43,6.85,4,0.20
2025-10-30,8,04,2,3983,須藤博倫,75,74,6.85,2,0.20
2025-10-30,8,05,6,3777,樋口亮,73,57,6.86,6,0.24
2025-10-30,8,06,5,3741,松尾基成,66,39,6.87,5,0.24
2025-10-30,9,01,3,3920,正木聖賢,70,58,6.78,1,0.07
2025-10-30,9,02,2,3788,一宮稔弘,11,77,6.81,5,0.07
2025-10-30,9,03,6,3933,山地正樹,22,14,6.81,3,0.17
2025-10-30,9,04,1,4100,松田隆司,59,56,6.85,4,0.13
2025-10-30,9,05,4,3412,鈴木博,21,62,6.82,6,0.11
2025-10-30,9,06,5,4012,中村有裕,12,13,6.91,2,0.29
2025-10-30,10,01,4,3499,市川哲也,71,37,6.91,4,0.08
2025-10-30,10,02,1,4084,杉山正樹,33,72,6.81,1,0.18
2025-10-30,10,03,5,3822,平尾崇典,43,63,6.75,5,0.10
2025-10-30,10,04,6,3714,梶原正,25,47,6.86,6,0.23
2025-10-30,10,05,2,4066,東本勝利,65,17,6.84,3,0.16
2025-10-30,10,06,3,3473,石川真二,64,31,6.88,2,0.15
2025-10-30,11,01,1,3944,山口裕二,52,29,6.77,1,0.07
2025-10-30,11,02,5,3582,吉川昭男,23,75,6.89,3,0.12
2025-10-30,11,03,3,3454,井川大作,57,22,6.83,4,0.11
2025-10-30,11,04,4,4002,古結宏,60,49,6.81,5,0.13
2025-10-30,11,05,6,3843,上之晃弘,49,65,6.86,6,0.11
2025-10-30,11,06,2,3554,仲口博崇,69,30,6.8,2,0.13
2025-10-30,12,01,3,3852,澤大介,32,60,6.83,3,0.21
2025-10-30,12,02,1,3612,馬袋義則,74,15,6.81,1,0.19
2025-10-30,12,03,5,3997,北村征嗣,47,19,6.83,5,0.25
2025-10-30,12,04,6,3621,天野晶夫,36,18,6.79,6,0.21
2025-10-30,12,05,2,3656,伯母芳恒,35,36,6.83,2,0.20
2025-10-30,12,06,4,3730,塩崎優司,53,68,6.84,4,0.30
2025-10-31,1,01,3,4066,東本勝利,65,17,6.84,3,0.20
2025-10-31,1,02,1,3527,中嶋誠一郎,56,38,6.89,1,0.22
2025-10-31,1,03,5,3615,横田茂,41,52,6.9,5,0.24
2025-10-31,1,04,4,3809,吉田光,39,70,6.97,4,0.22
2025-10-31,1,05,2,3282,池本輝明,15,43,6.87,2,0.31
2025-10-31,1,06,6,3703,鳥飼眞,55,48,6.89,6,0.28
2025-10-31,2,01,1,3514,山一鉄也,28,27,6.88,1,0.09
2025-10-31,2,02,5,3587,武田信一,27,24,6.93,5,0.20
2025-10-31,2,03,6,3777,樋口亮,73,57,6.88,6,0.31
2025-10-31,2,04,4,3686,鳥居塚孝博,40,76,6.86,4,0.16
2025-10-31,2,05,3,3933,山地正樹,22,14,6.87,3,0.18
2025-10-31,2,06,2,3843,上之晃弘,49,65,6.92,2,0.14
2025-10-31,3,01,2,3796,長野道臣,18,20,6.87,2,0.18
2025-10-31,3,02,3,3612,馬袋義則,74,15,6.91,3,0.16
2025-10-31,3,03,1,4012,中村有裕,12,13,6.91,1,0.27
2025-10-31,3,04,6,3997,北村征嗣,47,19,6.82,6,0.26
2025-10-31,3,05,4,3714,梶原正,25,47,6.88,4,0.21
2025-10-31,3,06,5,4077,品田直樹,13,61,6.79,5,0.28
2025-10-31,4,01,1,3473,石川真二,64,31,6.93,1,0.08
2025-10-31,4,02,2,4104,木下陽介,68,71,6.89,2,0.12
2025-10-31,4,03,5,4004,山本浩輔,44,73,6.84,5,0.30
2025-10-31,4,04,3,4100,松田隆司,59,56,6.85,3,0.13
2025-10-31,4,05,4,4047,吉永浩則,67,28,6.92,4,0.21
2025-10-31,4,06,6,4036,金田諭,31,12,6.84,6,0.24
2025-10-31,5,01,1,3333,丸尾義孝,34,16,6.86,1,0.25
2025-10-31,5,02,3,3554,仲口博崇,69,30,6.85,3,0.27
2025-10-31,5,03,2,3809,吉田光,39,70,6.95,2,0.26
2025-10-31,5,04,4,3448,高山秀雄,19,23,6.88,4,0.26
2025-10-31,5,05,5,3656,伯母芳恒,35,36,6.89,5,0.28
2025-10-31,5,06,6,3454,井川大作,57,22,6.9,6,0.20
2025-10-31,6,01,6,3527,中嶋誠一郎,56,38,6.9,6,0.23
2025-10-31,6,02,5,3822,平尾崇典,43,63,6.74,5,0.11
2025-10-31,6,03,1,4002,古結宏,60,49,6.82,1,0.11
2025-10-31,6,04,4,3852,澤大介,32,60,6.86,4,0.17
2025-10-31,6,05,3,3880,浅見宗孝,26,25,6.89,3,0.27
2025-10-31,6,06,2,3741,松尾基成,66,39,6.87,2,0.12
2025-10-31,7,01,1,3777,樋口亮,73,57,6.81,1,0.16
2025-10-31,7,02,3,3412,鈴木博,21,62,6.82,3,0.15
2025-10-31,7,03,2,3730,塩崎優司,53,68,6.83,2,0.18
2025-10-31,7,04,5,3282,池本輝明,15,43,6.92,5,0.23
2025-10-31,7,05,4,4077,品田直樹,13,61,6.79,4,0.20
2025-10-31,7,06,6,4007,榮田将彦,48,34,6.79,6,0.20
2025-10-31,8,01,1,3997,北村征嗣,47,19,6.8,1,0.13
2025-10-31,8,02,4,3621,天野晶夫,36,18,6.79,4,0.13
2025-10-31,8,03,3,4004,山本浩輔,44,73,6.82,3,0.15
2025-10-31,8,04,6,3514,山一鉄也,28,27,6.82,6,0.22
2025-10-31,8,05,5,3612,馬袋義則,74,15,6.82,5,0.16
2025-10-31,8,06,2,3587,武田信一,27,24,6.9,2,0.28
2025-10-31,9,01,1,3983,須藤博倫,75,74,6.87,1,0.14
2025-10-31,9,02,3,3686,鳥居塚孝博,40,76,6.81,3,0.19
2025-10-31,9,03,4,3796,長野道臣,18,20,6.82,4,0.19
2025-10-31,9,04,2,3615,横田茂,41,52,6.86,2,0.16
2025-10-31,9,05,6,3333,丸尾義孝,34,16,6.84,6,0.24
2025-10-31,9,06,5,4047,吉永浩則,67,28,6.89,5,0.22
2025-10-31,10,01,1,3822,平尾崇典,43,63,6.72,1,0.03
2025-10-31,10,02,2,3933,山地正樹,22,14,6.86,3,0.12
2025-10-31,10,03,5,3554,仲口博崇,69,30,6.82,4,0.12
2025-10-31,10,04,6,3473,石川真二,64,31,6.89,2,0.06
2025-10-31,10,05,4,4066,東本勝利,65,17,6.83,6,0.18
2025-10-31,10,06,3,3714,梶原正,25,47,6.89,5,0.12
2025-10-31,11,01,1,3454,井川大作,57,22,6.83,1,0.13
2025-10-31,11,02,2,4100,松田隆司,59,56,6.84,2,0.17
2025-10-31,11,03,3,4002,古結宏,60,49,6.84,3,0.16
2025-10-31,11,04,4,3412,鈴木博,21,62,6.83,4,0.18
2025-10-31,11,05,6,4012,中村有裕,12,13,6.91,6,0.20
2025-10-31,11,06,5,3843,上之晃弘,49,65,6.87,5,0.20
2025-10-31,12,01,1,3944,山口裕二,52,29,6.83,1,0.04
2025-10-31,12,02,2,3920,正木聖賢,70,58,6.76,2,0.06
2025-10-31,12,03,5,3788,一宮稔弘,11,77,6.84,6,0.12
2025-10-31,12,04,3,3499,市川哲也,71,37,6.92,3,0.12
2025-10-31,12,05,4,4084,杉山正樹,33,72,6.78,5,0.15
2025-10-31,12,06,6,3582,吉川昭男,23,75,6.86,4,0.11
2025-11-03,1,01,1,3741,松尾基成,12,45,6.81,1,0.03
2025-11-03,1,02,3,4603,谷川将太,50,24,6.77,3,0.10
2025-11-03,1,03,4,4214,林祐介,66,35,6.72,4,0.17
2025-11-03,1,04,2,3990,芹澤克彦,23,64,6.72,2,0.11
2025-11-03,1,05,5,4890,石川諒,16,51,6.77,5,0.17
2025-11-03,1,06,6,5443,西村仁吾,54,33,6.81,6,0.40
2025-11-03,2,01,2,4635,峰重力也,67,23,6.86,2,0.18
2025-11-03,2,02,1,3906,飯山晃三,25,28,6.76,1,0.14
2025-11-03,2,03,3,4593,小坂宗司,17,46,6.79,3,0.19
2025-11-03,2,04,4,3842,星野太郎,56,34,6.83,4,0.15
2025-11-03,2,05,5,4241,大串重幸,20,56,6.78,5,0.16
2025-11-03,2,06,6,3747,國崎良春,74,36,6.78,6,0.11
2025-11-03,3,01,3,4931,木谷賢太,60,38,6.77,3,0.16
2025-11-03,3,02,1,3812,山崎聖司,34,12,6.77,1,0.14
2025-11-03,3,03,2,4413,水摩敦,59,60,6.79,2,0.16
2025-11-03,3,04,4,4215,吉島祥之,73,26,6.78,4,0.13
2025-11-03,3,05,5,4382,高山智至,52,22,6.83,5,0.18
2025-11-03,3,06,6,5048,眞鳥康太,35,58,6.69,6,0.18
2025-11-03,4,01,2,4438,森作雄大,45,39,6.75,2,0.11
2025-11-03,4,02,4,3576,白水勝也,30,18,6.75,4,0.17
2025-11-03,4,03,1,4116,川田正人,58,48,6.79,1,0.17
2025-11-03,4,04,5,4374,永田義紘,28,76,6.72,5,0.23
2025-11-03,4,05,6,3578,塩田雄一,11,69,6.71,6,0.23
2025-11-03,4,06,3,4567,上村慎太郎,61,49,6.76,3,0.19
2025-11-03,5,01,2,5270,小玉啓太,38,59,6.68,2,0.15
2025-11-03,5,02,1,4155,長野壮志郎,22,75,6.79,1,0.18
2025-11-03,5,03,6,4124,池田雄一,49,21,6.73,6,0.08
2025-11-03,5,04,5,5000,岡本翔太郎,76,37,6.78,5,0.07
2025-11-03,5,05,4,4560,庄司樹良々,71,43,6.82,4,0.09
2025-11-03,5,06,3,5033,藤原孝斗,75,55,6.83,3,0.17
2025-11-03,6,01,1,4052,興津藍,46,44,6.77,1,0.13
2025-11-03,6,02,3,4890,石川諒,16,51,6.74,3,0.12
2025-11-03,6,03,5,4148,枝尾賢,72,16,6.81,5,0.27
2025-11-03,6,04,2,3981,今坂晃広,62,14,6.77,2,0.16
2025-11-03,6,05,4,4788,小池哲也,31,61,6.76,4,0.18
2025-11-03,6,06,6,5384,八戸琉楓,63,20,6.77,6,0.23
2025-11-03,7,01,1,3303,渡辺豊,48,50,6.76,1,0.17
2025-11-03,7,02,3,3906,飯山晃三,25,28,6.78,3,0.11
2025-11-03,7,03,4,4344,新田雄史,24,53,6.8,4,0.07
2025-11-03,7,04,5,5263,花田凱成,37,41,6.75,5,0.09
2025-11-03,7,05,2,3998,冨成謙児,13,68,6.79,2,0.13
2025-11-03,7,06,6,5443,西村仁吾,54,33,6.84,6,0.21
2025-11-03,8,01,1,4184,渡邊雄一郎,29,54,6.79,1,0.14
2025-11-03,8,02,4,3741,松尾基成,12,45,6.86,4,0.17
2025-11-03,8,03,5,4649,和田操拓,40,19,6.79,5,0.07
2025-11-03,8,04,2,3842,星野太郎,56,34,6.79,2,0.16
2025-11-03,8,05,3,5048,眞鳥康太,35,58,6.71,3,0.26
2025-11-03,8,06,6,4442,松竹大輔,51,11,6.8,6,0.12
2025-11-03,9,01,1,4215,吉島祥之,73,26,6.8,1,0.02
2025-11-03,9,02,2,4374,永田義紘,28,76,6.74,2,0.06
2025-11-03,9,03,5,3990,芹澤克彦,23,64,6.73,5,0.09
2025-11-03,9,04,4,4523,中村辰也,14,74,6.72,4,0.11
2025-11-03,9,05,6,4588,田中京介,57,40,6.74,6,0.12
2025-11-03,9,06,3,4635,峰重力也,67,23,6.83,3,0.08
2025-11-03,10,01,4,3747,國崎良春,74,36,6.76,4,0.07
2025-11-03,10,02,3,4438,森作雄大,45,39,6.78,3,0.03
2025-11-03,10,03,1,4603,谷川将太,50,24,6.74,1,0.09
2025-11-03,10,04,6,4788,小池哲也,31,61,6.76,6,0.11
2025-11-03,10,05,2,5000,岡本翔太郎,76,37,6.77,2,0.07
2025-11-03,10,06,5,4600,井内将太郎,33,67,6.75,5,0.09
2025-11-03,11,01,1,4560,庄司樹良々,71,43,6.8,1,0.09
2025-11-03,11,02,3,4148,枝尾賢,72,16,6.86,3,0.15
2025-11-03,11,03,4,4116,川田正人,58,48,6.79,4,0.13
2025-11-03,11,04,5,4593,小坂宗司,17,46,6.82,5,0.19
2025-11-03,11,05,6,4214,林祐介,66,35,6.74,6,0.22
2025-11-03,11,06,2,4931,木谷賢太,60,38,6.78,2,0.12
2025-11-03,12,01,1,4344,新田雄史,24,53,6.79,1,0.12
2025-11-03,12,02,3,3576,白水勝也,30,18,6.83,3,0.14
2025-11-03,12,03,5,4184,渡邊雄一郎,29,54,6.78,5,0.18
2025-11-03,12,04,2,4124,池田雄一,49,21,6.78,2,0.14
2025-11-03,12,05,4,4052,興津藍,46,44,6.79,4,0.20
2025-11-03,12,06,6,4413,水摩敦,59,60,6.82,6,0.22
2025-11-04,1,01,4,4184,渡邊雄一郎,29,54,6.77,4,0.18
2025-11-04,1,02,1,4241,大串重幸,20,56,6.78,1,0.13
2025-11-04,1,03,2,5263,花田凱成,37,41,6.78,2,0.13
2025-11-04,1,04,5,4567,上村慎太郎,61,49,6.83,5,0.21
2025-11-04,1,05,3,3981,今坂晃広,62,14,6.79,3,0.12
2025-11-04,1,06,6,3906,飯山晃三,25,28,6.82,6,0.27
2025-11-04,2,01,4,4413,水摩敦,59,60,6.9,4,0.19
2025-11-04,2,02,1,3578,塩田雄一,11,69,6.8,1,0.14
2025-11-04,2,03,2,4382,高山智至,52,22,6.89,2,0.12
2025-11-04,2,04,3,3998,冨成謙児,13,68,6.85,3,0.11
2025-11-04,2,05,5,5033,藤原孝斗,75,55,6.92,5,0.19
2025-11-04,2,06,6,4603,谷川将太,50,24,6.8,6,0.19
2025-11-04,3,01,1,4442,松竹大輔,51,11,6.84,1,0.05
2025-11-04,3,02,2,4890,石川諒,16,51,6.84,2,0.08
2025-11-04,3,03,4,4124,池田雄一,49,21,6.8,4,0.20
2025-11-04,3,04,3,4649,和田操拓,40,19,6.82,3,0.07
2025-11-04,3,05,6,3812,山崎聖司,34,12,6.86,5,0.20
2025-11-04,3,06,5,5384,八戸琉楓,63,20,6.84,6,0.32
2025-11-04,4,01,1,5048,眞鳥康太,35,58,6.76,1,0.18
2025-11-04,4,02,4,4155,長野壮志郎,22,75,6.83,4,0.15
2025-11-04,4,03,2,4052,興津藍,46,44,6.84,2,0.15
2025-11-04,4,04,5,4635,峰重力也,67,23,6.93,5,0.12
2025-11-04,4,05,3,5270,小玉啓太,38,59,6.79,3,0.13
2025-11-04,4,06,6,3741,松尾基成,12,45,6.92,6,0.18
2025-11-04,5,01,1,4588,田中京介,57,40,6.8,1,0.19
2025-11-04,5,02,3,3990,芹澤克彦,23,64,6.77,3,0.20
2025-11-04,5,03,5,3576,白水勝也,30,18,6.8,5,0.22
2025-11-04,5,04,4,3303,渡辺豊,48,50,6.8,4,0.25
2025-11-04,5,05,2,4567,上村慎太郎,61,49,6.83,2,0.26
2025-11-04,5,06,6,5443,西村仁吾,54,33,6.82,6,0.29
2025-11-04,6,01,1,3747,國崎良春,74,36,6.75,1,0.18
2025-11-04,6,02,4,4931,木谷賢太,60,38,6.88,4,0.24
2025-11-04,6,03,3,4374,永田義紘,28,76,6.79,3,0.21
2025-11-04,6,04,2,4788,小池哲也,31,61,6.79,2,0.20
2025-11-04,6,05,5,3981,今坂晃広,62,14,6.79,5,0.22
2025-11-04,6,06,6,4560,庄司樹良々,71,43,6.85,6,0.28
2025-11-04,7,01,3,4184,渡邊雄一郎,29,54,6.78,3,0.16
2025-11-04,7,02,2,4600,井内将太郎,33,67,6.72,2,0.14
2025-11-04,7,03,1,4523,中村辰也,14,74,6.79,1,0.13
2025-11-04,7,04,5,4438,森作雄大,45,39,6.83,5,0.11
2025-11-04,7,05,4,3578,塩田雄一,11,69,6.81,4,0.10
2025-11-04,7,06,6,5384,八戸琉楓,63,20,6.82,6,0.20
2025-11-04,8,01,1,4214,林祐介,66,35,6.81,1,0.06
2025-11-04,8,02,5,4344,新田雄史,24,53,6.84,5,0.17
2025-11-04,8,03,4,3812,山崎聖司,34,12,6.87,4,0.18
2025-11-04,8,04,6,4116,川田正人,58,48,6.8,6,0.21
2025-11-04,8,05,3,5000,岡本翔太郎,76,37,6.82,3,0.09
2025-11-04,8,06,2,5033,藤原孝斗,75,55,6.82,2,0.07
2025-11-04,9,01,1,4124,池田雄一,49,21,6.78,1,0.16
2025-11-04,9,02,5,3998,冨成謙児,13,68,6.79,5,0.16
2025-11-04,9,03,6,4215,吉島祥之,73,26,6.83,6,0.19
2025-11-04,9,04,2,4593,小坂宗司,17,46,6.78,2,0.23
2025-11-04,9,05,3,5263,花田凱成,37,41,6.77,3,0.16
2025-11-04,9,06,4,3842,星野太郎,56,34,6.84,4,0.20
2025-11-04,10,01,1,3576,白水勝也,30,18,6.75,1,0.04
2025-11-04,10,02,5,4931,木谷賢太,60,38,6.87,5,0.07
2025-11-04,10,03,4,4442,松竹大輔,51,11,6.8,4,0.07
2025-11-04,10,04,6,4052,興津藍,46,44,6.84,6,0.09
2025-11-04,10,05,2,4148,枝尾賢,72,16,6.81,2,0.09
2025-11-04,10,06,3,4382,高山智至,52,22,6.88,3,0.09
2025-11-04,11,01,1,4413,水摩敦,59,60,6.8,1,0.11
2025-11-04,11,02,3,4600,井内将太郎,33,67,6.78,3,0.08
2025-11-04,11,03,6,3303,渡辺豊,48,50,6.81,5,0.11
2025-11-04,11,04,2,4560,庄司樹良々,71,43,6.81,2,0.13
2025-11-04,11,05,5,5270,小玉啓太,38,59,6.73,6,0.07
2025-11-04,11,06,4,4241,大串重幸,20,56,6.82,4,0.12
2025-11-04,12,01,1,4788,小池哲也,31,61,6.81,1,0.17
2025-11-04,12,02,3,4344,新田雄史,24,53,6.82,3,0.18
2025-11-04,12,03,2,4649,和田操拓,40,19,6.82,2,0.26
2025-11-04,12,04,6,4155,長野壮志郎,22,75,6.81,6,0.20
2025-11-04,12,05,5,4523,中村辰也,14,74,6.79,5,0.17
2025-11-04,12,06,4,4588,田中京介,57,40,6.83,4,0.14
2025-11-05,1,01,1,3842,星野太郎,56,34,6.83,1,0.17
2025-11-05,1,02,3,4523,中村辰也,14,74,6.82,3,0.25
2025-11-05,1,03,2,4374,永田義紘,28,76,6.8,2,0.19
2025-11-05,1,04,5,3303,渡辺豊,48,50,6.88,5,0.28
2025-11-05,1,05,4,3812,山崎聖司,34,12,6.87,4,0.26
2025-11-05,1,06,6,5384,八戸琉楓,63,20,6.87,6,0.34
2025-11-05,2,01,4,4438,森作雄大,45,39,6.87,4,0.03
2025-11-05,2,02,5,4215,吉島祥之,73,26,6.89,5,0.08
2025-11-05,2,03,3,4560,庄司樹良々,71,43,6.9,3,0.06
2025-11-05,2,04,2,4148,枝尾賢,72,16,6.93,2,0.14
2025-11-05,2,05,6,3981,今坂晃広,62,14,6.87,6,0.11
2025-11-05,2,06,1,3990,芹澤克彦,23,64,6.78,1,0.20
2025-11-05,3,01,2,4890,石川諒,16,51,6.84,2,0.04
2025-11-05,3,02,4,4635,峰重力也,67,23,6.94,3,0.04
2025-11-05,3,03,6,4184,渡邊雄一郎,29,54,6.8,5,0.19
2025-11-05,3,04,3,5048,眞鳥康太,35,58,6.78,6,0.25
2025-11-05,3,05,1,4600,井内将太郎,33,67,6.83,1,0.15
2025-11-05,3,06,5,4214,林祐介,66,35,6.84,4,0.15
2025-11-05,4,01,3,5270,小玉啓太,38,59,6.84,3,0.10
2025-11-05,4,02,4,4116,川田正人,58,48,6.95,4,0.14
2025-11-05,4,03,2,3747,國崎良春,74,36,6.83,2,0.13
2025-11-05,4,04,5,4052,興津藍,46,44,6.9,5,0.16
2025-11-05,4,05,1,4442,松竹大輔,51,11,6.87,1,0.08
2025-11-05,4,06,6,3998,冨成謙児,13,68,6.86,6,0.20
2025-11-05,5,01,1,4413,水摩敦,59,60,6.86,1,0.21
2025-11-05,5,02,3,4155,長野壮志郎,22,75,6.82,3,0.24
2025-11-05,5,03,2,3578,塩田雄一,11,69,6.83,2,0.26
2025-11-05,5,04,6,4344,新田雄史,24,53,6.87,6,0.23
2025-11-05,5,05,4,3906,飯山晃三,25,28,6.88,4,0.23
2025-11-05,5,06,5,5000,岡本翔太郎,76,37,6.84,5,0.21
2025-11-05,6,01,1,4124,池田雄一,49,21,6.8,1,0.18
2025-11-05,6,02,4,4588,田中京介,57,40,6.85,4,0.18
2025-11-05,6,03,6,3576,白水勝也,30,18,6.85,6,0.20
2025-11-05,6,04,2,3741,松尾基成,12,45,6.87,2,0.14
2025-11-05,6,05,3,4382,高山智至,52,22,6.88,3,0.15
2025-11-05,6,06,5,3812,山崎聖司,34,12,6.86,5,0.19
2025-11-05,7,01,1,4931,木谷賢太,60,73,6.86,1,0.09
2025-11-05,7,02,2,4603,谷川将太,50,24,6.82,2,0.08
2025-11-05,7,03,3,4788,小池哲也,31,61,6.85,3,0.14
2025-11-05,7,04,4,4567,上村慎太郎,61,49,6.88,4,0.20
2025-11-05,7,05,5,5033,藤原孝斗,75,55,6.92,5,0.23
2025-11-05,7,06,6,5443,西村仁吾,54,33,6.89,6,0.26
2025-11-05,8,01,1,4593,小坂宗司,17,46,6.88,1,0.23
2025-11-05,8,02,3,4241,大串重幸,20,15,6.87,3,0.14
2025-11-05,8,03,2,5263,花田凱成,37,41,6.84,2,0.16
2025-11-05,8,04,4,5048,眞鳥康太,35,58,6.72,6,0.07
2025-11-05,8,05,6,4649,和田操拓,40,19,6.86,5,0.09
2025-11-05,8,06,5,4374,永田義紘,28,76,6.81,4,0.14
2025-11-05,9,01,1,4344,新田雄史,24,53,6.81,1,0.09
2025-11-05,9,02,3,3303,渡辺豊,48,50,6.86,3,0.12
2025-11-05,9,03,6,4890,石川諒,16,51,6.79,6,0.02
2025-11-05,9,04,2,4413,水摩敦,59,60,6.83,2,0.14
2025-11-05,9,05,5,4442,松竹大輔,51,11,6.85,5,0.06
2025-11-05,9,06,4,4215,吉島祥之,73,26,6.87,4,0.17
2025-11-05,10,01,1,3576,白水勝也,30,18,6.85,1,0.16
2025-11-05,10,02,2,4124,池田雄一,49,21,6.8,2,0.14
2025-11-05,10,03,4,4214,林祐介,66,35,6.82,4,0.10
2025-11-05,10,04,3,3747,國崎良春,74,36,6.82,3,0.12
2025-11-05,10,05,6,4600,井内将太郎,33,67,6.8,6,0.12
2025-11-05,10,06,5,4148,枝尾賢,72,16,6.87,5,0.20
2025-11-05,11,01,1,4184,渡邊雄一郎,29,54,6.79,1,0.07
2025-11-05,11,02,3,4052,興津藍,46,44,6.86,3,0.09
2025-11-05,11,03,4,4155,長野壮志郎,22,75,6.82,4,0.14
2025-11-05,11,04,6,3990,芹澤克彦,23,64,6.78,6,0.14
2025-11-05,11,05,2,4931,木谷賢太,60,73,6.88,2,0.08
2025-11-05,11,06,5,3741,松尾基成,12,45,6.92,5,0.11
2025-11-05,12,01,1,4560,庄司樹良々,71,43,6.84,1,0.18
2025-11-05,12,02,3,4603,谷川将太,50,24,6.85,3,0.17
2025-11-05,12,03,4,4382,高山智至,52,22,6.85,4,0.20
2025-11-05,12,04,5,4635,峰重力也,67,23,6.89,5,0.20
2025-11-05,12,05,6,4593,小坂宗司,17,46,6.9,6,0.22
2025-11-05,12,06,2,3906,飯山晃三,25,28,6.9,2,0.20
2025-11-06,1,01,1,3998,冨成謙児,13,68,6.79,1,0.12
2025-11-06,1,02,3,3578,塩田雄一,11,69,6.8,3,0.13
2025-11-06,1,03,5,3906,飯山晃三,25,28,6.82,5,0.24
2025-11-06,1,04,2,5000,岡本翔太郎,76,37,6.8,2,0.14
2025-11-06,1,05,4,3981,今坂晃広,62,14,6.83,4,0.14
2025-11-06,1,06,6,5443,西村仁吾,54,33,6.8,6,0.33
2025-11-06,2,01,1,4890,石川諒,16,51,6.71,1,0.11
2025-11-06,2,02,2,4523,中村辰也,14,74,6.79,2,0.16
2025-11-06,2,03,4,4603,谷川将太,50,24,6.8,4,0.24
2025-11-06,2,04,3,5033,藤原孝斗,75,55,6.86,3,0.22
2025-11-06,2,05,5,5263,花田凱成,37,41,6.77,5,0.29
2025-11-06,2,06,6,3842,星野太郎,56,34,6.8,6,0.30
2025-11-06,3,01,4,3747,國崎良春,74,36,6.84,4,0.07
2025-11-06,3,02,1,4241,大串重幸,20,15,6.75,1,0.10
2025-11-06,3,03,5,4116,川田正人,58,48,6.81,5,0.09
2025-11-06,3,04,2,3741,松尾基成,12,45,6.83,2,0.09
2025-11-06,3,05,3,4567,上村慎太郎,61,49,6.79,3,0.11
2025-11-06,3,06,6,5384,八戸琉楓,63,20,6.81,6,0.11
2025-11-06,4,01,1,4600,井内将太郎,33,67,6.74,1,0.04
2025-11-06,4,02,3,5270,小玉啓太,38,59,6.73,3,0.08
2025-11-06,4,03,6,4155,長野壮志郎,22,75,6.79,6,0.16
2025-11-06,4,04,4,4382,高山智至,52,22,6.82,4,0.20
2025-11-06,4,05,2,4438,森作雄大,45,39,6.81,2,0.08
2025-11-06,4,06,5,4588,田中京介,57,40,6.81,5,0.17
2025-11-06,5,01,2,3990,芹澤克彦,23,64,6.77,2,0.08
2025-11-06,5,02,1,4215,吉島祥之,73,26,6.78,1,0.07
2025-11-06,5,03,4,4649,和田操拓,40,19,6.85,4,0.07
2025-11-06,5,04,5,3578,塩田雄一,11,69,6.74,5,0.13
2025-11-06,5,05,6,4214,林祐介,66,35,6.75,6,0.14
2025-11-06,5,06,3,3998,冨成謙児,13,68,6.78,3,0.08
2025-11-06,6,01,1,4931,木谷賢太,60,73,6.81,1,0.15
2025-11-06,6,02,3,4442,松竹大輔,51,11,6.81,3,0.14
2025-11-06,6,03,5,4413,水摩敦,59,60,6.79,5,0.18
2025-11-06,6,04,2,3812,山崎聖司,34,12,6.79,2,0.18
2025-11-06,6,05,6,5443,西村仁吾,54,33,6.8,6,0.23
2025-11-06,6,06,4,5033,藤原孝斗,75,55,6.9,4,0.23
2025-11-06,7,01,4,5048,眞鳥康太,35,58,6.69,4,0.05
2025-11-06,7,02,1,4148,枝尾賢,72,16,6.77,1,0.07
2025-11-06,7,03,3,5000,岡本翔太郎,76,37,6.83,3,0.07
2025-11-06,7,04,5,3842,星野太郎,56,34,6.73,5,0.22
2025-11-06,7,05,2,4635,峰重力也,67,23,6.83,2,0.07
2025-11-06,7,06,6,5384,八戸琉楓,63,20,6.82,6,0.18
2025-11-06,8,01,1,3981,今坂晃広,62,14,6.78,1,0.25
2025-11-06,8,02,5,4438,森作雄大,45,39,6.8,5,0.22
2025-11-06,8,03,2,4588,田中京介,57,40,6.8,2,0.24
2025-11-06,8,04,6,4241,大串重幸,20,15,6.75,6,0.29
2025-11-06,8,05,3,4593,小坂宗司,17,46,6.84,3,0.30
2025-11-06,8,06,4,4567,上村慎太郎,61,49,6.8,4,0.30
2025-11-06,9,01,4,5270,小玉啓太,38,59,6.73,4,0.01
2025-11-06,9,02,3,4374,永田義紘,28,76,6.8,3,0.06
2025-11-06,9,03,5,4560,庄司樹良々,71,43,6.82,5,0.07
2025-11-06,9,04,2,4116,川田正人,58,48,6.81,2,0.16
2025-11-06,9,05,1,4649,和田操拓,40,19,6.8,1,0.10
2025-11-06,9,06,6,4523,中村辰也,14,74,6.79,6,0.06
2025-11-06,10,01,1,4155,長野壮志郎,22,75,6.78,1,0.15
2025-11-06,10,02,2,4890,石川諒,16,51,6.81,2,0.16
2025-11-06,10,03,3,3990,芹澤克彦,23,64,6.78,3,0.16
2025-11-06,10,04,5,4215,吉島祥之,73,26,6.86,5,0.17
2025-11-06,10,05,4,4931,木谷賢太,60,73,6.84,4,0.17
2025-11-06,10,06,6,3741,松尾基成,12,45,6.9,6,0.39
2025-11-06,11,01,1,4214,林祐介,66,35,6.81,1,0.11
2025-11-06,11,02,5,4600,井内将太郎,33,67,6.78,5,0.09
2025-11-06,11,03,3,3747,國崎良春,74,36,6.84,3,0.11
2025-11-06,11,04,2,4413,水摩敦,59,60,6.91,2,0.15
2025-11-06,11,05,6,4148,枝尾賢,72,16,6.89,6,0.19
2025-11-06,11,06,4,4442,松竹大輔,51,11,6.85,4,0.10
2025-11-06,12,01,3,4344,新田雄史,24,53,6.78,3,0.13
2025-11-06,12,02,1,4184,渡邊雄一郎,29,54,6.76,1,0.13
2025-11-06,12,03,4,4124,池田雄一,49,21,6.73,4,0.21
2025-11-06,12,04,6,3303,渡辺豊,48,50,6.78,6,0.27
2025-11-06,12,05,2,3576,白水勝也,30,18,6.83,2,0.15
2025-11-06,12,06,5,4052,興津藍,46,44,6.78,5,0.26
2025-11-19,1,01,1,3964,宮地博士,30,26,6.76,1,0.15
2025-11-19,1,02,2,4211,村田敦,14,11,6.86,2,0.15
2025-11-19,1,03,6,3975,小野寺智洋,65,41,6.69,6,0.09
2025-11-19,1,04,4,3772,一柳和孝,75,33,6.85,4,0.12
2025-11-19,1,05,5,5195,北村寧々,58,58,6.78,5,0.11
2025-11-19,1,06,3,4727,安部慎一,54,37,6.83,3,0.10
2025-11-19,2,01,2,4797,中山将,70,74,6.78,2,0.08
2025-11-19,2,02,1,3563,堤昇,50,51,6.76,1,0.09
2025-11-19,2,03,4,4174,赤坂俊輔,44,54,6.74,4,0.10
2025-11-19,2,04,3,4817,渡邉翼,56,63,6.8,3,0.07
2025-11-19,2,05,5,5160,藤森陸斗,16,61,6.76,5,0.12
2025-11-19,2,06,6,4248,岡本大,18,53,6.85,6,0.18
2025-11-19,3,01,3,4227,安達裕樹,26,19,6.78,3,0.11
2025-11-19,3,02,5,4422,永井亮次,40,59,6.8,5,0.21
2025-11-19,3,03,2,4792,杉村賢也,20,17,6.66,2,0.15
2025-11-19,3,04,1,4191,赤羽克也,64,60,6.79,1,0.19
2025-11-19,3,05,6,4654,篠田優也,46,57,6.77,6,0.14
2025-11-19,3,06,4,4720,西澤日花里,13,64,6.79,4,0.17
2025-11-19,4,01,4,4118,宇佐見淳,52,52,6.78,4,0.08
2025-11-19,4,02,6,4173,岡谷健吾,62,21,6.76,6,0.12
2025-11-19,4,03,5,4958,溝口海義也,36,46,6.74,5,0.09
2025-11-19,4,04,2,4776,竹田和哉,17,65,6.82,2,0.22
2025-11-19,4,05,1,4549,小林文彦,21,44,6.76,1,0.12
2025-11-19,4,06,3,4902,山川雄大,72,69,6.76,3,0.23
2025-11-19,5,01,1,4103,山崎善庸,31,75,6.82,1,0.18
2025-11-19,5,02,2,5250,嶋田有里,28,76,6.78,2,0.23
2025-11-19,5,03,3,4121,富永修一,76,68,6.84,3,0.10
2025-11-19,5,04,4,4171,榎幸司,51,13,6.88,4,0.15
2025-11-19,5,05,6,4601,森野正弘,55,39,6.78,6,0.10
2025-11-19,5,S1,5,5317,長尾萌加,38,55,6.75,5,0.10
2025-11-19,6,01,5,4019,笠原亮,53,48,6.76,5,0.15
2025-11-19,6,02,1,4790,柳内敬太,41,36,6.76,1,0.19
2025-11-19,6,03,6,4552,杉山勝匡,29,35,6.66,6,0.12
2025-11-19,6,04,2,5057,上田紗奈,45,50,6.73,2,0.26
2025-11-19,6,05,4,5074,大澤誠也,43,40,6.72,4,0.17
2025-11-19,6,06,3,3964,宮地博士,30,26,6.74,3,0.32
2025-11-19,7,01,1,4512,高野哲史,15,77,6.79,1,0.12
2025-11-19,7,02,2,5160,藤森陸斗,16,61,6.76,2,0.14
2025-11-19,7,03,5,4792,杉村賢也,20,17,6.67,5,0.17
2025-11-19,7,04,3,4816,村松修二,39,28,6.84,3,0.14
2025-11-19,7,05,4,5310,土屋蘭,69,20,6.76,4,0.21
2025-11-19,7,06,6,5406,小畑楓夏,27,18,6.83,6,0.18
2025-11-19,8,01,1,4102,益田啓司,68,45,6.72,1,0.13
2025-11-19,8,02,5,4797,中山将,70,74,6.78,5,0.18
2025-11-19,8,03,3,4474,渡辺崇,47,14,6.8,3,0.16
2025-11-19,8,04,4,4654,篠田優也,46,57,6.73,4,0.17
2025-11-19,8,05,6,3772,一柳和孝,75,33,6.85,6,0.23
2025-11-19,8,S1,2,4897,深見亜由美,19,34,6.83,2,0.10
2025-11-19,9,01,1,4118,宇佐見淳,52,52,6.8,1,0.11
2025-11-19,9,02,4,4991,宗行治哉,32,27,6.79,4,0.13
2025-11-19,9,03,2,4422,永井亮次,40,59,6.83,2,0.10
2025-11-19,9,04,3,4896,花本剛,66,47,6.86,3,0.14
2025-11-19,9,05,6,4121,富永修一,76,68,6.87,6,0.13
2025-11-19,9,06,5,4211,村田敦,14,11,6.91,5,0.09
2025-11-19,10,01,1,4171,榎幸司,51,16,6.83,1,0.09
2025-11-19,10,02,3,4191,赤羽克也,64,60,6.8,3,0.14
2025-11-19,10,03,6,4303,牧原崇,23,66,6.75,6,0.16
2025-11-19,10,04,2,4958,溝口海義也,36,46,6.74,2,0.12
2025-11-19,10,05,4,4790,柳内敬太,41,36,6.75,4,0.16
2025-11-19,10,06,5,4817,渡邉翼,56,63,6.82,5,0.16
2025-11-19,11,01,1,4019,笠原亮,53,48,6.79,1,0.11
2025-11-19,11,02,2,4601,森野正弘,55,39,6.77,2,0.16
2025-11-19,11,03,3,4174,赤坂俊輔,44,54,6.73,3,0.16
2025-11-19,11,04,4,4227,安達裕樹,26,19,6.81,4,0.14
2025-11-19,11,05,5,4512,高野哲史,15,77,6.76,5,0.14
2025-11-19,11,06,6,4776,竹田和哉,17,65,6.81,6,0.24
2025-11-19,12,01,3,5195,北村寧々,58,58,6.78,3,0.22
2025-11-19,12,02,5,5057,上田紗奈,45,50,6.74,5,0.19
2025-11-19,12,03,2,5310,土屋蘭,69,20,6.77,2,0.26
2025-11-19,12,04,1,4720,西澤日花里,13,64,6.75,1,0.21
2025-11-19,12,05,6,5250,嶋田有里,28,76,6.77,6,0.29
2025-11-19,12,06,4,4897,深見亜由美,19,34,6.81,4,0.34
2025-11-20,1,01,1,3772,一柳和孝,75,33,6.83,1,0.13
2025-11-20,1,02,2,4816,村松修二,39,28,6.81,2,0.11
2025-11-20,1,03,3,4171,榎幸司,51,16,6.82,3,0.20
2025-11-20,1,04,5,4474,渡辺崇,47,14,6.79,5,0.20
2025-11-20,1,05,4,5160,藤森陸斗,16,61,6.78,4,0.14
2025-11-20,1,06,6,4720,西澤日花里,13,64,6.73,6,0.20
2025-11-20,2,01,1,4552,杉山勝匡,29,35,6.71,1,0.11
2025-11-20,2,02,4,4512,高野哲史,15,77,6.78,4,0.20
2025-11-20,2,03,2,4991,宗行治哉,32,27,6.76,2,0.16
2025-11-20,2,04,6,3563,堤昇,50,51,6.77,5,0.14
2025-11-20,2,05,5,4727,安部慎一,54,37,6.82,6,0.17
2025-11-20,2,06,3,4248,岡本大,18,53,6.82,3,0.15
2025-11-20,3,01,5,4174,赤坂俊輔,44,54,6.74,5,0.10
2025-11-20,3,02,1,4173,岡谷健吾,62,21,6.74,1,0.18
2025-11-20,3,03,4,5057,上田紗奈,45,50,6.71,4,0.12
2025-11-20,3,04,6,4102,益田啓司,68,45,6.74,6,0.13
2025-11-20,3,05,2,5317,長尾萌加,38,55,6.73,2,0.19
2025-11-20,3,06,3,4211,村田敦,14,11,6.85,3,0.09
2025-11-20,4,01,4,4019,笠原亮,53,48,6.8,4,0.18
2025-11-20,4,02,2,4118,宇佐見淳,52,52,6.77,2,0.11
2025-11-20,4,03,1,3975,小野寺智洋,65,41,6.74,1,0.13
2025-11-20,4,04,3,4792,杉村賢也,20,17,6.67,3,0.15
2025-11-20,4,05,5,4896,花本剛,66,47,6.83,5,0.21
2025-11-20,4,06,6,4549,小林文彦,21,44,6.77,6,0.23
2025-11-20,5,01,1,4303,牧原崇,23,66,6.81,1,0.19
2025-11-20,5,02,3,4422,永井亮次,40,59,6.87,3,0.23
2025-11-20,5,03,2,5195,北村寧々,58,58,6.84,2,0.21
2025-11-20,5,04,6,3964,宮地博士,30,26,6.8,5,0.31
2025-11-20,5,05,4,4776,竹田和哉,17,65,6.89,4,0.29
2025-11-20,5,06,5,5406,小畑楓夏,27,18,6.87,6,0.45
2025-11-20,6,01,4,4958,溝口海義也,36,46,6.75,4,0.19
2025-11-20,6,02,1,4654,篠田優也,46,57,6.75,1,0.26
2025-11-20,6,03,5,4227,安達裕樹,26,19,6.8,5,0.25
2025-11-20,6,04,3,5250,嶋田有里,28,76,6.81,3,0.27
2025-11-20,6,05,6,4103,山崎善庸,31,75,6.88,6,0.45
2025-11-20,6,06,2,4727,安部慎一,54,37,6.83,2,0.37
2025-11-20,7,01,1,4601,森野正弘,55,39,6.76,1,0.08
2025-11-20,7,02,4,4797,中山将,70,74,6.77,4,0.09
2025-11-20,7,03,5,4902,山川雄大,72,69,6.79,5,0.22
2025-11-20,7,04,6,5317,長尾萌加,38,55,6.8,6,0.17
2025-11-20,7,05,2,4474,渡辺崇,47,14,6.82,2,0.17
2025-11-20,7,06,3,4552,杉山勝匡,29,35,6.76,3,0.17
2025-11-20,8,01,1,4121,富永修一,76,68,6.89,1,0.13
2025-11-20,8,02,2,5074,大澤誠也,43,40,6.76,2,0.18
2025-11-20,8,03,3,4019,笠原亮,53,48,6.81,3,0.20
2025-11-20,8,04,4,4173,岡谷健吾,62,21,6.75,4,0.23
2025-11-20,8,05,5,4171,榎幸司,51,16,6.85,5,0.20
2025-11-20,8,06,6,5310,土屋蘭,69,20,6.82,6,0.19
2025-11-20,9,01,3,4303,牧原崇,23,66,6.73,3,0.15
2025-11-20,9,02,1,4174,赤坂俊輔,44,54,6.77,1,0.17
2025-11-20,9,03,4,3563,堤昇,50,51,6.81,4,0.11
2025-11-20,9,04,2,4896,花本剛,66,29,6.8,2,0.17
2025-11-20,9,05,6,4191,赤羽克也,64,60,6.82,6,0.24
2025-11-20,9,06,5,4897,深見亜由美,19,34,6.83,5,0.17
2025-11-20,10,01,1,4227,安達裕樹,26,19,6.79,1,0.13
2025-11-20,10,02,3,4512,高野哲史,15,77,6.81,3,0.18
2025-11-20,10,03,2,4817,渡邉翼,56,63,6.82,2,0.14
2025-11-20,10,04,5,4816,村松修二,39,28,6.92,5,0.24
2025-11-20,10,05,6,4790,柳内敬太,41,36,6.75,6,0.28
2025-11-20,10,06,4,4549,小林文彦,21,24,6.74,4,0.28
2025-11-20,11,01,1,4776,竹田和哉,17,65,6.82,1,0.09
2025-11-20,11,02,3,4102,益田啓司,68,45,6.81,3,0.07
2025-11-20,11,03,4,4601,森野正弘,55,39,6.78,4,0.05
2025-11-20,11,04,5,4991,宗行治哉,32,27,6.81,5,0.15
2025-11-20,11,05,6,4118,宇佐見淳,52,52,6.84,6,0.14
2025-11-20,11,06,2,4654,篠田優也,46,57,6.75,2,0.10
2025-11-20,12,01,1,4248,岡本大,18,53,6.87,1,0.07
2025-11-20,12,02,3,3975,小野寺智洋,65,41,6.83,3,0.20
2025-11-20,12,03,5,5074,大澤誠也,43,40,6.81,5,0.13
2025-11-20,12,04,4,4103,山崎善庸,31,75,6.89,4,0.19
2025-11-20,12,05,2,4902,山川雄大,72,69,6.83,2,0.22
2025-11-20,12,06,6,5406,小畑楓夏,27,18,6.86,6,0.16
2025-11-21,1,01,1,4422,永井亮次,40,59,6.83,1,0.19
2025-11-21,1,02,2,4121,富永修一,76,68,6.88,2,0.17
2025-11-21,1,03,5,4303,牧原崇,23,66,6.78,5,0.20
2025-11-21,1,04,4,4727,安部慎一,54,37,6.87,4,0.13
2025-11-21,1,05,6,5074,大澤誠也,43,40,6.84,6,0.18
2025-11-21,1,06,3,4790,柳内敬太,41,36,6.71,3,0.16
2025-11-21,2,01,1,4512,高野哲史,15,77,6.84,1,0.11
2025-11-21,2,02,3,3772,一柳和孝,75,33,6.9,3,0.12
2025-11-21,2,03,4,4102,益田啓司,68,45,6.81,4,0.16
2025-11-21,2,04,2,4896,花本剛,66,29,6.84,2,0.12
2025-11-21,2,05,5,4118,宇佐見淳,52,52,6.81,5,0.17
2025-11-21,2,06,6,4902,山川雄大,72,69,6.82,6,0.25
2025-11-21,3,01,1,4991,宗行治哉,32,27,6.82,1,0.08
2025-11-21,3,02,3,4897,深見亜由美,19,34,6.87,3,0.08
2025-11-21,3,03,2,3964,宮地博士,30,26,6.81,2,0.11
2025-11-21,3,04,6,4958,溝口海義也,36,46,6.74,6,0.14
2025-11-21,3,05,4,4474,渡辺崇,47,14,6.83,4,0.15
2025-11-21,3,06,5,4191,赤羽克也,64,60,6.9,5,0.14
2025-11-21,4,01,1,5057,上田紗奈,45,50,6.77,1,0.03
2025-11-21,4,02,3,5317,長尾萌加,38,55,6.79,3,0.04
2025-11-21,4,03,2,4720,西澤日花里,13,64,6.79,2,0.12
2025-11-21,4,04,4,5195,北村寧々,58,58,6.86,4,0.06
2025-11-21,4,05,5,5310,土屋蘭,69,20,6.84,5,0.07
2025-11-21,4,06,6,5406,小畑楓夏,27,18,6.89,6,0.14
2025-11-21,5,01,1,4816,村松修二,39,28,6.83,1,0.07
2025-11-21,5,02,2,3563,堤昇,50,51,6.81,2,0.10
2025-11-21,5,03,3,4173,岡谷健吾,62,21,6.8,3,0.10
2025-11-21,5,04,5,4601,森野正弘,55,39,6.8,5,0.05
2025-11-21,5,05,6,4227,安達裕樹,26,19,6.81,6,0.09
2025-11-21,5,06,4,4211,村田敦,14,11,6.87,4,0.07
2025-11-21,6,01,1,4797,中山将,70,74,6.72,1,0.15
2025-11-21,6,02,4,5250,嶋田有里,28,76,6.78,4,0.25
2025-11-21,6,03,5,4552,杉山勝匡,29,35,6.73,5,0.25
2025-11-21,6,04,2,3975,小野寺智洋,65,41,6.74,2,0.21
2025-11-21,6,05,6,4019,笠原亮,53,48,6.76,6,0.35
2025-11-21,6,06,3,4103,山崎善庸,31,75,6.86,3,0.29
2025-11-21,7,01,1,4174,赤坂俊輔,44,54,6.7,1,0.13
2025-11-21,7,02,5,4790,柳内敬太,41,36,6.74,5,0.16
2025-11-21,7,03,3,4549,小林文彦,21,24,6.73,3,0.16
2025-11-21,7,04,2,3772,一柳和孝,75,33,6.85,2,0.15
2025-11-21,7,05,4,4248,岡本大,18,53,6.82,4,0.16
2025-11-21,7,06,6,5160,藤森陸斗,16,61,6.77,6,0.17
2025-11-21,8,01,1,4817,渡邉翼,56,63,6.76,1,0.14
2025-11-21,8,02,2,4191,赤羽克也,64,60,6.8,2,0.23
2025-11-21,8,03,5,4654,篠田優也,46,57,6.78,5,0.28
2025-11-21,8,04,6,4171,榎幸司,51,16,6.83,6,0.24
2025-11-21,8,05,4,4792,杉村賢也,20,17,6.65,4,0.32
2025-11-21,8,06,3,4720,西澤日花里,13,64,6.75,3,0.25
2025-11-21,9,01,1,4303,牧原崇,23,66,6.74,1,0.03
2025-11-21,9,02,3,4601,森野正弘,55,39,6.76,3,0.01
2025-11-21,9,03,4,4958,溝口海義也,36,46,6.71,4,0.04
2025-11-21,9,04,5,5195,北村寧々,58,58,6.77,5,0.04
2025-11-21,9,05,2,4512,高野哲史,15,77,6.73,2,0.02
2025-11-21,9,06,6,4121,富永修一,76,68,6.87,6,0.16
2025-11-21,10,01,1,4227,安達裕樹,26,19,6.81,1,0.12
2025-11-21,10,02,2,4797,中山将,70,74,6.77,2,0.12
2025-11-21,10,03,3,4102,益田啓司,68,45,6.77,3,0.16
2025-11-21,10,04,5,4991,宗行治哉,32,27,6.8,4,0.15
2025-11-21,10,05,6,3563,堤昇,50,51,6.81,5,0.16
2025-11-21,10,06,4,4422,永井亮次,40,59,6.83,6,0.20
2025-11-21,11,01,1,4019,笠原亮,53,48,6.82,1,0.11
2025-11-21,11,02,3,4118,宇佐見淳,52,52,6.76,3,0.12
2025-11-21,11,03,2,4174,赤坂俊輔,44,54,6.74,2,0.13
2025-11-21,11,04,5,3975,小野寺智洋,65,41,6.72,5,0.13
2025-11-21,11,05,4,4173,岡谷健吾,62,21,6.81,4,0.18
2025-11-21,11,06,6,5057,上田紗奈,45,50,6.75,6,0.21
2025-11-21,12,01,2,5160,藤森陸斗,16,61,6.76,2,0.10
2025-11-21,12,02,1,4211,村田敦,14,11,6.81,1,0.15
2025-11-21,12,03,6,4792,杉村賢也,20,17,6.63,6,0.05
2025-11-21,12,04,4,3964,宮地博士,30,26,6.76,4,0.14
2025-11-21,12,05,5,5250,嶋田有里,28,76,6.77,5,0.13
2025-11-21,12,06,3,5310,土屋蘭,69,20,6.75,3,0.12
2025-11-22,1,01,3,3975,小野寺智洋,65,41,6.8,3,0.11
2025-11-22,1,02,1,5074,大澤誠也,43,40,6.8,1,0.14
2025-11-22,1,03,5,3964,宮地博士,30,26,6.83,5,0.27
2025-11-22,1,04,4,4902,山川雄大,72,69,6.82,4,0.21
2025-11-22,1,05,2,4727,安部慎一,54,37,6.8,2,0.12
2025-11-22,1,06,6,4103,山崎善庸,31,75,6.93,6,0.39
2025-11-22,2,01,1,4121,富永修一,76,68,6.9,1,0.12
2025-11-22,2,02,4,4549,小林文彦,21,24,6.82,4,0.15
2025-11-22,2,03,6,4474,渡辺崇,47,14,6.84,5,0.14
2025-11-22,2,04,2,4248,岡本大,18,53,6.89,2,0.16
2025-11-22,2,05,3,4897,深見亜由美,19,34,6.87,3,0.19
2025-11-22,2,06,5,5406,小畑楓夏,27,18,6.86,6,0.17
2025-11-22,3,01,1,5195,北村寧々,58,58,6.82,1,0.19
2025-11-22,3,02,3,4817,渡邉翼,56,63,6.83,3,0.13
2025-11-22,3,03,4,4191,赤羽克也,64,60,6.91,4,0.18
2025-11-22,3,04,6,4896,花本剛,66,29,6.88,6,0.17
2025-11-22,3,S0,2,4173,岡谷健吾,62,21,6.79,2,0.18
2025-11-22,3,S2,5,5317,長尾萌加,38,55,6.8,5,0.17
2025-11-22,4,01,3,4958,溝口海義也,36,46,6.75,3,0.08
2025-11-22,4,02,4,3772,一柳和孝,75,33,6.84,4,0.06
2025-11-22,4,03,5,4790,柳内敬太,41,36,6.75,5,0.06
2025-11-22,4,04,6,4211,村田敦,14,11,6.86,6,0.09
2025-11-22,4,05,2,3563,堤昇,50,51,6.79,2,0.06
2025-11-22,4,S1,1,5250,嶋田有里,28,76,6.79,1,0.04
2025-11-22,5,01,2,4792,杉村賢也,20,17,6.66,3,0.10
2025-11-22,5,02,3,5057,上田紗奈,45,50,6.75,4,0.10
2025-11-22,5,03,4,5160,藤森陸斗,16,61,6.78,5,0.12
2025-11-22,5,04,6,4174,赤坂俊輔,44,54,6.79,2,0.17
2025-11-22,5,05,1,4654,篠田優也,46,57,6.75,1,0.23
2025-11-22,5,06,5,4552,杉山勝匡,29,35,6.76,6,0.09
2025-11-22,6,01,5,4512,高野哲史,15,77,6.82,5,0.11
2025-11-22,6,02,4,4422,永井亮次,40,59,6.83,4,0.17
2025-11-22,6,03,1,4474,渡辺崇,47,14,6.79,1,0.18
2025-11-22,6,04,6,4797,中山将,70,74,6.77,6,0.13
2025-11-22,6,05,3,5310,土屋蘭,69,20,6.83,3,0.20
2025-11-22,6,06,2,4902,山川雄大,72,69,6.87,2,0.21
2025-11-22,7,01,1,4171,榎幸司,51,16,6.85,1,0.12
2025-11-22,7,02,4,4896,花本剛,66,29,6.84,4,0.16
2025-11-22,7,03,2,4191,赤羽克也,64,60,6.85,2,0.16
2025-11-22,7,04,3,3964,宮地博士,30,26,6.77,3,0.16
2025-11-22,7,05,5,4720,西澤日花里,13,64,6.77,5,0.16
2025-11-22,7,06,6,5406,小畑楓夏,27,18,6.84,6,0.26
2025-11-22,8,01,1,4790,柳内敬太,41,36,6.78,1,0.08
2025-11-22,8,02,2,4549,小林文彦,21,24,6.79,2,0.22
2025-11-22,8,03,3,4991,宗行治哉,32,27,6.79,3,0.17
2025-11-22,8,04,4,5317,長尾萌加,38,55,6.78,4,0.21
2025-11-22,8,05,5,4727,安部慎一,54,37,6.84,5,0.25
2025-11-22,8,06,6,4897,深見亜由美,19,34,6.79,6,0.35
2025-11-22,9,01,1,4552,杉山勝匡,29,35,6.76,1,0.14
2025-11-22,9,02,3,5074,大澤誠也,43,40,6.73,3,0.13
2025-11-22,9,03,6,4817,渡邉翼,56,63,6.81,6,0.07
2025-11-22,9,04,2,3772,一柳和孝,75,33,6.85,2,0.17
2025-11-22,9,05,5,4654,篠田優也,46,57,6.78,5,0.17
2025-11-22,9,06,4,4248,岡本大,18,53,6.84,4,0.13
2025-11-22,10,01,1,4958,溝口海義也,36,46,6.69,1,0.13
2025-11-22,10,02,2,3975,小野寺智洋,65,41,6.75,2,0.18
2025-11-22,10,03,3,4512,高野哲史,15,77,6.8,3,0.17
2025-11-22,10,04,4,4173,岡谷健吾,62,21,6.79,4,0.21
2025-11-22,10,05,5,4121,富永修一,76,68,6.84,5,0.19
2025-11-22,10,06,6,5057,上田紗奈,45,50,6.81,6,0.16
2025-11-22,11,01,1,4019,笠原亮,53,48,6.76,1,0.10
2025-11-22,11,02,2,4227,安達裕樹,26,19,6.81,2,0.14
2025-11-22,11,03,5,4601,森野正弘,55,39,6.77,5,0.06
2025-11-22,11,04,6,4102,益田啓司,68,45,6.76,6,0.12
2025-11-22,11,05,4,4118,宇佐見淳,52,52,6.75,4,0.07
2025-11-22,11,06,3,4303,牧原崇,23,66,6.79,3,0.10
2025-11-22,12,01,1,4174,赤坂俊輔,44,54,6.73,1,0.18
2025-11-22,12,02,2,4991,宗行治哉,32,27,6.77,2,0.14
2025-11-22,12,03,3,5195,北村寧々,58,58,6.79,3,0.14
2025-11-22,12,04,6,4171,榎幸司,51,16,6.89,6,0.19
2025-11-22,12,05,4,3563,堤昇,50,30,6.77,4,0.16
2025-11-22,12,06,5,4422,永井亮次,40,59,6.85,5,0.20
2025-11-25,1,01,4,3909,佐々木康幸,51,72,6.98,4,0.16
2025-11-25,1,02,6,4167,片岡秀樹,59,15,7.01,6,0.23
2025-11-25,1,03,5,4497,桑原悠,67,21,6.95,5,0.23
2025-11-25,1,04,1,3523,寳田亮治,28,55,7.0,1,0.26
2025-11-25,1,05,2,3710,吉永泰弘,24,50,6.92,2,0.31
2025-11-25,1,06,3,4404,岸蔭亮,58,35,6.96,3,0.33
2025-11-25,2,01,2,4826,井上一輝,33,43,6.91,2,0.10
2025-11-25,2,02,3,5092,篠原晟弥,71,41,6.93,3,0.13
2025-11-25,2,03,1,3726,桂林寛,74,14,7.06,1,0.15
2025-11-25,2,04,4,3893,汐崎正則,20,46,6.97,4,0.26
2025-11-25,2,05,5,5126,山下大輝,44,44,6.79,5,0.62
2025-11-25,2,06,6,5147,田中勇輔,22,64,6.87,6,0.44
2025-11-25,3,01,6,4352,下條雄太郎,21,37,6.95,5,0.14
2025-11-25,3,02,3,5120,山本稔太朗,48,58,6.88,3,0.15
2025-11-25,3,03,2,4401,小林泰,35,26,7.05,2,0.21
2025-11-25,3,04,5,3297,藤丸光一,73,69,6.92,4,0.23
2025-11-25,3,05,4,5170,佐藤太亮,69,25,6.93,6,0.14
2025-11-25,3,06,1,5083,柳瀬幹太,65,54,6.94,1,0.17
2025-11-25,4,01,1,4981,牧山敦也,46,23,6.99,1,0.17
2025-11-25,4,02,2,4504,前田将太,32,48,6.88,2,0.16
2025-11-25,4,03,4,4834,浜本裕己,57,45,6.9,4,0.15
2025-11-25,4,04,3,4723,寺島吉彦,61,36,6.96,3,0.17
2025-11-25,4,05,5,4247,齊藤優,19,38,7.01,5,0.24
2025-11-25,4,06,6,4094,中島真二,55,67,6.93,6,0.23
2025-11-25,5,01,1,4832,権藤俊光,16,22,6.93,1,0.17
2025-11-25,5,02,2,3773,津留浩一郎,64,40,6.82,2,0.14
2025-11-25,5,03,6,4477,篠崎仁志,63,34,6.91,6,0.20
2025-11-25,5,04,4,5005,石田貴洋,39,11,6.95,4,0.21
2025-11-25,5,05,3,3712,淺香文武,26,20,6.97,3,0.19
2025-11-25,5,06,5,4202,浮田圭浩,25,71,6.94,5,0.22
2025-11-25,6,01,1,4404,岸蔭亮,58,35,6.91,1,0.15
2025-11-25,6,02,5,4172,森定晃史,72,18,6.97,5,0.14
2025-11-25,6,03,4,3805,高橋英之,49,65,6.94,4,0.14
2025-11-25,6,04,2,3508,久富政弘,40,61,6.98,2,0.22
2025-11-25,6,05,3,3960,菊地孝平,11,75,6.96,3,0.16
2025-11-25,6,06,6,4521,小池公生,70,28,6.97,6,0.18
2025-11-25,7,01,3,4467,渡邉俊介,14,66,6.9,3,0.04
2025-11-25,7,02,6,3710,吉永泰弘,24,50,6.97,6,0.05
2025-11-25,7,03,2,3527,中嶋誠一郎,31,30,6.94,2,0.05
2025-11-25,7,04,5,5083,柳瀬幹太,65,54,6.93,5,0.03
2025-11-25,7,05,4,3726,桂林寛,74,14,7.04,4,0.08
2025-11-25,7,F,1,4514,上條嘉嗣,45,51,6.93,1,F0.01
2025-11-25,8,01,2,4553,坪口竜也,50,49,6.96,2,0.10
2025-11-25,8,02,4,4926,吉川貴仁,34,68,6.83,4,0.12
2025-11-25,8,03,1,5170,佐藤太亮,69,25,6.94,1,0.08
2025-11-25,8,04,5,3523,寳田亮治,28,55,6.92,5,0.15
2025-11-25,8,05,6,3893,汐崎正則,20,46,6.96,6,0.23
2025-11-25,8,06,3,5073,上原健次郎,38,33,6.94,3,0.18
2025-11-25,9,01,3,5136,濱野斗馬,60,12,6.93,3,0.16
2025-11-25,9,02,1,3853,岩崎正哉,54,62,6.92,1,0.19
2025-11-25,9,03,2,5147,田中勇輔,22,64,6.89,2,0.24
2025-11-25,9,04,4,4977,馬野耀,17,53,6.95,4,0.16
2025-11-25,9,05,5,5120,山本稔太朗,48,58,6.9,5,0.17
2025-11-25,9,06,6,4723,寺島吉彦,61,36,6.97,6,0.28
2025-11-25,10,01,1,3909,佐々木康幸,51,72,6.9,1,0.07
2025-11-25,10,02,4,4451,松崎祐太郎,47,59,6.93,4,0.07
2025-11-25,10,03,2,5092,篠原晟弥,71,41,6.94,2,0.12
2025-11-25,10,04,3,4163,山崎裕司,37,56,6.85,3,0.10
2025-11-25,10,05,5,4981,牧山敦也,46,23,6.94,5,0.08
2025-11-25,10,06,6,4318,桑原将光,12,31,6.96,6,0.15
2025-11-25,11,01,1,4497,桑原悠,67,21,6.96,1,0.09
2025-11-25,11,02,4,5126,山下大輝,44,44,6.81,4,0.14
2025-11-25,11,03,6,4401,小林泰,35,26,6.93,6,0.03
2025-11-25,11,04,5,4832,権藤俊光,16,22,6.88,5,0.12
2025-11-25,11,05,2,4247,齊藤優,19,38,6.92,2,0.21
2025-11-25,11,06,3,4521,小池公生,70,28,6.97,3,0.16
2025-11-25,12,01,3,4514,上條嘉嗣,45,51,6.94,3,0.16
2025-11-25,12,02,1,3960,菊地孝平,11,75,6.91,1,0.13
2025-11-25,12,03,6,4826,井上一輝,33,43,6.84,6,0.05
2025-11-25,12,04,4,4352,下條雄太郎,21,37,6.87,4,0.12
2025-11-25,12,05,2,4477,篠崎仁志,63,34,6.91,2,0.13
2025-11-25,12,S0,5,4504,前田将太,32,48,6.94,5,0.09
2025-11-26,1,01,5,4926,吉川貴仁,34,68,6.75,5,0.04
2025-11-26,1,02,4,4202,浮田圭浩,25,71,6.86,4,0.09
2025-11-26,1,03,6,5073,上原健次郎,38,33,6.78,6,0.08
2025-11-26,1,04,3,5147,田中勇輔,22,64,6.84,3,0.08
2025-11-26,1,05,1,3773,津留浩一郎,64,40,6.77,1,0.12
2025-11-26,1,06,2,4521,小池公生,70,28,6.87,2,0.17
2025-11-26,2,01,2,4352,下條雄太郎,21,37,6.78,2,0.11
2025-11-26,2,02,1,3710,吉永泰弘,24,50,6.78,1,0.12
2025-11-26,2,03,6,3508,久富政弘,40,61,6.84,6,0.29
2025-11-26,2,04,4,4172,森定晃史,72,18,6.88,4,0.15
2025-11-26,2,05,5,5005,石田貴洋,39,11,6.82,5,0.14
2025-11-26,2,06,3,4094,中島真二,55,67,6.83,3,0.12
2025-11-26,3,01,1,3712,淺香文武,26,20,6.87,1,0.09
2025-11-26,3,02,4,4826,井上一輝,33,43,6.81,4,0.14
2025-11-26,3,03,5,4553,坪口竜也,50,49,6.8,5,0.28
2025-11-26,3,04,3,4167,片岡秀樹,59,15,6.84,3,0.14
2025-11-26,3,05,6,3297,藤丸光一,73,69,6.81,6,0.32
2025-11-26,3,06,2,3805,高橋英之,49,65,6.79,2,0.13
2025-11-26,4,01,1,4834,浜本裕己,57,45,6.81,1,0.08
2025-11-26,4,02,2,5136,濱野斗馬,60,12,6.87,2,0.15
2025-11-26,4,03,4,4497,桑原悠,67,21,6.85,4,0.25
2025-11-26,4,04,5,3893,汐崎正則,20,46,6.85,5,0.23
2025-11-26,4,05,6,3853,岩崎正哉,54,62,6.87,6,0.29
2025-11-26,4,06,3,3523,寳田亮治,28,55,6.87,3,0.19
2025-11-26,5,01,6,3909,佐々木康幸,51,72,6.78,3,0.06
2025-11-26,5,02,1,3527,中嶋誠一郎,31,30,6.8,1,0.02
2025-11-26,5,03,4,4504,前田将太,32,16,6.76,5,0.07
2025-11-26,5,04,5,4977,馬野耀,17,53,6.82,6,0.08
2025-11-26,5,05,3,3726,桂林寛,74,14,6.82,4,0.05
2025-11-26,5,06,2,4723,寺島吉彦,61,36,6.8,2,0.14
2025-11-26,6,01,3,4832,権藤俊光,16,22,6.81,3,0.13
2025-11-26,6,02,1,5120,山本稔太朗,48,58,6.79,1,0.12
2025-11-26,6,03,2,4451,松崎祐太郎,47,59,6.84,2,0.18
2025-11-26,6,04,4,5083,柳瀬幹太,65,54,6.77,4,0.11
2025-11-26,6,05,5,5147,田中勇輔,22,64,6.83,5,0.12
2025-11-26,6,06,6,4163,山崎裕司,37,56,6.79,6,0.15
2025-11-26,7,01,1,4318,桑原将光,12,31,6.89,1,0.13
2025-11-26,7,02,2,5170,佐藤太亮,69,25,6.83,2,0.12
2025-11-26,7,03,6,4514,上條嘉嗣,45,51,6.86,6,0.13
2025-11-26,7,04,4,4981,牧山敦也,46,23,6.91,4,0.16
2025-11-26,7,05,3,3773,津留浩一郎,64,40,6.77,3,0.10
2025-11-26,7,06,5,4094,中島真二,55,67,6.88,5,0.12
2025-11-26,8,01,1,4247,齊藤優,19,38,6.83,1,0.13
2025-11-26,8,02,3,4477,篠崎仁志,63,60,6.8,3,0.15
2025-11-26,8,03,6,5092,篠原晟弥,71,41,6.82,6,0.09
2025-11-26,8,04,4,4467,渡邉俊介,14,66,6.83,4,0.11
2025-11-26,8,05,5,3508,久富政弘,40,61,6.83,5,0.18
2025-11-26,8,06,2,3712,淺香文武,26,20,6.9,2,0.19
2025-11-26,9,01,1,4401,小林泰,35,26,6.87,1,0.06
2025-11-26,9,02,5,3960,菊地孝平,11,75,6.8,5,0.07
2025-11-26,9,03,3,5005,石田貴洋,39,11,6.83,3,0.09
2025-11-26,9,04,4,3297,藤丸光一,73,69,6.8,4,0.11
2025-11-26,9,05,6,5126,山下大輝,44,44,6.7,6,0.09
2025-11-26,9,06,2,4202,浮田圭浩,25,71,6.85,2,0.12
2025-11-26,10,01,1,4926,吉川貴仁,34,68,6.72,1,0.09
2025-11-26,10,02,6,4172,森定晃史,72,18,6.84,6,0.14
2025-11-26,10,03,3,3527,中嶋誠一郎,31,30,6.84,3,0.11
2025-11-26,10,04,5,4404,岸蔭亮,58,35,6.8,5,0.10
2025-11-26,10,05,4,4167,片岡秀樹,59,15,6.82,4,0.12
2025-11-26,10,06,2,3853,岩崎正哉,54,62,6.84,2,0.13
2025-11-26,11,01,1,4352,下條雄太郎,21,37,6.81,1,0.11
2025-11-26,11,02,3,3805,高橋英之,49,65,6.8,3,0.16
2025-11-26,11,03,2,4977,馬野耀,17,53,6.83,2,0.14
2025-11-26,11,04,5,5073,上原健次郎,38,33,6.79,5,0.23
2025-11-26,11,05,4,4163,山崎裕司,37,56,6.8,4,0.27
2025-11-26,11,06,6,5136,濱野斗馬,60,12,6.84,6,0.22
2025-11-26,12,01,1,4504,前田将太,32,16,6.8,1,0.06
2025-11-26,12,02,2,4834,浜本裕己,57,45,6.75,2,0.07
2025-11-26,12,03,3,4553,坪口竜也,50,49,6.78,3,0.07
2025-11-26,12,04,5,4467,渡邉俊介,14,66,6.77,5,0.07
2025-11-26,12,05,6,4451,松崎祐太郎,47,59,6.79,6,0.12
2025-11-26,12,06,4,4318,桑原将光,12,31,6.84,4,0.12
2025-11-27,1,01,2,5073,上原健次郎,38,33,6.94,2,0.17
2025-11-27,1,02,3,4172,森定晃史,72,18,7.02,3,0.19
2025-11-27,1,03,5,4723,寺島吉彦,61,36,7.02,5,0.15
2025-11-27,1,04,4,4247,齊藤優,19,38,6.91,4,0.15
2025-11-27,1,05,6,3523,寳田亮治,28,55,6.98,6,0.22
2025-11-27,1,06,1,4094,中島真二,55,67,7.0,1,0.19
2025-11-27,2,01,2,4404,岸蔭亮,58,35,7.15,2,0.22
2025-11-27,2,02,3,4451,松崎祐太郎,47,59,7.09,3,0.17
2025-11-27,2,03,6,4981,牧山敦也,46,23,7.08,6,0.21
2025-11-27,2,04,5,3710,吉永泰弘,24,50,7.04,5,0.19
2025-11-27,2,05,1,3893,汐崎正則,20,46,7.06,1,0.20
2025-11-27,2,06,4,4521,小池公生,70,28,7.09,4,0.20
2025-11-27,3,01,2,4497,桑原悠,67,21,6.95,2,0.17
2025-11-27,3,02,3,5126,山下大輝,44,44,6.91,3,0.13
2025-11-27,3,03,6,5083,柳瀬幹太,65,54,6.96,6,0.14
2025-11-27,3,04,1,3297,藤丸光一,73,69,6.95,1,0.18
2025-11-27,3,05,4,3773,津留浩一郎,64,40,6.95,4,0.09
2025-11-27,3,06,5,3726,桂林寛,74,14,7.11,5,0.13
2025-11-27,4,01,2,5120,山本稔太朗,48,58,6.99,2,0.19
2025-11-27,4,02,1,5005,石田貴洋,39,11,6.98,1,0.15
2025-11-27,4,03,5,4352,下條雄太郎,21,37,6.94,5,0.12
2025-11-27,4,04,3,3853,岩崎正哉,54,62,6.99,3,0.18
2025-11-27,4,05,4,5092,篠原晟弥,71,41,7.02,4,0.18
2025-11-27,4,06,6,3712,淺香文武,26,20,7.05,6,0.23
2025-11-27,5,01,2,4832,権藤俊光,16,22,6.91,2,0.10
2025-11-27,5,02,4,4826,井上一輝,33,43,6.95,4,0.07
2025-11-27,5,03,5,3909,佐々木康幸,51,72,7.04,5,0.10
2025-11-27,5,04,6,4202,浮田圭浩,25,71,7.0,6,0.12
2025-11-27,5,05,1,4723,寺島吉彦,61,36,6.98,1,0.24
2025-11-27,5,06,3,5170,佐藤太亮,69,25,6.97,3,0.13
2025-11-27,6,01,1,3805,高橋英之,49,65,7.0,1,0.09
2025-11-27,6,02,4,3960,菊地孝平,11,75,7.01,4,0.04
2025-11-27,6,03,6,4977,馬野耀,17,53,6.97,6,0.08
2025-11-27,6,04,3,4834,浜本裕己,57,45,7.03,3,0.10
2025-11-27,6,05,2,4094,中島真二,55,67,7.04,2,0.17
2025-11-27,6,06,5,4318,桑原将光,12,31,6.96,5,0.08
2025-11-27,7,01,1,4521,小池公生,70,28,6.96,1,0.20
2025-11-27,7,02,2,4926,吉川貴仁,34,68,6.85,2,0.18
2025-11-27,7,03,6,4514,上條嘉嗣,45,51,6.9,6,0.26
2025-11-27,7,04,3,4401,小林泰,35,26,7.03,3,0.21
2025-11-27,7,05,5,4167,片岡秀樹,59,15,6.99,5,0.19
2025-11-27,7,06,4,3508,久富政弘,40,61,6.98,4,0.20
2025-11-27,8,01,5,4477,篠崎仁志,63,60,6.91,5,0.16
2025-11-27,8,02,1,4163,山崎裕司,37,56,6.83,1,0.17
2025-11-27,8,03,3,3893,汐崎正則,20,39,6.93,3,0.14
2025-11-27,8,04,4,5147,田中勇輔,22,64,6.93,4,0.16
2025-11-27,8,05,2,3726,桂林寛,74,14,6.95,2,0.20
2025-11-27,8,06,6,4247,齊藤優,19,73,6.96,6,0.16
2025-11-27,9,01,1,4553,坪口竜也,50,49,6.91,1,0.08
2025-11-27,9,02,4,5073,上原健次郎,38,33,6.9,4,0.10
2025-11-27,9,03,2,5083,柳瀬幹太,65,54,6.88,2,0.11
2025-11-27,9,04,3,4826,井上一輝,33,43,6.89,3,0.07
2025-11-27,9,05,5,4451,松崎祐太郎,47,59,6.95,5,0.15
2025-11-27,9,06,6,3527,中嶋誠一郎,31,30,6.96,6,0.18
2025-11-27,10,01,1,5136,濱野斗馬,60,12,6.9,1,0.08
2025-11-27,10,02,3,4504,前田将太,32,16,6.91,3,0.14
2025-11-27,10,03,4,3710,吉永泰弘,24,50,6.88,4,0.16
2025-11-27,10,04,6,4467,渡邉俊介,14,66,6.88,6,0.12
2025-11-27,10,05,2,3523,寳田亮治,28,55,6.96,2,0.31
2025-11-27,10,06,5,5170,佐藤太亮,69,25,6.88,5,0.12
2025-11-27,11,01,1,4172,森定晃史,72,18,6.91,1,0.17
2025-11-27,11,02,2,5126,山下大輝,44,44,6.81,2,0.21
2025-11-27,11,03,4,4832,権藤俊光,16,22,6.9,4,0.16
2025-11-27,11,04,3,4981,牧山敦也,46,23,6.98,3,0.18
2025-11-27,11,05,5,5092,篠原晟弥,71,41,6.97,5,0.18
2025-11-27,11,05,6,3960,菊地孝平,11,75,6.85,6,0.17
2025-11-27,12,01,1,4477,篠崎仁志,63,60,6.88,1,0.10
2025-11-27,12,02,2,3909,佐々木康幸,51,72,6.96,2,0.10
2025-11-27,12,03,4,5120,山本稔太朗,48,58,6.91,4,0.14
2025-11-27,12,04,3,4497,桑原悠,67,21,6.99,3,0.09
2025-11-27,12,05,5,4401,小林泰,35,26,6.95,5,0.16
2025-11-27,12,06,6,4404,岸蔭亮,58,35,6.92,6,0.15
2025-11-28,1,01,1,4977,馬野耀,17,53,6.81,1,0.15
2025-11-28,1,02,5,4497,桑原悠,67,21,6.81,5,0.03
2025-11-28,1,03,2,5005,石田貴洋,39,11,6.81,2,0.10
2025-11-28,1,04,3,3710,吉永泰弘,24,50,6.75,3,0.09
2025-11-28,1,05,6,3773,津留浩一郎,64,40,6.76,6,0.01
2025-11-28,1,06,4,3712,淺香文武,26,20,6.83,4,0.12
2025-11-28,2,01,1,4202,浮田圭浩,25,71,6.85,1,0.11
2025-11-28,2,02,3,3297,藤丸光一,73,69,6.79,3,0.20
2025-11-28,2,03,5,4163,山崎裕司,37,56,6.77,5,0.23
2025-11-28,2,04,4,4504,前田将太,32,16,6.82,4,0.18
2025-11-28,2,05,6,4553,坪口竜也,50,49,6.85,6,0.20
2025-11-28,2,06,2,4981,牧山敦也,46,23,6.94,2,0.18
2025-11-28,3,01,1,4167,片岡秀樹,59,15,6.85,1,0.08
2025-11-28,3,02,2,3893,汐崎正則,20,39,6.86,2,0.12
2025-11-28,3,03,5,4826,井上一輝,33,43,6.82,5,0.15
2025-11-28,3,04,3,3508,久富政弘,40,61,6.88,3,0.12
2025-11-28,3,05,4,5136,濱野斗馬,60,12,6.86,4,0.18
2025-11-28,3,06,6,3726,桂林寛,74,14,6.89,6,0.25
2025-11-28,4,01,1,5092,篠原晟弥,71,41,6.76,1,0.07
2025-11-28,4,02,5,3527,中嶋誠一郎,31,30,6.82,5,0.09
2025-11-28,4,03,2,4467,渡邉俊介,14,66,6.82,2,0.07
2025-11-28,4,04,4,4477,篠崎仁志,63,60,6.84,4,0.12
2025-11-28,4,05,3,5083,柳瀬幹太,65,54,6.76,3,0.08
2025-11-28,4,06,6,3805,高橋英之,49,65,6.79,6,0.09
2025-11-28,5,01,2,3960,菊地孝平,11,75,6.75,2,0.14
2025-11-28,5,02,1,5073,上原健次郎,38,33,6.76,1,0.16
2025-11-28,5,03,3,4926,吉川貴仁,34,68,6.77,3,0.15
2025-11-28,5,04,5,4834,浜本裕己,57,45,6.8,5,0.23
2025-11-28,5,05,4,3523,寳田亮治,28,55,6.87,4,0.20
2025-11-28,5,06,6,5120,山本稔太朗,48,58,6.82,6,0.22
2025-11-28,6,01,2,4352,下條雄太郎,21,37,6.76,2,0.10
2025-11-28,6,02,3,4318,桑原将光,12,31,6.81,3,0.14
2025-11-28,6,03,6,5170,佐藤太亮,69,25,6.8,6,0.16
2025-11-28,6,04,4,3853,岩崎正哉,54,62,6.82,4,0.19
2025-11-28,6,05,1,5147,田中勇輔,22,64,6.77,1,0.16
2025-11-28,6,06,5,3773,津留浩一郎,64,40,6.72,5,0.12
2025-11-28,7,01,1,5126,山下大輝,44,44,6.69,1,0.14
2025-11-28,7,02,2,3297,藤丸光一,73,69,6.71,2,0.21
2025-11-28,7,03,6,4514,上條嘉嗣,45,51,6.76,6,0.18
2025-11-28,7,04,5,5136,濱野斗馬,60,12,6.79,5,0.15
2025-11-28,7,05,3,4247,齊藤優,19,73,6.73,3,0.15
2025-11-28,7,06,4,4723,寺島吉彦,61,36,6.84,4,0.12
2025-11-28,8,01,1,3508,久富政弘,40,61,6.77,1,0.18
2025-11-28,8,02,3,4202,浮田圭浩,25,71,6.82,3,0.17
2025-11-28,8,03,2,4172,森定晃史,72,18,6.8,2,0.14
2025-11-28,8,04,5,3805,高橋英之,49,65,6.77,5,0.13
2025-11-28,8,05,4,4401,小林泰,35,26,6.8,4,0.13
2025-11-28,8,06,6,5005,石田貴洋,39,11,6.77,6,0.17
2025-11-28,9,01,1,4467,渡邉俊介,14,66,6.71,1,0.09
2025-11-28,9,02,3,3909,佐々木康幸,51,72,6.79,3,0.03
2025-11-28,9,03,2,4167,片岡秀樹,59,15,6.76,2,0.04
2025-11-28,9,04,5,4504,前田将太,32,16,6.77,5,0.14
2025-11-28,9,05,6,4834,浜本裕己,57,45,6.72,6,0.17
2025-11-28,9,06,4,4404,岸蔭亮,58,35,6.77,4,0.11
2025-11-28,10,01,3,3960,菊地孝平,11,75,6.7,3,0.09
2025-11-28,10,02,1,4451,松崎祐太郎,47,59,6.78,1,0.09
2025-11-28,10,03,6,4832,権藤俊光,16,22,6.73,6,0.08
2025-11-28,10,04,4,4553,坪口竜也,50,49,6.77,4,0.13
2025-11-28,10,05,2,4318,桑原将光,12,31,6.82,2,0.10
2025-11-28,10,06,5,3712,淺香文武,26,20,6.81,5,0.09
2025-11-28,11,01,1,4826,井上一輝,33,43,6.69,1,0.11
2025-11-28,11,02,2,4163,山崎裕司,37,56,6.71,2,0.18
2025-11-28,11,03,6,4926,吉川貴仁,34,68,6.7,6,0.14
2025-11-28,11,04,4,3527,中嶋誠一郎,31,30,6.8,4,0.20
2025-11-28,11,05,5,3853,岩崎正哉,54,62,6.75,5,0.19
2025-11-28,11,06,3,4977,馬野耀,17,53,6.76,3,0.18
2025-11-28,12,01,1,4352,下條雄太郎,21,37,6.69,1,0.16
2025-11-28,12,02,3,4981,牧山敦也,46,23,6.83,3,0.13
2025-11-28,12,03,2,5092,篠原晟弥,71,41,6.76,2,0.15
2025-11-28,12,04,6,4497,桑原悠,67,21,6.79,6,0.10
2025-11-28,12,05,5,4401,小林泰,35,26,6.83,5,0.10
2025-11-28,12,06,4,4247,齊藤優,19,73,6.79,4,0.10
2025-11-29,1,01,1,4553,坪口竜也,50,49,6.82,1,0.04
2025-11-29,1,02,5,3297,藤丸光一,73,69,6.77,5,0.18
2025-11-29,1,03,3,3527,中嶋誠一郎,31,30,6.83,3,0.33
2025-11-29,1,04,4,3805,高橋英之,49,65,6.83,4,0.10
2025-11-29,1,05,6,3909,佐々木康幸,51,72,6.82,6,0.11
2025-11-29,1,06,2,4404,岸蔭亮,58,35,6.81,2,0.04
2025-11-29,2,01,3,4834,浜本裕己,57,45,6.79,3,0.06
2025-11-29,2,02,5,4167,片岡秀樹,59,15,6.85,5,0.11
2025-11-29,2,03,6,4832,権藤俊光,16,22,6.79,6,0.13
2025-11-29,2,04,1,5092,篠原晟弥,71,41,6.79,1,0.06
2025-11-29,2,05,4,4172,森定晃史,72,18,6.89,4,0.09
2025-11-29,2,06,2,3773,津留浩一郎,64,40,6.75,2,0.29
2025-11-29,3,01,1,5120,山本稔太朗,48,58,6.79,1,0.07
2025-11-29,3,02,2,5005,石田貴洋,39,11,6.82,2,0.07
2025-11-29,3,03,4,5136,濱野斗馬,60,12,6.89,4,0.12
2025-11-29,3,04,6,4352,下條雄太郎,21,37,6.8,6,0.12
2025-11-29,3,05,3,4202,浮田圭浩,25,71,6.85,3,0.14
2025-11-29,3,06,5,3523,寳田亮治,28,55,6.88,5,0.13
2025-11-29,4,01,1,4497,桑原悠,67,21,6.82,1,0.11
2025-11-29,4,02,2,3710,吉永泰弘,24,50,6.85,2,0.13
2025-11-29,4,03,3,4467,渡邉俊介,14,66,6.82,3,0.13
2025-11-29,4,04,4,4451,松崎祐太郎,47,59,6.84,4,0.17
2025-11-29,4,05,6,5147,田中勇輔,22,64,6.84,6,0.13
2025-11-29,4,06,5,3893,汐崎正則,20,39,6.83,5,0.15
2025-11-29,5,01,1,4926,吉川貴仁,34,68,6.74,1,0.06
2025-11-29,5,02,4,5073,上原健次郎,38,33,6.81,4,0.10
2025-11-29,5,03,2,4981,牧山敦也,46,23,6.89,2,0.07
2025-11-29,5,04,6,5083,柳瀬幹太,65,54,6.78,6,0.10
2025-11-29,5,05,5,4477,篠崎仁志,63,60,6.88,5,0.09
2025-11-29,5,06,3,4318,桑原将光,12,31,6.88,3,0.07
2025-11-29,6,01,1,4826,井上一輝,33,43,6.76,1,0.05
2025-11-29,6,02,5,3960,菊地孝平,11,75,6.77,5,0.01
2025-11-29,6,03,4,4404,岸蔭亮,58,35,6.86,4,0.03
2025-11-29,6,04,6,5170,佐藤太亮,69,25,6.83,6,0.10
2025-11-29,6,05,3,3853,岩崎正哉,54,62,6.86,3,0.16
2025-11-29,6,06,2,4723,寺島吉彦,61,36,6.9,2,0.11
2025-11-29,7,01,1,4504,前田将太,32,16,6.83,1,0.14
2025-11-29,7,02,2,4401,小林泰,35,26,6.86,2,0.14
2025-11-29,7,03,6,4834,浜本裕己,57,45,6.82,6,0.21
2025-11-29,7,04,3,4163,山崎裕司,37,56,6.8,3,0.11
2025-11-29,7,05,5,3805,高橋英之,49,65,6.84,5,0.05
2025-11-29,7,06,4,3712,淺香文武,26,20,6.96,4,0.18
2025-11-29,8,01,1,5126,山下大輝,44,44,6.79,1,0.11
2025-11-29,8,02,6,4977,馬野耀,17,53,6.86,6,0.13
2025-11-29,8,03,5,3508,久富政弘,40,61,6.85,5,0.14
2025-11-29,8,04,3,4247,齊藤優,19,73,6.87,3,0.21
2025-11-29,8,05,4,3726,桂林寛,74,14,6.89,4,0.13
2025-11-29,8,06,2,5147,田中勇輔,22,64,6.75,2,0.16
2025-11-29,9,01,1,4832,権藤俊光,16,22,6.77,1,0.05
2025-11-29,9,02,3,4172,森定晃史,72,18,6.86,3,0.04
2025-11-29,9,03,2,4926,吉川貴仁,34,68,6.76,2,0.06
2025-11-29,9,04,5,4451,松崎祐太郎,47,59,6.82,5,0.10
2025-11-29,9,05,4,4553,坪口竜也,50,49,6.84,4,0.10
2025-11-29,9,06,6,5120,山本稔太朗,48,58,6.77,6,0.10
2025-11-29,10,01,1,3909,佐々木康幸,51,72,6.77,1,0.03
2025-11-29,10,02,5,5136,濱野斗馬,60,12,6.83,5,0.07
2025-11-29,10,03,2,4826,井上一輝,33,43,6.74,2,0.03
2025-11-29,10,04,3,4477,篠崎仁志,63,60,6.8,3,0.04
2025-11-29,10,05,6,5092,篠原晟弥,71,41,6.76,6,0.02
2025-11-29,10,06,4,4467,渡邉俊介,14,66,6.81,4,0.05
2025-11-29,11,01,1,4352,下條雄太郎,21,37,6.75,1,0.08
2025-11-29,11,02,4,5126,山下大輝,44,44,6.77,4,0.13
2025-11-29,11,03,3,3960,菊地孝平,11,75,6.78,3,0.12
2025-11-29,11,04,5,5073,上原健次郎,38,33,6.74,5,0.15
2025-11-29,11,05,6,4504,前田将太,32,16,6.84,6,0.14
2025-11-29,11,06,2,4497,桑原悠,67,21,6.84,2,0.09
2025-11-29,12,01,1,4977,馬野耀,17,53,6.81,1,0.08
2025-11-29,12,02,3,4167,片岡秀樹,59,15,6.83,3,0.18
2025-11-29,12,03,5,3710,吉永泰弘,24,50,6.76,5,0.25
2025-11-29,12,04,4,4318,桑原将光,12,31,6.82,4,0.23
2025-11-29,12,05,6,4514,上條嘉嗣,45,51,6.81,6,0.29
2025-11-29,12,06,2,4202,浮田圭浩,25,71,6.83,2,0.17
2025-11-30,1,01,1,3527,中嶋誠一郎,31,30,6.85,1,0.13
2025-11-30,1,02,5,4981,牧山敦也,46,23,6.92,5,0.25
2025-11-30,1,03,2,3508,久富政弘,40,61,6.89,2,0.14
2025-11-30,1,04,4,3297,藤丸光一,73,69,6.78,4,0.20
2025-11-30,1,05,6,3712,淺香文武,26,20,6.92,6,0.22
2025-11-30,1,06,3,3726,桂林寛,74,14,6.9,3,0.14
2025-11-30,2,01,2,5083,柳瀬幹太,65,54,6.75,2,0.08
2025-11-30,2,02,5,4977,馬野耀,17,53,6.88,5,0.19
2025-11-30,2,03,3,3773,津留浩一郎,64,40,6.83,3,0.20
2025-11-30,2,04,1,5073,上原健次郎,38,33,6.82,1,0.14
2025-11-30,2,05,4,3893,汐崎正則,20,39,6.86,4,0.19
2025-11-30,2,06,6,4163,山崎裕司,37,56,6.83,6,0.23
2025-11-30,3,01,1,4467,渡邉俊介,14,66,6.82,1,0.09
2025-11-30,3,02,6,4926,吉川貴仁,34,68,6.73,6,0.22
2025-11-30,3,03,4,3523,寳田亮治,28,55,6.84,4,0.06
2025-11-30,3,04,2,5170,佐藤太亮,69,25,6.88,2,0.11
2025-11-30,3,05,3,3853,岩崎正哉,54,62,6.86,3,0.09
2025-11-30,3,06,5,5147,田中勇輔,22,64,6.8,5,0.06
2025-11-30,4,01,1,4834,浜本裕己,57,45,6.85,1,0.23
2025-11-30,4,02,4,4167,片岡秀樹,59,15,6.89,4,0.17
2025-11-30,4,03,5,4553,坪口竜也,50,49,6.85,5,0.20
2025-11-30,4,04,2,4504,前田将太,32,16,6.84,2,0.20
2025-11-30,4,05,6,4401,小林泰,35,26,6.89,6,0.15
2025-11-30,4,06,3,5005,石田貴洋,39,11,6.85,3,0.14
2025-11-30,5,01,1,4451,松崎祐太郎,47,59,6.87,1,0.10
2025-11-30,5,02,6,4826,井上一輝,33,43,6.82,6,0.13
2025-11-30,5,03,2,4318,桑原将光,12,31,6.9,2,0.14
2025-11-30,5,04,4,3710,吉永泰弘,24,50,6.83,4,0.14
2025-11-30,5,05,3,5092,篠原晟弥,71,41,6.84,3,0.18
2025-11-30,5,06,5,4404,岸蔭亮,58,35,6.91,5,0.11
2025-11-30,6,01,1,3960,菊地孝平,11,75,6.77,1,0.11
2025-11-30,6,02,2,5120,山本稔太朗,48,58,6.83,2,0.13
2025-11-30,6,03,4,3508,久富政弘,40,61,6.85,4,0.21
2025-11-30,6,04,3,4497,桑原悠,67,21,6.87,3,0.12
2025-11-30,6,05,5,3773,津留浩一郎,64,40,6.8,5,0.17
2025-11-30,6,06,6,4723,寺島吉彦,61,36,6.92,6,0.16
2025-11-30,7,01,1,4477,篠崎仁志,63,60,6.84,1,0.13
2025-11-30,7,02,2,3523,寳田亮治,28,55,6.87,2,0.16
2025-11-30,7,03,3,3893,汐崎正則,20,39,6.87,3,0.16
2025-11-30,7,04,4,3726,桂林寛,74,14,6.89,4,0.11
2025-11-30,7,05,6,4514,上條嘉嗣,45,51,6.86,6,0.10
2025-11-30,7,06,5,4202,浮田圭浩,25,71,6.88,5,0.11
2025-11-30,8,01,1,4163,山崎裕司,37,56,6.78,1,0.11
2025-11-30,8,02,5,5170,佐藤太亮,69,25,6.8,5,0.04
2025-11-30,8,03,4,4247,齊藤優,19,73,6.85,4,0.05
2025-11-30,8,04,6,5005,石田貴洋,39,11,6.79,6,0.08
2025-11-30,8,05,3,3805,高橋英之,49,65,6.84,3,0.10
2025-11-30,8,06,2,3297,藤丸光一,73,69,6.72,2,0.18
2025-11-30,9,01,2,4977,馬野耀,17,53,6.84,2,0.13
2025-11-30,9,02,1,4401,小林泰,35,26,6.84,1,0.12
2025-11-30,9,03,4,3853,岩崎正哉,54,62,6.86,4,0.10
2025-11-30,9,04,6,3527,中嶋誠一郎,31,30,6.87,6,0.07
2025-11-30,9,05,5,4318,桑原将光,12,31,6.88,5,0.06
2025-11-30,9,06,3,5083,柳瀬幹太,65,54,6.78,3,0.22
2025-11-30,10,01,1,4826,井上一輝,33,43,6.78,1,0.10
2025-11-30,10,02,5,4497,桑原悠,67,21,6.9,5,0.15
2025-11-30,10,03,4,4553,坪口竜也,50,49,6.85,4,0.16
2025-11-30,10,04,3,4451,松崎祐太郎,47,59,6.85,3,0.14
2025-11-30,10,05,2,3960,菊地孝平,11,75,6.74,2,0.14
2025-11-30,10,06,6,4467,渡邉俊介,14,66,6.81,6,0.14
2025-11-30,11,01,1,4926,吉川貴仁,34,68,6.78,1,0.11
2025-11-30,11,02,2,4477,篠崎仁志,63,60,6.84,2,0.19
2025-11-30,11,03,6,5120,山本稔太朗,48,58,6.81,6,0.10
2025-11-30,11,04,4,5092,篠原晟弥,71,41,6.82,4,0.13
2025-11-30,11,05,5,4504,前田将太,32,16,6.83,5,0.13
2025-11-30,11,06,3,5073,上原健次郎,38,33,6.81,3,0.15
2025-11-30,12,01,1,4352,下條雄太郎,21,37,6.79,1,0.12
2025-11-30,12,02,6,5136,濱野斗馬,60,12,6.84,6,0.09
2025-11-30,12,03,3,4832,権藤俊光,16,22,6.8,3,0.14
2025-11-30,12,04,4,4172,森定晃史,72,18,6.86,4,0.14
2025-11-30,12,05,2,3909,佐々木康幸,51,72,6.81,2,0.14
2025-11-30,12,06,5,5126,山下大輝,44,44,6.74,5,0.09
2025-12-03,1,01,6,3627,井上恵一,29,33,6.77,6,0.35
2025-12-03,1,02,2,4416,三宅健太,41,34,6.81,2,0.23
2025-12-03,1,03,4,3315,広瀬聖仁,11,63,6.81,4,0.29
2025-12-03,1,04,1,3459,中野和裕,55,67,6.75,1,0.17
2025-12-03,1,05,3,5238,笹木香吾,52,35,6.82,3,0.22
2025-12-03,1,06,5,3966,作間章,67,17,6.81,5,0.43
2025-12-03,2,01,2,5060,数原魁,13,52,6.76,2,0.20
2025-12-03,2,02,4,5132,中野希一,51,56,6.83,4,0.22
2025-12-03,2,03,5,4815,伏島祐介,31,40,6.86,5,0.21
2025-12-03,2,04,6,4948,木場悠介,66,69,6.76,6,0.23
2025-12-03,2,05,1,3809,吉田光,19,47,6.75,1,0.49
2025-12-03,2,06,3,4022,待鳥雄紀,72,46,6.88,3,0.64
2025-12-03,3,01,1,3637,齋藤和政,61,24,6.79,1,0.12
2025-12-03,3,02,6,4375,照屋厚仁,54,37,6.87,6,0.23
2025-12-03,3,03,2,5176,石倉拓美,12,29,6.83,2,0.13
2025-12-03,3,04,3,5031,渡辺空依,76,21,6.86,3,0.18
2025-12-03,3,05,4,4715,村上遼,27,45,6.86,4,0.18
2025-12-03,3,06,5,5339,石井伸長,75,50,6.82,5,0.22
2025-12-03,4,01,3,4892,柴田直哉,71,18,6.74,3,0.06
2025-12-03,4,02,2,4925,森悠稀,44,76,6.81,2,0.09
2025-12-03,4,03,5,4421,森作広大,18,41,6.9,5,0.14
2025-12-03,4,04,6,4685,島村隆幸,35,26,6.83,6,0.14
2025-12-03,4,05,1,3949,今出晋二,53,61,6.83,1,0.18
2025-12-03,4,06,4,3584,佐々木英樹,34,59,6.91,4,0.13
2025-12-03,5,01,3,4389,伊藤喜智,36,70,6.8,3,0.17
2025-12-03,5,02,6,4472,尾嶋一広,33,54,6.74,6,0.17
2025-12-03,5,03,2,4684,楠原翔太,22,11,6.84,2,0.20
2025-12-03,5,04,4,4704,河野大,14,77,6.82,4,0.17
2025-12-03,5,05,5,4111,奥田誠,60,53,6.82,5,0.18
2025-12-03,5,06,1,3617,竹田広樹,37,27,6.82,1,0.13
2025-12-03,6,01,1,4033,伊藤将吉,23,78,6.73,1,0.13
2025-12-03,6,02,3,4725,佐竹太一,57,44,6.77,3,0.17
2025-12-03,6,03,4,4119,泥谷一毅,59,28,6.74,4,0.17
2025-12-03,6,04,2,4821,妻鳥晋也,56,64,6.8,2,0.19
2025-12-03,6,05,6,3315,広瀬聖仁,11,63,6.77,5,0.39
2025-12-03,6,06,5,5404,内田壮,62,58,6.81,6,0.54
2025-12-03,7,01,1,4852,川原祐明,64,57,6.81,1,0.12
2025-12-03,7,02,3,5011,高木圭大,15,36,6.87,3,0.06
2025-12-03,7,03,5,5238,笹木香吾,52,35,6.88,5,0.04
2025-12-03,7,04,4,4533,峰重侑治,47,14,6.86,4,0.17
2025-12-03,7,05,2,4022,待鳥雄紀,72,46,6.91,2,0.07
2025-12-03,7,06,6,5372,上岡巧汰,25,13,6.87,6,0.08
2025-12-03,8,01,1,5125,高井雄基,73,75,6.77,1,0.04
2025-12-03,8,02,6,4428,有賀達也,30,48,6.76,6,0.06
2025-12-03,8,03,4,3809,吉田光,19,47,6.83,4,0.06
2025-12-03,8,04,3,4581,吉村誠,43,74,6.74,3,0.05
2025-12-03,8,05,5,4416,三宅健太,41,34,6.77,5,0.07
2025-12-03,8,06,2,5031,渡辺空依,76,21,6.83,2,0.05
2025-12-03,9,01,1,4216,星栄爾,40,19,6.77,1,0.21
2025-12-03,9,02,3,3966,作間章,67,17,6.84,3,0.25
2025-12-03,9,03,5,5060,数原魁,13,52,6.75,5,0.34
2025-12-03,9,04,2,4389,伊藤喜智,36,70,6.73,2,0.24
2025-12-03,9,05,6,3584,佐々木英樹,34,59,6.88,6,0.35
2025-12-03,9,06,4,3637,齋藤和政,61,24,6.87,4,0.41
2025-12-03,10,01,1,3548,室田泰史,63,32,6.77,1,0.09
2025-12-03,10,02,2,4960,黒野元基,68,51,6.8,2,0.17
2025-12-03,10,03,3,4815,伏島祐介,31,40,6.82,3,0.23
2025-12-03,10,04,6,4704,河野大,14,77,6.79,6,0.15
2025-12-03,10,05,5,4892,柴田直哉,71,18,6.74,5,0.15
2025-12-03,10,S0,4,4375,照屋厚仁,54,37,6.82,4,0.20
2025-12-03,11,01,1,4715,村上遼,27,45,6.75,1,0.13
2025-12-03,11,02,3,4033,伊藤将吉,23,78,6.71,3,0.19
2025-12-03,11,03,2,4472,尾嶋一広,33,54,6.73,2,0.22
2025-12-03,11,04,4,4685,島村隆幸,35,26,6.8,4,0.20
2025-12-03,11,05,5,4852,川原祐明,64,57,6.8,5,0.23
2025-12-03,11,06,6,5132,中野希一,51,56,6.78,6,0.29
2025-12-03,12,F,1,4119,泥谷一毅,59,28,6.73,1,F0.07
2025-12-03,12,F,2,5339,石井伸長,75,50,6.8,2,F0.03
2025-12-03,12,F,3,4925,森悠稀,44,76,6.76,3,F0.03
2025-12-03,12,F,4,5125,高井雄基,73,75,6.83,4,F0.02
2025-12-03,12,F,5,4684,楠原翔太,22,11,6.84,5,F0.01
2025-12-03,12,00,6,4533,峰重侑治,47,14,6.76,6,0.08
2025-12-04,1,01,1,3315,広瀬聖仁,11,63,6.72,1,0.05
2025-12-04,1,02,3,4715,村上遼,27,45,6.73,3,0.04
2025-12-04,1,03,2,4111,奥田誠,60,53,6.76,2,0.09
2025-12-04,1,04,6,3617,竹田広樹,37,27,6.8,5,0.09
2025-12-04,1,05,4,3548,室田泰史,63,32,6.78,4,0.06
2025-12-04,1,06,5,5372,上岡巧汰,25,13,6.73,6,0.05
2025-12-04,2,01,1,3627,井上恵一,29,33,6.65,1,0.08
2025-12-04,2,02,5,4033,伊藤将吉,23,78,6.72,5,0.12
2025-12-04,2,03,2,4704,河野大,14,77,6.73,2,0.08
2025-12-04,2,04,4,3459,中野和裕,55,67,6.77,4,0.09
2025-12-04,2,05,3,3949,今出晋二,53,61,6.73,3,0.06
2025-12-04,2,06,6,5339,石井伸長,75,50,6.75,6,0.16
2025-12-04,3,01,2,5060,数原魁,13,52,6.73,2,0.19
2025-12-04,3,02,5,4960,黒野元基,68,51,6.72,5,0.20
2025-12-04,3,03,4,4472,尾嶋一広,33,54,6.73,4,0.19
2025-12-04,3,04,1,3584,佐々木英樹,34,59,6.77,1,0.27
2025-12-04,3,05,3,4821,妻鳥晋也,56,64,6.76,3,0.21
2025-12-04,3,06,6,5404,内田壮,62,58,6.77,6,0.26
2025-12-04,4,01,3,4216,星栄爾,40,19,6.79,4,0.09
2025-12-04,4,02,4,4852,川原祐明,64,57,6.75,5,0.10
2025-12-04,4,03,6,3809,吉田光,19,47,6.74,2,0.23
2025-12-04,4,04,2,4421,森作広大,18,41,6.75,3,0.16
2025-12-04,4,05,5,5176,石倉拓美,12,29,6.81,6,0.10
2025-12-04,4,06,1,4533,峰重侑治,47,14,6.7,1,0.27
2025-12-04,5,01,2,5132,中野希一,51,56,6.71,2,0.10
2025-12-04,5,02,3,3966,作間章,67,17,6.79,3,0.08
2025-12-04,5,03,4,4725,佐竹太一,57,44,6.74,4,0.14
2025-12-04,5,04,1,4375,照屋厚仁,54,37,6.75,1,0.13
2025-12-04,5,05,6,4684,楠原翔太,22,11,6.75,6,0.15
2025-12-04,5,06,5,3637,齋藤和政,61,24,6.84,5,0.15
2025-12-04,6,01,1,4685,島村隆幸,35,26,6.73,1,0.09
2025-12-04,6,02,4,3617,竹田広樹,37,27,6.73,4,0.12
2025-12-04,6,03,3,4416,三宅健太,41,34,6.8,3,0.10
2025-12-04,6,04,5,4581,吉村誠,43,74,6.72,5,0.09
2025-12-04,6,05,6,4119,泥谷一毅,59,28,6.75,6,0.10
2025-12-04,6,06,2,5011,高木圭大,15,36,6.79,2,0.18
2025-12-04,7,01,1,4428,有賀達也,30,48,6.76,1,0.07
2025-12-04,7,02,3,4948,木場悠介,66,69,6.76,3,0.14
2025-12-04,7,03,5,5031,渡辺空依,76,21,6.81,5,0.16
2025-12-04,7,S1,2,4892,柴田直哉,71,30,6.72,2,0.11
2025-12-04,7,S2,4,4033,伊藤将吉,23,78,6.75,4,0.14
2025-12-04,7,S0,6,5125,高井雄基,73,75,6.81,6,0.16
2025-12-04,8,01,1,4472,尾嶋一広,33,54,6.69,1,0.09
2025-12-04,8,02,2,5238,笹木香吾,52,35,6.78,2,0.14
2025-12-04,8,03,3,4111,奥田誠,60,53,6.8,3,0.17
2025-12-04,8,04,4,4022,待鳥雄紀,72,46,6.81,4,0.19
2025-12-04,8,05,6,4925,森悠稀,44,76,6.72,6,0.21
2025-12-04,8,06,5,3459,中野和裕,55,67,6.78,5,0.19
2025-12-04,9,01,4,3627,井上恵一,29,33,6.82,4,0.07
2025-12-04,9,02,6,3949,今出晋二,53,61,6.79,5,0.17
2025-12-04,9,03,1,5132,中野希一,51,56,6.8,1,0.19
2025-12-04,9,04,3,5176,石倉拓美,12,29,6.81,3,0.17
2025-12-04,9,05,5,5404,内田壮,62,58,6.8,6,0.20
2025-12-04,9,06,2,4815,伏島祐介,31,40,6.78,2,0.22
2025-12-04,10,01,1,4704,河野大,14,77,6.78,1,0.09
2025-12-04,10,02,2,4581,吉村誠,43,74,6.76,2,0.10
2025-12-04,10,03,4,5060,数原魁,13,52,6.75,4,0.17
2025-12-04,10,04,5,4389,伊藤喜智,36,70,6.76,5,0.13
2025-12-04,10,05,3,4852,川原祐明,64,57,6.74,3,0.11
2025-12-04,10,06,6,3548,室田泰史,63,32,6.78,6,0.11
2025-12-04,11,01,2,4685,島村隆幸,35,26,6.76,2,0.19
2025-12-04,11,02,3,4960,黒野元基,68,51,6.74,3,0.20
2025-12-04,11,03,1,3966,作間章,67,17,6.78,1,0.16
2025-12-04,11,04,4,4428,有賀達也,30,48,6.74,4,0.14
2025-12-04,11,05,5,4715,村上遼,27,45,6.8,5,0.19
2025-12-04,11,06,6,4216,星栄爾,40,19,6.8,6,0.27
2025-12-04,12,01,3,4421,森作広大,18,41,6.78,3,0.07
2025-12-04,12,02,2,4725,佐竹太一,57,44,6.76,2,0.16
2025-12-04,12,03,5,4821,妻鳥晋也,56,64,6.8,5,0.08
2025-12-04,12,04,4,5011,高木圭大,15,36,6.77,4,0.05
2025-12-04,12,05,1,4948,木場悠介,66,69,6.75,1,0.13
2025-12-04,12,06,6,5372,上岡巧汰,25,13,6.77,6,0.02
2025-12-05,1,01,5,3627,井上恵一,29,33,6.68,4,0.20
2025-12-05,1,02,1,4389,伊藤喜智,36,70,6.68,1,0.24
2025-12-05,1,03,3,4022,待鳥雄紀,72,46,6.76,3,0.21
2025-12-05,1,04,6,4852,川原祐明,64,57,6.73,6,0.20
2025-12-05,1,05,4,3809,吉田光,19,47,6.77,5,0.19
2025-12-05,1,06,2,4375,照屋厚仁,54,37,6.78,2,0.33
2025-12-05,2,01,2,3315,広瀬聖仁,11,63,6.73,2,0.13
2025-12-05,2,02,3,5238,笹木香吾,52,35,6.71,3,0.11
2025-12-05,2,03,1,4428,有賀達也,30,48,6.68,1,0.12
2025-12-05,2,04,6,4715,村上遼,27,45,6.73,6,0.15
2025-12-05,2,05,4,4948,木場悠介,66,69,6.66,4,0.17
2025-12-05,2,06,5,4725,佐竹太一,57,44,6.72,5,0.19
2025-12-05,3,01,1,3966,作間章,67,17,6.76,1,0.07
2025-12-05,3,02,5,4960,黒野元基,68,51,6.71,5,0.14
2025-12-05,3,03,3,4704,河野大,14,77,6.77,3,0.12
2025-12-05,3,04,2,3584,佐々木英樹,34,59,6.79,2,0.12
2025-12-05,3,05,4,4416,三宅健太,41,34,6.73,4,0.16
2025-12-05,3,06,6,4684,楠原翔太,22,11,6.81,6,0.13
2025-12-05,4,01,1,4472,尾嶋一広,33,54,6.64,1,0.14
2025-12-05,4,02,5,4216,星栄爾,40,19,6.73,5,0.10
2025-12-05,4,03,4,4892,柴田直哉,71,30,6.7,4,0.11
2025-12-05,4,04,3,4533,峰重侑治,47,14,6.66,3,0.18
2025-12-05,4,05,2,4815,伏島祐介,31,40,6.76,2,0.19
2025-12-05,4,06,6,5339,石井伸長,75,50,6.75,6,0.14
2025-12-05,5,01,1,5060,数原魁,13,52,6.69,1,0.10
2025-12-05,5,02,5,4685,島村隆幸,35,26,6.74,5,0.24
2025-12-05,5,03,3,3459,中野和裕,55,67,6.77,3,0.10
2025-12-05,5,04,4,4421,森作広大,18,41,6.73,4,0.22
2025-12-05,5,05,6,5011,高木圭大,15,36,6.74,6,0.22
2025-12-05,5,06,2,3637,齋藤和政,61,24,6.87,2,0.15
2025-12-05,6,01,1,4581,吉村誠,43,74,6.73,1,0.10
2025-12-05,6,02,5,5132,中野希一,51,56,6.74,5,0.09
2025-12-05,6,03,2,3617,竹田広樹,37,27,6.74,2,0.09
2025-12-05,6,04,3,5031,渡辺空依,76,21,6.8,3,0.10
2025-12-05,6,05,6,4022,待鳥雄紀,72,46,6.79,6,0.15
2025-12-05,6,06,4,5176,石倉拓美,12,29,6.78,4,0.08
2025-12-05,7,01,1,3548,室田泰史,63,32,6.81,1,0.06
2025-12-05,7,02,2,4821,妻鳥晋也,56,64,6.76,2,0.10
2025-12-05,7,03,3,3809,吉田光,19,47,6.86,3,0.07
2025-12-05,7,04,6,4119,泥谷一毅,59,28,6.75,6,0.15
2025-12-05,7,05,5,5404,内田壮,62,58,6.81,5,0.15
2025-12-05,7,06,4,3949,今出晋二,53,61,6.77,4,0.23
2025-12-05,8,01,1,4111,奥田誠,60,53,6.77,1,0.13
2025-12-05,8,02,3,4375,照屋厚仁,54,37,6.83,3,0.11
2025-12-05,8,03,4,4533,峰重侑治,47,14,6.73,4,0.23
2025-12-05,8,04,2,4948,木場悠介,66,69,6.75,2,0.14
2025-12-05,8,05,6,4925,森悠稀,44,76,6.71,5,0.20
2025-12-05,8,06,5,5372,上岡巧汰,25,13,6.75,6,0.13
2025-12-05,9,01,1,4685,島村隆幸,35,26,6.71,1,0.07
2025-12-05,9,02,3,4852,川原祐明,64,57,6.75,3,0.12
2025-12-05,9,03,4,4725,佐竹太一,57,44,6.76,4,0.12
2025-12-05,9,04,5,3315,広瀬聖仁,11,63,6.73,5,0.11
2025-12-05,9,05,2,4472,尾嶋一広,33,54,6.66,2,0.08
2025-12-05,9,06,6,3966,作間章,67,17,6.77,6,0.12
2025-12-05,10,01,1,4960,黒野元基,68,51,6.68,1,0.09
2025-12-05,10,02,4,4715,村上遼,27,45,6.79,4,0.09
2025-12-05,10,03,2,5060,数原魁,13,52,6.71,2,0.14
2025-12-05,10,04,5,4389,伊藤喜智,36,70,6.76,5,0.18
2025-12-05,10,05,6,4581,吉村誠,43,74,6.72,6,0.14
2025-12-05,10,06,3,4216,星栄爾,40,19,6.74,3,0.14
2025-12-05,11,01,1,3627,井上恵一,29,33,6.68,1,0.06
2025-12-05,11,02,3,5132,中野希一,51,56,6.76,3,0.02
2025-12-05,11,03,2,4428,有賀達也,30,48,6.72,2,0.07
2025-12-05,11,04,4,4704,河野大,14,77,6.78,4,0.13
2025-12-05,11,05,6,3548,室田泰史,63,32,6.76,6,0.14
2025-12-05,11,06,5,4421,森作広大,18,41,6.79,5,0.14
2025-12-05,12,01,4,5238,笹木香吾,52,35,6.82,4,0.19
2025-12-05,12,02,6,5404,内田壮,62,58,6.74,6,0.31
2025-12-05,12,03,5,4892,柴田直哉,71,30,6.69,5,0.24
2025-12-05,12,04,1,5011,高木圭大,15,36,6.74,1,0.27
2025-12-05,12,05,3,4416,三宅健太,41,34,6.8,3,0.23
2025-12-05,12,06,2,5031,渡辺空依,76,21,6.78,2,0.24
2025-12-06,1,01,1,4421,森作広大,18,41,6.77,1,0.10
2025-12-06,1,02,3,3584,佐々木英樹,34,59,6.85,3,0.15
2025-12-06,1,03,2,3809,吉田光,19,47,6.74,2,0.15
2025-12-06,1,04,4,5176,石倉拓美,12,29,6.81,4,0.19
2025-12-06,1,05,6,5372,上岡巧汰,25,13,6.75,6,0.09
2025-12-06,1,06,5,3617,竹田広樹,37,27,6.75,5,0.15
2025-12-06,2,01,1,4725,佐竹太一,57,44,6.78,1,0.19
2025-12-06,2,02,2,4948,木場悠介,66,69,6.74,2,0.14
2025-12-06,2,03,5,4821,妻鳥晋也,56,64,6.77,5,0.17
2025-12-06,2,04,3,3459,中野和裕,55,67,6.82,3,0.16
2025-12-06,2,05,4,5011,高木圭大,15,36,6.79,4,0.26
2025-12-06,2,06,6,5238,笹木香吾,52,35,6.81,6,0.13
2025-12-06,3,01,1,4216,星栄爾,40,19,6.79,1,0.11
2025-12-06,3,02,2,4389,伊藤喜智,36,70,6.79,2,0.14
2025-12-06,3,03,3,4815,伏島祐介,31,40,6.8,3,0.19
2025-12-06,3,04,5,4375,照屋厚仁,54,37,6.86,5,0.27
2025-12-06,3,05,4,5031,渡辺空依,76,21,6.82,4,0.21
2025-12-06,3,06,6,3637,齋藤和政,61,24,6.88,6,0.23
2025-12-06,4,01,3,3949,今出晋二,53,61,6.79,3,0.14
2025-12-06,4,02,4,5060,数原魁,13,52,6.74,4,0.17
2025-12-06,4,03,1,4416,三宅健太,41,34,6.78,1,0.14
2025-12-06,4,04,2,3315,広瀬聖仁,11,63,6.81,2,0.18
2025-12-06,4,05,6,5404,内田壮,62,58,6.77,6,0.17
2025-12-06,4,06,5,4533,峰重侑治,47,14,6.73,5,0.15
2025-12-06,5,01,2,3548,室田泰史,63,32,6.84,2,0.01
2025-12-06,5,02,4,4111,奥田誠,60,53,6.83,4,0.10
2025-12-06,5,03,3,4472,尾嶋一広,33,54,6.73,3,0.16
2025-12-06,5,04,5,5372,上岡巧汰,25,13,6.81,6,0.05
2025-12-06,5,05,6,4684,楠原翔太,22,11,6.86,5,0.23
2025-12-06,5,06,1,4022,待鳥雄紀,72,46,6.79,1,0.16
2025-12-06,6,01,1,3966,作間章,67,17,6.81,1,0.09
2025-12-06,6,02,4,4821,妻鳥晋也,56,64,6.77,4,0.12
2025-12-06,6,03,5,4428,有賀達也,30,48,6.72,5,0.06
2025-12-06,6,04,3,5176,石倉拓美,12,29,6.82,3,0.17
2025-12-06,6,05,2,4892,柴田直哉,71,30,6.77,2,0.11
2025-12-06,6,06,6,5339,石井伸長,75,50,6.79,6,0.11
2025-12-06,7,01,1,4581,吉村誠,43,74,6.75,1,0.14
2025-12-06,7,02,5,3584,佐々木英樹,34,59,6.89,5,0.09
2025-12-06,7,03,6,4925,森悠稀,44,76,6.76,6,0.17
2025-12-06,7,04,2,5011,高木圭大,15,36,6.81,2,0.15
2025-12-06,7,05,4,3459,中野和裕,55,67,6.78,4,0.21
2025-12-06,7,S1,3,4375,照屋厚仁,54,37,6.91,3,0.17
2025-12-06,8,01,1,4704,河野大,14,77,6.8,1,0.13
2025-12-06,8,02,2,4533,峰重侑治,47,14,6.77,2,0.22
2025-12-06,8,03,4,3949,今出晋二,53,61,6.83,4,0.21
2025-12-06,8,04,6,4119,泥谷一毅,59,28,6.79,5,0.18
2025-12-06,8,05,3,3617,竹田広樹,37,27,6.79,3,0.24
2025-12-06,8,06,5,5031,渡辺空依,76,21,6.82,6,0.23
2025-12-06,9,01,1,5238,笹木香吾,52,35,6.78,1,0.08
2025-12-06,9,02,2,4111,奥田誠,60,53,6.83,2,0.05
2025-12-06,9,03,4,4948,木場悠介,66,69,6.77,4,0.09
2025-12-06,9,04,6,4416,三宅健太,41,34,6.8,5,0.20
2025-12-06,9,05,5,4815,伏島祐介,31,40,6.83,6,0.20
2025-12-06,9,06,3,3809,吉田光,19,47,6.79,3,0.03
2025-12-06,10,01,1,4428,有賀達也,30,48,6.77,1,0.09
2025-12-06,10,02,3,3315,広瀬聖仁,11,63,6.83,3,0.10
2025-12-06,10,03,2,4725,佐竹太一,57,44,6.81,2,0.15
2025-12-06,10,04,4,4472,尾嶋一広,33,54,6.75,4,0.12
2025-12-06,10,05,6,4421,森作広大,18,41,6.8,6,0.18
2025-12-06,10,06,5,4216,星栄爾,40,19,6.81,5,0.12
2025-12-06,11,01,1,3627,井上恵一,29,33,6.74,1,0.13
2025-12-06,11,02,4,5132,中野希一,51,56,6.83,4,0.19
2025-12-06,11,03,5,4852,川原祐明,64,57,6.8,5,0.20
2025-12-06,11,04,2,4960,黒野元基,68,51,6.74,2,0.10
2025-12-06,11,05,3,4685,島村隆幸,35,26,6.79,3,0.13
2025-12-06,11,06,6,4715,村上遼,27,45,6.8,6,0.14
2025-12-06,12,01,1,5060,数原魁,13,52,6.75,1,0.14
2025-12-06,12,02,3,4389,伊藤喜智,36,70,6.79,3,0.20
2025-12-06,12,03,4,4581,吉村誠,43,74,6.79,4,0.13
2025-12-06,12,04,2,4704,河野大,14,77,6.83,2,0.13
2025-12-06,12,05,6,3966,作間章,67,17,6.9,6,0.26
2025-12-06,12,06,5,3548,室田泰史,63,32,6.87,5,0.19
2025-12-13,1,01,3,3825,宮嵜隆太郎,24,16,6.81,3,0.10
2025-12-13,1,02,1,3211,北川敏弘,55,78,6.9,1,0.13
2025-12-13,1,03,5,4982,中村将隆,63,54,6.82,5,0.15
2025-12-13,1,04,6,4919,吉田翔悟,27,44,6.8,6,0.15
2025-12-13,1,05,2,3878,胡本悟志,46,14,6.82,2,0.13
2025-12-13,1,06,4,4299,中島浩哉,68,67,6.84,4,0.12
2025-12-13,2,01,3,3740,大澤普司,18,47,6.83,3,0.22
2025-12-13,2,02,1,4944,田代達也,71,48,6.79,1,0.22
2025-12-13,2,03,5,5055,眞鳥章太,32,74,6.84,5,0.14
2025-12-13,2,04,4,4835,橋本明,53,34,6.85,4,0.17
2025-12-13,2,05,6,3535,渡修平,54,37,6.91,6,0.23
2025-12-13,2,06,2,4803,飯田庄吾,28,31,6.83,2,0.27
2025-12-13,3,01,4,4492,本多宏和,58,27,6.82,4,0.08
2025-12-13,3,02,5,3873,別府昌樹,48,19,6.84,5,0.06
2025-12-13,3,03,1,4332,村上彰一,16,20,6.81,1,0.16
2025-12-13,3,04,6,3226,浦田信義,65,36,6.8,6,0.12
2025-12-13,3,05,2,5026,安河内健,76,61,6.85,2,0.17
2025-12-13,3,06,3,3950,石川哲秀,69,53,6.9,3,0.19
2025-12-13,4,01,5,3024,西島義則,35,60,6.84,2,0.24
2025-12-13,4,02,6,4356,長岡良也,13,23,6.85,4,0.29
2025-12-13,4,03,1,5352,西岡蒼志,40,73,6.8,1,0.28
2025-12-13,4,04,4,5374,木山大聖,36,50,6.81,6,0.28
2025-12-13,4,05,3,4181,花本夏樹,50,76,6.89,5,0.34
2025-12-13,4,S1,2,4487,三原司,26,11,6.86,3,0.32
2025-12-13,5,01,4,3984,坂口周,74,43,6.82,4,0.14
2025-12-13,5,02,1,3569,増田進,14,69,6.76,1,0.16
2025-12-13,5,03,5,3477,近藤稔也,61,38,6.88,5,0.17
2025-12-13,5,04,2,4592,小林孝弘,72,57,6.87,2,0.16
2025-12-13,5,05,3,4195,前川守嗣,67,41,6.88,3,0.19
2025-12-13,5,06,6,5431,得山大輝,49,71,6.84,6,0.06
2025-12-13,6,01,2,4154,森安弘雅,25,28,6.82,2,0.11
2025-12-13,6,02,1,4508,野間大樹,21,22,6.74,1,0.17
2025-12-13,6,03,4,4305,金子拓矢,37,45,6.87,4,0.18
2025-12-13,6,04,3,5143,常盤海心,73,70,6.86,3,0.15
2025-12-13,6,05,6,5401,谷海夏人,41,62,6.87,6,0.17
2025-12-13,6,06,5,3825,宮嵜隆太郎,24,16,6.83,5,0.23
2025-12-13,7,01,1,4850,野中一平,56,65,6.9,1,0.05
2025-12-13,7,02,3,4460,後藤翔之,39,32,6.89,3,0.13
2025-12-13,7,03,5,4803,飯田庄吾,28,31,6.83,5,0.09
2025-12-13,7,04,4,3211,北川敏弘,55,78,6.87,4,0.07
2025-12-13,7,05,6,4069,山本修一,23,25,6.84,6,0.22
2025-12-13,7,06,2,3869,井芹大志,45,29,6.88,2,0.08
2025-12-13,8,01,1,3873,別府昌樹,48,19,6.91,1,0.11
2025-12-13,8,02,3,3574,大神康司,20,51,6.88,3,0.12
2025-12-13,8,03,2,3535,渡修平,54,37,6.91,2,0.14
2025-12-13,8,04,6,3878,胡本悟志,46,14,6.84,6,0.14
2025-12-13,8,05,5,5403,藤山湧太,70,55,6.81,5,0.14
2025-12-13,8,06,4,4293,鈴木智啓,51,35,6.91,4,0.16
2025-12-13,9,01,1,4089,妹尾忠幸,19,39,6.89,1,0.18
2025-12-13,9,02,5,4607,鶴田勇雄,75,64,6.88,5,0.19
2025-12-13,9,03,6,4835,橋本明,53,34,6.9,6,0.14
2025-12-13,9,04,4,4181,花本夏樹,50,76,6.9,4,0.23
2025-12-13,9,05,3,4526,池田雄祐,15,75,6.86,3,0.17
2025-12-13,9,06,2,3950,石川哲秀,69,53,6.95,2,0.21
2025-12-13,10,01,1,4072,森永淳,17,46,6.78,1,0.15
2025-12-13,10,02,2,4411,沢田昭宏,38,13,6.85,2,0.18
2025-12-13,10,03,4,4000,松本博昭,31,15,6.86,4,0.13
2025-12-13,10,04,3,4919,吉田翔悟,27,44,6.84,3,0.16
2025-12-13,10,05,6,4592,小林孝弘,72,57,6.9,6,0.18
2025-12-13,10,06,5,4944,田代達也,71,48,6.84,5,0.10
2025-12-13,11,01,1,3024,西島義則,35,60,6.79,1,0.11
2025-12-13,11,02,5,4492,本多宏和,58,27,6.81,5,0.16
2025-12-13,11,03,3,4982,中村将隆,63,54,6.82,3,0.14
2025-12-13,11,04,2,5055,眞鳥章太,32,74,6.82,2,0.14
2025-12-13,11,05,6,4195,前川守嗣,67,41,6.9,6,0.15
2025-12-13,11,06,4,4154,森安弘雅,25,28,6.79,4,0.16
2025-12-13,12,01,1,4305,金子拓矢,37,45,6.84,1,0.17
2025-12-13,12,02,2,4356,長岡良也,13,23,6.81,2,0.22
2025-12-13,12,03,3,3984,坂口周,74,43,6.85,3,0.21
2025-12-13,12,04,4,4460,後藤翔之,39,32,6.84,4,0.19
2025-12-13,12,05,5,3740,大澤普司,18,47,6.81,5,0.19
2025-12-13,12,06,6,5026,安河内健,76,61,6.89,6,0.20
2025-12-14,1,01,4,3226,浦田信義,65,36,6.87,4,0.12
2025-12-14,1,02,1,4299,中島浩哉,68,67,6.94,1,0.10
2025-12-14,1,03,2,4332,村上彰一,16,20,6.89,2,0.13
2025-12-14,1,04,3,3477,近藤稔也,61,38,6.98,3,0.19
2025-12-14,1,05,5,5401,谷海夏人,41,62,6.95,6,0.29
2025-12-14,1,S0,6,3869,井芹大志,45,29,6.87,5,0.20
2025-12-14,2,01,1,3825,宮嵜隆太郎,24,16,6.93,1,0.22
2025-12-14,2,02,2,4293,鈴木智啓,51,35,7.05,2,0.20
2025-12-14,2,03,3,5352,西岡蒼志,40,73,6.89,3,0.17
2025-12-14,2,04,4,4411,沢田昭宏,38,13,6.99,4,0.27
2025-12-14,2,05,5,3211,北川敏弘,55,78,7.01,5,0.29
2025-12-14,2,06,6,5374,木山大聖,36,50,6.83,6,0.20
2025-12-14,3,01,5,3574,大神康司,20,51,7.05,3,0.23
2025-12-14,3,02,4,3024,西島義則,35,60,6.94,2,0.12
2025-12-14,3,03,3,4850,野中一平,56,65,6.92,4,0.17
2025-12-14,3,04,6,3569,増田進,14,69,6.96,6,0.18
2025-12-14,3,05,1,4982,中村将隆,63,54,6.96,1,0.15
2025-12-14,3,06,2,5143,常盤海心,73,70,6.99,5,0.16
2025-12-14,4,01,1,4181,花本夏樹,50,76,6.91,1,0.17
2025-12-14,4,02,2,4526,池田雄祐,15,75,6.92,2,0.13
2025-12-14,4,03,3,4000,松本博昭,31,15,6.95,3,0.20
2025-12-14,4,04,4,4803,飯田庄吾,28,31,6.86,4,0.20
2025-12-14,4,05,5,4508,野間大樹,21,22,6.79,5,0.17
2025-12-14,4,06,6,4072,森永淳,17,46,6.87,6,0.19
2025-12-14,5,01,1,4492,本多宏和,58,27,6.92,1,0.16
2025-12-14,5,02,4,5026,安河内健,76,61,6.87,4,0.14
2025-12-14,5,03,3,4089,妹尾忠幸,19,39,6.93,3,0.12
2025-12-14,5,04,6,4487,三原司,26,11,6.93,5,0.17
2025-12-14,5,05,2,4944,田代達也,71,48,6.82,2,0.15
2025-12-14,5,06,5,5431,得山大輝,49,71,6.9,6,0.20
2025-12-14,6,01,4,4356,長岡良也,13,23,6.83,4,0.10
2025-12-14,6,02,1,4835,橋本明,53,34,6.91,1,0.22
2025-12-14,6,03,2,4069,山本修一,23,25,6.89,2,0.12
2025-12-14,6,04,3,3869,井芹大志,45,29,6.84,3,0.32
2025-12-14,6,05,6,5403,藤山湧太,70,55,6.87,6,0.15
2025-12-14,6,06,5,3950,石川哲秀,69,53,6.97,5,0.10
2025-12-14,7,01,1,4411,沢田昭宏,38,13,6.84,1,0.25
2025-12-14,7,02,2,3740,大澤普司,18,47,6.81,2,0.28
2025-12-14,7,03,4,4607,鶴田勇雄,75,64,6.96,4,0.29
2025-12-14,7,04,3,3535,渡修平,54,37,6.88,3,0.33
2025-12-14,7,05,5,3878,胡本悟志,46,14,6.85,5,0.27
2025-12-14,7,06,6,5401,谷海夏人,41,62,6.84,6,0.26
2025-12-14,8,01,1,3574,大神康司,20,51,6.86,1,0.02
2025-12-14,8,02,6,4305,金子拓矢,37,45,6.88,5,0.01
2025-12-14,8,03,5,5374,木山大聖,36,50,6.81,6,0.02
2025-12-14,8,04,2,3477,近藤稔也,61,38,6.84,2,0.06
2025-12-14,8,F,3,3873,別府昌樹,48,19,6.88,3,F0.03
2025-12-14,8,F,4,4919,吉田翔悟,27,44,6.82,4,F0.01
2025-12-14,9,01,2,4460,後藤翔之,39,32,6.94,2,0.15
2025-12-14,9,02,1,4000,松本博昭,31,30,6.86,1,0.12
2025-12-14,9,03,3,4592,小林孝弘,72,57,6.96,3,0.14
2025-12-14,9,04,6,5143,常盤海心,73,70,6.97,6,0.19
2025-12-14,9,05,4,4195,前川守嗣,67,41,6.95,4,0.16
2025-12-14,9,06,5,4299,中島浩哉,68,67,6.99,5,0.15
2025-12-14,10,01,1,3984,坂口周,74,43,6.84,1,0.17
2025-12-14,10,02,2,3226,浦田信義,65,36,6.74,2,0.13
2025-12-14,10,03,3,5055,眞鳥章太,32,74,6.82,3,0.12
2025-12-14,10,04,4,4487,三原司,26,11,6.83,4,0.12
2025-12-14,10,05,5,4526,池田雄祐,15,75,6.78,5,0.09
2025-12-14,10,06,6,4154,森安弘雅,25,28,6.76,6,0.33
2025-12-14,11,01,1,4356,長岡良也,13,23,6.75,1,0.15
2025-12-14,11,02,3,4072,森永淳,17,46,6.78,3,0.14
2025-12-14,11,03,5,4332,村上彰一,16,20,6.79,5,0.26
2025-12-14,11,04,4,4089,妹尾忠幸,19,39,6.82,4,0.18
2025-12-14,11,05,2,3569,増田進,14,69,6.83,2,0.20
2025-12-14,11,06,6,4293,鈴木智啓,51,35,6.9,6,0.28
2025-12-14,12,01,1,5026,安河内健,76,61,6.75,1,0.19
2025-12-14,12,02,3,4508,野間大樹,21,40,6.68,3,0.15
2025-12-14,12,03,4,4069,山本修一,23,25,6.74,4,0.18
2025-12-14,12,04,5,5352,西岡蒼志,40,73,6.73,5,0.12
2025-12-14,12,05,2,4607,鶴田勇雄,75,64,6.81,2,0.21
2025-12-14,12,06,6,4850,野中一平,56,65,6.8,6,0.14
2025-12-15,1,01,3,4487,三原司,26,11,6.82,3,0.12
2025-12-15,1,02,1,4803,飯田庄吾,28,31,6.8,1,0.09
2025-12-15,1,03,2,5352,西岡蒼志,40,73,6.76,2,0.11
2025-12-15,1,04,5,5143,常盤海心,73,70,6.8,6,0.16
2025-12-15,1,05,6,3211,北川敏弘,55,78,6.9,5,0.11
2025-12-15,1,06,4,3878,胡本悟志,46,14,6.81,4,0.13
2025-12-15,2,01,2,4850,野中一平,56,65,6.77,2,0.11
2025-12-15,2,02,1,3950,石川哲秀,69,53,6.87,1,0.09
2025-12-15,2,03,5,4305,金子拓矢,37,45,6.8,5,0.12
2025-12-15,2,04,3,4332,村上彰一,16,20,6.78,3,0.15
2025-12-15,2,05,4,4592,小林孝弘,72,57,6.83,4,0.13
2025-12-15,2,06,6,5403,藤山湧太,70,55,6.78,6,0.09
2025-12-15,3,01,1,4526,池田雄祐,15,75,6.75,1,0.11
2025-12-15,3,02,3,4492,本多宏和,58,27,6.87,3,0.07
2025-12-15,3,03,4,4072,森永淳,17,46,6.76,4,0.09
2025-12-15,3,04,5,3869,井芹大志,45,29,6.82,5,0.14
2025-12-15,3,05,2,4982,中村将隆,63,54,6.83,2,0.10
2025-12-15,3,06,6,5431,得山大輝,49,71,6.83,6,0.12
2025-12-15,4,01,1,3226,浦田信義,65,36,6.72,1,0.07
2025-12-15,4,02,2,4835,橋本明,53,34,6.85,2,0.04
2025-12-15,4,03,3,4299,中島浩哉,68,67,6.82,3,0.05
2025-12-15,4,04,4,3740,大澤普司,18,47,6.79,4,0.12
2025-12-15,4,05,6,4411,沢田昭宏,38,13,6.81,6,0.14
2025-12-15,4,06,5,4181,花本夏樹,50,76,6.82,5,0.20
2025-12-15,5,01,6,3984,坂口周,74,43,6.8,5,0.17
2025-12-15,5,02,1,3535,渡修平,54,37,6.79,1,0.15
2025-12-15,5,03,3,4944,田代達也,71,48,6.83,3,0.16
2025-12-15,5,04,4,4195,前川守嗣,67,41,6.88,4,0.22
2025-12-15,5,05,5,5401,谷海夏人,41,62,6.83,6,0.16
2025-12-15,5,06,2,3825,宮嵜隆太郎,24,16,6.71,2,0.24
2025-12-15,6,01,4,4508,野間大樹,21,40,6.71,4,0.06
2025-12-15,6,02,3,3024,西島義則,35,60,6.8,1,0.07
2025-12-15,6,03,2,3211,北川敏弘,55,78,6.85,3,0.04
2025-12-15,6,04,6,5374,木山大聖,36,50,6.74,6,0.12
2025-12-15,6,05,1,3477,近藤稔也,61,38,6.8,2,0.14
2025-12-15,6,06,5,4460,後藤翔之,39,32,6.82,5,0.17
2025-12-15,7,01,1,4154,森安弘雅,25,28,6.76,1,0.14
2025-12-15,7,02,2,4305,金子拓矢,37,45,6.8,2,0.09
2025-12-15,7,03,3,3569,増田進,14,69,6.81,3,0.13
2025-12-15,7,04,6,4919,吉田翔悟,27,44,6.79,6,0.19
2025-12-15,7,05,4,4000,松本博昭,31,30,6.79,4,0.17
2025-12-15,7,06,5,5431,得山大輝,49,71,6.79,5,0.16
2025-12-15,8,01,1,5055,眞鳥章太,32,74,6.75,1,0.09
2025-12-15,8,02,2,3878,胡本悟志,46,14,6.8,2,0.12
2025-12-15,8,03,3,4181,花本夏樹,50,76,6.81,3,0.07
2025-12-15,8,F,4,5403,藤山湧太,70,55,6.77,6,F0.06
2025-12-15,8,F,5,4356,長岡良也,13,23,6.74,4,F0.01
2025-12-15,8,F,6,3873,別府昌樹,48,19,6.83,5,F0.04
2025-12-15,9,01,2,3574,大神康司,20,51,6.84,2,0.11
2025-12-15,9,02,1,4293,鈴木智啓,51,35,6.81,1,0.13
2025-12-15,9,03,4,3984,坂口周,74,43,6.78,4,0.11
2025-12-15,9,04,3,4835,橋本明,53,34,6.81,3,0.10
2025-12-15,9,05,6,4607,鶴田勇雄,75,64,6.79,6,0.14
2025-12-15,9,06,5,4592,小林孝弘,72,57,6.82,5,0.13
2025-12-15,10,01,1,4069,山本修一,23,25,6.72,1,0.16
2025-12-15,10,02,3,4982,中村将隆,63,54,6.77,3,0.10
2025-12-15,10,03,4,3950,石川哲秀,69,53,6.81,4,0.16
2025-12-15,10,04,5,5026,安河内健,76,61,6.78,5,0.14
2025-12-15,10,05,6,4089,妹尾忠幸,19,39,6.78,6,0.13
2025-12-15,10,06,2,4195,前川守嗣,67,41,6.81,2,0.11
2025-12-15,11,01,3,4526,池田雄祐,15,75,6.77,3,0.11
2025-12-15,11,02,5,4850,野中一平,56,65,6.82,5,0.05
2025-12-15,11,03,1,3740,大澤普司,18,47,6.75,1,0.03
2025-12-15,11,04,2,3024,西島義則,35,60,6.76,2,0.09
2025-12-15,11,05,4,5352,西岡蒼志,40,73,6.75,4,0.12
2025-12-15,11,06,6,3825,宮嵜隆太郎,24,16,6.7,6,0.04
2025-12-15,12,01,1,4460,後藤翔之,39,32,6.75,1,0.13
2025-12-15,12,02,3,4154,森安弘雅,25,28,6.77,3,0.21
2025-12-15,12,03,2,4411,沢田昭宏,38,13,6.77,2,0.20
2025-12-15,12,04,4,5055,眞鳥章太,32,74,6.76,4,0.19
2025-12-15,12,05,6,4492,本多宏和,58,27,6.77,6,0.25
2025-12-15,12,06,5,3535,渡修平,54,37,6.85,5,0.36
2025-12-16,1,01,1,3869,井芹大志,45,29,6.78,1,0.11
2025-12-16,1,02,4,4293,鈴木智啓,51,35,6.95,4,0.17
2025-12-16,1,03,2,4299,中島浩哉,68,67,6.86,2,0.15
2025-12-16,1,04,3,4803,飯田庄吾,28,31,6.86,3,0.15
2025-12-16,1,05,6,5401,谷海夏人,41,62,6.85,6,0.18
2025-12-16,1,06,5,3950,石川哲秀,69,53,6.91,5,0.19
2025-12-16,2,01,3,3535,渡修平,54,37,6.81,4,0.18
2025-12-16,2,02,1,5143,常盤海心,73,70,6.77,1,0.27
2025-12-16,2,03,4,4835,橋本明,53,34,6.83,5,0.17
2025-12-16,2,04,2,4000,松本博昭,31,30,6.8,3,0.31
2025-12-16,2,05,6,4944,田代達也,71,48,6.77,6,0.19
2025-12-16,2,06,5,3574,大神康司,20,51,6.87,2,0.28
2025-12-16,3,01,5,4508,野間大樹,21,40,6.73,5,0.18
2025-12-16,3,02,1,4487,三原司,26,11,6.82,1,0.17
2025-12-16,3,03,4,4069,山本修一,23,25,6.74,4,0.24
2025-12-16,3,04,3,3569,増田進,14,69,6.82,3,0.18
2025-12-16,3,05,6,4526,池田雄祐,15,75,6.77,6,0.16
2025-12-16,3,06,2,3477,近藤稔也,61,38,6.8,2,0.17
2025-12-16,4,01,1,4607,鶴田勇雄,75,64,6.79,1,0.04
2025-12-16,4,02,5,5374,木山大聖,36,50,6.83,5,0.05
2025-12-16,4,03,3,3825,宮嵜隆太郎,24,16,6.82,3,0.08
2025-12-16,4,04,4,4154,森安弘雅,25,28,6.82,4,0.11
2025-12-16,4,05,6,4919,吉田翔悟,27,44,6.82,6,0.16
2025-12-16,4,F,2,3211,北川敏弘,55,78,6.87,2,F0.01
2025-12-16,5,01,4,4072,森永淳,17,46,6.78,4,0.08
2025-12-16,5,02,6,4982,中村将隆,63,54,6.76,5,0.19
2025-12-16,5,03,2,3226,浦田信義,65,36,6.75,2,0.12
2025-12-16,5,04,5,5401,谷海夏人,41,62,6.82,6,0.16
2025-12-16,5,05,1,4592,小林孝弘,72,57,6.84,1,0.09
2025-12-16,5,06,3,4850,野中一平,56,65,6.83,3,0.13
2025-12-16,6,01,5,4332,村上彰一,16,20,6.83,5,0.08
2025-12-16,6,02,1,3878,胡本悟志,46,14,6.79,1,0.10
2025-12-16,6,03,3,3740,大澤普司,18,47,6.82,3,0.20
2025-12-16,6,04,2,4089,妹尾忠幸,19,39,6.82,2,0.11
2025-12-16,6,05,6,5403,藤山湧太,70,55,6.81,6,0.09
2025-12-16,6,06,4,4299,中島浩哉,68,67,6.82,4,0.06
2025-12-16,7,01,1,5026,安河内健,76,61,6.77,1,0.09
2025-12-16,7,02,2,4492,本多宏和,58,27,6.79,2,0.10
2025-12-16,7,03,4,5055,眞鳥章太,32,74,6.79,4,0.17
2025-12-16,7,04,6,4356,長岡良也,13,23,6.8,6,0.19
2025-12-16,7,05,5,4487,三原司,26,11,6.84,5,0.14
2025-12-16,7,06,3,4944,田代達也,71,48,6.79,3,0.16
2025-12-16,8,01,3,4460,後藤翔之,39,32,6.86,3,0.20
2025-12-16,8,02,2,3869,井芹大志,45,29,6.81,2,0.20
2025-12-16,8,03,1,4195,前川守嗣,67,41,6.84,1,0.18
2025-12-16,8,04,6,3477,近藤稔也,61,38,6.84,5,0.21
2025-12-16,8,05,4,4181,花本夏樹,50,76,6.83,4,0.24
2025-12-16,8,06,5,5431,得山大輝,49,71,6.85,6,0.16
2025-12-16,9,01,1,4072,森永淳,17,46,6.72,1,0.08
2025-12-16,9,02,3,5143,常盤海心,73,70,6.8,4,0.14
2025-12-16,9,03,2,4607,鶴田勇雄,75,64,6.85,3,0.18
2025-12-16,9,04,4,3024,西島義則,35,60,6.76,2,0.18
2025-12-16,9,05,5,3569,増田進,14,69,6.83,5,0.24
2025-12-16,9,06,6,4803,飯田庄吾,28,31,6.76,6,0.20
2025-12-16,10,01,1,3984,坂口周,74,43,6.82,1,0.18
2025-12-16,10,02,3,3574,大神康司,20,51,6.89,2,0.21
2025-12-16,10,03,4,4332,村上彰一,16,20,6.85,3,0.24
2025-12-16,10,04,5,4411,沢田昭宏,38,13,6.84,4,0.24
2025-12-16,10,05,6,5352,西岡蒼志,40,73,6.8,5,0.21
2025-12-16,10,K1,2,4069,山本修一,23,25,,,K
2025-12-16,11,01,1,4305,金子拓矢,37,45,6.8,1,0.14
2025-12-16,11,02,2,4508,野間大樹,21,40,6.69,2,0.16
2025-12-16,11,03,4,4089,妹尾忠幸,19,39,6.82,4,0.16
2025-12-16,11,04,3,4293,鈴木智啓,51,35,6.87,3,0.18
2025-12-16,11,05,5,3226,浦田信義,65,36,6.74,5,0.19
2025-12-16,11,06,6,4000,松本博昭,31,30,6.79,6,0.31
2025-12-16,12,01,1,3740,大澤普司,18,47,6.76,1,0.13
2025-12-16,12,02,2,4195,前川守嗣,67,41,6.84,2,0.13
2025-12-16,12,03,6,5055,眞鳥章太,32,74,6.77,6,0.07
2025-12-16,12,04,5,4835,橋本明,53,34,6.83,5,0.09
2025-12-16,12,05,4,5374,木山大聖,36,50,6.78,4,0.08
2025-12-16,12,06,3,4592,小林孝弘,72,57,6.84,3,0.05
2025-12-17,1,01,6,4508,野間大樹,21,40,6.73,5,0.13
2025-12-17,1,02,2,4089,妹尾忠幸,19,39,6.85,2,0.16
2025-12-17,1,03,4,5143,常盤海心,73,70,6.78,4,0.25
2025-12-17,1,04,1,3535,渡修平,54,37,6.84,1,0.19
2025-12-17,1,05,3,4607,鶴田勇雄,75,64,6.87,3,0.32
2025-12-17,1,06,5,5431,得山大輝,49,71,6.86,6,0.17
2025-12-17,2,01,4,5026,安河内健,76,61,6.77,4,0.06
2025-12-17,2,02,5,5374,木山大聖,36,50,6.78,5,0.04
2025-12-17,2,03,2,3569,増田進,14,69,6.83,2,0.15
2025-12-17,2,04,1,5352,西岡蒼志,40,73,6.74,1,0.08
2025-12-17,2,05,6,4332,村上彰一,16,20,6.84,6,0.05
2025-12-17,2,06,3,4154,森安弘雅,25,28,6.82,3,0.14
2025-12-17,3,01,4,3574,大神康司,20,51,6.85,2,0.25
2025-12-17,3,02,5,3226,浦田信義,65,36,6.78,5,0.06
2025-12-17,3,03,3,3878,胡本悟志,46,14,6.82,4,0.19
2025-12-17,3,04,6,3950,石川哲秀,69,53,6.9,6,0.04
2025-12-17,3,05,2,4850,野中一平,56,65,6.82,3,0.09
2025-12-17,3,S1,1,4460,後藤翔之,39,32,6.87,1,0.13
2025-12-17,4,01,3,4305,金子拓矢,37,45,6.86,3,0.04
2025-12-17,4,02,5,4072,森永淳,17,46,6.78,5,0.10
2025-12-17,4,03,6,4919,吉田翔悟,27,44,6.85,6,0.22
2025-12-17,4,04,1,4293,鈴木智啓,51,35,6.89,1,0.05
2025-12-17,4,05,2,3825,宮嵜隆太郎,24,16,6.79,2,0.02
2025-12-17,4,06,4,4492,本多宏和,58,27,6.83,4,0.11
2025-12-17,5,01,4,4526,池田雄祐,15,75,6.82,4,0.03
2025-12-17,5,02,1,3024,西島義則,35,60,6.81,1,0.18
2025-12-17,5,03,6,4181,花本夏樹,50,76,6.89,6,0.15
2025-12-17,5,04,2,4487,三原司,26,11,6.84,2,0.17
2025-12-17,5,05,5,3869,井芹大志,45,29,6.84,5,0.05
2025-12-17,5,06,3,4411,沢田昭宏,38,13,6.84,3,0.10
2025-12-17,6,01,1,4982,中村将隆,63,54,6.8,1,0.08
2025-12-17,6,02,3,3984,坂口周,74,43,6.82,3,0.12
2025-12-17,6,03,4,4944,田代達也,71,48,6.8,4,0.11
2025-12-17,6,04,2,4803,飯田庄吾,28,31,6.81,2,0.12
2025-12-17,6,05,5,4069,山本修一,23,25,6.84,5,0.14
2025-12-17,6,06,6,4299,中島浩哉,68,67,6.79,6,0.17
2025-12-17,7,01,1,4000,松本博昭,31,30,6.81,1,0.07
2025-12-17,7,02,5,5401,谷海夏人,41,62,6.85,5,0.16
2025-12-17,7,03,6,3211,北川敏弘,55,78,6.85,6,0.12
2025-12-17,7,04,3,4195,前川守嗣,67,41,6.89,3,0.11
2025-12-17,7,05,2,4592,小林孝弘,72,57,6.88,2,0.11
2025-12-17,7,06,4,3477,近藤稔也,61,38,6.86,4,0.22
2025-12-17,8,01,1,3574,大神康司,20,51,6.8,1,0.15
2025-12-17,8,02,5,4089,妹尾忠幸,19,39,6.88,5,0.19
2025-12-17,8,03,6,4293,鈴木智啓,51,35,6.87,6,0.18
2025-12-17,8,04,2,4460,後藤翔之,39,32,6.86,2,0.14
2025-12-17,8,05,3,4332,村上彰一,16,20,6.79,3,0.16
2025-12-17,8,06,4,5055,眞鳥章太,32,74,6.8,4,0.19
2025-12-17,9,01,1,4492,本多宏和,58,27,6.81,1,0.05
2025-12-17,9,02,3,5026,安河内健,76,61,6.83,3,0.09
2025-12-17,9,03,4,4850,野中一平,56,65,6.83,4,0.05
2025-12-17,9,04,5,4526,池田雄祐,15,75,6.8,5,0.07
2025-12-17,9,05,2,4508,野間大樹,21,40,6.69,2,0.25
2025-12-17,9,06,6,3535,渡修平,54,37,6.88,6,0.24
2025-12-17,10,01,2,3024,西島義則,35,60,6.78,2,0.10
2025-12-17,10,02,1,4305,金子拓矢,37,45,6.8,1,0.10
2025-12-17,10,03,4,4154,森安弘雅,25,28,6.8,4,0.19
2025-12-17,10,04,5,4835,橋本明,53,34,6.8,5,0.12
2025-12-17,10,05,6,4982,中村将隆,63,54,6.81,6,0.26
2025-12-17,10,S1,3,3740,大澤普司,18,47,6.85,3,0.23
2025-12-17,11,01,1,3984,坂口周,74,43,6.75,1,0.11
2025-12-17,11,02,3,3226,浦田信義,65,36,6.72,3,0.15
2025-12-17,11,03,4,4411,沢田昭宏,38,13,6.79,4,0.14
2025-12-17,11,04,5,4607,鶴田勇雄,75,64,6.75,5,0.21
2025-12-17,11,05,2,4072,森永淳,17,46,6.68,2,0.13
2025-12-17,11,06,6,5352,西岡蒼志,40,73,6.72,6,0.21
2025-12-17,12,01,4,3825,宮嵜隆太郎,24,16,6.75,4,0.09
2025-12-17,12,02,2,4181,花本夏樹,50,76,6.79,2,0.21
2025-12-17,12,03,1,4069,山本修一,23,25,6.78,1,0.20
2025-12-17,12,04,3,4000,松本博昭,31,30,6.77,3,0.18
2025-12-17,12,05,6,5403,藤山湧太,70,55,6.78,6,0.32
2025-12-17,12,S1,5,3878,胡本悟志,46,14,6.82,5,0.17
2025-12-18,1,01,1,4508,野間大樹,21,40,6.72,1,0.06
2025-12-18,1,02,4,4944,田代達也,71,48,6.79,4,0.09
2025-12-18,1,03,3,3477,近藤稔也,61,38,6.78,3,0.11
2025-12-18,1,04,5,4299,中島浩哉,68,67,6.78,5,0.13
2025-12-18,1,05,6,5431,得山大輝,49,71,6.83,6,0.23
2025-12-18,1,S1,2,4835,橋本明,53,34,6.85,2,0.10
2025-12-18,2,01,1,3226,浦田信義,65,36,6.73,1,0.23
2025-12-18,2,02,4,4592,小林孝弘,72,57,6.85,4,0.12
2025-12-18,2,03,3,4607,鶴田勇雄,75,64,6.81,3,0.14
2025-12-18,2,04,6,3740,大澤普司,18,47,6.78,6,0.08
2025-12-18,2,05,2,3535,渡修平,54,37,6.82,2,0.22
2025-12-18,2,06,5,4850,野中一平,56,65,6.8,5,0.04
2025-12-18,3,01,5,4492,本多宏和,58,27,6.81,5,0.11
2025-12-18,3,02,6,3024,西島義則,35,60,6.82,2,0.13
2025-12-18,3,03,1,4154,森安弘雅,25,28,6.75,1,0.20
2025-12-18,3,04,3,4293,鈴木智啓,51,35,6.89,4,0.17
2025-12-18,3,05,4,5374,木山大聖,36,50,6.77,6,0.08
2025-12-18,3,06,2,3950,石川哲秀,69,53,6.89,3,0.17
2025-12-18,4,01,1,4411,沢田昭宏,38,13,6.85,1,0.14
2025-12-18,4,02,6,3574,大神康司,20,51,6.88,2,0.14
2025-12-18,4,03,2,5026,安河内健,76,61,6.78,3,0.14
2025-12-18,4,04,4,3569,増田進,14,69,6.83,5,0.16
2025-12-18,4,05,3,3878,胡本悟志,46,14,6.88,4,0.12
2025-12-18,4,06,5,4195,前川守嗣,67,41,6.87,6,0.14
2025-12-18,5,01,1,4526,池田雄祐,15,75,6.77,1,0.17
2025-12-18,5,02,4,4305,金子拓矢,37,45,6.83,4,0.18
2025-12-18,5,03,2,4181,花本夏樹,50,76,6.86,2,0.20
2025-12-18,5,04,6,4460,後藤翔之,39,32,6.87,6,0.24
2025-12-18,5,05,5,5143,常盤海心,73,70,6.8,5,0.21
2025-12-18,5,S1,3,4803,飯田庄吾,28,31,6.83,3,0.19
2025-12-18,6,01,1,4089,妹尾忠幸,19,39,6.82,1,0.16
2025-12-18,6,02,3,4487,三原司,26,11,6.84,3,0.19
2025-12-18,6,03,6,3984,坂口周,74,43,6.79,6,0.22
2025-12-18,6,04,2,4299,中島浩哉,68,67,6.86,2,0.26
2025-12-18,6,05,4,3869,井芹大志,45,29,6.87,4,0.19
2025-12-18,6,06,5,4000,松本博昭,31,30,6.77,5,0.18
2025-12-18,7,01,1,4072,森永淳,17,46,6.71,1,0.12
2025-12-18,7,02,3,4069,山本修一,23,25,6.77,3,0.13
2025-12-18,7,03,2,4332,村上彰一,16,20,6.78,2,0.16
2025-12-18,7,04,4,4982,中村将隆,63,54,6.82,4,0.12
2025-12-18,7,05,5,5431,得山大輝,49,71,6.82,5,0.09
2025-12-18,7,06,6,5403,藤山湧太,70,55,6.78,6,0.16
2025-12-18,8,01,3,5055,眞鳥章太,32,74,6.78,3,0.13
2025-12-18,8,02,6,3211,北川敏弘,55,78,6.83,5,0.13
2025-12-18,8,03,1,4195,前川守嗣,67,41,6.85,1,0.14
2025-12-18,8,04,2,5352,西岡蒼志,40,73,6.75,2,0.14
2025-12-18,8,05,4,3825,宮嵜隆太郎,24,16,6.78,4,0.09
2025-12-18,8,06,5,5401,谷海夏人,41,62,6.83,6,0.12
2025-12-18,9,01,2,3024,西島義則,35,60,6.76,2,0.13
2025-12-18,9,02,1,3574,大神康司,20,51,6.84,1,0.13
2025-12-18,9,03,3,4850,野中一平,56,65,6.86,3,0.12
2025-12-18,9,04,5,4835,橋本明,53,34,6.84,5,0.10
2025-12-18,9,05,6,4526,池田雄祐,15,75,6.81,6,0.10
2025-12-18,9,06,4,4154,森安弘雅,25,28,6.79,4,0.16
2025-12-18,10,01,1,4492,本多宏和,58,27,6.77,1,0.05
2025-12-18,10,02,6,4508,野間大樹,21,40,6.7,6,0.06
2025-12-18,10,03,5,4607,鶴田勇雄,75,64,6.79,5,0.12
2025-12-18,10,04,3,4089,妹尾忠幸,19,39,6.82,3,0.11
2025-12-18,10,05,4,4411,沢田昭宏,38,13,6.77,4,0.13
2025-12-18,10,06,2,4305,金子拓矢,37,45,6.79,2,0.09
2025-12-18,11,01,1,3984,坂口周,74,43,6.79,1,0.15
2025-12-18,11,02,5,4460,後藤翔之,39,32,6.83,5,0.19
2025-12-18,11,03,3,5026,安河内健,76,61,6.79,3,0.22
2025-12-18,11,04,2,3226,浦田信義,65,36,6.81,2,0.19
2025-12-18,11,05,6,4072,森永淳,17,46,6.74,6,0.16
2025-12-18,11,06,4,4293,鈴木智啓,51,35,6.87,4,0.21
2025-12-18,12,01,1,5055,眞鳥章太,32,74,6.82,1,0.15
2025-12-18,12,02,2,5143,常盤海心,73,70,6.79,2,0.17
2025-12-18,12,03,3,3950,石川哲秀,69,53,6.88,3,0.17
2025-12-18,12,04,5,3569,増田進,14,69,6.87,5,0.22
2025-12-18,12,05,6,4919,吉田翔悟,27,44,6.8,6,0.16
2025-12-18,12,S1,4,4332,村上彰一,16,20,6.77,4,0.20
2025-12-19,1,01,1,4299,中島浩哉,68,67,6.84,1,0.15
2025-12-19,1,02,3,5352,西岡蒼志,40,73,6.83,3,0.29
2025-12-19,1,03,6,3477,近藤稔也,61,38,6.79,5,0.20
2025-12-19,1,04,2,4181,花本夏樹,50,76,6.92,2,0.29
2025-12-19,1,05,4,4487,三原司,26,11,6.85,4,0.24
2025-12-19,1,06,5,5401,谷海夏人,41,62,6.87,6,0.17
2025-12-19,2,01,5,3740,大澤普司,18,47,6.87,5,0.20
2025-12-19,2,02,4,3226,浦田信義,65,36,6.78,4,0.16
2025-12-19,2,03,2,4154,森安弘雅,25,28,6.81,2,0.20
2025-12-19,2,04,3,4803,飯田庄吾,28,58,6.83,3,0.24
2025-12-19,2,05,1,3825,宮嵜隆太郎,24,16,6.76,1,0.10
2025-12-19,2,06,6,5431,得山大輝,49,71,6.89,6,0.15
2025-12-19,3,01,3,3878,胡本悟志,46,14,6.8,3,0.14
2025-12-19,3,02,6,4069,山本修一,23,25,6.78,6,0.29
2025-12-19,3,03,4,4982,中村将隆,63,54,6.79,4,0.18
2025-12-19,3,04,5,4411,沢田昭宏,38,13,6.79,5,0.26
2025-12-19,3,05,2,4944,田代達也,71,48,6.78,2,0.24
2025-12-19,3,06,1,4607,鶴田勇雄,75,63,6.83,1,0.21
2025-12-19,4,01,5,5026,安河内健,76,61,6.81,5,0.25
2025-12-19,4,02,1,3869,井芹大志,45,29,6.83,1,0.29
2025-12-19,4,03,4,4089,妹尾忠幸,19,39,6.91,4,0.24
2025-12-19,4,04,3,5143,常盤海心,73,70,6.82,3,0.34
2025-12-19,4,05,2,3535,渡修平,54,37,6.89,2,0.23
2025-12-19,4,06,6,5403,藤山湧太,70,55,6.85,6,0.31
2025-12-19,5,01,1,4835,橋本明,53,34,6.84,1,0.02
2025-12-19,5,02,3,4592,小林孝弘,72,57,6.87,3,0.08
2025-12-19,5,03,5,5374,木山大聖,36,50,6.79,5,0.06
2025-12-19,5,04,2,4072,森永淳,17,46,6.77,2,0.07
2025-12-19,5,05,4,4850,野中一平,56,65,6.87,4,0.02
2025-12-19,5,06,6,5401,谷海夏人,41,62,6.85,6,0.09
2025-12-19,6,01,3,4305,金子拓矢,37,45,6.9,3,0.14
2025-12-19,6,02,4,4299,中島浩哉,68,67,6.9,4,0.12
2025-12-19,6,03,5,3825,宮嵜隆太郎,24,16,6.77,5,0.13
2025-12-19,6,04,6,3211,北川敏弘,55,78,6.89,6,0.22
2025-12-19,6,05,1,3569,増田進,14,69,6.86,1,0.22
2025-12-19,6,06,2,4526,池田雄祐,15,75,6.8,2,0.15
2025-12-19,7,01,1,4293,鈴木智啓,51,35,6.93,1,0.14
2025-12-19,7,02,5,4803,飯田庄吾,28,58,6.89,5,0.07
2025-12-19,7,03,4,4944,田代達也,71,48,6.85,4,0.11
2025-12-19,7,04,2,3950,石川哲秀,69,53,6.99,2,0.13
2025-12-19,7,05,3,4487,三原司,26,11,6.92,3,0.12
2025-12-19,7,06,6,4919,吉田翔悟,27,12,6.84,6,0.12
2025-12-19,8,01,2,5143,常盤海心,73,70,6.83,2,0.22
2025-12-19,8,02,1,4069,山本修一,23,25,6.78,1,0.17
2025-12-19,8,03,4,3869,井芹大志,45,29,6.9,4,0.14
2025-12-19,8,04,3,4181,花本夏樹,50,76,6.9,3,0.16
2025-12-19,8,05,6,4195,前川守嗣,67,41,6.92,5,0.16
2025-12-19,8,06,5,5431,得山大輝,49,71,6.92,6,0.09
2025-12-19,9,01,1,3740,大澤普司,18,47,6.86,1,0.14
2025-12-19,9,02,2,4982,中村将隆,63,54,6.82,2,0.16
2025-12-19,9,03,4,4000,松本博昭,31,30,6.84,4,0.11
2025-12-19,9,04,5,5352,西岡蒼志,40,73,6.85,5,0.12
2025-12-19,9,05,3,5055,眞鳥章太,32,74,6.86,3,0.10
2025-12-19,9,06,6,5374,木山大聖,36,50,6.79,6,0.14
2025-12-19,10,01,1,4850,野中一平,56,65,6.88,1,0.15
2025-12-19,10,02,5,4305,金子拓矢,37,45,6.9,5,0.14
2025-12-19,10,03,2,4607,鶴田勇雄,75,63,6.88,2,0.14
2025-12-19,10,04,4,4072,森永淳,17,46,6.8,4,0.10
2025-12-19,10,05,3,4089,妹尾忠幸,19,39,6.87,3,0.10
2025-12-19,10,06,6,4154,森安弘雅,25,28,6.8,6,0.25
2025-12-19,11,01,1,5026,安河内健,76,61,6.79,1,0.19
2025-12-19,11,02,4,4411,沢田昭宏,38,13,6.83,4,0.16
2025-12-19,11,03,2,3226,浦田信義,65,36,6.81,2,0.18
2025-12-19,11,04,3,4835,橋本明,53,34,6.84,3,0.17
2025-12-19,11,05,6,4293,鈴木智啓,51,35,6.93,6,0.15
2025-12-19,11,06,5,4526,池田雄祐,15,75,6.81,5,0.11
2025-12-19,12,01,2,4492,本多宏和,58,27,6.83,4,0.03
2025-12-19,12,02,6,4508,野間大樹,21,40,6.69,6,0.16
2025-12-19,12,03,1,3984,坂口周,74,43,6.79,1,0.12
2025-12-19,12,04,4,3574,大神康司,20,51,6.86,3,0.13
2025-12-19,12,05,5,4460,後藤翔之,39,32,6.84,5,0.11
2025-12-19,12,06,3,3024,西島義則,35,60,6.81,2,0.14
2025-12-26,1,01,3,4791,黒澤めぐみ,46,60,6.8,3,0.16
2025-12-26,1,02,2,4938,小芦るり華,13,65,6.69,2,0.10
2025-12-26,1,03,1,4289,落合直子,18,47,6.75,1,0.12
2025-12-26,1,04,5,4501,樋口由加里,39,12,6.73,5,0.13
2025-12-26,1,05,6,4447,深川麻奈美,69,50,6.71,6,0.12
2025-12-26,1,06,4,4240,今井裕梨,12,19,6.78,4,0.10
2025-12-26,2,01,1,4011,堀之内紀代子,73,62,6.64,1,0.19
2025-12-26,2,02,3,4642,松尾夏海,45,54,6.75,3,0.15
2025-12-26,2,03,6,5193,米丸乃絵,26,75,6.74,6,0.16
2025-12-26,2,04,4,3611,岩崎芳美,57,20,6.8,4,0.11
2025-12-26,2,05,2,4927,関野文,38,56,6.73,2,0.25
2025-12-26,2,06,5,4519,清水沙樹,50,64,6.71,5,0.08
2025-12-26,3,01,1,3334,角ひとみ,53,57,6.76,1,0.10
2025-12-26,3,02,2,3435,寺田千恵,66,49,6.8,2,0.06
2025-12-26,3,03,4,4478,櫻本あゆみ,44,25,6.73,4,0.12
2025-12-26,3,04,5,5218,山田理央,16,35,6.73,5,0.13
2025-12-26,3,05,3,4286,平田さやか,28,77,6.77,3,0.10
2025-12-26,3,06,6,4183,宇野弥生,49,23,6.78,6,0.16
2025-12-26,4,01,1,4243,西村歩,34,17,6.81,1,0.25
2025-12-26,4,02,2,4017,向井美鈴,35,58,6.83,2,0.22
2025-12-26,4,03,5,4758,富樫麗加,25,68,6.78,5,0.40
2025-12-26,4,04,6,5205,刑部亜里紗,47,59,6.79,6,0.40
2025-12-26,4,05,4,5129,山口真喜子,17,11,6.85,4,0.50
2025-12-26,4,S0,3,3618,海野ゆかり,76,63,6.83,3,0.23
2025-12-26,5,01,2,4373,若狭奈美子,48,38,6.72,2,0.25
2025-12-26,5,02,1,4773,中川りな,31,36,6.77,1,0.26
2025-12-26,5,03,6,4123,細川裕子,22,70,6.74,6,0.33
2025-12-26,5,04,4,4845,前田紗希,32,74,6.78,4,0.30
2025-12-26,5,05,3,5188,武井莉里佳,27,69,6.75,3,0.28
2025-12-26,5,06,5,4891,寺島美里,72,40,6.78,5,0.32
2025-12-26,6,01,2,4884,勝浦真帆,36,53,6.69,2,0.12
2025-12-26,6,02,3,4900,中田夕貴,24,26,6.7,3,0.26
2025-12-26,6,03,1,4764,小池礼乃,33,29,6.68,1,0.20
2025-12-26,6,04,4,4289,落合直子,18,47,6.77,4,0.22
2025-12-26,6,05,5,3999,大瀧明日香,15,13,6.79,5,0.26
2025-12-26,6,06,6,5281,井上遥妃,30,43,6.76,6,0.40
2025-12-26,7,01,2,4536,喜井つかさ,70,30,6.77,2,0.19
2025-12-26,7,02,4,4443,津田裕絵,52,24,6.79,4,0.25
2025-12-26,7,03,3,4208,三浦永理,56,39,6.75,3,0.21
2025-12-26,7,04,6,3611,岩崎芳美,57,20,6.79,6,0.18
2025-12-26,7,05,5,5045,平川香織,14,41,6.78,5,0.21
2025-12-26,7,06,1,4791,黒澤めぐみ,46,60,6.79,1,0.21
2025-12-26,8,01,3,4478,櫻本あゆみ,44,25,6.72,3,0.17
2025-12-26,8,02,2,4447,深川麻奈美,69,50,6.78,2,0.25
2025-12-26,8,03,6,5129,山口真喜子,17,11,6.76,6,0.23
2025-12-26,8,04,5,5013,山下夏鈴,59,15,6.73,5,0.12
2025-12-26,8,05,4,4011,堀之内紀代子,73,62,6.72,4,0.15
2025-12-26,8,06,1,4627,藤原菜希,51,55,6.77,1,0.20
2025-12-26,9,01,1,4501,樋口由加里,39,12,6.78,1,0.15
2025-12-26,9,02,2,4845,前田紗希,32,74,6.84,2,0.22
2025-12-26,9,03,5,4017,向井美鈴,35,58,6.79,5,0.20
2025-12-26,9,04,3,4183,宇野弥生,49,23,6.79,3,0.15
2025-12-26,9,05,4,5193,米丸乃絵,26,75,6.8,4,0.24
2025-12-26,9,06,6,5213,湯淺紀香,67,37,6.81,6,0.20
2025-12-26,10,01,5,4900,中田夕貴,24,26,6.71,5,0.17
2025-12-26,10,02,2,4286,平田さやか,28,77,6.8,2,0.13
2025-12-26,10,03,4,5205,刑部亜里紗,47,59,6.76,4,0.26
2025-12-26,10,04,3,4773,中川りな,31,36,6.83,3,0.18
2025-12-26,10,05,1,4240,今井裕梨,12,19,6.77,1,0.14
2025-12-26,10,06,6,4927,関野文,38,56,6.77,6,0.20
2025-12-26,11,01,1,3999,大瀧明日香,15,13,6.82,1,0.15
2025-12-26,11,02,6,4373,若狭奈美子,48,38,6.76,6,0.17
2025-12-26,11,03,4,5218,山田理央,16,35,6.72,4,0.12
2025-12-26,11,04,5,4243,西村歩,34,17,6.77,5,0.16
2025-12-26,11,05,2,4519,清水沙樹,50,64,6.76,2,0.18
2025-12-26,11,06,3,4938,小芦るり華,13,65,6.74,3,0.14
2025-12-26,12,01,6,3618,海野ゆかり,76,63,6.83,6,0.29
2025-12-26,12,02,5,4642,松尾夏海,45,54,6.8,5,0.22
2025-12-26,12,03,1,4208,三浦永理,56,39,6.77,1,0.23
2025-12-26,12,04,2,4123,細川裕子,22,70,6.77,2,0.29
2025-12-26,12,S0,3,3435,寺田千恵,66,49,6.83,3,0.29
2025-12-26,12,S2,4,4884,勝浦真帆,36,53,6.71,4,0.22
2025-12-27,1,01,3,4884,勝浦真帆,36,53,6.74,3,0.10
2025-12-27,1,02,2,4183,宇野弥生,49,23,6.77,2,0.14
2025-12-27,1,03,4,4627,藤原菜希,51,55,6.81,4,0.18
2025-12-27,1,04,1,4891,寺島美里,72,40,6.81,1,0.12
2025-12-27,1,05,5,5205,刑部亜里紗,47,59,6.74,5,0.22
2025-12-27,1,06,6,3334,角ひとみ,53,57,6.73,6,0.20
2025-12-27,2,01,1,5188,武井莉里佳,27,69,6.67,1,0.19
2025-12-27,2,02,5,3618,海野ゆかり,76,63,6.78,5,0.24
2025-12-27,2,03,3,4443,津田裕絵,52,24,6.78,3,0.24
2025-12-27,2,04,2,4243,西村歩,34,17,6.71,2,0.18
2025-12-27,2,05,6,4773,中川りな,31,36,6.74,6,0.22
2025-12-27,2,06,4,5213,湯淺紀香,67,37,6.79,4,0.23
2025-12-27,3,01,4,4208,三浦永理,56,67,6.7,4,0.15
2025-12-27,3,02,1,5013,山下夏鈴,59,15,6.66,1,0.18
2025-12-27,3,03,2,5218,山田理央,16,35,6.69,2,0.14
2025-12-27,3,04,6,5045,平川香織,14,41,6.77,6,0.34
2025-12-27,3,05,5,4286,平田さやか,28,77,6.74,5,0.18
2025-12-27,3,06,3,4764,小池礼乃,33,29,6.7,3,0.31
2025-12-27,4,01,2,4289,落合直子,18,47,6.72,2,0.16
2025-12-27,4,02,1,3611,岩崎芳美,57,20,6.72,1,0.23
2025-12-27,4,03,3,5129,山口真喜子,17,11,6.74,3,0.24
2025-12-27,4,04,4,4642,松尾夏海,45,54,6.72,4,0.22
2025-12-27,4,05,6,4758,富樫麗加,25,68,6.69,6,0.25
2025-12-27,4,06,5,4536,喜井つかさ,70,30,6.67,5,0.25
2025-12-27,5,01,2,4011,堀之内紀代子,73,62,6.68,2,0.22
2025-12-27,5,02,1,4845,前田紗希,32,74,6.73,1,0.20
2025-12-27,5,03,5,4447,深川麻奈美,69,50,6.77,5,0.21
2025-12-27,5,04,3,3999,大瀧明日香,15,13,6.75,3,0.20
2025-12-27,5,05,6,4478,櫻本あゆみ,44,25,6.67,6,0.18
2025-12-27,5,06,4,4927,関野文,38,56,6.74,4,0.23
2025-12-27,6,01,4,4017,向井美鈴,35,58,6.74,4,0.22
2025-12-27,6,02,5,4791,黒澤めぐみ,46,60,6.72,5,0.27
2025-12-27,6,03,6,4884,勝浦真帆,36,53,6.66,6,0.24
2025-12-27,6,04,1,5281,井上遥妃,30,43,6.69,1,0.20
2025-12-27,6,05,3,4519,清水沙樹,50,64,6.64,3,0.16
2025-12-27,6,06,2,4240,今井裕梨,12,19,6.75,2,0.20
2025-12-27,7,01,1,5205,刑部亜里紗,47,59,6.67,1,0.18
2025-12-27,7,02,3,5045,平川香織,14,41,6.78,3,0.20
2025-12-27,7,03,6,4938,小芦るり華,13,65,6.68,6,0.15
2025-12-27,7,04,5,4443,津田裕絵,52,24,6.79,5,0.20
2025-12-27,7,05,4,4123,細川裕子,22,31,6.76,4,0.23
2025-12-27,7,06,2,4501,樋口由加里,39,12,6.75,2,0.16
2025-12-27,8,01,1,4900,中田夕貴,24,26,6.7,1,0.11
2025-12-27,8,02,2,4758,富樫麗加,25,68,6.74,2,0.15
2025-12-27,8,03,3,5193,米丸乃絵,26,75,6.76,3,0.17
2025-12-27,8,04,4,3334,角ひとみ,53,57,6.7,4,0.23
2025-12-27,8,05,6,4208,三浦永理,56,67,6.74,6,0.24
2025-12-27,8,06,5,5188,武井莉里佳,27,69,6.68,5,0.22
2025-12-27,9,01,3,4891,寺島美里,72,40,6.75,3,0.07
2025-12-27,9,02,1,4536,喜井つかさ,70,30,6.75,1,0.03
2025-12-27,9,03,4,4447,深川麻奈美,69,50,6.76,4,0.14
2025-12-27,9,04,2,3618,海野ゆかり,76,63,6.81,2,0.07
2025-12-27,9,05,6,4286,平田さやか,28,77,6.75,6,0.22
2025-12-27,9,06,5,4373,若狭奈美子,48,38,6.69,5,0.20
2025-12-27,10,01,1,4478,櫻本あゆみ,44,25,6.69,1,0.14
2025-12-27,10,02,4,4243,西村歩,34,17,6.73,4,0.19
2025-12-27,10,03,2,5013,山下夏鈴,59,15,6.61,2,0.11
2025-12-27,10,04,5,4183,宇野弥生,49,23,6.73,5,0.21
2025-12-27,10,05,6,4519,清水沙樹,50,64,6.69,6,0.21
2025-12-27,10,06,3,3611,岩崎芳美,57,20,6.78,3,0.11
2025-12-27,11,01,1,4642,松尾夏海,45,54,6.74,1,0.13
2025-12-27,11,02,5,4627,藤原菜希,51,55,6.77,5,0.20
2025-12-27,11,03,6,4017,向井美鈴,35,58,6.76,6,0.20
2025-12-27,11,04,2,3999,大瀧明日香,15,13,6.77,2,0.19
2025-12-27,11,05,3,5213,湯淺紀香,67,37,6.76,3,0.18
2025-12-27,11,06,4,4764,小池礼乃,33,29,6.71,4,0.13
2025-12-27,12,01,1,4123,細川裕子,22,31,6.7,1,0.19
2025-12-27,12,02,4,5281,井上遥妃,30,43,6.71,4,0.22
2025-12-27,12,03,2,4773,中川りな,31,36,6.73,2,0.21
2025-12-27,12,04,3,4927,関野文,38,56,6.78,3,0.27
2025-12-27,12,05,5,5129,山口真喜子,17,11,6.74,5,0.25
2025-12-27,12,06,6,5218,山田理央,16,35,6.72,6,0.22
2025-12-28,1,01,1,5045,平川香織,14,41,6.82,1,0.13
2025-12-28,1,02,2,5193,米丸乃絵,26,75,6.83,2,0.09
2025-12-28,1,03,6,4011,堀之内紀代子,73,62,6.74,6,0.09
2025-12-28,1,04,3,5281,井上遥妃,30,43,6.83,3,0.08
2025-12-28,1,05,5,4123,細川裕子,22,31,6.78,5,0.14
2025-12-28,1,06,4,4938,小芦るり華,13,65,6.73,4,0.20
2025-12-28,2,01,1,4183,宇野弥生,49,23,6.78,1,0.07
2025-12-28,2,02,3,4501,樋口由加里,39,12,6.83,3,0.05
2025-12-28,2,03,6,4289,落合直子,18,47,6.86,6,0.04
2025-12-28,2,04,4,4519,清水沙樹,50,64,6.75,4,0.14
2025-12-28,2,05,5,3334,角ひとみ,53,57,6.78,5,0.13
2025-12-28,2,06,2,4240,今井裕梨,12,19,6.82,2,0.07
2025-12-28,3,01,1,4373,若狭奈美子,48,38,6.73,1,0.19
2025-12-28,3,02,2,3999,大瀧明日香,15,13,6.82,2,0.20
2025-12-28,3,03,3,4758,富樫麗加,25,68,6.8,3,0.18
2025-12-28,3,04,4,4900,中田夕貴,24,26,6.73,4,0.12
2025-12-28,3,05,6,4443,津田裕絵,52,24,6.89,6,0.16
2025-12-28,3,06,5,4891,寺島美里,72,40,6.8,5,0.18
2025-12-28,4,01,2,5129,山口真喜子,17,11,6.82,2,0.16
2025-12-28,4,02,1,4447,深川麻奈美,69,50,6.82,1,0.16
2025-12-28,4,03,4,3618,海野ゆかり,76,63,6.87,4,0.32
2025-12-28,4,04,3,4017,向井美鈴,35,58,6.8,3,0.25
2025-12-28,4,05,5,4764,小池礼乃,33,29,6.74,5,0.23
2025-12-28,4,06,6,5013,山下夏鈴,59,15,6.68,6,0.27
2025-12-28,5,01,2,5281,井上遥妃,30,43,6.79,2,0.09
2025-12-28,5,02,1,5213,湯淺紀香,67,37,6.81,1,0.08
2025-12-28,5,03,3,4773,中川りな,31,36,6.83,3,0.15
2025-12-28,5,04,5,4884,勝浦真帆,36,53,6.74,5,0.14
2025-12-28,5,05,4,4286,平田さやか,28,77,6.8,4,0.13
2025-12-28,5,06,6,4845,前田紗希,32,74,6.82,6,0.15
2025-12-28,6,01,1,4208,三浦永理,56,67,6.76,1,0.16
2025-12-28,6,02,2,5045,平川香織,14,41,6.78,2,0.21
2025-12-28,6,03,6,5188,武井莉里佳,27,69,6.71,6,0.18
2025-12-28,6,04,3,4243,西村歩,34,17,6.8,3,0.21
2025-12-28,6,05,4,4791,黒澤めぐみ,46,60,6.8,4,0.17
2025-12-28,6,06,5,3611,岩崎芳美,57,20,6.86,5,0.16
2025-12-28,7,01,1,5218,山田理央,16,35,6.78,1,0.15
2025-12-28,7,02,2,4478,櫻本あゆみ,44,25,6.77,2,0.15
2025-12-28,7,03,4,4536,喜井つかさ,70,30,6.76,4,0.15
2025-12-28,7,04,5,4289,落合直子,18,47,6.83,5,0.15
2025-12-28,7,05,3,4123,細川裕子,22,31,6.82,3,0.11
2025-12-28,7,06,6,4891,寺島美里,72,40,6.8,6,0.16
2025-12-28,8,01,2,5205,刑部亜里紗,47,59,6.76,2,0.12
2025-12-28,8,02,3,3334,角ひとみ,53,57,6.78,3,0.12
2025-12-28,8,03,4,4011,堀之内紀代子,73,62,6.71,4,0.06
2025-12-28,8,04,1,4927,関野文,38,56,6.81,1,0.16
2025-12-28,8,05,5,4758,富樫麗加,25,68,6.81,5,0.06
2025-12-28,8,06,6,4642,松尾夏海,45,54,6.78,6,0.08
2025-12-28,9,01,1,4884,勝浦真帆,36,53,6.71,1,0.13
2025-12-28,9,02,2,4627,藤原菜希,51,55,6.82,2,0.07
2025-12-28,9,03,5,4938,小芦るり華,13,65,6.71,5,0.10
2025-12-28,9,04,3,4447,深川麻奈美,69,50,6.78,3,0.08
2025-12-28,9,05,6,4900,中田夕貴,24,26,6.71,6,0.07
2025-12-28,9,06,4,4501,樋口由加里,39,12,6.78,4,0.07
2025-12-28,10,01,3,4373,若狭奈美子,48,38,6.73,3,0.17
2025-12-28,10,02,1,3618,海野ゆかり,76,63,6.81,1,0.16
2025-12-28,10,03,4,4845,前田紗希,32,74,6.81,4,0.15
2025-12-28,10,04,5,5193,米丸乃絵,26,75,6.9,5,0.19
2025-12-28,10,05,2,4791,黒澤めぐみ,46,60,6.79,2,0.48
2025-12-28,10,06,6,4240,今井裕梨,12,19,6.79,6,0.11
2025-12-28,11,01,1,4482,守屋美穂,64,33,6.71,1,0.01
2025-12-28,11,02,3,4433,川野芽唯,74,52,6.81,3,0.13
2025-12-28,11,03,6,4530,小野生奈,21,32,6.73,6,0.16
2025-12-28,11,04,2,4450,平高奈菜,23,78,6.71,2,0.09
2025-12-28,11,05,5,4387,平山智加,58,45,6.77,5,0.16
2025-12-28,11,06,4,4961,西橋奈未,65,61,6.74,4,0.13
2025-12-28,12,01,1,4502,遠藤エミ,11,27,6.71,1,0.08
2025-12-28,12,02,3,4456,鎌倉涼,43,51,6.75,3,0.16
2025-12-28,12,03,2,4590,渡邉優美,29,72,6.74,2,0.11
2025-12-28,12,04,6,4963,實森美祐,60,21,6.76,6,0.17
2025-12-28,12,05,4,4546,浜田亜理沙,62,66,6.84,4,0.16
2025-12-28,12,06,5,5088,高憧四季,20,18,6.78,5,0.21
2025-12-29,1,01,1,4443,津田裕絵,52,24,6.91,1,0.08
2025-12-29,1,02,5,4927,関野文,38,56,6.92,5,0.13
2025-12-29,1,03,6,4627,藤原菜希,51,55,6.88,6,0.14
2025-12-29,1,04,2,5213,湯淺紀香,67,37,6.83,2,0.09
2025-12-29,1,05,3,3611,岩崎芳美,57,20,6.91,3,0.08
2025-12-29,1,06,4,5218,山田理央,16,35,6.87,4,0.26
2025-12-29,2,01,1,4938,小芦るり華,13,65,6.79,1,0.04
2025-12-29,2,02,2,4764,小池礼乃,33,29,6.83,2,0.08
2025-12-29,2,03,3,5013,山下夏鈴,59,15,6.78,3,0.08
2025-12-29,2,04,6,4791,黒澤めぐみ,46,60,6.83,6,0.19
2025-12-29,2,05,5,4773,中川りな,31,36,6.84,5,0.20
2025-12-29,2,06,4,5205,刑部亜里紗,47,59,6.83,4,0.20
2025-12-29,3,01,2,4208,三浦永理,56,67,6.88,2,0.16
2025-12-29,3,02,1,4758,富樫麗加,25,68,6.89,1,0.10
2025-12-29,3,03,4,4536,喜井つかさ,70,30,6.87,4,0.13
2025-12-29,3,04,6,5281,井上遥妃,30,43,6.82,5,0.06
2025-12-29,3,05,3,4183,宇野弥生,49,23,6.87,3,0.12
2025-12-29,3,K0,5,4845,前田紗希,32,74,,,K
2025-12-29,4,01,4,3999,大瀧明日香,15,13,6.85,4,0.04
2025-12-29,4,02,1,5129,山口真喜子,17,11,6.85,1,0.11
2025-12-29,4,03,3,4286,平田さやか,28,77,6.81,3,0.00
2025-12-29,4,04,5,4011,堀之内紀代子,73,62,6.75,5,0.04
2025-12-29,4,05,6,4501,樋口由加里,39,12,6.81,6,0.07
2025-12-29,4,06,2,5188,武井莉里佳,27,69,6.79,2,0.08
2025-12-29,5,01,1,4017,向井美鈴,35,58,6.87,1,0.12
2025-12-29,5,02,3,4373,若狭奈美子,48,38,6.78,3,0.14
2025-12-29,5,03,4,4289,落合直子,18,47,6.88,4,0.19
2025-12-29,5,04,2,4900,中田夕貴,24,26,6.76,2,0.12
2025-12-29,5,05,6,4884,勝浦真帆,36,53,6.81,6,0.18
2025-12-29,5,06,5,4240,今井裕梨,12,19,6.86,5,0.17
2025-12-29,6,01,1,5193,米丸乃絵,26,75,6.82,1,0.10
2025-12-29,6,02,3,4447,深川麻奈美,69,50,6.87,3,0.12
2025-12-29,6,03,4,4627,藤原菜希,51,55,6.85,4,0.06
2025-12-29,6,04,2,4642,松尾夏海,45,54,6.88,2,0.10
2025-12-29,6,05,6,4243,西村歩,34,17,6.84,6,0.15
2025-12-29,6,06,5,4478,櫻本あゆみ,44,25,6.8,5,0.11
2025-12-29,7,01,1,4519,清水沙樹,50,64,6.79,1,0.11
2025-12-29,7,02,3,3334,角ひとみ,53,57,6.83,3,0.18
2025-12-29,7,03,5,4208,三浦永理,56,67,6.84,5,0.22
2025-12-29,7,04,2,4891,寺島美里,72,40,6.87,2,0.13
2025-12-29,7,05,6,5213,湯淺紀香,67,37,6.86,6,0.26
2025-12-29,7,06,4,4773,中川りな,31,36,6.82,4,0.21
2025-12-29,8,01,1,4286,平田さやか,28,77,6.8,1,0.09
2025-12-29,8,02,3,4927,関野文,38,56,6.88,3,0.13
2025-12-29,8,03,5,5045,平川香織,14,41,6.86,5,0.26
2025-12-29,8,04,2,3618,海野ゆかり,76,63,6.88,2,0.15
2025-12-29,8,05,4,4183,宇野弥生,49,23,6.82,4,0.18
2025-12-29,8,06,6,4764,小池礼乃,33,29,6.8,6,0.24
2025-12-29,9,01,1,4123,細川裕子,22,31,6.8,1,0.07
2025-12-29,9,02,5,5013,山下夏鈴,59,15,6.77,5,0.06
2025-12-29,9,03,4,4373,若狭奈美子,48,38,6.82,4,0.07
2025-12-29,9,04,3,4845,前田紗希,32,74,6.85,3,0.06
2025-12-29,9,05,6,3999,大瀧明日香,15,13,6.86,6,0.17
2025-12-29,9,06,2,3611,岩崎芳美,57,20,6.86,2,0.10
2025-12-29,10,01,1,4642,松尾夏海,45,54,6.83,1,0.23
2025-12-29,10,02,4,4938,小芦るり華,13,65,6.73,4,0.19
2025-12-29,10,03,3,4240,今井裕梨,12,19,6.82,3,0.16
2025-12-29,10,04,5,5188,武井莉里佳,27,69,6.77,5,0.29
2025-12-29,10,05,6,4536,喜井つかさ,70,30,6.81,6,0.27
2025-12-29,10,S1,2,4443,津田裕絵,52,24,6.85,2,0.25
2025-12-29,11,01,1,4433,川野芽唯,74,52,6.78,1,0.07
2025-12-29,11,02,2,4590,渡邉優美,29,72,6.75,2,0.10
2025-12-29,11,03,4,4502,遠藤エミ,11,27,6.71,4,0.09
2025-12-29,11,04,6,4450,平高奈菜,23,78,6.79,6,0.12
2025-12-29,11,05,5,4961,西橋奈未,65,61,6.76,5,0.11
2025-12-29,11,06,3,4546,浜田亜理沙,62,66,6.81,3,0.10
2025-12-29,12,01,2,5088,高憧四季,20,18,6.74,2,0.03
2025-12-29,12,02,1,4530,小野生奈,21,32,6.73,1,0.03
2025-12-29,12,03,6,4387,平山智加,58,45,6.76,6,0.08
2025-12-29,12,04,4,4456,鎌倉涼,43,51,6.74,4,0.14
2025-12-29,12,05,5,4963,實森美祐,60,21,6.78,5,0.11
2025-12-29,12,06,3,4482,守屋美穂,64,33,6.8,3,0.06
2025-12-30,1,01,3,4536,喜井つかさ,70,71,6.86,3,0.15
2025-12-30,1,02,5,5281,井上遥妃,30,43,6.83,5,0.15
2025-12-30,1,03,1,3334,角ひとみ,53,57,6.82,1,0.18
2025-12-30,1,04,2,4443,津田裕絵,52,24,6.97,2,0.17
2025-12-30,1,05,6,4764,小池礼乃,33,29,6.79,6,0.26
2025-12-30,1,06,4,4286,平田さやか,28,77,6.84,4,0.18
2025-12-30,2,01,1,4758,富樫麗加,25,68,6.85,1,0.09
2025-12-30,2,02,2,5188,武井莉里佳,27,69,6.74,2,0.21
2025-12-30,2,03,4,4773,中川りな,31,36,6.81,4,0.14
2025-12-30,2,04,5,4845,前田紗希,32,74,6.86,5,0.16
2025-12-30,2,05,3,4791,黒澤めぐみ,46,60,6.85,3,0.23
2025-12-30,2,06,6,4891,寺島美里,72,40,6.82,6,0.22
2025-12-30,3,01,1,5013,山下夏鈴,59,15,6.7,1,0.07
2025-12-30,3,02,3,4243,西村歩,34,17,6.8,3,0.11
2025-12-30,3,03,2,4519,清水沙樹,50,64,6.79,2,0.08
2025-12-30,3,04,5,5213,湯淺紀香,67,37,6.81,5,0.09
2025-12-30,3,05,6,3611,岩崎芳美,57,20,6.83,6,0.05
2025-12-30,3,06,4,4183,宇野弥生,49,23,6.77,4,0.09
2025-12-30,4,01,1,5281,井上遥妃,30,43,6.72,1,0.06
2025-12-30,4,02,2,4501,樋口由加里,39,12,6.75,2,0.04
2025-12-30,4,03,5,4286,平田さやか,28,77,6.76,5,0.07
2025-12-30,4,04,3,5218,山田理央,16,35,6.71,3,0.01
2025-12-30,4,05,4,4884,勝浦真帆,36,53,6.69,4,0.12
2025-12-30,4,06,6,4240,今井裕梨,12,19,6.78,6,0.11
2025-12-30,5,01,1,4536,喜井つかさ,70,71,6.71,1,0.10
2025-12-30,5,02,6,4927,関野文,38,56,6.82,6,0.23
2025-12-30,5,03,4,4758,富樫麗加,25,68,6.78,4,0.14
2025-12-30,5,04,5,4773,中川りな,31,36,6.79,5,0.17
2025-12-30,5,05,2,4764,小池礼乃,33,29,6.74,2,0.15
2025-12-30,5,06,3,4443,津田裕絵,52,24,6.84,3,0.26
2025-12-30,6,01,3,4845,前田紗希,32,74,6.78,3,0.04
2025-12-30,6,02,1,4243,西村歩,34,17,6.77,1,0.05
2025-12-30,6,03,2,4891,寺島美里,72,40,6.76,2,0.07
2025-12-30,6,04,6,5188,武井莉里佳,27,69,6.72,6,0.11
2025-12-30,6,05,4,3334,角ひとみ,53,57,6.75,4,0.12
2025-12-30,6,06,5,4183,宇野弥生,49,23,6.76,5,0.09
2025-12-30,7,01,1,5218,山田理央,16,35,6.66,1,0.09
2025-12-30,7,02,2,4791,黒澤めぐみ,46,60,6.77,2,0.13
2025-12-30,7,03,3,5213,湯淺紀香,67,37,6.72,3,0.15
2025-12-30,7,04,5,4501,樋口由加里,39,12,6.76,5,0.21
2025-12-30,7,05,4,5013,山下夏鈴,59,15,6.66,4,0.43
2025-12-30,7,06,6,4519,清水沙樹,50,64,6.72,6,0.27
2025-12-30,8,01,1,4017,向井美鈴,35,58,6.71,1,0.05
2025-12-30,8,02,3,3618,海野ゆかり,76,63,6.78,3,0.09
2025-12-30,8,03,5,4938,小芦るり華,13,65,6.69,5,0.08
2025-12-30,8,04,4,5193,米丸乃絵,26,75,6.77,4,0.13
2025-12-30,8,05,6,5129,山口真喜子,17,11,6.74,6,0.13
2025-12-30,8,S1,2,4642,松尾夏海,45,54,6.76,2,0.09
2025-12-30,9,01,1,4208,三浦永理,56,67,6.75,1,0.21
2025-12-30,9,02,2,4900,中田夕貴,24,26,6.65,2,0.22
2025-12-30,9,03,3,4478,櫻本あゆみ,44,25,6.71,3,0.21
2025-12-30,9,04,6,4123,細川裕子,22,31,6.74,6,0.19
2025-12-30,9,05,4,4289,落合直子,18,47,6.75,4,0.18
2025-12-30,9,06,5,3999,大瀧明日香,15,13,6.79,5,0.16
2025-12-30,10,01,1,4373,若狭奈美子,48,38,6.74,1,0.06
2025-12-30,10,02,2,4011,堀之内紀代子,73,62,6.73,2,0.05
2025-12-30,10,03,3,5045,平川香織,14,41,6.77,3,0.09
2025-12-30,10,04,5,4627,藤原菜希,51,55,6.73,5,0.04
2025-12-30,10,05,6,5205,刑部亜里紗,47,59,6.72,6,0.06
2025-12-30,10,06,4,4447,深川麻奈美,69,50,6.79,4,0.10
2025-12-30,11,01,1,4456,鎌倉涼,43,51,6.7,1,0.07
2025-12-30,11,02,6,4530,小野生奈,21,32,6.75,6,0.11
2025-12-30,11,03,3,4502,遠藤エミ,11,27,6.72,3,0.09
2025-12-30,11,04,2,4961,西橋奈未,65,61,6.74,2,0.12
2025-12-30,11,05,5,4433,川野芽唯,74,52,6.8,5,0.20
2025-12-30,11,06,4,4482,守屋美穂,64,33,6.72,4,0.11
2025-12-30,12,01,1,4546,浜田亜理沙,62,66,6.75,1,0.15
2025-12-30,12,02,6,4450,平高奈菜,23,78,6.74,6,0.23
2025-12-30,12,03,5,4590,渡邉優美,29,72,6.73,5,0.15
2025-12-30,12,04,2,4963,實森美祐,60,21,6.77,2,0.13
2025-12-30,12,05,3,4387,平山智加,58,45,6.73,3,0.13
2025-12-30,12,06,4,5088,高憧四季,20,18,6.7,4,0.16
2025-12-31,1,01,1,4938,小芦るり華,13,65,6.66,1,0.18
2025-12-31,1,02,3,3334,角ひとみ,53,57,6.68,3,0.14
2025-12-31,1,03,2,4536,喜井つかさ,70,71,6.73,2,0.17
2025-12-31,1,04,6,4758,富樫麗加,25,68,6.72,6,0.13
2025-12-31,1,05,5,4478,櫻本あゆみ,44,25,6.73,5,0.12
2025-12-31,1,06,4,5218,山田理央,16,35,6.67,4,0.07
2025-12-31,2,01,1,4289,落合直子,18,47,6.76,1,0.10
2025-12-31,2,02,2,4447,深川麻奈美,69,50,6.79,2,0.16
2025-12-31,2,03,5,4642,松尾夏海,45,54,6.81,5,0.23
2025-12-31,2,04,4,5045,平川香織,14,41,6.77,4,0.25
2025-12-31,2,05,6,5013,山下夏鈴,59,15,6.68,6,0.22
2025-12-31,2,06,3,4240,今井裕梨,12,19,6.75,3,0.11
2025-12-31,3,01,1,4123,細川裕子,22,31,6.73,1,0.06
2025-12-31,3,02,2,5205,刑部亜里紗,47,59,6.73,2,0.05
2025-12-31,3,03,5,5281,井上遥妃,30,43,6.75,5,0.11
2025-12-31,3,04,4,4519,清水沙樹,50,64,6.72,4,0.09
2025-12-31,3,05,3,4891,寺島美里,72,40,6.79,3,0.06
2025-12-31,3,06,6,4243,西村歩,34,17,6.77,6,0.24
2025-12-31,4,01,1,5129,山口真喜子,17,11,6.74,1,0.27
2025-12-31,4,02,2,3999,大瀧明日香,15,13,6.73,2,0.24
2025-12-31,4,03,3,4286,平田さやか,28,77,6.72,3,0.20
2025-12-31,4,04,4,4501,樋口由加里,39,12,6.74,4,0.16
2025-12-31,4,05,5,5213,湯淺紀香,67,37,6.73,5,0.21
2025-12-31,4,06,6,4183,宇野弥生,49,23,6.72,6,0.26
2025-12-31,5,01,1,4627,藤原菜希,51,55,6.72,1,0.13
2025-12-31,5,02,3,4764,小池礼乃,33,29,6.72,3,0.14
2025-12-31,5,03,4,4773,中川りな,31,36,6.78,4,0.15
2025-12-31,5,03,5,4791,黒澤めぐみ,46,60,6.79,5,0.19
2025-12-31,5,05,2,3611,岩崎芳美,57,20,6.79,2,0.09
2025-12-31,5,06,6,3334,角ひとみ,53,57,6.74,6,0.18
2025-12-31,6,01,1,5193,米丸乃絵,26,75,6.74,1,0.25
2025-12-31,6,02,3,5013,山下夏鈴,59,15,6.68,3,0.20
2025-12-31,6,03,6,5218,山田理央,16,35,6.67,6,0.17
2025-12-31,6,04,2,4927,関野文,38,76,6.73,2,0.18
2025-12-31,6,05,4,5188,武井莉里佳,27,69,6.66,4,0.22
2025-12-31,6,06,5,4443,津田裕絵,52,24,6.74,5,0.23
2025-12-31,7,01,1,4845,前田紗希,32,74,6.7,1,0.20
2025-12-31,7,02,3,4758,富樫麗加,25,68,6.71,3,0.17
2025-12-31,7,03,6,4642,松尾夏海,45,54,6.75,6,0.29
2025-12-31,7,04,4,5281,井上遥妃,30,43,6.73,4,0.21
2025-12-31,7,05,2,4884,勝浦真帆,36,53,6.7,2,0.19
2025-12-31,7,06,5,4243,西村歩,34,17,6.74,5,0.38
2025-12-31,8,01,1,4478,櫻本あゆみ,44,25,6.66,1,0.13
2025-12-31,8,02,2,4938,小芦るり華,13,65,6.64,2,0.11
2025-12-31,8,03,4,4289,落合直子,18,47,6.71,4,0.10
2025-12-31,8,04,5,4447,深川麻奈美,69,50,6.74,5,0.14
2025-12-31,8,05,3,4123,細川裕子,22,31,6.72,3,0.12
2025-12-31,8,06,6,3999,大瀧明日香,15,13,6.7,6,0.15
2025-12-31,9,01,1,5045,平川香織,14,41,6.74,1,0.11
2025-12-31,9,02,4,5129,山口真喜子,17,11,6.74,4,0.13
2025-12-31,9,03,2,5193,米丸乃絵,26,75,6.78,2,0.08
2025-12-31,9,04,5,5205,刑部亜里紗,47,59,6.68,5,0.16
2025-12-31,9,05,3,4627,藤原菜希,51,55,6.73,3,0.10
2025-12-31,9,06,6,4536,喜井つかさ,70,71,6.7,6,0.13
2025-12-31,10,01,1,4546,浜田亜理沙,62,66,6.73,1,0.22
2025-12-31,10,02,5,4961,西橋奈未,65,61,6.65,5,0.13
2025-12-31,10,03,3,5088,高憧四季,20,18,6.68,3,0.14
2025-12-31,10,04,2,4482,守屋美穂,64,33,6.71,2,0.18
2025-12-31,10,05,6,4963,實森美祐,60,21,6.74,6,0.14
2025-12-31,10,06,4,4387,平山智加,58,45,6.67,4,0.12
2025-12-31,11,01,1,4373,若狭奈美子,48,38,6.67,1,0.13
2025-12-31,11,02,4,4900,中田夕貴,24,26,6.68,4,0.10
2025-12-31,11,03,5,4011,堀之内紀代子,73,62,6.67,5,0.08
2025-12-31,11,04,3,4017,向井美鈴,35,58,6.75,3,0.13
2025-12-31,11,05,6,3618,海野ゆかり,76,63,6.76,6,0.15
2025-12-31,11,06,2,4208,三浦永理,56,67,6.73,2,0.19
2025-12-31,12,01,1,4456,鎌倉涼,43,51,6.68,1,0.07
2025-12-31,12,02,5,4590,渡邉優美,29,72,6.67,6,0.13
2025-12-31,12,03,3,4433,川野芽唯,74,52,6.7,3,0.09
2025-12-31,12,04,4,4502,遠藤エミ,11,27,6.66,4,0.07
2025-12-31,12,05,2,4530,小野生奈,21,32,6.62,2,0.07
2025-12-31,12,06,6,4450,平高奈菜,23,78,6.69,5,0.14
2026-01-03,1,01,1,4112,大久保信一郎,39,11,6.76,1,0.26
2026-01-03,1,02,3,3777,樋口亮,63,22,6.71,3,0.29
2026-01-03,1,03,5,4408,仁科さやか,16,36,6.76,5,0.32
2026-01-03,1,04,2,4555,富永大一,69,45,6.74,2,0.35
2026-01-03,1,05,6,4259,真庭明志,71,23,6.79,6,0.22
2026-01-03,1,06,4,5384,八戸琉楓,74,24,6.79,4,0.41
2026-01-03,2,01,1,3527,中嶋誠一郎,57,49,6.78,1,0.16
2026-01-03,2,02,3,4171,榎幸司,66,26,6.83,3,0.27
2026-01-03,2,03,2,5129,山口真喜子,76,73,6.79,2,0.32
2026-01-03,2,04,5,4966,田川大貴,12,66,6.75,5,0.21
2026-01-03,2,05,6,4299,中島浩哉,46,58,6.74,6,0.26
2026-01-03,2,06,4,4924,中北涼,61,52,6.75,4,0.26
2026-01-03,3,01,1,3944,山口裕二,70,61,6.69,1,0.04
2026-01-03,3,02,3,4822,百武翔,75,27,6.7,3,0.01
2026-01-03,3,03,4,5195,北村寧々,64,33,6.75,4,0.05
2026-01-03,3,04,6,5369,岡崎凪汰,18,41,6.71,6,0.16
2026-01-03,3,05,5,3906,飯山晃三,19,78,6.76,5,0.10
2026-01-03,3,06,2,4523,中村辰也,34,16,6.64,2,0.06
2026-01-03,4,01,1,5055,眞鳥章太,29,19,6.69,1,0.18
2026-01-03,4,02,2,5335,森陽多,68,38,6.75,2,0.12
2026-01-03,4,03,3,4715,村上遼,40,47,6.73,3,0.05
2026-01-03,4,04,5,5086,本村大,22,48,6.69,5,0.18
2026-01-03,4,05,4,4248,岡本大,59,32,6.75,4,0.10
2026-01-03,4,06,6,5011,高木圭大,24,46,6.68,6,0.15
2026-01-03,5,01,1,4241,大串重幸,43,68,6.71,1,0.10
2026-01-03,5,02,3,4164,岩永節也,38,34,6.75,3,0.18
2026-01-03,5,03,6,4004,山本浩輔,62,15,6.72,6,0.30
2026-01-03,5,04,5,4352,下條雄太郎,11,59,6.7,5,0.16
2026-01-03,5,05,2,4315,山崎昂介,50,12,6.71,2,0.18
2026-01-03,5,06,4,5309,森雄利,37,71,6.74,4,0.17
2026-01-03,6,01,1,3989,熊本英一,45,53,6.81,1,0.25
2026-01-03,6,02,5,4553,坪口竜也,33,76,6.73,5,0.20
2026-01-03,6,03,3,4174,赤坂俊輔,55,14,6.74,3,0.25
2026-01-03,6,04,4,4674,池田剛規,47,28,6.78,4,0.20
2026-01-03,6,05,2,4705,吉川勇作,49,69,6.81,2,0.22
2026-01-03,6,06,6,5384,八戸琉楓,74,24,6.75,6,0.22
2026-01-03,7,01,1,4171,榎幸司,66,26,6.83,1,0.13
2026-01-03,7,02,3,4096,石橋道友,41,35,6.74,3,0.13
2026-01-03,7,03,4,4112,大久保信一郎,39,11,6.73,4,0.13
2026-01-03,7,04,5,4495,森晋太郎,30,72,6.73,5,0.08
2026-01-03,7,05,6,5261,岡暢祐,28,18,6.71,6,0.21
2026-01-03,7,06,2,5048,眞鳥康太,60,51,6.71,2,0.11
2026-01-03,8,01,1,5195,北村寧々,64,33,6.78,1,0.05
2026-01-03,8,02,3,4499,滝川真由子,26,77,6.75,3,0.01
2026-01-03,8,03,5,4924,中北涼,61,52,6.8,5,0.01
2026-01-03,8,04,4,5250,嶋田有里,65,75,6.74,4,0.01
2026-01-03,8,05,6,5335,森陽多,68,38,6.78,6,0.10
2026-01-03,8,06,2,4408,仁科さやか,16,36,6.76,2,0.07
2026-01-03,9,01,4,4555,富永大一,69,45,6.78,4,0.14
2026-01-03,9,02,1,3892,草場康幸,52,31,6.77,1,0.15
2026-01-03,9,03,2,4709,岡村将也,54,17,6.84,2,0.09
2026-01-03,9,04,3,4248,岡本大,59,32,6.79,3,0.09
2026-01-03,9,05,6,4822,百武翔,75,27,6.76,6,0.16
2026-01-03,9,06,5,3527,中嶋誠一郎,57,49,6.79,5,0.14
2026-01-03,10,01,1,4352,下條雄太郎,11,59,6.75,1,0.16
2026-01-03,10,02,2,4259,真庭明志,71,23,6.82,2,0.17
2026-01-03,10,03,6,4523,中村辰也,34,16,6.71,6,0.19
2026-01-03,10,04,3,5055,眞鳥章太,29,19,6.79,3,0.18
2026-01-03,10,05,4,4948,木場悠介,27,21,6.75,4,0.14
2026-01-03,10,06,5,5129,山口真喜子,76,73,6.81,5,0.29
2026-01-03,11,01,1,4174,赤坂俊輔,55,14,6.79,1,0.09
2026-01-03,11,02,3,4241,大串重幸,43,68,6.77,3,0.07
2026-01-03,11,03,6,4715,村上遼,40,47,6.77,5,0.07
2026-01-03,11,04,4,3944,山口裕二,70,61,6.78,4,0.08
2026-01-03,11,05,2,4966,田川大貴,12,66,6.78,2,0.14
2026-01-03,11,06,5,5048,眞鳥康太,60,51,6.66,6,0.09
2026-01-03,12,01,1,3906,飯山晃三,19,78,6.83,1,0.17
2026-01-03,12,02,6,4164,岩永節也,38,34,6.75,6,0.11
2026-01-03,12,03,2,4299,中島浩哉,46,58,6.81,2,0.13
2026-01-03,12,04,3,5011,高木圭大,24,46,6.71,3,0.17
2026-01-03,12,05,4,5261,岡暢祐,28,18,6.77,4,0.11
2026-01-03,12,06,5,4705,吉川勇作,49,69,6.79,5,0.08
2026-01-04,1,01,1,4553,坪口竜也,33,76,6.76,1,0.15
2026-01-04,1,02,6,4674,池田剛規,47,28,6.79,6,0.24
2026-01-04,1,03,2,4171,榎幸司,66,26,6.85,2,0.19
2026-01-04,1,04,4,4499,滝川真由子,26,77,6.83,4,0.21
2026-01-04,1,05,5,3892,草場康幸,52,31,6.85,5,0.20
2026-01-04,1,06,3,5369,岡崎凪汰,18,41,6.76,3,0.18
2026-01-04,2,01,1,4259,真庭明志,71,23,6.84,1,0.19
2026-01-04,2,02,3,5086,本村大,22,48,6.77,3,0.17
2026-01-04,2,03,2,4241,大串重幸,43,68,6.81,2,0.21
2026-01-04,2,04,6,4966,田川大貴,12,66,6.85,5,0.14
2026-01-04,2,05,4,5335,森陽多,68,38,6.86,4,0.16
2026-01-04,2,06,5,3989,熊本英一,45,53,6.88,6,0.22
2026-01-04,3,01,2,4495,森晋太郎,30,72,6.81,2,0.12
2026-01-04,3,02,5,4096,石橋道友,41,35,6.81,5,0.11
2026-01-04,3,03,4,4164,岩永節也,38,34,6.78,4,0.18
2026-01-04,3,04,6,5195,北村寧々,64,33,6.83,6,0.12
2026-01-04,3,05,1,5309,森雄利,37,71,6.79,1,0.15
2026-01-04,3,06,3,4709,岡村将也,54,17,6.88,3,0.15
2026-01-04,4,01,2,3777,樋口亮,63,22,6.76,2,0.06
2026-01-04,4,02,3,3527,中嶋誠一郎,57,49,6.82,3,0.10
2026-01-04,4,03,1,5011,高木圭大,24,46,6.73,1,0.07
2026-01-04,4,04,6,4174,赤坂俊輔,55,14,6.8,5,0.08
2026-01-04,4,05,4,5055,眞鳥章太,29,19,6.74,4,0.09
2026-01-04,4,06,5,5250,嶋田有里,65,75,6.75,6,0.09
2026-01-04,5,01,4,4715,村上遼,40,47,6.78,4,0.14
2026-01-04,5,02,5,4112,大久保信一郎,39,11,6.81,5,0.24
2026-01-04,5,03,3,5048,眞鳥康太,60,51,6.81,3,0.16
2026-01-04,5,04,1,4004,山本浩輔,62,15,6.79,1,0.25
2026-01-04,5,05,6,4948,木場悠介,27,21,6.78,6,0.26
2026-01-04,5,06,2,4822,百武翔,75,27,6.83,2,0.18
2026-01-04,6,01,4,4352,下條雄太郎,11,59,6.77,4,0.08
2026-01-04,6,02,2,3944,山口裕二,70,61,6.78,2,0.11
2026-01-04,6,03,1,4248,岡本大,59,32,6.82,1,0.12
2026-01-04,6,04,5,4315,山崎昂介,50,12,6.81,5,0.12
2026-01-04,6,05,6,4555,富永大一,69,45,6.82,6,0.17
2026-01-04,6,06,3,5261,岡暢祐,28,18,6.78,3,0.09
2026-01-04,7,01,1,4523,中村辰也,34,16,6.75,1,0.08
2026-01-04,7,02,3,4966,田川大貴,12,66,6.8,3,0.03
2026-01-04,7,03,4,3892,草場康幸,52,31,6.82,4,0.10
2026-01-04,7,04,6,5384,八戸琉楓,74,24,6.81,6,0.08
2026-01-04,7,05,5,4709,岡村将也,54,17,6.87,5,0.07
2026-01-04,7,06,2,3906,飯山晃三,19,78,6.89,2,0.12
2026-01-04,8,01,1,5250,嶋田有里,65,75,6.77,1,0.26
2026-01-04,8,02,2,4499,滝川真由子,26,77,6.83,2,0.15
2026-01-04,8,03,4,5129,山口真喜子,76,73,6.82,4,0.21
2026-01-04,8,04,3,5195,北村寧々,64,33,6.81,3,0.15
2026-01-04,8,05,5,5335,森陽多,68,38,6.82,5,0.25
2026-01-04,8,06,6,4924,中北涼,61,52,6.84,6,0.21
2026-01-04,9,01,1,4495,森晋太郎,30,72,6.77,1,0.07
2026-01-04,9,02,2,4674,池田剛規,47,28,6.82,2,0.06
2026-01-04,9,03,5,5055,眞鳥章太,29,19,6.79,5,0.12
2026-01-04,9,04,3,4299,中島浩哉,46,58,6.83,3,0.07
2026-01-04,9,05,4,3989,熊本英一,45,53,6.88,4,0.13
2026-01-04,9,06,6,4408,仁科さやか,16,20,6.87,6,0.14
2026-01-04,10,01,6,3777,樋口亮,63,22,6.75,6,0.11
2026-01-04,10,02,5,4241,大串重幸,43,68,6.82,5,0.21
2026-01-04,10,03,3,4553,坪口竜也,33,76,6.77,3,0.14
2026-01-04,10,04,1,4715,村上遼,40,47,6.79,1,0.10
2026-01-04,10,05,2,5261,岡暢祐,28,18,6.75,2,0.13
2026-01-04,10,06,4,4705,吉川勇作,49,69,6.84,4,0.16
2026-01-04,11,01,1,4096,石橋道友,41,35,6.75,1,0.02
2026-01-04,11,02,3,4352,下條雄太郎,11,59,6.75,3,0.11
2026-01-04,11,03,4,4004,山本浩輔,62,15,6.8,4,0.06
2026-01-04,11,04,6,4171,榎幸司,66,26,6.87,6,0.21
2026-01-04,11,05,5,4259,真庭明志,71,23,6.81,5,0.04
2026-01-04,11,06,2,3527,中嶋誠一郎,57,49,6.83,2,0.12
2026-01-04,12,01,1,4315,山崎昂介,50,12,6.74,1,0.15
2026-01-04,12,02,6,5086,本村大,22,48,6.72,6,0.24
2026-01-04,12,03,2,4948,木場悠介,27,21,6.77,2,0.18
2026-01-04,12,04,3,5384,八戸琉楓,74,24,6.78,3,0.23
2026-01-04,12,05,4,5369,岡崎凪汰,18,41,6.7,4,0.17
2026-01-04,12,06,5,5309,森雄利,37,71,6.79,5,0.15
2026-01-05,1,01,1,4408,仁科さやか,16,20,6.79,1,0.13
2026-01-05,1,02,2,4259,真庭明志,71,23,6.78,2,0.13
2026-01-05,1,03,3,3892,草場康幸,52,31,6.77,3,0.14
2026-01-05,1,04,5,3944,山口裕二,70,61,6.79,5,0.11
2026-01-05,1,05,6,4112,大久保信一郎,39,11,6.78,6,0.11
2026-01-05,1,06,4,3906,飯山晃三,19,78,6.82,4,0.18
2026-01-05,2,01,4,3777,樋口亮,63,22,6.71,4,0.28
2026-01-05,2,02,1,4948,木場悠介,27,21,6.75,1,0.22
2026-01-05,2,03,2,5369,岡崎凪汰,18,41,6.71,2,0.30
2026-01-05,2,04,3,3989,熊本英一,45,53,6.82,3,0.30
2026-01-05,2,05,6,4241,大串重幸,43,68,6.78,6,0.35
2026-01-05,2,S0,5,4523,中村辰也,34,16,6.71,5,0.26
2026-01-05,3,01,3,4004,山本浩輔,62,15,6.78,3,0.16
2026-01-05,3,02,1,4709,岡村将也,54,17,6.8,1,0.12
2026-01-05,3,03,2,5086,本村大,22,48,6.75,2,0.14
2026-01-05,3,04,5,4299,中島浩哉,46,58,6.83,5,0.16
2026-01-05,3,05,6,5129,山口真喜子,76,73,6.84,6,0.19
2026-01-05,3,S1,4,4822,百武翔,75,27,6.81,4,0.16
2026-01-05,4,01,1,5261,岡暢祐,28,18,6.77,1,0.09
2026-01-05,4,02,6,4553,坪口竜也,33,76,6.75,6,0.08
2026-01-05,4,03,3,4174,赤坂俊輔,55,14,6.79,3,0.03
2026-01-05,4,04,2,5250,嶋田有里,65,75,6.79,2,0.07
2026-01-05,4,05,4,5011,高木圭大,24,46,6.74,4,0.03
2026-01-05,4,06,5,4171,榎幸司,66,26,6.83,5,0.05
2026-01-05,5,01,1,4705,吉川勇作,49,69,6.79,1,0.05
2026-01-05,5,02,2,4966,田川大貴,12,66,6.83,2,0.07
2026-01-05,5,03,3,4555,富永大一,69,45,6.78,3,0.11
2026-01-05,5,04,5,4715,村上遼,40,47,6.74,5,0.16
2026-01-05,5,05,6,4315,山崎昂介,50,12,6.75,6,0.17
2026-01-05,5,06,4,5384,八戸琉楓,74,24,6.79,4,0.27
2026-01-05,6,01,1,4674,池田剛規,47,28,6.75,1,0.17
2026-01-05,6,02,5,4164,岩永節也,38,34,6.75,5,0.25
2026-01-05,6,03,4,5048,眞鳥康太,60,51,6.72,4,0.21
2026-01-05,6,04,3,4096,石橋道友,41,35,6.77,3,0.23
2026-01-05,6,05,6,3906,飯山晃三,19,78,6.84,6,0.25
2026-01-05,6,06,2,5309,森雄利,37,71,6.8,2,0.22
2026-01-05,7,01,1,4822,百武翔,75,50,6.81,1,0.20
2026-01-05,7,02,3,4259,真庭明志,71,23,6.79,3,0.20
2026-01-05,7,03,4,3527,中嶋誠一郎,57,49,6.85,4,0.19
2026-01-05,7,04,2,4241,大串重幸,43,68,6.82,2,0.20
2026-01-05,7,05,5,4248,岡本大,59,32,6.82,5,0.17
2026-01-05,7,06,6,5369,岡崎凪汰,18,41,6.7,6,0.13
2026-01-05,8,01,1,5335,森陽多,68,38,6.72,1,0.03
2026-01-05,8,02,3,5129,山口真喜子,76,73,6.82,3,0.07
2026-01-05,8,03,6,4499,滝川真由子,26,77,6.78,6,0.17
2026-01-05,8,04,2,4924,中北涼,61,52,6.82,2,0.02
2026-01-05,8,05,5,5195,北村寧々,64,33,6.79,5,0.14
2026-01-05,8,06,4,4408,仁科さやか,16,20,6.8,4,0.18
2026-01-05,9,01,3,4112,大久保信一郎,39,11,6.77,3,0.19
2026-01-05,9,02,1,4555,富永大一,69,45,6.78,1,0.15
2026-01-05,9,03,2,3989,熊本英一,45,53,6.87,2,0.24
2026-01-05,9,04,6,4495,森晋太郎,30,72,6.76,6,0.12
2026-01-05,9,05,4,5086,本村大,22,48,6.72,4,0.13
2026-01-05,9,06,5,5011,高木圭大,24,46,6.76,5,0.12
2026-01-05,10,01,6,4352,下條雄太郎,11,59,6.73,5,0.15
2026-01-05,10,02,2,5055,眞鳥章太,29,19,6.79,2,0.13
2026-01-05,10,03,1,4174,赤坂俊輔,55,14,6.79,1,0.18
2026-01-05,10,04,4,4164,岩永節也,38,34,6.78,3,0.14
2026-01-05,10,05,5,4966,田川大貴,12,66,6.78,4,0.13
2026-01-05,10,K0,3,4523,中村辰也,34,16,,,K
2026-01-05,11,01,1,4715,村上遼,40,47,6.73,1,0.17
2026-01-05,11,02,2,4553,坪口竜也,33,76,6.76,2,0.12
2026-01-05,11,03,3,3944,山口裕二,70,61,6.78,3,0.13
2026-01-05,11,04,6,4096,石橋道友,41,35,6.74,6,0.13
2026-01-05,11,05,5,3777,樋口亮,63,22,6.73,5,0.21
2026-01-05,11,06,4,4299,中島浩哉,46,58,6.78,4,0.17
2026-01-05,12,01,5,4004,山本浩輔,62,15,6.8,5,0.16
2026-01-05,12,02,1,4924,中北涼,61,52,6.82,1,0.13
2026-01-05,12,03,2,4248,岡本大,59,32,6.84,2,0.13
2026-01-05,12,04,4,5250,嶋田有里,65,75,6.78,4,0.21
2026-01-05,12,05,6,5048,眞鳥康太,60,51,6.71,6,0.11
2026-01-05,12,06,3,4705,吉川勇作,49,69,6.83,3,0.15
2026-01-06,1,01,3,4495,森晋太郎,30,72,6.77,3,0.13
2026-01-06,1,02,4,3527,中嶋誠一郎,57,49,6.77,4,0.10
2026-01-06,1,03,1,5369,岡崎凪汰,18,41,6.7,1,0.12
2026-01-06,1,04,6,5055,眞鳥章太,29,19,6.72,6,0.19
2026-01-06,1,05,2,3777,樋口亮,63,22,6.66,2,0.16
2026-01-06,1,06,5,4674,池田剛規,47,28,6.73,5,0.08
2026-01-06,2,01,4,4004,山本浩輔,62,15,6.77,4,0.15
2026-01-06,2,02,1,4499,滝川真由子,26,77,6.78,1,0.20
2026-01-06,2,03,6,4709,岡村将也,54,17,6.85,6,0.11
2026-01-06,2,04,2,4553,坪口竜也,33,76,6.76,2,0.15
2026-01-06,2,05,5,4948,木場悠介,27,21,6.73,5,0.11
2026-01-06,2,06,3,3906,飯山晃三,19,78,6.82,3,0.18
2026-01-06,3,01,2,3944,山口裕二,70,61,6.78,2,0.07
2026-01-06,3,02,1,4164,岩永節也,38,34,6.75,1,0.03
2026-01-06,3,03,5,4174,赤坂俊輔,55,14,6.78,5,0.10
2026-01-06,3,04,4,4315,山崎昂介,50,12,6.76,4,0.11
2026-01-06,3,05,6,3989,熊本英一,45,53,6.82,6,0.23
2026-01-06,3,S0,3,4924,中北涼,61,52,6.84,3,0.04
2026-01-06,4,01,1,4299,中島浩哉,46,58,6.77,1,0.01
2026-01-06,4,02,4,4096,石橋道友,41,35,6.75,4,0.09
2026-01-06,4,03,3,5129,山口真喜子,76,73,6.83,3,0.07
2026-01-06,4,04,2,3892,草場康幸,52,31,6.78,2,0.09
2026-01-06,4,05,6,4705,吉川勇作,49,69,6.82,6,0.14
2026-01-06,4,06,5,5384,八戸琉楓,74,24,6.76,5,0.19
2026-01-06,5,01,1,5086,本村大,22,48,6.76,1,0.17
2026-01-06,5,02,4,4171,榎幸司,66,26,6.88,4,0.13
2026-01-06,5,03,2,4112,大久保信一郎,39,11,6.76,2,0.10
2026-01-06,5,04,3,4715,村上遼,40,47,6.77,3,0.15
2026-01-06,5,05,5,4259,真庭明志,71,23,6.8,5,0.10
2026-01-06,5,06,6,5309,森雄利,37,71,6.77,6,0.13
2026-01-06,6,01,3,4352,下條雄太郎,11,59,6.75,3,0.08
2026-01-06,6,02,2,4004,山本浩輔,62,15,6.82,1,0.07
2026-01-06,6,03,1,5048,眞鳥康太,60,51,6.76,2,0.13
2026-01-06,6,04,5,4822,百武翔,75,50,6.79,6,0.13
2026-01-06,6,05,4,4495,森晋太郎,30,72,6.75,4,0.05
2026-01-06,6,06,6,3527,中嶋誠一郎,57,49,6.82,5,0.11
2026-01-06,7,01,1,3777,樋口亮,63,22,6.72,1,0.22
2026-01-06,7,02,3,4948,木場悠介,27,21,6.73,3,0.20
2026-01-06,7,03,4,4174,赤坂俊輔,55,14,6.79,4,0.14
2026-01-06,7,04,2,5011,高木圭大,24,46,6.74,2,0.16
2026-01-06,7,05,5,4555,富永大一,69,45,6.75,5,0.14
2026-01-06,7,06,6,5261,岡暢祐,28,18,6.76,6,0.15
2026-01-06,8,01,2,5195,北村寧々,64,33,6.81,2,0.02
2026-01-06,8,02,3,4408,仁科さやか,16,20,6.81,3,0.03
2026-01-06,8,03,5,4499,滝川真由子,26,77,6.81,5,0.08
2026-01-06,8,04,4,5335,森陽多,68,38,6.83,4,0.02
2026-01-06,8,05,1,5129,山口真喜子,76,73,6.82,1,0.10
2026-01-06,8,06,6,5250,嶋田有里,65,75,6.79,6,0.13
2026-01-06,9,01,1,4966,田川大貴,12,66,6.78,1,0.11
2026-01-06,9,02,4,4709,岡村将也,54,17,6.85,4,0.05
2026-01-06,9,03,2,4164,岩永節也,38,34,6.77,2,0.12
2026-01-06,9,04,3,4674,池田剛規,47,28,6.8,3,0.09
2026-01-06,9,05,6,3892,草場康幸,52,31,6.82,6,0.12
2026-01-06,9,06,5,4241,大串重幸,43,68,6.79,5,0.07
2026-01-06,10,01,1,4096,石橋道友,41,35,6.74,1,0.13
2026-01-06,10,02,2,5055,眞鳥章太,29,19,6.76,2,0.16
2026-01-06,10,03,6,4248,岡本大,59,32,6.84,6,0.17
2026-01-06,10,04,4,5309,森雄利,37,71,6.77,4,0.15
2026-01-06,10,05,3,4315,山崎昂介,50,12,6.76,3,0.22
2026-01-06,10,06,5,4553,坪口竜也,33,76,6.8,5,0.17
2026-01-06,11,01,1,4352,下條雄太郎,11,59,6.75,1,0.12
2026-01-06,11,02,2,4171,榎幸司,66,26,6.83,2,0.17
2026-01-06,11,03,6,3944,山口裕二,70,61,6.74,4,0.12
2026-01-06,11,04,4,3906,飯山晃三,19,25,6.8,3,0.14
2026-01-06,11,05,3,5384,八戸琉楓,74,24,6.79,6,0.15
2026-01-06,11,06,5,5369,岡崎凪汰,18,41,6.69,5,0.12
2026-01-06,12,01,1,4822,百武翔,75,50,6.81,1,0.09
2026-01-06,12,02,3,4299,中島浩哉,46,58,6.81,3,0.12
2026-01-06,12,03,5,4112,大久保信一郎,39,11,6.84,5,0.15
2026-01-06,12,04,2,5261,岡暢祐,28,18,6.74,2,0.11
2026-01-06,12,05,4,4408,仁科さやか,16,20,6.86,4,0.15
2026-01-06,12,06,6,5335,森陽多,68,38,6.75,6,0.13
2026-01-07,1,01,1,5195,北村寧々,64,33,6.9,1,0.03
2026-01-07,1,02,2,5011,高木圭大,24,46,6.8,2,0.07
2026-01-07,1,03,4,5048,眞鳥康太,60,51,6.75,5,0.08
2026-01-07,1,04,5,4171,榎幸司,66,26,6.92,4,0.10
2026-01-07,1,05,3,4709,岡村将也,54,17,6.93,3,0.04
2026-01-07,1,06,6,5384,八戸琉楓,74,24,6.84,6,0.17
2026-01-07,2,01,1,4112,大久保信一郎,39,11,6.8,1,0.14
2026-01-07,2,02,6,3777,樋口亮,63,22,6.79,6,0.14
2026-01-07,2,03,2,4924,中北涼,61,52,6.86,2,0.13
2026-01-07,2,04,4,4241,大串重幸,43,68,6.86,4,0.22
2026-01-07,2,05,3,4004,山本浩輔,62,15,6.88,3,0.13
2026-01-07,2,06,5,4705,吉川勇作,49,69,6.89,5,0.23
2026-01-07,3,01,1,4164,岩永節也,38,34,6.81,1,0.20
2026-01-07,3,02,5,5055,眞鳥章太,29,19,6.82,5,0.17
2026-01-07,3,03,6,4822,百武翔,75,50,6.85,6,0.17
2026-01-07,3,04,4,3989,熊本英一,45,53,6.91,4,0.24
2026-01-07,3,05,3,4495,森晋太郎,30,72,6.79,3,0.24
2026-01-07,3,06,2,4248,岡本大,59,32,6.81,2,0.22
2026-01-07,4,01,4,4553,坪口竜也,33,76,6.84,4,0.16
2026-01-07,4,02,5,4715,村上遼,40,47,6.89,5,0.11
2026-01-07,4,03,1,3944,山口裕二,70,61,6.81,1,0.34
2026-01-07,4,04,6,5369,岡崎凪汰,18,41,6.81,6,0.22
2026-01-07,4,05,2,5250,嶋田有里,65,75,6.85,2,0.38
2026-01-07,4,06,3,5086,本村大,22,48,6.79,3,0.28
2026-01-07,5,01,3,3527,中嶋誠一郎,57,49,6.89,3,0.18
2026-01-07,5,02,2,4948,木場悠介,27,21,6.86,2,0.16
2026-01-07,5,03,6,4352,下條雄太郎,11,59,6.78,6,0.10
2026-01-07,5,04,1,4259,真庭明志,71,23,6.88,1,0.15
2026-01-07,5,05,5,4499,滝川真由子,26,77,6.82,5,0.06
2026-01-07,5,06,4,5261,岡暢祐,28,18,6.83,4,0.10
2026-01-07,6,01,1,4174,赤坂俊輔,55,14,6.89,1,0.20
2026-01-07,6,02,6,4096,石橋道友,41,35,6.8,6,0.10
2026-01-07,6,03,3,3906,飯山晃三,19,25,6.87,3,0.15
2026-01-07,6,04,4,3892,草場康幸,52,31,6.88,4,0.12
2026-01-07,6,05,2,5335,森陽多,68,38,6.83,2,0.19
2026-01-07,6,06,5,4408,仁科さやか,16,20,6.87,5,0.18
2026-01-07,7,01,1,4966,田川大貴,12,66,6.83,1,0.05
2026-01-07,7,02,4,4299,中島浩哉,46,58,6.84,4,0.09
2026-01-07,7,03,3,4674,池田剛規,47,28,6.83,3,0.02
2026-01-07,7,04,2,4705,吉川勇作,49,69,6.87,2,0.11
2026-01-07,7,05,6,5309,森雄利,37,71,6.85,6,0.18
2026-01-07,7,06,5,4315,山崎昂介,50,12,6.82,5,0.13
2026-01-07,8,01,1,5129,山口真喜子,76,73,6.88,1,0.14
2026-01-07,8,02,2,5048,眞鳥康太,60,51,6.75,6,0.18
2026-01-07,8,03,4,4924,中北涼,61,52,6.92,3,0.19
2026-01-07,8,04,3,4555,富永大一,69,45,6.82,2,0.16
2026-01-07,8,05,5,4248,岡本大,59,32,6.9,4,0.19
2026-01-07,8,06,6,5250,嶋田有里,65,75,6.86,5,0.19
2026-01-07,9,01,1,3777,樋口亮,63,22,6.8,1,0.25
2026-01-07,9,02,2,3944,山口裕二,70,61,6.82,2,0.25
2026-01-07,9,03,6,4259,真庭明志,71,23,6.86,6,0.17
2026-01-07,9,04,3,4171,榎幸司,66,26,6.9,3,0.27
2026-01-07,9,05,4,4495,森晋太郎,30,72,6.79,4,0.25
2026-01-07,9,06,5,5086,本村大,22,48,6.78,5,0.35
2026-01-07,10,01,1,4096,石橋道友,41,35,6.75,1,0.11
2026-01-07,10,02,3,4715,村上遼,40,47,6.8,3,0.04
2026-01-07,10,03,5,4004,山本浩輔,62,15,6.95,5,0.00
2026-01-07,10,04,2,4164,岩永節也,38,34,6.82,2,0.13
2026-01-07,10,F,4,4499,滝川真由子,26,77,6.83,4,F0.01
2026-01-07,10,F,6,5195,北村寧々,64,33,6.92,6,F0.01
2026-01-07,11,01,1,4352,下條雄太郎,11,59,6.79,1,0.07
2026-01-07,11,02,2,4112,大久保信一郎,39,11,6.77,2,0.06
2026-01-07,11,03,3,4553,坪口竜也,33,76,6.81,3,0.09
2026-01-07,11,04,5,4174,赤坂俊輔,55,14,6.82,5,0.12
2026-01-07,11,05,4,5055,眞鳥章太,29,19,6.82,4,0.13
2026-01-07,11,06,6,4966,田川大貴,12,66,6.86,6,0.15
2026-01-07,12,01,4,4948,木場悠介,27,21,6.84,4,0.08
2026-01-07,12,02,6,5129,山口真喜子,76,73,6.81,6,0.16
2026-01-07,12,03,1,4241,大串重幸,43,68,6.82,1,0.13
2026-01-07,12,04,2,4315,山崎昂介,50,12,6.76,2,0.17
2026-01-07,12,05,3,3989,熊本英一,45,53,6.9,3,0.14
2026-01-07,12,06,5,3892,草場康幸,52,31,6.86,5,0.10
2026-01-08,1,01,3,4248,岡本大,59,32,6.76,3,0.07
2026-01-08,1,02,2,5369,岡崎凪汰,18,41,6.68,2,0.20
2026-01-08,1,03,6,4555,富永大一,69,45,6.73,6,0.13
2026-01-08,1,04,4,4259,真庭明志,71,23,6.77,4,0.15
2026-01-08,1,05,1,3527,中嶋誠一郎,57,49,6.78,1,0.19
2026-01-08,1,S1,5,5335,森陽多,68,38,6.74,5,0.15
2026-01-08,2,01,2,4241,大串重幸,43,68,6.68,2,0.11
2026-01-08,2,02,4,5261,岡暢祐,28,18,6.72,3,0.09
2026-01-08,2,03,3,5048,眞鳥康太,60,51,6.64,6,0.20
2026-01-08,2,04,1,4709,岡村将也,54,17,6.8,1,0.11
2026-01-08,2,05,6,5011,高木圭大,24,46,6.76,5,0.20
2026-01-08,2,06,5,4924,中北涼,61,52,6.75,4,0.31
2026-01-08,3,01,1,4171,榎幸司,66,26,6.81,1,0.19
2026-01-08,3,02,4,4705,吉川勇作,49,69,6.76,4,0.09
2026-01-08,3,03,6,4948,木場悠介,27,21,6.7,6,0.08
2026-01-08,3,04,5,4004,山本浩輔,62,15,6.68,5,0.12
2026-01-08,3,05,3,5250,嶋田有里,65,75,6.7,3,0.14
2026-01-08,3,06,2,5309,森雄利,37,71,6.7,2,0.14
2026-01-08,4,01,1,5086,本村大,22,48,6.72,1,0.13
2026-01-08,4,02,2,4966,田川大貴,12,66,6.76,2,0.09
2026-01-08,4,03,4,5129,山口真喜子,76,73,6.74,4,0.20
2026-01-08,4,04,5,4299,中島浩哉,46,58,6.76,5,0.21
2026-01-08,4,05,3,4408,仁科さやか,16,20,6.77,3,0.16
2026-01-08,4,06,6,5384,八戸琉楓,74,24,6.74,6,0.20
2026-01-08,5,01,1,4495,森晋太郎,30,72,6.7,1,0.06
2026-01-08,5,02,3,4315,山崎昂介,50,12,6.72,3,0.08
2026-01-08,5,03,2,3892,草場康幸,52,31,6.75,2,0.13
2026-01-08,5,04,5,4553,坪口竜也,33,76,6.75,5,0.14
2026-01-08,5,05,4,3906,飯山晃三,19,25,6.76,4,0.15
2026-01-08,5,06,6,5369,岡崎凪汰,18,41,6.7,6,0.10
2026-01-08,6,01,1,4555,富永大一,69,45,6.71,1,0.10
2026-01-08,6,02,2,4174,赤坂俊輔,55,14,6.78,2,0.13
2026-01-08,6,03,4,3989,熊本英一,45,53,6.79,4,0.19
2026-01-08,6,04,3,5261,岡暢祐,28,18,6.7,3,0.14
2026-01-08,6,05,5,4164,岩永節也,38,34,6.73,5,0.15
2026-01-08,6,06,6,4709,岡村将也,54,17,6.8,6,0.15
2026-01-08,7,01,1,5055,眞鳥章太,29,19,6.73,1,0.01
2026-01-08,7,02,2,5011,高木圭大,24,46,6.73,2,0.03
2026-01-08,7,03,4,4822,百武翔,75,50,6.74,4,0.11
2026-01-08,7,04,6,4499,滝川真由子,26,77,6.72,6,0.13
2026-01-08,7,05,3,5335,森陽多,68,38,6.78,3,0.04
2026-01-08,7,06,5,5250,嶋田有里,65,75,6.73,5,0.06
2026-01-08,8,01,1,4674,池田剛規,47,28,6.78,1,0.09
2026-01-08,8,02,2,4299,中島浩哉,46,58,6.78,2,0.07
2026-01-08,8,03,3,4924,中北涼,61,52,6.79,3,0.07
2026-01-08,8,04,6,5195,北村寧々,64,33,6.75,6,0.13
2026-01-08,8,05,4,4248,岡本大,59,32,6.79,4,0.07
2026-01-08,8,06,5,5309,森雄利,37,71,6.74,5,0.09
2026-01-08,9,01,1,4948,木場悠介,27,21,6.71,1,0.12
2026-01-08,9,02,6,3527,中嶋誠一郎,57,49,6.78,5,0.16
2026-01-08,9,03,3,4705,吉川勇作,49,69,6.78,3,0.14
2026-01-08,9,04,2,4408,仁科さやか,16,20,6.75,2,0.15
2026-01-08,9,05,4,4315,山崎昂介,50,12,6.71,4,0.15
2026-01-08,9,06,5,5048,眞鳥康太,60,51,6.64,6,0.33
2026-01-08,10,01,2,4259,真庭明志,71,23,6.76,2,0.08
2026-01-08,10,02,1,4004,山本浩輔,62,15,6.71,1,0.06
2026-01-08,10,03,6,4241,大串重幸,43,68,6.74,6,0.21
2026-01-08,10,04,3,4174,赤坂俊輔,55,14,6.75,3,0.03
2026-01-08,10,05,5,4966,田川大貴,12,66,6.81,5,0.11
2026-01-08,10,06,4,4495,森晋太郎,30,72,6.74,4,0.06
2026-01-08,11,01,1,4352,下條雄太郎,11,59,6.68,1,0.19
2026-01-08,11,02,4,3944,山口裕二,70,61,6.68,4,0.11
2026-01-08,11,03,6,4715,村上遼,40,47,6.71,6,0.10
2026-01-08,11,04,3,3777,樋口亮,63,22,6.71,3,0.24
2026-01-08,11,05,5,4112,大久保信一郎,39,11,6.76,5,0.13
2026-01-08,11,06,2,4096,石橋道友,41,35,6.72,2,0.21
2026-01-08,12,01,1,4553,坪口竜也,33,76,6.72,1,0.17
2026-01-08,12,02,3,4171,榎幸司,66,26,6.8,3,0.24
2026-01-08,12,03,5,5086,本村大,22,48,6.71,5,0.31
2026-01-08,12,04,2,4164,岩永節也,38,34,6.73,2,0.21
2026-01-08,12,05,4,5055,眞鳥章太,29,19,6.66,4,0.32
2026-01-08,12,06,6,4674,池田剛規,47,28,6.74,6,0.34
2026-01-15,1,01,4,3679,飯島昌弘,20,75,6.98,4,0.24
2026-01-15,1,02,5,4430,永田秀二,14,55,6.94,5,0.24
2026-01-15,1,03,3,4695,尾崎雄二,25,78,6.89,3,0.21
2026-01-15,1,04,1,3539,金子順一,41,37,6.89,1,0.24
2026-01-15,1,05,2,3953,志道吉和,32,70,6.95,2,0.26
2026-01-15,1,06,6,4339,平瀬城啓,74,76,6.93,6,0.25
2026-01-15,2,01,6,4063,市橋卓士,59,62,6.87,6,0.06
2026-01-15,2,02,1,3859,多羅尾達之,61,54,6.93,1,0.15
2026-01-15,2,03,5,4336,松田竜馬,29,15,6.91,5,0.07
2026-01-15,2,04,3,4226,村田浩司,23,48,6.86,3,0.11
2026-01-15,2,05,4,3787,天野誠,76,65,6.96,4,0.14
2026-01-15,2,06,2,4402,乙藤智史,66,51,6.96,2,0.13
2026-01-15,3,01,2,4124,池田雄一,54,73,6.96,2,0.19
2026-01-15,3,02,1,5027,重冨勇哉,15,29,6.88,1,0.10
2026-01-15,3,03,6,5095,小原聡将,58,63,6.87,6,0.09
2026-01-15,3,04,5,4603,谷川将太,49,38,6.92,5,0.09
2026-01-15,3,05,3,5242,高山弘斗,43,18,6.95,3,0.17
2026-01-15,3,06,4,5392,安武一也,73,21,6.88,4,0.15
2026-01-15,4,01,1,5307,富永夏哉人,30,24,6.88,1,0.13
2026-01-15,4,02,4,4790,柳内敬太,63,32,6.89,4,0.07
2026-01-15,4,03,6,4068,幸田智裕,44,39,6.86,6,0.08
2026-01-15,4,04,5,3964,宮地博士,53,72,6.85,5,0.10
2026-01-15,4,05,2,4258,関根彰人,17,59,6.96,2,0.12
2026-01-15,4,06,3,4522,古澤光紀,34,25,6.87,3,0.09
2026-01-15,5,01,3,4509,平見真彦,48,13,6.83,3,0.17
2026-01-15,5,02,1,4995,田邉亮蔵,52,71,6.88,1,0.15
2026-01-15,5,03,5,4064,原田篤志,51,61,6.91,4,0.14
2026-01-15,5,04,6,3820,樫葉次郎,47,66,6.89,5,0.14
2026-01-15,5,05,2,3692,竹腰正樹,36,40,6.87,2,0.16
2026-01-15,5,06,4,4632,長尾京志郎,35,77,6.91,6,0.19
2026-01-15,6,01,5,4052,興津藍,62,49,6.84,4,0.11
2026-01-15,6,02,2,4278,藤岡俊介,21,22,6.81,2,0.09
2026-01-15,6,03,4,3539,金子順一,41,37,6.89,3,0.12
2026-01-15,6,04,6,3550,都築正治,55,28,6.85,5,0.08
2026-01-15,6,05,1,4945,上村宏太,68,30,6.83,1,0.14
2026-01-15,6,06,3,5312,川辺郭人,16,64,6.83,6,0.14
2026-01-15,7,01,1,4430,永田秀二,14,55,6.86,1,0.16
2026-01-15,7,02,3,5112,砂長知輝,64,34,6.83,3,0.19
2026-01-15,7,03,2,4747,山戸信二,13,26,6.84,2,0.17
2026-01-15,7,04,5,4226,村田浩司,23,48,6.78,5,0.18
2026-01-15,7,05,4,3921,川村正輝,67,33,6.9,4,0.19
2026-01-15,7,06,6,5392,安武一也,73,21,6.84,6,0.16
2026-01-15,8,01,4,5016,宮田龍馬,11,52,6.76,4,0.03
2026-01-15,8,02,3,4336,松田竜馬,29,15,6.82,3,0.07
2026-01-15,8,03,6,3841,佐々木和伸,31,74,6.88,6,0.11
2026-01-15,8,04,1,3888,山本英志,12,67,6.85,1,0.12
2026-01-15,8,05,2,3875,廣中良一,72,56,6.86,2,0.06
2026-01-15,8,06,5,4695,尾崎雄二,25,78,6.82,5,0.12
2026-01-15,9,01,1,4596,葛原大陽,37,27,6.84,1,0.15
2026-01-15,9,02,3,4015,前野竜一,22,36,6.88,3,0.16
2026-01-15,9,03,5,3558,山本浩次,24,12,6.8,5,0.13
2026-01-15,9,04,2,5284,嘉手苅徹哉,56,16,6.82,2,0.16
2026-01-15,9,05,6,4790,柳内敬太,63,32,6.83,6,0.15
2026-01-15,9,S1,4,3859,多羅尾達之,61,54,6.87,4,0.19
2026-01-15,10,01,1,3679,飯島昌弘,20,75,6.86,1,0.13
2026-01-15,10,02,2,5095,小原聡将,58,63,6.85,2,0.15
2026-01-15,10,03,5,4402,乙藤智史,66,51,6.85,5,0.16
2026-01-15,10,04,3,4057,松井賢治,57,14,6.87,3,0.18
2026-01-15,10,05,6,4509,平見真彦,48,13,6.78,6,0.21
2026-01-15,10,06,4,5307,富永夏哉人,30,24,6.8,4,0.18
2026-01-15,11,01,1,4064,原田篤志,51,61,6.83,1,0.08
2026-01-15,11,02,2,4063,市橋卓士,59,62,6.8,2,0.02
2026-01-15,11,03,4,4278,藤岡俊介,21,22,6.83,4,0.07
2026-01-15,11,04,3,4124,池田雄一,54,73,6.87,3,0.05
2026-01-15,11,05,6,5112,砂長知輝,64,34,6.83,6,0.13
2026-01-15,11,06,5,4522,古澤光紀,34,25,6.83,5,0.09
2026-01-15,12,01,1,3964,宮地博士,53,72,6.81,1,0.19
2026-01-15,12,02,4,4945,上村宏太,68,30,6.84,4,0.25
2026-01-15,12,03,3,3921,川村正輝,67,33,6.89,3,0.18
2026-01-15,12,04,2,3787,天野誠,76,65,6.87,2,0.19
2026-01-15,12,05,6,4632,長尾京志郎,35,77,6.91,6,0.36
2026-01-15,12,06,5,5027,重冨勇哉,15,29,6.82,5,0.36
2026-01-16,1,01,5,4057,松井賢治,57,14,6.86,5,0.08
2026-01-16,1,02,2,4522,古澤光紀,34,25,6.84,2,0.19
2026-01-16,1,03,4,3692,竹腰正樹,36,40,6.82,4,0.13
2026-01-16,1,04,1,5312,川辺郭人,16,64,6.8,1,0.06
2026-01-16,1,05,3,4068,幸田智裕,44,39,6.79,3,0.48
2026-01-16,1,F,6,4747,山戸信二,13,26,6.81,6,F0.04
2026-01-16,2,01,1,3558,山本浩次,24,12,6.8,1,0.17
2026-01-16,2,02,3,4995,田邉亮蔵,52,71,6.83,3,0.20
2026-01-16,2,03,2,3841,佐々木和伸,31,74,6.86,2,0.19
2026-01-16,2,04,5,5112,砂長知輝,64,34,6.82,5,0.17
2026-01-16,2,05,6,3875,廣中良一,72,56,6.86,6,0.25
2026-01-16,2,06,4,5284,嘉手苅徹哉,56,16,6.85,4,0.20
2026-01-16,3,01,2,5242,高山弘斗,43,18,6.84,2,0.08
2026-01-16,3,02,3,4339,平瀬城啓,74,76,6.83,3,0.13
2026-01-16,3,03,4,4063,市橋卓士,59,62,6.78,4,0.15
2026-01-16,3,04,5,3888,山本英志,12,67,6.85,5,0.10
2026-01-16,3,05,1,4632,長尾京志郎,35,77,6.81,1,0.10
2026-01-16,3,06,6,3539,金子順一,41,37,6.87,6,0.18
2026-01-16,4,01,1,4258,関根彰人,17,59,6.88,1,0.14
2026-01-16,4,02,2,4596,葛原大陽,37,27,6.85,2,0.19
2026-01-16,4,03,5,3550,都築正治,55,28,6.88,5,0.15
2026-01-16,4,04,6,4336,松田竜馬,29,15,6.84,6,0.10
2026-01-16,4,05,4,3964,宮地博士,53,72,6.79,4,0.19
2026-01-16,4,06,3,5027,重冨勇哉,15,29,6.79,3,0.15
2026-01-16,5,01,1,4226,村田浩司,23,48,6.77,1,0.15
2026-01-16,5,02,2,5307,富永夏哉人,30,24,6.83,2,0.17
2026-01-16,5,03,4,4052,興津藍,62,49,6.85,4,0.23
2026-01-16,5,04,3,5016,宮田龍馬,11,52,6.75,3,0.15
2026-01-16,5,05,6,3921,川村正輝,67,33,6.88,6,0.30
2026-01-16,5,06,5,3953,志道吉和,32,70,6.87,5,0.27
2026-01-16,6,01,1,4015,前野竜一,22,36,6.82,1,0.06
2026-01-16,6,02,3,4430,永田秀二,14,55,6.82,3,0.13
2026-01-16,6,03,2,4068,幸田智裕,44,39,6.78,2,0.12
2026-01-16,6,04,6,4278,藤岡俊介,21,22,6.81,6,0.15
2026-01-16,6,05,4,3820,樫葉次郎,47,66,6.88,4,0.13
2026-01-16,6,06,5,5392,安武一也,73,21,6.8,5,0.16
2026-01-16,7,01,1,3692,竹腰正樹,36,40,6.82,1,0.06
2026-01-16,7,02,3,4790,柳内敬太,63,32,6.8,3,0.15
2026-01-16,7,03,2,4603,谷川将太,49,38,6.82,2,0.11
2026-01-16,7,04,4,4064,原田篤志,51,61,6.81,4,0.14
2026-01-16,7,05,5,3787,天野誠,76,65,6.88,5,0.15
2026-01-16,7,06,6,5284,嘉手苅徹哉,56,16,6.88,6,0.20
2026-01-16,8,01,3,4945,上村宏太,68,30,6.8,3,0.23
2026-01-16,8,02,1,4057,松井賢治,57,14,6.83,1,0.18
2026-01-16,8,03,2,3679,飯島昌弘,20,75,6.85,2,0.22
2026-01-16,8,04,6,4695,尾崎雄二,25,78,6.8,6,0.23
2026-01-16,8,05,4,3558,山本浩次,24,12,6.83,4,0.20
2026-01-16,8,06,5,4632,長尾京志郎,35,77,6.9,5,0.27
2026-01-16,9,01,1,4522,古澤光紀,34,25,6.77,1,0.09
2026-01-16,9,02,3,5095,小原聡将,58,63,6.81,3,0.11
2026-01-16,9,03,5,5242,高山弘斗,43,18,6.83,5,0.12
2026-01-16,9,04,2,4509,平見真彦,48,13,6.79,2,0.14
2026-01-16,9,05,4,3875,廣中良一,72,56,6.87,4,0.13
2026-01-16,9,06,6,3964,宮地博士,53,72,6.81,6,0.17
2026-01-16,10,01,1,5016,宮田龍馬,11,52,6.72,1,0.08
2026-01-16,10,02,3,3841,佐々木和伸,31,74,6.84,3,0.11
2026-01-16,10,03,6,4402,乙藤智史,66,51,6.84,6,0.15
2026-01-16,10,04,2,3550,都築正治,55,28,6.82,2,0.16
2026-01-16,10,05,5,4124,池田雄一,54,73,6.84,5,0.13
2026-01-16,10,06,4,5312,川辺郭人,16,64,6.8,4,0.14
2026-01-16,11,01,3,4052,興津藍,62,49,6.83,3,0.15
2026-01-16,11,02,1,5112,砂長知輝,64,34,6.78,1,0.19
2026-01-16,11,03,2,3888,山本英志,12,67,6.87,2,0.12
2026-01-16,11,04,6,4596,葛原大陽,37,27,6.87,6,0.14
2026-01-16,11,05,4,4747,山戸信二,13,26,6.82,4,0.13
2026-01-16,11,06,5,4015,前野竜一,22,36,6.86,5,0.12
2026-01-16,12,01,1,4603,谷川将太,49,38,6.82,1,0.14
2026-01-16,12,02,3,3953,志道吉和,32,70,6.87,3,0.20
2026-01-16,12,03,5,4339,平瀬城啓,74,76,6.79,5,0.31
2026-01-16,12,04,2,3820,樫葉次郎,47,66,6.85,2,0.08
2026-01-16,12,05,4,4258,関根彰人,17,59,6.89,4,0.21
2026-01-16,12,06,6,4995,田邉亮蔵,52,71,6.85,6,0.21
2026-01-17,1,01,3,5016,宮田龍馬,11,52,6.71,3,0.04
2026-01-17,1,02,1,3787,天野誠,76,65,6.84,1,0.09
2026-01-17,1,03,4,5095,小原聡将,58,63,6.8,4,0.10
2026-01-17,1,04,2,5027,重冨勇哉,15,29,6.73,2,0.06
2026-01-17,1,05,6,4430,永田秀二,14,55,6.8,6,0.15
2026-01-17,1,06,5,5312,川辺郭人,16,64,6.78,5,0.12
2026-01-17,2,01,1,3921,川村正輝,67,33,6.81,1,0.17
2026-01-17,2,02,4,4402,乙藤智史,66,51,6.82,4,0.38
2026-01-17,2,03,3,4632,長尾京志郎,35,77,6.8,3,0.23
2026-01-17,2,04,2,4064,原田篤志,51,61,6.83,2,0.22
2026-01-17,2,05,5,5307,富永夏哉人,30,24,6.76,5,0.45
2026-01-17,2,06,6,5242,高山弘斗,43,18,6.85,6,0.45
2026-01-17,3,01,1,4336,松田竜馬,29,15,6.8,1,0.18
2026-01-17,3,02,5,4063,市橋卓士,59,62,6.73,5,0.09
2026-01-17,3,03,4,4339,平瀬城啓,74,76,6.84,4,0.12
2026-01-17,3,04,2,4995,田邉亮蔵,52,71,6.8,2,0.24
2026-01-17,3,05,3,3550,都築正治,55,28,6.84,3,0.22
2026-01-17,3,06,6,4226,村田浩司,23,48,6.77,6,0.08
2026-01-17,4,01,1,4509,平見真彦,48,13,6.81,1,0.09
2026-01-17,4,02,3,3820,樫葉次郎,47,66,6.9,3,0.12
2026-01-17,4,03,2,4522,古澤光紀,34,25,6.86,2,0.25
2026-01-17,4,04,4,4057,松井賢治,57,14,6.88,4,0.15
2026-01-17,4,05,6,3558,山本浩次,24,12,6.84,6,0.12
2026-01-17,4,06,5,3539,金子順一,41,37,6.84,5,0.20
2026-01-17,5,01,1,4790,柳内敬太,63,32,6.79,1,0.17
2026-01-17,5,02,3,3679,飯島昌弘,20,75,6.84,3,0.15
2026-01-17,5,03,2,3964,宮地博士,53,72,6.76,2,0.17
2026-01-17,5,04,4,5027,重冨勇哉,15,29,6.72,4,0.19
2026-01-17,5,05,6,3953,志道吉和,32,70,6.86,6,0.21
2026-01-17,5,06,5,5392,安武一也,73,21,6.81,5,0.17
2026-01-17,6,01,2,4278,藤岡俊介,21,22,6.78,2,0.07
2026-01-17,6,02,3,3888,山本英志,12,67,6.8,3,0.11
2026-01-17,6,03,4,4603,谷川将太,49,38,6.78,4,0.07
2026-01-17,6,04,1,5284,嘉手苅徹哉,56,16,6.84,1,0.05
2026-01-17,6,05,6,5312,川辺郭人,16,64,6.75,6,0.04
2026-01-17,6,06,5,4945,上村宏太,68,30,6.77,5,0.05
2026-01-17,7,01,1,4402,乙藤智史,66,51,6.81,1,0.09
2026-01-17,7,02,3,5112,砂長知輝,64,34,6.79,3,0.14
2026-01-17,7,03,2,4695,尾崎雄二,25,78,6.76,2,0.16
2026-01-17,7,04,6,4747,山戸信二,13,26,6.8,6,0.23
2026-01-17,7,05,4,4068,幸田智裕,44,39,6.76,4,0.27
2026-01-17,7,06,5,3875,廣中良一,72,56,6.84,5,0.29
2026-01-17,8,01,2,4339,平瀬城啓,74,76,6.8,2,0.13
2026-01-17,8,02,4,3841,佐々木和伸,31,74,6.82,4,0.12
2026-01-17,8,03,1,4124,池田雄一,54,73,6.84,1,0.07
2026-01-17,8,04,3,3787,天野誠,76,65,6.87,3,0.11
2026-01-17,8,05,6,4015,前野竜一,22,36,6.79,6,0.07
2026-01-17,8,06,5,3921,川村正輝,67,33,6.84,5,0.10
2026-01-17,9,01,1,4052,興津藍,62,49,6.79,1,0.09
2026-01-17,9,02,2,5016,宮田龍馬,11,52,6.74,2,0.19
2026-01-17,9,03,4,4336,松田竜馬,29,15,6.8,4,0.18
2026-01-17,9,04,5,4258,関根彰人,17,59,6.86,5,0.20
2026-01-17,9,05,6,4064,原田篤志,51,61,6.84,6,0.22
2026-01-17,9,06,3,3539,金子順一,41,37,6.88,3,0.23
2026-01-17,10,01,1,4063,市橋卓士,59,62,6.7,1,0.12
2026-01-17,10,02,3,3692,竹腰正樹,36,40,6.77,3,0.17
2026-01-17,10,03,4,4596,葛原大陽,37,27,6.86,4,0.21
2026-01-17,10,04,2,4790,柳内敬太,63,32,6.77,2,0.18
2026-01-17,10,05,5,5095,小原聡将,58,63,6.85,5,0.16
2026-01-17,10,06,6,4945,上村宏太,68,30,6.76,6,0.14
2026-01-17,11,01,1,4278,藤岡俊介,21,22,6.81,1,0.11
2026-01-17,11,02,2,4430,永田秀二,14,55,6.82,2,0.14
2026-01-17,11,03,3,5307,富永夏哉人,30,24,6.78,3,0.20
2026-01-17,11,04,5,3679,飯島昌弘,20,75,6.83,5,0.18
2026-01-17,11,05,6,4057,松井賢治,57,14,6.83,6,0.16
2026-01-17,11,06,4,4995,田邉亮蔵,52,71,6.79,4,0.19
2026-01-17,12,01,1,4695,尾崎雄二,25,78,6.77,1,0.14
2026-01-17,12,02,4,5242,高山弘斗,43,18,6.8,4,0.15
2026-01-17,12,03,5,4509,平見真彦,48,13,6.76,5,0.15
2026-01-17,12,04,2,4226,村田浩司,23,48,6.76,2,0.16
2026-01-17,12,05,3,5284,嘉手苅徹哉,56,16,6.79,3,0.20
2026-01-17,12,05,6,5392,安武一也,73,21,6.77,6,0.12
2026-01-18,1,01,5,4278,藤岡俊介,21,22,6.81,5,0.10
2026-01-18,1,02,1,3875,廣中良一,72,56,6.84,1,0.11
2026-01-18,1,03,4,4596,葛原大陽,37,27,6.88,4,0.16
2026-01-18,1,04,6,3692,竹腰正樹,36,40,6.81,6,0.08
2026-01-18,1,05,2,4632,長尾京志郎,35,77,6.89,2,0.12
2026-01-18,1,06,3,4258,関根彰人,17,59,6.86,3,0.12
2026-01-18,2,01,2,4336,松田竜馬,29,15,6.8,2,0.10
2026-01-18,2,02,4,4124,池田雄一,54,73,6.88,4,0.20
2026-01-18,2,03,6,3888,山本英志,12,67,6.83,6,0.22
2026-01-18,2,04,3,3558,山本浩次,24,12,6.82,3,0.20
2026-01-18,2,05,1,3820,樫葉次郎,47,66,6.86,1,0.22
2026-01-18,2,06,5,4995,田邉亮蔵,52,71,6.82,5,0.19
2026-01-18,3,01,2,4052,興津藍,62,49,6.81,2,0.03
2026-01-18,3,02,3,4695,尾崎雄二,25,78,6.84,3,0.02
2026-01-18,3,03,5,4068,幸田智裕,44,39,6.8,5,0.07
2026-01-18,3,04,4,4522,古澤光紀,34,25,6.82,4,0.04
2026-01-18,3,05,6,5307,富永夏哉人,30,24,6.77,6,0.07
2026-01-18,3,F,1,3953,志道吉和,32,70,6.85,1,F0.01
2026-01-18,4,01,3,4063,市橋卓士,59,62,6.75,3,0.17
2026-01-18,4,02,1,3550,都築正治,55,28,6.82,1,0.16
2026-01-18,4,03,6,5027,重冨勇哉,15,29,6.74,6,0.18
2026-01-18,4,04,4,5392,安武一也,73,21,6.82,4,0.31
2026-01-18,4,05,2,5312,川辺郭人,16,64,6.84,2,0.18
2026-01-18,4,06,5,5284,嘉手苅徹哉,56,16,6.9,5,0.27
2026-01-18,5,01,6,5016,宮田龍馬,11,52,6.81,6,0.15
2026-01-18,5,02,1,5242,高山弘斗,43,18,6.83,1,0.12
2026-01-18,5,03,3,4064,原田篤志,51,61,6.84,3,0.15
2026-01-18,5,04,4,4226,村田浩司,23,48,6.82,4,0.10
2026-01-18,5,05,2,4945,上村宏太,68,30,6.84,2,0.19
2026-01-18,5,06,5,4603,谷川将太,49,38,6.8,5,0.18
2026-01-18,6,01,1,4339,平瀬城啓,74,76,6.84,1,0.21
2026-01-18,6,02,4,4015,前野竜一,22,36,6.83,4,0.18
2026-01-18,6,03,2,5112,砂長知輝,64,34,6.81,2,0.21
2026-01-18,6,04,3,3875,廣中良一,72,56,6.88,3,0.18
2026-01-18,6,05,5,3679,飯島昌弘,20,75,6.87,5,0.34
2026-01-18,6,06,6,3787,天野誠,76,65,6.88,6,0.33
2026-01-18,7,01,3,4278,藤岡俊介,21,22,6.82,3,0.03
2026-01-18,7,02,1,3841,佐々木和伸,31,74,6.85,1,0.05
2026-01-18,7,03,2,4057,松井賢治,57,14,6.82,2,0.19
2026-01-18,7,04,4,4509,平見真彦,48,13,6.79,4,0.13
2026-01-18,7,05,6,4747,山戸信二,13,26,6.8,6,0.14
2026-01-18,7,06,5,3820,樫葉次郎,47,66,6.86,5,0.09
2026-01-18,8,01,1,5095,小原聡将,58,63,6.8,1,0.16
2026-01-18,8,02,3,4402,乙藤智史,66,51,6.83,3,0.18
2026-01-18,8,03,4,3953,志道吉和,32,70,6.87,4,0.33
2026-01-18,8,04,6,4258,関根彰人,17,59,6.83,6,0.25
2026-01-18,8,05,2,3539,金子順一,41,37,6.87,2,0.16
2026-01-18,8,06,5,4124,池田雄一,54,73,6.86,5,0.27
2026-01-18,9,01,4,4430,永田秀二,14,55,6.83,4,0.07
2026-01-18,9,02,5,4790,柳内敬太,63,32,6.8,5,0.08
2026-01-18,9,03,3,4596,葛原大陽,37,27,6.9,3,0.19
2026-01-18,9,04,1,4068,幸田智裕,44,39,6.78,1,0.17
2026-01-18,9,05,6,5392,安武一也,73,21,6.81,6,0.16
2026-01-18,9,06,2,3921,川村正輝,67,33,6.83,2,0.21
2026-01-18,10,01,1,4064,原田篤志,51,61,6.81,1,0.19
2026-01-18,10,02,3,3964,宮地博士,53,72,6.79,3,0.20
2026-01-18,10,03,2,3558,山本浩次,24,12,6.72,2,0.19
2026-01-18,10,04,5,3692,竹腰正樹,36,40,6.78,5,0.17
2026-01-18,10,05,4,3550,都築正治,55,28,6.82,4,0.16
2026-01-18,10,06,6,4052,興津藍,62,49,6.82,6,0.14
2026-01-18,11,01,1,4063,市橋卓士,59,62,6.72,1,0.11
2026-01-18,11,02,2,4015,前野竜一,22,36,6.79,2,0.14
2026-01-18,11,03,5,3841,佐々木和伸,31,74,6.83,5,0.17
2026-01-18,11,04,6,4522,古澤光紀,34,25,6.78,6,0.18
2026-01-18,11,05,3,4603,谷川将太,49,38,6.8,3,0.15
2026-01-18,11,06,4,3888,山本英志,12,67,6.8,4,0.15
2026-01-18,12,01,1,5016,宮田龍馬,11,52,6.73,1,0.16
2026-01-18,12,02,2,5307,富永夏哉人,30,24,6.79,2,0.27
2026-01-18,12,03,3,4336,松田竜馬,29,15,6.82,3,0.27
2026-01-18,12,04,6,5112,砂長知輝,64,34,6.8,6,0.38
2026-01-18,12,05,5,4402,乙藤智史,66,51,6.85,5,0.45
2026-01-18,12,06,4,5312,川辺郭人,16,64,6.82,4,0.34
2026-01-19,1,01,5,4790,柳内敬太,63,32,6.83,5,0.14
2026-01-19,1,02,1,4336,松田竜馬,29,15,6.82,1,0.27
2026-01-19,1,03,2,3964,宮地博士,53,72,6.75,2,0.27
2026-01-19,1,04,3,3820,樫葉次郎,47,66,6.92,3,0.34
2026-01-19,1,05,4,4015,前野竜一,22,36,6.83,4,0.34
2026-01-19,1,06,6,5392,安武一也,73,21,6.9,6,0.22
2026-01-19,2,01,1,4509,平見真彦,48,13,6.75,1,0.15
2026-01-19,2,02,2,5027,重冨勇哉,15,29,6.74,2,0.16
2026-01-19,2,03,3,3921,川村正輝,67,33,6.88,3,0.18
2026-01-19,2,04,6,5016,宮田龍馬,11,52,6.75,6,0.30
2026-01-19,2,05,4,5095,小原聡将,58,63,6.81,4,0.20
2026-01-19,2,06,5,3558,山本浩次,24,12,6.81,5,0.24
2026-01-19,3,01,1,4052,興津藍,62,49,6.85,1,0.13
2026-01-19,3,02,6,4278,藤岡俊介,21,22,6.89,6,0.15
2026-01-19,3,03,3,4068,幸田智裕,44,39,6.84,3,0.27
2026-01-19,3,04,4,3841,佐々木和伸,31,74,6.88,4,0.13
2026-01-19,3,05,5,4226,村田浩司,23,48,6.83,5,0.12
2026-01-19,3,06,2,5284,嘉手苅徹哉,56,16,6.84,2,0.19
2026-01-19,4,01,1,4064,原田篤志,51,61,6.85,1,0.22
2026-01-19,4,02,2,4402,乙藤智史,66,51,6.89,2,0.25
2026-01-19,4,03,5,4596,葛原大陽,37,27,6.92,5,0.19
2026-01-19,4,04,6,4603,谷川将太,49,38,6.82,6,0.17
2026-01-19,4,05,3,5307,富永夏哉人,30,24,6.82,3,0.23
2026-01-19,4,06,4,4339,平瀬城啓,74,76,6.88,4,0.36
2026-01-19,5,01,1,4057,松井賢治,57,14,6.85,1,0.04
2026-01-19,5,02,2,5312,川辺郭人,16,64,6.86,2,0.06
2026-01-19,5,03,4,4258,関根彰人,17,59,6.86,4,0.11
2026-01-19,5,04,6,3679,飯島昌弘,20,75,6.88,6,0.12
2026-01-19,5,05,5,3787,天野誠,76,65,6.95,5,0.13
2026-01-19,5,06,3,3888,山本英志,12,67,6.87,3,0.15
2026-01-19,6,01,1,4430,永田秀二,14,55,6.79,1,0.17
2026-01-19,6,02,2,4695,尾崎雄二,25,78,6.76,2,0.22
2026-01-19,6,03,5,3964,宮地博士,53,72,6.83,5,0.19
2026-01-19,6,04,6,4063,市橋卓士,59,62,6.77,6,0.15
2026-01-19,6,05,3,3539,金子順一,41,37,6.89,3,0.20
2026-01-19,6,06,4,3875,廣中良一,72,56,6.9,4,0.18
2026-01-19,7,01,1,5112,砂長知輝,64,34,6.75,1,0.13
2026-01-19,7,02,3,3550,都築正治,55,28,6.77,3,0.16
2026-01-19,7,03,4,4995,田邉亮蔵,52,71,6.82,4,0.28
2026-01-19,7,04,5,4632,長尾京志郎,35,77,6.86,5,0.28
2026-01-19,7,05,6,3953,志道吉和,32,70,6.88,6,0.38
2026-01-19,7,06,2,4945,上村宏太,68,30,6.77,2,0.13
2026-01-19,8,01,1,4522,古澤光紀,34,25,6.75,1,0.04
2026-01-19,8,02,3,3692,竹腰正樹,36,40,6.77,3,0.05
2026-01-19,8,03,2,5242,高山弘斗,43,18,6.8,2,0.08
2026-01-19,8,04,5,3921,川村正輝,67,33,6.87,5,0.09
2026-01-19,8,05,4,3820,樫葉次郎,47,66,6.84,4,0.06
2026-01-19,8,06,6,4124,池田雄一,54,73,6.84,6,0.05
2026-01-19,9,01,1,5016,宮田龍馬,11,52,6.66,1,0.08
2026-01-19,9,02,2,4052,興津藍,62,49,6.8,2,0.15
2026-01-19,9,03,5,4015,前野竜一,22,36,6.79,5,0.11
2026-01-19,9,04,3,5095,小原聡将,58,63,6.79,3,0.17
2026-01-19,9,05,6,4064,原田篤志,51,61,6.79,6,0.19
2026-01-19,9,06,4,4596,葛原大陽,37,27,6.8,4,0.15
2026-01-19,10,01,1,4278,藤岡俊介,21,22,6.72,1,0.14
2026-01-19,10,02,3,3679,飯島昌弘,20,75,6.79,3,0.22
2026-01-19,10,03,4,4790,柳内敬太,63,32,6.75,4,0.21
2026-01-19,10,04,2,4430,永田秀二,14,55,6.77,2,0.17
2026-01-19,10,05,5,4402,乙藤智史,66,51,6.81,5,0.27
2026-01-19,10,06,6,4509,平見真彦,48,13,6.73,6,0.27
2026-01-19,11,01,1,4063,市橋卓士,59,62,6.74,1,0.10
2026-01-19,11,02,4,5112,砂長知輝,64,34,6.79,4,0.07
2026-01-19,11,03,2,4336,松田竜馬,29,15,6.76,2,0.06
2026-01-19,11,04,5,4339,平瀬城啓,74,76,6.83,5,0.13
2026-01-19,11,S0,3,3841,佐々木和伸,31,74,6.83,3,0.07
2026-01-19,11,S2,6,4057,松井賢治,57,14,6.84,6,0.11
2026-01-19,12,01,1,4603,谷川将太,49,38,6.8,1,0.13
2026-01-19,12,02,2,3558,山本浩次,24,12,6.8,2,0.12
2026-01-19,12,03,4,4695,尾崎雄二,25,78,6.81,4,0.24
2026-01-19,12,04,3,4945,上村宏太,68,30,6.84,3,0.16
2026-01-19,12,05,5,4068,幸田智裕,44,39,6.79,5,0.28
2026-01-19,12,06,6,4747,山戸信二,13,26,6.79,6,0.30
2026-01-20,1,01,1,4402,乙藤智史,66,51,6.78,1,0.18
2026-01-20,1,02,3,4258,関根彰人,17,59,6.86,3,0.27
2026-01-20,1,03,2,3550,都築正治,55,28,6.74,2,0.20
2026-01-20,1,04,4,3875,廣中良一,72,56,6.77,4,0.24
2026-01-20,1,05,5,3820,樫葉次郎,47,66,6.78,5,0.34
2026-01-20,1,06,6,5312,川辺郭人,16,64,6.76,6,0.34
2026-01-20,2,01,1,5095,小原聡将,58,63,6.73,1,0.19
2026-01-20,2,02,3,4695,尾崎雄二,25,78,6.73,3,0.26
2026-01-20,2,03,2,4509,平見真彦,48,13,6.67,2,0.21
2026-01-20,2,04,6,3888,山本英志,12,67,6.73,6,0.25
2026-01-20,2,05,5,3539,金子順一,41,37,6.75,5,0.30
2026-01-20,2,06,4,3787,天野誠,76,65,6.79,4,0.28
2026-01-20,3,01,1,4339,平瀬城啓,74,76,6.76,1,0.26
2026-01-20,3,02,3,5027,重冨勇哉,15,29,6.67,3,0.27
2026-01-20,3,03,5,4430,永田秀二,14,55,6.73,5,0.30
2026-01-20,3,04,2,4226,村田浩司,23,48,6.74,2,0.31
2026-01-20,3,05,4,4124,池田雄一,54,73,6.76,4,0.28
2026-01-20,3,06,6,5284,嘉手苅徹哉,56,16,6.74,6,0.32
2026-01-20,4,01,1,3692,竹腰正樹,36,40,6.75,1,0.14
2026-01-20,4,02,2,4995,田邉亮蔵,52,71,6.78,2,0.22
2026-01-20,4,03,6,5307,富永夏哉人,30,24,6.7,6,0.07
2026-01-20,4,04,3,4790,柳内敬太,63,32,6.78,3,0.23
2026-01-20,4,05,4,4632,長尾京志郎,35,77,6.75,4,0.18
2026-01-20,4,06,5,5242,高山弘斗,43,18,6.74,5,0.08
2026-01-20,5,01,1,3841,佐々木和伸,31,19,6.76,1,0.04
2026-01-20,5,02,2,4068,幸田智裕,44,39,6.69,2,0.05
2026-01-20,5,03,5,4522,古澤光紀,34,25,6.73,5,0.07
2026-01-20,5,04,4,3558,山本浩次,24,12,6.74,4,0.04
2026-01-20,5,05,6,4336,松田竜馬,29,15,6.7,6,0.09
2026-01-20,5,06,3,3875,廣中良一,72,56,6.78,3,0.05
2026-01-20,6,01,1,4015,前野竜一,22,36,6.73,1,0.46
2026-01-20,6,02,4,3550,都築正治,55,28,6.74,4,0.26
2026-01-20,6,03,3,4064,原田篤志,51,61,6.79,3,0.28
2026-01-20,6,04,5,4945,上村宏太,68,30,6.73,5,0.41
2026-01-20,6,05,6,4747,山戸信二,13,26,6.76,6,0.31
2026-01-20,6,06,2,3921,川村正輝,67,33,6.76,2,0.33
2026-01-20,7,01,1,4596,葛原大陽,37,27,6.77,1,0.16
2026-01-20,7,02,4,4258,関根彰人,17,59,6.78,4,0.11
2026-01-20,7,03,2,3539,金子順一,41,37,6.76,2,0.13
2026-01-20,7,04,6,3953,志道吉和,32,70,6.8,6,0.33
2026-01-20,7,05,3,5284,嘉手苅徹哉,56,16,6.75,3,0.14
2026-01-20,7,06,5,5392,安武一也,73,21,6.73,5,0.25
2026-01-20,8,01,1,3888,山本英志,12,67,6.72,1,0.12
2026-01-20,8,02,6,5027,重冨勇哉,15,29,6.71,6,0.28
2026-01-20,8,03,4,4226,村田浩司,23,48,6.75,4,0.10
2026-01-20,8,04,3,4632,長尾京志郎,35,77,6.78,3,0.18
2026-01-20,8,05,5,4995,田邉亮蔵,52,71,6.77,5,0.20
2026-01-20,8,06,2,3787,天野誠,76,65,6.84,2,0.23
2026-01-20,9,01,4,5242,高山弘斗,43,18,6.77,4,0.10
2026-01-20,9,02,1,4124,池田雄一,54,73,6.77,1,0.15
2026-01-20,9,03,2,3964,宮地博士,53,72,6.71,2,0.18
2026-01-20,9,04,3,4603,谷川将太,49,38,6.78,3,0.11
2026-01-20,9,05,5,4695,尾崎雄二,25,78,6.75,5,0.17
2026-01-20,9,06,6,4522,古澤光紀,34,25,6.72,6,0.14
2026-01-20,10,01,1,4790,柳内敬太,63,32,6.7,1,0.16
2026-01-20,10,02,2,4015,前野竜一,22,36,6.76,2,0.14
2026-01-20,10,03,6,3841,佐々木和伸,31,19,6.86,6,0.06
2026-01-20,10,04,5,4509,平見真彦,48,13,6.69,5,0.04
2026-01-20,10,05,3,4339,平瀬城啓,74,76,6.77,3,0.12
2026-01-20,10,06,4,4402,乙藤智史,66,51,6.77,4,0.11
2026-01-20,11,01,1,4063,市橋卓士,59,62,6.66,1,0.08
2026-01-20,11,02,3,5016,宮田龍馬,11,52,6.68,3,0.10
2026-01-20,11,03,2,4278,藤岡俊介,21,22,6.67,2,0.24
2026-01-20,11,04,4,4052,興津藍,62,49,6.76,4,0.18
2026-01-20,11,05,6,5112,砂長知輝,64,34,6.74,6,0.16
2026-01-20,11,06,5,3679,飯島昌弘,20,75,6.76,5,0.19
2026-01-20,12,01,1,4336,松田竜馬,29,15,6.76,1,0.10
2026-01-20,12,02,2,4430,永田秀二,14,55,6.81,2,0.12
2026-01-20,12,03,3,5095,小原聡将,58,63,6.76,3,0.12
2026-01-20,12,04,5,4596,葛原大陽,37,27,6.83,5,0.15
2026-01-20,12,05,6,3692,竹腰正樹,36,40,6.75,6,0.20
2026-01-20,12,06,4,4064,原田篤志,51,61,6.83,4,0.16
2026-01-22,1,01,3,4251,川崎誠志,11,23,6.65,3,0.21
2026-01-22,1,02,1,3701,大西隆洋,51,70,6.8,1,0.14
2026-01-22,1,03,6,5208,屋良龍紀,21,66,6.72,6,0.11
2026-01-22,1,04,4,4196,田中太一郎,59,40,6.77,4,0.14
2026-01-22,1,05,5,4417,服部剛,55,19,6.8,5,0.15
2026-01-22,1,06,2,4853,前原哉,30,54,6.72,2,0.19
2026-01-22,2,01,1,4898,菊地敬介,57,16,6.83,1,0.22
2026-01-22,2,02,5,4372,原田佑実,58,17,6.82,6,0.26
2026-01-22,2,03,6,4302,西野翔太,69,27,6.78,2,0.26
2026-01-22,2,04,3,3976,内田圭,56,77,6.9,4,0.28
2026-01-22,2,05,2,4261,岡祐臣,18,78,6.78,3,0.38
2026-01-22,2,06,4,4740,齋藤達希,27,63,6.8,5,0.29
2026-01-22,3,01,4,4376,藤田靖弘,32,22,6.8,4,0.21
2026-01-22,3,02,5,4528,黒井達矢,64,59,6.78,5,0.27
2026-01-22,3,03,2,4978,山田和佐,37,62,6.77,2,0.29
2026-01-22,3,04,6,4489,岩川仁士,38,72,6.78,6,0.28
2026-01-22,3,05,3,4410,井上大輔,34,33,6.8,3,0.30
2026-01-22,3,06,1,4875,大塚康雅,44,13,6.75,1,0.30
2026-01-22,4,01,6,4095,福来剛,65,64,6.75,6,0.10
2026-01-22,4,02,1,3784,中島友和,60,25,6.8,1,0.05
2026-01-22,4,03,3,4969,町田洸希,63,51,6.79,3,0.12
2026-01-22,4,04,4,5189,藤原早菜,40,38,6.78,4,0.22
2026-01-22,4,05,2,3867,松浦勝,46,24,6.84,2,0.09
2026-01-22,4,06,5,5105,富田恕生,47,21,6.76,5,0.29
2026-01-22,5,01,6,3349,吉田一郎,76,52,6.86,3,0.27
2026-01-22,5,02,1,5007,近藤雄一郎,68,36,6.81,1,0.21
2026-01-22,5,03,3,4933,板橋侑我,48,39,6.83,4,0.15
2026-01-22,5,04,4,3401,上田隆章,67,30,6.87,5,0.23
2026-01-22,5,05,5,5103,芝田京介,26,56,6.82,6,0.22
2026-01-22,5,06,2,4626,伊藤紘章,12,35,6.86,2,0.27
2026-01-22,6,01,5,4903,吉田凌太朗,41,55,6.77,5,0.09
2026-01-22,6,02,1,4865,立具敬司,20,75,6.78,1,0.16
2026-01-22,6,03,3,3613,角谷健吾,45,12,6.86,3,0.17
2026-01-22,6,04,2,4957,竹之内極,75,32,6.79,2,0.19
2026-01-22,6,05,6,4580,長谷川雅和,33,26,6.83,6,0.14
2026-01-22,6,06,4,3701,大西隆洋,51,70,6.88,4,0.12
2026-01-22,7,01,1,4513,河野真也,15,37,6.75,1,0.11
2026-01-22,7,02,2,4084,杉山正樹,71,67,6.77,2,0.11
2026-01-22,7,03,4,5208,屋良龍紀,21,66,6.72,4,0.08
2026-01-22,7,04,5,3976,内田圭,56,77,6.83,5,0.14
2026-01-22,7,05,3,4470,平田健之佑,19,76,6.82,3,0.04
2026-01-22,7,06,6,5394,福西広太郎,74,65,6.76,6,0.20
2026-01-22,8,01,2,4366,前沢丈史,73,71,6.78,2,0.15
2026-01-22,8,02,4,4898,菊地敬介,57,16,6.8,4,0.06
2026-01-22,8,03,1,4410,井上大輔,34,33,6.75,1,0.29
2026-01-22,8,04,5,5192,中尾優香,39,28,6.79,5,0.14
2026-01-22,8,05,6,4196,田中太一郎,59,40,6.76,6,0.10
2026-01-22,8,06,3,4630,岩永雅人,28,48,6.69,3,0.17
2026-01-22,9,01,3,5189,藤原早菜,40,38,6.68,3,0.40
2026-01-22,9,02,1,4775,千葉真弥,16,47,6.69,1,0.28
2026-01-22,9,03,2,4372,原田佑実,58,17,6.7,2,0.30
2026-01-22,9,04,4,5358,増本杏珠,50,18,6.76,4,0.30
2026-01-22,9,05,6,4853,前原哉,30,54,6.68,6,0.28
2026-01-22,9,06,5,5180,藤本紗弥香,52,49,6.66,5,0.27
2026-01-22,10,01,1,4737,竹井貴史,36,29,6.66,1,0.28
2026-01-22,10,02,5,4156,浜野孝志,70,34,6.69,5,0.21
2026-01-22,10,03,4,4074,柳沢一,17,73,6.74,4,0.19
2026-01-22,10,04,3,4417,服部剛,55,19,6.74,3,0.23
2026-01-22,10,05,6,4978,山田和佐,37,62,6.69,6,0.19
2026-01-22,10,06,2,3401,上田隆章,67,30,6.75,2,0.23
2026-01-22,11,01,5,3784,中島友和,60,25,6.7,4,0.12
2026-01-22,11,02,4,4251,川崎誠志,11,23,6.63,5,0.21
2026-01-22,11,03,6,4376,藤田靖弘,32,22,6.78,6,0.22
2026-01-22,11,04,2,4302,西野翔太,69,27,6.77,2,0.18
2026-01-22,11,05,1,3613,角谷健吾,45,12,6.77,1,0.21
2026-01-22,11,06,3,3349,吉田一郎,76,52,6.8,3,0.21
2026-01-22,12,01,1,4903,吉田凌太朗,41,55,6.69,1,0.09
2026-01-22,12,02,6,4933,板橋侑我,48,39,6.63,6,0.14
2026-01-22,12,03,2,4095,福来剛,65,64,6.66,2,0.14
2026-01-22,12,04,4,4084,杉山正樹,71,67,6.68,4,0.18
2026-01-22,12,05,3,4528,黒井達矢,64,59,6.69,3,0.14
2026-01-22,12,06,5,4261,岡祐臣,18,78,6.7,5,0.22
2026-01-23,1,01,1,4969,町田洸希,63,51,6.73,1,0.23
2026-01-23,1,02,2,4580,長谷川雅和,33,26,6.74,2,0.28
2026-01-23,1,03,5,4740,齋藤達希,27,63,6.73,5,0.33
2026-01-23,1,04,3,4865,立具敬司,20,75,6.72,3,0.28
2026-01-23,1,05,6,3867,松浦勝,46,24,6.77,6,0.34
2026-01-23,1,06,4,5103,芝田京介,26,56,6.72,4,0.34
2026-01-23,2,01,1,3401,上田隆章,67,30,6.74,1,0.19
2026-01-23,2,02,5,5394,福西広太郎,74,65,6.68,5,0.13
2026-01-23,2,03,2,4775,千葉真弥,16,47,6.75,2,0.19
2026-01-23,2,04,4,4875,大塚康雅,44,13,6.73,4,0.15
2026-01-23,2,05,6,4074,柳沢一,17,73,6.75,6,0.12
2026-01-23,2,06,3,4957,竹之内極,75,32,6.76,3,0.14
2026-01-23,3,01,3,4737,竹井貴史,36,29,6.68,3,0.29
2026-01-23,3,02,4,4626,伊藤紘章,12,35,6.72,4,0.18
2026-01-23,3,03,5,4470,平田健之佑,19,76,6.73,5,0.13
2026-01-23,3,04,2,4489,岩川仁士,38,72,6.73,2,0.20
2026-01-23,3,05,6,4898,菊地敬介,57,16,6.77,6,0.10
2026-01-23,3,06,1,5180,藤本紗弥香,52,49,6.7,1,0.24
2026-01-23,4,01,5,4302,西野翔太,69,27,6.73,5,0.15
2026-01-23,4,02,2,4630,岩永雅人,28,48,6.68,2,0.24
2026-01-23,4,03,6,4417,服部剛,55,19,6.74,6,0.19
2026-01-23,4,04,1,5105,富田恕生,47,21,6.71,1,0.23
2026-01-23,4,05,3,4366,前沢丈史,73,71,6.73,3,0.19
2026-01-23,4,06,4,4853,前原哉,30,54,6.71,4,0.22
2026-01-23,5,01,4,4410,井上大輔,34,33,6.77,4,0.23
2026-01-23,5,02,1,4251,川崎誠志,11,23,6.63,1,0.22
2026-01-23,5,03,5,4513,河野真也,15,37,6.75,5,0.26
2026-01-23,5,04,2,5007,近藤雄一郎,68,36,6.67,2,0.23
2026-01-23,5,05,6,4261,岡祐臣,18,78,6.72,6,0.25
2026-01-23,5,06,3,5192,中尾優香,39,28,6.77,3,0.28
2026-01-23,6,01,1,4156,浜野孝志,70,34,6.71,1,0.13
2026-01-23,6,02,4,4095,福来剛,65,64,6.69,4,0.10
2026-01-23,6,03,2,5208,屋良龍紀,21,66,6.68,2,0.16
2026-01-23,6,04,5,3701,大西隆洋,51,53,6.84,5,0.17
2026-01-23,6,05,6,3976,内田圭,56,77,6.77,6,0.13
2026-01-23,6,06,3,3867,松浦勝,46,24,6.74,3,0.16
2026-01-23,7,01,2,4196,田中太一郎,59,40,6.73,2,0.15
2026-01-23,7,02,4,4933,板橋侑我,48,39,6.72,4,0.26
2026-01-23,7,03,1,3349,吉田一郎,76,45,6.79,1,0.17
2026-01-23,7,04,6,5358,増本杏珠,50,18,6.78,6,0.30
2026-01-23,7,05,3,4875,大塚康雅,44,13,6.75,3,0.26
2026-01-23,7,S0,5,4580,長谷川雅和,33,26,6.79,5,0.32
2026-01-23,8,01,2,4903,吉田凌太朗,41,55,6.74,2,0.15
2026-01-23,8,02,3,4376,藤田靖弘,32,22,6.78,3,0.13
2026-01-23,8,03,1,5103,芝田京介,26,56,6.77,1,0.13
2026-01-23,8,04,6,3784,中島友和,60,25,6.71,6,0.14
2026-01-23,8,05,5,4978,山田和佐,37,62,6.78,5,0.24
2026-01-23,8,06,4,5180,藤本紗弥香,52,49,6.72,4,0.26
2026-01-23,9,01,3,4626,伊藤紘章,12,35,6.78,3,0.21
2026-01-23,9,02,2,4528,黒井達矢,64,59,6.77,2,0.12
2026-01-23,9,03,1,5189,藤原早菜,40,38,6.72,1,0.23
2026-01-23,9,04,4,3613,角谷健吾,45,12,6.87,4,0.23
2026-01-23,9,05,5,4969,町田洸希,63,51,6.76,5,0.22
2026-01-23,9,06,6,4957,竹之内極,75,32,6.79,6,0.18
2026-01-23,10,01,1,4470,平田健之佑,19,76,6.78,1,0.18
2026-01-23,10,02,2,5105,富田恕生,47,21,6.77,2,0.17
2026-01-23,10,03,3,4740,齋藤達希,27,63,6.76,3,0.15
2026-01-23,10,04,4,5007,近藤雄一郎,68,36,6.72,4,0.12
2026-01-23,10,05,5,4084,杉山正樹,71,67,6.73,5,0.12
2026-01-23,10,06,6,4372,原田佑実,58,17,6.75,6,0.14
2026-01-23,11,01,1,4095,福来剛,65,64,6.71,1,0.04
2026-01-23,11,02,3,4074,柳沢一,17,73,6.81,3,0.12
2026-01-23,11,03,4,4737,竹井貴史,36,29,6.74,4,0.08
2026-01-23,11,04,6,4630,岩永雅人,28,48,6.74,6,0.21
2026-01-23,11,05,5,4865,立具敬司,20,75,6.73,5,0.13
2026-01-23,11,06,2,5192,中尾優香,39,28,6.82,2,0.17
2026-01-23,12,01,1,4933,板橋侑我,48,39,6.71,1,0.16
2026-01-23,12,02,5,4366,前沢丈史,73,71,6.76,5,0.13
2026-01-23,12,03,3,4156,浜野孝志,70,34,6.75,3,0.19
2026-01-23,12,04,6,4775,千葉真弥,16,47,6.74,6,0.22
2026-01-23,12,05,2,4513,河野真也,15,37,6.75,2,0.22
2026-01-23,12,06,4,4489,岩川仁士,38,72,6.75,4,0.15
2026-01-24,1,01,1,5208,屋良龍紀,21,66,6.76,1,0.10
2026-01-24,1,02,4,4978,山田和佐,37,62,6.84,4,0.05
2026-01-24,1,03,2,4875,大塚康雅,44,13,6.81,2,0.19
2026-01-24,1,04,3,3401,上田隆章,67,30,6.9,3,0.18
2026-01-24,1,F,5,5358,増本杏珠,50,18,6.9,5,F0.01
2026-01-24,1,F,6,3701,大西隆洋,51,53,6.88,6,F0.01
2026-01-24,2,01,1,4196,田中太一郎,59,40,6.73,1,0.25
2026-01-24,2,02,2,4410,井上大輔,34,33,6.7,2,0.27
2026-01-24,2,03,3,4372,原田佑実,58,17,6.76,3,0.25
2026-01-24,2,04,5,3867,松浦勝,46,24,6.76,5,0.30
2026-01-24,2,05,4,5394,福西広太郎,74,65,6.73,4,0.35
2026-01-24,2,06,6,3613,角谷健吾,45,12,6.82,6,0.25
2026-01-24,3,01,1,4957,竹之内極,75,32,6.83,1,0.13
2026-01-24,3,02,2,3349,吉田一郎,76,45,6.88,2,0.10
2026-01-24,3,03,3,4261,岡祐臣,18,78,6.83,3,0.15
2026-01-24,3,04,4,4417,服部剛,55,19,6.91,4,0.14
2026-01-24,3,05,5,4898,菊地敬介,57,16,6.83,5,0.13
2026-01-24,3,06,6,5192,中尾優香,39,28,6.9,6,0.15
2026-01-24,4,01,1,4740,齋藤達希,27,63,6.79,1,0.11
2026-01-24,4,02,3,4903,吉田凌太朗,41,55,6.76,3,0.15
2026-01-24,4,03,4,5105,富田恕生,47,21,6.79,4,0.16
2026-01-24,4,04,5,5189,藤原早菜,40,38,6.74,5,0.20
2026-01-24,4,05,2,3976,内田圭,56,77,6.85,2,0.13
2026-01-24,4,06,6,4626,伊藤紘章,12,35,6.79,6,0.22
2026-01-24,5,01,5,4737,竹井貴史,36,29,6.74,5,0.04
2026-01-24,5,02,4,4969,町田洸希,63,51,6.8,4,0.15
2026-01-24,5,03,3,4084,杉山正樹,71,67,6.77,3,0.05
2026-01-24,5,04,2,4251,川崎誠志,11,23,6.7,2,0.08
2026-01-24,5,05,6,5103,芝田京介,26,56,6.82,6,0.16
2026-01-24,5,F,1,4853,前原哉,30,54,6.77,1,F0.02
2026-01-24,6,01,1,4376,藤田靖弘,32,22,6.82,1,0.10
2026-01-24,6,02,5,4489,岩川仁士,38,72,6.83,5,0.15
2026-01-24,6,03,4,4775,千葉真弥,16,47,6.87,4,0.19
2026-01-24,6,04,2,3701,大西隆洋,51,53,6.9,2,0.19
2026-01-24,6,05,6,4528,黒井達矢,64,59,6.84,6,0.14
2026-01-24,6,06,3,4580,長谷川雅和,33,26,6.88,3,0.16
2026-01-24,7,01,1,4302,西野翔太,69,27,6.82,1,0.24
2026-01-24,7,02,3,4095,福来剛,65,64,6.76,3,0.22
2026-01-24,7,03,6,5394,福西広太郎,74,65,6.76,6,0.12
2026-01-24,7,04,2,3784,中島友和,60,25,6.78,2,0.27
2026-01-24,7,05,4,4630,岩永雅人,28,48,6.78,4,0.21
2026-01-24,7,06,5,3401,上田隆章,67,30,6.83,5,0.21
2026-01-24,8,01,2,4470,平田健之佑,19,76,6.9,2,0.16
2026-01-24,8,02,1,4417,服部剛,55,19,6.88,1,0.24
2026-01-24,8,03,4,4865,立具敬司,20,75,6.83,4,0.18
2026-01-24,8,04,3,4513,河野真也,15,37,6.79,3,0.22
2026-01-24,8,05,6,4366,前沢丈史,73,71,6.91,6,0.21
2026-01-24,8,06,5,4196,田中太一郎,59,40,6.96,5,0.17
2026-01-24,9,01,1,4074,柳沢一,17,73,6.83,1,0.09
2026-01-24,9,02,2,4933,板橋侑我,48,39,6.75,2,0.10
2026-01-24,9,03,3,4978,山田和佐,37,62,6.82,3,0.17
2026-01-24,9,04,5,5007,近藤雄一郎,68,36,6.85,5,0.20
2026-01-24,9,05,6,4156,浜野孝志,70,34,6.75,6,0.26
2026-01-24,9,06,4,3976,内田圭,56,77,6.87,4,0.25
2026-01-24,10,01,1,4372,原田佑実,58,17,6.82,1,0.28
2026-01-24,10,02,5,4775,千葉真弥,16,47,6.86,4,0.32
2026-01-24,10,03,3,4853,前原哉,30,54,6.84,2,0.31
2026-01-24,10,04,4,5192,中尾優香,39,28,6.86,3,0.39
2026-01-24,10,05,6,5180,藤本紗弥香,52,49,6.83,5,0.23
2026-01-24,10,06,2,5358,増本杏珠,50,18,6.87,6,0.25
2026-01-24,11,01,4,4903,吉田凌太朗,41,55,6.82,4,0.08
2026-01-24,11,02,3,5208,屋良龍紀,21,66,6.75,3,0.24
2026-01-24,11,03,6,4251,川崎誠志,11,23,6.62,6,0.16
2026-01-24,11,04,5,4376,藤田靖弘,32,22,6.83,5,0.20
2026-01-24,11,05,1,4261,岡祐臣,18,78,6.78,1,0.17
2026-01-24,11,06,2,3613,角谷健吾,45,12,6.82,2,0.17
2026-01-24,12,01,1,4084,杉山正樹,71,67,6.72,1,0.16
2026-01-24,12,02,2,5189,藤原早菜,40,38,6.69,2,0.16
2026-01-24,12,03,6,4410,井上大輔,34,33,6.71,6,0.09
2026-01-24,12,04,5,3349,吉田一郎,76,45,6.76,5,0.12
2026-01-24,12,05,4,3784,中島友和,60,25,6.73,4,0.13
2026-01-24,12,06,3,4528,黒井達矢,64,59,6.74,3,0.09
2026-01-25,1,01,1,3976,内田圭,56,77,6.79,1,0.17
2026-01-25,1,02,2,4898,菊地敬介,57,16,6.77,2,0.10
2026-01-25,1,03,4,4957,竹之内極,75,32,6.75,4,0.11
2026-01-25,1,04,3,4489,岩川仁士,38,72,6.72,3,0.09
2026-01-25,1,05,5,4969,町田洸希,63,51,6.76,5,0.11
2026-01-25,1,06,6,5105,富田恕生,47,21,6.78,6,0.14
2026-01-25,2,01,1,5192,中尾優香,39,28,6.77,1,0.11
2026-01-25,2,02,3,4366,前沢丈史,73,71,6.81,3,0.10
2026-01-25,2,03,6,4074,柳沢一,17,73,6.78,6,0.12
2026-01-25,2,04,4,4580,長谷川雅和,33,26,6.77,4,0.09
2026-01-25,2,05,2,4865,立具敬司,20,75,6.77,2,0.09
2026-01-25,2,06,5,3401,上田隆章,67,30,6.82,5,0.14
2026-01-25,3,01,2,4302,西野翔太,69,27,6.73,2,0.06
2026-01-25,3,02,5,4084,杉山正樹,71,67,6.7,5,0.15
2026-01-25,3,03,3,4196,田中太一郎,59,40,6.78,3,0.07
2026-01-25,3,04,1,3867,松浦勝,46,24,6.79,1,0.18
2026-01-25,3,05,4,4875,大塚康雅,44,13,6.77,4,0.13
2026-01-25,3,06,6,5007,近藤雄一郎,68,36,6.8,6,0.13
2026-01-25,4,01,1,4978,山田和佐,37,62,6.84,1,0.14
2026-01-25,4,02,5,4630,岩永雅人,28,48,6.72,5,0.21
2026-01-25,4,03,2,5103,芝田京介,26,56,6.73,2,0.16
2026-01-25,4,04,6,4470,平田健之佑,19,76,6.78,6,0.17
2026-01-25,4,05,4,5208,屋良龍紀,21,66,6.71,4,0.14
2026-01-25,4,06,3,4513,河野真也,15,37,6.69,3,0.17
2026-01-25,5,01,4,3613,角谷健吾,45,12,6.85,4,0.15
2026-01-25,5,02,3,3784,中島友和,60,25,6.78,3,0.18
2026-01-25,5,03,5,4737,竹井貴史,36,29,6.72,5,0.29
2026-01-25,5,04,2,4417,服部剛,55,19,6.8,2,0.26
2026-01-25,5,05,1,4626,伊藤紘章,12,35,6.77,1,0.28
2026-01-25,5,06,6,4853,前原哉,30,54,6.78,6,0.30
2026-01-25,6,01,1,4489,岩川仁士,38,72,6.71,1,0.16
2026-01-25,6,02,3,4156,浜野孝志,70,34,6.72,3,0.22
2026-01-25,6,03,4,4095,福来剛,65,64,6.64,4,0.23
2026-01-25,6,04,5,4410,井上大輔,34,33,6.72,5,0.23
2026-01-25,6,05,2,4740,齋藤達希,27,63,6.74,2,0.16
2026-01-25,6,06,6,5358,増本杏珠,50,18,6.76,6,0.32
2026-01-25,7,01,1,4074,柳沢一,17,73,6.71,1,0.09
2026-01-25,7,02,2,4376,藤田靖弘,32,22,6.75,2,0.10
2026-01-25,7,03,3,4261,岡祐臣,18,78,6.69,3,0.08
2026-01-25,7,04,5,4957,竹之内極,75,32,6.74,5,0.07
2026-01-25,7,05,6,3701,大西隆洋,51,53,6.8,6,0.09
2026-01-25,7,06,4,3867,松浦勝,46,24,6.75,4,0.17
2026-01-25,8,01,1,4580,長谷川雅和,33,26,6.77,1,0.15
2026-01-25,8,02,2,4969,町田洸希,63,51,6.73,2,0.12
2026-01-25,8,03,3,4775,千葉真弥,16,47,6.78,3,0.07
2026-01-25,8,04,4,5394,福西広太郎,74,65,6.7,4,0.08
2026-01-25,8,05,6,5189,藤原早菜,40,38,6.66,6,0.12
2026-01-25,8,06,5,4903,吉田凌太朗,41,55,6.71,5,0.06
2026-01-25,9,01,1,4630,岩永雅人,28,48,6.71,1,0.16
2026-01-25,9,02,4,4933,板橋侑我,48,39,6.68,4,0.09
2026-01-25,9,03,5,4875,大塚康雅,44,13,6.74,5,0.13
2026-01-25,9,04,3,3349,吉田一郎,76,45,6.77,3,0.09
2026-01-25,9,05,6,4865,立具敬司,20,75,6.69,6,0.13
2026-01-25,9,06,2,5180,藤本紗弥香,52,49,6.69,2,0.11
2026-01-25,10,01,5,4251,川崎誠志,11,23,6.66,5,0.16
2026-01-25,10,02,1,4528,黒井達矢,64,59,6.71,1,0.15
2026-01-25,10,03,2,4737,竹井貴史,36,29,6.66,2,0.13
2026-01-25,10,04,3,4470,平田健之佑,19,76,6.74,3,0.10
2026-01-25,10,05,4,4372,原田佑実,58,17,6.72,4,0.14
2026-01-25,10,06,6,4740,齋藤達希,27,63,6.79,6,0.25
2026-01-25,11,01,1,4366,前沢丈史,73,71,6.73,1,0.16
2026-01-25,11,02,4,4302,西野翔太,69,27,6.71,4,0.19
2026-01-25,11,03,2,4156,浜野孝志,70,34,6.69,2,0.24
2026-01-25,11,04,6,4513,河野真也,15,37,6.75,6,0.30
2026-01-25,11,05,3,4898,菊地敬介,57,16,6.77,3,0.17
2026-01-25,11,06,5,4626,伊藤紘章,12,35,6.7,5,0.26
2026-01-25,12,01,1,4261,岡祐臣,18,78,6.72,1,0.13
2026-01-25,12,02,2,5007,近藤雄一郎,68,36,6.7,2,0.14
2026-01-25,12,03,4,5192,中尾優香,39,28,6.76,4,0.16
2026-01-25,12,04,3,5103,芝田京介,26,56,6.69,3,0.16
2026-01-25,12,05,6,5394,福西広太郎,74,65,6.78,6,0.35
2026-01-25,12,06,5,3613,角谷健吾,45,12,6.74,5,0.21
2026-01-26,1,01,1,3349,吉田一郎,76,45,6.79,1,0.12
2026-01-26,1,02,2,5180,藤本紗弥香,52,49,6.78,2,0.08
2026-01-26,1,03,3,5007,近藤雄一郎,68,36,6.87,3,0.10
2026-01-26,1,04,5,4376,藤田靖弘,32,22,6.79,5,0.13
2026-01-26,1,05,6,3401,上田隆章,67,30,6.87,6,0.22
2026-01-26,1,06,4,3867,松浦勝,46,24,6.81,4,0.14
2026-01-26,2,01,1,4366,前沢丈史,73,71,6.79,1,0.18
2026-01-26,2,02,5,4933,板橋侑我,48,39,6.74,5,0.22
2026-01-26,2,03,4,4580,長谷川雅和,33,26,6.82,4,0.18
2026-01-26,2,04,2,5105,富田恕生,47,21,6.88,2,0.17
2026-01-26,2,05,6,4969,町田洸希,63,51,6.79,6,0.24
2026-01-26,2,06,3,4875,大塚康雅,44,13,6.78,3,0.18
2026-01-26,3,01,4,4489,岩川仁士,38,72,6.78,4,0.09
2026-01-26,3,02,6,4737,竹井貴史,36,29,6.76,6,0.05
2026-01-26,3,03,5,5394,福西広太郎,74,43,6.76,5,0.09
2026-01-26,3,04,3,4302,西野翔太,69,27,6.74,3,0.10
2026-01-26,3,05,2,4417,服部剛,55,19,6.86,2,0.16
2026-01-26,3,06,1,4470,平田健之佑,19,76,6.8,1,0.16
2026-01-26,4,01,5,4095,福来剛,65,64,6.72,5,0.04
2026-01-26,4,02,6,3701,大西隆洋,51,53,6.88,6,0.04
2026-01-26,4,03,1,4372,原田佑実,58,17,6.79,1,0.15
2026-01-26,4,04,3,5103,芝田京介,26,56,6.78,3,0.12
2026-01-26,4,05,2,4626,伊藤紘章,12,35,6.79,2,0.17
2026-01-26,4,06,4,4074,柳沢一,17,73,6.83,4,0.05
2026-01-26,5,01,1,4156,浜野孝志,70,34,6.78,1,0.07
2026-01-26,5,02,3,4740,齋藤達希,27,63,6.85,3,0.09
2026-01-26,5,03,5,5192,中尾優香,39,28,6.84,5,0.11
2026-01-26,5,04,2,4957,竹之内極,75,32,6.83,2,0.10
2026-01-26,5,05,6,4903,吉田凌太朗,41,55,6.79,6,0.20
2026-01-26,5,06,4,4865,立具敬司,20,75,6.74,4,0.16
2026-01-26,6,01,1,4528,黒井達矢,64,59,6.77,1,0.17
2026-01-26,6,02,2,3401,上田隆章,67,30,6.83,2,0.19
2026-01-26,6,03,4,4261,岡祐臣,18,78,6.75,4,0.28
2026-01-26,6,04,3,3867,松浦勝,46,24,6.8,3,0.21
2026-01-26,6,05,6,4875,大塚康雅,44,13,6.79,6,0.29
2026-01-26,6,06,5,3976,内田圭,56,77,6.87,5,0.32
2026-01-26,7,01,1,4084,杉山正樹,71,67,6.74,1,0.18
2026-01-26,7,02,2,3613,角谷健吾,45,12,6.78,2,0.18
2026-01-26,7,03,3,5105,富田恕生,47,21,6.81,3,0.22
2026-01-26,7,04,5,4513,河野真也,15,37,6.77,5,0.39
2026-01-26,7,05,4,5180,藤本紗弥香,52,49,6.77,4,0.32
2026-01-26,7,06,6,4853,前原哉,30,54,6.76,6,0.32
2026-01-26,8,01,1,4933,板橋侑我,48,39,6.75,1,0.09
2026-01-26,8,02,2,4737,竹井貴史,36,29,6.77,2,0.17
2026-01-26,8,03,3,4775,千葉真弥,16,47,6.79,3,0.13
2026-01-26,8,04,5,4372,原田佑実,58,17,6.78,5,0.15
2026-01-26,8,05,6,5189,藤原早菜,40,38,6.74,6,0.18
2026-01-26,8,06,4,3784,中島友和,60,25,6.76,4,0.15
2026-01-26,9,01,1,4302,西野翔太,69,27,6.74,1,0.08
2026-01-26,9,02,4,5208,屋良龍紀,21,66,6.72,4,0.03
2026-01-26,9,03,3,4156,浜野孝志,70,34,6.76,3,0.09
2026-01-26,9,04,6,4898,菊地敬介,57,16,6.77,6,0.09
2026-01-26,9,05,2,4251,川崎誠志,11,23,6.7,2,0.12
2026-01-26,9,06,5,4630,岩永雅人,28,48,6.75,5,0.11
2026-01-26,10,01,1,4095,福来剛,65,64,6.68,1,0.05
2026-01-26,10,02,5,4528,黒井達矢,64,59,6.79,5,0.11
2026-01-26,10,03,3,4366,前沢丈史,73,71,6.78,3,0.14
2026-01-26,10,04,6,4978,山田和佐,37,62,6.79,6,0.14
2026-01-26,10,05,2,4376,藤田靖弘,32,22,6.79,2,0.07
2026-01-26,10,06,4,4470,平田健之佑,19,76,6.78,4,0.15
2026-01-26,11,01,1,4903,吉田凌太朗,41,55,6.74,1,0.06
2026-01-26,11,02,4,4410,井上大輔,34,33,6.77,4,0.09
2026-01-26,11,03,2,4074,柳沢一,17,73,6.81,2,0.13
2026-01-26,11,04,3,4084,杉山正樹,71,67,6.74,3,0.11
2026-01-26,11,05,5,3349,吉田一郎,76,45,6.84,5,0.14
2026-01-26,11,06,6,4196,田中太一郎,59,40,6.78,6,0.13
2026-01-26,12,01,1,4513,河野真也,15,37,6.75,1,0.25
2026-01-26,12,02,5,4626,伊藤紘章,12,35,6.75,5,0.31
2026-01-26,12,03,2,4865,立具敬司,20,75,6.76,2,0.19
2026-01-26,12,04,6,5358,増本杏珠,50,18,6.82,6,0.38
2026-01-26,12,05,3,3976,内田圭,56,77,6.84,3,0.23
2026-01-26,12,06,4,4417,服部剛,55,19,6.85,4,0.31
2026-01-27,1,01,4,5105,富田恕生,47,21,6.82,4,0.18
2026-01-27,1,02,6,4302,西野翔太,69,27,6.81,2,0.18
2026-01-27,1,03,1,4410,井上大輔,34,33,6.81,1,0.21
2026-01-27,1,04,5,4875,大塚康雅,44,13,6.83,5,0.23
2026-01-27,1,05,3,4251,川崎誠志,11,23,6.75,6,0.28
2026-01-27,1,06,2,4630,岩永雅人,28,48,6.76,3,0.17
2026-01-27,2,01,4,4528,黒井達矢,64,59,6.77,4,0.13
2026-01-27,2,02,1,4898,菊地敬介,57,16,6.79,1,0.17
2026-01-27,2,03,2,3349,吉田一郎,76,45,6.86,2,0.15
2026-01-27,2,04,3,4957,竹之内極,75,32,6.78,3,0.19
2026-01-27,2,05,6,4470,平田健之佑,19,76,6.78,6,0.23
2026-01-27,2,06,5,3867,松浦勝,46,24,6.82,5,0.21
2026-01-27,3,01,3,4933,板橋侑我,48,39,6.74,3,0.20
2026-01-27,3,02,1,5208,屋良龍紀,21,66,6.76,1,0.12
2026-01-27,3,03,5,4366,前沢丈史,73,71,6.8,5,0.16
2026-01-27,3,04,6,5394,福西広太郎,74,43,6.74,6,0.24
2026-01-27,3,05,2,4372,原田佑実,58,17,6.79,2,0.18
2026-01-27,3,06,4,4626,伊藤紘章,12,35,6.78,4,0.22
2026-01-27,4,01,1,4376,藤田靖弘,32,22,6.79,1,0.10
2026-01-27,4,02,2,4074,柳沢一,17,73,6.72,2,0.13
2026-01-27,4,03,5,4095,福来剛,65,64,6.69,4,0.34
2026-01-27,4,04,4,3401,上田隆章,67,30,6.85,5,0.38
2026-01-27,4,05,3,5180,藤本紗弥香,52,49,6.76,3,0.20
2026-01-27,4,06,6,5358,増本杏珠,50,18,6.82,6,0.40
2026-01-27,5,01,1,4978,山田和佐,37,62,6.76,1,0.16
2026-01-27,5,02,4,4903,吉田凌太朗,41,55,6.8,4,0.14
2026-01-27,5,03,2,4156,浜野孝志,70,34,6.76,2,0.18
2026-01-27,5,04,3,5007,近藤雄一郎,68,36,6.79,3,0.17
2026-01-27,5,05,5,3784,中島友和,60,25,6.79,5,0.14
2026-01-27,5,06,6,4513,河野真也,15,37,6.79,6,0.19
2026-01-27,6,01,1,4737,竹井貴史,36,29,6.71,1,0.15
2026-01-27,6,02,3,3613,角谷健吾,45,12,6.77,3,0.12
2026-01-27,6,03,2,4580,長谷川雅和,33,26,6.76,2,0.15
2026-01-27,6,04,6,4084,杉山正樹,71,67,6.74,6,0.21
2026-01-27,6,05,5,4865,立具敬司,20,75,6.73,5,0.27
2026-01-27,6,06,4,3976,内田圭,56,77,6.83,4,0.22
2026-01-27,7,01,3,5189,藤原早菜,40,38,6.72,3,0.14
2026-01-27,7,02,2,5103,芝田京介,26,56,6.75,2,0.12
2026-01-27,7,03,1,4775,千葉真弥,16,47,6.81,1,0.16
2026-01-27,7,04,5,4489,岩川仁士,38,72,6.75,5,0.15
2026-01-27,7,05,4,4740,齋藤達希,27,63,6.8,4,0.14
2026-01-27,7,06,6,3701,大西隆洋,51,53,6.82,6,0.15
2026-01-27,8,01,3,5192,中尾優香,39,28,6.77,3,0.22
2026-01-27,8,02,1,4630,岩永雅人,28,48,6.72,1,0.21
2026-01-27,8,03,6,4261,岡祐臣,18,78,6.75,6,0.19
2026-01-27,8,04,2,4196,田中太一郎,59,40,6.74,2,0.19
2026-01-27,8,05,4,4969,町田洸希,63,51,6.77,4,0.26
2026-01-27,8,06,5,4417,服部剛,55,19,6.8,5,0.25
2026-01-27,9,01,1,4302,西野翔太,69,27,6.71,1,0.03
2026-01-27,9,02,3,4074,柳沢一,17,73,6.74,3,0.06
2026-01-27,9,03,5,4898,菊地敬介,57,16,6.74,5,0.13
2026-01-27,9,04,4,4366,前沢丈史,73,71,6.8,4,0.09
2026-01-27,9,05,6,4978,山田和佐,37,62,6.76,6,0.19
2026-01-27,9,S0,2,4933,板橋侑我,48,39,6.7,2,0.06
2026-01-27,10,01,1,4095,福来剛,65,64,6.68,1,0.04
2026-01-27,10,02,2,4737,竹井貴史,36,29,6.68,2,0.19
2026-01-27,10,03,6,4251,川崎誠志,11,23,6.67,6,0.20
2026-01-27,10,04,5,4372,原田佑実,58,17,6.79,5,0.16
2026-01-27,10,05,3,4528,黒井達矢,64,59,6.78,3,0.20
2026-01-27,10,06,4,4156,浜野孝志,70,34,6.77,4,0.24
2026-01-27,11,01,5,4084,杉山正樹,71,67,6.72,5,0.13
2026-01-27,11,02,1,4903,吉田凌太朗,41,55,6.76,1,0.04
2026-01-27,11,03,2,5208,屋良龍紀,21,66,6.69,2,0.11
2026-01-27,11,04,3,4410,井上大輔,34,33,6.72,3,0.13
2026-01-27,11,05,6,4376,藤田靖弘,32,22,6.77,6,0.16
2026-01-27,11,06,4,4775,千葉真弥,16,47,6.77,4,0.15
2026-01-27,12,01,1,3613,角谷健吾,45,12,6.82,1,0.10
2026-01-27,12,02,2,4470,平田健之佑,19,76,6.82,2,0.12
2026-01-27,12,03,5,4196,田中太一郎,59,40,6.75,5,0.12
2026-01-27,12,04,3,3784,中島友和,60,25,6.75,3,0.15
2026-01-27,12,05,6,4853,前原哉,30,54,6.73,6,0.27
2026-01-27,12,06,4,5189,藤原早菜,40,38,6.7,4,0.28
2026-01-28,1,01,1,3784,中島友和,60,25,6.73,1,0.15
2026-01-28,1,02,4,4898,菊地敬介,57,16,6.74,4,0.07
2026-01-28,1,03,5,4957,竹之内極,75,32,6.79,5,0.09
2026-01-28,1,04,6,4969,町田洸希,63,51,6.76,6,0.08
2026-01-28,1,05,2,3867,松浦勝,46,24,6.78,2,0.13
2026-01-28,1,06,3,4580,長谷川雅和,33,26,6.85,3,0.08
2026-01-28,2,01,1,3349,吉田一郎,76,45,6.81,1,0.16
2026-01-28,2,02,4,5007,近藤雄一郎,68,36,6.81,4,0.06
2026-01-28,2,03,2,4978,山田和佐,37,62,6.8,2,0.17
2026-01-28,2,04,3,5105,富田恕生,47,21,6.82,3,0.15
2026-01-28,2,05,6,5208,屋良龍紀,21,66,6.75,6,0.11
2026-01-28,2,06,5,5180,藤本紗弥香,52,49,6.79,5,0.08
2026-01-28,3,01,1,4196,田中太一郎,59,40,6.75,1,0.12
2026-01-28,3,02,4,4740,齋藤達希,27,63,6.75,4,0.27
2026-01-28,3,03,2,4775,千葉真弥,16,47,6.8,2,0.16
2026-01-28,3,04,3,4865,立具敬司,20,75,6.72,3,0.18
2026-01-28,3,05,5,5103,芝田京介,26,56,6.74,5,0.34
2026-01-28,3,06,6,4630,岩永雅人,28,48,6.73,6,0.35
2026-01-28,4,01,1,5192,中尾優香,39,28,6.73,1,0.17
2026-01-28,4,02,3,4489,岩川仁士,38,72,6.73,3,0.14
2026-01-28,4,03,5,4410,井上大輔,34,33,6.71,5,0.21
2026-01-28,4,04,6,5394,福西広太郎,74,43,6.69,6,0.35
2026-01-28,4,05,4,4156,浜野孝志,70,34,6.73,4,0.24
2026-01-28,4,06,2,3976,内田圭,56,77,6.81,2,0.15
2026-01-28,5,01,4,4372,原田佑実,58,17,6.75,4,0.20
2026-01-28,5,02,5,4251,川崎誠志,11,23,6.7,5,0.21
2026-01-28,5,03,1,4969,町田洸希,63,51,6.74,1,0.21
2026-01-28,5,04,2,4261,岡祐臣,18,78,6.79,2,0.23
2026-01-28,5,05,6,4853,前原哉,30,54,6.7,6,0.29
2026-01-28,5,06,3,3401,上田隆章,67,30,6.86,3,0.28
2026-01-28,6,01,1,4366,前沢丈史,73,71,6.77,1,0.07
2026-01-28,6,02,2,4376,藤田靖弘,32,22,6.8,2,0.08
2026-01-28,6,03,5,4580,長谷川雅和,33,26,6.77,5,0.17
2026-01-28,6,04,6,3701,大西隆洋,51,53,6.83,6,0.17
2026-01-28,6,05,4,5180,藤本紗弥香,52,49,6.78,4,0.14
2026-01-28,6,S0,3,4626,伊藤紘章,12,35,6.75,3,0.16
2026-01-28,7,01,1,4528,黒井達矢,64,59,6.72,1,0.19
2026-01-28,7,02,2,4875,大塚康雅,44,13,6.73,2,0.19
2026-01-28,7,03,4,4957,竹之内極,75,32,6.76,4,0.15
2026-01-28,7,04,3,4630,岩永雅人,28,48,6.7,3,0.19
2026-01-28,7,05,5,5007,近藤雄一郎,68,36,6.79,5,0.14
2026-01-28,7,06,6,5358,増本杏珠,50,18,6.77,6,0.23
2026-01-28,8,01,1,5189,藤原早菜,40,38,6.66,1,0.22
2026-01-28,8,02,5,5394,福西広太郎,74,43,6.66,5,0.14
2026-01-28,8,03,2,4513,河野真也,15,37,6.72,2,0.21
2026-01-28,8,04,6,3613,角谷健吾,45,12,6.76,6,0.19
2026-01-28,8,05,3,4417,服部剛,55,19,6.78,3,0.24
2026-01-28,8,06,4,5103,芝田京介,26,56,6.7,4,0.26
2026-01-28,9,01,4,4261,岡祐臣,18,78,6.72,5,0.10
2026-01-28,9,02,2,4489,岩川仁士,38,72,6.74,2,0.12
2026-01-28,9,03,1,4470,平田健之佑,19,76,6.79,1,0.12
2026-01-28,9,04,6,3349,吉田一郎,76,45,6.8,4,0.34
2026-01-28,9,05,5,5105,富田恕生,47,21,6.77,6,0.11
2026-01-28,9,06,3,4740,齋藤達希,27,63,6.76,3,0.18
2026-01-28,10,01,1,5208,屋良龍紀,21,66,6.7,1,0.08
2026-01-28,10,02,3,4372,原田佑実,58,17,6.73,3,0.07
2026-01-28,10,03,2,4898,菊地敬介,57,16,6.8,2,0.11
2026-01-28,10,04,5,4156,浜野孝志,70,34,6.72,5,0.05
2026-01-28,10,05,6,4775,千葉真弥,16,47,6.79,6,0.10
2026-01-28,10,06,4,4376,藤田靖弘,32,22,6.8,4,0.08
2026-01-28,11,01,1,4251,川崎誠志,11,23,6.64,1,0.16
2026-01-28,11,02,2,4366,前沢丈史,73,71,6.76,2,0.12
2026-01-28,11,03,4,4528,黒井達矢,64,59,6.76,4,0.14
2026-01-28,11,04,5,4978,山田和佐,37,62,6.78,5,0.15
2026-01-28,11,05,3,4410,井上大輔,34,33,6.71,3,0.14
2026-01-28,11,06,6,3784,中島友和,60,25,6.73,6,0.12
2026-01-28,12,01,1,4095,福来剛,65,64,6.66,1,0.04
2026-01-28,12,02,3,4084,杉山正樹,71,67,6.7,3,0.09
2026-01-28,12,03,4,4903,吉田凌太朗,41,55,6.78,4,0.09
2026-01-28,12,04,6,4074,柳沢一,17,73,6.74,6,0.22
2026-01-28,12,05,5,4737,竹井貴史,36,29,6.72,5,0.14
2026-01-28,12,06,2,4302,西野翔太,69,27,6.77,2,0.10
2026-02-19,1,01,1,3282,池本輝明,53,61,6.8,1,0.16
2026-02-19,1,02,4,4511,中岡健人,66,56,6.87,4,0.18
2026-02-19,1,03,5,4075,中野次郎,57,36,6.79,5,0.18
2026-02-19,1,04,3,4171,榎幸司,12,47,6.86,3,0.18
2026-02-19,1,05,6,3986,沖島広和,43,21,6.79,6,0.18
2026-02-19,1,S1,2,5254,羽田妃希,14,17,6.79,2,0.20
2026-02-19,2,01,5,3813,佐藤大介,69,52,6.83,5,0.09
2026-02-19,2,02,3,4700,金子和之,23,50,6.75,3,0.10
2026-02-19,2,03,1,3773,津留浩一郎,40,32,6.77,1,0.09
2026-02-19,2,04,2,4623,中北将史,13,35,6.76,2,0.05
2026-02-19,2,05,6,3769,佐竹恒彦,71,20,6.8,6,0.06
2026-02-19,2,06,4,5373,諏訪玲奈,48,24,6.74,4,0.17
2026-02-19,3,01,1,4518,大須賀友,62,54,6.76,1,0.11
2026-02-19,3,02,5,4661,中島昂章,58,45,6.83,4,0.27
2026-02-19,3,03,6,4607,鶴田勇雄,38,41,6.78,5,0.24
2026-02-19,3,04,2,4856,豊田健士郎,67,14,6.8,2,0.16
2026-02-19,3,05,3,5326,三嶌さらら,41,64,6.84,3,0.21
2026-02-19,3,06,4,4213,重富伸也,72,78,6.8,6,0.23
2026-02-19,4,01,1,3482,金子猛志,11,66,6.79,1,0.21
2026-02-19,4,02,4,4772,石丸海渡,33,11,6.8,5,0.06
2026-02-19,4,03,5,3623,深川真二,24,19,6.85,2,0.17
2026-02-19,4,04,2,4803,飯田庄吾,35,28,6.84,3,0.15
2026-02-19,4,05,6,5086,本村大,47,26,6.78,6,0.13
2026-02-19,4,06,3,4065,金田幸子,49,15,6.89,4,0.20
2026-02-19,5,01,1,4264,長尾章平,36,57,6.83,1,0.08
2026-02-19,5,02,3,4388,是澤孝宏,28,43,6.78,3,0.09
2026-02-19,5,03,6,4036,金田諭,65,60,6.78,6,0.14
2026-02-19,5,04,2,3863,海老澤泰行,70,48,6.83,2,0.16
2026-02-19,5,05,4,4988,牟田奨太,68,53,6.86,4,0.12
2026-02-19,5,06,5,5380,野田亜湖,18,18,6.83,5,0.26
2026-02-19,6,01,3,5047,國分将太郎,74,63,6.83,3,0.13
2026-02-19,6,02,1,5252,荒木颯斗,32,72,6.8,1,0.10
2026-02-19,6,03,2,4451,松崎祐太郎,29,65,6.79,2,0.12
2026-02-19,6,04,4,3744,徳増秀樹,50,76,6.76,4,0.18
2026-02-19,6,05,5,3282,池本輝明,53,61,6.85,5,0.28
2026-02-19,6,06,6,3973,崎利仁,25,58,6.83,6,0.25
2026-02-19,7,01,1,4171,榎幸司,12,47,6.86,1,0.09
2026-02-19,7,02,2,4661,中島昂章,58,45,6.83,2,0.09
2026-02-19,7,03,4,4812,西野雄貴,27,31,6.78,4,0.10
2026-02-19,7,04,3,4761,山田晃大,60,68,6.78,3,0.07
2026-02-19,7,05,5,4752,西尾亮輔,39,33,6.84,5,0.15
2026-02-19,7,06,6,5373,諏訪玲奈,48,24,6.74,6,0.14
2026-02-19,8,01,1,4754,松尾充,26,70,6.78,1,0.18
2026-02-19,8,02,2,4685,島村隆幸,44,69,6.77,2,0.12
2026-02-19,8,03,4,3986,沖島広和,43,21,6.77,4,0.23
2026-02-19,8,04,3,4213,重富伸也,72,78,6.83,3,0.16
2026-02-19,8,05,6,4817,渡邉翼,31,38,6.87,6,0.19
2026-02-19,8,06,5,3773,津留浩一郎,40,32,6.79,5,0.28
2026-02-19,9,01,5,3482,金子猛志,11,66,6.72,5,0.12
2026-02-19,9,02,1,3576,白水勝也,73,49,6.78,1,0.06
2026-02-19,9,03,3,4518,大須賀友,62,54,6.7,3,0.11
2026-02-19,9,04,4,3769,佐竹恒彦,71,20,6.78,4,0.17
2026-02-19,9,05,6,4769,馬場剛,21,34,6.8,6,0.18
2026-02-19,9,06,2,5145,島川海輝,54,37,6.83,2,0.13
2026-02-19,10,01,1,5250,嶋田有里,15,22,6.82,1,0.12
2026-02-19,10,02,3,5254,羽田妃希,14,17,6.8,3,0.19
2026-02-19,10,03,6,4065,金田幸子,49,15,6.86,6,0.15
2026-02-19,10,04,5,5326,三嶌さらら,41,64,6.87,5,0.17
2026-02-19,10,05,2,5200,筒井美琴,22,46,6.77,2,0.17
2026-02-19,10,06,4,5380,野田亜湖,18,18,6.81,4,0.24
2026-02-19,11,01,1,4772,石丸海渡,33,11,6.81,1,0.12
2026-02-19,11,02,2,4607,鶴田勇雄,38,41,6.78,2,0.16
2026-02-19,11,03,3,4075,中野次郎,57,36,6.8,3,0.19
2026-02-19,11,04,4,4623,中北将史,13,35,6.79,4,0.17
2026-02-19,11,05,6,4388,是澤孝宏,28,43,6.84,6,0.22
2026-02-19,11,06,5,5252,荒木颯斗,32,72,6.81,5,0.17
2026-02-19,12,01,1,3623,深川真二,24,19,6.8,1,0.16
2026-02-19,12,02,3,3744,徳増秀樹,50,76,6.86,3,0.04
2026-02-19,12,03,4,4264,長尾章平,36,57,6.81,4,0.10
2026-02-19,12,04,5,4685,島村隆幸,44,69,6.79,5,0.11
2026-02-19,12,05,6,4856,豊田健士郎,67,14,6.8,6,0.13
2026-02-19,12,06,2,4812,西野雄貴,27,31,6.8,2,0.10
2026-02-20,1,01,2,3769,佐竹恒彦,71,20,6.87,2,0.12
2026-02-20,1,02,4,5047,國分将太郎,74,63,6.86,4,0.09
2026-02-20,1,03,1,3973,崎利仁,25,58,6.82,1,0.12
2026-02-20,1,04,5,4988,牟田奨太,68,53,6.93,5,0.07
2026-02-20,1,05,6,5145,島川海輝,54,37,6.85,6,0.24
2026-02-20,1,S1,3,4856,豊田健士郎,67,14,6.84,3,0.10
2026-02-20,2,01,2,3813,佐藤大介,69,52,6.9,2,0.19
2026-02-20,2,02,6,4754,松尾充,26,70,6.82,6,0.17
2026-02-20,2,03,1,4388,是澤孝宏,28,43,6.81,1,0.17
2026-02-20,2,04,5,4803,飯田庄吾,35,28,6.86,5,0.18
2026-02-20,2,05,4,5086,本村大,47,26,6.8,4,0.15
2026-02-20,2,06,3,5200,筒井美琴,22,46,6.86,3,0.27
2026-02-20,3,01,5,3744,徳増秀樹,50,76,6.77,5,0.17
2026-02-20,3,02,1,3863,海老澤泰行,70,48,6.85,1,0.13
2026-02-20,3,03,3,3576,白水勝也,73,49,6.84,3,0.14
2026-02-20,3,04,4,5326,三嶌さらら,41,64,6.83,4,0.20
2026-02-20,3,05,6,3282,池本輝明,53,61,6.84,6,0.25
2026-02-20,3,06,2,4752,西尾亮輔,39,33,6.85,2,0.17
2026-02-20,4,01,1,4065,金田幸子,49,15,6.88,1,0.20
2026-02-20,4,02,2,4075,中野次郎,57,36,6.83,2,0.12
2026-02-20,4,03,4,4812,西野雄貴,27,31,6.82,4,0.12
2026-02-20,4,04,5,4761,山田晃大,60,68,6.81,5,0.14
2026-02-20,4,05,3,3986,沖島広和,43,21,6.76,3,0.14
2026-02-20,4,06,6,5250,嶋田有里,15,22,6.87,6,0.24
2026-02-20,5,01,5,4518,大須賀友,62,54,6.74,5,0.04
2026-02-20,5,02,4,3623,深川真二,24,19,6.85,1,0.10
2026-02-20,5,03,3,4623,中北将史,13,35,6.79,4,0.07
2026-02-20,5,04,6,4511,中岡健人,66,56,6.88,6,0.13
2026-02-20,5,05,1,4213,重富伸也,72,78,6.83,2,0.09
2026-02-20,5,06,2,4817,渡邉翼,31,38,6.88,3,0.16
2026-02-20,6,01,1,4607,鶴田勇雄,38,41,6.78,1,0.06
2026-02-20,6,02,3,4661,中島昂章,58,45,6.81,3,0.13
2026-02-20,6,03,6,4451,松崎祐太郎,29,65,6.83,4,0.10
2026-02-20,6,04,4,5254,羽田妃希,14,17,6.81,5,0.11
2026-02-20,6,05,2,4036,金田諭,65,60,6.79,2,0.12
2026-02-20,6,06,5,5373,諏訪玲奈,48,24,6.79,6,0.13
2026-02-20,7,01,1,4700,金子和之,23,50,6.78,1,0.11
2026-02-20,7,02,3,4264,長尾章平,36,57,6.83,3,0.15
2026-02-20,7,03,5,5047,國分将太郎,74,63,6.84,5,0.16
2026-02-20,7,04,4,4803,飯田庄吾,35,28,6.83,4,0.18
2026-02-20,7,05,2,3773,津留浩一郎,40,32,6.85,2,0.12
2026-02-20,7,06,6,5380,野田亜湖,18,18,6.83,6,0.29
2026-02-20,8,01,1,4769,馬場剛,21,34,6.85,1,0.04
2026-02-20,8,02,6,4171,榎幸司,12,47,6.85,6,0.16
2026-02-20,8,03,4,4752,西尾亮輔,39,33,6.9,4,0.19
2026-02-20,8,04,5,3973,崎利仁,25,58,6.85,5,0.18
2026-02-20,8,05,2,4772,石丸海渡,33,11,6.79,2,0.08
2026-02-20,8,06,3,5086,本村大,47,26,6.81,3,0.11
2026-02-20,9,01,6,4685,島村隆幸,44,69,6.81,6,0.17
2026-02-20,9,02,1,4075,中野次郎,57,36,6.87,1,0.07
2026-02-20,9,03,2,3482,金子猛志,11,66,6.8,2,0.13
2026-02-20,9,04,3,4988,牟田奨太,68,53,6.93,3,0.19
2026-02-20,9,05,4,5200,筒井美琴,22,46,6.87,4,0.23
2026-02-20,9,06,5,3863,海老澤泰行,70,48,6.91,5,0.19
2026-02-20,10,01,2,4388,是澤孝宏,28,43,6.8,2,0.15
2026-02-20,10,02,1,4856,豊田健士郎,67,14,6.82,1,0.13
2026-02-20,10,03,5,3576,白水勝也,73,49,6.85,5,0.17
2026-02-20,10,04,4,5250,嶋田有里,15,22,6.87,4,0.22
2026-02-20,10,05,3,4511,中岡健人,66,56,6.9,3,0.15
2026-02-20,10,06,6,5252,荒木颯斗,32,72,6.8,6,0.18
2026-02-20,11,01,1,4812,西野雄貴,27,31,6.83,1,0.13
2026-02-20,11,02,2,4518,大須賀友,62,54,6.79,2,0.14
2026-02-20,11,03,4,4451,松崎祐太郎,29,65,6.85,4,0.16
2026-02-20,11,04,5,4700,金子和之,23,50,6.79,5,0.15
2026-02-20,11,05,3,5145,島川海輝,54,37,6.85,3,0.15
2026-02-20,11,06,6,3813,佐藤大介,69,52,6.84,6,0.22
2026-02-20,12,01,1,3744,徳増秀樹,50,76,6.76,1,0.13
2026-02-20,12,02,2,4754,松尾充,26,70,6.83,2,0.16
2026-02-20,12,03,4,4036,金田諭,65,60,6.76,4,0.19
2026-02-20,12,04,5,4769,馬場剛,21,34,6.78,5,0.14
2026-02-20,12,05,6,4761,山田晃大,60,68,6.78,6,0.15
2026-02-20,12,06,3,4817,渡邉翼,31,38,6.85,3,0.17
2026-02-21,1,01,2,4700,金子和之,23,50,6.84,2,0.14
2026-02-21,1,02,1,3769,佐竹恒彦,71,20,6.9,1,0.09
2026-02-21,1,03,6,4812,西野雄貴,27,31,6.87,6,0.18
2026-02-21,1,04,4,3282,池本輝明,53,61,6.88,4,0.26
2026-02-21,1,05,5,4171,榎幸司,12,47,6.93,5,0.21
2026-02-21,1,06,3,4803,飯田庄吾,35,28,6.92,3,0.18
2026-02-21,2,01,1,4623,中北将史,13,35,6.83,1,0.09
2026-02-21,2,02,3,3813,佐藤大介,69,52,6.93,3,0.15
2026-02-21,2,03,6,4772,石丸海渡,33,11,6.86,4,0.09
2026-02-21,2,04,5,5326,三嶌さらら,41,64,6.86,6,0.18
2026-02-21,2,05,2,3973,崎利仁,25,58,6.87,2,0.18
2026-02-21,2,06,4,5373,諏訪玲奈,48,24,6.81,5,0.15
2026-02-21,3,01,3,3623,深川真二,24,19,6.91,2,0.16
2026-02-21,3,02,1,4511,中岡健人,66,56,6.96,1,0.12
2026-02-21,3,03,2,4761,山田晃大,60,68,6.87,3,0.22
2026-02-21,3,04,6,3576,白水勝也,73,49,6.88,5,0.24
2026-02-21,3,05,5,5254,羽田妃希,14,17,6.84,4,0.23
2026-02-21,3,06,4,5380,野田亜湖,18,18,6.87,6,0.34
2026-02-21,4,01,1,5086,本村大,47,26,6.8,1,0.18
2026-02-21,4,02,4,4451,松崎祐太郎,29,65,6.89,4,0.18
2026-02-21,4,03,2,5252,荒木颯斗,32,72,6.83,2,0.16
2026-02-21,4,04,3,5250,嶋田有里,15,22,6.87,3,0.22
2026-02-21,4,05,5,4264,長尾章平,36,57,6.94,5,0.18
2026-02-21,4,06,6,3863,海老澤泰行,70,48,6.85,6,0.22
2026-02-21,5,01,1,3986,沖島広和,43,21,6.8,1,0.04
2026-02-21,5,02,3,4685,島村隆幸,44,69,6.84,3,0.10
2026-02-21,5,03,6,4213,重富伸也,72,78,6.92,6,0.06
2026-02-21,5,04,2,4769,馬場剛,21,34,6.87,2,0.07
2026-02-21,5,05,4,4661,中島昂章,58,45,6.91,4,0.13
2026-02-21,5,06,5,4754,松尾充,26,70,6.87,5,0.12
2026-02-21,6,01,1,4036,金田諭,65,60,6.8,1,0.02
2026-02-21,6,02,2,4988,牟田奨太,68,53,6.93,2,0.06
2026-02-21,6,03,3,4607,鶴田勇雄,38,41,6.8,3,0.11
2026-02-21,6,04,5,3769,佐竹恒彦,71,20,6.92,5,0.24
2026-02-21,6,05,4,3744,徳増秀樹,50,76,6.78,4,0.19
2026-02-21,6,06,6,3773,津留浩一郎,40,32,6.84,6,0.22
2026-02-21,7,01,1,4761,山田晃大,60,68,6.87,1,0.04
2026-02-21,7,02,3,3482,金子猛志,11,66,6.81,3,0.03
2026-02-21,7,03,5,4856,豊田健士郎,67,14,6.84,5,0.01
2026-02-21,7,04,2,5326,三嶌さらら,41,64,6.87,2,0.05
2026-02-21,7,05,4,4065,金田幸子,49,15,6.92,4,0.08
2026-02-21,7,F,6,5200,筒井美琴,22,46,6.83,6,F0.01
2026-02-21,8,01,1,4451,松崎祐太郎,29,65,6.84,1,0.16
2026-02-21,8,02,2,5047,國分将太郎,74,63,6.84,3,0.17
2026-02-21,8,03,4,3623,深川真二,24,19,6.9,2,0.19
2026-02-21,8,04,3,4752,西尾亮輔,39,33,6.92,4,0.21
2026-02-21,8,05,6,4700,金子和之,23,50,6.82,6,0.21
2026-02-21,8,06,5,5373,諏訪玲奈,48,24,6.79,5,0.27
2026-02-21,9,01,3,4754,松尾充,26,70,6.84,3,0.08
2026-02-21,9,02,1,4661,中島昂章,58,45,6.85,1,0.08
2026-02-21,9,03,6,4518,大須賀友,62,54,6.76,6,0.01
2026-02-21,9,04,4,4264,長尾章平,36,57,6.85,4,0.09
2026-02-21,9,05,5,4623,中北将史,13,35,6.81,5,0.02
2026-02-21,9,06,2,3282,池本輝明,53,61,6.88,2,0.14
2026-02-21,10,01,1,3813,佐藤大介,69,52,6.89,1,0.13
2026-02-21,10,02,2,4171,榎幸司,12,47,6.87,2,0.18
2026-02-21,10,03,3,4769,馬場剛,21,34,6.8,3,0.12
2026-02-21,10,04,4,4036,金田諭,65,60,6.8,4,0.23
2026-02-21,10,05,5,4388,是澤孝宏,28,43,6.81,5,0.25
2026-02-21,10,06,6,4075,中野次郎,57,36,6.82,6,0.19
2026-02-21,11,01,1,4685,島村隆幸,44,69,6.78,1,0.13
2026-02-21,11,02,4,4772,石丸海渡,33,11,6.83,4,0.09
2026-02-21,11,03,6,3482,金子猛志,11,66,6.79,6,0.10
2026-02-21,11,04,2,3576,白水勝也,73,49,6.85,2,0.15
2026-02-21,11,05,5,4607,鶴田勇雄,38,41,6.84,5,0.18
2026-02-21,11,06,3,5252,荒木颯斗,32,72,6.79,3,0.15
2026-02-21,12,01,1,4856,豊田健士郎,67,14,6.8,1,0.14
2026-02-21,12,02,2,5086,本村大,47,26,6.76,2,0.17
2026-02-21,12,03,6,4752,西尾亮輔,39,33,6.89,5,0.16
2026-02-21,12,04,3,5254,羽田妃希,14,17,6.79,3,0.23
2026-02-21,12,05,4,4988,牟田奨太,68,53,6.9,4,0.19
2026-02-21,12,06,5,4213,重富伸也,72,78,6.84,6,0.13
2026-02-22,1,01,3,3773,津留浩一郎,40,32,6.94,4,0.15
2026-02-22,1,02,6,3623,深川真二,24,19,6.92,2,0.19
2026-02-22,1,03,2,3986,沖島広和,43,21,6.89,3,0.17
2026-02-22,1,04,5,3282,池本輝明,53,61,6.95,6,0.33
2026-02-22,1,05,1,4518,大須賀友,62,54,6.87,1,0.21
2026-02-22,1,06,4,4171,榎幸司,12,47,7.01,5,0.25
2026-02-22,2,01,4,4769,馬場剛,21,34,6.94,4,0.06
2026-02-22,2,02,5,5250,嶋田有里,15,22,6.96,5,0.22
2026-02-22,2,03,3,4607,鶴田勇雄,38,41,6.88,3,0.18
2026-02-22,2,04,2,4803,飯田庄吾,35,28,6.93,2,0.23
2026-02-22,2,05,1,4264,長尾章平,36,57,6.98,1,0.13
2026-02-22,2,06,6,5380,野田亜湖,18,18,6.99,6,0.31
2026-02-22,3,01,1,3482,金子猛志,11,66,6.91,1,0.12
2026-02-22,3,02,4,4754,松尾充,26,70,6.96,4,0.15
2026-02-22,3,03,2,4065,金田幸子,49,15,6.95,2,0.15
2026-02-22,3,04,3,4772,石丸海渡,33,11,6.93,3,0.11
2026-02-22,3,05,5,4511,中岡健人,66,56,6.97,5,0.13
2026-02-22,3,06,6,5254,羽田妃希,14,17,6.87,6,0.15
2026-02-22,4,01,1,4812,西野雄貴,27,31,7.0,1,0.15
2026-02-22,4,02,2,4988,牟田奨太,68,53,7.09,2,0.16
2026-02-22,4,03,3,4661,中島昂章,58,45,7.07,3,0.20
2026-02-22,4,04,6,4623,中北将史,13,35,6.98,6,0.22
2026-02-22,4,05,5,4451,松崎祐太郎,29,65,7.04,5,0.19
2026-02-22,4,06,4,3973,崎利仁,25,58,7.03,4,0.24
2026-02-22,5,01,1,5047,國分将太郎,74,63,6.92,1,0.07
2026-02-22,5,02,3,4700,金子和之,23,50,6.93,3,0.15
2026-02-22,5,03,4,3813,佐藤大介,69,52,6.93,5,0.17
2026-02-22,5,04,6,3576,白水勝也,73,49,6.9,6,0.19
2026-02-22,5,05,5,3769,佐竹恒彦,71,20,6.99,4,0.17
2026-02-22,5,06,2,5326,三嶌さらら,41,64,6.9,2,0.16
2026-02-22,6,01,4,4685,島村隆幸,44,69,6.86,4,0.17
2026-02-22,6,02,1,4388,是澤孝宏,28,43,6.88,1,0.24
2026-02-22,6,03,2,3773,津留浩一郎,40,32,6.93,2,0.20
2026-02-22,6,04,6,3744,徳増秀樹,50,76,6.89,5,0.14
2026-02-22,6,05,5,5086,本村大,47,26,6.92,6,0.17
2026-02-22,6,06,3,4803,飯田庄吾,35,28,6.95,3,0.60
2026-02-22,7,01,1,4075,中野次郎,57,36,6.88,1,0.16
2026-02-22,7,02,4,5252,荒木颯斗,32,72,6.83,4,0.23
2026-02-22,7,03,5,3986,沖島広和,43,21,6.86,5,0.22
2026-02-22,7,04,3,3863,海老澤泰行,70,48,6.92,3,0.17
2026-02-22,7,05,6,5373,諏訪玲奈,48,24,6.9,6,0.25
2026-02-22,7,06,2,4213,重富伸也,72,78,6.97,2,0.18
2026-02-22,8,01,6,4856,豊田健士郎,67,14,6.91,6,0.18
2026-02-22,8,02,3,4036,金田諭,65,60,6.96,3,0.24
2026-02-22,8,03,2,4511,中岡健人,66,56,7.0,2,0.21
2026-02-22,8,04,1,4752,西尾亮輔,39,33,6.98,1,0.22
2026-02-22,8,05,4,4761,山田晃大,60,68,6.94,4,0.19
2026-02-22,8,06,5,5380,野田亜湖,18,18,6.94,5,0.28
2026-02-22,9,01,1,3623,深川真二,24,19,6.92,1,0.03
2026-02-22,9,02,3,4451,松崎祐太郎,29,65,6.87,3,0.10
2026-02-22,9,03,4,4700,金子和之,23,50,6.89,4,0.12
2026-02-22,9,04,6,4264,長尾章平,36,57,6.93,6,0.23
2026-02-22,9,05,5,4171,榎幸司,12,47,7.0,5,0.19
2026-02-22,9,06,2,3482,金子猛志,11,66,6.84,2,0.04
2026-02-22,10,01,2,4518,大須賀友,62,54,6.89,2,0.08
2026-02-22,10,02,4,4772,石丸海渡,33,11,6.92,4,0.08
2026-02-22,10,03,1,3813,佐藤大介,69,52,6.98,1,0.02
2026-02-22,10,04,5,4661,中島昂章,58,45,6.98,5,0.12
2026-02-22,10,05,3,3744,徳増秀樹,50,76,6.88,3,0.08
2026-02-22,10,06,6,4388,是澤孝宏,28,43,6.88,6,0.12
2026-02-22,11,01,1,4685,島村隆幸,44,69,6.85,1,0.07
2026-02-22,11,02,2,5047,國分将太郎,74,63,6.89,2,0.03
2026-02-22,11,03,4,4607,鶴田勇雄,38,41,6.84,4,0.09
2026-02-22,11,04,5,4812,西野雄貴,27,31,6.87,5,0.08
2026-02-22,11,05,3,4754,松尾充,26,70,6.95,3,0.08
2026-02-22,11,06,6,4075,中野次郎,57,36,6.92,6,0.19
2026-02-22,12,01,1,3576,白水勝也,73,49,6.89,1,0.16
2026-02-22,12,02,4,4065,金田幸子,49,15,6.9,4,0.31
2026-02-22,12,03,3,3973,崎利仁,25,58,6.87,3,0.18
2026-02-22,12,04,2,5250,嶋田有里,15,22,6.85,2,0.18
2026-02-22,12,05,5,4036,金田諭,65,60,6.84,5,0.25
2026-02-22,12,06,6,5200,筒井美琴,22,46,6.85,6,0.34
2026-02-23,1,01,1,4661,中島昂章,58,45,6.86,1,0.12
2026-02-23,1,02,3,4988,牟田奨太,68,53,6.95,3,0.15
2026-02-23,1,03,4,3863,海老澤泰行,70,48,6.84,4,0.14
2026-02-23,1,04,5,3773,津留浩一郎,40,32,6.83,5,0.12
2026-02-23,1,05,6,5326,三嶌さらら,41,64,6.85,6,0.16
2026-02-23,1,S1,2,5086,本村大,47,26,6.79,2,0.18
2026-02-23,2,01,1,4171,榎幸司,12,47,6.91,1,0.21
2026-02-23,2,02,6,4761,山田晃大,60,68,6.84,6,0.20
2026-02-23,2,03,4,4511,中岡健人,66,56,6.91,4,0.22
2026-02-23,2,04,3,3576,白水勝也,73,49,6.86,3,0.24
2026-02-23,2,05,5,4065,金田幸子,49,15,6.85,5,0.21
2026-02-23,2,06,2,5250,嶋田有里,15,22,6.84,2,0.26
2026-02-23,3,01,1,4769,馬場剛,21,34,6.83,1,0.10
2026-02-23,3,02,5,4856,豊田健士郎,67,14,6.83,5,0.08
2026-02-23,3,03,2,4388,是澤孝宏,28,43,6.82,2,0.14
2026-02-23,3,04,3,3282,池本輝明,53,61,6.82,3,0.11
2026-02-23,3,05,4,4213,重富伸也,72,78,6.94,4,0.11
2026-02-23,3,06,6,5373,諏訪玲奈,48,24,6.77,6,0.07
2026-02-23,4,01,1,5252,荒木颯斗,32,72,6.82,1,0.14
2026-02-23,4,02,2,4075,中野次郎,57,36,6.81,2,0.16
2026-02-23,4,03,5,4700,金子和之,23,50,6.79,5,0.18
2026-02-23,4,04,3,3769,佐竹恒彦,71,20,6.92,3,0.23
2026-02-23,4,05,4,4623,中北将史,13,35,6.78,4,0.18
2026-02-23,4,06,6,5380,野田亜湖,18,18,6.86,6,0.28
2026-02-23,5,01,1,4607,鶴田勇雄,38,41,6.77,1,0.11
2026-02-23,5,02,2,3986,沖島広和,43,21,6.76,2,0.11
2026-02-23,5,03,6,4036,金田諭,65,60,6.77,6,0.12
2026-02-23,5,04,3,4812,西野雄貴,27,31,6.77,3,0.14
2026-02-23,5,05,4,3482,金子猛志,11,29,6.76,4,0.31
2026-02-23,5,06,5,4803,飯田庄吾,35,28,6.82,5,0.22
2026-02-23,6,01,1,4754,松尾充,26,70,6.85,1,0.12
2026-02-23,6,02,2,4264,長尾章平,36,57,6.79,2,0.11
2026-02-23,6,03,3,4065,金田幸子,49,15,6.83,3,0.14
2026-02-23,6,04,4,5254,羽田妃希,14,17,6.79,4,0.15
2026-02-23,6,05,6,3813,佐藤大介,69,52,6.79,6,0.19
2026-02-23,6,06,5,4988,牟田奨太,68,53,6.91,5,0.17
2026-02-23,7,01,1,3744,徳増秀樹,50,76,6.73,1,0.14
2026-02-23,7,02,2,3282,池本輝明,53,61,6.82,2,0.18
2026-02-23,7,03,3,4511,中岡健人,66,56,6.85,3,0.23
2026-02-23,7,04,4,3973,崎利仁,25,58,6.8,4,0.30
2026-02-23,7,05,6,5200,筒井美琴,22,46,6.76,5,0.33
2026-02-23,7,K1,5,5086,本村大,47,26,,,K
2026-02-23,8,01,1,4761,山田晃大,60,68,6.78,1,0.14
2026-02-23,8,02,2,4856,豊田健士郎,67,14,6.76,2,0.09
2026-02-23,8,03,3,3863,海老澤泰行,70,48,6.82,3,0.06
2026-02-23,8,04,4,4752,西尾亮輔,39,33,6.85,4,0.07
2026-02-23,8,05,5,5250,嶋田有里,15,22,6.81,5,0.05
2026-02-23,8,06,6,5252,荒木颯斗,32,72,6.78,6,0.01
2026-02-23,9,01,1,4036,金田諭,65,60,6.77,1,0.20
2026-02-23,9,02,4,3576,白水勝也,73,23,6.83,4,0.16
2026-02-23,9,03,6,4769,馬場剛,21,34,6.81,6,0.07
2026-02-23,9,04,5,3986,沖島広和,43,21,6.8,5,0.12
2026-02-23,9,05,2,3769,佐竹恒彦,71,20,6.79,2,0.18
2026-02-23,9,06,3,4623,中北将史,13,35,6.76,3,0.14
2026-02-23,10,01,1,4700,金子和之,23,50,6.8,1,0.07
2026-02-23,10,02,2,4607,鶴田勇雄,38,41,6.75,2,0.12
2026-02-23,10,03,6,4388,是澤孝宏,28,43,6.76,5,0.12
2026-02-23,10,04,4,4754,松尾充,26,70,6.85,4,0.08
2026-02-23,10,05,5,3482,金子猛志,11,29,6.75,6,0.08
2026-02-23,10,06,3,4264,長尾章平,36,57,6.82,3,0.06
2026-02-23,11,01,2,4812,西野雄貴,27,31,6.76,2,0.08
2026-02-23,11,02,1,3813,佐藤大介,69,52,6.8,1,0.02
2026-02-23,11,03,5,4171,榎幸司,12,47,6.82,5,0.18
2026-02-23,11,04,6,4075,中野次郎,57,36,6.74,6,0.20
2026-02-23,11,05,3,4661,中島昂章,58,45,6.85,3,0.17
2026-02-23,11,06,4,3744,徳増秀樹,50,76,6.78,4,0.20
2026-02-23,12,01,1,4685,島村隆幸,44,69,6.72,1,0.11
2026-02-23,12,02,3,4518,大須賀友,62,54,6.72,3,0.12
2026-02-23,12,03,2,3623,深川真二,24,19,6.79,2,0.09
2026-02-23,12,04,5,4451,松崎祐太郎,29,65,6.76,5,0.16
2026-02-23,12,05,4,5047,國分将太郎,74,63,6.78,4,0.14
2026-02-23,12,06,6,4772,石丸海渡,33,11,6.76,6,0.17
2026-02-26,1,01,3,5270,小玉啓太,53,35,6.85,3,0.07
2026-02-26,1,02,2,5141,大澤風葵,30,46,6.83,2,0.08
2026-02-26,1,03,5,5369,岡崎凪汰,43,57,6.78,5,0.18
2026-02-26,1,04,1,5276,大島隆乃介,71,20,6.82,1,0.12
2026-02-26,1,05,6,5336,瀬川大地,45,34,6.87,6,0.22
2026-02-26,1,06,4,5345,牧村俊輝,57,12,6.85,4,0.23
2026-02-26,2,01,1,5294,豊田祥生,50,47,6.87,1,0.03
2026-02-26,2,02,3,5160,藤森陸斗,19,25,6.88,3,0.15
2026-02-26,2,03,4,5356,長谷川暖,47,76,6.87,4,0.18
2026-02-26,2,04,5,5372,上岡巧汰,35,65,6.85,5,0.15
2026-02-26,2,05,2,5309,森雄利,17,22,6.86,2,0.11
2026-02-26,2,06,6,5417,小柳勝希,56,67,6.95,6,0.23
2026-02-26,3,01,2,5299,西丸敦基,15,36,6.82,2,0.09
2026-02-26,3,02,5,5278,田中駿兵,33,74,6.8,5,0.12
2026-02-26,3,03,4,5209,小野京平,51,53,6.93,4,0.12
2026-02-26,3,04,6,5290,坂本一真,23,38,6.81,6,0.07
2026-02-26,3,05,1,5355,萩原丈太朗,52,55,6.88,1,0.05
2026-02-26,3,S1,3,5315,浅井翼,68,48,6.87,3,0.09
2026-02-26,4,01,1,5311,小林京平,46,56,6.8,1,0.18
2026-02-26,4,02,2,5220,青木蓮,76,18,6.81,2,0.19
2026-02-26,4,03,4,5266,石田勇斗,60,37,6.9,4,0.16
2026-02-26,4,04,5,5152,丸山祐也,70,64,6.92,5,0.31
2026-02-26,4,05,3,5190,大月遊雅,69,41,6.83,3,0.18
2026-02-26,4,06,6,5395,日高龍之介,12,69,6.88,6,0.33
2026-02-26,5,01,1,5301,岩下巧斗,59,78,6.88,1,0.14
2026-02-26,5,02,3,5292,佐藤右京,55,14,6.89,3,0.14
2026-02-26,5,03,4,5034,若林義人,72,19,6.85,4,0.15
2026-02-26,5,04,2,5261,岡暢祐,37,40,6.88,2,0.14
2026-02-26,5,05,6,5154,村松栄太,62,30,6.88,6,0.19
2026-02-26,5,06,5,5337,出畑孝成,63,31,6.87,5,0.27
2026-02-26,6,01,4,5158,宮脇遼太,40,28,6.76,4,0.11
2026-02-26,6,02,1,5212,西川拓利,27,63,6.86,1,0.16
2026-02-26,6,03,3,5196,鰐部太空海,64,33,6.86,3,0.19
2026-02-26,6,04,6,5285,若林麗,29,43,6.86,6,0.13
2026-02-26,6,05,5,5236,小宮涼雅,49,73,6.95,5,0.17
2026-02-26,6,06,2,5336,瀬川大地,45,34,6.9,2,0.18
2026-02-26,7,01,3,5207,高山敬悟,67,24,6.86,3,0.20
2026-02-26,7,02,2,5369,岡崎凪汰,43,57,6.79,2,0.22
2026-02-26,7,03,1,5089,前田翔,16,77,6.88,1,0.17
2026-02-26,7,04,4,5350,網代良芽,32,16,6.8,4,0.16
2026-02-26,7,05,6,5372,上岡巧汰,35,65,6.89,6,0.21
2026-02-26,7,06,5,5206,梅原祥平,31,60,6.92,5,0.16
2026-02-26,8,01,1,5126,山下大輝,34,75,6.78,1,0.11
2026-02-26,8,02,4,5388,佐野優都,28,62,6.86,4,0.16
2026-02-26,8,03,6,5136,濱野斗馬,66,58,6.95,6,0.20
2026-02-26,8,04,5,5417,小柳勝希,56,67,6.95,5,0.23
2026-02-26,8,05,2,5209,小野京平,51,53,7.01,2,0.21
2026-02-26,8,06,3,5345,牧村俊輝,57,12,6.91,3,0.13
2026-02-26,9,01,1,5286,坂井滉哉,41,13,6.86,1,0.12
2026-02-26,9,02,3,5309,森雄利,17,22,6.9,3,0.18
2026-02-26,9,03,2,5114,小林孝彰,20,71,6.81,2,0.13
2026-02-26,9,04,6,5139,大場恒季,14,11,6.9,6,0.09
2026-02-26,9,05,4,5315,浅井翼,68,48,6.88,4,0.16
2026-02-26,9,06,5,5395,日高龍之介,12,69,6.92,5,0.15
2026-02-26,10,01,3,5125,高井雄基,75,68,6.99,3,0.09
2026-02-26,10,02,1,5160,藤森陸斗,19,25,6.88,1,0.07
2026-02-26,10,03,2,5270,小玉啓太,53,35,6.87,2,0.08
2026-02-26,10,04,4,5190,大月遊雅,69,41,6.87,4,0.13
2026-02-26,10,05,5,5301,岩下巧斗,59,78,6.84,5,0.18
2026-02-26,10,06,6,5240,高橋龍治,13,17,6.88,6,0.16
2026-02-26,11,01,1,5158,宮脇遼太,40,28,6.83,1,0.09
2026-02-26,11,02,3,5141,大澤風葵,30,46,6.89,3,0.14
2026-02-26,11,03,2,5356,長谷川暖,47,76,6.89,2,0.15
2026-02-26,11,04,6,5299,西丸敦基,15,36,6.89,6,0.11
2026-02-26,11,05,4,5337,出畑孝成,63,31,6.91,4,0.12
2026-02-26,11,06,5,5311,小林京平,46,56,6.83,5,0.17
2026-02-26,12,01,3,5034,若林義人,72,19,6.88,3,0.17
2026-02-26,12,02,4,5126,山下大輝,34,75,6.74,4,0.18
2026-02-26,12,03,2,5278,田中駿兵,33,74,6.86,2,0.19
2026-02-26,12,04,5,5089,前田翔,16,77,6.88,5,0.23
2026-02-26,12,05,6,5220,青木蓮,76,18,6.83,6,0.16
2026-02-26,12,06,1,5196,鰐部太空海,64,33,6.85,1,0.14
2026-02-27,1,01,4,5276,大島隆乃介,71,20,6.87,4,0.08
2026-02-27,1,02,5,5355,萩原丈太朗,52,55,6.88,5,0.02
2026-02-27,1,03,6,5266,石田勇斗,60,37,6.9,6,0.06
2026-02-27,1,04,3,5261,岡暢祐,37,40,6.89,3,0.07
2026-02-27,1,05,1,5350,網代良芽,32,16,6.84,1,0.11
2026-02-27,1,06,2,5290,坂本一真,23,38,6.88,2,0.17
2026-02-27,2,01,1,5240,高橋龍治,13,17,6.81,1,0.24
2026-02-27,2,02,4,5285,若林麗,29,43,6.89,4,0.19
2026-02-27,2,03,3,5294,豊田祥生,50,47,6.92,3,0.14
2026-02-27,2,04,5,5337,出畑孝成,63,31,6.86,5,0.18
2026-02-27,2,05,2,5206,梅原祥平,31,60,6.93,2,0.14
2026-02-27,2,06,6,5309,森雄利,17,22,6.89,6,0.18
2026-02-27,3,01,5,5388,佐野優都,28,62,6.85,5,0.09
2026-02-27,3,02,2,5152,丸山祐也,70,64,6.82,2,0.24
2026-02-27,3,03,4,5286,坂井滉哉,41,13,6.85,4,0.09
2026-02-27,3,04,6,5236,小宮涼雅,49,73,6.83,6,0.14
2026-02-27,3,05,1,5369,岡崎凪汰,43,57,6.79,1,0.24
2026-02-27,3,06,3,5345,牧村俊輝,57,12,6.85,3,0.19
2026-02-27,4,01,3,5139,大場恒季,14,11,6.87,3,0.11
2026-02-27,4,02,2,5207,高山敬悟,67,24,6.85,2,0.18
2026-02-27,4,03,4,5311,小林京平,46,26,6.79,4,0.26
2026-02-27,4,04,1,5292,佐藤右京,55,14,6.86,1,0.23
2026-02-27,4,05,6,5160,藤森陸斗,19,25,6.89,6,0.16
2026-02-27,4,06,5,5417,小柳勝希,56,67,6.89,5,0.14
2026-02-27,5,01,3,5126,山下大輝,34,75,6.74,3,0.16
2026-02-27,5,02,2,5154,村松栄太,62,30,6.82,2,0.18
2026-02-27,5,03,5,5212,西川拓利,27,63,6.82,5,0.17
2026-02-27,5,04,6,5301,岩下巧斗,59,78,6.81,6,0.14
2026-02-27,5,05,4,5114,小林孝彰,20,71,6.81,4,0.18
2026-02-27,5,06,1,5315,浅井翼,68,48,6.87,1,0.09
2026-02-27,6,01,1,5190,大月遊雅,69,41,6.85,1,0.12
2026-02-27,6,02,2,5125,高井雄基,75,68,7.0,2,0.12
2026-02-27,6,03,5,5220,青木蓮,76,18,6.82,5,0.11
2026-02-27,6,04,4,5336,瀬川大地,45,34,6.89,4,0.17
2026-02-27,6,05,6,5356,長谷川暖,47,76,6.9,6,0.16
2026-02-27,6,06,3,5355,萩原丈太朗,52,55,6.92,3,0.11
2026-02-27,7,01,1,5209,小野京平,51,53,6.96,1,0.12
2026-02-27,7,02,3,5278,田中駿兵,33,74,6.86,3,0.08
2026-02-27,7,03,6,5141,大澤風葵,30,46,6.9,6,0.21
2026-02-27,7,04,2,5350,網代良芽,32,16,6.84,2,0.09
2026-02-27,7,05,4,5294,豊田祥生,50,47,6.94,4,0.17
2026-02-27,7,06,5,5372,上岡巧汰,35,65,6.89,5,0.07
2026-02-27,8,01,1,5136,濱野斗馬,66,58,6.81,1,0.15
2026-02-27,8,02,2,5285,若林麗,29,43,6.82,2,0.16
2026-02-27,8,03,6,5270,小玉啓太,53,35,6.8,6,0.10
2026-02-27,8,04,3,5276,大島隆乃介,71,20,6.8,3,0.16
2026-02-27,8,05,5,5286,坂井滉哉,41,13,6.83,5,0.14
2026-02-27,8,06,4,5089,前田翔,16,77,6.79,4,0.22
2026-02-27,9,01,1,5139,大場恒季,14,11,6.89,1,0.23
2026-02-27,9,02,4,5299,西丸敦基,15,36,6.85,4,0.28
2026-02-27,9,03,6,5196,鰐部太空海,64,33,6.87,6,0.31
2026-02-27,9,04,2,5236,小宮涼雅,49,73,6.94,2,0.32
2026-02-27,9,05,3,5290,坂本一真,23,38,6.92,3,0.30
2026-02-27,9,06,5,5395,日高龍之介,12,69,6.89,5,0.34
2026-02-27,10,01,1,5034,若林義人,72,19,6.95,1,0.14
2026-02-27,10,02,2,5158,宮脇遼太,40,28,6.84,2,0.17
2026-02-27,10,03,3,5152,丸山祐也,70,64,6.93,3,0.24
2026-02-27,10,04,4,5417,小柳勝希,56,67,6.97,4,0.26
2026-02-27,10,05,5,5154,村松栄太,62,30,6.88,5,0.32
2026-02-27,10,06,6,5206,梅原祥平,31,60,6.93,6,0.18
2026-02-27,11,01,1,5220,青木蓮,76,18,6.87,1,0.06
2026-02-27,11,02,3,5114,小林孝彰,20,71,6.89,3,0.15
2026-02-27,11,03,2,5240,高橋龍治,13,17,6.95,2,0.09
2026-02-27,11,04,4,5207,高山敬悟,67,24,6.96,4,0.21
2026-02-27,11,05,6,5388,佐野優都,28,62,6.92,6,0.18
2026-02-27,11,06,5,5266,石田勇斗,60,37,7.03,5,0.19
2026-02-27,12,01,6,5261,岡暢祐,37,40,6.76,6,0.08
2026-02-27,12,02,1,5278,田中駿兵,33,74,6.88,1,0.14
2026-02-27,12,03,2,5136,濱野斗馬,66,58,6.95,2,0.18
2026-02-27,12,04,4,5125,高井雄基,75,68,6.99,4,0.22
2026-02-27,12,05,3,5212,西川拓利,27,63,6.83,3,0.15
2026-02-27,12,06,5,5292,佐藤右京,55,14,6.9,5,0.23
2026-02-28,1,01,2,5190,大月遊雅,69,41,6.93,2,0.06
2026-02-28,1,02,1,5261,岡暢祐,37,40,6.87,1,0.07
2026-02-28,1,03,4,5395,日高龍之介,12,54,6.87,4,0.07
2026-02-28,1,04,3,5345,牧村俊輝,57,12,6.87,3,0.06
2026-02-28,1,05,6,5152,丸山祐也,70,64,6.84,6,0.28
2026-02-28,1,06,5,5290,坂本一真,23,38,6.82,5,0.17
2026-02-28,2,01,2,5311,小林京平,46,26,6.81,2,0.07
2026-02-28,2,02,1,5309,森雄利,17,22,6.88,1,0.11
2026-02-28,2,03,6,5350,網代良芽,32,16,6.83,6,0.07
2026-02-28,2,04,4,5337,出畑孝成,63,31,6.86,4,0.13
2026-02-28,2,05,5,5209,小野京平,51,53,6.96,5,0.14
2026-02-28,2,06,3,5369,岡崎凪汰,43,57,6.84,3,0.09
2026-02-28,3,01,2,5301,岩下巧斗,59,78,6.81,2,0.11
2026-02-28,3,02,1,5336,瀬川大地,45,34,6.86,1,0.14
2026-02-28,3,03,3,5286,坂井滉哉,41,13,6.86,3,0.14
2026-02-28,3,04,6,5388,佐野優都,28,62,6.79,6,0.16
2026-02-28,3,05,5,5315,浅井翼,68,48,6.86,5,0.28
2026-02-28,3,06,4,5372,上岡巧汰,35,65,6.81,4,0.22
2026-02-28,4,01,2,5294,豊田祥生,50,47,6.86,2,0.13
2026-02-28,4,02,4,5141,大澤風葵,30,46,6.88,4,0.09
2026-02-28,4,03,3,5158,宮脇遼太,40,28,6.8,3,0.17
2026-02-28,4,04,5,5285,若林麗,29,43,6.87,5,0.15
2026-02-28,4,05,6,5417,小柳勝希,56,67,6.89,6,0.13
2026-02-28,4,06,1,5266,石田勇斗,60,37,6.88,1,0.23
2026-02-28,5,01,1,5356,長谷川暖,47,76,6.79,1,0.08
2026-02-28,5,02,6,5278,田中駿兵,33,74,6.71,6,0.23
2026-02-28,5,03,3,5154,村松栄太,62,30,6.76,3,0.06
2026-02-28,5,04,2,5160,藤森陸斗,19,25,6.76,2,0.07
2026-02-28,5,05,5,5270,小玉啓太,53,35,6.73,5,0.14
2026-02-28,5,06,4,5240,高橋龍治,13,17,6.73,4,0.25
2026-02-28,6,01,5,5126,山下大輝,34,75,6.68,5,0.24
2026-02-28,6,02,1,5206,梅原祥平,31,60,6.84,1,0.23
2026-02-28,6,03,4,5292,佐藤右京,55,14,6.88,4,0.29
2026-02-28,6,04,2,5139,大場恒季,14,11,6.82,2,0.22
2026-02-28,6,05,6,5355,萩原丈太朗,52,55,6.87,6,0.28
2026-02-28,6,06,3,5299,西丸敦基,15,36,6.81,3,0.27
2026-02-28,7,01,1,5207,高山敬悟,67,24,6.79,1,0.17
2026-02-28,7,02,3,5136,濱野斗馬,66,58,6.81,3,0.14
2026-02-28,7,03,2,5196,鰐部太空海,64,33,6.75,2,0.13
2026-02-28,7,04,6,5372,上岡巧汰,35,65,6.77,6,0.15
2026-02-28,7,05,5,5395,日高龍之介,12,54,6.75,5,0.21
2026-02-28,7,06,4,5309,森雄利,17,22,6.81,4,0.21
2026-02-28,8,01,1,5114,小林孝彰,20,71,6.73,1,0.08
2026-02-28,8,02,2,5212,西川拓利,27,63,6.79,2,0.08
2026-02-28,8,03,3,5089,前田翔,16,77,6.75,3,0.06
2026-02-28,8,04,5,5336,瀬川大地,45,34,6.79,5,0.11
2026-02-28,8,05,6,5337,出畑孝成,63,31,6.78,6,0.16
2026-02-28,8,06,4,5290,坂本一真,23,38,6.78,4,0.06
2026-02-28,9,01,1,5125,高井雄基,75,68,6.8,1,0.15
2026-02-28,9,02,4,5345,牧村俊輝,57,12,6.85,3,0.26
2026-02-28,9,03,5,5034,若林義人,72,19,6.84,4,0.25
2026-02-28,9,04,6,5311,小林京平,46,26,6.76,5,0.30
2026-02-28,9,05,3,5236,小宮涼雅,49,73,6.77,2,0.21
2026-02-28,9,K1,2,5315,浅井翼,68,48,,,K
2026-02-28,10,01,1,5220,青木蓮,76,18,6.74,1,0.05
2026-02-28,10,02,2,5276,大島隆乃介,71,20,6.81,2,0.07
2026-02-28,10,03,5,5299,西丸敦基,15,36,6.73,5,0.16
2026-02-28,10,04,6,5158,宮脇遼太,40,28,6.65,6,0.15
2026-02-28,10,05,3,5356,長谷川暖,47,76,6.76,3,0.08
2026-02-28,10,06,4,5388,佐野優都,28,62,6.69,4,0.28
2026-02-28,11,01,1,5126,山下大輝,34,75,6.7,1,0.24
2026-02-28,11,02,6,5286,坂井滉哉,41,13,6.76,6,0.18
2026-02-28,11,03,4,5270,小玉啓太,53,35,6.79,4,0.09
2026-02-28,11,04,2,5141,大澤風葵,30,46,6.77,2,0.19
2026-02-28,11,05,3,5209,小野京平,51,53,6.89,3,0.23
2026-02-28,11,06,5,5190,大月遊雅,69,41,6.83,5,0.22
2026-02-28,12,01,1,5196,鰐部太空海,64,33,6.78,1,0.11
2026-02-28,12,02,3,5301,岩下巧斗,59,78,6.79,3,0.09
2026-02-28,12,03,6,5369,岡崎凪汰,43,57,6.67,6,0.18
2026-02-28,12,04,4,5160,藤森陸斗,19,25,6.79,4,0.08
2026-02-28,12,05,2,5292,佐藤右京,55,14,6.84,2,0.21
2026-02-28,12,06,5,5294,豊田祥生,50,47,6.82,5,0.08
2026-03-01,1,01,1,5285,若林麗,29,43,6.79,1,0.12
2026-03-01,1,02,3,5240,高橋龍治,13,17,6.75,3,0.09
2026-03-01,1,03,6,5292,佐藤右京,55,14,6.8,6,0.19
2026-03-01,1,04,2,5369,岡崎凪汰,43,57,6.76,2,0.15
2026-03-01,1,05,5,5417,小柳勝希,56,67,6.86,5,0.12
2026-03-01,1,06,4,5355,萩原丈太朗,52,55,6.86,4,0.14
2026-03-01,2,01,1,5154,村松栄太,62,30,6.8,1,0.05
2026-03-01,2,02,2,5261,岡暢祐,37,40,6.82,2,0.08
2026-03-01,2,03,6,5276,大島隆乃介,71,20,6.81,6,0.20
2026-03-01,2,04,3,5206,梅原祥平,31,60,6.88,3,0.10
2026-03-01,2,05,4,5345,牧村俊輝,57,12,6.82,4,0.15
2026-03-01,2,06,5,5350,網代良芽,32,16,6.83,5,0.21
2026-03-01,3,01,4,5301,岩下巧斗,59,78,6.78,4,0.06
2026-03-01,3,02,1,5236,小宮涼雅,49,73,6.81,1,0.02
2026-03-01,3,03,3,5311,小林京平,46,26,6.79,3,0.08
2026-03-01,3,04,2,5136,濱野斗馬,66,58,6.91,2,0.10
2026-03-01,3,05,6,5209,小野京平,51,53,6.88,6,0.35
2026-03-01,3,S0,5,5207,高山敬悟,67,24,6.85,5,0.02
2026-03-01,4,01,1,5299,西丸敦基,15,36,6.81,1,0.09
2026-03-01,4,02,2,5114,小林孝彰,20,71,6.77,2,0.11
2026-03-01,4,03,4,5089,前田翔,16,77,6.8,4,0.18
2026-03-01,4,04,3,5266,石田勇斗,60,37,6.83,3,0.09
2026-03-01,4,05,5,5372,上岡巧汰,35,65,6.83,5,0.16
2026-03-01,4,06,6,5395,日高龍之介,12,54,6.83,6,0.18
2026-03-01,5,01,4,5212,西川拓利,27,63,6.8,4,0.08
2026-03-01,5,02,5,5196,鰐部太空海,64,33,6.8,5,0.15
2026-03-01,5,03,2,5125,高井雄基,75,68,6.9,2,0.17
2026-03-01,5,04,3,5309,森雄利,17,22,6.81,3,0.15
2026-03-01,5,05,6,5190,大月遊雅,69,41,6.82,6,0.18
2026-03-01,5,S1,1,5152,丸山祐也,70,64,6.77,1,0.18
2026-03-01,6,01,1,5270,小玉啓太,53,35,6.8,1,0.02
2026-03-01,6,02,2,5139,大場恒季,14,11,6.84,2,0.03
2026-03-01,6,03,5,5337,出畑孝成,63,31,6.83,5,0.11
2026-03-01,6,04,3,5336,瀬川大地,45,34,6.88,3,0.05
2026-03-01,6,05,4,5126,山下大輝,34,75,6.75,4,0.32
2026-03-01,6,S1,6,5294,豊田祥生,50,47,6.84,6,0.06
2026-03-01,7,01,3,5154,村松栄太,62,30,6.8,3,0.07
2026-03-01,7,02,5,5388,佐野優都,28,62,6.73,5,0.10
2026-03-01,7,03,2,5160,藤森陸斗,19,25,6.84,2,0.11
2026-03-01,7,04,6,5417,小柳勝希,56,67,6.86,6,0.06
2026-03-01,7,05,1,5290,坂本一真,23,38,6.79,1,0.12
2026-03-01,7,06,4,5034,若林義人,72,19,6.87,4,0.07
2026-03-01,8,01,1,5141,大澤風葵,30,46,6.79,1,0.07
2026-03-01,8,02,5,5240,高橋龍治,13,17,6.77,5,0.13
2026-03-01,8,03,2,5286,坂井滉哉,41,13,6.77,2,0.14
2026-03-01,8,04,6,5207,高山敬悟,67,24,6.79,6,0.14
2026-03-01,8,05,3,5220,青木蓮,76,18,6.75,3,0.15
2026-03-01,8,06,4,5206,梅原祥平,31,60,6.89,4,0.17
2026-03-01,9,01,1,5278,田中駿兵,33,74,6.8,1,0.16
2026-03-01,9,02,2,5266,石田勇斗,60,37,6.91,2,0.12
2026-03-01,9,03,5,5356,長谷川暖,47,76,6.88,5,0.04
2026-03-01,9,04,3,5350,網代良芽,32,16,6.81,3,0.10
2026-03-01,9,05,6,5125,高井雄基,75,68,6.97,6,0.05
2026-03-01,9,06,4,5236,小宮涼雅,49,73,6.95,4,0.11
2026-03-01,10,01,1,5089,前田翔,16,77,6.8,1,0.12
2026-03-01,10,02,4,5136,濱野斗馬,66,58,6.86,4,0.18
2026-03-01,10,03,2,5158,宮脇遼太,40,28,6.73,2,0.14
2026-03-01,10,04,6,5212,西川拓利,27,63,6.78,6,0.09
2026-03-01,10,05,5,5276,大島隆乃介,71,20,6.85,5,0.12
2026-03-01,10,06,3,5285,若林麗,29,43,6.82,3,0.15
2026-03-01,11,01,1,5034,若林義人,72,19,6.89,1,0.14
2026-03-01,11,02,2,5355,萩原丈太朗,52,55,6.93,2,0.15
2026-03-01,11,03,5,5261,岡暢祐,37,40,6.91,5,0.26
2026-03-01,11,04,6,5114,小林孝彰,20,71,6.81,6,0.22
2026-03-01,11,05,4,5139,大場恒季,14,11,6.87,4,0.22
2026-03-01,11,06,3,5152,丸山祐也,70,23,6.96,3,0.24
2026-03-01,12,01,1,5160,藤森陸斗,19,25,6.87,1,0.15
2026-03-01,12,02,4,5196,鰐部太空海,64,33,6.85,4,0.21
2026-03-01,12,03,2,5336,瀬川大地,45,15,6.87,2,0.16
2026-03-01,12,04,5,5345,牧村俊輝,57,12,6.85,5,0.24
2026-03-01,12,05,3,5209,小野京平,51,53,6.97,3,0.25
2026-03-01,12,06,6,5372,上岡巧汰,35,65,6.88,6,0.28
2026-03-02,1,01,2,5276,大島隆乃介,71,20,6.88,2,0.08
2026-03-02,1,02,4,5236,小宮涼雅,49,73,6.85,4,0.13
2026-03-02,1,03,5,5309,森雄利,17,22,6.86,5,0.08
2026-03-02,1,04,6,5388,佐野優都,28,62,6.81,6,0.08
2026-03-02,1,05,3,5261,岡暢祐,37,40,6.85,3,0.08
2026-03-02,1,06,1,5286,坂井滉哉,41,13,6.83,1,0.11
2026-03-02,2,01,2,5270,小玉啓太,53,35,6.82,2,0.13
2026-03-02,2,02,3,5212,西川拓利,27,63,6.87,3,0.14
2026-03-02,2,03,1,5311,小林京平,46,26,6.8,1,0.15
2026-03-02,2,04,5,5369,岡崎凪汰,43,57,6.78,5,0.16
2026-03-02,2,05,6,5372,上岡巧汰,35,65,6.84,6,0.17
2026-03-02,2,06,4,5240,高橋龍治,13,17,6.83,4,0.30
2026-03-02,3,01,1,5114,小林孝彰,20,71,6.82,1,0.16
2026-03-02,3,02,5,5207,高山敬悟,67,24,6.86,5,0.20
2026-03-02,3,03,6,5141,大澤風葵,30,46,6.85,6,0.15
2026-03-02,3,04,2,5294,豊田祥生,50,47,6.92,2,0.21
2026-03-02,3,05,4,5337,出畑孝成,63,31,6.83,4,0.19
2026-03-02,3,06,3,5285,若林麗,29,43,6.91,3,0.23
2026-03-02,4,01,3,5139,大場恒季,14,11,6.87,3,0.05
2026-03-02,4,02,4,5196,鰐部太空海,64,33,6.86,4,0.12
2026-03-02,4,03,1,5154,村松栄太,62,30,6.86,1,0.05
2026-03-02,4,04,6,5417,小柳勝希,56,67,6.88,6,0.18
2026-03-02,4,05,2,5356,長谷川暖,47,76,6.9,2,0.08
2026-03-02,4,06,5,5336,瀬川大地,45,15,6.89,5,0.13
2026-03-02,5,01,5,5278,田中駿兵,33,74,6.79,5,0.09
2026-03-02,5,02,4,5125,高井雄基,75,68,6.99,4,0.11
2026-03-02,5,03,1,5034,若林義人,72,19,6.93,1,0.20
2026-03-02,5,04,2,5152,丸山祐也,70,23,6.94,2,0.32
2026-03-02,5,05,3,5299,西丸敦基,15,36,6.82,3,0.23
2026-03-02,5,06,6,5345,牧村俊輝,57,12,6.9,6,0.26
2026-03-02,6,01,1,5158,宮脇遼太,40,28,6.75,1,0.03
2026-03-02,6,02,6,5126,山下大輝,34,75,6.76,6,0.18
2026-03-02,6,03,3,5266,石田勇斗,60,37,6.93,3,0.06
2026-03-02,6,04,2,5190,大月遊雅,69,41,6.92,2,0.05
2026-03-02,6,05,5,5209,小野京平,51,53,6.99,5,0.16
2026-03-02,6,06,4,5292,佐藤右京,55,14,6.89,4,0.36
2026-03-02,7,01,4,5220,青木蓮,76,18,6.87,4,0.00
2026-03-02,7,02,6,5089,前田翔,16,77,6.88,6,0.09
2026-03-02,7,03,2,5350,網代良芽,32,16,6.81,2,0.10
2026-03-02,7,04,3,5207,高山敬悟,67,24,6.89,3,0.13
2026-03-02,7,05,1,5301,岩下巧斗,59,78,6.84,1,0.12
2026-03-02,7,06,5,5355,萩原丈太朗,52,55,6.93,5,0.07
2026-03-02,8,01,1,5136,濱野斗馬,66,58,6.89,1,0.10
2026-03-02,8,02,5,5160,藤森陸斗,19,25,6.84,5,0.09
2026-03-02,8,03,4,5369,岡崎凪汰,43,57,6.74,4,0.19
2026-03-02,8,04,6,5395,日高龍之介,12,54,6.87,6,0.10
2026-03-02,8,05,3,5290,坂本一真,23,38,6.86,3,0.24
2026-03-02,8,06,2,5206,梅原祥平,31,60,6.85,2,0.13
2026-03-02,9,01,2,5034,若林義人,72,19,6.9,2,0.04
2026-03-02,9,02,3,5125,高井雄基,75,68,6.99,3,0.04
2026-03-02,9,F,1,5141,大澤風葵,30,46,6.86,1,F0.03
2026-03-02,9,F,4,5261,岡暢祐,37,21,6.8,4,F0.04
2026-03-02,9,F,5,5139,大場恒季,14,11,6.89,5,F0.04
2026-03-02,9,F,6,5311,小林京平,46,26,6.77,6,F0.07
2026-03-02,10,01,1,5278,田中駿兵,33,74,6.8,1,0.19
2026-03-02,10,02,3,5196,鰐部太空海,64,33,6.82,3,0.29
2026-03-02,10,03,2,5158,宮脇遼太,40,28,6.76,2,0.18
2026-03-02,10,04,4,5212,西川拓利,27,63,6.87,4,0.24
2026-03-02,10,05,5,5114,小林孝彰,20,71,6.82,5,0.25
2026-03-02,10,06,6,5286,坂井滉哉,41,70,6.86,6,0.19
2026-03-02,11,01,1,5126,山下大輝,34,75,6.73,1,0.04
2026-03-02,11,02,5,5270,小玉啓太,53,35,6.82,5,0.09
2026-03-02,11,03,6,5154,村松栄太,62,30,6.86,6,0.24
2026-03-02,11,04,3,5220,青木蓮,76,18,6.84,3,0.07
2026-03-02,11,05,2,5301,岩下巧斗,59,78,6.86,2,0.09
2026-03-02,11,06,4,5299,西丸敦基,15,36,6.84,4,0.12
2026-03-02,12,01,2,5240,高橋龍治,13,17,6.83,2,0.09
2026-03-02,12,02,3,5294,豊田祥生,50,47,6.88,3,0.10
2026-03-02,12,03,1,5089,前田翔,16,77,6.83,1,0.10
2026-03-02,12,04,4,5152,丸山祐也,70,23,6.91,4,0.20
2026-03-02,12,05,6,5136,濱野斗馬,66,58,6.85,6,0.17
2026-03-02,12,06,5,5190,大月遊雅,69,41,6.9,5,0.17
2026-03-03,1,01,1,5285,若林麗,29,43,6.83,1,0.34
2026-03-03,1,02,2,5266,石田勇斗,60,37,6.88,2,0.34
2026-03-03,1,03,6,5417,小柳勝希,56,67,6.83,6,0.43
2026-03-03,1,04,5,5206,梅原祥平,31,60,6.83,5,0.47
2026-03-03,1,05,4,5236,小宮涼雅,49,73,6.89,4,0.44
2026-03-03,1,S0,3,5355,萩原丈太朗,52,55,6.9,3,0.35
2026-03-03,2,01,1,5299,西丸敦基,15,36,6.86,1,0.19
2026-03-03,2,02,5,5356,長谷川暖,47,76,6.84,5,0.30
2026-03-03,2,03,3,5290,坂本一真,23,38,6.8,3,0.27
2026-03-03,2,04,2,5209,小野京平,51,53,6.93,2,0.29
2026-03-03,2,05,6,5337,出畑孝成,63,31,6.86,6,0.29
2026-03-03,2,06,4,5388,佐野優都,28,62,6.77,4,0.30
2026-03-03,3,01,1,5212,西川拓利,27,63,6.76,1,0.09
2026-03-03,3,02,2,5154,村松栄太,62,30,6.82,2,0.13
2026-03-03,3,03,3,5350,網代良芽,32,16,6.8,3,0.12
2026-03-03,3,04,6,5345,牧村俊輝,57,12,6.78,6,0.10
2026-03-03,3,05,4,5292,佐藤右京,55,14,6.77,4,0.22
2026-03-03,3,06,5,5309,森雄利,17,22,6.81,5,0.09
2026-03-03,4,01,1,5276,大島隆乃介,71,29,6.79,1,0.06
2026-03-03,4,02,2,5114,小林孝彰,20,71,6.74,2,0.07
2026-03-03,4,03,3,5136,濱野斗馬,66,58,6.86,3,0.13
2026-03-03,4,04,6,5395,日高龍之介,12,54,6.84,6,0.22
2026-03-03,4,05,4,5158,宮脇遼太,40,28,6.74,4,0.35
2026-03-03,4,06,5,5294,豊田祥生,50,47,6.84,5,0.12
2026-03-03,5,01,1,5207,高山敬悟,67,24,6.8,1,0.19
2026-03-03,5,02,2,5089,前田翔,16,77,6.83,2,0.21
2026-03-03,5,03,3,5160,藤森陸斗,19,25,6.87,3,0.26
2026-03-03,5,04,5,5266,石田勇斗,60,37,6.83,5,0.10
2026-03-03,5,05,6,5311,小林京平,46,26,6.78,6,0.12
2026-03-03,5,S0,4,5336,瀬川大地,45,15,6.9,4,0.12
2026-03-03,6,01,1,5220,青木蓮,76,18,6.78,1,0.06
2026-03-03,6,02,2,5286,坂井滉哉,41,70,6.86,2,0.13
2026-03-03,6,03,4,5290,坂本一真,23,38,6.84,4,0.07
2026-03-03,6,04,5,5372,上岡巧汰,35,65,6.85,5,0.12
2026-03-03,6,05,6,5261,岡暢祐,37,21,6.84,6,0.11
2026-03-03,6,06,3,5206,梅原祥平,31,60,6.88,3,0.11
2026-03-03,7,01,6,5139,大場恒季,14,11,6.81,6,0.23
2026-03-03,7,02,1,5309,森雄利,17,22,6.86,1,0.21
2026-03-03,7,03,2,5301,岩下巧斗,59,78,6.8,2,0.18
2026-03-03,7,04,4,5337,出畑孝成,63,31,6.82,4,0.24
2026-03-03,7,05,5,5152,丸山祐也,70,23,6.93,5,0.27
2026-03-03,7,06,3,5236,小宮涼雅,49,73,6.87,3,0.18
2026-03-03,8,01,3,5356,長谷川暖,47,76,6.81,3,0.22
2026-03-03,8,02,4,5395,日高龍之介,12,54,6.86,4,0.13
2026-03-03,8,03,5,5350,網代良芽,32,16,6.8,5,0.17
2026-03-03,8,04,6,5141,大澤風葵,30,46,6.9,6,0.17
2026-03-03,8,05,1,5369,岡崎凪汰,43,57,6.76,1,0.26
2026-03-03,8,06,2,5355,萩原丈太朗,52,55,6.87,2,0.29
2026-03-03,9,01,1,5136,濱野斗馬,66,58,6.88,1,0.11
2026-03-03,9,02,5,5240,高橋龍治,13,17,6.77,5,0.07
2026-03-03,9,03,3,5190,大月遊雅,69,41,6.84,3,0.14
2026-03-03,9,04,2,5292,佐藤右京,55,14,6.8,2,0.16
2026-03-03,9,05,4,5160,藤森陸斗,19,25,6.83,4,0.14
2026-03-03,9,06,6,5388,佐野優都,28,62,6.76,6,0.02
2026-03-03,10,01,1,5154,村松栄太,62,30,6.84,1,0.13
2026-03-03,10,02,5,5089,前田翔,16,77,6.84,5,0.26
2026-03-03,10,03,2,5220,青木蓮,76,18,6.81,2,0.12
2026-03-03,10,04,4,5299,西丸敦基,15,36,6.82,4,0.14
2026-03-03,10,05,6,5285,若林麗,29,43,6.86,6,0.26
2026-03-03,10,06,3,5114,小林孝彰,20,71,6.79,3,0.19
2026-03-03,11,01,1,5158,宮脇遼太,40,28,6.73,1,0.12
2026-03-03,11,02,2,5212,西川拓利,27,63,6.84,2,0.06
2026-03-03,11,03,3,5301,岩下巧斗,59,78,6.83,3,0.15
2026-03-03,11,04,4,5286,坂井滉哉,41,70,6.87,4,0.09
2026-03-03,11,05,6,5276,大島隆乃介,71,29,6.81,6,0.11
2026-03-03,11,06,5,5207,高山敬悟,67,24,6.83,5,0.07
2026-03-03,12,01,1,5126,山下大輝,34,75,6.7,1,0.27
2026-03-03,12,02,4,5196,鰐部太空海,64,33,6.77,4,0.18
2026-03-03,12,03,5,5125,高井雄基,75,68,6.94,5,0.25
2026-03-03,12,04,6,5270,小玉啓太,53,35,6.81,6,0.21
2026-03-03,12,05,2,5278,田中駿兵,33,74,6.76,2,0.20
2026-03-03,12,06,3,5034,若林義人,72,19,6.9,3,0.23
2026-03-08,1,01,2,3876,中辻崇人,76,66,6.67,2,0.04
2026-03-08,1,02,1,4391,松田祐季,63,56,6.79,1,0.02
2026-03-08,1,03,6,4715,村上遼,46,52,6.74,6,0.14
2026-03-08,1,04,3,4824,松井洪弥,69,71,6.78,3,0.05
2026-03-08,1,05,4,4832,権藤俊光,64,57,6.79,4,0.26
2026-03-08,1,06,5,4342,谷野錬志,66,30,6.78,5,0.22
2026-03-08,2,01,1,4985,井本昌也,49,63,6.79,1,0.07
2026-03-08,2,02,6,4174,赤坂俊輔,67,11,6.78,5,0.18
2026-03-08,2,03,2,4294,古賀繁輝,52,72,6.79,2,0.11
2026-03-08,2,04,3,5257,西丸侑太朗,12,62,6.71,3,0.14
2026-03-08,2,05,4,4831,羽野直也,59,59,6.77,6,0.24
2026-03-08,2,06,5,4188,久田敏之,65,51,6.72,4,0.09
2026-03-08,3,01,3,4168,石野貴之,50,69,6.75,3,0.02
2026-03-08,3,02,1,4688,永井彪也,60,32,6.79,1,0.06
2026-03-08,3,03,6,4497,桑原悠,41,27,6.8,6,0.11
2026-03-08,3,04,2,4292,麻生慎介,39,70,6.88,2,0.07
2026-03-08,3,05,5,4757,山田祐也,73,24,6.89,5,0.14
2026-03-08,3,06,4,4910,中村泰平,23,43,6.77,4,0.25
2026-03-08,4,01,5,4659,木下翔太,56,78,6.88,5,0.09
2026-03-08,4,02,2,3388,今垣光太郎,62,49,6.77,2,0.12
2026-03-08,4,03,1,4504,前田将太,48,35,6.78,1,0.16
2026-03-08,4,04,6,4352,下條雄太郎,38,75,6.75,6,0.16
2026-03-08,4,05,4,4759,今泉友吾,21,29,6.69,4,0.16
2026-03-08,4,06,3,4798,浜先真範,17,25,6.85,3,0.09
2026-03-08,5,01,3,4344,新田雄史,74,61,6.8,3,0.08
2026-03-08,5,02,1,4928,栗城匠,43,50,6.74,1,0.09
2026-03-08,5,03,2,4907,小池修平,57,21,6.75,2,0.08
2026-03-08,5,04,6,4547,中田竜太,28,18,6.79,6,0.15
2026-03-08,5,05,5,4645,上村純一,40,77,6.71,5,0.06
2026-03-08,5,06,4,4732,堀本和也,18,45,6.78,4,0.05
2026-03-08,6,01,2,4832,権藤俊光,64,57,6.77,2,0.08
2026-03-08,6,02,1,4074,柳沢一,34,41,6.71,1,0.16
2026-03-08,6,03,4,3719,辻栄蔵,71,65,6.79,4,0.15
2026-03-08,6,04,6,3960,菊地孝平,30,68,6.77,6,0.13
2026-03-08,6,05,3,5043,中村日向,14,76,6.74,3,0.10
2026-03-08,6,06,5,4532,秋元哲,32,36,6.82,5,0.15
2026-03-08,7,01,1,5028,原田才一郎,29,53,6.7,1,0.08
2026-03-08,7,02,2,4337,平本真之,44,22,6.76,2,0.09
2026-03-08,7,03,4,5121,定松勇樹,20,33,6.74,4,0.11
2026-03-08,7,04,3,4933,板橋侑我,11,55,6.78,3,0.08
2026-03-08,7,05,5,4985,井本昌也,49,63,6.8,5,0.10
2026-03-08,7,06,6,4824,松井洪弥,69,71,6.81,6,0.13
2026-03-08,8,01,1,4188,久田敏之,65,51,6.77,1,0.10
2026-03-08,8,02,2,5191,飛田江己,24,12,6.76,2,0.16
2026-03-08,8,03,6,4320,峰竜太,47,47,6.76,6,0.18
2026-03-08,8,04,4,3716,石渡鉄兵,22,58,6.81,4,0.20
2026-03-08,8,05,3,5017,澤田尚也,15,74,6.74,3,0.20
2026-03-08,8,06,5,4715,村上遼,46,52,6.8,5,0.21
2026-03-08,9,01,1,4659,木下翔太,56,78,6.78,1,0.14
2026-03-08,9,02,2,4850,野中一平,27,64,6.73,2,0.09
2026-03-08,9,03,3,3897,白井英治,36,23,6.83,3,0.11
2026-03-08,9,04,6,4831,羽野直也,59,59,6.73,6,0.13
2026-03-08,9,05,4,4688,永井彪也,60,32,6.76,4,0.11
2026-03-08,9,06,5,4391,松田祐季,63,56,6.72,5,0.12
2026-03-08,10,01,1,4686,丸野一樹,13,60,6.71,1,0.18
2026-03-08,10,02,3,4757,山田祐也,73,24,6.82,3,0.17
2026-03-08,10,03,5,4504,前田将太,48,35,6.74,5,0.25
2026-03-08,10,04,6,4907,小池修平,57,21,6.74,6,0.19
2026-03-08,10,05,4,4174,赤坂俊輔,67,11,6.8,4,0.18
2026-03-08,10,06,2,4342,谷野錬志,66,30,6.75,2,0.18
2026-03-08,11,01,1,4344,新田雄史,74,61,6.77,1,0.00
2026-03-08,11,02,3,3388,今垣光太郎,62,49,6.75,3,0.11
2026-03-08,11,03,2,3719,辻栄蔵,71,65,6.79,2,0.03
2026-03-08,11,04,4,4168,石野貴之,50,69,6.67,4,0.10
2026-03-08,11,05,6,3876,中辻崇人,76,66,6.66,6,0.08
2026-03-08,11,06,5,4294,古賀繁輝,52,72,6.76,5,0.09
2026-03-08,12,01,1,3779,原田幸哉,53,15,6.74,1,0.09
2026-03-08,12,02,2,4262,馬場貴也,33,17,6.74,2,0.13
2026-03-08,12,03,3,3783,瓜生正義,25,26,6.79,3,0.13
2026-03-08,12,04,6,4719,上條暢嵩,58,40,6.78,6,0.16
2026-03-08,12,05,5,4024,井口佳典,26,19,6.81,5,0.17
2026-03-08,12,06,4,3590,濱野谷憲吾,72,54,6.85,4,0.14
2026-03-09,1,01,1,5191,飛田江己,24,12,6.75,1,0.10
2026-03-09,1,02,2,4352,下條雄太郎,38,75,6.8,2,0.13
2026-03-09,1,03,3,4985,井本昌也,49,63,6.88,3,0.07
2026-03-09,1,04,4,4850,野中一平,27,64,6.84,4,0.06
2026-03-09,1,05,6,5028,原田才一郎,29,53,6.72,6,0.20
2026-03-09,1,06,5,3590,濱野谷憲吾,72,54,6.86,5,0.14
2026-03-09,2,01,3,4391,松田祐季,63,56,6.81,3,0.06
2026-03-09,2,02,5,4547,中田竜太,28,18,6.78,5,0.06
2026-03-09,2,03,1,4759,今泉友吾,21,29,6.73,1,0.19
2026-03-09,2,04,6,3716,石渡鉄兵,22,58,6.85,6,0.07
2026-03-09,2,05,4,4292,麻生慎介,39,70,6.87,4,0.03
2026-03-09,2,06,2,4024,井口佳典,26,19,6.83,2,0.16
2026-03-09,3,01,6,3779,原田幸哉,53,15,6.74,5,0.11
2026-03-09,3,02,4,4532,秋元哲,32,36,6.89,4,0.09
2026-03-09,3,03,2,4645,上村純一,40,77,6.81,2,0.02
2026-03-09,3,04,3,4831,羽野直也,59,59,6.77,3,0.09
2026-03-09,3,05,5,4928,栗城匠,43,50,6.83,6,0.36
2026-03-09,3,F,1,4342,谷野錬志,66,30,6.82,1,F0.01
2026-03-09,4,01,1,4910,中村泰平,23,43,6.77,1,0.19
2026-03-09,4,02,3,4262,馬場貴也,33,17,6.78,3,0.22
2026-03-09,4,03,5,4497,桑原悠,41,27,6.8,5,0.12
2026-03-09,4,04,2,4798,浜先真範,17,25,6.88,2,0.19
2026-03-09,4,05,4,5043,中村日向,14,76,6.8,4,0.17
2026-03-09,4,S1,6,4832,権藤俊光,64,57,6.82,6,0.12
2026-03-09,5,01,1,4732,堀本和也,18,45,6.7,1,0.02
2026-03-09,5,02,4,4074,柳沢一,34,41,6.66,4,0.10
2026-03-09,5,03,2,4188,久田敏之,65,51,6.75,2,0.04
2026-03-09,5,04,5,3783,瓜生正義,25,26,6.76,5,0.11
2026-03-09,5,05,6,3388,今垣光太郎,62,49,6.77,6,0.08
2026-03-09,5,06,3,4688,永井彪也,60,32,6.76,3,0.08
2026-03-09,6,01,2,4719,上條暢嵩,58,40,6.78,2,0.17
2026-03-09,6,02,3,4504,前田将太,48,35,6.75,3,0.16
2026-03-09,6,03,5,4933,板橋侑我,11,55,6.77,5,0.11
2026-03-09,6,04,1,4174,赤坂俊輔,67,11,6.83,1,0.12
2026-03-09,6,05,6,4294,古賀繁輝,52,72,6.79,6,0.12
2026-03-09,6,06,4,5191,飛田江己,24,12,6.8,4,0.15
2026-03-09,7,01,1,3876,中辻崇人,76,66,6.77,1,0.13
2026-03-09,7,02,4,4715,村上遼,46,52,6.86,4,0.09
2026-03-09,7,03,5,4850,野中一平,27,64,6.83,5,0.08
2026-03-09,7,04,6,3719,辻栄蔵,71,65,6.86,6,0.14
2026-03-09,7,05,3,4024,井口佳典,26,19,6.88,3,0.22
2026-03-09,7,06,2,5257,西丸侑太朗,12,62,6.85,2,0.15
2026-03-09,8,01,3,4759,今泉友吾,21,29,6.73,3,0.09
2026-03-09,8,02,1,4907,小池修平,57,21,6.76,1,0.11
2026-03-09,8,03,2,4824,松井洪弥,69,71,6.82,2,0.08
2026-03-09,8,04,6,4757,山田祐也,73,24,6.85,6,0.17
2026-03-09,8,05,5,5028,原田才一郎,29,53,6.71,5,0.16
2026-03-09,8,06,4,3779,原田幸哉,53,15,6.77,4,0.08
2026-03-09,9,01,1,5121,定松勇樹,20,33,6.74,1,0.04
2026-03-09,9,02,2,4928,栗城匠,43,50,6.77,2,0.05
2026-03-09,9,03,3,4659,木下翔太,56,78,6.8,3,0.01
2026-03-09,9,04,4,4352,下條雄太郎,38,75,6.78,4,0.02
2026-03-09,9,05,5,4262,馬場貴也,33,17,6.75,5,0.03
2026-03-09,9,06,6,4292,麻生慎介,39,70,6.84,6,0.01
2026-03-09,10,01,1,3590,濱野谷憲吾,72,54,6.79,1,0.12
2026-03-09,10,02,2,4547,中田竜太,28,18,6.76,2,0.20
2026-03-09,10,03,6,4168,石野貴之,50,69,6.71,6,0.18
2026-03-09,10,04,5,4074,柳沢一,34,41,6.64,5,0.17
2026-03-09,10,05,4,4645,上村純一,40,77,6.7,4,0.15
2026-03-09,10,06,3,4910,中村泰平,23,43,6.73,3,0.21
2026-03-09,11,01,5,4719,上條暢嵩,58,40,6.69,5,0.19
2026-03-09,11,02,2,4497,桑原悠,41,27,6.69,2,0.14
2026-03-09,11,03,3,3716,石渡鉄兵,22,58,6.75,3,0.24
2026-03-09,11,04,6,4532,秋元哲,32,36,6.77,6,0.19
2026-03-09,11,05,1,3783,瓜生正義,25,26,6.76,1,0.12
2026-03-09,11,06,4,5017,澤田尚也,15,74,6.74,4,0.25
2026-03-09,12,01,1,3897,白井英治,36,23,6.73,1,0.07
2026-03-09,12,02,4,4344,新田雄史,74,61,6.76,4,0.13
2026-03-09,12,03,3,4320,峰竜太,47,47,6.71,3,0.11
2026-03-09,12,04,2,3960,菊地孝平,30,68,6.74,2,0.08
2026-03-09,12,05,6,4686,丸野一樹,13,60,6.76,6,0.08
2026-03-09,12,06,5,4337,平本真之,44,22,6.73,5,0.14
2026-03-10,1,01,1,4497,桑原悠,41,27,6.79,1,0.10
2026-03-10,1,02,4,4757,山田祐也,73,24,6.85,4,0.18
2026-03-10,1,03,3,3719,辻栄蔵,71,65,6.83,3,0.14
2026-03-10,1,04,6,4337,平本真之,44,22,6.82,6,0.16
2026-03-10,1,05,5,5191,飛田江己,24,12,6.79,5,0.12
2026-03-10,1,06,2,5257,西丸侑太朗,12,62,6.77,2,0.16
2026-03-10,2,01,1,4824,松井洪弥,69,71,6.79,1,0.08
2026-03-10,2,02,5,3779,原田幸哉,53,15,6.78,5,0.06
2026-03-10,2,03,4,4732,堀本和也,18,45,6.82,4,0.10
2026-03-10,2,04,6,4645,上村純一,40,77,6.81,6,0.06
2026-03-10,2,05,3,4933,板橋侑我,11,55,6.76,3,0.05
2026-03-10,2,06,2,5017,澤田尚也,15,74,6.79,2,0.07
2026-03-10,3,01,1,4532,秋元哲,32,36,6.81,1,0.07
2026-03-10,3,02,2,4831,羽野直也,59,59,6.8,2,0.07
2026-03-10,3,03,3,5043,中村日向,14,76,6.75,3,0.09
2026-03-10,3,04,5,4798,浜先真範,17,25,6.85,5,0.05
2026-03-10,3,05,4,4504,前田将太,48,35,6.77,4,0.07
2026-03-10,3,06,6,3897,白井英治,36,23,6.82,6,0.06
2026-03-10,4,01,1,4850,野中一平,27,64,6.8,1,0.06
2026-03-10,4,02,3,3876,中辻崇人,76,66,6.77,3,0.07
2026-03-10,4,03,4,3388,今垣光太郎,62,49,6.76,4,0.03
2026-03-10,4,04,2,4344,新田雄史,74,61,6.86,2,0.07
2026-03-10,4,05,5,4174,赤坂俊輔,67,11,6.81,5,0.07
2026-03-10,4,06,6,3590,濱野谷憲吾,72,54,6.86,6,0.14
2026-03-10,5,01,1,4292,麻生慎介,39,70,6.87,1,0.11
2026-03-10,5,02,3,5121,定松勇樹,20,33,6.77,3,0.15
2026-03-10,5,03,4,4985,井本昌也,49,63,6.84,4,0.14
2026-03-10,5,04,5,3960,菊地孝平,30,68,6.79,5,0.08
2026-03-10,5,05,2,3783,瓜生正義,25,26,6.79,2,0.09
2026-03-10,5,06,6,4342,谷野錬志,66,30,6.83,6,0.20
2026-03-10,6,01,1,4168,石野貴之,50,69,6.71,1,0.07
2026-03-10,6,02,2,5028,原田才一郎,29,53,6.75,2,0.12
2026-03-10,6,03,6,4188,久田敏之,65,51,6.8,5,0.13
2026-03-10,6,04,4,4686,丸野一樹,13,60,6.8,4,0.12
2026-03-10,6,05,5,4352,下條雄太郎,38,75,6.75,6,0.16
2026-03-10,6,06,3,4294,古賀繁輝,52,72,6.82,3,0.08
2026-03-10,7,01,1,4757,山田祐也,73,24,6.87,1,0.05
2026-03-10,7,02,5,4320,峰竜太,47,47,6.76,5,0.06
2026-03-10,7,03,2,4715,村上遼,46,52,6.82,2,0.15
2026-03-10,7,04,3,4928,栗城匠,43,50,6.8,3,0.19
2026-03-10,7,05,4,4910,中村泰平,23,43,6.81,4,0.09
2026-03-10,7,06,6,4688,永井彪也,60,32,6.82,6,0.12
2026-03-10,8,01,2,3897,白井英治,36,23,6.83,2,0.10
2026-03-10,8,02,5,4732,堀本和也,18,45,6.82,5,0.04
2026-03-10,8,03,1,3719,辻栄蔵,71,65,6.82,1,0.07
2026-03-10,8,04,3,4832,権藤俊光,64,57,6.82,3,0.16
2026-03-10,8,05,6,4262,馬場貴也,33,17,6.76,6,0.08
2026-03-10,8,06,4,4391,松田祐季,63,56,6.84,4,0.08
2026-03-10,9,01,2,4074,柳沢一,34,41,6.74,2,0.25
2026-03-10,9,02,6,4344,新田雄史,74,61,6.77,5,0.14
2026-03-10,9,03,3,4719,上條暢嵩,58,40,6.78,3,0.20
2026-03-10,9,04,4,4824,松井洪弥,69,71,6.78,4,0.12
2026-03-10,9,05,5,4342,谷野錬志,66,30,6.8,6,0.19
2026-03-10,9,06,1,3716,石渡鉄兵,22,58,6.75,1,0.24
2026-03-10,10,01,5,5017,澤田尚也,15,74,6.75,5,0.08
2026-03-10,10,02,6,5121,定松勇樹,20,33,6.75,6,0.10
2026-03-10,10,03,1,4024,井口佳典,26,19,6.79,1,0.22
2026-03-10,10,04,2,4659,木下翔太,56,78,6.78,2,0.26
2026-03-10,10,05,3,4337,平本真之,44,22,6.77,3,0.39
2026-03-10,10,06,4,4798,浜先真範,17,25,6.82,4,0.15
2026-03-10,11,01,1,3960,菊地孝平,30,68,6.76,1,0.10
2026-03-10,11,02,3,4686,丸野一樹,13,60,6.75,3,0.11
2026-03-10,11,03,4,4547,中田竜太,28,18,6.78,4,0.14
2026-03-10,11,04,6,4759,今泉友吾,21,29,6.68,6,0.18
2026-03-10,11,05,5,4907,小池修平,57,21,6.72,5,0.18
2026-03-10,11,06,2,4174,赤坂俊輔,67,11,6.8,2,0.14
2026-03-10,12,01,1,4320,峰竜太,47,47,6.72,1,0.15
2026-03-10,12,02,3,4188,久田敏之,65,51,6.77,3,0.12
2026-03-10,12,03,4,4933,板橋侑我,11,55,6.73,4,0.11
2026-03-10,12,04,5,3876,中辻崇人,76,66,6.75,5,0.15
2026-03-10,12,05,2,5043,中村日向,14,76,6.71,2,0.14
2026-03-10,12,06,6,5257,西丸侑太朗,12,62,6.73,6,0.12
2026-03-11,1,01,1,4352,下條雄太郎,38,75,6.78,1,0.14
2026-03-11,1,02,3,4907,小池修平,57,21,6.77,3,0.11
2026-03-11,1,03,5,4832,権藤俊光,64,57,6.82,5,0.18
2026-03-11,1,04,2,4532,秋元哲,32,36,6.86,2,0.06
2026-03-11,1,05,6,4910,中村泰平,23,43,6.78,6,0.15
2026-03-11,1,06,4,4342,谷野錬志,66,30,6.84,4,0.16
2026-03-11,2,01,1,4715,村上遼,46,52,6.78,1,0.14
2026-03-11,2,02,5,4688,永井彪也,60,32,6.83,5,0.11
2026-03-11,2,03,3,3716,石渡鉄兵,22,58,6.8,3,0.14
2026-03-11,2,04,2,4504,前田将太,48,35,6.77,2,0.16
2026-03-11,2,05,6,4391,松田祐季,63,56,6.81,6,0.10
2026-03-11,2,06,4,4659,木下翔太,56,78,6.83,4,0.14
2026-03-11,3,01,2,3779,原田幸哉,53,15,6.77,2,0.10
2026-03-11,3,02,1,4294,古賀繁輝,52,72,6.81,1,0.11
2026-03-11,3,03,5,3388,今垣光太郎,62,49,6.76,5,0.21
2026-03-11,3,04,6,4074,柳沢一,34,41,6.72,6,0.15
2026-03-11,3,05,4,4759,今泉友吾,21,29,6.75,4,0.23
2026-03-11,3,06,3,4798,浜先真範,17,25,6.85,3,0.17
2026-03-11,4,01,2,4933,板橋侑我,11,55,6.75,2,0.11
2026-03-11,4,02,1,4547,中田竜太,28,18,6.86,1,0.10
2026-03-11,4,03,5,4168,石野貴之,50,69,6.74,5,0.21
2026-03-11,4,04,4,5257,西丸侑太朗,12,62,6.85,4,0.16
2026-03-11,4,05,3,4497,桑原悠,41,27,6.79,3,0.11
2026-03-11,4,06,6,4985,井本昌也,49,63,6.87,6,0.21
2026-03-11,5,01,1,4831,羽野直也,59,59,6.79,1,0.12
2026-03-11,5,02,5,3897,白井英治,36,23,6.78,5,0.13
2026-03-11,5,03,4,4719,上條暢嵩,58,40,6.76,4,0.11
2026-03-11,5,04,2,5017,澤田尚也,15,74,6.77,2,0.14
2026-03-11,5,05,6,5191,飛田江己,24,12,6.75,6,0.12
2026-03-11,5,06,3,4174,赤坂俊輔,67,11,6.86,3,0.15
2026-03-11,6,01,2,4320,峰竜太,47,47,6.75,2,0.13
2026-03-11,6,02,1,4832,権藤俊光,64,57,6.81,1,0.12
2026-03-11,6,03,3,4732,堀本和也,18,45,6.79,3,0.12
2026-03-11,6,04,4,3876,中辻崇人,76,66,6.73,4,0.14
2026-03-11,6,05,6,3783,瓜生正義,25,26,6.8,6,0.19
2026-03-11,6,06,5,4824,松井洪弥,69,71,6.84,5,0.17
2026-03-11,7,01,6,4024,井口佳典,26,19,6.83,6,0.11
2026-03-11,7,02,1,4645,上村純一,40,77,6.77,1,0.05
2026-03-11,7,03,3,4686,丸野一樹,13,60,6.74,3,0.10
2026-03-11,7,04,5,5043,中村日向,14,76,6.79,5,0.06
2026-03-11,7,05,4,5121,定松勇樹,20,33,6.76,4,0.01
2026-03-11,7,06,2,4688,永井彪也,60,32,6.8,2,0.10
2026-03-11,8,01,1,4262,馬場貴也,33,17,6.77,1,0.06
2026-03-11,8,02,2,4391,松田祐季,63,56,6.76,2,0.07
2026-03-11,8,03,3,3960,菊地孝平,30,68,6.8,3,0.06
2026-03-11,8,04,5,4292,麻生慎介,39,70,6.83,6,0.08
2026-03-11,8,05,6,4850,野中一平,27,64,6.78,5,0.06
2026-03-11,8,06,4,4294,古賀繁輝,52,72,6.8,4,0.09
2026-03-11,9,01,5,4344,新田雄史,74,61,6.8,5,0.17
2026-03-11,9,02,1,3388,今垣光太郎,62,49,6.73,1,0.06
2026-03-11,9,03,3,4715,村上遼,46,52,6.76,3,0.14
2026-03-11,9,04,2,4168,石野貴之,50,69,6.67,2,0.08
2026-03-11,9,05,4,4188,久田敏之,65,51,6.79,4,0.17
2026-03-11,9,06,6,4928,栗城匠,43,50,6.75,6,0.17
2026-03-11,10,01,1,4337,平本真之,44,22,6.71,1,0.17
2026-03-11,10,02,5,4831,羽野直也,59,59,6.76,5,0.16
2026-03-11,10,03,6,4659,木下翔太,56,78,6.82,6,0.11
2026-03-11,10,04,2,4985,井本昌也,49,63,6.79,2,0.15
2026-03-11,10,05,3,3779,原田幸哉,53,15,6.73,3,0.12
2026-03-11,10,S1,4,4907,小池修平,57,21,6.69,4,0.13
2026-03-11,11,01,3,5028,原田才一郎,29,53,6.72,3,0.09
2026-03-11,11,02,1,4719,上條暢嵩,58,40,6.71,1,0.14
2026-03-11,11,03,5,3719,辻栄蔵,71,65,6.75,5,0.08
2026-03-11,11,04,4,4320,峰竜太,47,47,6.75,4,0.08
2026-03-11,11,05,6,4504,前田将太,48,35,6.78,6,0.11
2026-03-11,11,06,2,4757,山田祐也,73,24,6.8,2,0.16
2026-03-11,12,01,1,4933,板橋侑我,11,55,6.69,1,0.13
2026-03-11,12,02,5,3716,石渡鉄兵,22,58,6.78,5,0.07
2026-03-11,12,03,2,5121,定松勇樹,20,33,6.72,2,0.11
2026-03-11,12,04,3,4074,柳沢一,34,41,6.68,3,0.08
2026-03-11,12,05,6,4732,堀本和也,18,45,6.76,6,0.05
2026-03-11,12,06,4,3897,白井英治,36,23,6.72,4,0.07
2026-03-12,1,01,4,4928,栗城匠,43,50,6.77,4,0.11
2026-03-12,1,02,1,4798,浜先真範,17,25,6.81,1,0.16
2026-03-12,1,03,5,5257,西丸侑太朗,12,62,6.76,5,0.17
2026-03-12,1,04,2,4759,今泉友吾,21,29,6.74,2,0.18
2026-03-12,1,05,6,5017,澤田尚也,15,74,6.74,6,0.18
2026-03-12,1,06,3,4850,野中一平,27,64,6.71,3,0.19
2026-03-12,2,01,3,4985,井本昌也,49,63,6.86,3,0.23
2026-03-12,2,02,1,5043,中村日向,14,76,6.8,1,0.18
2026-03-12,2,03,2,4715,村上遼,46,52,6.81,2,0.21
2026-03-12,2,04,5,4292,麻生慎介,39,70,6.89,5,0.29
2026-03-12,2,05,4,4391,松田祐季,63,56,6.81,4,0.26
2026-03-12,2,06,6,4342,谷野錬志,66,30,6.84,6,0.33
2026-03-12,3,01,1,3783,瓜生正義,25,26,6.79,1,0.11
2026-03-12,3,02,3,4188,久田敏之,65,51,6.76,3,0.07
2026-03-12,3,03,2,4910,中村泰平,23,43,6.77,2,0.12
2026-03-12,3,04,6,3719,辻栄蔵,71,65,6.81,5,0.08
2026-03-12,3,05,5,4532,秋元哲,32,36,6.86,4,0.08
2026-03-12,3,06,4,4294,古賀繁輝,52,72,6.76,6,0.10
2026-03-12,4,01,4,3716,石渡鉄兵,22,58,6.79,4,0.14
2026-03-12,4,02,1,4352,下條雄太郎,38,75,6.77,1,0.11
2026-03-12,4,03,6,4933,板橋侑我,11,55,6.78,6,0.22
2026-03-12,4,04,5,4645,上村純一,40,77,6.79,5,0.18
2026-03-12,4,05,2,4824,松井洪弥,69,71,6.83,2,0.10
2026-03-12,4,06,3,4757,山田祐也,73,24,6.82,3,0.15
2026-03-12,5,01,3,4831,羽野直也,59,59,6.76,3,0.15
2026-03-12,5,02,2,4688,永井彪也,60,32,6.75,2,0.14
2026-03-12,5,03,1,5257,西丸侑太朗,12,62,6.77,1,0.11
2026-03-12,5,04,4,4174,赤坂俊輔,67,11,6.8,4,0.20
2026-03-12,5,05,5,4907,小池修平,57,21,6.82,5,0.19
2026-03-12,5,06,6,4798,浜先真範,17,25,6.79,6,0.19
2026-03-12,6,01,1,5017,澤田尚也,15,74,6.74,1,0.19
2026-03-12,6,02,2,4985,井本昌也,49,63,6.8,2,0.13
2026-03-12,6,03,3,4292,麻生慎介,39,70,6.8,3,0.07
2026-03-12,6,04,5,4759,今泉友吾,21,29,6.72,5,0.14
2026-03-12,6,05,6,4337,平本真之,44,22,6.74,6,0.17
2026-03-12,6,S0,4,4832,権藤俊光,64,57,6.8,4,0.07
2026-03-12,7,01,4,4188,久田敏之,65,51,6.77,4,0.07
2026-03-12,7,02,3,4532,秋元哲,32,36,6.83,3,0.03
2026-03-12,7,03,5,4504,前田将太,48,35,6.7,5,0.07
2026-03-12,7,04,2,4850,野中一平,27,64,6.74,2,0.04
2026-03-12,7,05,1,4024,井口佳典,26,19,6.79,1,0.15
2026-03-12,7,06,6,5043,中村日向,14,76,6.78,6,0.05
2026-03-12,8,01,1,3719,辻栄蔵,71,65,6.81,1,0.03
2026-03-12,8,02,3,5191,飛田江己,24,12,6.79,3,0.05
2026-03-12,8,03,2,4928,栗城匠,43,50,6.82,2,0.07
2026-03-12,8,04,6,3783,瓜生正義,25,26,6.78,6,0.13
2026-03-12,8,05,5,4391,松田祐季,63,56,6.8,5,0.13
2026-03-12,8,06,4,4645,上村純一,40,77,6.78,4,0.16
2026-03-12,9,01,1,4320,峰竜太,47,47,6.76,1,0.14
2026-03-12,9,02,2,3897,白井英治,36,23,6.83,2,0.13
2026-03-12,9,03,3,4547,中田竜太,28,18,6.84,3,0.13
2026-03-12,9,04,4,4168,石野貴之,50,69,6.77,4,0.18
2026-03-12,9,05,5,3388,今垣光太郎,62,49,6.83,5,0.15
2026-03-12,9,06,6,4732,堀本和也,18,45,6.78,6,0.13
2026-03-12,10,01,1,4719,上條暢嵩,58,40,6.77,1,0.11
2026-03-12,10,02,4,5028,原田才一郎,29,53,6.75,4,0.15
2026-03-12,10,03,5,3876,中辻崇人,76,66,6.76,5,0.12
2026-03-12,10,04,6,3960,菊地孝平,30,68,6.79,6,0.07
2026-03-12,10,05,3,4686,丸野一樹,13,60,6.8,3,0.19
2026-03-12,10,S0,2,3779,原田幸哉,53,15,6.79,2,0.11
2026-03-12,11,01,2,5121,定松勇樹,20,33,6.76,2,0.13
2026-03-12,11,02,1,4344,新田雄史,74,61,6.82,1,0.15
2026-03-12,11,03,4,4262,馬場貴也,33,17,6.76,4,0.24
2026-03-12,11,04,5,4497,桑原悠,41,27,6.79,5,0.17
2026-03-12,11,05,3,4074,柳沢一,34,41,6.73,3,0.15
2026-03-12,11,06,6,4659,木下翔太,56,78,6.88,6,0.18
2026-03-12,12,01,1,4337,平本真之,44,22,6.82,1,0.18
2026-03-12,12,02,3,4352,下條雄太郎,38,75,6.8,3,0.23
2026-03-12,12,03,2,5191,飛田江己,24,12,6.8,2,0.19
2026-03-12,12,04,4,4831,羽野直也,59,59,6.86,4,0.23
2026-03-12,12,05,6,4024,井口佳典,26,19,6.88,6,0.25
2026-03-12,12,06,5,4910,中村泰平,23,43,6.84,5,0.24
2026-03-13,1,01,1,4659,木下翔太,56,78,6.76,1,0.09
2026-03-13,1,02,3,4352,下條雄太郎,38,75,6.76,3,0.12
2026-03-13,1,03,2,4532,秋元哲,32,36,6.76,2,0.11
2026-03-13,1,04,4,4757,山田祐也,73,24,6.86,4,0.20
2026-03-13,1,05,5,4688,永井彪也,60,32,6.74,5,0.15
2026-03-13,1,06,6,4985,井本昌也,49,63,6.79,6,0.16
2026-03-13,2,01,1,3876,中辻崇人,76,66,6.7,1,0.22
2026-03-13,2,02,2,3716,石渡鉄兵,22,58,6.73,2,0.28
2026-03-13,2,03,5,4759,今泉友吾,21,29,6.71,5,0.09
2026-03-13,2,04,6,5257,西丸侑太朗,12,62,6.76,6,0.05
2026-03-13,2,05,3,4174,赤坂俊輔,67,11,6.79,3,0.19
2026-03-13,2,06,4,4024,井口佳典,26,19,6.81,4,0.17
2026-03-13,3,01,1,4497,桑原悠,41,27,6.68,1,0.11
2026-03-13,3,02,2,4732,堀本和也,18,45,6.69,2,0.10
2026-03-13,3,03,4,4188,久田敏之,65,51,6.74,4,0.06
2026-03-13,3,04,6,4933,板橋侑我,11,55,6.7,6,0.05
2026-03-13,3,05,5,4850,野中一平,27,64,6.73,5,0.07
2026-03-13,3,06,3,4294,古賀繁輝,52,72,6.72,3,0.07
2026-03-13,4,01,1,3960,菊地孝平,30,68,6.75,1,0.14
2026-03-13,4,02,2,4504,前田将太,48,35,6.7,2,0.22
2026-03-13,4,03,5,4824,松井洪弥,69,71,6.78,5,0.13
2026-03-13,4,04,3,4832,権藤俊光,64,57,6.77,3,0.21
2026-03-13,4,05,6,4928,栗城匠,43,50,6.75,6,0.12
2026-03-13,4,06,4,4715,村上遼,46,52,6.76,4,0.17
2026-03-13,5,01,1,3388,今垣光太郎,62,49,6.78,1,0.03
2026-03-13,5,02,3,4337,平本真之,44,22,6.73,3,0.05
2026-03-13,5,03,6,5043,中村日向,14,76,6.71,6,0.05
2026-03-13,5,04,4,4532,秋元哲,32,36,6.8,4,0.06
2026-03-13,5,05,5,4262,馬場貴也,33,17,6.74,5,0.09
2026-03-13,5,06,2,4292,麻生慎介,39,70,6.74,2,0.08
2026-03-13,6,01,1,3779,原田幸哉,53,15,6.81,1,0.27
2026-03-13,6,02,4,3716,石渡鉄兵,22,58,6.74,4,0.14
2026-03-13,6,03,5,4547,中田竜太,28,18,6.77,5,0.17
2026-03-13,6,04,3,4645,上村純一,40,77,6.71,3,0.19
2026-03-13,6,05,2,4074,柳沢一,34,41,6.68,2,0.18
2026-03-13,6,06,6,5017,澤田尚也,15,74,6.76,6,0.20
2026-03-13,7,01,2,4759,今泉友吾,21,29,6.7,2,0.22
2026-03-13,7,02,6,5191,飛田江己,24,12,6.71,6,0.19
2026-03-13,7,03,3,4757,山田祐也,73,24,6.78,3,0.20
2026-03-13,7,04,4,3783,瓜生正義,25,26,6.69,4,0.28
2026-03-13,7,05,5,4910,中村泰平,23,43,6.71,5,0.22
2026-03-13,7,06,1,4168,石野貴之,50,69,6.71,1,0.30
2026-03-13,8,01,1,4686,丸野一樹,13,60,6.69,1,0.10
2026-03-13,8,02,4,4504,前田将太,48,35,6.67,4,0.11
2026-03-13,8,03,5,4798,浜先真範,17,25,6.79,5,0.09
2026-03-13,8,04,3,4391,松田祐季,63,56,6.72,3,0.19
2026-03-13,8,05,2,4933,板橋侑我,11,55,6.62,2,0.19
2026-03-13,8,06,6,4342,谷野錬志,66,30,6.71,6,0.07
2026-03-13,9,01,1,4715,村上遼,46,52,6.71,1,0.11
2026-03-13,9,02,2,4831,羽野直也,59,59,6.76,2,0.25
2026-03-13,9,03,4,4337,平本真之,44,22,6.76,4,0.14
2026-03-13,9,04,3,4850,野中一平,27,64,6.74,3,0.10
2026-03-13,9,05,5,3719,辻栄蔵,71,65,6.76,5,0.21
2026-03-13,9,06,6,4352,下條雄太郎,38,75,6.74,6,0.23
2026-03-13,10,01,1,4262,馬場貴也,33,17,6.72,1,0.10
2026-03-13,10,02,2,3876,中辻崇人,76,66,6.76,2,0.25
2026-03-13,10,03,4,4074,柳沢一,34,41,6.7,4,0.20
2026-03-13,10,04,3,3960,菊地孝平,30,68,6.79,3,0.13
2026-03-13,10,05,6,4659,木下翔太,56,78,6.85,6,0.15
2026-03-13,10,06,5,4732,堀本和也,18,45,6.79,5,0.17
2026-03-13,11,01,5,3388,今垣光太郎,62,49,6.74,5,0.07
2026-03-13,11,02,2,4168,石野貴之,50,69,6.73,2,0.10
2026-03-13,11,03,1,4547,中田竜太,28,18,6.74,1,0.12
2026-03-13,11,04,4,4686,丸野一樹,13,60,6.73,4,0.13
2026-03-13,11,05,6,3779,原田幸哉,53,15,6.75,6,0.14
2026-03-13,11,06,3,4497,桑原悠,41,27,6.72,3,0.10
2026-03-13,12,01,1,4719,上條暢嵩,58,40,6.75,1,0.13
2026-03-13,12,02,3,5121,定松勇樹,20,33,6.74,3,0.21
2026-03-13,12,03,4,4344,新田雄史,74,61,6.79,4,0.23
2026-03-13,12,04,5,3897,白井英治,36,23,6.86,5,0.25
2026-03-13,12,05,2,4320,峰竜太,47,47,6.79,2,0.17
2026-03-13,12,06,6,5028,原田才一郎,29,53,6.71,6,0.24
2026-03-18,1,01,1,4809,外崎悟,60,23,6.96,1,0.17
2026-03-18,1,02,2,5308,藤森拓海,47,58,6.99,2,0.13
2026-03-18,1,03,4,5124,上瀧絢也,62,13,6.97,4,0.10
2026-03-18,1,04,6,4471,新田泰章,13,67,6.9,6,0.01
2026-03-18,1,05,3,4104,木下陽介,64,55,7.04,3,0.35
2026-03-18,1,06,5,5375,庄島潤成,25,73,6.96,5,0.06
2026-03-18,2,01,4,4096,石橋道友,36,48,6.94,4,0.14
2026-03-18,2,02,6,4991,宗行治哉,50,46,6.93,6,0.26
2026-03-18,2,03,2,5037,田頭虎親,43,54,6.95,2,0.12
2026-03-18,2,04,1,3880,浅見宗孝,30,18,6.96,1,0.07
2026-03-18,2,05,3,4691,水原慎,27,69,6.97,3,0.13
2026-03-18,2,06,5,4381,田路朋史,75,37,6.92,5,0.21
2026-03-18,3,01,5,4009,小林一樹,21,21,6.91,5,0.02
2026-03-18,3,02,1,3807,岡部哲,32,28,6.99,1,0.10
2026-03-18,3,03,3,3811,石田章央,18,33,6.95,3,0.09
2026-03-18,3,04,6,4423,坂口貴彦,65,56,6.94,6,0.02
2026-03-18,3,05,2,4468,大池佑来,76,29,6.96,2,0.09
2026-03-18,3,06,4,5214,田中宏典,26,31,6.97,4,0.09
2026-03-18,4,01,1,3757,畑和宏,34,53,7.01,1,0.09
2026-03-18,4,02,2,3966,作間章,20,20,6.98,2,0.12
2026-03-18,4,03,3,4259,真庭明志,24,57,6.94,3,0.14
2026-03-18,4,04,6,4665,加藤啓太,37,16,6.96,5,0.12
2026-03-18,4,05,5,5429,吉川颯汰,38,59,6.91,6,0.19
2026-03-18,4,06,4,3741,松尾基成,56,41,7.06,4,0.15
2026-03-18,5,01,1,3574,大神康司,63,49,6.93,1,0.11
2026-03-18,5,02,6,4552,杉山勝匡,23,32,6.85,6,0.11
2026-03-18,5,03,4,4976,金山立樹,22,14,6.92,4,0.17
2026-03-18,5,04,3,3737,上平真二,74,51,6.9,3,0.11
2026-03-18,5,05,5,4263,武重雄介,73,15,6.98,5,0.15
2026-03-18,5,06,2,3922,菅沼佳昭,44,66,6.84,2,0.17
2026-03-18,6,01,1,4953,尾上雅也,48,43,6.89,1,0.23
2026-03-18,6,02,2,3981,今坂晃広,59,52,6.93,2,0.21
2026-03-18,6,03,3,5064,品川二千翔,33,61,6.93,3,0.19
2026-03-18,6,04,6,4343,村岡賢,11,70,6.86,6,0.19
2026-03-18,6,05,4,4693,松下誉士,53,68,6.92,4,0.18
2026-03-18,6,06,5,4452,松尾祭,35,78,6.94,5,0.18
2026-03-18,7,01,1,4155,長野壮志郎,46,45,6.89,1,0.09
2026-03-18,7,02,3,4248,岡本大,69,60,6.97,3,0.07
2026-03-18,7,03,6,5375,庄島潤成,25,73,6.89,6,0.03
2026-03-18,7,04,4,4054,福嶋智之,58,38,6.92,4,0.05
2026-03-18,7,05,2,4381,田路朋史,75,37,6.85,2,0.15
2026-03-18,7,F,5,4866,橋本英一,71,27,6.95,5,F0.01
2026-03-18,8,01,1,4009,小林一樹,21,21,6.78,1,0.15
2026-03-18,8,02,3,4991,宗行治哉,50,46,6.84,3,0.20
2026-03-18,8,03,6,4656,大崎翔,16,11,6.84,6,0.19
2026-03-18,8,04,2,5124,上瀧絢也,62,13,6.82,2,0.24
2026-03-18,8,05,4,4100,松田隆司,66,50,6.83,5,0.23
2026-03-18,8,06,5,3743,林美憲,40,72,6.8,4,0.18
2026-03-18,9,01,1,3741,松尾基成,56,41,6.92,1,0.10
2026-03-18,9,02,2,4871,菊池宏志,41,74,6.83,2,0.13
2026-03-18,9,03,3,5214,田中宏典,26,31,6.86,3,0.14
2026-03-18,9,04,4,5308,藤森拓海,47,58,6.85,4,0.25
2026-03-18,9,05,5,3880,浅見宗孝,30,18,6.86,5,0.16
2026-03-18,9,06,6,5011,高木圭大,17,40,6.86,6,0.18
2026-03-18,10,01,1,4259,真庭明志,24,57,6.87,1,0.13
2026-03-18,10,02,2,4263,武重雄介,73,15,6.92,2,0.14
2026-03-18,10,03,4,4522,古澤光紀,29,34,6.86,4,0.17
2026-03-18,10,04,3,4809,外崎悟,60,23,6.85,3,0.16
2026-03-18,10,05,6,3811,石田章央,18,33,6.88,6,0.16
2026-03-18,10,06,5,5037,田頭虎親,43,54,6.83,5,0.15
2026-03-18,11,01,2,4471,新田泰章,13,67,6.83,2,0.12
2026-03-18,11,02,1,4096,石橋道友,36,48,6.84,1,0.13
2026-03-18,11,03,4,3737,上平真二,74,51,6.89,4,0.13
2026-03-18,11,04,5,4953,尾上雅也,48,43,6.81,5,0.16
2026-03-18,11,05,3,3966,作間章,20,20,6.87,3,0.11
2026-03-18,11,06,6,4468,大池佑来,76,29,6.88,6,0.11
2026-03-18,12,01,3,4976,金山立樹,22,14,6.84,3,0.24
2026-03-18,12,02,1,4248,岡本大,69,60,6.9,1,0.23
2026-03-18,12,03,5,3807,岡部哲,32,28,6.86,5,0.17
2026-03-18,12,04,2,4693,松下誉士,53,68,6.82,2,0.26
2026-03-18,12,05,4,4691,水原慎,27,69,6.84,4,0.17
2026-03-18,12,06,6,5429,吉川颯汰,38,59,6.79,6,0.26
2026-03-19,1,01,1,3922,菅沼佳昭,44,66,6.78,1,0.23
2026-03-19,1,02,4,4155,長野壮志郎,46,45,6.82,4,0.18
2026-03-19,1,03,2,4991,宗行治哉,50,46,6.85,2,0.29
2026-03-19,1,04,5,3981,今坂晃広,59,52,6.82,5,0.19
2026-03-19,1,05,6,4259,真庭明志,24,57,6.83,6,0.19
2026-03-19,1,06,3,4871,菊池宏志,41,74,6.82,3,0.28
2026-03-19,2,01,1,4452,松尾祭,35,78,6.81,1,0.12
2026-03-19,2,02,5,4054,福嶋智之,58,38,6.79,5,0.14
2026-03-19,2,03,3,4552,杉山勝匡,23,32,6.77,3,0.18
2026-03-19,2,04,4,4468,大池佑来,76,29,6.81,4,0.14
2026-03-19,2,05,6,3880,浅見宗孝,30,18,6.81,6,0.15
2026-03-19,2,06,2,4522,古澤光紀,29,34,6.78,2,0.13
2026-03-19,3,01,1,4100,松田隆司,66,50,6.8,1,0.15
2026-03-19,3,02,2,3737,上平真二,74,51,6.83,2,0.15
2026-03-19,3,03,3,4009,小林一樹,21,21,6.77,3,0.16
2026-03-19,3,04,5,5308,藤森拓海,47,58,6.79,5,0.39
2026-03-19,3,05,6,3757,畑和宏,34,53,6.77,6,0.16
2026-03-19,3,06,4,4665,加藤啓太,37,16,6.81,4,0.28
2026-03-19,4,01,1,4343,村岡賢,11,70,6.73,1,0.09
2026-03-19,4,02,6,3574,大神康司,63,49,6.82,2,0.11
2026-03-19,4,03,3,4096,石橋道友,36,48,6.78,4,0.15
2026-03-19,4,04,2,4691,水原慎,27,69,6.78,3,0.19
2026-03-19,4,05,4,4104,木下陽介,64,55,6.83,5,0.20
2026-03-19,4,06,5,5429,吉川颯汰,38,59,6.75,6,0.19
2026-03-19,5,01,1,3811,石田章央,18,33,6.82,1,0.04
2026-03-19,5,02,4,5375,庄島潤成,25,73,6.81,6,0.06
2026-03-19,5,03,3,4423,坂口貴彦,65,56,6.79,3,0.14
2026-03-19,5,04,5,4471,新田泰章,13,67,6.78,4,0.08
2026-03-19,5,05,2,5064,品川二千翔,33,61,6.82,2,0.18
2026-03-19,5,06,6,3741,松尾基成,56,41,6.89,5,0.09
2026-03-19,6,01,1,3981,今坂晃広,59,52,6.81,1,0.10
2026-03-19,6,02,3,3743,林美憲,40,72,6.79,3,0.09
2026-03-19,6,03,4,5011,高木圭大,17,40,6.82,4,0.20
2026-03-19,6,04,5,4693,松下誉士,53,68,6.79,5,0.24
2026-03-19,6,05,2,5214,田中宏典,26,31,6.83,2,0.09
2026-03-19,6,06,6,3966,作間章,20,20,6.83,6,0.23
2026-03-19,7,01,1,4468,大池佑来,76,29,6.85,1,0.09
2026-03-19,7,02,2,4259,真庭明志,24,57,6.8,2,0.12
2026-03-19,7,03,3,4665,加藤啓太,37,16,6.83,3,0.13
2026-03-19,7,04,4,4656,大崎翔,16,11,6.83,4,0.10
2026-03-19,7,05,5,5124,上瀧絢也,62,71,6.83,5,0.08
2026-03-19,7,06,6,4866,橋本英一,71,27,6.83,6,0.12
2026-03-19,8,01,2,4976,金山立樹,22,14,6.83,2,0.14
2026-03-19,8,02,3,5037,田頭虎親,43,54,6.8,3,0.11
2026-03-19,8,03,5,4871,菊池宏志,41,74,6.82,5,0.09
2026-03-19,8,04,4,3757,畑和宏,34,53,6.84,4,0.10
2026-03-19,8,05,1,4054,福嶋智之,58,38,6.8,1,0.22
2026-03-19,8,06,6,4248,岡本大,69,60,6.85,6,0.12
2026-03-19,9,01,4,4343,村岡賢,11,70,6.76,4,0.12
2026-03-19,9,02,3,4100,松田隆司,66,50,6.83,3,0.20
2026-03-19,9,03,6,3807,岡部哲,32,28,6.85,6,0.20
2026-03-19,9,04,1,4381,田路朋史,75,37,6.79,1,0.29
2026-03-19,9,05,5,4522,古澤光紀,29,34,6.8,5,0.13
2026-03-19,9,06,2,4953,尾上雅也,48,43,6.77,2,0.22
2026-03-19,10,01,1,4471,新田泰章,13,67,6.78,1,0.23
2026-03-19,10,02,2,4009,小林一樹,21,21,6.76,2,0.16
2026-03-19,10,03,3,4155,長野壮志郎,46,45,6.84,3,0.17
2026-03-19,10,04,5,4809,外崎悟,60,23,6.8,5,0.16
2026-03-19,10,05,4,4552,杉山勝匡,23,32,6.8,4,0.17
2026-03-19,10,06,6,4263,武重雄介,73,15,6.89,6,0.22
2026-03-19,11,01,1,3737,上平真二,74,51,6.8,1,0.14
2026-03-19,11,02,4,3743,林美憲,40,72,6.78,4,0.13
2026-03-19,11,03,5,4991,宗行治哉,50,46,6.79,5,0.15
2026-03-19,11,04,3,4452,松尾祭,35,78,6.81,3,0.14
2026-03-19,11,05,6,5064,品川二千翔,33,61,6.8,6,0.13
2026-03-19,11,06,2,3574,大神康司,63,49,6.85,2,0.09
2026-03-19,12,01,3,4656,大崎翔,16,11,6.81,3,0.23
2026-03-19,12,02,1,5011,高木圭大,17,40,6.84,1,0.17
2026-03-19,12,03,4,4423,坂口貴彦,65,56,6.82,4,0.22
2026-03-19,12,04,5,3922,菅沼佳昭,44,66,6.79,5,0.18
2026-03-19,12,05,6,4104,木下陽介,64,55,6.87,6,0.19
2026-03-19,12,06,2,3880,浅見宗孝,30,18,6.86,2,0.23
2026-03-20,1,01,2,3807,岡部哲,32,28,6.86,2,0.09
2026-03-20,1,02,4,4248,岡本大,69,60,6.88,4,0.17
2026-03-20,1,03,1,4656,大崎翔,16,11,6.83,1,0.15
2026-03-20,1,04,3,4693,松下誉士,53,68,6.82,3,0.18
2026-03-20,1,05,5,3757,畑和宏,34,53,6.87,5,0.18
2026-03-20,1,06,6,3922,菅沼佳昭,44,66,6.82,6,0.27
2026-03-20,2,01,1,4552,杉山勝匡,23,32,6.82,1,0.01
2026-03-20,2,02,2,4054,福嶋智之,58,38,6.79,4,0.02
2026-03-20,2,03,5,3574,大神康司,63,49,6.93,3,0.12
2026-03-20,2,04,6,3981,今坂晃広,59,52,6.83,6,0.13
2026-03-20,2,05,3,3743,林美憲,40,72,6.81,2,0.09
2026-03-20,2,S1,4,5375,庄島潤成,25,73,6.8,5,0.05
2026-03-20,3,01,1,4423,坂口貴彦,65,56,6.79,1,0.17
2026-03-20,3,02,2,4809,外崎悟,60,23,6.8,2,0.23
2026-03-20,3,03,3,4381,田路朋史,75,37,6.78,3,0.22
2026-03-20,3,04,5,4155,長野壮志郎,46,45,6.81,5,0.15
2026-03-20,3,05,4,3966,作間章,20,20,6.83,4,0.20
2026-03-20,3,06,6,4100,松田隆司,66,50,6.82,6,0.19
2026-03-20,4,01,5,4096,石橋道友,36,48,6.79,5,0.05
2026-03-20,4,02,1,4665,加藤啓太,37,16,6.81,1,0.05
2026-03-20,4,03,3,4263,武重雄介,73,15,6.85,3,0.11
2026-03-20,4,04,2,3741,松尾基成,56,41,6.91,2,0.11
2026-03-20,4,05,6,4452,松尾祭,35,78,6.84,6,0.09
2026-03-20,4,06,4,3880,浅見宗孝,30,18,6.88,4,0.11
2026-03-20,5,01,2,3811,石田章央,18,33,6.82,2,0.16
2026-03-20,5,02,3,4343,村岡賢,11,70,6.74,3,0.16
2026-03-20,5,03,6,4009,小林一樹,21,21,6.76,5,0.10
2026-03-20,5,04,4,4522,古澤光紀,29,34,6.77,4,0.12
2026-03-20,5,05,5,5214,田中宏典,26,31,6.78,6,0.13
2026-03-20,5,06,1,4104,木下陽介,64,55,6.82,1,0.29
2026-03-20,6,01,1,5064,品川二千翔,33,61,6.79,1,0.18
2026-03-20,6,02,2,4953,尾上雅也,48,43,6.76,2,0.14
2026-03-20,6,03,4,4259,真庭明志,24,57,6.8,4,0.18
2026-03-20,6,04,5,4691,水原慎,27,69,6.83,5,0.21
2026-03-20,6,05,3,5124,上瀧絢也,62,71,6.79,3,0.19
2026-03-20,6,06,6,4054,福嶋智之,58,38,6.8,6,0.23
2026-03-20,7,01,1,3743,林美憲,40,72,6.74,1,0.06
2026-03-20,7,02,2,4471,新田泰章,13,67,6.75,2,0.06
2026-03-20,7,03,5,4976,金山立樹,22,14,6.76,5,0.17
2026-03-20,7,04,3,5308,藤森拓海,47,58,6.78,3,0.08
2026-03-20,7,05,4,3922,菅沼佳昭,44,66,6.76,4,0.17
2026-03-20,7,06,6,4866,橋本英一,71,27,6.76,6,0.25
2026-03-20,8,01,3,4155,長野壮志郎,46,45,6.79,3,0.06
2026-03-20,8,02,1,4263,武重雄介,73,15,6.86,1,0.07
2026-03-20,8,03,4,5037,田頭虎親,43,54,6.75,4,0.07
2026-03-20,8,04,6,3737,上平真二,74,51,6.82,5,0.12
2026-03-20,8,05,2,5011,高木圭大,17,40,6.81,2,0.08
2026-03-20,8,06,5,5429,吉川颯汰,38,59,6.77,6,0.12
2026-03-20,9,01,1,4991,宗行治哉,50,46,6.8,1,0.05
2026-03-20,9,02,3,4468,大池佑来,76,29,6.79,3,0.07
2026-03-20,9,03,6,4809,外崎悟,60,23,6.73,6,0.23
2026-03-20,9,04,2,4248,岡本大,69,60,6.83,2,0.05
2026-03-20,9,05,5,3741,松尾基成,56,41,6.89,5,0.24
2026-03-20,9,06,4,4871,菊池宏志,41,74,6.74,4,0.21
2026-03-20,10,01,1,3966,作間章,20,20,6.81,1,0.19
2026-03-20,10,02,3,3574,大神康司,63,49,6.83,3,0.08
2026-03-20,10,03,5,3811,石田章央,18,33,6.83,5,0.10
2026-03-20,10,04,6,4953,尾上雅也,48,43,6.74,6,0.09
2026-03-20,10,05,4,3807,岡部哲,32,28,6.86,4,0.10
2026-03-20,10,06,2,4452,松尾祭,35,78,6.8,2,0.10
2026-03-20,11,01,1,4522,古澤光紀,29,34,6.73,1,0.13
2026-03-20,11,02,2,3757,畑和宏,34,53,6.81,2,0.15
2026-03-20,11,03,3,4096,石橋道友,36,48,6.78,3,0.15
2026-03-20,11,04,5,5064,品川二千翔,33,61,6.75,5,0.17
2026-03-20,11,05,6,4381,田路朋史,75,37,6.74,6,0.16
2026-03-20,11,06,4,3981,今坂晃広,59,52,6.78,4,0.15
2026-03-20,12,01,1,4259,真庭明志,24,57,6.76,1,0.14
2026-03-20,12,02,2,4343,村岡賢,11,70,6.74,2,0.15
2026-03-20,12,03,3,4665,加藤啓太,37,16,6.8,3,0.17
2026-03-20,12,04,5,4552,杉山勝匡,23,32,6.68,5,0.16
2026-03-20,12,05,6,4693,松下誉士,53,68,6.8,6,0.23
2026-03-20,12,06,4,5308,藤森拓海,47,58,6.8,4,0.19
2026-03-21,1,01,1,4976,金山立樹,22,14,6.89,1,0.26
2026-03-21,1,02,4,4691,水原慎,27,69,6.87,3,0.13
2026-03-21,1,03,5,4248,岡本大,69,60,6.91,4,0.20
2026-03-21,1,04,6,4343,村岡賢,11,70,6.8,5,0.16
2026-03-21,1,05,3,3807,岡部哲,32,28,6.91,2,0.17
2026-03-21,1,06,2,4552,杉山勝匡,23,32,6.79,6,0.15
2026-03-21,2,01,1,4656,大崎翔,16,11,6.87,1,0.03
2026-03-21,2,02,5,4054,福嶋智之,58,38,6.84,5,0.08
2026-03-21,2,03,6,4009,小林一樹,21,21,6.81,6,0.12
2026-03-21,2,04,3,4259,真庭明志,24,57,6.85,4,0.07
2026-03-21,2,05,4,3574,大神康司,63,49,6.93,3,0.04
2026-03-21,2,06,2,4100,松田隆司,66,50,6.85,2,0.07
2026-03-21,3,01,1,4471,新田泰章,13,67,6.84,1,0.10
2026-03-21,3,02,4,3811,石田章央,18,33,6.83,5,0.16
2026-03-21,3,03,5,3737,上平真二,74,51,6.83,4,0.14
2026-03-21,3,04,3,3741,松尾基成,56,41,6.88,3,0.08
2026-03-21,3,05,6,4871,菊池宏志,41,74,6.75,6,0.14
2026-03-21,3,06,2,5308,藤森拓海,47,58,6.82,2,0.11
2026-03-21,4,01,1,3743,林美憲,40,72,6.75,1,0.20
2026-03-21,4,02,4,4991,宗行治哉,50,46,6.8,4,0.19
2026-03-21,4,03,2,4423,坂口貴彦,65,56,6.77,2,0.17
2026-03-21,4,04,3,3757,畑和宏,34,53,6.8,3,0.16
2026-03-21,4,05,5,5011,高木圭大,17,40,6.82,5,0.18
2026-03-21,4,06,6,5375,庄島潤成,25,73,6.79,6,0.18
2026-03-21,5,01,1,4953,尾上雅也,48,43,6.7,1,0.23
2026-03-21,5,02,2,5214,田中宏典,26,31,6.79,2,0.27
2026-03-21,5,03,4,5064,品川二千翔,33,61,6.79,4,0.19
2026-03-21,5,04,3,4809,外崎悟,60,23,6.75,3,0.23
2026-03-21,5,05,5,3922,菅沼佳昭,44,66,6.74,5,0.23
2026-03-21,5,06,6,5429,吉川颯汰,38,59,6.77,6,0.23
2026-03-21,6,01,1,4155,長野壮志郎,46,45,6.71,1,0.09
2026-03-21,6,02,3,5037,田頭虎親,43,54,6.74,3,0.13
2026-03-21,6,03,6,4096,石橋道友,36,48,6.76,6,0.12
2026-03-21,6,04,4,4381,田路朋史,75,37,6.76,4,0.12
2026-03-21,6,05,2,4104,木下陽介,64,55,6.8,2,0.11
2026-03-21,6,06,5,4665,加藤啓太,37,16,6.77,5,0.12
2026-03-21,7,01,1,4468,大池佑来,76,29,6.8,1,0.11
2026-03-21,7,02,2,3880,浅見宗孝,30,18,6.82,2,0.12
2026-03-21,7,03,5,3966,作間章,20,20,6.75,5,0.20
2026-03-21,7,04,4,4248,岡本大,69,60,6.84,4,0.16
2026-03-21,7,05,6,4866,橋本英一,71,27,6.81,6,0.23
2026-03-21,7,06,3,3981,今坂晃広,59,52,6.76,3,0.15
2026-03-21,8,01,3,4522,古澤光紀,29,34,6.77,3,0.12
2026-03-21,8,02,4,4452,松尾祭,35,78,6.84,4,0.19
2026-03-21,8,03,1,4693,松下誉士,53,68,6.79,1,0.16
2026-03-21,8,04,5,4263,武重雄介,73,15,6.86,5,0.16
2026-03-21,8,05,6,4691,水原慎,27,69,6.86,6,0.17
2026-03-21,8,06,2,5124,上瀧絢也,62,71,6.8,2,0.12
2026-03-21,9,01,1,4343,村岡賢,11,70,6.73,1,0.18
2026-03-21,9,02,3,3737,上平真二,74,51,6.81,3,0.14
2026-03-21,9,03,2,4976,金山立樹,22,14,6.81,2,0.18
2026-03-21,9,04,5,4423,坂口貴彦,65,56,6.79,5,0.11
2026-03-21,9,05,6,4656,大崎翔,16,11,6.85,6,0.14
2026-03-21,9,06,4,4809,外崎悟,60,23,6.78,4,0.13
2026-03-21,10,01,1,4009,小林一樹,21,21,6.74,1,0.10
2026-03-21,10,02,5,4953,尾上雅也,48,43,6.76,5,0.13
2026-03-21,10,03,6,3743,林美憲,40,72,6.81,4,0.16
2026-03-21,10,04,3,3811,石田章央,18,33,6.8,3,0.19
2026-03-21,10,05,2,4155,長野壮志郎,46,45,6.76,2,0.17
2026-03-21,10,06,4,4552,杉山勝匡,23,32,6.71,6,0.17
2026-03-21,11,01,1,4096,石橋道友,36,48,6.76,1,0.10
2026-03-21,11,02,2,4471,新田泰章,13,67,6.75,2,0.12
2026-03-21,11,03,5,4259,真庭明志,24,57,6.78,5,0.08
2026-03-21,11,04,3,4991,宗行治哉,50,46,6.82,3,0.17
2026-03-21,11,05,6,4468,大池佑来,76,29,6.83,6,0.10
2026-03-21,11,06,4,3807,岡部哲,32,28,6.83,4,0.12
2026-03-21,12,01,2,5037,田頭虎親,43,54,6.77,2,0.13
2026-03-21,12,02,1,3966,作間章,20,20,6.8,1,0.14
2026-03-21,12,03,6,4522,古澤光紀,29,34,6.78,6,0.16
2026-03-21,12,04,3,5214,田中宏典,26,31,6.85,3,0.18
2026-03-21,12,05,5,4100,松田隆司,66,50,6.85,5,0.19
2026-03-21,12,06,4,4871,菊池宏志,41,74,6.81,4,0.18
2026-03-22,1,01,4,3981,今坂晃広,59,52,6.89,4,0.08
2026-03-22,1,02,1,4423,坂口貴彦,65,56,6.84,1,0.12
2026-03-22,1,03,5,3880,浅見宗孝,30,18,6.91,5,0.12
2026-03-22,1,04,2,4656,大崎翔,16,11,6.91,2,0.15
2026-03-22,1,05,6,5429,吉川颯汰,38,59,6.79,6,0.11
2026-03-22,1,06,3,4100,松田隆司,66,50,6.89,3,0.14
2026-03-22,2,01,5,3757,畑和宏,34,53,6.84,5,0.05
2026-03-22,2,02,2,3922,菅沼佳昭,44,66,6.81,2,0.12
2026-03-22,2,03,1,4552,杉山勝匡,23,32,6.85,1,0.10
2026-03-22,2,04,6,5308,藤森拓海,47,58,6.87,6,0.07
2026-03-22,2,05,3,5124,上瀧絢也,62,71,6.87,3,0.15
2026-03-22,2,S1,4,4665,加藤啓太,37,16,6.88,4,0.16
2026-03-22,3,01,1,4691,水原慎,27,69,6.84,1,0.07
2026-03-22,3,02,4,5037,田頭虎親,43,54,6.82,4,0.18
2026-03-22,3,03,2,3574,大神康司,63,49,6.89,2,0.15
2026-03-22,3,04,3,5011,高木圭大,17,40,6.92,3,0.13
2026-03-22,3,05,6,4259,真庭明志,24,57,6.82,6,0.23
2026-03-22,3,06,5,4104,木下陽介,64,55,6.85,5,0.14
2026-03-22,4,01,2,4263,武重雄介,73,15,6.94,2,0.29
2026-03-22,4,02,1,3807,岡部哲,32,28,6.9,1,0.24
2026-03-22,4,03,3,4381,田路朋史,75,37,6.84,3,0.29
2026-03-22,4,04,6,5214,田中宏典,26,31,6.85,6,0.20
2026-03-22,4,05,4,3741,松尾基成,56,41,6.91,4,0.25
2026-03-22,4,06,5,5375,庄島潤成,25,73,6.82,5,0.28
2026-03-22,5,01,5,5064,品川二千翔,33,61,6.84,5,0.13
2026-03-22,5,02,4,3743,林美憲,40,72,6.83,4,0.08
2026-03-22,5,03,6,4976,金山立樹,22,14,6.83,6,0.09
2026-03-22,5,04,2,4054,福嶋智之,58,38,6.86,2,0.10
2026-03-22,5,05,1,4871,菊池宏志,41,74,6.81,1,0.12
2026-03-22,5,06,3,3981,今坂晃広,59,52,6.86,3,0.15
2026-03-22,6,01,1,4809,外崎悟,60,23,6.81,1,0.14
2026-03-22,6,02,3,4693,松下誉士,53,68,6.81,3,0.20
2026-03-22,6,03,2,4468,大池佑来,76,29,6.84,2,0.22
2026-03-22,6,04,5,5124,上瀧絢也,62,71,6.89,5,0.19
2026-03-22,6,05,6,4155,長野壮志郎,46,45,6.82,6,0.15
2026-03-22,6,06,4,4100,松田隆司,66,50,6.89,4,0.19
2026-03-22,7,01,1,3811,石田章央,18,33,6.83,1,0.17
2026-03-22,7,02,3,4452,松尾祭,35,78,6.92,3,0.26
2026-03-22,7,03,2,3757,畑和宏,34,53,6.84,2,0.19
2026-03-22,7,04,6,4866,橋本英一,71,27,6.84,6,0.26
2026-03-22,7,05,4,5011,高木圭大,17,40,6.92,4,0.24
2026-03-22,7,06,5,5429,吉川颯汰,38,59,6.82,5,0.29
2026-03-22,8,01,1,4991,宗行治哉,50,46,6.82,1,0.15
2026-03-22,8,02,5,3574,大神康司,63,49,6.9,2,0.16
2026-03-22,8,03,4,3880,浅見宗孝,30,18,6.93,5,0.07
2026-03-22,8,04,3,4104,木下陽介,64,55,6.85,4,0.08
2026-03-22,8,05,2,4665,加藤啓太,37,16,6.85,3,0.14
2026-03-22,8,S1,6,5375,庄島潤成,25,73,6.81,6,0.10
2026-03-22,9,01,1,4522,古澤光紀,29,34,6.78,1,0.23
2026-03-22,9,02,2,5064,品川二千翔,33,61,6.86,2,0.25
2026-03-22,9,03,6,3966,作間章,20,20,6.85,6,0.28
2026-03-22,9,04,3,4248,岡本大,69,60,6.99,3,0.33
2026-03-22,9,05,5,5037,田頭虎親,43,54,6.88,5,0.35
2026-03-22,9,06,4,4263,武重雄介,73,15,6.95,4,0.33
2026-03-22,10,01,1,4259,真庭明志,24,57,6.86,1,0.14
2026-03-22,10,02,2,3743,林美憲,40,72,6.84,2,0.15
2026-03-22,10,03,4,4155,長野壮志郎,46,45,6.84,4,0.14
2026-03-22,10,04,3,4423,坂口貴彦,65,56,6.87,3,0.17
2026-03-22,10,05,6,4552,杉山勝匡,23,32,6.84,6,0.11
2026-03-22,10,06,5,4809,外崎悟,60,23,6.89,5,0.14
2026-03-22,11,01,1,4096,石橋道友,36,48,6.81,1,0.07
2026-03-22,11,02,5,3737,上平真二,74,51,6.84,5,0.14
2026-03-22,11,03,6,4953,尾上雅也,48,43,6.8,6,0.12
2026-03-22,11,04,3,4343,村岡賢,11,70,6.8,3,0.17
2026-03-22,11,05,2,4009,小林一樹,21,21,6.8,2,0.10
2026-03-22,11,06,4,4471,新田泰章,13,67,6.82,4,0.14
2026-03-22,12,01,2,4991,宗行治哉,50,46,6.87,2,0.11
2026-03-22,12,02,3,3811,石田章央,18,33,6.89,3,0.09
2026-03-22,12,03,1,4976,金山立樹,22,14,6.87,1,0.20
2026-03-22,12,04,5,4468,大池佑来,76,29,6.91,5,0.12
2026-03-22,12,05,4,4656,大崎翔,16,11,6.89,4,0.11
2026-03-22,12,06,6,3807,岡部哲,32,28,6.96,6,0.16
2026-03-28,1,01,3,4152,深水慎一郎,62,30,6.85,3,0.10
2026-03-28,1,02,4,3843,上之晃弘,64,55,6.93,4,0.13
2026-03-28,1,03,2,5086,本村大,65,50,6.78,2,0.15
2026-03-28,1,04,1,4708,半田尚也,30,41,6.87,1,0.20
2026-03-28,1,05,6,3352,小川晃司,53,66,6.88,6,0.14
2026-03-28,1,06,5,4103,山崎善庸,36,72,6.96,5,0.16
2026-03-28,2,01,3,4873,蒲原健太,11,26,6.77,4,0.08
2026-03-28,2,02,6,3473,石川真二,35,24,6.92,2,0.06
2026-03-28,2,03,1,5054,佐々木大河,13,56,6.81,1,0.03
2026-03-28,2,04,4,3933,山地正樹,60,43,6.87,3,0.09
2026-03-28,2,05,2,3564,桑原啓,33,19,6.85,5,0.12
2026-03-28,2,06,5,5428,古園井綾南,44,77,6.83,6,0.37
2026-03-28,3,01,1,4329,小松卓司,41,33,6.86,1,0.14
2026-03-28,3,02,3,5087,佐藤航,71,29,6.84,3,0.14
2026-03-28,3,03,4,4164,岩永節也,15,70,6.85,4,0.17
2026-03-28,3,04,5,2538,高橋二朗,18,23,6.89,5,0.14
2026-03-28,3,05,2,5026,安河内健,52,32,6.88,2,0.20
2026-03-28,3,06,6,5310,土屋蘭,58,78,6.84,6,0.16
2026-03-28,4,01,4,4994,山本梨菜,59,69,6.76,4,0.16
2026-03-28,4,02,5,4676,後藤隼之,22,22,6.88,5,0.14
2026-03-28,4,03,2,3621,天野晶夫,46,74,6.84,2,0.18
2026-03-28,4,04,3,4555,富永大一,39,36,6.84,3,0.19
2026-03-28,4,05,6,4023,柴田友和,16,25,6.85,6,0.17
2026-03-28,4,S1,1,3054,北川幸典,38,54,6.79,1,0.20
2026-03-28,5,01,3,5092,篠原晟弥,29,12,6.81,4,0.14
2026-03-28,5,02,2,4895,門間雄大,24,21,6.87,3,0.11
2026-03-28,5,03,6,3822,平尾崇典,25,53,6.83,2,0.21
2026-03-28,5,04,4,4949,横田貴満,26,11,6.84,5,0.15
2026-03-28,5,05,1,3860,松本浩貴,48,47,6.82,1,0.29
2026-03-28,5,06,5,5342,原村百那,47,62,6.8,6,0.15
2026-03-28,6,01,4,4503,上野真之介,17,27,6.87,4,0.13
2026-03-28,6,02,5,4958,溝口海義也,34,59,6.8,5,0.18
2026-03-28,6,03,1,4782,浜崎準也,27,51,6.85,1,0.22
2026-03-28,6,04,6,3776,横井健太,12,75,6.88,6,0.21
2026-03-28,6,05,2,4103,山崎善庸,36,72,6.9,2,0.23
2026-03-28,6,06,3,5376,吉田一心,28,68,6.85,3,0.15
2026-03-28,7,01,1,4535,北山康介,74,52,6.8,1,0.13
2026-03-28,7,02,4,3629,浅見昌克,43,63,6.8,4,0.11
2026-03-28,7,03,2,4572,渡部悟,63,60,6.88,2,0.15
2026-03-28,7,04,3,3564,桑原啓,33,19,6.81,3,0.14
2026-03-28,7,05,6,5409,宮本琉正,50,61,6.85,6,0.10
2026-03-28,7,06,5,4708,半田尚也,30,41,6.87,5,0.15
2026-03-28,8,01,1,3933,山地正樹,60,43,6.81,1,0.17
2026-03-28,8,02,2,4515,藤田浩人,49,40,6.78,2,0.15
2026-03-28,8,03,3,3848,川上聡介,20,17,6.8,3,0.16
2026-03-28,8,04,6,3352,小川晃司,53,66,6.81,6,0.14
2026-03-28,8,05,5,5049,松井友汰,69,45,6.82,5,0.24
2026-03-28,8,06,4,2538,高橋二朗,18,23,6.83,4,0.33
2026-03-28,9,01,1,4014,片岡恵里,21,18,6.74,1,0.15
2026-03-28,9,02,3,5310,土屋蘭,58,78,6.83,3,0.06
2026-03-28,9,03,2,5291,三嶌こころ,40,49,6.78,2,0.13
2026-03-28,9,04,4,5123,福山恵里奈,66,35,6.83,4,0.00
2026-03-28,9,05,5,5438,星田夢結,14,15,6.83,5,0.02
2026-03-28,9,06,6,5428,古園井綾南,44,77,6.83,6,0.09
2026-03-28,10,01,1,5092,篠原晟弥,29,12,6.8,1,0.14
2026-03-28,10,02,2,4345,西舘健,23,58,6.85,2,0.19
2026-03-28,10,03,3,3843,上之晃弘,64,55,6.87,3,0.31
2026-03-28,10,04,4,3054,北川幸典,38,54,6.81,4,0.37
2026-03-28,10,05,6,4873,蒲原健太,11,26,6.72,6,0.47
2026-03-28,10,06,5,4329,小松卓司,41,33,6.85,5,0.47
2026-03-28,11,01,1,4949,横田貴満,26,11,6.82,1,0.16
2026-03-28,11,02,2,4958,溝口海義也,34,59,6.74,2,0.14
2026-03-28,11,03,3,3621,天野晶夫,46,74,6.84,3,0.12
2026-03-28,11,04,6,5087,佐藤航,71,29,6.82,5,0.06
2026-03-28,11,05,4,5054,佐々木大河,13,56,6.76,4,0.09
2026-03-28,11,06,5,4152,深水慎一郎,62,30,6.79,6,0.10
2026-03-28,12,01,1,4503,上野真之介,17,27,6.81,1,0.11
2026-03-28,12,02,3,4994,山本梨菜,59,69,6.74,3,0.17
2026-03-28,12,03,2,3473,石川真二,35,24,6.87,2,0.17
2026-03-28,12,04,5,4535,北山康介,74,52,6.84,5,0.26
2026-03-28,12,05,4,3822,平尾崇典,25,53,6.8,4,0.26
2026-03-28,12,06,6,5026,安河内健,52,32,6.85,6,0.31
2026-03-29,1,01,1,4164,岩永節也,15,70,6.88,1,0.19
2026-03-29,1,02,6,3860,松本浩貴,48,47,6.85,4,0.13
2026-03-29,1,03,3,5086,本村大,65,50,6.82,3,0.18
2026-03-29,1,04,2,2538,高橋二朗,18,23,6.94,2,0.37
2026-03-29,1,05,5,5438,星田夢結,14,15,6.89,6,0.04
2026-03-29,1,06,4,5409,宮本琉正,50,61,6.88,5,0.02
2026-03-29,2,01,3,4345,西舘健,23,58,6.9,3,0.07
2026-03-29,2,02,1,3776,横井健太,12,75,6.91,1,0.20
2026-03-29,2,03,4,4708,半田尚也,30,41,6.96,4,0.16
2026-03-29,2,04,2,4555,富永大一,39,36,6.92,2,0.18
2026-03-29,2,05,5,4782,浜崎準也,27,51,6.9,5,0.19
2026-03-29,2,06,6,5342,原村百那,47,62,6.87,6,0.17
2026-03-29,3,01,1,4676,後藤隼之,22,22,6.96,1,0.09
2026-03-29,3,02,4,3848,川上聡介,20,17,6.98,4,0.13
2026-03-29,3,03,6,5049,松井友汰,69,45,6.92,5,0.22
2026-03-29,3,04,3,4895,門間雄大,24,21,6.93,3,0.12
2026-03-29,3,05,2,4329,小松卓司,41,33,6.92,2,0.12
2026-03-29,3,06,5,5428,古園井綾南,44,77,6.86,6,0.33
2026-03-29,4,01,1,3629,浅見昌克,43,63,6.89,1,0.10
2026-03-29,4,02,2,5123,福山恵里奈,66,35,6.93,2,0.15
2026-03-29,4,03,3,4023,柴田友和,16,25,6.96,3,0.17
2026-03-29,4,04,5,4949,横田貴満,26,11,6.87,5,0.14
2026-03-29,4,05,4,5376,吉田一心,28,68,6.92,4,0.16
2026-03-29,4,06,6,3564,桑原啓,33,19,6.86,6,0.17
2026-03-29,5,01,4,3473,石川真二,35,24,6.93,1,0.07
2026-03-29,5,02,3,4515,藤田浩人,49,40,6.87,4,0.22
2026-03-29,5,03,1,5310,土屋蘭,58,78,6.84,2,0.10
2026-03-29,5,04,6,3352,小川晃司,53,66,6.94,6,0.14
2026-03-29,5,05,2,3843,上之晃弘,64,55,6.96,3,0.17
2026-03-29,5,06,5,5291,三嶌こころ,40,49,6.89,5,0.27
2026-03-29,6,01,3,3054,北川幸典,38,54,6.83,3,0.13
2026-03-29,6,02,5,5026,安河内健,52,32,6.93,5,0.13
2026-03-29,6,03,2,4164,岩永節也,15,70,6.84,2,0.16
2026-03-29,6,04,4,5342,原村百那,47,62,6.83,4,0.11
2026-03-29,6,05,1,4572,渡部悟,63,60,6.92,1,0.21
2026-03-29,6,06,6,4103,山崎善庸,36,72,6.97,6,0.17
2026-03-29,7,01,1,3822,平尾崇典,25,53,6.8,1,0.14
2026-03-29,7,02,3,4014,片岡恵里,21,18,6.79,3,0.08
2026-03-29,7,03,2,5054,佐々木大河,13,56,6.81,2,0.12
2026-03-29,7,04,5,4895,門間雄大,24,21,6.87,5,0.06
2026-03-29,7,05,4,4782,浜崎準也,27,51,6.83,4,0.05
2026-03-29,7,06,6,5438,星田夢結,14,15,6.85,6,0.09
2026-03-29,8,01,1,4152,深水慎一郎,62,30,6.84,1,0.07
2026-03-29,8,02,3,3860,松本浩貴,48,47,6.82,3,0.14
2026-03-29,8,03,4,4958,溝口海義也,34,59,6.77,4,0.10
2026-03-29,8,04,6,4535,北山康介,74,52,6.85,6,0.15
2026-03-29,8,05,2,4873,蒲原健太,11,26,6.79,2,0.10
2026-03-29,8,06,5,5123,福山恵里奈,66,35,6.82,5,0.09
2026-03-29,9,01,6,4503,上野真之介,17,27,6.83,5,0.08
2026-03-29,9,02,1,3848,川上聡介,20,17,6.82,1,0.13
2026-03-29,9,03,4,5310,土屋蘭,58,78,6.82,4,0.10
2026-03-29,9,04,3,3776,横井健太,12,75,6.87,3,0.17
2026-03-29,9,05,5,5409,宮本琉正,50,61,6.85,6,0.07
2026-03-29,9,06,2,4023,柴田友和,16,25,6.88,2,0.19
2026-03-29,10,01,1,5087,佐藤航,71,29,6.81,1,0.11
2026-03-29,10,02,2,4994,山本梨菜,59,69,6.77,2,0.15
2026-03-29,10,03,3,3933,山地正樹,60,43,6.85,3,0.16
2026-03-29,10,04,5,5092,篠原晟弥,29,12,6.82,4,0.17
2026-03-29,10,05,6,3621,天野晶夫,46,74,6.88,5,0.21
2026-03-29,10,06,4,5291,三嶌こころ,40,49,6.84,6,0.27
2026-03-29,11,01,3,4676,後藤隼之,22,22,6.91,3,0.09
2026-03-29,11,02,6,4345,西舘健,23,58,6.91,6,0.14
2026-03-29,11,03,4,5086,本村大,65,50,6.76,4,0.12
2026-03-29,11,04,1,3473,石川真二,35,24,6.86,1,0.08
2026-03-29,11,05,5,4572,渡部悟,63,60,6.9,5,0.11
2026-03-29,11,06,2,4949,横田貴満,26,11,6.85,2,0.17
2026-03-29,12,01,2,5049,松井友汰,69,45,6.86,2,0.20
2026-03-29,12,02,1,5026,安河内健,52,32,6.84,1,0.17
2026-03-29,12,03,6,4555,富永大一,39,36,6.86,6,0.12
2026-03-29,12,04,5,4515,藤田浩人,49,40,6.83,5,0.09
2026-03-29,12,05,3,3629,浅見昌克,43,63,6.84,3,0.12
2026-03-29,12,06,4,4014,片岡恵里,21,18,6.75,4,0.10
2026-03-30,1,01,2,3054,北川幸典,38,54,6.82,2,0.27
2026-03-30,1,02,3,3564,桑原啓,33,19,6.87,3,0.28
2026-03-30,1,03,1,2538,高橋二朗,18,23,6.85,1,0.23
2026-03-30,1,04,5,5342,原村百那,47,62,6.83,5,0.27
2026-03-30,1,05,6,4329,小松卓司,41,33,6.88,6,0.37
2026-03-30,1,06,4,3860,松本浩貴,48,47,6.85,4,0.27
2026-03-30,2,01,6,4152,深水慎一郎,62,30,6.85,5,0.05
2026-03-30,2,02,1,3843,上之晃弘,64,55,6.85,1,0.06
2026-03-30,2,03,4,4023,柴田友和,16,25,6.92,4,0.15
2026-03-30,2,04,3,4103,山崎善庸,36,72,6.91,3,0.14
2026-03-30,2,05,2,4782,浜崎準也,27,51,6.84,2,0.07
2026-03-30,2,06,5,5428,古園井綾南,44,77,6.83,6,0.09
2026-03-30,3,01,5,3933,山地正樹,60,43,6.89,2,0.12
2026-03-30,3,02,1,5376,吉田一心,28,68,6.88,1,0.22
2026-03-30,3,03,6,3352,小川晃司,53,66,6.94,6,0.16
2026-03-30,3,04,2,3776,横井健太,12,75,6.95,3,0.16
2026-03-30,3,05,3,5123,福山恵里奈,66,35,6.92,4,0.16
2026-03-30,3,06,4,5086,本村大,65,50,6.81,5,0.18
2026-03-30,4,01,2,5092,篠原晟弥,29,12,6.84,2,0.14
2026-03-30,4,02,1,4895,門間雄大,24,21,6.88,1,0.23
2026-03-30,4,03,4,4535,北山康介,74,52,6.89,4,0.13
2026-03-30,4,04,6,4014,片岡恵里,21,18,6.81,5,0.15
2026-03-30,4,05,3,4164,岩永節也,15,70,6.86,3,0.10
2026-03-30,4,06,5,5438,星田夢結,14,15,6.88,6,0.19
2026-03-30,5,01,2,3629,浅見昌克,43,63,6.86,2,0.08
2026-03-30,5,02,1,3621,天野晶夫,46,74,6.9,1,0.10
2026-03-30,5,03,5,4503,上野真之介,17,27,6.89,5,0.18
2026-03-30,5,04,3,4708,半田尚也,30,41,6.97,3,0.15
2026-03-30,5,05,4,5049,松井友汰,69,45,6.84,4,0.19
2026-03-30,5,06,6,5291,三嶌こころ,40,49,6.85,6,0.25
2026-03-30,6,01,1,4515,藤田浩人,49,40,6.92,1,0.17
2026-03-30,6,02,5,4994,山本梨菜,59,69,6.82,5,0.14
2026-03-30,6,03,3,5054,佐々木大河,13,56,6.87,3,0.20
2026-03-30,6,04,6,4572,渡部悟,63,60,6.98,6,0.11
2026-03-30,6,05,2,4676,後藤隼之,22,22,6.94,2,0.17
2026-03-30,6,06,4,3564,桑原啓,33,19,6.91,4,0.16
2026-03-30,7,01,1,4958,溝口海義也,34,59,6.8,1,0.09
2026-03-30,7,02,5,4555,富永大一,39,36,6.93,5,0.18
2026-03-30,7,03,3,2538,高橋二朗,18,23,6.89,3,0.17
2026-03-30,7,04,4,5026,安河内健,52,32,6.96,4,0.15
2026-03-30,7,05,2,4103,山崎善庸,36,72,6.97,2,0.15
2026-03-30,7,06,6,5123,福山恵里奈,66,35,6.91,6,0.21
2026-03-30,8,01,1,4873,蒲原健太,11,26,6.81,1,0.17
2026-03-30,8,02,2,3822,平尾崇典,25,53,6.87,2,0.12
2026-03-30,8,03,6,3352,小川晃司,53,66,6.89,6,0.14
2026-03-30,8,04,4,5409,宮本琉正,50,61,6.89,5,0.14
2026-03-30,8,05,3,4949,横田貴満,26,11,6.88,3,0.14
2026-03-30,8,06,5,3054,北川幸典,38,54,6.81,4,0.32
2026-03-30,9,01,1,4345,西舘健,23,58,6.93,1,0.12
2026-03-30,9,02,2,3848,川上聡介,20,17,6.9,3,0.10
2026-03-30,9,03,5,3473,石川真二,35,24,6.91,2,0.13
2026-03-30,9,04,4,5087,佐藤航,71,29,6.87,5,0.19
2026-03-30,9,05,3,4329,小松卓司,41,33,6.92,4,0.17
2026-03-30,9,06,6,4708,半田尚也,30,41,6.97,6,0.27
2026-03-30,10,01,1,4994,山本梨菜,59,69,6.81,1,0.21
2026-03-30,10,02,3,5291,三嶌こころ,40,49,6.85,3,0.20
2026-03-30,10,03,2,4014,片岡恵里,21,18,6.8,2,0.19
2026-03-30,10,04,5,5310,土屋蘭,58,78,6.85,5,0.15
2026-03-30,10,05,4,5342,原村百那,47,62,6.84,4,0.17
2026-03-30,10,06,6,5428,古園井綾南,44,77,6.85,6,0.11
2026-03-30,11,01,1,4535,北山康介,74,52,6.84,1,0.24
2026-03-30,11,02,2,3933,山地正樹,60,43,6.9,2,0.21
2026-03-30,11,03,6,5054,佐々木大河,13,56,6.85,6,0.22
2026-03-30,11,04,3,4958,溝口海義也,34,59,6.78,3,0.18
2026-03-30,11,05,4,3621,天野晶夫,46,74,6.9,4,0.21
2026-03-30,11,06,5,3843,上之晃弘,64,55,6.89,5,0.20
2026-03-30,12,01,1,4503,上野真之介,17,27,6.87,1,0.09
2026-03-30,12,02,4,4873,蒲原健太,11,26,6.81,3,0.09
2026-03-30,12,03,6,5092,篠原晟弥,29,12,6.89,6,0.01
2026-03-30,12,04,5,5376,吉田一心,28,68,6.91,5,0.07
2026-03-30,12,05,3,4572,渡部悟,63,60,6.93,4,0.09
2026-03-30,12,06,2,4152,深水慎一郎,62,30,6.94,2,0.15
2026-03-31,1,01,1,5086,本村大,65,50,6.75,1,0.28
2026-03-31,1,02,4,4164,岩永節也,15,70,6.78,4,0.20
2026-03-31,1,03,3,3621,天野晶夫,46,74,6.81,3,0.18
2026-03-31,1,04,6,4782,浜崎準也,27,51,6.81,6,0.19
2026-03-31,1,05,5,5409,宮本琉正,50,61,6.87,5,0.15
2026-03-31,1,S1,2,5376,吉田一心,28,68,6.8,2,0.19
2026-03-31,2,01,6,3848,川上聡介,20,17,6.83,5,0.11
2026-03-31,2,02,2,5310,土屋蘭,58,78,6.8,2,0.18
2026-03-31,2,03,5,5438,星田夢結,14,15,6.86,6,0.14
2026-03-31,2,04,1,4103,山崎善庸,36,72,6.89,1,0.19
2026-03-31,2,05,3,5049,松井友汰,69,45,6.87,3,0.18
2026-03-31,2,06,4,2538,高橋二朗,18,23,6.85,4,0.19
2026-03-31,3,01,4,5092,篠原晟弥,29,12,6.74,4,0.11
2026-03-31,3,02,3,3860,松本浩貴,48,47,6.78,3,0.08
2026-03-31,3,03,6,4676,後藤隼之,22,22,6.83,5,0.09
2026-03-31,3,04,2,4535,北山康介,74,52,6.81,2,0.16
2026-03-31,3,05,1,5123,福山恵里奈,66,35,6.81,1,0.21
2026-03-31,3,06,5,5428,古園井綾南,44,77,6.77,6,0.15
2026-03-31,4,01,4,3629,浅見昌克,43,63,6.83,4,0.10
2026-03-31,4,02,5,3822,平尾崇典,25,53,6.78,5,0.06
2026-03-31,4,03,3,4014,片岡恵里,21,18,6.72,3,0.09
2026-03-31,4,04,6,4895,門間雄大,24,21,6.79,6,0.06
2026-03-31,4,05,2,4708,半田尚也,30,41,6.84,2,0.21
2026-03-31,4,06,1,4023,柴田友和,16,25,6.81,1,0.23
2026-03-31,5,01,4,5087,佐藤航,71,29,6.82,4,0.22
2026-03-31,5,02,1,5291,三嶌こころ,40,49,6.81,1,0.22
2026-03-31,5,03,2,4329,小松卓司,41,33,6.89,2,0.21
2026-03-31,5,04,3,4555,富永大一,39,36,6.84,3,0.23
2026-03-31,5,05,6,4949,横田貴満,26,11,6.83,5,0.24
2026-03-31,5,L0,5,5376,吉田一心,28,68,6.84,,.
2026-03-31,6,01,5,4345,西舘健,23,58,6.79,5,0.14
2026-03-31,6,02,1,3564,桑原啓,33,19,6.75,1,0.19
2026-03-31,6,03,2,4503,上野真之介,17,27,6.79,2,0.18
2026-03-31,6,04,4,3843,上之晃弘,64,55,6.82,4,0.19
2026-03-31,6,05,3,3776,横井健太,12,75,6.86,3,0.27
2026-03-31,6,06,6,5438,星田夢結,14,15,6.77,6,0.23
2026-03-31,7,01,2,4515,藤田浩人,49,40,6.77,2,0.04
2026-03-31,7,02,4,3054,北川幸典,38,54,6.77,4,0.07
2026-03-31,7,03,3,3848,川上聡介,20,17,6.81,3,0.05
2026-03-31,7,04,1,3473,石川真二,35,24,6.84,1,0.08
2026-03-31,7,05,5,4164,岩永節也,15,70,6.79,5,0.16
2026-03-31,7,06,6,5342,原村百那,47,62,6.76,6,0.19
2026-03-31,8,01,1,5049,松井友汰,69,45,6.8,1,0.19
2026-03-31,8,02,5,5054,佐々木大河,13,56,6.76,5,0.19
2026-03-31,8,03,6,3352,小川晃司,53,66,6.85,6,0.14
2026-03-31,8,04,2,3860,松本浩貴,48,47,6.74,2,0.22
2026-03-31,8,05,3,4023,柴田友和,16,25,6.84,3,0.19
2026-03-31,8,06,4,4994,山本梨菜,59,69,6.75,4,0.24
2026-03-31,9,01,1,4555,富永大一,39,36,6.79,1,0.07
2026-03-31,9,02,5,3629,浅見昌克,43,63,6.79,5,0.09
2026-03-31,9,03,2,4152,深水慎一郎,62,30,6.8,2,0.04
2026-03-31,9,04,4,3933,山地正樹,60,43,6.8,3,0.04
2026-03-31,9,05,6,5409,宮本琉正,50,61,6.82,6,0.07
2026-03-31,9,06,3,4572,渡部悟,63,60,6.85,4,0.19
2026-03-31,10,01,1,4949,横田貴満,26,11,6.78,1,0.11
2026-03-31,10,02,2,4345,西舘健,23,58,6.81,2,0.09
2026-03-31,10,03,5,4873,蒲原健太,11,26,6.74,5,0.18
2026-03-31,10,04,4,4895,門間雄大,24,21,6.82,4,0.13
2026-03-31,10,05,6,4958,溝口海義也,34,59,6.73,6,0.17
2026-03-31,10,06,3,4782,浜崎準也,27,51,6.82,3,0.09
2026-03-31,11,01,1,3822,平尾崇典,25,53,6.74,1,0.12
2026-03-31,11,02,2,5087,佐藤航,71,29,6.78,2,0.07
2026-03-31,11,03,6,4515,藤田浩人,49,40,6.76,6,0.14
2026-03-31,11,04,3,4676,後藤隼之,22,22,6.83,3,0.08
2026-03-31,11,05,5,5086,本村大,65,50,6.73,5,0.16
2026-03-31,11,06,4,3776,横井健太,12,75,6.86,4,0.16
2026-03-31,12,01,1,4014,片岡恵里,21,18,6.71,1,0.09
2026-03-31,12,02,3,4994,山本梨菜,59,69,6.75,3,0.04
2026-03-31,12,03,2,5291,三嶌こころ,40,49,6.77,2,0.14
2026-03-31,12,04,5,5310,土屋蘭,58,78,6.81,5,0.02
2026-03-31,12,05,6,5428,古園井綾南,44,77,6.8,6,0.20
2026-03-31,12,F,4,5342,原村百那,47,62,6.78,4,F0.01
2026-04-01,1,01,1,4676,後藤隼之,22,22,6.84,1,0.08
2026-04-01,1,02,5,4023,柴田友和,16,25,6.93,5,0.16
2026-04-01,1,03,4,4895,門間雄大,24,21,6.92,4,0.11
2026-04-01,1,04,3,3843,上之晃弘,64,55,6.9,3,0.08
2026-04-01,1,05,2,3776,横井健太,12,75,6.9,2,0.09
2026-04-01,1,06,6,3054,北川幸典,38,54,6.85,6,0.18
2026-04-01,2,01,1,4152,深水慎一郎,62,30,6.82,1,0.17
2026-04-01,2,02,3,4535,北山康介,74,52,6.81,3,0.18
2026-04-01,2,03,4,5092,篠原晟弥,29,12,6.75,4,0.19
2026-04-01,2,04,6,3352,小川晃司,53,66,6.87,6,0.13
2026-04-01,2,05,5,3621,天野晶夫,46,74,6.83,5,0.13
2026-04-01,2,06,2,5087,佐藤航,71,29,6.8,2,0.14
2026-04-01,3,01,3,3822,平尾崇典,25,53,6.77,3,0.15
2026-04-01,3,02,1,4555,富永大一,39,36,6.78,1,0.12
2026-04-01,3,03,6,3933,山地正樹,60,43,6.85,4,0.19
2026-04-01,3,04,4,4708,半田尚也,30,41,6.91,5,0.16
2026-04-01,3,05,2,3848,川上聡介,20,17,6.79,2,0.14
2026-04-01,3,06,5,5438,星田夢結,14,15,6.85,6,0.20
2026-04-01,4,01,2,4958,溝口海義也,34,59,6.76,2,0.08
2026-04-01,4,02,5,4503,上野真之介,17,27,6.82,5,0.08
2026-04-01,4,03,3,5310,土屋蘭,58,78,6.8,3,0.04
2026-04-01,4,04,1,4873,蒲原健太,11,26,6.71,1,0.17
2026-04-01,4,05,4,3564,桑原啓,33,19,6.79,4,0.12
2026-04-01,4,06,6,2538,高橋二朗,18,23,6.83,6,0.08
2026-04-01,5,01,1,3629,浅見昌克,43,63,6.82,1,0.16
2026-04-01,5,02,3,3473,石川真二,35,24,6.91,2,0.20
2026-04-01,5,03,2,5123,福山恵里奈,66,35,6.84,3,0.25
2026-04-01,5,04,4,4345,西舘健,23,58,6.88,4,0.25
2026-04-01,5,05,6,4164,岩永節也,15,70,6.86,6,0.29
2026-04-01,5,06,5,3860,松本浩貴,48,47,6.83,5,0.37
2026-04-01,6,01,1,4515,藤田浩人,49,40,6.82,1,0.12
2026-04-01,6,02,2,4014,片岡恵里,21,18,6.74,2,0.15
2026-04-01,6,03,6,5086,本村大,65,50,6.71,6,0.17
2026-04-01,6,04,3,3054,北川幸典,38,54,6.77,3,0.18
2026-04-01,6,05,4,4949,横田貴満,26,11,6.82,4,0.24
2026-04-01,6,06,5,5409,宮本琉正,50,61,6.85,5,0.15
2026-04-01,7,01,1,4994,山本梨菜,59,69,6.75,1,0.10
2026-04-01,7,02,3,5054,佐々木大河,13,56,6.8,3,0.14
2026-04-01,7,03,4,4329,小松卓司,41,33,6.8,4,0.29
2026-04-01,7,04,6,5376,吉田一心,28,68,6.86,6,0.24
2026-04-01,7,05,2,4782,浜崎準也,27,51,6.8,2,0.13
2026-04-01,7,06,5,5428,古園井綾南,44,77,6.79,5,0.18
2026-04-01,8,01,1,4572,渡部悟,63,60,6.83,1,0.18
2026-04-01,8,02,2,3621,天野晶夫,46,74,6.81,2,0.19
2026-04-01,8,03,3,5049,松井友汰,69,45,6.85,3,0.17
2026-04-01,8,04,5,3843,上之晃弘,64,55,6.84,5,0.16
2026-04-01,8,05,6,5342,原村百那,47,62,6.82,6,0.17
2026-04-01,8,06,4,5291,三嶌こころ,40,49,6.82,4,0.19
2026-04-01,9,01,1,5092,篠原晟弥,29,12,6.73,1,0.02
2026-04-01,9,02,6,4873,蒲原健太,11,26,6.76,4,0.12
2026-04-01,9,03,4,3933,山地正樹,60,43,6.84,3,0.09
2026-04-01,9,04,2,3629,浅見昌克,43,63,6.81,2,0.12
2026-04-01,9,05,3,3848,川上聡介,20,17,6.8,5,0.13
2026-04-01,9,06,5,4152,深水慎一郎,62,30,6.82,6,0.11
2026-04-01,10,01,1,4503,上野真之介,17,27,6.83,1,0.01
2026-04-01,10,02,2,3822,平尾崇典,25,53,6.8,3,0.01
2026-04-01,10,03,3,5087,佐藤航,71,29,6.78,4,0.08
2026-04-01,10,04,4,4676,後藤隼之,22,22,6.84,5,0.18
2026-04-01,10,05,6,4014,片岡恵里,21,18,6.72,6,0.16
2026-04-01,10,06,5,3473,石川真二,35,24,6.89,2,0.03
2026-04-01,11,01,1,4345,西舘健,23,58,6.84,1,0.08
2026-04-01,11,02,3,4994,山本梨菜,59,69,6.77,3,0.15
2026-04-01,11,03,2,4515,藤田浩人,49,40,6.74,2,0.19
2026-04-01,11,04,5,4958,溝口海義也,34,59,6.73,5,0.12
2026-04-01,11,05,6,4555,富永大一,39,36,6.78,6,0.17
2026-04-01,11,06,4,4535,北山康介,74,52,6.84,4,0.14
2026-04-01,12,01,1,5054,佐々木大河,13,56,6.78,1,0.05
2026-04-01,12,02,6,3352,小川晃司,53,66,6.83,6,0.19
2026-04-01,12,03,5,3564,桑原啓,33,19,6.81,5,0.19
2026-04-01,12,04,4,4572,渡部悟,63,60,6.9,4,0.10
2026-04-01,12,05,2,4164,岩永節也,15,70,6.8,2,0.05
2026-04-01,12,06,3,5086,本村大,65,50,6.74,3,0.11
2026-04-02,1,01,1,3843,上之晃弘,64,55,6.8,1,0.06
2026-04-02,1,02,3,4329,小松卓司,41,33,6.84,3,0.05
2026-04-02,1,03,2,4895,門間雄大,24,21,6.82,2,0.08
2026-04-02,1,04,5,4676,後藤隼之,22,22,6.85,4,0.10
2026-04-02,1,05,4,5376,吉田一心,28,68,6.85,5,0.18
2026-04-02,1,06,6,5438,星田夢結,14,15,6.85,6,0.16
2026-04-02,2,01,2,4708,半田尚也,30,41,6.91,2,0.13
2026-04-02,2,02,3,4152,深水慎一郎,62,30,6.81,3,0.07
2026-04-02,2,03,1,3933,山地正樹,60,43,6.84,1,0.13
2026-04-02,2,04,4,3776,横井健太,12,75,6.89,4,0.14
2026-04-02,2,05,5,5123,福山恵里奈,66,35,6.82,5,0.03
2026-04-02,2,F,6,5409,宮本琉正,50,61,6.89,6,F0.01
2026-04-02,3,01,6,3629,浅見昌克,43,63,6.91,4,0.04
2026-04-02,3,02,5,5049,松井友汰,69,45,6.87,5,0.07
2026-04-02,3,03,2,3054,北川幸典,38,54,6.82,2,0.19
2026-04-02,3,04,4,4023,柴田友和,16,25,6.94,6,0.09
2026-04-02,3,05,1,4164,岩永節也,15,70,6.86,1,0.16
2026-04-02,3,06,3,2538,高橋二朗,18,23,6.88,3,0.23
2026-04-02,4,01,1,5086,本村大,65,50,6.74,1,0.20
2026-04-02,4,02,4,3621,天野晶夫,46,74,6.83,4,0.07
2026-04-02,4,03,3,4782,浜崎準也,27,51,6.85,3,0.08
2026-04-02,4,04,6,3352,小川晃司,53,66,6.89,6,0.20
2026-04-02,4,05,5,5087,佐藤航,71,29,6.8,5,0.10
2026-04-02,4,06,2,4555,富永大一,39,36,6.81,2,0.10
2026-04-02,5,01,1,3848,川上聡介,20,17,6.87,1,0.06
2026-04-02,5,02,3,5376,吉田一心,28,68,6.91,3,0.11
2026-04-02,5,03,6,4515,藤田浩人,49,40,6.8,6,0.12
2026-04-02,5,04,5,5291,三嶌こころ,40,49,6.87,5,0.16
2026-04-02,5,05,4,3860,松本浩貴,48,47,6.87,4,0.21
2026-04-02,5,06,2,3564,桑原啓,33,19,6.85,2,0.11
2026-04-02,6,01,4,3843,上之晃弘,64,55,6.9,4,0.09
2026-04-02,6,02,1,3473,石川真二,35,24,6.89,1,0.21
2026-04-02,6,03,5,5409,宮本琉正,50,61,6.94,5,0.06
2026-04-02,6,04,2,5310,土屋蘭,58,78,6.9,2,0.27
2026-04-02,6,05,3,4014,片岡恵里,21,18,6.79,3,0.27
2026-04-02,6,06,6,5428,古園井綾南,44,77,6.82,6,0.06
2026-04-02,7,01,1,4535,北山康介,74,52,6.83,1,0.15
2026-04-02,7,02,4,4708,半田尚也,30,41,6.96,4,0.09
2026-04-02,7,03,2,4023,柴田友和,16,25,6.89,2,0.16
2026-04-02,7,04,5,5438,星田夢結,14,15,6.91,5,0.16
2026-04-02,7,05,3,4949,横田貴満,26,11,6.85,3,0.13
2026-04-02,7,06,6,5342,原村百那,47,62,6.82,6,0.11
2026-04-02,8,01,1,4958,溝口海義也,34,59,6.74,1,0.15
2026-04-02,8,02,6,5086,本村大,65,50,6.77,6,0.08
2026-04-02,8,03,2,2538,高橋二朗,18,23,6.88,2,0.20
2026-04-02,8,04,5,4572,渡部悟,63,60,6.96,5,0.13
2026-04-02,8,05,4,4329,小松卓司,41,33,6.89,4,0.29
2026-04-02,8,06,3,5123,福山恵里奈,66,35,6.87,3,0.18
2026-04-02,9,01,1,5049,松井友汰,69,45,6.85,1,0.14
2026-04-02,9,02,4,5054,佐々木大河,13,56,6.76,4,0.14
2026-04-02,9,03,3,4895,門間雄大,24,21,6.87,3,0.21
2026-04-02,9,04,2,3860,松本浩貴,48,47,6.81,2,0.23
2026-04-02,9,05,5,4782,浜崎準也,27,51,6.87,5,0.20
2026-04-02,9,06,6,4164,岩永節也,15,70,6.85,6,0.19
2026-04-02,10,01,1,4515,藤田浩人,49,40,6.78,1,0.19
2026-04-02,10,02,3,4676,後藤隼之,22,22,6.87,3,0.19
2026-04-02,10,03,5,4555,富永大一,39,36,6.82,5,0.20
2026-04-02,10,04,2,3629,浅見昌克,43,63,6.82,2,0.20
2026-04-02,10,05,4,4014,片岡恵里,21,18,6.78,4,0.19
2026-04-02,10,06,6,4152,深水慎一郎,62,30,6.84,6,0.22
2026-04-02,11,01,1,5087,佐藤航,71,29,6.78,1,0.06
2026-04-02,11,02,2,3933,山地正樹,60,43,6.83,3,0.11
2026-04-02,11,03,5,4535,北山康介,74,52,6.85,6,0.13
2026-04-02,11,04,6,3473,石川真二,35,24,6.86,2,0.17
2026-04-02,11,05,4,3848,川上聡介,20,17,6.85,5,0.10
2026-04-02,11,06,3,4958,溝口海義也,34,59,6.76,4,0.21
2026-04-02,12,01,3,5092,篠原晟弥,29,12,6.76,3,0.02
2026-04-02,12,02,2,4503,上野真之介,17,27,6.84,1,0.13
2026-04-02,12,03,6,4873,蒲原健太,11,26,6.81,6,0.10
2026-04-02,12,04,4,3822,平尾崇典,25,53,6.83,4,0.03
2026-04-02,12,05,1,4345,西舘健,23,58,6.88,2,0.07
2026-04-02,12,S1,5,4994,山本梨菜,59,69,6.81,5,0.02
2026-04-07,1,01,1,4695,尾崎雄二,39,68,6.88,1,0.20
2026-04-07,1,02,3,4062,後藤陽介,62,24,6.8,3,0.25
2026-04-07,1,03,4,4143,浦田晃嗣,48,67,6.84,4,0.20
2026-04-07,1,04,6,4660,宇田川信一,29,55,6.8,6,0.30
2026-04-07,1,05,2,3793,高橋真吾,66,69,6.99,2,0.27
2026-04-07,1,06,5,4355,小川広大,16,22,6.89,5,0.24
2026-04-07,2,01,4,4702,三浦敬太,71,41,6.74,4,0.12
2026-04-07,2,02,5,3581,加木郁,38,63,6.81,5,0.23
2026-04-07,2,03,2,4293,鈴木智啓,12,23,6.88,2,0.16
2026-04-07,2,04,6,3761,山本光雄,26,25,6.84,6,0.27
2026-04-07,2,05,1,3797,岩井繁,56,11,6.84,1,0.13
2026-04-07,2,06,3,4557,松尾光広,17,64,6.82,3,0.22
2026-04-07,3,01,2,4105,松下直也,36,21,6.87,3,0.29
2026-04-07,3,02,4,4614,石倉洋行,20,49,6.76,5,0.11
2026-04-07,3,03,1,5122,相馬翔,47,26,6.84,1,0.32
2026-04-07,3,04,3,3660,長谷川親王,18,19,6.84,4,0.16
2026-04-07,3,05,6,3920,正木聖賢,13,58,6.82,2,0.39
2026-04-07,3,06,5,4815,伏島祐介,64,15,6.83,6,0.30
2026-04-07,4,01,1,5009,大賀龍之介,24,12,6.77,1,0.10
2026-04-07,4,02,2,4366,前沢丈史,44,61,6.84,2,0.03
2026-04-07,4,03,3,4981,牧山敦也,25,60,6.83,3,0.06
2026-04-07,4,04,5,4159,向後龍一,32,35,6.74,5,0.07
2026-04-07,4,05,6,4887,富澤祐作,41,56,6.85,6,0.12
2026-04-07,4,06,4,3432,宮迫暢彦,69,78,6.82,4,0.06
2026-04-07,5,01,6,3284,渡邊伸太郎,34,53,6.8,6,0.04
2026-04-07,5,02,2,4120,柘植政浩,30,54,6.79,2,0.12
2026-04-07,5,03,3,5107,松本真広,40,52,6.78,3,0.18
2026-04-07,5,04,5,3952,中澤和志,33,32,6.87,5,0.05
2026-04-07,5,05,4,3277,齋藤勇,49,27,6.82,4,0.13
2026-04-07,5,06,1,3458,東健介,35,30,6.92,1,0.08
2026-04-07,6,01,3,3908,重成一人,43,57,6.81,3,0.15
2026-04-07,6,02,1,5077,滝沢崚,23,51,6.75,1,0.24
2026-04-07,6,03,5,5303,土井歩夢,46,74,6.75,5,0.13
2026-04-07,6,04,2,4062,後藤陽介,62,24,6.84,2,0.20
2026-04-07,6,05,6,4057,松井賢治,73,75,6.8,6,0.14
2026-04-07,6,06,4,4171,榎幸司,28,17,6.88,4,0.16
2026-04-07,7,01,1,4771,下寺秀和,21,33,6.74,1,0.06
2026-04-07,7,02,3,4703,森永隆,58,45,6.79,3,0.09
2026-04-07,7,03,2,4004,山本浩輔,59,47,6.79,2,0.09
2026-04-07,7,04,4,4359,横川聖志,27,29,6.85,4,0.03
2026-04-07,7,05,6,5407,中岡駿,50,40,6.81,6,0.15
2026-04-07,7,06,5,4143,浦田晃嗣,48,67,6.77,5,0.20
2026-04-07,8,01,1,3792,田中豪,65,36,6.77,1,0.09
2026-04-07,8,02,5,3660,長谷川親王,18,19,6.89,5,0.20
2026-04-07,8,03,3,4787,椎名豊,22,50,6.89,3,0.08
2026-04-07,8,04,2,4557,松尾光広,17,64,6.86,2,0.07
2026-04-07,8,05,6,4040,廣瀬将亨,11,70,6.8,6,0.18
2026-04-07,8,06,4,4355,小川広大,16,22,6.91,4,0.24
2026-04-07,9,01,1,3746,岡瀬正人,15,66,6.78,1,0.15
2026-04-07,9,02,2,3581,加木郁,38,63,6.79,2,0.11
2026-04-07,9,03,3,3432,宮迫暢彦,69,78,6.84,3,0.13
2026-04-07,9,04,5,4695,尾崎雄二,39,68,6.84,5,0.14
2026-04-07,9,05,4,4815,伏島祐介,64,15,6.83,4,0.15
2026-04-07,9,06,6,4521,小池公生,53,59,6.82,6,0.16
2026-04-07,10,01,2,4148,枝尾賢,60,43,6.85,2,0.08
2026-04-07,10,02,1,3711,江本真治,63,18,6.83,1,0.09
2026-04-07,10,03,5,4384,鶴本崇文,74,72,6.86,5,0.12
2026-04-07,10,04,3,4887,富澤祐作,41,56,6.86,3,0.04
2026-04-07,10,05,6,4105,松下直也,36,21,6.87,6,0.16
2026-04-07,10,06,4,3793,高橋真吾,66,69,6.89,4,0.09
2026-04-07,11,01,2,3920,正木聖賢,13,58,6.76,2,0.07
2026-04-07,11,02,3,4159,向後龍一,32,35,6.84,3,0.11
2026-04-07,11,03,5,4120,柘植政浩,30,54,6.85,5,0.13
2026-04-07,11,04,4,4057,松井賢治,73,75,6.83,4,0.13
2026-04-07,11,05,1,4702,三浦敬太,71,41,6.8,1,0.20
2026-04-07,11,06,6,4359,横川聖志,27,29,6.9,6,0.12
2026-04-07,12,01,1,3908,重成一人,43,57,6.85,1,0.15
2026-04-07,12,02,2,4614,石倉洋行,20,49,6.79,2,0.12
2026-04-07,12,03,4,3952,中澤和志,33,32,6.85,4,0.15
2026-04-07,12,04,3,4366,前沢丈史,44,61,6.85,3,0.18
2026-04-07,12,05,5,4771,下寺秀和,21,33,6.8,5,0.19
2026-04-07,12,06,6,4787,椎名豊,22,50,6.8,6,0.16
2026-04-08,1,01,4,3458,東健介,35,30,7.03,2,0.08
2026-04-08,1,02,1,4004,山本浩輔,59,47,6.88,1,0.09
2026-04-08,1,03,2,4981,牧山敦也,25,60,6.93,3,0.15
2026-04-08,1,04,3,3797,岩井繁,56,11,6.96,4,0.18
2026-04-08,1,05,5,5122,相馬翔,47,26,6.99,5,0.16
2026-04-08,1,06,6,4695,尾崎雄二,39,68,6.88,6,0.13
2026-04-08,2,01,1,3793,高橋真吾,66,69,6.97,1,0.12
2026-04-08,2,02,6,3792,田中豪,65,36,6.95,6,0.17
2026-04-08,2,03,3,3277,齋藤勇,49,27,6.86,3,0.11
2026-04-08,2,04,2,4521,小池公生,53,59,6.9,2,0.15
2026-04-08,2,05,4,3761,山本光雄,26,25,6.95,4,0.11
2026-04-08,2,06,5,4557,松尾光広,17,64,6.96,5,0.17
2026-04-08,3,01,3,4384,鶴本崇文,74,72,6.92,3,0.15
2026-04-08,3,02,1,4143,浦田晃嗣,48,67,6.85,1,0.06
2026-04-08,3,03,4,3711,江本真治,63,18,6.92,4,0.15
2026-04-08,3,04,2,3660,長谷川親王,18,19,6.94,2,0.15
2026-04-08,3,05,6,4355,小川広大,16,22,6.91,6,0.16
2026-04-08,3,06,5,5077,滝沢崚,23,51,6.84,5,0.13
2026-04-08,4,01,4,3284,渡邊伸太郎,34,53,6.83,4,0.13
2026-04-08,4,02,3,4040,廣瀬将亨,11,70,6.82,3,0.11
2026-04-08,4,03,1,3432,宮迫暢彦,69,78,6.88,1,0.13
2026-04-08,4,04,2,4703,森永隆,58,45,6.87,2,0.13
2026-04-08,4,05,6,4614,石倉洋行,20,49,6.79,6,0.09
2026-04-08,4,06,5,4887,富澤祐作,41,56,6.86,5,0.16
2026-04-08,5,01,3,5009,大賀龍之介,24,12,6.92,3,0.12
2026-04-08,5,02,4,4366,前沢丈史,44,61,6.92,4,0.08
2026-04-08,5,03,2,3746,岡瀬正人,15,66,6.93,2,0.15
2026-04-08,5,04,5,4148,枝尾賢,60,43,6.92,5,0.10
2026-04-08,5,05,6,4062,後藤陽介,62,24,6.92,6,0.14
2026-04-08,5,06,1,4105,松下直也,36,21,6.96,1,0.15
2026-04-08,6,01,2,4660,宇田川信一,29,55,6.86,2,0.22
2026-04-08,6,02,1,3920,正木聖賢,13,58,6.78,1,0.16
2026-04-08,6,03,5,4787,椎名豊,22,50,6.8,5,0.09
2026-04-08,6,04,6,4293,鈴木智啓,12,23,6.92,6,0.12
2026-04-08,6,05,3,3581,加木郁,38,63,6.86,3,0.14
2026-04-08,6,06,4,5407,中岡駿,50,40,6.8,4,0.11
2026-04-08,7,01,1,4171,榎幸司,28,17,6.88,1,0.20
2026-04-08,7,02,3,3761,山本光雄,26,25,6.87,3,0.13
2026-04-08,7,03,5,4702,三浦敬太,71,41,6.82,5,0.18
2026-04-08,7,04,4,5077,滝沢崚,23,51,6.81,4,0.26
2026-04-08,7,05,2,3458,東健介,35,30,6.97,2,0.19
2026-04-08,7,06,6,5107,松本真広,40,52,6.83,6,0.24
2026-04-08,8,01,4,4557,松尾光広,17,64,6.87,4,0.33
2026-04-08,8,02,2,3952,中澤和志,33,32,6.86,2,0.07
2026-04-08,8,03,6,4815,伏島祐介,64,15,6.84,6,0.35
2026-04-08,8,04,1,5303,土井歩夢,46,74,6.74,1,0.20
2026-04-08,8,05,3,4359,横川聖志,27,29,6.91,3,0.04
2026-04-08,8,06,5,4004,山本浩輔,59,47,6.79,5,0.25
2026-04-08,9,01,2,4771,下寺秀和,21,33,6.77,2,0.18
2026-04-08,9,02,1,4159,向後龍一,32,35,6.81,1,0.09
2026-04-08,9,03,3,4057,松井賢治,73,75,6.85,3,0.15
2026-04-08,9,04,6,3797,岩井繁,56,11,6.88,6,0.14
2026-04-08,9,05,5,3277,齋藤勇,49,27,6.84,5,0.08
2026-04-08,9,06,4,4887,富澤祐作,41,56,6.84,4,0.07
2026-04-08,10,01,1,4040,廣瀬将亨,11,70,6.72,1,0.11
2026-04-08,10,02,2,4695,尾崎雄二,39,68,6.8,2,0.11
2026-04-08,10,03,4,3908,重成一人,43,57,6.81,4,0.15
2026-04-08,10,04,5,5009,大賀龍之介,24,12,6.84,5,0.19
2026-04-08,10,05,6,4120,柘植政浩,30,54,6.86,6,0.17
2026-04-08,10,06,3,4143,浦田晃嗣,48,67,6.78,3,0.17
2026-04-08,11,01,1,4384,鶴本崇文,74,72,6.86,1,0.04
2026-04-08,11,02,4,4148,枝尾賢,60,43,6.88,4,0.15
2026-04-08,11,03,5,4703,森永隆,58,45,6.84,5,0.20
2026-04-08,11,04,2,3792,田中豪,65,36,6.77,2,0.12
2026-04-08,11,05,6,4981,牧山敦也,25,60,6.84,6,0.30
2026-04-08,11,S1,3,4293,鈴木智啓,12,23,6.94,3,0.16
2026-04-08,12,01,1,4787,椎名豊,22,50,6.72,1,0.16
2026-04-08,12,02,5,4171,榎幸司,28,17,6.88,5,0.15
2026-04-08,12,03,2,3284,渡邊伸太郎,34,53,6.77,2,0.21
2026-04-08,12,04,4,3746,岡瀬正人,15,66,6.81,4,0.20
2026-04-08,12,05,3,4521,小池公生,53,59,6.82,3,0.26
2026-04-08,12,06,6,3711,江本真治,63,18,6.81,6,0.16
2026-04-09,1,01,1,3761,山本光雄,26,25,6.86,1,0.09
2026-04-09,1,02,2,5122,相馬翔,47,26,6.86,2,0.10
2026-04-09,1,03,3,4355,小川広大,16,22,6.9,3,0.14
2026-04-09,1,04,4,4062,後藤陽介,62,24,6.78,4,0.27
2026-04-09,1,05,5,3797,岩井繁,56,11,6.91,5,0.27
2026-04-09,1,06,6,3432,宮迫暢彦,69,78,6.86,6,0.26
2026-04-09,2,01,2,4815,伏島祐介,64,15,6.86,2,0.31
2026-04-09,2,02,3,4171,榎幸司,28,17,6.89,3,0.26
2026-04-09,2,03,6,5009,大賀龍之介,24,12,6.86,6,0.24
2026-04-09,2,04,1,3660,長谷川親王,18,19,6.87,1,0.27
2026-04-09,2,05,4,5407,中岡駿,50,40,6.8,4,0.26
2026-04-09,2,06,5,4105,松下直也,36,21,6.88,5,0.26
2026-04-09,3,01,4,4695,尾崎雄二,39,68,6.85,4,0.11
2026-04-09,3,02,2,4159,向後龍一,32,35,6.8,2,0.16
2026-04-09,3,03,1,3581,加木郁,38,63,6.88,1,0.18
2026-04-09,3,04,5,3908,重成一人,43,57,6.85,5,0.10
2026-04-09,3,05,3,4660,宇田川信一,29,55,6.85,3,0.16
2026-04-09,3,06,6,3793,高橋真吾,66,69,6.97,6,0.08
2026-04-09,4,01,5,4040,廣瀬将亨,11,70,6.84,5,0.12
2026-04-09,4,02,3,4787,椎名豊,22,50,6.89,3,0.11
2026-04-09,4,03,2,5077,滝沢崚,23,51,6.87,2,0.19
2026-04-09,4,04,1,4981,牧山敦也,25,60,6.94,1,0.25
2026-04-09,4,05,6,4004,山本浩輔,59,47,6.9,6,0.14
2026-04-09,4,S1,4,3920,正木聖賢,13,58,6.96,4,0.17
2026-04-09,5,01,2,5107,松本真広,40,52,6.92,2,0.15
2026-04-09,5,02,1,4057,松井賢治,73,75,6.91,1,0.16
2026-04-09,5,03,3,4771,下寺秀和,21,33,6.81,3,0.19
2026-04-09,5,04,5,3284,渡邊伸太郎,34,53,6.91,5,0.32
2026-04-09,5,05,6,4557,松尾光広,17,64,6.97,6,0.36
2026-04-09,5,06,4,5122,相馬翔,47,26,6.98,4,0.35
2026-04-09,6,01,4,4614,石倉洋行,20,49,6.83,4,0.08
2026-04-09,6,02,6,4703,森永隆,58,45,6.87,6,0.11
2026-04-09,6,03,3,5303,土井歩夢,46,74,6.76,3,0.11
2026-04-09,6,04,5,4062,後藤陽介,62,24,6.89,5,0.10
2026-04-09,6,05,2,4384,鶴本崇文,74,72,6.92,2,0.08
2026-04-09,6,06,1,3277,齋藤勇,49,27,6.88,1,0.09
2026-04-09,7,01,1,4120,柘植政浩,30,54,6.95,1,0.13
2026-04-09,7,02,4,3792,田中豪,65,36,6.91,4,0.17
2026-04-09,7,03,5,4660,宇田川信一,29,55,6.91,5,0.18
2026-04-09,7,04,3,3952,中澤和志,33,32,6.97,3,0.17
2026-04-09,7,05,6,5407,中岡駿,50,40,6.9,6,0.12
2026-04-09,7,06,2,4355,小川広大,16,22,7.01,2,0.15
2026-04-09,8,01,6,4366,前沢丈史,44,61,6.95,4,0.08
2026-04-09,8,02,1,4293,鈴木智啓,12,23,7.0,1,0.07
2026-04-09,8,03,5,3458,東健介,35,30,7.04,2,0.09
2026-04-09,8,04,2,4702,三浦敬太,71,41,6.92,3,0.03
2026-04-09,8,05,4,3660,長谷川親王,18,19,6.97,5,0.12
2026-04-09,8,06,3,3793,高橋真吾,66,69,7.02,6,0.11
2026-04-09,9,01,2,3908,重成一人,43,57,6.96,2,0.20
2026-04-09,9,02,5,4359,横川聖志,27,29,7.1,4,0.21
2026-04-09,9,03,3,4105,松下直也,36,21,7.03,3,0.17
2026-04-09,9,04,1,4887,富澤祐作,41,56,7.01,1,0.23
2026-04-09,9,05,4,4521,小池公生,53,59,7.04,5,0.25
2026-04-09,9,06,6,4143,浦田晃嗣,48,67,6.99,6,0.27
2026-04-09,10,01,1,4148,枝尾賢,60,43,6.98,1,0.09
2026-04-09,10,02,3,3711,江本真治,63,18,7.0,3,0.11
2026-04-09,10,03,5,3746,岡瀬正人,15,66,6.96,5,0.14
2026-04-09,10,04,4,4981,牧山敦也,25,60,7.04,4,0.14
2026-04-09,10,05,6,4771,下寺秀和,21,33,6.9,6,0.14
2026-04-09,10,06,2,3432,宮迫暢彦,69,78,6.98,2,0.12
2026-04-09,11,01,1,4614,石倉洋行,20,49,6.96,1,0.08
2026-04-09,11,02,2,4040,廣瀬将亨,11,70,6.97,2,0.10
2026-04-09,11,03,3,4120,柘植政浩,30,54,7.03,3,0.11
2026-04-09,11,04,4,3581,加木郁,38,63,7.04,4,0.16
2026-04-09,11,05,6,4171,榎幸司,28,17,7.15,6,0.18
2026-04-09,11,06,5,5107,松本真広,40,52,7.02,5,0.13
2026-04-09,12,01,4,5009,大賀龍之介,24,12,7.08,4,0.12
2026-04-09,12,02,2,5303,土井歩夢,46,74,7.02,2,0.12
2026-04-09,12,03,1,3952,中澤和志,33,32,7.16,1,0.12
2026-04-09,12,04,6,4159,向後龍一,32,35,7.02,6,0.08
2026-04-09,12,05,5,4057,松井賢治,73,75,7.07,5,0.12
2026-04-09,12,06,3,3920,正木聖賢,13,58,7.25,3,0.09
2026-04-10,1,01,3,4004,山本浩輔,59,47,6.88,3,0.12
2026-04-10,1,02,1,4062,後藤陽介,62,24,6.86,1,0.15
2026-04-10,1,03,4,4105,松下直也,36,21,6.95,4,0.12
2026-04-10,1,04,5,5407,中岡駿,50,40,6.87,5,0.14
2026-04-10,1,05,2,3277,齋藤勇,49,27,6.89,2,0.15
2026-04-10,1,06,6,3458,東健介,35,30,6.98,6,0.27
2026-04-10,2,01,2,3711,江本真治,63,18,6.81,2,0.12
2026-04-10,2,02,1,4660,宇田川信一,29,55,6.87,1,0.10
2026-04-10,2,03,3,3284,渡邊伸太郎,34,53,6.8,3,0.11
2026-04-10,2,04,4,4521,小池公生,53,59,6.87,4,0.26
2026-04-10,2,05,5,4293,鈴木智啓,12,23,6.95,5,0.28
2026-04-10,2,06,6,3660,長谷川親王,18,19,6.87,6,0.31
2026-04-10,3,01,1,4171,榎幸司,28,17,6.88,1,0.16
2026-04-10,3,02,4,4159,向後龍一,32,35,6.83,4,0.12
2026-04-10,3,03,5,4981,牧山敦也,25,60,6.88,5,0.17
2026-04-10,3,04,6,5303,土井歩夢,46,74,6.76,6,0.19
2026-04-10,3,05,3,3797,岩井繁,56,11,6.92,3,0.18
2026-04-10,3,06,2,4702,三浦敬太,71,41,6.83,2,0.26
2026-04-10,4,01,1,5107,松本真広,40,52,6.84,1,0.13
2026-04-10,4,02,6,4148,枝尾賢,60,43,6.9,5,0.20
2026-04-10,4,03,3,4384,鶴本崇文,74,72,6.88,3,0.15
2026-04-10,4,04,2,4359,横川聖志,27,29,6.93,2,0.13
2026-04-10,4,05,5,3761,山本光雄,26,25,6.9,4,0.17
2026-04-10,4,06,4,3793,高橋真吾,66,69,6.98,6,0.14
2026-04-10,5,01,3,4771,下寺秀和,21,33,6.82,3,0.11
2026-04-10,5,02,1,4557,松尾光広,17,64,6.87,1,0.08
2026-04-10,5,03,6,3746,岡瀬正人,15,66,6.84,6,0.12
2026-04-10,5,04,2,4143,浦田晃嗣,48,67,6.8,2,0.20
2026-04-10,5,05,5,3432,宮迫暢彦,69,78,6.86,5,0.17
2026-04-10,5,06,4,4703,森永隆,58,45,6.82,4,0.11
2026-04-10,6,01,5,3792,田中豪,65,36,6.79,5,0.05
2026-04-10,6,02,1,4355,小川広大,16,22,6.93,1,0.08
2026-04-10,6,03,4,4366,前沢丈史,44,61,6.86,4,0.07
2026-04-10,6,04,3,3458,東健介,35,30,6.96,3,0.10
2026-04-10,6,05,2,4057,松井賢治,73,75,6.88,2,0.06
2026-04-10,6,06,6,5077,滝沢崚,23,51,6.82,6,0.09
2026-04-10,7,01,1,4521,小池公生,53,59,6.92,1,0.19
2026-04-10,7,02,2,4887,富澤祐作,41,56,6.98,2,0.13
2026-04-10,7,03,4,4004,山本浩輔,59,47,6.89,4,0.20
2026-04-10,7,04,3,4614,石倉洋行,20,49,6.73,3,0.17
2026-04-10,7,05,5,4815,伏島祐介,64,15,6.86,5,0.33
2026-04-10,7,06,6,5122,相馬翔,47,26,6.94,6,0.36
2026-04-10,8,01,1,4359,横川聖志,27,29,6.91,1,0.15
2026-04-10,8,02,3,4695,尾崎雄二,39,68,6.86,3,0.15
2026-04-10,8,03,5,3952,中澤和志,33,32,6.95,5,0.12
2026-04-10,8,04,2,3797,岩井繁,56,11,6.88,2,0.17
2026-04-10,8,05,6,3581,加木郁,38,63,6.83,6,0.10
2026-04-10,8,06,4,4293,鈴木智啓,12,23,7.01,4,0.18
2026-04-10,9,01,1,3284,渡邊伸太郎,34,53,6.78,1,0.13
2026-04-10,9,02,5,3920,正木聖賢,13,58,6.86,2,0.07
2026-04-10,9,03,2,4787,椎名豊,22,50,6.79,3,0.16
2026-04-10,9,04,4,4120,柘植政浩,30,54,6.88,5,0.16
2026-04-10,9,05,3,4148,枝尾賢,60,43,6.88,4,0.13
2026-04-10,9,06,6,3277,齋藤勇,49,27,6.87,6,0.20
2026-04-10,10,01,5,3908,重成一人,43,57,6.86,5,0.14
2026-04-10,10,02,3,3792,田中豪,65,36,6.88,3,0.03
2026-04-10,10,03,2,5009,大賀龍之介,24,12,6.88,2,0.08
2026-04-10,10,04,4,4040,廣瀬将亨,11,70,6.81,4,0.08
2026-04-10,10,05,1,4703,森永隆,58,45,6.85,1,0.11
2026-04-10,10,06,6,4384,鶴本崇文,74,72,6.91,6,0.20
2026-04-10,11,01,1,4366,前沢丈史,44,61,6.87,1,0.11
2026-04-10,11,02,5,3711,江本真治,63,18,6.87,5,0.10
2026-04-10,11,03,6,4702,三浦敬太,71,41,6.83,6,0.05
2026-04-10,11,04,2,3761,山本光雄,26,25,6.92,2,0.15
2026-04-10,11,05,3,3746,岡瀬正人,15,66,6.91,3,0.16
2026-04-10,11,06,4,4815,伏島祐介,64,15,6.89,4,0.13
2026-04-10,12,01,1,4771,下寺秀和,21,33,6.85,1,0.22
2026-04-10,12,02,4,4660,宇田川信一,29,55,6.9,4,0.14
2026-04-10,12,03,2,4171,榎幸司,28,17,6.93,2,0.20
2026-04-10,12,04,3,5077,滝沢崚,23,51,6.89,3,0.18
2026-04-10,12,05,6,5407,中岡駿,50,40,6.85,6,0.14
2026-04-10,12,06,5,3793,高橋真吾,66,69,6.97,5,0.12
2026-04-11,1,01,1,5303,土井歩夢,46,74,6.78,1,0.10
2026-04-11,1,02,3,4148,枝尾賢,60,43,6.93,3,0.08
2026-04-11,1,03,4,4159,向後龍一,32,35,6.86,4,0.07
2026-04-11,1,04,5,4040,廣瀬将亨,11,70,6.79,5,0.25
2026-04-11,1,05,2,3660,長谷川親王,18,19,6.9,2,0.12
2026-04-11,1,06,6,5407,中岡駿,50,40,6.84,6,0.10
2026-04-11,2,01,2,4359,横川聖志,27,29,6.96,2,0.07
2026-04-11,2,02,3,4695,尾崎雄二,39,68,6.9,5,0.19
2026-04-11,2,03,5,3277,齋藤勇,49,27,6.88,4,0.21
2026-04-11,2,04,6,4521,小池公生,53,59,6.91,6,0.29
2026-04-11,2,05,4,3458,東健介,35,30,7.0,3,0.11
2026-04-11,2,F,1,5107,松本真広,40,52,6.9,1,F0.01
2026-04-11,3,01,1,4384,鶴本崇文,74,72,6.92,1,0.01
2026-04-11,3,02,3,3746,岡瀬正人,15,66,6.9,3,0.06
2026-04-11,3,03,2,5122,相馬翔,47,26,6.9,2,0.04
2026-04-11,3,04,5,4004,山本浩輔,59,47,6.84,5,0.03
2026-04-11,3,05,6,3792,田中豪,65,36,6.8,6,0.03
2026-04-11,3,06,4,3797,岩井繁,56,11,6.95,4,0.08
2026-04-11,4,01,1,4702,三浦敬太,71,41,6.87,1,0.10
2026-04-11,4,02,4,4057,松井賢治,73,75,6.89,4,0.08
2026-04-11,4,03,2,4981,牧山敦也,25,60,6.91,2,0.15
2026-04-11,4,04,3,4557,松尾光広,17,64,6.91,3,0.09
2026-04-11,4,05,5,4614,石倉洋行,20,49,6.78,5,0.05
2026-04-11,4,06,6,5009,大賀龍之介,24,12,6.89,6,0.15
2026-04-11,5,01,1,4703,森永隆,58,45,6.85,1,0.07
2026-04-11,5,02,3,4120,柘植政浩,30,54,6.93,3,0.09
2026-04-11,5,03,5,4105,松下直也,36,21,6.92,5,0.11
2026-04-11,5,04,4,4355,小川広大,16,22,7.04,4,0.11
2026-04-11,5,05,6,4366,前沢丈史,44,61,6.91,6,0.11
2026-04-11,5,06,2,4887,富澤祐作,41,56,6.93,2,0.23
2026-04-11,6,01,6,3908,重成一人,43,57,6.85,5,0.14
2026-04-11,6,02,1,3711,江本真治,63,18,6.87,1,0.17
2026-04-11,6,03,3,4143,浦田晃嗣,48,67,6.86,3,0.21
2026-04-11,6,04,4,4787,椎名豊,22,50,6.83,4,0.17
2026-04-11,6,05,2,5077,滝沢崚,23,51,6.86,2,0.23
2026-04-11,6,06,5,3793,高橋真吾,66,69,6.88,6,0.21
2026-04-11,7,01,1,3952,中澤和志,33,32,6.91,1,0.11
2026-04-11,7,02,3,3920,正木聖賢,13,58,6.87,3,0.19
2026-04-11,7,03,4,3432,宮迫暢彦,69,78,6.88,4,0.18
2026-04-11,7,04,5,4062,後藤陽介,62,24,6.86,5,0.19
2026-04-11,7,05,6,4815,伏島祐介,64,15,6.88,6,0.24
2026-04-11,7,S1,2,4293,鈴木智啓,12,23,6.96,2,0.20
2026-04-11,8,01,1,5009,大賀龍之介,24,12,6.82,1,0.15
2026-04-11,8,02,4,4695,尾崎雄二,39,68,6.8,4,0.14
2026-04-11,8,03,5,5303,土井歩夢,46,74,6.73,5,0.12
2026-04-11,8,04,2,3284,渡邊伸太郎,34,53,6.75,2,0.19
2026-04-11,8,05,3,4171,榎幸司,28,17,6.86,3,0.23
2026-04-11,8,06,6,3761,山本光雄,26,25,6.84,6,0.17
2026-04-11,9,01,2,4771,下寺秀和,21,33,6.76,2,0.08
2026-04-11,9,02,1,4366,前沢丈史,44,61,6.82,1,0.12
2026-04-11,9,03,4,4384,鶴本崇文,74,72,6.82,4,0.15
2026-04-11,9,04,3,4159,向後龍一,32,35,6.84,3,0.15
2026-04-11,9,05,5,4660,宇田川信一,29,55,6.79,5,0.11
2026-04-11,9,06,6,4702,三浦敬太,71,41,6.82,6,0.10
2026-04-11,10,01,1,3792,田中豪,65,36,6.86,1,0.15
2026-04-11,10,02,2,4040,廣瀬将亨,11,70,6.81,2,0.11
2026-04-11,10,03,3,4787,椎名豊,22,50,6.81,3,0.13
2026-04-11,10,04,4,4120,柘植政浩,30,54,6.87,4,0.17
2026-04-11,10,05,5,5107,松本真広,40,52,6.85,5,0.25
2026-04-11,10,06,6,3581,加木郁,38,63,6.83,6,0.29
2026-04-11,11,01,1,3908,重成一人,43,57,6.81,1,0.15
2026-04-11,11,02,2,4614,石倉洋行,20,49,6.74,2,0.12
2026-04-11,11,03,3,3711,江本真治,63,18,6.83,3,0.22
2026-04-11,11,04,5,3952,中澤和志,33,32,6.94,5,0.15
2026-04-11,11,05,4,3746,岡瀬正人,15,66,6.83,4,0.20
2026-04-11,11,06,6,4703,森永隆,58,45,6.82,6,0.15
2026-04-11,12,01,1,4521,小池公生,53,59,6.88,1,0.22
2026-04-11,12,02,2,4557,松尾光広,17,64,6.85,2,0.22
2026-04-11,12,03,4,3920,正木聖賢,13,58,6.83,4,0.21
2026-04-11,12,04,3,4887,富澤祐作,41,56,6.9,3,0.17
2026-04-11,12,05,5,4143,浦田晃嗣,48,67,6.8,5,0.18
2026-04-11,12,06,6,4815,伏島祐介,64,15,6.79,6,0.32
2026-04-12,1,01,1,4120,柘植政浩,30,54,6.84,1,0.03
2026-04-12,1,02,5,3792,田中豪,65,36,6.91,5,0.14
2026-04-12,1,03,2,4660,宇田川信一,29,55,6.85,2,0.01
2026-04-12,1,04,6,5303,土井歩夢,46,74,6.81,6,0.16
2026-04-12,1,05,4,4143,浦田晃嗣,48,67,6.83,4,0.11
2026-04-12,1,F,3,4004,山本浩輔,59,47,6.87,3,F0.03
2026-04-12,2,01,1,3746,岡瀬正人,15,66,6.88,1,0.10
2026-04-12,2,02,4,4105,松下直也,36,21,6.93,4,0.07
2026-04-12,2,03,3,4981,牧山敦也,25,60,6.94,3,0.10
2026-04-12,2,04,6,4359,横川聖志,27,29,6.98,6,0.06
2026-04-12,2,05,2,3952,中澤和志,33,32,6.94,2,0.08
2026-04-12,2,06,5,5009,大賀龍之介,24,12,6.89,5,0.12
2026-04-12,3,01,1,4159,向後龍一,32,35,6.87,1,0.07
2026-04-12,3,02,4,4703,森永隆,58,45,6.91,4,0.07
2026-04-12,3,03,5,4771,下寺秀和,21,33,6.88,5,0.12
2026-04-12,3,04,3,5122,相馬翔,47,26,6.98,3,0.05
2026-04-12,3,05,2,3277,齋藤勇,49,27,6.89,2,0.06
2026-04-12,3,06,6,5407,中岡駿,50,40,6.9,6,0.09
2026-04-12,4,01,1,4787,椎名豊,22,50,6.82,1,0.16
2026-04-12,4,02,3,4057,松井賢治,73,75,6.9,3,0.14
2026-04-12,4,03,6,3908,重成一人,43,57,6.91,6,0.11
2026-04-12,4,04,4,3761,山本光雄,26,25,6.89,4,0.13
2026-04-12,4,05,2,4695,尾崎雄二,39,68,6.9,2,0.21
2026-04-12,4,06,5,4355,小川広大,16,22,6.98,5,0.10
2026-04-12,5,01,1,4614,石倉洋行,20,49,6.76,1,0.07
2026-04-12,5,02,2,4171,榎幸司,28,17,6.89,2,0.18
2026-04-12,5,03,4,4557,松尾光広,17,64,6.88,4,0.19
2026-04-12,5,04,3,3660,長谷川親王,18,19,6.93,3,0.18
2026-04-12,5,05,5,3432,宮迫暢彦,69,78,6.89,5,0.15
2026-04-12,5,06,6,3711,江本真治,63,18,6.87,6,0.21
2026-04-12,6,01,1,3284,渡邊伸太郎,34,53,6.89,1,0.10
2026-04-12,6,02,2,4384,鶴本崇文,74,72,6.95,2,0.13
2026-04-12,6,03,5,4366,前沢丈史,44,61,6.94,5,0.11
2026-04-12,6,04,3,4062,後藤陽介,62,24,6.9,3,0.15
2026-04-12,6,05,6,5077,滝沢崚,23,51,6.84,6,0.16
2026-04-12,6,06,4,4815,伏島祐介,64,15,6.93,4,0.19
2026-04-12,7,01,1,4040,廣瀬将亨,11,70,6.79,1,0.14
2026-04-12,7,02,4,4148,枝尾賢,60,43,6.89,4,0.09
2026-04-12,7,03,3,3793,高橋真吾,66,69,6.94,3,0.05
2026-04-12,7,04,5,4521,小池公生,53,59,6.9,5,0.17
2026-04-12,7,05,6,5107,松本真広,40,62,6.91,6,0.18
2026-04-12,7,06,2,3797,岩井繁,56,11,6.95,2,0.15
2026-04-12,8,01,1,3581,加木郁,38,63,6.86,1,0.11
2026-04-12,8,02,6,3920,正木聖賢,13,58,6.97,3,0.11
2026-04-12,8,03,2,3458,東健介,35,30,7.02,2,0.06
2026-04-12,8,04,4,4887,富澤祐作,41,56,6.93,5,0.07
2026-04-12,8,05,5,4293,鈴木智啓,12,23,7.05,6,0.17
2026-04-12,8,F,3,4702,三浦敬太,71,41,6.91,4,F0.04
2026-04-12,9,01,1,5009,大賀龍之介,24,12,6.86,1,0.11
2026-04-12,9,02,2,4771,下寺秀和,21,33,6.75,2,0.11
2026-04-12,9,03,3,3711,江本真治,63,18,6.88,3,0.11
2026-04-12,9,04,4,4787,椎名豊,22,50,6.87,4,0.08
2026-04-12,9,05,5,4120,柘植政浩,30,54,6.94,5,0.12
2026-04-12,9,06,6,3952,中澤和志,33,32,6.97,6,0.10
2026-04-12,10,01,1,3792,田中豪,65,36,6.87,1,0.15
2026-04-12,10,02,2,4366,前沢丈史,44,61,6.89,2,0.15
2026-04-12,10,03,4,4384,鶴本崇文,74,72,6.9,4,0.12
2026-04-12,10,04,6,4171,榎幸司,28,17,6.99,6,0.12
2026-04-12,10,05,3,4695,尾崎雄二,39,68,6.92,3,0.12
2026-04-12,10,06,5,4159,向後龍一,32,35,6.91,5,0.12
2026-04-12,11,01,1,3908,重成一人,43,57,6.84,1,0.15
2026-04-12,11,02,4,5303,土井歩夢,46,74,6.81,4,0.13
2026-04-12,11,03,3,4614,石倉洋行,20,49,6.82,3,0.15
2026-04-12,11,04,2,4040,廣瀬将亨,11,70,6.81,2,0.12
2026-04-12,11,05,5,3284,渡邊伸太郎,34,53,6.85,5,0.25
2026-04-12,11,06,6,3746,岡瀬正人,15,66,6.88,6,0.23
2026-04-12,12,01,5,4702,三浦敬太,71,41,6.85,5,0.14
2026-04-12,12,02,1,4359,横川聖志,27,29,6.93,1,0.15
2026-04-12,12,03,2,4062,後藤陽介,62,24,6.88,2,0.15
2026-04-12,12,04,3,4355,小川広大,16,22,7.0,3,0.16
2026-04-12,12,05,4,3660,長谷川親王,18,19,6.92,4,0.25
2026-04-12,12,06,6,5122,相馬翔,47,26,6.92,6,0.21
2026-04-13,1,01,3,3284,渡邊伸太郎,34,53,6.85,3,0.14
2026-04-13,1,02,1,3761,山本光雄,26,25,6.93,1,0.15
2026-04-13,1,03,5,4521,小池公生,53,59,6.94,5,0.18
2026-04-13,1,04,4,3797,岩井繁,56,11,6.96,4,0.21
2026-04-13,1,05,6,4062,後藤陽介,62,24,6.88,6,0.24
2026-04-13,1,06,2,3793,高橋真吾,66,69,6.88,2,0.19
2026-04-13,2,01,1,4171,榎幸司,28,17,6.89,1,0.11
2026-04-13,2,02,2,4120,柘植政浩,30,54,6.89,2,0.12
2026-04-13,2,03,6,4057,松井賢治,73,75,6.89,6,0.16
2026-04-13,2,04,5,4887,富澤祐作,41,56,6.91,5,0.15
2026-04-13,2,05,4,3277,齋藤勇,49,27,6.87,4,0.14
2026-04-13,2,06,3,3458,東健介,35,30,6.99,3,0.13
2026-04-13,3,01,1,4695,尾崎雄二,39,68,6.89,1,0.14
2026-04-13,3,02,2,3746,岡瀬正人,15,66,6.92,2,0.15
2026-04-13,3,03,4,4981,牧山敦也,25,60,6.96,4,0.16
2026-04-13,3,04,5,4557,松尾光広,17,64,6.94,5,0.19
2026-04-13,3,05,3,4293,鈴木智啓,12,23,7.07,3,0.19
2026-04-13,3,S1,6,5407,中岡駿,50,40,6.9,6,0.31
2026-04-13,4,01,2,4159,向後龍一,32,35,6.9,2,0.20
2026-04-13,4,02,1,4660,宇田川信一,29,55,6.9,1,0.16
2026-04-13,4,03,6,4614,石倉洋行,20,49,6.79,6,0.16
2026-04-13,4,04,5,3581,加木郁,38,63,6.9,5,0.16
2026-04-13,4,05,4,5122,相馬翔,47,26,6.93,4,0.16
2026-04-13,4,06,3,3432,宮迫暢彦,69,78,6.92,3,0.21
2026-04-13,5,01,1,3952,中澤和志,33,32,6.96,1,0.12
2026-04-13,5,02,4,3711,江本真治,63,18,6.94,4,0.10
2026-04-13,5,03,6,5107,松本真広,40,62,6.87,6,0.14
2026-04-13,5,04,3,4355,小川広大,16,22,6.99,3,0.15
2026-04-13,5,05,2,4105,松下直也,36,21,6.93,2,0.13
2026-04-13,5,06,5,3797,岩井繁,56,11,6.97,5,0.15
2026-04-13,6,01,4,4040,廣瀬将亨,11,70,6.83,4,0.19
2026-04-13,6,02,1,4384,鶴本崇文,74,72,6.94,1,0.14
2026-04-13,6,03,2,4521,小池公生,53,59,6.94,2,0.22
2026-04-13,6,04,5,3458,東健介,35,30,7.01,3,0.17
2026-04-13,6,05,3,5077,滝沢崚,23,51,6.89,5,0.38
2026-04-13,6,06,6,4004,山本浩輔,59,47,6.9,6,0.23
2026-04-13,7,01,1,4787,椎名豊,22,50,6.85,1,0.14
2026-04-13,7,02,6,4702,三浦敬太,71,41,6.9,6,0.10
2026-04-13,7,03,5,3660,長谷川親王,18,76,6.92,5,0.11
2026-04-13,7,04,3,3277,齋藤勇,49,27,6.89,3,0.25
2026-04-13,7,05,2,4143,浦田晃嗣,48,67,6.87,2,0.24
2026-04-13,7,06,4,4293,鈴木智啓,12,23,6.97,4,0.24
2026-04-13,8,01,1,4057,松井賢治,73,75,6.89,1,0.12
2026-04-13,8,02,2,3432,宮迫暢彦,69,78,6.95,2,0.11
2026-04-13,8,03,5,4981,牧山敦也,25,60,6.97,5,0.18
2026-04-13,8,04,6,4815,伏島祐介,64,15,6.97,6,0.20
2026-04-13,8,05,3,3761,山本光雄,26,25,6.96,3,0.11
2026-04-13,8,S1,4,4148,枝尾賢,60,43,6.93,4,0.12
2026-04-13,9,01,3,4703,森永隆,58,45,6.88,3,0.02
2026-04-13,9,02,1,3920,正木聖賢,13,58,6.84,1,0.04
2026-04-13,9,03,2,3581,加木郁,38,63,6.83,2,0.18
2026-04-13,9,04,4,4105,松下直也,36,21,6.91,4,0.07
2026-04-13,9,05,6,4660,宇田川信一,29,55,6.85,6,0.07
2026-04-13,9,06,5,4359,横川聖志,27,29,6.97,5,0.11
2026-04-13,10,01,1,3711,江本真治,63,18,6.89,1,0.11
2026-04-13,10,02,4,3284,渡邊伸太郎,34,53,6.88,4,0.11
2026-04-13,10,03,2,4384,鶴本崇文,74,72,6.91,2,0.11
2026-04-13,10,04,5,4159,向後龍一,32,35,6.87,5,0.08
2026-04-13,10,05,6,3746,岡瀬正人,15,66,6.9,6,0.15
2026-04-13,10,06,3,4171,榎幸司,28,17,6.95,3,0.15
2026-04-13,11,01,1,4614,石倉洋行,20,49,6.82,1,0.05
2026-04-13,11,02,3,4787,椎名豊,22,50,6.85,3,0.10
2026-04-13,11,03,2,4040,廣瀬将亨,11,70,6.84,2,0.08
2026-04-13,11,04,5,4120,柘植政浩,30,54,6.92,5,0.09
2026-04-13,11,05,6,3952,中澤和志,33,32,6.96,6,0.14
2026-04-13,11,06,4,4695,尾崎雄二,39,68,6.91,4,0.12
2026-04-13,12,01,1,3908,重成一人,43,57,6.86,1,0.05
2026-04-13,12,02,5,4771,下寺秀和,21,33,6.83,5,0.15
2026-04-13,12,03,6,5303,土井歩夢,46,74,6.8,6,0.15
2026-04-13,12,04,3,5009,大賀龍之介,24,12,6.93,3,0.09
2026-04-13,12,05,2,3792,田中豪,65,36,6.92,2,0.11
2026-04-13,12,06,4,4366,前沢丈史,44,61,6.93,4,0.06
2026-04-18,1,01,3,5244,黒田剛,23,41,6.81,3,0.17
2026-04-18,1,02,5,5252,荒木颯斗,27,63,6.89,5,0.23
2026-04-18,1,03,2,5316,村松将平,25,72,6.91,2,0.22
2026-04-18,1,04,4,5336,瀬川大地,56,17,6.91,4,0.21
2026-04-18,1,05,1,5309,森雄利,40,55,6.85,1,0.26
2026-04-18,1,06,6,5420,吉原快誓,26,69,6.88,6,0.19
2026-04-18,2,01,3,5282,中本大樹,29,32,6.88,3,0.14
2026-04-18,2,02,2,5170,佐藤太亮,18,61,6.88,2,0.06
2026-04-18,2,03,1,5138,村本大成,47,59,6.98,1,0.01
2026-04-18,2,04,4,5343,小林礼央,60,70,6.97,4,0.18
2026-04-18,2,05,6,5220,青木蓮,13,78,6.91,6,0.09
2026-04-18,2,06,5,5426,甲斐貴大,44,43,7.05,5,0.14
2026-04-18,3,01,3,5267,石本裕武,46,18,6.81,3,0.17
2026-04-18,3,02,1,5398,鐘ヶ江真司,59,24,6.83,1,0.16
2026-04-18,3,03,4,5345,牧村俊輝,21,65,6.8,4,0.14
2026-04-18,3,04,5,5276,大島隆乃介,43,68,6.86,5,0.16
2026-04-18,3,05,6,5307,富永夏哉人,17,27,6.93,6,0.29
2026-04-18,3,06,2,5236,小宮涼雅,62,64,6.88,2,0.18
2026-04-18,4,01,1,5134,大原祥昌,30,53,6.88,1,0.14
2026-04-18,4,02,2,5208,屋良龍紀,50,12,6.92,2,0.13
2026-04-18,4,03,6,5351,齊藤廉,58,54,6.9,6,0.13
2026-04-18,4,04,5,5196,鰐部太空海,53,30,6.85,5,0.11
2026-04-18,4,05,4,5374,木山大聖,73,76,6.88,4,0.17
2026-04-18,4,06,3,5302,秋末秦悟,14,11,6.87,3,0.15
2026-04-18,5,01,2,5222,津田陸翔,34,58,6.82,2,0.22
2026-04-18,5,02,4,5377,鳥居塚嶺王,28,75,6.89,4,0.22
2026-04-18,5,03,6,5034,若林義人,22,47,6.9,6,0.19
2026-04-18,5,04,3,5247,大森翼,24,50,6.84,3,0.22
2026-04-18,5,05,5,5286,坂井滉哉,15,51,6.86,5,0.18
2026-04-18,5,06,1,5127,沼田大都,63,23,6.85,1,0.30
2026-04-18,6,01,3,5191,飛田江己,48,36,6.79,3,0.04
2026-04-18,6,02,6,5012,加倉侑征,64,15,7.01,6,0.10
2026-04-18,6,03,1,5369,岡崎凪汰,11,26,6.79,1,0.13
2026-04-18,6,04,5,5420,吉原快誓,26,69,6.92,5,0.08
2026-04-18,6,05,2,5318,河内一馬,65,35,6.86,2,0.10
2026-04-18,6,06,4,5382,山下心一,41,60,6.9,4,0.20
2026-04-18,7,01,1,5221,竹間隆晟,74,25,6.87,1,0.07
2026-04-18,7,02,4,5145,島川海輝,49,22,6.85,4,0.09
2026-04-18,7,03,2,5185,加藤優弥,33,29,6.86,2,0.05
2026-04-18,7,04,3,5270,小玉啓太,39,57,6.9,3,0.09
2026-04-18,7,05,5,5244,黒田剛,23,41,6.85,5,0.14
2026-04-18,7,06,6,5426,甲斐貴大,44,43,6.91,6,0.16
2026-04-18,8,01,1,5016,宮田龍馬,32,45,6.86,1,0.10
2026-04-18,8,02,3,5246,楠将太郎,20,56,6.89,3,0.09
2026-04-18,8,03,2,5211,高井駿弥,69,66,6.9,2,0.09
2026-04-18,8,04,5,5343,小林礼央,60,70,6.88,5,0.13
2026-04-18,8,05,6,5336,瀬川大地,56,17,6.88,6,0.10
2026-04-18,8,06,4,5398,鐘ヶ江真司,59,24,6.86,4,0.07
2026-04-18,9,01,1,5345,牧村俊輝,21,65,6.83,1,0.13
2026-04-18,9,02,3,5258,仲本舜,36,49,6.95,3,0.12
2026-04-18,9,03,2,5216,長谷川晴哉,35,74,6.9,2,0.15
2026-04-18,9,04,6,5081,篠原飛翔,38,33,6.86,6,0.10
2026-04-18,9,05,5,5374,木山大聖,73,76,6.92,5,0.02
2026-04-18,9,06,4,5309,森雄利,40,55,6.9,4,0.03
2026-04-18,10,01,1,5252,荒木颯斗,27,63,6.87,1,0.17
2026-04-18,10,02,5,5377,鳥居塚嶺王,28,75,6.94,5,0.15
2026-04-18,10,03,2,5161,登玉隼百,71,40,6.88,2,0.19
2026-04-18,10,04,4,5138,村本大成,47,59,6.93,4,0.21
2026-04-18,10,05,6,5319,近藤颯斗,66,21,6.85,6,0.07
2026-04-18,10,06,3,5307,富永夏哉人,17,27,6.94,3,0.22
2026-04-18,11,01,1,5267,石本裕武,46,18,6.79,1,0.08
2026-04-18,11,02,3,5222,津田陸翔,34,58,6.79,3,0.06
2026-04-18,11,03,5,5282,中本大樹,29,32,6.87,5,0.05
2026-04-18,11,04,6,5316,村松将平,25,72,6.85,6,0.11
2026-04-18,11,05,4,5369,岡崎凪汰,11,26,6.79,4,0.07
2026-04-18,11,06,2,5351,齊藤廉,58,54,6.88,2,0.10
2026-04-18,12,01,1,5196,鰐部太空海,53,30,6.84,1,0.10
2026-04-18,12,02,5,5221,竹間隆晟,74,25,6.83,5,0.11
2026-04-18,12,03,3,5016,宮田龍馬,32,45,6.91,3,0.11
2026-04-18,12,04,6,5191,飛田江己,48,36,6.76,6,0.05
2026-04-18,12,05,4,5034,若林義人,22,47,6.9,4,0.09
2026-04-18,12,06,2,5220,青木蓮,13,78,6.83,2,0.16
2026-04-19,1,01,1,5302,秋末秦悟,14,11,6.83,1,0.20
2026-04-19,1,02,5,5081,篠原飛翔,38,33,6.85,5,0.27
2026-04-19,1,03,3,5138,村本大成,47,59,6.93,3,0.17
2026-04-19,1,04,2,5369,岡崎凪汰,11,26,6.79,2,0.17
2026-04-19,1,05,6,5134,大原祥昌,30,53,6.9,6,0.25
2026-04-19,1,06,4,5382,山下心一,41,60,6.9,4,0.26
2026-04-19,2,01,1,5316,村松将平,25,72,6.8,1,0.16
2026-04-19,2,02,2,5145,島川海輝,49,22,6.84,2,0.14
2026-04-19,2,03,3,5276,大島隆乃介,43,68,6.79,3,0.23
2026-04-19,2,04,6,5127,沼田大都,63,23,6.85,6,0.29
2026-04-19,2,05,5,5246,楠将太郎,20,56,6.86,5,0.30
2026-04-19,2,06,4,5374,木山大聖,73,76,6.85,4,0.36
2026-04-19,3,01,2,5258,仲本舜,36,49,6.87,2,0.07
2026-04-19,3,02,1,5319,近藤颯斗,66,21,6.87,1,0.06
2026-04-19,3,03,4,5211,高井駿弥,69,66,6.9,4,0.10
2026-04-19,3,04,3,5161,登玉隼百,71,40,6.87,3,0.11
2026-04-19,3,05,5,5426,甲斐貴大,44,43,6.9,5,0.09
2026-04-19,3,06,6,5236,小宮涼雅,62,64,6.85,6,0.14
2026-04-19,4,01,3,5034,若林義人,22,47,6.9,3,0.03
2026-04-19,4,02,4,5351,齊藤廉,58,54,6.88,4,0.07
2026-04-19,4,03,5,5247,大森翼,24,50,6.85,5,0.10
2026-04-19,4,04,6,5170,佐藤太亮,18,61,6.9,6,0.08
2026-04-19,4,05,1,5318,河内一馬,65,35,6.84,1,0.14
2026-04-19,4,S1,2,5270,小玉啓太,39,57,6.86,2,0.08
2026-04-19,5,01,4,5191,飛田江己,48,36,6.86,4,0.07
2026-04-19,5,02,1,5286,坂井滉哉,15,51,6.92,1,0.13
2026-04-19,5,03,2,5282,中本大樹,29,32,6.92,2,0.16
2026-04-19,5,04,3,5216,長谷川晴哉,35,74,6.92,3,0.11
2026-04-19,5,05,6,5420,吉原快誓,26,69,6.91,6,0.13
2026-04-19,5,06,5,5343,小林礼央,60,70,6.89,5,0.18
2026-04-19,6,01,1,5220,青木蓮,13,78,6.88,1,0.07
2026-04-19,6,02,6,5208,屋良龍紀,50,12,6.95,6,0.01
2026-04-19,6,03,2,5244,黒田剛,23,41,6.82,2,0.02
2026-04-19,6,04,3,5345,牧村俊輝,21,65,6.81,3,0.03
2026-04-19,6,05,5,5302,秋末秦悟,14,11,6.94,5,0.02
2026-04-19,6,F,4,5012,加倉侑征,64,15,6.94,4,F0.02
2026-04-19,7,01,3,5196,鰐部太空海,53,30,6.87,3,0.13
2026-04-19,7,02,1,5336,瀬川大地,56,17,6.88,1,0.15
2026-04-19,7,03,6,5185,加藤優弥,33,29,6.87,6,0.06
2026-04-19,7,04,4,5252,荒木颯斗,27,63,6.88,4,0.11
2026-04-19,7,05,2,5276,大島隆乃介,43,68,6.86,2,0.15
2026-04-19,7,06,5,5382,山下心一,41,60,6.92,5,0.19
2026-04-19,8,01,1,5307,富永夏哉人,17,27,6.98,1,0.16
2026-04-19,8,02,2,5221,竹間隆晟,74,25,6.91,2,0.13
2026-04-19,8,03,6,5222,津田陸翔,34,58,6.82,6,0.17
2026-04-19,8,04,3,5258,仲本舜,36,49,6.98,3,0.16
2026-04-19,8,05,4,5318,河内一馬,65,35,6.91,4,0.14
2026-04-19,8,06,5,5309,森雄利,40,55,6.92,5,0.18
2026-04-19,9,01,3,5398,鐘ヶ江真司,59,24,6.84,3,0.06
2026-04-19,9,02,1,5081,篠原飛翔,38,33,6.87,1,0.10
2026-04-19,9,03,6,5016,宮田龍馬,32,45,6.87,6,0.12
2026-04-19,9,04,2,5247,大森翼,24,50,6.88,2,0.11
2026-04-19,9,05,5,5377,鳥居塚嶺王,28,75,6.9,5,0.14
2026-04-19,9,06,4,5236,小宮涼雅,62,64,6.93,4,0.10
2026-04-19,10,01,6,5267,石本裕武,46,18,6.84,6,0.04
2026-04-19,10,02,1,5012,加倉侑征,64,15,6.97,1,0.21
2026-04-19,10,03,5,5211,高井駿弥,69,66,6.97,5,0.09
2026-04-19,10,04,2,5127,沼田大都,63,23,6.89,2,0.17
2026-04-19,10,05,4,5170,佐藤太亮,18,61,6.93,4,0.09
2026-04-19,10,06,3,5286,坂井滉哉,15,51,6.95,3,0.12
2026-04-19,11,01,1,5191,飛田江己,48,36,6.74,1,0.07
2026-04-19,11,02,2,5134,大原祥昌,30,53,6.9,2,0.07
2026-04-19,11,03,6,5145,島川海輝,49,22,6.88,6,0.09
2026-04-19,11,04,3,5319,近藤颯斗,66,21,6.88,3,0.09
2026-04-19,11,05,4,5208,屋良龍紀,50,12,6.91,4,0.17
2026-04-19,11,06,5,5270,小玉啓太,39,57,6.95,5,0.25
2026-04-19,12,01,1,5034,若林義人,22,47,6.87,1,0.09
2026-04-19,12,02,5,5216,長谷川晴哉,35,74,6.85,5,0.10
2026-04-19,12,03,4,5185,加藤優弥,33,29,6.85,4,0.13
2026-04-19,12,04,2,5246,楠将太郎,20,56,6.82,2,0.12
2026-04-19,12,05,3,5244,黒田剛,23,41,6.81,3,0.10
2026-04-19,12,06,6,5161,登玉隼百,71,40,6.86,6,0.13
2026-04-20,1,01,4,5081,篠原飛翔,38,33,6.88,4,0.15
2026-04-20,1,02,5,5316,村松将平,25,72,6.9,5,0.15
2026-04-20,1,03,1,5208,屋良龍紀,50,12,6.91,1,0.11
2026-04-20,1,04,3,5318,河内一馬,65,35,6.86,3,0.20
2026-04-20,1,05,6,5426,甲斐貴大,44,43,6.85,6,0.31
2026-04-20,1,06,2,5307,富永夏哉人,17,27,6.94,2,0.16
2026-04-20,2,01,1,5270,小玉啓太,39,57,6.91,1,0.14
2026-04-20,2,02,2,5319,近藤颯斗,66,21,6.9,2,0.13
2026-04-20,2,03,6,5216,長谷川晴哉,35,74,6.89,6,0.08
2026-04-20,2,04,5,5138,村本大成,47,59,6.9,5,0.13
2026-04-20,2,05,3,5369,岡崎凪汰,11,26,6.8,3,0.27
2026-04-20,2,06,4,5336,瀬川大地,56,17,6.91,4,0.11
2026-04-20,3,01,1,5282,中本大樹,29,32,6.9,1,0.13
2026-04-20,3,02,3,5286,坂井滉哉,15,51,6.94,3,0.16
2026-04-20,3,03,2,5345,牧村俊輝,21,65,6.87,2,0.17
2026-04-20,3,04,6,5221,竹間隆晟,74,25,6.88,6,0.12
2026-04-20,3,05,5,5134,大原祥昌,30,53,6.91,5,0.15
2026-04-20,3,06,4,5374,木山大聖,73,76,6.97,4,0.21
2026-04-20,4,01,3,5034,若林義人,22,47,6.94,3,0.19
2026-04-20,4,02,1,5276,大島隆乃介,43,68,6.9,1,0.26
2026-04-20,4,03,6,5246,楠将太郎,20,56,6.94,6,0.18
2026-04-20,4,04,2,5309,森雄利,40,55,6.93,2,0.18
2026-04-20,4,05,4,5420,吉原快誓,26,69,6.94,4,0.17
2026-04-20,4,06,5,5382,山下心一,41,60,6.99,5,0.27
2026-04-20,5,01,1,5351,齊藤廉,58,54,6.94,1,0.03
2026-04-20,5,02,3,5302,秋末秦悟,14,11,7.0,3,0.09
2026-04-20,5,03,2,5252,荒木颯斗,27,63,6.95,2,0.03
2026-04-20,5,04,4,5343,小林礼央,60,70,7.04,4,0.13
2026-04-20,5,05,5,5220,青木蓮,13,78,6.95,5,0.11
2026-04-20,5,06,6,5247,大森翼,24,50,6.93,6,0.19
2026-04-20,6,01,2,5267,石本裕武,46,18,6.82,2,0.06
2026-04-20,6,02,4,5377,鳥居塚嶺王,28,75,6.99,4,0.08
2026-04-20,6,03,6,5012,加倉侑征,64,15,6.99,6,0.17
2026-04-20,6,04,3,5316,村松将平,25,72,6.93,3,0.08
2026-04-20,6,05,5,5236,小宮涼雅,62,64,6.92,5,0.08
2026-04-20,6,F,1,5185,加藤優弥,33,29,6.91,1,F0.01
2026-04-20,7,01,5,5222,津田陸翔,34,58,6.86,5,0.29
2026-04-20,7,02,1,5170,佐藤太亮,18,61,6.88,1,0.11
2026-04-20,7,03,3,5016,宮田龍馬,32,45,6.91,3,0.19
2026-04-20,7,04,2,5127,沼田大都,63,23,6.87,2,0.20
2026-04-20,7,05,6,5258,仲本舜,36,49,6.96,6,0.26
2026-04-20,7,06,4,5426,甲斐貴大,44,43,6.9,4,0.28
2026-04-20,8,01,1,5191,飛田江己,48,36,6.8,1,0.10
2026-04-20,8,02,2,5398,鐘ヶ江真司,59,24,6.82,2,0.15
2026-04-20,8,03,4,5216,長谷川晴哉,35,74,6.95,4,0.17
2026-04-20,8,04,5,5374,木山大聖,73,76,6.9,5,0.13
2026-04-20,8,05,3,5307,富永夏哉人,17,27,6.96,3,0.15
2026-04-20,8,06,6,5211,高井駿弥,69,66,6.96,6,0.14
2026-04-20,9,01,1,5161,登玉隼百,71,40,6.9,1,0.10
2026-04-20,9,02,3,5221,竹間隆晟,74,25,6.88,3,0.16
2026-04-20,9,03,2,5138,村本大成,47,59,6.9,2,0.18
2026-04-20,9,04,5,5343,小林礼央,60,70,6.89,5,0.12
2026-04-20,9,05,6,5244,黒田剛,23,41,6.83,6,0.11
2026-04-20,9,06,4,5318,河内一馬,65,35,6.83,4,0.11
2026-04-20,10,01,1,5145,島川海輝,49,22,6.81,1,0.07
2026-04-20,10,02,3,5282,中本大樹,29,32,6.83,3,0.14
2026-04-20,10,03,2,5302,秋末秦悟,14,11,6.87,2,0.09
2026-04-20,10,04,4,5319,近藤颯斗,66,21,6.86,4,0.11
2026-04-20,10,05,6,5196,鰐部太空海,53,30,6.79,6,0.03
2026-04-20,10,06,5,5420,吉原快誓,26,69,6.84,5,0.06
2026-04-20,11,01,1,5220,青木蓮,13,78,6.85,1,0.17
2026-04-20,11,02,3,5081,篠原飛翔,38,33,6.86,3,0.21
2026-04-20,11,03,5,5377,鳥居塚嶺王,28,75,6.87,5,0.06
2026-04-20,11,04,4,5345,牧村俊輝,21,65,6.81,4,0.22
2026-04-20,11,05,6,5309,森雄利,40,55,6.85,6,0.03
2026-04-20,11,06,2,5336,瀬川大地,56,17,6.85,2,0.18
2026-04-20,12,01,1,5016,宮田龍馬,32,45,6.83,1,0.12
2026-04-20,12,02,4,5267,石本裕武,46,18,6.79,4,0.16
2026-04-20,12,03,3,5252,荒木颯斗,27,63,6.85,3,0.13
2026-04-20,12,04,6,5369,岡崎凪汰,11,26,6.72,6,0.20
2026-04-20,12,05,2,5286,坂井滉哉,15,51,6.84,2,0.15
2026-04-20,12,06,5,5398,鐘ヶ江真司,59,24,6.76,5,0.26
2026-04-21,1,01,2,5246,楠将太郎,20,56,6.76,2,0.17
2026-04-21,1,02,1,5258,仲本舜,36,49,6.8,1,0.23
2026-04-21,1,03,5,5208,屋良龍紀,50,12,6.81,5,0.19
2026-04-21,1,04,4,5161,登玉隼百,71,40,6.8,4,0.19
2026-04-21,1,05,3,5270,小玉啓太,39,57,6.84,3,0.22
2026-04-21,1,06,6,5345,牧村俊輝,21,65,6.69,6,0.24
2026-04-21,2,01,1,5247,大森翼,24,50,6.77,1,0.12
2026-04-21,2,02,3,5145,島川海輝,49,22,6.76,3,0.08
2026-04-21,2,03,2,5134,大原祥昌,30,53,6.79,2,0.10
2026-04-21,2,04,4,5420,吉原快誓,26,69,6.78,4,0.08
2026-04-21,2,05,5,5382,山下心一,41,60,6.85,5,0.08
2026-04-21,2,06,6,5318,河内一馬,65,35,6.83,6,0.07
2026-04-21,3,01,3,5220,青木蓮,13,78,6.82,3,0.07
2026-04-21,3,02,5,5127,沼田大都,63,23,6.82,5,0.18
2026-04-21,3,03,4,5222,津田陸翔,34,58,6.73,4,0.10
2026-04-21,3,04,6,5398,鐘ヶ江真司,59,24,6.73,6,0.16
2026-04-21,3,05,1,5236,小宮涼雅,62,64,6.83,1,0.11
2026-04-21,3,06,2,5309,森雄利,40,55,6.83,2,0.08
2026-04-21,4,01,4,5351,齊藤廉,58,54,6.84,4,0.08
2026-04-21,4,02,5,5170,佐藤太亮,18,61,6.85,5,0.07
2026-04-21,4,03,6,5012,加倉侑征,64,15,6.93,6,0.12
2026-04-21,4,04,1,5211,高井駿弥,69,66,6.88,1,0.06
2026-04-21,4,F,2,5267,石本裕武,46,18,6.74,2,F0.01
2026-04-21,4,F,3,5319,近藤颯斗,66,21,6.84,3,F0.01
2026-04-21,5,01,1,5246,楠将太郎,20,56,6.86,1,0.14
2026-04-21,5,02,2,5081,篠原飛翔,38,33,6.78,2,0.12
2026-04-21,5,03,3,5276,大島隆乃介,43,68,6.83,3,0.07
2026-04-21,5,04,4,5221,竹間隆晟,74,25,6.85,4,0.06
2026-04-21,5,05,6,5282,中本大樹,29,32,6.8,6,0.00
2026-04-21,5,06,5,5307,富永夏哉人,17,27,6.91,5,0.05
2026-04-21,6,01,1,5244,黒田剛,23,41,6.8,1,0.06
2026-04-21,6,02,2,5196,鰐部太空海,53,30,6.76,2,0.06
2026-04-21,6,03,6,5252,荒木颯斗,27,63,6.86,6,0.05
2026-04-21,6,04,4,5343,小林礼央,60,70,6.87,4,0.05
2026-04-21,6,05,5,5374,木山大聖,73,76,6.83,5,0.04
2026-04-21,6,06,3,5336,瀬川大地,56,17,6.9,3,0.06
2026-04-21,7,01,3,5191,飛田江己,48,36,6.76,3,0.10
2026-04-21,7,02,1,5216,長谷川晴哉,35,74,6.84,1,0.11
2026-04-21,7,03,2,5208,屋良龍紀,50,12,6.87,2,0.12
2026-04-21,7,04,4,5134,大原祥昌,30,53,6.87,4,0.12
2026-04-21,7,05,6,5286,坂井滉哉,15,51,6.86,6,0.11
2026-04-21,7,06,5,5426,甲斐貴大,44,43,6.88,5,0.06
2026-04-21,8,01,1,5222,津田陸翔,34,58,6.76,1,0.06
2026-04-21,8,02,2,5369,岡崎凪汰,11,26,6.77,2,0.15
2026-04-21,8,03,4,5016,宮田龍馬,32,45,6.84,4,0.14
2026-04-21,8,04,5,5270,小玉啓太,39,57,6.93,5,0.12
2026-04-21,8,05,3,5382,山下心一,41,60,6.92,3,0.17
2026-04-21,8,06,6,5185,加藤優弥,33,29,6.9,6,0.15
2026-04-21,9,01,1,5034,若林義人,22,47,6.84,1,0.07
2026-04-21,9,02,3,5351,齊藤廉,58,54,6.83,3,0.13
2026-04-21,9,03,5,5145,島川海輝,49,22,6.81,5,0.12
2026-04-21,9,04,4,5377,鳥居塚嶺王,28,75,6.86,4,0.14
2026-04-21,9,05,6,5138,村本大成,47,59,6.85,6,0.18
2026-04-21,9,06,2,5236,小宮涼雅,62,64,6.84,2,0.16
2026-04-21,10,01,5,5161,登玉隼百,71,40,6.82,5,0.13
2026-04-21,10,02,1,5221,竹間隆晟,74,25,6.82,1,0.17
2026-04-21,10,03,3,5316,村松将平,25,72,6.82,3,0.21
2026-04-21,10,04,4,5127,沼田大都,63,23,6.86,4,0.19
2026-04-21,10,05,2,5170,佐藤太亮,18,61,6.83,2,0.13
2026-04-21,10,06,6,5302,秋末秦悟,14,11,6.85,6,0.17
2026-04-21,11,01,1,5196,鰐部太空海,53,30,6.77,1,0.06
2026-04-21,11,02,4,5220,青木蓮,13,78,6.8,4,0.19
2026-04-21,11,03,3,5247,大森翼,24,50,6.8,3,0.10
2026-04-21,11,04,2,5211,高井駿弥,69,66,6.9,2,0.09
2026-04-21,11,05,5,5258,仲本舜,36,49,6.89,5,0.16
2026-04-21,11,06,6,5276,大島隆乃介,43,68,6.79,6,0.14
2026-04-21,12,01,5,5191,飛田江己,48,36,6.77,5,0.09
2026-04-21,12,02,4,5081,篠原飛翔,38,33,6.73,4,0.07
2026-04-21,12,03,1,5267,石本裕武,46,18,6.72,1,0.16
2026-04-21,12,04,2,5252,荒木颯斗,27,63,6.83,2,0.14
2026-04-21,12,05,3,5309,森雄利,40,55,6.84,3,0.15
2026-04-21,12,06,6,5420,吉原快誓,26,69,6.81,6,0.09
2026-04-22,1,01,2,5282,中本大樹,29,32,6.79,2,0.11
2026-04-22,1,02,1,5208,屋良龍紀,50,12,6.89,1,0.05
2026-04-22,1,03,5,5318,河内一馬,65,35,6.83,5,0.07
2026-04-22,1,04,3,5246,楠将太郎,20,56,6.86,3,0.08
2026-04-22,1,05,6,5426,甲斐貴大,44,43,6.91,6,0.08
2026-04-22,1,06,4,5420,吉原快誓,26,69,6.85,4,0.07
2026-04-22,2,01,1,5316,村松将平,25,72,6.83,1,0.14
2026-04-22,2,02,4,5369,岡崎凪汰,11,26,6.71,4,0.12
2026-04-22,2,03,5,5351,齊藤廉,58,54,6.9,5,0.11
2026-04-22,2,04,2,5398,鐘ヶ江真司,59,24,6.79,2,0.09
2026-04-22,2,05,6,5343,小林礼央,60,70,6.96,6,0.14
2026-04-22,2,06,3,5309,森雄利,40,55,6.85,3,0.14
2026-04-22,3,01,5,5222,津田陸翔,34,58,6.8,5,0.05
2026-04-22,3,02,4,5244,黒田剛,23,41,6.81,4,0.03
2026-04-22,3,03,1,5216,長谷川晴哉,35,74,6.88,1,0.05
2026-04-22,3,04,6,5382,山下心一,41,60,6.89,6,0.18
2026-04-22,3,05,2,5307,富永夏哉人,17,27,6.9,2,0.20
2026-04-22,3,06,3,5220,青木蓮,13,78,6.89,3,0.21
2026-04-22,4,01,5,5221,竹間隆晟,74,25,6.84,5,0.13
2026-04-22,4,02,1,5161,登玉隼百,71,40,6.87,1,0.15
2026-04-22,4,03,3,5211,高井駿弥,69,66,6.92,3,0.14
2026-04-22,4,04,2,5286,坂井滉哉,15,51,6.9,2,0.17
2026-04-22,4,05,6,5270,小玉啓太,39,57,6.91,6,0.21
2026-04-22,4,06,4,5377,鳥居塚嶺王,28,75,6.9,4,0.09
2026-04-22,5,01,1,5016,宮田龍馬,32,45,6.87,1,0.12
2026-04-22,5,02,2,5145,島川海輝,49,22,6.85,2,0.12
2026-04-22,5,03,5,5034,若林義人,22,47,6.87,5,0.13
2026-04-22,5,04,3,5170,佐藤太亮,18,61,6.88,3,0.11
2026-04-22,5,05,4,5258,仲本舜,36,49,6.92,4,0.28
2026-04-22,5,06,6,5374,木山大聖,73,76,6.84,6,0.10
2026-04-22,6,01,5,5191,飛田江己,48,36,6.78,5,0.04
2026-04-22,6,02,2,5138,村本大成,47,59,6.91,2,0.11
2026-04-22,6,03,6,5319,近藤颯斗,66,21,6.88,6,0.06
2026-04-22,6,04,3,5134,大原祥昌,30,53,6.89,3,0.09
2026-04-22,6,05,4,5247,大森翼,24,50,6.86,4,0.13
2026-04-22,6,06,1,5196,鰐部太空海,53,30,6.81,1,0.21
2026-04-22,7,01,1,5252,荒木颯斗,27,63,6.83,1,0.19
2026-04-22,7,02,2,5336,瀬川大地,56,17,6.89,2,0.17
2026-04-22,7,03,4,5276,大島隆乃介,43,68,6.86,4,0.17
2026-04-22,7,04,5,5345,牧村俊輝,21,65,6.8,5,0.08
2026-04-22,7,05,6,5012,加倉侑征,64,15,6.97,6,0.20
2026-04-22,7,06,3,5236,小宮涼雅,62,64,6.9,3,0.16
2026-04-22,8,01,1,5081,篠原飛翔,38,33,6.79,1,0.22
2026-04-22,8,02,5,5398,鐘ヶ江真司,59,24,6.8,5,0.06
2026-04-22,8,03,6,5185,加藤優弥,33,29,6.85,6,0.11
2026-04-22,8,04,3,5127,沼田大都,63,23,6.81,3,0.30
2026-04-22,8,05,2,5244,黒田剛,23,41,6.82,2,0.28
2026-04-22,8,06,4,5302,秋末秦悟,14,11,6.83,4,0.23
2026-04-22,9,01,1,5222,津田陸翔,34,58,6.74,1,0.14
2026-04-22,9,02,2,5016,宮田龍馬,32,45,6.82,2,0.14
2026-04-22,9,03,4,5282,中本大樹,29,32,6.78,4,0.11
2026-04-22,9,04,6,5161,登玉隼百,71,40,6.83,6,0.12
2026-04-22,9,05,5,5216,長谷川晴哉,35,74,6.83,5,0.09
2026-04-22,9,06,3,5351,齊藤廉,58,54,6.85,3,0.12
2026-04-22,10,01,1,5034,若林義人,22,47,6.88,1,0.13
2026-04-22,10,02,2,5196,鰐部太空海,53,30,6.83,2,0.13
2026-04-22,10,03,3,5221,竹間隆晟,74,25,6.82,3,0.17
2026-04-22,10,04,4,5220,青木蓮,13,78,6.75,4,0.26
2026-04-22,10,05,5,5316,村松将平,25,72,6.86,5,0.31
2026-04-22,10,06,6,5208,屋良龍紀,50,12,6.79,6,0.26
2026-04-22,11,01,1,5191,飛田江己,48,36,6.78,1,0.10
2026-04-22,11,02,3,5145,島川海輝,49,22,6.86,3,0.11
2026-04-22,11,03,4,5246,楠将太郎,20,56,6.88,4,0.12
2026-04-22,11,04,2,5081,篠原飛翔,38,33,6.85,2,0.14
2026-04-22,11,05,5,5252,荒木颯斗,27,63,6.88,5,0.18
2026-04-22,11,06,6,5377,鳥居塚嶺王,28,75,6.85,6,0.21
2026-04-22,12,01,1,5369,岡崎凪汰,11,26,6.79,1,0.13
2026-04-22,12,02,6,5267,石本裕武,46,18,6.83,6,0.15
2026-04-22,12,03,2,5247,大森翼,24,50,6.92,2,0.14
2026-04-22,12,04,5,5211,高井駿弥,69,66,6.95,5,0.21
2026-04-22,12,05,3,5345,牧村俊輝,21,65,6.87,3,0.19
2026-04-22,12,06,4,5374,木山大聖,73,76,6.88,4,0.24
2026-04-23,1,01,1,5351,齊藤廉,58,54,6.89,1,0.13
2026-04-23,1,02,5,5258,仲本舜,36,49,6.98,5,0.10
2026-04-23,1,03,3,5286,坂井滉哉,15,51,6.98,3,0.10
2026-04-23,1,04,2,5318,河内一馬,65,35,6.94,2,0.11
2026-04-23,1,05,4,5270,小玉啓太,39,57,6.98,4,0.16
2026-04-23,1,06,6,5343,小林礼央,60,70,6.99,6,0.08
2026-04-23,2,01,1,5246,楠将太郎,20,56,6.9,1,0.23
2026-04-23,2,02,2,5316,村松将平,25,72,6.85,2,0.25
2026-04-23,2,03,4,5138,村本大成,47,59,6.91,4,0.10
2026-04-23,2,04,5,5170,佐藤太亮,18,61,6.9,5,0.14
2026-04-23,2,05,3,5307,富永夏哉人,17,27,6.91,3,0.14
2026-04-23,2,06,6,5426,甲斐貴大,44,43,6.95,6,0.05
2026-04-23,3,01,1,5208,屋良龍紀,50,12,6.94,1,0.18
2026-04-23,3,02,3,5127,沼田大都,63,23,6.9,3,0.27
2026-04-23,3,03,2,5276,大島隆乃介,43,68,6.9,2,0.20
2026-04-23,3,04,5,5336,瀬川大地,56,17,6.97,5,0.23
2026-04-23,3,05,6,5382,山下心一,41,60,6.96,6,0.32
2026-04-23,3,06,4,5377,鳥居塚嶺王,28,75,6.89,4,0.20
2026-04-23,4,01,1,5244,黒田剛,23,41,6.86,1,0.13
2026-04-23,4,02,3,5302,秋末秦悟,14,11,6.91,3,0.15
2026-04-23,4,03,2,5216,長谷川晴哉,35,74,6.96,2,0.17
2026-04-23,4,04,5,5236,小宮涼雅,62,64,6.9,5,0.07
2026-04-23,4,05,4,5282,中本大樹,29,32,6.84,4,0.21
2026-04-23,4,06,6,5374,木山大聖,73,76,6.93,6,0.07
2026-04-23,5,01,1,5134,大原祥昌,30,53,6.96,1,0.03
2026-04-23,5,02,2,5161,登玉隼百,71,62,6.94,2,0.08
2026-04-23,5,03,3,5211,高井駿弥,69,66,7.02,3,0.12
2026-04-23,5,04,4,5081,篠原飛翔,38,33,6.91,4,0.14
2026-04-23,5,05,6,5319,近藤颯斗,66,21,6.93,6,0.17
2026-04-23,5,06,5,5420,吉原快誓,26,69,6.97,5,0.19
2026-04-23,6,01,1,5398,鐘ヶ江真司,59,24,6.71,1,0.15
2026-04-23,6,02,4,5221,竹間隆晟,74,25,6.78,4,0.21
2026-04-23,6,03,3,5318,河内一馬,65,35,6.95,3,0.23
2026-04-23,6,04,5,5307,富永夏哉人,17,27,6.85,5,0.20
2026-04-23,6,05,6,5185,加藤優弥,33,29,6.84,6,0.18
2026-04-23,6,06,2,5252,荒木颯斗,27,63,6.83,2,0.18
2026-04-23,7,01,1,5220,青木蓮,13,78,6.8,1,0.11
2026-04-23,7,02,3,5138,村本大成,47,59,6.85,3,0.12
2026-04-23,7,03,2,5270,小玉啓太,39,57,6.88,2,0.13
2026-04-23,7,04,4,5343,小林礼央,60,70,6.87,4,0.18
2026-04-23,7,05,6,5012,加倉侑征,64,15,6.96,6,0.26
2026-04-23,7,06,5,5127,沼田大都,63,23,6.86,5,0.16
2026-04-23,8,01,1,5170,佐藤太亮,18,61,6.83,1,0.11
2026-04-23,8,02,6,5267,石本裕武,46,18,6.76,6,0.16
2026-04-23,8,03,5,5286,坂井滉哉,15,51,6.82,5,0.17
2026-04-23,8,04,4,5345,牧村俊輝,21,65,6.75,4,0.14
2026-04-23,8,05,2,5309,森雄利,40,55,6.84,2,0.19
2026-04-23,8,06,3,5336,瀬川大地,56,17,6.84,3,0.18
2026-04-23,9,01,5,5134,大原祥昌,30,53,6.86,5,0.09
2026-04-23,9,02,1,5258,仲本舜,36,49,6.84,1,0.12
2026-04-23,9,03,6,5369,岡崎凪汰,11,26,6.75,6,0.11
2026-04-23,9,04,4,5276,大島隆乃介,43,68,6.8,4,0.10
2026-04-23,9,05,3,5247,大森翼,24,50,6.84,3,0.25
2026-04-23,9,06,2,5302,秋末秦悟,14,11,6.86,2,0.21
2026-04-23,10,01,3,5161,登玉隼百,71,62,6.81,3,0.11
2026-04-23,10,02,2,5246,楠将太郎,20,56,6.85,2,0.12
2026-04-23,10,03,1,5282,中本大樹,29,32,6.78,1,0.13
2026-04-23,10,04,4,5252,荒木颯斗,27,63,6.85,4,0.09
2026-04-23,10,05,5,5351,齊藤廉,58,54,6.88,5,0.22
2026-04-23,10,06,6,5208,屋良龍紀,50,12,6.86,6,0.17
2026-04-23,11,01,1,5221,竹間隆晟,74,25,6.79,1,0.08
2026-04-23,11,02,2,5081,篠原飛翔,38,33,6.78,2,0.12
2026-04-23,11,03,4,5316,村松将平,25,72,6.83,4,0.11
2026-04-23,11,04,5,5216,長谷川晴哉,35,74,6.82,5,0.14
2026-04-23,11,05,3,5220,青木蓮,13,78,6.79,3,0.12
2026-04-23,11,06,6,5377,鳥居塚嶺王,28,75,6.87,6,0.16
2026-04-23,12,01,1,5191,飛田江己,48,36,6.69,1,0.14
2026-04-23,12,02,5,5196,鰐部太空海,53,30,6.79,5,0.20
2026-04-23,12,03,3,5222,津田陸翔,34,58,6.74,3,0.21
2026-04-23,12,04,2,5034,若林義人,22,47,6.83,2,0.23
2026-04-23,12,05,4,5016,宮田龍馬,32,45,6.78,4,0.19
2026-04-23,12,06,6,5145,島川海輝,49,22,6.81,6,0.23
2026-04-26,1,01,2,4431,石塚裕介,69,18,6.87,2,0.18
2026-04-26,1,02,1,3527,中嶋誠一郎,64,11,6.94,1,0.13
2026-04-26,1,03,3,4744,伊藤玲奈,22,36,6.87,3,0.18
2026-04-26,1,04,4,5079,大石真央,44,35,6.85,4,0.25
2026-04-26,1,05,6,4785,木幡純也,15,41,6.93,5,0.27
2026-04-26,1,06,5,5384,八戸琉楓,28,45,6.88,6,0.30
2026-04-26,2,01,2,4055,吉田俊彦,71,50,6.93,2,0.10
2026-04-26,2,02,6,4146,柳橋宏紀,11,70,6.89,6,0.10
2026-04-26,2,03,3,4889,後藤盛也,32,33,6.85,3,0.08
2026-04-26,2,04,5,5232,樅山拓馬,17,15,6.98,5,0.12
2026-04-26,2,05,1,3461,渡邊哲也,49,17,6.92,1,0.20
2026-04-26,2,06,4,5395,日高龍之介,74,56,6.87,4,0.10
2026-04-26,3,01,1,4580,長谷川雅和,43,55,6.95,1,0.05
2026-04-26,3,02,4,4983,前田篤哉,23,74,6.85,4,0.17
2026-04-26,3,03,3,5155,内山七海,58,21,6.91,3,0.08
2026-04-26,3,04,5,4813,宮内直哉,14,43,6.92,5,0.20
2026-04-26,3,05,2,4839,四宮与寛,63,24,6.96,2,0.04
2026-04-26,3,06,6,3294,野中義生,21,59,6.91,6,0.21
2026-04-26,4,01,1,5057,上田紗奈,50,12,6.85,1,0.12
2026-04-26,4,02,4,3265,今村暢孝,60,20,7.0,2,0.08
2026-04-26,4,03,5,5055,眞鳥章太,66,68,6.94,5,0.13
2026-04-26,4,04,3,5236,小宮涼雅,53,57,6.93,4,0.13
2026-04-26,4,05,6,3870,寺嶋雄,59,72,6.94,6,0.12
2026-04-26,4,06,2,5128,坪井爽佑,56,22,6.9,3,0.31
2026-04-26,5,01,1,3584,佐々木英樹,46,62,6.93,1,0.14
2026-04-26,5,02,5,4979,中野夢斗,48,66,6.89,5,0.22
2026-04-26,5,03,2,4232,笠雅雄,47,63,6.93,2,0.15
2026-04-26,5,04,3,4857,加藤翔馬,27,29,6.98,3,0.14
2026-04-26,5,05,4,5090,生方靖亜,40,26,6.93,4,0.19
2026-04-26,5,06,6,3906,飯山晃三,65,69,6.93,6,0.51
2026-04-26,6,01,6,4571,菅章哉,13,58,6.79,6,0.07
2026-04-26,6,02,3,4954,内山峻輔,18,23,6.94,3,0.11
2026-04-26,6,03,2,4984,森下愛梨,62,32,6.94,2,0.24
2026-04-26,6,04,5,3619,長谷川充,38,25,6.91,5,0.16
2026-04-26,6,05,1,4257,古川健,36,49,6.92,1,0.09
2026-04-26,6,06,4,5384,八戸琉楓,28,45,6.92,4,0.22
2026-04-26,7,01,1,4174,赤坂俊輔,24,47,6.87,1,0.12
2026-04-26,7,02,6,4889,後藤盛也,32,33,6.85,6,0.15
2026-04-26,7,03,3,3562,山下和彦,73,19,6.86,3,0.14
2026-04-26,7,04,4,3775,泉啓文,26,78,6.9,4,0.11
2026-04-26,7,05,2,4744,伊藤玲奈,22,36,6.95,2,0.18
2026-04-26,7,F,5,3820,樫葉次郎,41,51,7.01,5,F0.01
2026-04-26,8,01,4,3516,吉原聖人,34,67,6.82,4,0.22
2026-04-26,8,02,2,3912,川原正明,20,27,6.89,2,0.17
2026-04-26,8,03,1,5155,内山七海,58,21,6.88,1,0.16
2026-04-26,8,04,6,4259,真庭明志,30,75,6.89,6,0.23
2026-04-26,8,05,5,5395,日高龍之介,74,56,6.91,5,0.20
2026-04-26,8,06,3,5079,大石真央,44,35,6.91,3,0.28
2026-04-26,9,01,1,4594,谷川祐一,33,53,6.9,1,0.19
2026-04-26,9,02,5,3527,中嶋誠一郎,64,11,7.0,5,0.19
2026-04-26,9,03,3,3703,鳥飼眞,25,54,6.89,3,0.28
2026-04-26,9,04,4,5232,樅山拓馬,17,15,6.93,4,0.20
2026-04-26,9,05,6,5128,坪井爽佑,56,22,6.86,6,0.21
2026-04-26,9,06,2,4813,宮内直哉,14,43,6.91,2,0.21
2026-04-26,10,01,1,4718,北川太一,29,30,6.85,1,0.14
2026-04-26,10,02,3,5090,生方靖亜,40,26,6.88,3,0.18
2026-04-26,10,03,4,4839,四宮与寛,63,24,6.87,4,0.13
2026-04-26,10,04,6,4633,森智也,35,61,6.86,6,0.30
2026-04-26,10,05,5,5057,上田紗奈,50,12,6.79,5,0.16
2026-04-26,10,06,2,4785,木幡純也,15,41,6.92,2,0.18
2026-04-26,11,01,1,5055,眞鳥章太,66,68,6.9,1,0.14
2026-04-26,11,02,3,4979,中野夢斗,48,66,6.87,3,0.17
2026-04-26,11,03,4,4580,長谷川雅和,43,55,6.91,4,0.18
2026-04-26,11,04,6,4984,森下愛梨,62,32,6.91,6,0.25
2026-04-26,11,05,2,4146,柳橋宏紀,11,70,6.87,2,0.14
2026-04-26,11,06,5,4431,石塚裕介,69,18,6.94,5,0.24
2026-04-26,12,01,1,4857,加藤翔馬,27,29,6.96,1,0.12
2026-04-26,12,02,6,4983,前田篤哉,23,74,6.87,6,0.14
2026-04-26,12,03,5,4055,吉田俊彦,71,50,6.95,5,0.14
2026-04-26,12,04,2,3265,今村暢孝,60,20,6.89,2,0.16
2026-04-26,12,05,4,4174,赤坂俊輔,24,47,6.87,4,0.13
2026-04-26,12,06,3,4571,菅章哉,13,58,6.83,3,0.19
2026-04-27,1,01,2,4718,北川太一,29,30,6.88,2,0.10
2026-04-27,1,02,1,3906,飯山晃三,65,69,6.94,1,0.14
2026-04-27,1,03,3,3870,寺嶋雄,59,72,6.9,3,0.18
2026-04-27,1,04,5,3294,野中義生,21,59,6.92,5,0.10
2026-04-27,1,05,6,3619,長谷川充,38,25,6.97,6,0.14
2026-04-27,1,06,4,5055,眞鳥章太,66,68,6.95,4,0.12
2026-04-27,2,01,2,4259,真庭明志,30,75,6.88,2,0.13
2026-04-27,2,02,1,3516,吉原聖人,34,67,6.83,1,0.22
2026-04-27,2,03,4,3562,山下和彦,73,19,6.95,4,0.13
2026-04-27,2,04,5,4633,森智也,35,61,6.97,5,0.14
2026-04-27,2,05,6,3775,泉啓文,26,78,6.91,6,0.15
2026-04-27,2,06,3,5384,八戸琉楓,28,45,6.94,3,0.17
2026-04-27,3,01,6,3703,鳥飼眞,25,54,6.87,4,0.14
2026-04-27,3,02,2,4857,加藤翔馬,27,29,7.01,2,0.12
2026-04-27,3,03,5,4580,長谷川雅和,43,55,6.98,3,0.11
2026-04-27,3,04,1,5232,樅山拓馬,17,15,6.92,1,0.16
2026-04-27,3,05,4,4257,古川健,36,49,6.97,6,0.13
2026-04-27,3,06,3,4431,石塚裕介,69,18,6.95,5,0.18
2026-04-27,4,01,2,5057,上田紗奈,50,12,6.85,2,0.18
2026-04-27,4,02,5,3584,佐々木英樹,46,62,6.94,4,0.24
2026-04-27,4,03,3,4983,前田篤哉,23,74,6.88,3,0.18
2026-04-27,4,04,6,4594,谷川祐一,33,53,6.95,5,0.24
2026-04-27,4,05,1,5236,小宮涼雅,53,57,6.91,1,0.15
2026-04-27,4,06,4,4984,森下愛梨,62,32,6.9,6,0.26
2026-04-27,5,01,3,3912,川原正明,20,27,6.87,3,0.08
2026-04-27,5,02,5,4174,赤坂俊輔,24,47,6.86,5,0.05
2026-04-27,5,03,4,4232,笠雅雄,47,63,6.91,4,0.07
2026-04-27,5,04,2,3461,渡邊哲也,49,17,6.97,2,0.15
2026-04-27,5,05,1,5128,坪井爽佑,56,22,6.88,1,0.13
2026-04-27,5,06,6,5395,日高龍之介,74,56,6.91,6,0.11
2026-04-27,6,01,2,4979,中野夢斗,48,66,6.87,2,0.07
2026-04-27,6,02,1,3294,野中義生,21,59,6.85,1,0.17
2026-04-27,6,03,3,4055,吉田俊彦,71,50,6.95,3,0.10
2026-04-27,6,04,4,3527,中嶋誠一郎,64,11,7.01,4,0.22
2026-04-27,6,05,6,4744,伊藤玲奈,22,36,6.99,6,0.27
2026-04-27,6,06,5,4889,後藤盛也,32,33,6.87,5,0.08
2026-04-27,7,01,4,4571,菅章哉,13,38,6.75,4,0.06
2026-04-27,7,02,1,4633,森智也,35,61,6.91,1,0.16
2026-04-27,7,03,5,5079,大石真央,44,35,6.91,5,0.10
2026-04-27,7,04,3,4785,木幡純也,15,41,6.94,3,0.19
2026-04-27,7,05,2,3906,飯山晃三,65,69,6.92,2,0.18
2026-04-27,7,06,6,3820,樫葉次郎,41,51,6.99,6,0.22
2026-04-27,8,01,4,4954,内山峻輔,18,23,6.91,5,0.01
2026-04-27,8,02,3,3516,吉原聖人,34,67,6.83,4,0.01
2026-04-27,8,03,2,4580,長谷川雅和,43,55,6.92,3,0.11
2026-04-27,8,04,6,3265,今村暢孝,60,77,6.95,1,0.28
2026-04-27,8,05,1,4984,森下愛梨,62,32,6.89,2,0.31
2026-04-27,8,F,5,5090,生方靖亜,40,26,6.88,6,F0.01
2026-04-27,9,01,1,4146,柳橋宏紀,11,70,6.8,1,0.16
2026-04-27,9,02,4,4813,宮内直哉,14,43,6.86,4,0.19
2026-04-27,9,03,5,5236,小宮涼雅,53,57,6.87,5,0.23
2026-04-27,9,04,2,3775,泉啓文,26,78,6.88,2,0.24
2026-04-27,9,05,6,4857,加藤翔馬,27,29,6.89,6,0.31
2026-04-27,9,06,3,5055,眞鳥章太,66,68,6.85,3,0.25
2026-04-27,10,01,4,3870,寺嶋雄,59,72,6.85,4,0.14
2026-04-27,10,02,2,4983,前田篤哉,23,74,6.79,2,0.11
2026-04-27,10,03,1,4259,真庭明志,30,75,6.84,1,0.14
2026-04-27,10,04,6,4839,四宮与寛,63,24,6.84,6,0.12
2026-04-27,10,05,3,3461,渡邊哲也,49,17,6.93,3,0.15
2026-04-27,10,06,5,4257,古川健,36,49,6.86,5,0.12
2026-04-27,11,01,1,4055,吉田俊彦,71,50,6.92,1,0.15
2026-04-27,11,02,2,3619,長谷川充,38,25,6.92,2,0.16
2026-04-27,11,03,6,4232,笠雅雄,47,63,6.9,6,0.14
2026-04-27,11,04,3,4594,谷川祐一,33,53,6.93,3,0.15
2026-04-27,11,05,4,4431,石塚裕介,69,18,6.91,4,0.14
2026-04-27,11,06,5,3562,山下和彦,73,19,6.89,5,0.12
2026-04-27,12,01,1,4571,菅章哉,13,38,6.78,1,0.14
2026-04-27,12,02,5,4718,北川太一,29,30,6.88,5,0.12
2026-04-27,12,03,4,3912,川原正明,20,27,6.86,4,0.16
2026-04-27,12,04,6,4954,内山峻輔,18,23,6.91,6,0.18
2026-04-27,12,05,2,3703,鳥飼眞,25,54,6.87,2,0.19
2026-04-27,12,06,3,3584,佐々木英樹,46,62,6.92,3,0.19
2026-04-28,1,01,1,4259,真庭明志,30,75,6.9,1,0.11
2026-04-28,1,02,2,4954,内山峻輔,18,23,6.91,2,0.12
2026-04-28,1,03,3,5128,坪井爽佑,56,22,6.88,3,0.14
2026-04-28,1,04,4,4889,後藤盛也,32,33,6.88,4,0.11
2026-04-28,1,05,6,3912,川原正明,20,27,6.86,6,0.14
2026-04-28,1,06,5,3775,泉啓文,26,78,6.91,5,0.14
2026-04-28,2,01,1,3562,山下和彦,73,19,6.91,1,0.20
2026-04-28,2,02,3,4839,四宮与寛,63,24,6.93,3,0.25
2026-04-28,2,03,2,3527,中嶋誠一郎,64,11,7.06,2,0.21
2026-04-28,2,04,5,3703,鳥飼眞,25,54,6.89,5,0.22
2026-04-28,2,05,4,4785,木幡純也,15,41,7.0,4,0.24
2026-04-28,2,06,6,5384,八戸琉楓,28,45,6.98,6,0.37
2026-04-28,3,01,3,4146,柳橋宏紀,11,70,6.85,3,0.05
2026-04-28,3,02,2,4718,北川太一,29,30,6.85,2,0.07
2026-04-28,3,03,5,4571,菅章哉,13,38,6.77,6,0.22
2026-04-28,3,04,1,4744,伊藤玲奈,22,36,6.91,1,0.23
2026-04-28,3,05,4,4984,森下愛梨,62,32,6.9,4,0.15
2026-04-28,3,06,6,4431,石塚裕介,69,18,6.93,5,0.20
2026-04-28,4,01,4,4979,中野夢斗,48,66,6.9,4,0.10
2026-04-28,4,02,1,4232,笠雅雄,47,63,6.88,1,0.15
2026-04-28,4,03,3,3906,飯山晃三,65,69,6.91,3,0.15
2026-04-28,4,04,6,5057,上田紗奈,50,12,6.81,6,0.16
2026-04-28,4,05,2,4055,吉田俊彦,71,50,6.92,2,0.13
2026-04-28,4,06,5,5395,日高龍之介,74,56,6.91,5,0.16
2026-04-28,5,01,1,3870,寺嶋雄,59,72,6.88,1,0.12
2026-04-28,5,02,2,5079,大石真央,44,35,6.9,5,0.08
2026-04-28,5,03,3,4174,赤坂俊輔,24,47,6.92,3,0.13
2026-04-28,5,04,6,3820,樫葉次郎,41,51,7.05,2,0.08
2026-04-28,5,05,4,3461,渡邊哲也,49,17,7.0,6,0.13
2026-04-28,5,S1,5,4594,谷川祐一,33,53,6.91,4,0.09
2026-04-28,6,01,3,3294,野中義生,21,59,6.9,4,0.15
2026-04-28,6,02,2,4889,後藤盛也,32,33,6.93,3,0.25
2026-04-28,6,03,1,3619,長谷川充,38,25,6.96,1,0.16
2026-04-28,6,04,5,3265,今村暢孝,60,77,6.99,2,0.26
2026-04-28,6,05,6,4813,宮内直哉,14,43,6.9,6,0.18
2026-04-28,6,06,4,4633,森智也,35,61,6.93,5,0.15
2026-04-28,7,01,2,5055,眞鳥章太,66,68,6.89,2,0.26
2026-04-28,7,02,1,3703,鳥飼眞,25,54,6.84,1,0.32
2026-04-28,7,03,6,5090,生方靖亜,40,26,6.87,6,0.33
2026-04-28,7,04,3,5232,樅山拓馬,17,15,6.92,3,0.26
2026-04-28,7,05,5,4954,内山峻輔,18,23,6.95,5,0.29
2026-04-28,7,06,4,5236,小宮涼雅,53,57,6.86,4,0.51
2026-04-28,8,01,5,3912,川原正明,20,27,6.92,4,0.17
2026-04-28,8,02,2,3516,吉原聖人,34,67,6.83,2,0.18
2026-04-28,8,03,6,4580,長谷川雅和,43,55,6.94,6,0.19
2026-04-28,8,04,3,4571,菅章哉,13,38,6.82,3,0.23
2026-04-28,8,05,1,4785,木幡純也,15,41,6.96,1,0.53
2026-04-28,8,F,4,5395,日高龍之介,74,56,6.94,5,F0.01
2026-04-28,9,01,1,5079,大石真央,44,35,6.86,1,0.09
2026-04-28,9,02,2,3562,山下和彦,73,19,6.84,2,0.12
2026-04-28,9,03,5,4984,森下愛梨,62,32,6.83,5,0.15
2026-04-28,9,04,3,4232,笠雅雄,47,63,6.87,3,0.13
2026-04-28,9,05,6,4257,古川健,36,49,6.85,6,0.10
2026-04-28,9,06,4,5128,坪井爽佑,56,22,6.82,4,0.21
2026-04-28,10,01,3,4813,宮内直哉,14,43,6.84,4,0.10
2026-04-28,10,02,4,3584,佐々木英樹,46,62,6.9,5,0.17
2026-04-28,10,03,5,4146,柳橋宏紀,11,70,6.79,6,0.13
2026-04-28,10,04,1,4979,中野夢斗,48,66,6.85,1,0.19
2026-04-28,10,05,6,4174,赤坂俊輔,24,47,6.85,2,0.18
2026-04-28,10,06,2,5384,八戸琉楓,28,45,6.92,3,0.24
2026-04-28,11,01,1,4983,前田篤哉,23,74,6.79,1,0.06
2026-04-28,11,02,4,4718,北川太一,29,30,6.83,4,0.04
2026-04-28,11,03,3,3527,中嶋誠一郎,64,11,6.94,3,0.04
2026-04-28,11,04,2,4633,森智也,35,61,6.86,2,0.08
2026-04-28,11,05,5,4259,真庭明志,30,75,6.87,5,0.09
2026-04-28,11,06,6,5232,樅山拓馬,17,15,6.88,6,0.13
2026-04-28,12,01,1,3265,今村暢孝,60,77,6.98,1,0.07
2026-04-28,12,02,3,5057,上田紗奈,50,12,6.8,3,0.08
2026-04-28,12,03,5,4839,四宮与寛,63,24,6.89,5,0.09
2026-04-28,12,04,6,5055,眞鳥章太,66,68,6.89,6,0.09
2026-04-28,12,05,4,4744,伊藤玲奈,22,36,6.94,4,0.08
2026-04-28,12,S0,2,4594,谷川祐一,33,53,6.9,2,0.10
2026-04-29,1,01,2,3265,今村暢孝,60,77,6.9,1,0.21
2026-04-29,1,02,3,4259,真庭明志,30,75,6.82,3,0.17
2026-04-29,1,03,5,4232,笠雅雄,47,63,6.85,5,0.16
2026-04-29,1,04,1,3775,泉啓文,26,78,6.86,2,0.21
2026-04-29,1,05,4,3619,長谷川充,38,25,6.86,4,0.17
2026-04-29,1,06,6,5236,小宮涼雅,53,57,6.79,6,0.20
2026-04-29,2,01,1,4889,後藤盛也,32,33,6.83,1,0.12
2026-04-29,2,02,5,3906,飯山晃三,65,69,6.84,5,0.30
2026-04-29,2,03,3,3703,鳥飼眞,25,54,6.82,3,0.14
2026-04-29,2,04,4,3294,野中義生,21,59,6.86,4,0.24
2026-04-29,2,05,2,3562,山下和彦,73,19,6.84,2,0.12
2026-04-29,2,06,6,3584,佐々木英樹,46,62,6.85,6,0.31
2026-04-29,3,01,3,4580,長谷川雅和,43,55,6.9,3,0.00
2026-04-29,3,02,4,4146,柳橋宏紀,11,70,6.83,4,0.02
2026-04-29,3,03,2,4633,森智也,35,61,6.89,2,0.04
2026-04-29,3,04,5,4983,前田篤哉,23,74,6.77,5,0.05
2026-04-29,3,05,1,3912,川原正明,20,27,6.79,1,0.02
2026-04-29,3,06,6,3461,渡邊哲也,49,17,6.93,6,0.08
2026-04-29,4,01,1,4839,四宮与寛,63,24,6.82,1,0.13
2026-04-29,4,02,3,4174,赤坂俊輔,24,47,6.87,3,0.17
2026-04-29,4,03,4,4954,内山峻輔,18,23,6.86,4,0.16
2026-04-29,4,04,6,3516,吉原聖人,34,67,6.79,6,0.14
2026-04-29,4,05,2,5232,樅山拓馬,17,15,6.89,2,0.24
2026-04-29,4,06,5,3527,中嶋誠一郎,64,11,6.95,5,0.17
2026-04-29,5,01,3,4257,古川健,36,49,6.86,4,0.06
2026-04-29,5,02,4,4055,吉田俊彦,71,50,6.93,5,0.12
2026-04-29,5,03,5,4718,北川太一,29,30,6.82,3,0.22
2026-04-29,5,04,2,3870,寺嶋雄,59,72,6.84,2,0.19
2026-04-29,5,05,6,5079,大石真央,44,35,6.88,6,0.13
2026-04-29,5,06,1,5384,八戸琉楓,28,45,6.9,1,0.28
2026-04-29,6,01,4,5057,上田紗奈,50,12,6.77,4,0.07
2026-04-29,6,02,6,5090,生方靖亜,40,26,6.8,6,0.14
2026-04-29,6,03,5,4594,谷川祐一,33,53,6.86,5,0.11
2026-04-29,6,04,3,4984,森下愛梨,62,32,6.83,3,0.35
2026-04-29,6,05,1,4813,宮内直哉,14,43,6.8,1,0.23
2026-04-29,6,06,2,5236,小宮涼雅,53,57,6.86,2,0.21
2026-04-29,7,01,1,4571,菅章哉,13,38,6.76,1,0.16
2026-04-29,7,02,2,3584,佐々木英樹,46,62,6.86,2,0.18
2026-04-29,7,03,4,4979,中野夢斗,48,66,6.87,4,0.19
2026-04-29,7,04,3,3619,長谷川充,38,25,6.9,3,0.22
2026-04-29,7,05,5,5128,坪井爽佑,56,22,6.86,5,0.31
2026-04-29,7,06,6,3820,樫葉次郎,41,51,6.97,6,0.26
2026-04-29,8,01,2,4983,前田篤哉,23,74,6.76,2,0.10
2026-04-29,8,02,4,4839,四宮与寛,63,24,6.8,4,0.07
2026-04-29,8,03,6,3562,山下和彦,73,19,6.82,6,0.15
2026-04-29,8,04,1,4431,石塚裕介,69,18,6.85,1,0.15
2026-04-29,8,05,3,3775,泉啓文,26,78,6.86,3,0.10
2026-04-29,8,06,5,4744,伊藤玲奈,22,36,6.97,5,0.13
2026-04-29,9,01,6,4718,北川太一,29,30,6.79,3,0.04
2026-04-29,9,02,3,3265,今村暢孝,60,77,6.88,2,0.05
2026-04-29,9,03,4,3703,鳥飼眞,25,54,6.84,5,0.24
2026-04-29,9,04,1,4954,内山峻輔,18,23,6.84,1,0.07
2026-04-29,9,05,2,4257,古川健,36,49,6.83,4,0.08
2026-04-29,9,06,5,3461,渡邊哲也,49,17,6.87,6,0.23
2026-04-29,10,01,6,4055,吉田俊彦,71,50,6.91,4,0.09
2026-04-29,10,02,5,3516,吉原聖人,34,67,6.79,6,0.10
2026-04-29,10,03,2,4594,谷川祐一,33,53,6.89,2,0.10
2026-04-29,10,04,3,3912,川原正明,20,27,6.82,3,0.06
2026-04-29,10,05,1,5055,眞鳥章太,66,68,6.82,1,0.12
2026-04-29,10,06,4,3906,飯山晃三,65,69,6.84,5,0.11
2026-04-29,11,01,1,4174,赤坂俊輔,24,47,6.83,1,0.15
2026-04-29,11,02,3,4633,森智也,35,61,6.85,2,0.22
2026-04-29,11,03,4,4259,真庭明志,30,75,6.8,3,0.20
2026-04-29,11,04,5,3870,寺嶋雄,59,72,6.8,4,0.17
2026-04-29,11,05,2,3294,野中義生,21,59,6.78,6,0.16
2026-04-29,11,06,6,4979,中野夢斗,48,66,6.83,5,0.16
2026-04-29,12,01,3,4889,後藤盛也,32,33,6.83,3,0.06
2026-04-29,12,02,1,3527,中嶋誠一郎,64,11,6.89,1,0.14
2026-04-29,12,03,2,4580,長谷川雅和,43,55,6.84,2,0.12
2026-04-29,12,04,4,5128,坪井爽佑,56,22,6.82,4,0.12
2026-04-29,12,05,5,5384,八戸琉楓,28,45,6.81,5,0.06
2026-04-29,12,06,6,5395,日高龍之介,74,56,6.75,6,0.01
2026-04-30,1,01,4,4232,笠雅雄,47,63,6.9,4,0.20
2026-04-30,1,02,2,3870,寺嶋雄,59,72,6.91,2,0.32
2026-04-30,1,03,5,5057,上田紗奈,50,12,6.82,5,0.19
2026-04-30,1,04,1,4954,内山峻輔,18,23,6.92,1,0.33
2026-04-30,1,05,3,4744,伊藤玲奈,22,36,6.94,3,0.36
2026-04-30,1,06,6,3527,中嶋誠一郎,64,11,6.99,6,0.27
2026-04-30,2,01,2,4839,四宮与寛,63,24,6.9,2,0.09
2026-04-30,2,02,6,5055,眞鳥章太,66,68,6.9,6,0.07
2026-04-30,2,03,5,3294,野中義生,21,59,6.88,5,0.07
2026-04-30,2,04,3,4979,中野夢斗,48,66,6.9,3,0.21
2026-04-30,2,05,4,3775,泉啓文,26,78,6.94,4,0.16
2026-04-30,2,06,1,3516,吉原聖人,34,67,6.77,1,0.18
2026-04-30,3,01,2,3584,佐々木英樹,46,62,6.9,2,0.13
2026-04-30,3,02,1,3703,鳥飼眞,25,54,6.86,1,0.14
2026-04-30,3,03,3,3912,川原正明,20,27,6.79,3,0.15
2026-04-30,3,04,5,4055,吉田俊彦,71,50,6.92,5,0.30
2026-04-30,3,05,4,4431,石塚裕介,69,18,6.9,4,0.32
2026-04-30,3,06,6,3461,渡邊哲也,49,17,6.94,6,0.36
2026-04-30,4,01,1,4174,赤坂俊輔,24,47,6.83,1,0.15
2026-04-30,4,02,2,5079,大石真央,44,35,6.93,2,0.16
2026-04-30,4,03,4,4633,森智也,35,61,6.93,4,0.24
2026-04-30,4,04,3,3619,長谷川充,38,25,6.94,3,0.20
2026-04-30,4,05,5,4580,長谷川雅和,43,55,6.89,5,0.30
2026-04-30,4,06,6,3562,山下和彦,73,19,6.9,6,0.34
2026-04-30,5,01,5,4718,北川太一,29,30,6.88,3,0.12
2026-04-30,5,02,2,5128,坪井爽佑,56,22,6.88,4,0.19
2026-04-30,5,03,3,4259,真庭明志,30,75,6.88,2,0.16
2026-04-30,5,04,6,3906,飯山晃三,65,69,6.95,6,0.23
2026-04-30,5,05,4,5232,樅山拓馬,17,15,6.96,5,0.18
2026-04-30,5,06,1,4983,前田篤哉,23,74,6.84,1,0.09
2026-04-30,6,01,4,5236,小宮涼雅,53,57,6.91,4,0.07
2026-04-30,6,02,3,4984,森下愛梨,62,32,6.93,3,0.23
2026-04-30,6,03,1,4889,後藤盛也,32,33,6.87,1,0.21
2026-04-30,6,04,5,4744,伊藤玲奈,22,36,7.0,5,0.19
2026-04-30,6,05,6,4571,菅章哉,13,38,6.84,6,0.16
2026-04-30,6,06,2,5384,八戸琉楓,28,45,6.94,2,0.58
2026-04-30,7,01,4,4594,谷川祐一,33,53,6.92,4,0.12
2026-04-30,7,02,5,4232,笠雅雄,47,63,6.91,5,0.14
2026-04-30,7,03,1,4146,柳橋宏紀,11,70,6.85,1,0.17
2026-04-30,7,04,2,4813,宮内直哉,14,43,6.87,2,0.22
2026-04-30,7,05,3,5055,眞鳥章太,66,68,6.9,3,0.19
2026-04-30,7,06,6,5395,日高龍之介,74,56,6.82,6,0.54
2026-04-30,8,01,1,3265,今村暢孝,60,77,6.97,1,0.18
2026-04-30,8,02,2,4257,古川健,36,49,6.89,3,0.19
2026-04-30,8,03,4,3294,野中義生,21,59,6.88,5,0.19
2026-04-30,8,04,6,3820,樫葉次郎,41,51,7.0,2,0.17
2026-04-30,8,05,5,3619,長谷川充,38,25,6.94,6,0.18
2026-04-30,8,06,3,4431,石塚裕介,69,18,6.93,4,0.21
2026-04-30,9,01,2,4983,前田篤哉,23,74,6.79,2,0.03
2026-04-30,9,02,1,4055,吉田俊彦,71,50,6.95,1,0.06
2026-04-30,9,03,3,4174,赤坂俊輔,24,47,6.78,3,0.07
2026-04-30,9,04,4,4979,中野夢斗,48,66,6.86,4,0.08
2026-04-30,9,05,6,4954,内山峻輔,18,23,6.88,6,0.11
2026-04-30,9,06,5,3584,佐々木英樹,46,62,6.88,5,0.13
2026-04-30,10,01,2,3516,吉原聖人,34,67,6.81,2,0.06
2026-04-30,10,02,3,4580,長谷川雅和,43,55,6.91,3,0.06
2026-04-30,10,03,6,3703,鳥飼眞,25,54,6.93,5,0.11
2026-04-30,10,04,4,4259,真庭明志,30,75,6.88,4,0.07
2026-04-30,10,05,5,3870,寺嶋雄,59,72,6.92,6,0.06
2026-04-30,10,F,1,4571,菅章哉,13,38,6.86,1,F0.07
2026-04-30,11,01,4,3912,川原正明,20,27,6.87,4,0.13
2026-04-30,11,02,2,4146,柳橋宏紀,11,70,6.85,2,0.09
2026-04-30,11,03,6,4889,後藤盛也,32,33,6.89,6,0.14
2026-04-30,11,04,1,4718,北川太一,29,30,6.86,1,0.13
2026-04-30,11,05,5,4839,四宮与寛,63,24,6.92,5,0.33
2026-04-30,11,06,3,5057,上田紗奈,50,12,6.82,3,0.14
2026-04-30,12,01,1,3906,飯山晃三,65,69,6.89,1,0.15
2026-04-30,12,02,2,5236,小宮涼雅,53,57,6.85,2,0.14
2026-04-30,12,03,6,5090,生方靖亜,40,26,6.84,6,0.22
2026-04-30,12,04,4,5079,大石真央,44,35,6.9,4,0.19
2026-04-30,12,05,5,3775,泉啓文,26,78,6.93,5,0.22
2026-04-30,12,06,3,4813,宮内直哉,14,43,6.83,3,0.15
2026-05-01,1,01,2,4431,石塚裕介,69,18,6.9,2,0.09
2026-05-01,1,02,1,3584,佐々木英樹,46,62,6.9,1,0.09
2026-05-01,1,03,5,4257,古川健,36,49,6.94,5,0.15
2026-05-01,1,04,4,3906,飯山晃三,65,69,6.89,4,0.18
2026-05-01,1,05,3,3775,泉啓文,26,78,6.87,3,0.17
2026-05-01,1,06,6,3461,渡邊哲也,49,17,6.96,6,0.44
2026-05-01,2,01,3,3294,野中義生,21,59,6.86,4,0.17
2026-05-01,2,02,1,3870,寺嶋雄,59,72,6.87,1,0.32
2026-05-01,2,03,4,5384,八戸琉楓,28,45,6.95,5,0.22
2026-05-01,2,04,2,3619,長谷川充,38,25,6.94,2,0.37
2026-05-01,2,05,6,4594,谷川祐一,33,53,6.95,3,0.31
2026-05-01,2,06,5,4813,宮内直哉,14,43,6.9,6,0.21
2026-05-01,3,01,1,4839,四宮与寛,63,24,6.88,1,0.05
2026-05-01,3,02,2,4984,森下愛梨,62,32,6.9,3,0.17
2026-05-01,3,03,6,4174,赤坂俊輔,24,47,6.89,2,0.19
2026-05-01,3,04,5,5079,大石真央,44,35,6.91,6,0.29
2026-05-01,3,05,3,5232,樅山拓馬,17,15,6.94,4,0.13
2026-05-01,3,06,4,4744,伊藤玲奈,22,36,6.97,5,0.39
2026-05-01,4,01,6,3265,今村暢孝,60,77,6.89,1,0.08
2026-05-01,4,02,1,4633,森智也,35,61,6.92,2,0.37
2026-05-01,4,03,2,3527,中嶋誠一郎,64,11,6.96,3,0.00
2026-05-01,4,04,5,5128,坪井爽佑,56,22,6.89,6,0.16
2026-05-01,4,F,3,4718,北川太一,29,30,6.89,4,F0.01
2026-05-01,4,F,4,4889,後藤盛也,32,33,6.89,5,F0.01
2026-05-01,5,01,1,4232,笠雅雄,47,63,6.85,1,0.18
2026-05-01,5,02,5,3562,山下和彦,73,19,6.85,5,0.24
2026-05-01,5,03,4,3703,鳥飼眞,25,54,6.82,4,0.18
2026-05-01,5,04,2,4259,真庭明志,30,75,6.85,2,0.19
2026-05-01,5,05,3,4257,古川健,36,49,6.85,3,0.19
2026-05-01,5,06,6,5090,生方靖亜,40,26,6.87,6,0.24
2026-05-01,6,01,2,4954,内山峻輔,18,23,6.94,4,0.07
2026-05-01,6,02,4,4813,宮内直哉,14,43,6.86,2,0.22
2026-05-01,6,03,1,5057,上田紗奈,50,12,6.78,1,0.13
2026-05-01,6,04,6,3820,樫葉次郎,41,51,6.99,3,0.20
2026-05-01,6,05,3,5384,八戸琉楓,28,45,6.89,5,0.09
2026-05-01,6,06,5,5236,小宮涼雅,53,57,6.86,6,0.11
2026-05-01,7,01,1,4594,谷川祐一,33,53,6.86,1,0.20
2026-05-01,7,02,4,3619,長谷川充,38,25,6.93,4,0.20
2026-05-01,7,03,3,3906,飯山晃三,65,69,6.89,3,0.14
2026-05-01,7,04,5,4431,石塚裕介,69,18,6.89,5,0.25
2026-05-01,7,05,6,4571,菅章哉,13,38,6.8,6,0.15
2026-05-01,7,06,2,4744,伊藤玲奈,22,36,6.92,2,0.25
2026-05-01,8,01,5,3265,今村暢孝,60,77,6.89,2,0.11
2026-05-01,8,02,1,4979,中野夢斗,48,66,6.88,1,0.19
2026-05-01,8,03,3,5079,大石真央,44,35,6.87,5,0.10
2026-05-01,8,04,2,3775,泉啓文,26,78,6.9,3,0.19
2026-05-01,8,05,4,5232,樅山拓馬,17,15,6.91,4,0.22
2026-05-01,8,06,6,5395,日高龍之介,74,56,6.79,6,0.20
2026-05-01,9,01,1,3562,山下和彦,73,19,6.86,1,0.28
2026-05-01,9,02,3,3527,中嶋誠一郎,64,11,6.97,3,0.24
2026-05-01,9,03,6,4633,森智也,35,61,6.9,6,0.24
2026-05-01,9,04,4,5055,眞鳥章太,66,68,6.87,4,0.21
2026-05-01,9,05,5,4984,森下愛梨,62,32,6.85,5,0.24
2026-05-01,9,06,2,3294,野中義生,21,59,6.81,2,0.21
2026-05-01,10,01,1,3703,鳥飼眞,25,54,6.81,1,0.18
2026-05-01,10,02,2,4889,後藤盛也,32,33,6.81,2,0.16
2026-05-01,10,03,3,4259,真庭明志,30,75,6.87,3,0.18
2026-05-01,10,04,4,4839,四宮与寛,63,24,6.83,4,0.16
2026-05-01,10,05,6,3584,佐々木英樹,46,62,6.84,6,0.18
2026-05-01,10,06,5,5057,上田紗奈,50,12,6.78,5,0.18
2026-05-01,11,01,5,4146,柳橋宏紀,11,70,6.8,5,0.21
2026-05-01,11,02,1,4983,前田篤哉,23,74,6.77,1,0.14
2026-05-01,11,03,6,4580,長谷川雅和,43,55,6.83,6,0.25
2026-05-01,11,04,4,4055,吉田俊彦,71,50,6.86,4,0.26
2026-05-01,11,05,2,3516,吉原聖人,34,67,6.73,2,0.19
2026-05-01,11,06,3,3912,川原正明,20,27,6.78,3,0.12
2026-05-01,12,01,2,4718,北川太一,29,30,6.8,2,0.13
2026-05-01,12,02,1,4174,赤坂俊輔,24,47,6.81,1,0.13
2026-05-01,12,03,5,4954,内山峻輔,18,23,6.87,5,0.11
2026-05-01,12,04,4,3870,寺嶋雄,59,72,6.8,4,0.13
2026-05-01,12,05,6,4232,笠雅雄,47,63,6.84,6,0.09
2026-05-01,12,06,3,4979,中野夢斗,48,66,6.84,3,0.19
2026-05-07,1,01,3,4966,田川大貴,56,40,6.89,3,0.13
2026-05-07,1,02,1,3906,飯山晃三,22,49,6.92,1,0.07
2026-05-07,1,03,6,4919,吉田翔悟,38,27,6.86,6,0.15
2026-05-07,1,04,2,4765,野田部宏子,58,23,6.95,2,0.02
2026-05-07,1,05,5,4562,阪本勇介,14,63,6.9,5,0.17
2026-05-07,1,06,4,4816,村松修二,71,32,6.95,4,0.22
2026-05-07,2,01,4,4549,小林文彦,47,47,6.92,4,0.14
2026-05-07,2,02,1,4213,重富伸也,62,36,6.87,1,0.09
2026-05-07,2,03,2,3349,吉田一郎,21,74,6.91,2,0.12
2026-05-07,2,04,3,3944,山口裕二,50,29,6.86,3,0.08
2026-05-07,2,05,5,4499,滝川真由子,40,78,6.88,5,0.08
2026-05-07,2,06,6,4173,岡谷健吾,36,41,6.9,6,0.07
2026-05-07,3,01,4,4695,尾崎雄二,11,72,6.81,4,0.11
2026-05-07,3,02,2,4497,桑原悠,63,68,6.9,2,0.05
2026-05-07,3,03,1,4315,山崎昂介,48,66,6.78,1,0.08
2026-05-07,3,04,3,4764,小池礼乃,32,54,6.91,3,0.04
2026-05-07,3,05,6,3508,久富政弘,20,43,6.9,6,0.17
2026-05-07,3,06,5,5261,岡暢祐,30,18,6.91,5,0.15
2026-05-07,4,01,4,4747,山戸信二,49,30,6.91,4,0.15
2026-05-07,4,02,1,3523,寳田亮治,26,59,6.93,1,0.20
2026-05-07,4,03,5,3779,原田幸哉,25,58,6.89,5,0.11
2026-05-07,4,04,6,5208,屋良龍紀,44,22,6.94,6,0.16
2026-05-07,4,05,2,4106,坂井康嗣,60,21,6.97,2,0.22
2026-05-07,4,06,3,3871,池田紫乃,41,12,6.94,3,0.18
2026-05-07,5,01,2,4096,石橋道友,65,53,6.86,2,0.19
2026-05-07,5,02,3,4498,宮本夏樹,59,62,6.89,3,0.14
2026-05-07,5,03,6,4241,大串重幸,73,55,6.98,6,0.26
2026-05-07,5,04,5,5309,森雄利,16,70,6.93,5,0.19
2026-05-07,5,05,4,4562,阪本勇介,14,63,6.94,4,0.32
2026-05-07,5,06,1,4408,仁科さやか,35,75,6.97,1,0.20
2026-05-07,6,01,4,4072,森永淳,74,25,6.87,4,0.06
2026-05-07,6,02,1,4842,山下昂大,29,50,6.96,1,0.15
2026-05-07,6,03,5,5420,吉原快誓,69,17,7.01,5,0.06
2026-05-07,6,04,6,4553,坪口竜也,24,61,6.94,6,0.11
2026-05-07,6,05,2,4919,吉田翔悟,38,27,6.91,2,0.30
2026-05-07,6,06,3,4720,西澤日花里,33,19,6.95,3,0.17
2026-05-07,7,01,1,3777,樋口亮,18,45,6.92,1,0.01
2026-05-07,7,02,2,4171,榎幸司,46,15,6.95,2,0.05
2026-05-07,7,03,3,5261,岡暢祐,30,18,6.98,3,0.04
2026-05-07,7,04,4,4173,岡谷健吾,36,41,6.9,4,0.17
2026-05-07,7,05,5,4765,野田部宏子,58,23,6.97,5,0.12
2026-05-07,7,06,6,5457,山田陽翔,13,26,6.99,6,0.40
2026-05-07,8,01,4,3576,白水勝也,34,33,6.9,4,0.13
2026-05-07,8,02,2,3508,久富政弘,20,43,6.97,2,0.14
2026-05-07,8,03,6,4747,山戸信二,49,30,7.03,6,0.19
2026-05-07,8,04,3,5369,岡崎凪汰,66,35,6.9,3,0.20
2026-05-07,8,05,1,4816,村松修二,71,32,7.01,1,0.20
2026-05-07,8,06,5,4213,重富伸也,62,36,6.92,5,0.13
2026-05-07,9,01,1,5015,高橋竜矢,15,69,6.95,1,0.15
2026-05-07,9,02,3,4259,真庭明志,23,24,6.91,3,0.15
2026-05-07,9,03,6,4695,尾崎雄二,11,72,6.89,6,0.10
2026-05-07,9,04,2,4549,小林文彦,47,47,6.98,2,0.14
2026-05-07,9,05,4,3523,寳田亮治,26,59,6.96,4,0.16
2026-05-07,9,06,5,3906,飯山晃三,22,49,7.02,5,0.16
2026-05-07,10,01,1,4499,滝川真由子,40,78,6.9,1,0.19
2026-05-07,10,02,2,4764,小池礼乃,32,54,6.92,2,0.23
2026-05-07,10,03,4,5250,嶋田有里,43,51,6.87,4,0.14
2026-05-07,10,04,3,4924,中北涼,53,56,6.96,3,0.21
2026-05-07,10,05,6,3871,池田紫乃,41,12,6.95,6,0.17
2026-05-07,10,06,5,4408,仁科さやか,35,75,6.93,5,0.19
2026-05-07,11,01,1,4966,田川大貴,56,40,6.88,1,0.07
2026-05-07,11,02,3,4072,森永淳,74,25,6.86,3,0.10
2026-05-07,11,03,2,5208,屋良龍紀,44,22,6.9,2,0.07
2026-05-07,11,04,5,4497,桑原悠,63,68,6.88,5,0.13
2026-05-07,11,S2,4,3349,吉田一郎,21,74,6.9,4,0.11
2026-05-07,11,S0,6,4498,宮本夏樹,59,62,6.86,6,0.11
2026-05-07,12,01,1,3779,原田幸哉,25,58,6.83,1,0.12
2026-05-07,12,02,2,3944,山口裕二,50,29,6.87,2,0.15
2026-05-07,12,03,3,4096,石橋道友,65,53,6.84,3,0.15
2026-05-07,12,04,5,4315,山崎昂介,48,66,6.79,5,0.15
2026-05-07,12,05,6,4171,榎幸司,46,15,6.9,6,0.21
2026-05-07,12,06,4,4553,坪口竜也,24,61,6.88,4,0.14
2026-05-08,1,01,5,4498,宮本夏樹,59,62,6.89,5,0.11
2026-05-08,1,02,3,3777,樋口亮,18,45,6.95,3,0.18
2026-05-08,1,03,1,4720,西澤日花里,33,19,6.99,1,0.20
2026-05-08,1,04,6,4315,山崎昂介,48,66,6.88,6,0.15
2026-05-08,1,05,4,5208,屋良龍紀,44,22,6.98,4,0.13
2026-05-08,1,06,2,4553,坪口竜也,24,61,6.97,2,0.34
2026-05-08,2,01,3,5261,岡暢祐,30,18,6.94,3,0.22
2026-05-08,2,02,4,4842,山下昂大,29,50,6.95,4,0.20
2026-05-08,2,03,5,5369,岡崎凪汰,66,35,6.89,5,0.22
2026-05-08,2,04,1,4241,大串重幸,73,55,7.01,1,0.28
2026-05-08,2,05,2,4499,滝川真由子,40,78,6.91,2,0.23
2026-05-08,2,06,6,5457,山田陽翔,13,26,6.95,6,0.28
2026-05-08,3,01,1,4549,小林文彦,47,47,6.96,1,0.12
2026-05-08,3,02,4,4072,森永淳,74,25,6.94,4,0.11
2026-05-08,3,03,3,4171,榎幸司,46,15,7.01,3,0.14
2026-05-08,3,04,5,4747,山戸信二,49,30,6.98,5,0.17
2026-05-08,3,05,6,4106,坂井康嗣,60,21,6.99,6,0.15
2026-05-08,3,06,2,5250,嶋田有里,43,51,6.95,2,0.17
2026-05-08,4,01,1,4695,尾崎雄二,11,72,6.87,1,0.29
2026-05-08,4,02,2,5015,高橋竜矢,15,69,6.96,2,0.20
2026-05-08,4,03,6,3944,山口裕二,50,29,6.98,4,0.15
2026-05-08,4,04,3,5309,森雄利,16,70,7.01,3,0.19
2026-05-08,4,05,5,4764,小池礼乃,32,54,6.97,6,0.19
2026-05-08,4,06,4,4765,野田部宏子,58,23,7.0,5,0.14
2026-05-08,5,01,4,4497,桑原悠,63,68,6.92,4,0.17
2026-05-08,5,02,3,4213,重富伸也,62,36,6.95,3,0.18
2026-05-08,5,03,6,4816,村松修二,71,32,7.02,6,0.17
2026-05-08,5,04,1,4562,阪本勇介,14,63,7.01,1,0.26
2026-05-08,5,05,2,3871,池田紫乃,41,12,7.03,2,0.27
2026-05-08,5,06,5,5420,吉原快誓,69,17,6.99,5,0.14
2026-05-08,6,01,1,4498,宮本夏樹,59,62,6.86,1,0.32
2026-05-08,6,02,3,3576,白水勝也,34,33,6.87,3,0.35
2026-05-08,6,03,2,3523,寳田亮治,26,59,6.91,2,0.36
2026-05-08,6,04,5,4919,吉田翔悟,38,27,6.89,5,0.19
2026-05-08,6,05,4,4924,中北涼,53,56,6.9,4,0.24
2026-05-08,6,06,6,4966,田川大貴,56,40,6.93,6,0.21
2026-05-08,7,01,1,4259,真庭明志,23,24,6.95,1,0.13
2026-05-08,7,02,2,4315,山崎昂介,48,66,6.88,2,0.23
2026-05-08,7,03,5,4549,小林文彦,47,47,7.0,5,0.29
2026-05-08,7,04,4,4096,石橋道友,65,53,6.89,4,0.22
2026-05-08,7,05,3,4408,仁科さやか,35,75,7.02,3,0.24
2026-05-08,7,06,6,5457,山田陽翔,13,26,7.0,6,0.16
2026-05-08,8,01,4,4106,坂井康嗣,60,21,7.03,4,0.13
2026-05-08,8,02,6,3906,飯山晃三,22,49,7.02,6,0.17
2026-05-08,8,03,3,4553,坪口竜也,24,61,6.99,3,0.25
2026-05-08,8,04,1,3508,久富政弘,20,43,6.99,1,0.19
2026-05-08,8,05,5,5015,高橋竜矢,15,69,6.97,5,0.13
2026-05-08,8,06,2,5369,岡崎凪汰,66,35,6.89,2,0.25
2026-05-08,9,01,3,3779,原田幸哉,25,58,6.92,3,0.04
2026-05-08,9,02,4,4171,榎幸司,46,15,7.0,4,0.11
2026-05-08,9,03,5,5208,屋良龍紀,44,22,6.97,5,0.04
2026-05-08,9,04,1,4173,岡谷健吾,36,41,6.91,1,0.09
2026-05-08,9,05,2,5309,森雄利,16,70,6.94,2,0.07
2026-05-08,9,06,6,4499,滝川真由子,40,78,6.92,6,0.08
2026-05-08,10,01,1,3944,山口裕二,50,29,6.91,1,0.22
2026-05-08,10,02,6,3523,寳田亮治,26,59,6.92,6,0.19
2026-05-08,10,03,2,5261,岡暢祐,30,18,6.96,2,0.18
2026-05-08,10,04,4,4720,西澤日花里,33,19,6.98,4,0.14
2026-05-08,10,05,5,4072,森永淳,74,25,6.93,5,0.13
2026-05-08,10,06,3,4816,村松修二,71,32,6.97,3,0.23
2026-05-08,11,01,5,4695,尾崎雄二,11,72,6.84,5,0.23
2026-05-08,11,02,1,3576,白水勝也,34,33,6.86,1,0.07
2026-05-08,11,03,2,4747,山戸信二,49,30,6.98,2,0.14
2026-05-08,11,04,3,4842,山下昂大,29,50,6.95,3,0.12
2026-05-08,11,05,6,3777,樋口亮,18,45,6.91,6,0.18
2026-05-08,11,06,4,5420,吉原快誓,69,17,6.98,4,0.21
2026-05-08,12,01,1,4497,桑原悠,63,68,6.91,1,0.02
2026-05-08,12,02,4,4259,真庭明志,23,24,6.97,4,0.15
2026-05-08,12,03,3,4241,大串重幸,73,55,7.03,3,0.12
2026-05-08,12,04,5,5250,嶋田有里,43,51,6.93,5,0.19
2026-05-08,12,05,6,4924,中北涼,53,56,6.98,6,0.28
2026-05-08,12,06,2,3906,飯山晃三,22,49,7.0,2,0.14
2026-05-09,1,01,1,4924,中北涼,53,56,6.91,1,0.15
2026-05-09,1,02,3,4720,西澤日花里,33,19,6.95,3,0.15
2026-05-09,1,03,6,5250,嶋田有里,43,51,6.89,6,0.19
2026-05-09,1,04,2,4562,阪本勇介,14,63,6.94,2,0.19
2026-05-09,1,05,5,5369,岡崎凪汰,66,35,6.84,5,0.19
2026-05-09,1,06,4,5420,吉原快誓,69,17,6.99,4,0.21
2026-05-09,2,01,2,4966,田川大貴,56,40,6.84,2,0.08
2026-05-09,2,02,5,4173,岡谷健吾,36,41,6.89,5,0.07
2026-05-09,2,03,3,4842,山下昂大,29,50,6.9,3,0.05
2026-05-09,2,04,1,4106,坂井康嗣,60,21,6.92,1,0.11
2026-05-09,2,05,6,4213,重富伸也,62,36,6.86,6,0.07
2026-05-09,2,F,4,4764,小池礼乃,32,54,6.85,4,F0.01
2026-05-09,3,01,2,4241,大串重幸,73,55,6.91,2,0.06
2026-05-09,3,02,4,3508,久富政弘,20,43,6.88,4,0.13
2026-05-09,3,03,3,5015,高橋竜矢,15,69,6.9,3,0.06
2026-05-09,3,04,1,5208,屋良龍紀,44,22,6.88,1,0.01
2026-05-09,3,05,5,5309,森雄利,16,70,6.86,5,0.11
2026-05-09,3,06,6,5457,山田陽翔,13,26,6.87,6,0.17
2026-05-09,4,01,3,4315,山崎昂介,48,66,6.76,3,0.17
2026-05-09,4,02,4,3576,白水勝也,34,33,6.84,4,0.17
2026-05-09,4,03,5,3523,寳田亮治,26,59,6.9,5,0.21
2026-05-09,4,04,1,3871,池田紫乃,41,12,6.94,1,0.16
2026-05-09,4,05,2,3777,樋口亮,18,45,6.89,2,0.22
2026-05-09,4,06,6,4259,真庭明志,23,24,6.84,6,0.18
2026-05-09,5,01,4,5261,岡暢祐,30,18,6.91,4,0.01
2026-05-09,5,02,6,4408,仁科さやか,35,75,6.9,6,0.04
2026-05-09,5,03,5,5420,吉原快誓,69,17,6.87,5,0.01
2026-05-09,5,F,1,4919,吉田翔悟,38,27,6.81,1,F0.02
2026-05-09,5,F,2,3779,原田幸哉,25,58,6.83,2,F0.01
2026-05-09,5,F,3,4765,野田部宏子,58,23,6.91,3,F0.03
2026-05-09,6,01,2,4695,尾崎雄二,11,72,6.75,2,0.31
2026-05-09,6,02,5,4096,石橋道友,65,53,6.82,5,0.15
2026-05-09,6,03,4,4499,滝川真由子,40,78,6.84,4,0.15
2026-05-09,6,04,6,4562,阪本勇介,14,63,6.85,6,0.25
2026-05-09,6,05,1,4747,山戸信二,49,30,6.86,1,0.25
2026-05-09,6,06,3,4816,村松修二,71,32,6.93,3,0.15
2026-05-09,7,01,1,4171,榎幸司,46,15,6.93,1,0.12
2026-05-09,7,02,4,3944,山口裕二,50,29,6.87,4,0.16
2026-05-09,7,03,5,4106,坂井康嗣,60,21,6.9,5,0.14
2026-05-09,7,04,3,4924,中北涼,53,56,6.94,3,0.18
2026-05-09,7,05,2,4498,宮本夏樹,59,62,6.85,2,0.16
2026-05-09,7,06,6,5457,山田陽翔,13,26,6.85,6,0.17
2026-05-09,8,01,1,4072,森永淳,74,25,6.79,1,0.14
2026-05-09,8,02,5,3576,白水勝也,34,33,6.77,5,0.27
2026-05-09,8,03,2,4173,岡谷健吾,36,41,6.86,2,0.27
2026-05-09,8,04,4,4241,大串重幸,73,55,6.9,4,0.42
2026-05-09,8,05,6,4549,小林文彦,47,47,6.9,6,0.29
2026-05-09,8,06,3,3906,飯山晃三,22,49,6.92,3,0.30
2026-05-09,9,01,3,4497,桑原悠,63,68,6.82,3,0.25
2026-05-09,9,02,4,3777,樋口亮,18,45,6.84,4,0.18
2026-05-09,9,03,1,5250,嶋田有里,43,51,6.8,1,0.18
2026-05-09,9,04,6,4842,山下昂大,29,50,6.92,6,0.13
2026-05-09,9,05,5,3508,久富政弘,20,43,6.87,5,0.19
2026-05-09,9,06,2,4408,仁科さやか,35,75,6.87,2,0.25
2026-05-09,10,01,1,4553,坪口竜也,24,61,6.83,1,0.02
2026-05-09,10,02,4,3779,原田幸哉,25,58,6.83,4,0.11
2026-05-09,10,03,6,4720,西澤日花里,33,19,6.86,6,0.14
2026-05-09,10,04,3,5309,森雄利,16,70,6.78,3,0.01
2026-05-09,10,05,5,3871,池田紫乃,41,12,6.92,5,0.15
2026-05-09,10,06,2,4213,重富伸也,62,36,6.84,2,0.03
2026-05-09,11,01,1,4096,石橋道友,65,53,6.77,1,0.08
2026-05-09,11,02,5,4966,田川大貴,56,40,6.81,5,0.07
2026-05-09,11,03,6,5015,高橋竜矢,15,69,6.82,6,0.14
2026-05-09,11,04,3,5369,岡崎凪汰,66,35,6.77,3,0.13
2026-05-09,11,05,4,4919,吉田翔悟,38,27,6.8,4,0.09
2026-05-09,11,06,2,4259,真庭明志,23,24,6.8,2,0.15
2026-05-09,12,01,3,5208,屋良龍紀,44,22,6.82,3,0.01
2026-05-09,12,02,1,4764,小池礼乃,32,54,6.79,1,0.14
2026-05-09,12,03,5,4072,森永淳,74,25,6.77,5,0.07
2026-05-09,12,04,4,4498,宮本夏樹,59,62,6.75,4,0.08
2026-05-09,12,05,6,4765,野田部宏子,58,23,6.86,6,0.27
2026-05-09,12,06,2,4816,村松修二,71,32,6.84,2,0.13
2026-05-10,1,01,3,3508,久富政弘,20,43,6.9,3,0.05
2026-05-10,1,02,4,4315,山崎昂介,48,66,6.8,4,0.04
2026-05-10,1,03,5,4924,中北涼,53,56,6.95,5,0.03
2026-05-10,1,04,1,5261,岡暢祐,30,18,6.96,1,0.16
2026-05-10,1,05,6,5457,山田陽翔,13,26,6.91,6,0.03
2026-05-10,1,06,2,4720,西澤日花里,33,19,6.94,2,0.19
2026-05-10,2,01,3,4259,真庭明志,23,24,6.84,3,0.12
2026-05-10,2,02,1,3523,寳田亮治,26,59,6.9,1,0.14
2026-05-10,2,03,5,4171,榎幸司,46,15,6.93,5,0.22
2026-05-10,2,04,4,4173,岡谷健吾,36,41,6.85,4,0.21
2026-05-10,2,05,2,5208,屋良龍紀,44,22,6.93,2,0.14
2026-05-10,2,06,6,5369,岡崎凪汰,66,35,6.81,6,0.33
2026-05-10,3,01,1,4498,宮本夏樹,59,62,6.83,1,0.03
2026-05-10,3,02,5,3944,山口裕二,50,29,6.86,4,0.09
2026-05-10,3,03,2,5250,嶋田有里,43,51,6.85,2,0.05
2026-05-10,3,04,6,3576,白水勝也,34,33,6.84,5,0.08
2026-05-10,3,05,4,4213,重富伸也,62,36,6.92,6,0.17
2026-05-10,3,06,3,4562,阪本勇介,14,63,6.88,3,0.04
2026-05-10,4,01,1,4966,田川大貴,56,40,6.84,1,0.18
2026-05-10,4,02,6,4497,桑原悠,63,68,6.8,6,0.13
2026-05-10,4,03,3,4549,小林文彦,47,47,6.86,3,0.22
2026-05-10,4,04,4,4106,坂井康嗣,60,21,6.93,4,0.26
2026-05-10,4,05,5,4408,仁科さやか,35,75,6.92,5,0.20
2026-05-10,4,06,2,3906,飯山晃三,22,49,6.97,2,0.22
2026-05-10,5,01,3,5015,高橋竜矢,15,69,6.92,3,0.06
2026-05-10,5,02,2,4924,中北涼,53,56,6.92,2,0.07
2026-05-10,5,03,4,4842,山下昂大,29,50,6.92,4,0.03
2026-05-10,5,04,5,4695,尾崎雄二,11,72,6.79,5,0.12
2026-05-10,5,05,1,4241,大串重幸,73,55,6.9,1,0.24
2026-05-10,5,06,6,4765,野田部宏子,58,23,6.94,6,0.12
2026-05-10,6,01,1,4096,石橋道友,65,53,6.81,1,0.11
2026-05-10,6,02,5,4553,坪口竜也,24,61,6.9,5,0.17
2026-05-10,6,03,2,3508,久富政弘,20,43,6.85,2,0.20
2026-05-10,6,04,3,3777,樋口亮,18,45,6.89,3,0.13
2026-05-10,6,05,4,3871,池田紫乃,41,12,6.95,4,0.20
2026-05-10,6,06,6,4764,小池礼乃,32,54,6.86,6,0.24
2026-05-10,7,01,1,4072,森永淳,74,25,6.84,1,0.13
2026-05-10,7,02,3,5250,嶋田有里,43,51,6.89,3,0.18
2026-05-10,7,03,6,3779,原田幸哉,25,58,6.87,6,0.10
2026-05-10,7,04,2,4499,滝川真由子,40,78,6.89,2,0.24
2026-05-10,7,05,4,5208,屋良龍紀,44,22,6.92,4,0.12
2026-05-10,7,06,5,4720,西澤日花里,33,19,6.93,5,0.12
2026-05-10,8,01,1,5309,森雄利,16,70,6.84,1,0.25
2026-05-10,8,02,4,3906,飯山晃三,22,49,6.96,4,0.20
2026-05-10,8,03,2,4173,岡谷健吾,36,41,6.87,2,0.24
2026-05-10,8,04,3,4747,山戸信二,49,30,6.88,3,0.19
2026-05-10,8,05,6,5420,吉原快誓,69,17,6.93,6,0.13
2026-05-10,8,06,5,4816,村松修二,71,32,6.97,5,0.15
2026-05-10,9,01,3,4315,山崎昂介,48,66,6.8,5,0.08
2026-05-10,9,02,2,4966,田川大貴,56,40,6.83,2,0.08
2026-05-10,9,03,1,3576,白水勝也,34,33,6.76,1,0.08
2026-05-10,9,04,6,4241,大串重幸,73,55,6.92,4,0.21
2026-05-10,9,05,5,4259,真庭明志,23,24,6.85,3,0.12
2026-05-10,9,06,4,5261,岡暢祐,30,18,6.87,6,0.13
2026-05-10,10,01,1,4497,桑原悠,63,68,6.8,1,0.10
2026-05-10,10,02,2,4096,石橋道友,65,53,6.79,2,0.12
2026-05-10,10,03,6,4498,宮本夏樹,59,62,6.78,6,0.06
2026-05-10,10,04,3,4171,榎幸司,46,15,6.79,3,0.21
2026-05-10,10,05,4,5015,高橋竜矢,15,69,6.85,4,0.11
2026-05-10,10,06,5,4842,山下昂大,29,50,6.88,5,0.09
2026-05-10,11,01,1,4695,尾崎雄二,11,72,6.72,1,0.01
2026-05-10,11,02,2,4072,森永淳,74,25,6.78,2,0.05
2026-05-10,11,03,4,4549,小林文彦,47,47,6.79,4,0.01
2026-05-10,11,04,6,3523,寳田亮治,26,59,6.83,6,0.03
2026-05-10,11,F,3,3944,山口裕二,50,29,6.86,3,F0.01
2026-05-10,11,F,5,3777,樋口亮,18,45,6.83,5,F0.02
2026-05-10,12,01,1,4553,坪口竜也,24,61,6.79,1,0.12
2026-05-10,12,02,2,4106,坂井康嗣,60,21,6.84,2,0.13
2026-05-10,12,03,4,4747,山戸信二,49,30,6.84,4,0.11
2026-05-10,12,04,5,4213,重富伸也,62,36,6.77,5,0.13
2026-05-10,12,05,6,4919,吉田翔悟,38,27,6.82,6,0.15
2026-05-10,12,06,3,4499,滝川真由子,40,78,6.81,3,0.16
2026-05-11,1,01,4,3508,久富政弘,20,43,6.85,4,0.09
2026-05-11,1,02,3,5208,屋良龍紀,44,22,6.92,3,0.09
2026-05-11,1,03,6,5309,森雄利,16,70,6.84,6,0.06
2026-05-11,1,04,5,5420,吉原快誓,69,17,6.96,5,0.06
2026-05-11,1,05,2,3871,池田紫乃,41,12,6.89,2,0.24
2026-05-11,1,06,1,5369,岡崎凪汰,66,35,6.86,1,0.10
2026-05-11,2,01,1,4747,山戸信二,49,30,6.86,1,0.20
2026-05-11,2,02,2,4408,仁科さやか,35,75,6.94,2,0.25
2026-05-11,2,03,3,5250,嶋田有里,43,51,6.86,3,0.22
2026-05-11,2,04,6,4764,小池礼乃,32,54,6.88,5,0.24
2026-05-11,2,05,4,4562,阪本勇介,14,63,6.85,4,0.25
2026-05-11,2,06,5,5457,山田陽翔,13,26,6.88,6,0.27
2026-05-11,3,01,2,4213,重富伸也,62,36,6.91,2,0.21
2026-05-11,3,02,4,4499,滝川真由子,40,78,6.88,4,0.19
2026-05-11,3,03,3,3906,飯山晃三,22,49,6.96,3,0.21
2026-05-11,3,04,5,4924,中北涼,53,56,6.93,5,0.17
2026-05-11,3,05,1,4720,西澤日花里,33,19,6.89,1,0.26
2026-05-11,3,06,6,4919,吉田翔悟,38,27,6.86,6,0.19
2026-05-11,4,01,4,4106,坂井康嗣,60,21,6.96,4,0.10
2026-05-11,4,02,6,3777,樋口亮,18,45,6.91,6,0.18
2026-05-11,4,03,3,4173,岡谷健吾,36,41,6.89,3,0.17
2026-05-11,4,04,1,5261,岡暢祐,30,18,6.98,1,0.19
2026-05-11,4,05,5,4816,村松修二,71,32,7.0,5,0.19
2026-05-11,4,06,2,3523,寳田亮治,26,59,6.91,2,0.24
2026-05-11,5,01,3,4498,宮本夏樹,59,62,6.84,3,0.20
2026-05-11,5,02,1,4842,山下昂大,29,50,6.93,1,0.22
2026-05-11,5,03,6,3576,白水勝也,34,33,6.86,5,0.22
2026-05-11,5,04,5,4553,坪口竜也,24,61,6.9,4,0.27
2026-05-11,5,05,2,5369,岡崎凪汰,66,35,6.91,2,0.41
2026-05-11,5,06,4,5420,吉原快誓,69,17,6.9,6,0.18
2026-05-11,6,01,1,5015,高橋竜矢,15,69,6.88,1,0.17
2026-05-11,6,02,2,4241,大串重幸,73,55,6.96,2,0.23
2026-05-11,6,03,5,4549,小林文彦,47,47,6.88,5,0.23
2026-05-11,6,04,3,4562,阪本勇介,14,63,6.85,3,0.25
2026-05-11,6,05,4,3871,池田紫乃,41,12,6.95,4,0.27
2026-05-11,6,06,6,5457,山田陽翔,13,26,6.91,6,0.30
2026-05-11,7,01,1,4259,真庭明志,23,24,6.88,1,0.17
2026-05-11,7,02,3,4213,重富伸也,62,36,6.91,3,0.16
2026-05-11,7,03,5,3508,久富政弘,20,43,6.89,5,0.22
2026-05-11,7,04,2,5309,森雄利,16,70,6.87,2,0.23
2026-05-11,7,05,4,4408,仁科さやか,35,75,6.94,4,0.24
2026-05-11,7,06,6,4765,野田部宏子,58,23,7.0,6,0.24
2026-05-11,8,01,1,4171,榎幸司,46,15,6.91,1,0.22
2026-05-11,8,02,6,3944,山口裕二,50,29,6.92,6,0.33
2026-05-11,8,03,4,4173,岡谷健吾,36,41,6.88,4,0.29
2026-05-11,8,04,2,3906,飯山晃三,22,49,6.99,2,0.17
2026-05-11,8,05,5,5208,屋良龍紀,44,22,6.92,5,0.27
2026-05-11,8,06,3,4499,滝川真由子,40,78,6.93,3,0.27
2026-05-11,9,01,1,4816,村松修二,71,32,6.95,1,0.24
2026-05-11,9,02,6,3779,原田幸哉,25,58,6.84,6,0.15
2026-05-11,9,03,2,4924,中北涼,53,56,6.97,2,0.23
2026-05-11,9,04,3,4553,坪口竜也,24,61,6.94,3,0.25
2026-05-11,9,05,5,4106,坂井康嗣,60,21,6.93,5,0.22
2026-05-11,9,06,4,5250,嶋田有里,43,51,6.88,4,0.36
2026-05-11,10,01,5,4842,山下昂大,29,50,6.92,5,0.14
2026-05-11,10,02,1,4549,小林文彦,47,47,6.85,1,0.12
2026-05-11,10,03,4,5015,高橋竜矢,15,69,6.87,4,0.15
2026-05-11,10,04,2,4498,宮本夏樹,59,62,6.83,2,0.11
2026-05-11,10,05,3,3523,寳田亮治,26,59,6.87,3,0.14
2026-05-11,10,06,6,4747,山戸信二,49,30,6.89,6,0.17
2026-05-11,11,01,1,3576,白水勝也,34,33,6.75,1,0.17
2026-05-11,11,02,2,4171,榎幸司,46,15,6.83,2,0.19
2026-05-11,11,03,4,4259,真庭明志,23,24,6.8,4,0.12
2026-05-11,11,04,3,4241,大串重幸,73,55,6.89,3,0.12
2026-05-11,11,05,5,5261,岡暢祐,30,18,6.87,5,0.15
2026-05-11,11,06,6,4720,西澤日花里,33,19,6.93,6,0.34
2026-05-11,12,01,2,4497,桑原悠,63,68,6.76,2,0.09
2026-05-11,12,02,5,4096,石橋道友,65,53,6.79,5,0.13
2026-05-11,12,03,4,4966,田川大貴,56,40,6.85,4,0.16
2026-05-11,12,04,3,4315,山崎昂介,48,66,6.76,3,0.15
2026-05-11,12,05,6,4072,森永淳,74,25,6.74,6,0.14
2026-05-11,12,06,1,4695,尾崎雄二,11,72,6.73,1,0.16
2026-05-24,1,01,1,4990,田中博子,29,30,6.91,1,0.17
2026-05-24,1,02,4,5003,来田衣織,32,24,6.86,4,0.14
2026-05-24,1,03,2,4791,黒澤めぐみ,19,56,6.93,2,0.18
2026-05-24,1,04,3,4720,西澤日花里,23,41,6.99,3,0.18
2026-05-24,1,05,5,4927,関野文,35,57,7.01,5,0.14
2026-05-24,1,06,6,4924,中北涼,55,23,6.97,6,0.14
2026-05-24,2,01,3,4941,孫崎百世,20,34,6.93,3,0.19
2026-05-24,2,02,6,4240,今井裕梨,33,28,6.99,6,0.09
2026-05-24,2,03,2,5078,山川波乙,28,29,6.95,2,0.24
2026-05-24,2,04,1,4414,大澤真菜,54,58,6.96,1,0.22
2026-05-24,2,05,4,4642,松尾夏海,17,46,6.99,4,0.14
2026-05-24,2,06,5,3871,池田紫乃,58,48,6.95,5,0.12
2026-05-24,3,01,2,4994,山本梨菜,39,55,6.88,2,0.21
2026-05-24,3,02,6,4243,西村歩,37,31,6.94,6,0.18
2026-05-24,3,03,5,4408,仁科さやか,47,12,6.92,5,0.19
2026-05-24,3,04,3,4893,渡邉真奈美,16,33,6.9,3,0.19
2026-05-24,3,05,4,4479,矢野真梨菜,27,45,6.94,4,0.18
2026-05-24,3,06,1,5335,森陽多,11,44,6.96,1,0.30
2026-05-24,4,01,3,4938,小芦るり華,34,51,6.91,3,0.06
2026-05-24,4,02,4,5250,嶋田有里,13,11,6.93,4,0.07
2026-05-24,4,03,5,5218,山田理央,57,50,6.85,5,0.09
2026-05-24,4,04,1,4965,福岡泉水,22,35,6.92,1,0.15
2026-05-24,4,05,2,4300,加藤綾,40,14,7.03,2,0.11
2026-05-24,4,06,6,4997,濱崎寿里矢,51,13,6.98,6,0.17
2026-05-24,5,01,1,4998,中村かなえ,46,32,6.9,1,0.04
2026-05-24,5,02,5,5045,平川香織,31,47,6.93,5,0.41
2026-05-24,5,03,2,4804,高田ひかる,52,37,6.81,2,0.17
2026-05-24,5,04,6,5164,森田梨湖,26,38,6.94,6,0.31
2026-05-24,5,05,4,4499,滝川真由子,41,40,6.96,4,0.33
2026-05-24,5,06,3,5305,伊藤栞,48,27,6.96,3,0.21
2026-05-24,6,01,3,5277,井上未都,24,20,6.9,3,0.15
2026-05-24,6,02,2,5213,湯淺紀香,38,17,6.86,2,0.20
2026-05-24,6,03,6,3999,大瀧明日香,44,36,6.92,6,0.20
2026-05-24,6,04,4,5241,門田栞,15,25,6.89,4,0.16
2026-05-24,6,05,1,5361,植竹玲奈,18,54,6.99,1,0.49
2026-05-24,6,06,5,4720,西澤日花里,23,41,6.98,5,0.19
2026-05-24,7,01,1,5129,山口真喜子,14,26,6.92,1,0.04
2026-05-24,7,02,2,4501,樋口由加里,45,18,6.96,2,0.09
2026-05-24,7,03,4,5173,谷口佳蓮,36,19,6.87,4,0.09
2026-05-24,7,04,3,4924,中北涼,55,23,7.0,3,0.07
2026-05-24,7,05,5,4414,大澤真菜,54,58,6.98,5,0.13
2026-05-24,7,06,6,5389,恵良琴美,50,52,6.93,6,0.36
2026-05-24,8,01,1,5195,北村寧々,30,21,6.97,1,0.11
2026-05-24,8,02,5,5362,中嶋世奈,49,49,6.97,5,0.15
2026-05-24,8,03,3,4791,黒澤めぐみ,19,56,6.9,3,0.12
2026-05-24,8,04,6,4479,矢野真梨菜,27,45,6.94,6,0.20
2026-05-24,8,05,4,3871,池田紫乃,58,48,6.97,4,0.14
2026-05-24,8,06,2,4997,濱崎寿里矢,51,13,6.97,2,0.12
2026-05-24,9,01,6,4964,土屋南,43,53,6.92,6,0.12
2026-05-24,9,02,3,4443,津田裕絵,56,15,7.03,3,0.11
2026-05-24,9,03,1,4689,豊田結,21,22,6.97,1,0.12
2026-05-24,9,04,2,4408,仁科さやか,47,12,6.94,2,0.09
2026-05-24,9,05,5,4965,福岡泉水,22,35,6.88,5,0.13
2026-05-24,9,06,4,5078,山川波乙,28,29,6.91,4,0.33
2026-05-24,10,01,4,5045,平川香織,31,47,6.94,4,0.13
2026-05-24,10,02,3,5003,来田衣織,32,24,6.87,3,0.13
2026-05-24,10,03,5,4300,加藤綾,40,14,7.0,5,0.15
2026-05-24,10,04,2,5118,野田なづき,53,43,6.92,2,0.23
2026-05-24,10,05,6,4347,魚谷香織,25,16,6.87,6,0.11
2026-05-24,10,06,1,4974,安井瑞紀,12,39,6.91,1,0.23
2026-05-24,11,01,4,5218,山田理央,57,50,6.83,4,0.06
2026-05-24,11,02,2,4941,孫崎百世,20,34,6.86,2,0.17
2026-05-24,11,03,6,4499,滝川真由子,41,40,6.93,6,0.18
2026-05-24,11,04,1,4927,関野文,35,57,6.94,1,0.16
2026-05-24,11,05,5,4893,渡邉真奈美,16,33,6.91,5,0.17
2026-05-24,11,06,3,5213,湯淺紀香,38,17,6.88,3,0.13
2026-05-24,12,01,1,4642,松尾夏海,17,46,6.92,1,0.25
2026-05-24,12,02,3,4994,山本梨菜,39,55,6.89,3,0.20
2026-05-24,12,03,4,5129,山口真喜子,14,26,6.94,4,0.16
2026-05-24,12,04,2,3999,大瀧明日香,44,36,6.92,2,0.24
2026-05-24,12,05,6,4938,小芦るり華,34,51,6.9,6,0.14
2026-05-24,12,06,5,4804,高田ひかる,52,37,6.82,5,0.20
2026-05-25,1,01,2,5173,谷口佳蓮,36,19,6.89,2,0.29
2026-05-25,1,02,1,3871,池田紫乃,58,48,6.94,1,0.34
2026-05-25,1,03,5,5389,恵良琴美,50,52,6.99,5,0.23
2026-05-25,1,04,4,5361,植竹玲奈,18,54,7.03,4,0.33
2026-05-25,1,05,6,5305,伊藤栞,48,27,7.0,6,0.20
2026-05-25,1,06,3,5164,森田梨湖,26,38,6.96,3,0.28
2026-05-25,2,01,6,4998,中村かなえ,46,32,6.95,6,0.09
2026-05-25,2,02,3,4501,樋口由加里,45,18,7.0,3,0.24
2026-05-25,2,03,5,5129,山口真喜子,14,26,7.0,5,0.18
2026-05-25,2,04,1,5003,来田衣織,32,24,6.91,1,0.32
2026-05-25,2,05,4,5362,中嶋世奈,49,49,6.98,4,0.21
2026-05-25,2,06,2,5335,森陽多,11,44,7.0,2,0.34
2026-05-25,3,01,1,4499,滝川真由子,41,40,6.95,1,0.21
2026-05-25,3,02,5,5241,門田栞,15,25,6.95,5,0.25
2026-05-25,3,03,4,5277,井上未都,24,20,6.92,4,0.25
2026-05-25,3,04,2,4964,土屋南,43,53,7.0,2,0.21
2026-05-25,3,05,6,4443,津田裕絵,56,15,7.05,6,0.25
2026-05-25,3,06,3,4243,西村歩,37,31,7.0,3,0.35
2026-05-25,4,01,1,5078,山川波乙,28,29,6.97,1,0.18
2026-05-25,4,02,2,5250,嶋田有里,13,11,6.96,2,0.15
2026-05-25,4,03,4,4927,関野文,35,57,6.99,4,0.17
2026-05-25,4,04,3,4974,安井瑞紀,12,39,6.94,3,0.20
2026-05-25,4,05,6,5118,野田なづき,53,43,6.99,6,0.21
2026-05-25,4,06,5,4990,田中博子,29,30,7.01,5,0.27
2026-05-25,5,01,3,4347,魚谷香織,25,16,6.88,3,0.14
2026-05-25,5,02,1,4300,加藤綾,40,14,6.99,1,0.11
2026-05-25,5,03,5,4994,山本梨菜,39,55,6.91,5,0.13
2026-05-25,5,04,4,4924,中北涼,55,23,7.0,4,0.13
2026-05-25,5,05,6,4408,仁科さやか,47,12,6.92,6,0.14
2026-05-25,5,06,2,4965,福岡泉水,22,35,6.9,2,0.28
2026-05-25,6,01,5,4941,孫崎百世,20,34,6.89,5,0.20
2026-05-25,6,02,6,4642,松尾夏海,17,46,6.97,6,0.17
2026-05-25,6,03,1,4893,渡邉真奈美,16,33,6.91,1,0.15
2026-05-25,6,04,3,5195,北村寧々,30,21,6.97,3,0.11
2026-05-25,6,05,2,4689,豊田結,21,22,7.01,2,0.13
2026-05-25,6,06,4,5389,恵良琴美,50,52,6.96,4,0.25
2026-05-25,7,01,2,5045,平川香織,31,47,6.93,2,0.20
2026-05-25,7,02,5,5277,井上未都,24,20,6.87,5,0.17
2026-05-25,7,03,1,4240,今井裕梨,33,28,6.95,1,0.12
2026-05-25,7,04,3,4479,矢野真梨菜,27,45,6.91,3,0.18
2026-05-25,7,05,4,4720,西澤日花里,23,41,6.95,4,0.18
2026-05-25,7,06,6,5362,中嶋世奈,49,49,6.92,6,0.23
2026-05-25,8,01,4,3999,大瀧明日香,44,36,6.89,4,0.12
2026-05-25,8,02,1,4964,土屋南,43,53,6.9,1,0.14
2026-05-25,8,03,6,5361,植竹玲奈,18,54,6.93,6,0.11
2026-05-25,8,04,2,4990,田中博子,29,30,6.89,2,0.20
2026-05-25,8,05,3,4997,濱崎寿里矢,51,13,6.99,3,0.11
2026-05-25,8,06,5,5335,森陽多,11,44,6.92,5,0.12
2026-05-25,9,01,1,4243,西村歩,37,31,6.9,1,0.16
2026-05-25,9,02,2,4938,小芦るり華,34,51,6.91,2,0.17
2026-05-25,9,03,3,4414,大澤真菜,54,58,6.95,3,0.17
2026-05-25,9,04,5,5250,嶋田有里,13,11,6.95,5,0.29
2026-05-25,9,05,6,5213,湯淺紀香,38,17,6.86,6,0.28
2026-05-25,9,06,4,5164,森田梨湖,26,38,6.93,4,0.27
2026-05-25,10,01,1,4804,高田ひかる,52,37,6.86,1,0.18
2026-05-25,10,02,6,5218,山田理央,57,50,6.84,6,0.14
2026-05-25,10,03,2,5003,来田衣織,32,24,6.86,2,0.10
2026-05-25,10,04,3,5118,野田なづき,53,43,6.97,3,0.17
2026-05-25,10,05,4,4791,黒澤めぐみ,19,56,6.91,4,0.16
2026-05-25,10,06,5,5305,伊藤栞,48,27,6.97,5,0.17
2026-05-25,11,01,1,4347,魚谷香織,25,16,6.89,1,0.11
2026-05-25,11,02,2,4443,津田裕絵,56,15,7.0,2,0.09
2026-05-25,11,03,3,5173,谷口佳蓮,36,19,6.88,3,0.13
2026-05-25,11,04,4,4998,中村かなえ,46,32,6.91,4,0.07
2026-05-25,11,05,6,4974,安井瑞紀,12,39,6.95,6,0.17
2026-05-25,11,06,5,4689,豊田結,21,22,6.99,5,0.13
2026-05-25,12,01,1,4994,山本梨菜,39,55,6.88,1,0.11
2026-05-25,12,02,3,5078,山川波乙,28,29,6.96,3,0.13
2026-05-25,12,03,5,4501,樋口由加里,45,18,6.93,5,0.09
2026-05-25,12,04,2,5241,門田栞,15,25,6.88,2,0.10
2026-05-25,12,05,6,5195,北村寧々,30,21,6.93,6,0.10
2026-05-25,12,06,4,4240,今井裕梨,33,28,6.94,4,0.11
2026-05-26,1,01,2,4414,大澤真菜,54,58,6.98,2,0.08
2026-05-26,1,02,3,4300,加藤綾,40,14,6.94,3,0.01
2026-05-26,1,03,1,4924,中北涼,55,23,6.97,1,0.10
2026-05-26,1,04,4,5195,北村寧々,30,21,6.94,4,0.04
2026-05-26,1,05,6,4990,田中博子,29,30,6.96,6,0.04
2026-05-26,1,06,5,4997,濱崎寿里矢,51,13,7.0,5,0.05
2026-05-26,2,01,1,5173,谷口佳蓮,36,19,6.91,1,0.14
2026-05-26,2,02,3,5045,平川香織,31,47,6.95,3,0.33
2026-05-26,2,03,2,4720,西澤日花里,23,41,6.97,2,0.19
2026-05-26,2,04,4,4893,渡邉真奈美,16,33,6.94,4,0.29
2026-05-26,2,05,6,5129,山口真喜子,14,26,6.97,6,0.20
2026-05-26,2,06,5,5389,恵良琴美,50,52,6.98,5,0.24
2026-05-26,3,01,3,5241,門田栞,15,25,6.97,3,0.11
2026-05-26,3,02,2,4479,矢野真梨菜,27,45,6.99,2,0.16
2026-05-26,3,03,4,5213,湯淺紀香,38,17,6.93,4,0.12
2026-05-26,3,04,6,4804,高田ひかる,52,37,6.86,6,0.09
2026-05-26,3,05,1,5250,嶋田有里,13,11,6.97,1,0.12
2026-05-26,3,06,5,5003,来田衣織,32,24,6.88,5,0.07
2026-05-26,4,01,1,4408,仁科さやか,47,12,6.89,1,0.15
2026-05-26,4,02,3,3871,池田紫乃,58,48,6.98,3,0.18
2026-05-26,4,03,2,3999,大瀧明日香,44,36,6.94,2,0.16
2026-05-26,4,04,6,5078,山川波乙,28,29,6.94,6,0.23
2026-05-26,4,05,4,4964,土屋南,43,53,6.93,4,0.15
2026-05-26,4,06,5,4347,魚谷香織,25,16,6.91,5,0.22
2026-05-26,5,01,2,4499,滝川真由子,41,40,6.95,2,0.12
2026-05-26,5,02,1,4501,樋口由加里,45,18,6.94,1,0.17
2026-05-26,5,03,3,4965,福岡泉水,22,35,6.95,3,0.12
2026-05-26,5,04,4,4941,孫崎百世,20,34,6.89,4,0.17
2026-05-26,5,05,5,4938,小芦るり華,34,51,6.97,5,0.15
2026-05-26,5,06,6,5277,井上未都,24,20,6.92,6,0.15
2026-05-26,6,01,5,4924,中北涼,55,23,6.99,5,0.17
2026-05-26,6,02,2,4642,松尾夏海,17,46,6.94,2,0.20
2026-05-26,6,03,3,5362,中嶋世奈,49,49,6.94,3,0.19
2026-05-26,6,04,6,4927,関野文,35,57,7.0,6,0.13
2026-05-26,6,05,1,5305,伊藤栞,48,27,6.94,1,0.25
2026-05-26,6,06,4,5335,森陽多,11,44,6.93,4,0.24
2026-05-26,7,01,2,5218,山田理央,57,50,6.85,2,0.13
2026-05-26,7,02,1,4791,黒澤めぐみ,19,56,6.91,1,0.17
2026-05-26,7,03,3,5129,山口真喜子,14,26,6.95,3,0.08
2026-05-26,7,04,6,5241,門田栞,15,25,6.9,6,0.02
2026-05-26,7,05,5,4998,中村かなえ,46,32,6.9,5,0.02
2026-05-26,7,06,4,4997,濱崎寿里矢,51,13,6.96,4,0.12
2026-05-26,8,01,3,4804,高田ひかる,52,37,6.87,3,0.14
2026-05-26,8,02,1,5118,野田なづき,53,43,6.93,1,0.17
2026-05-26,8,03,5,5173,谷口佳蓮,36,19,6.93,5,0.15
2026-05-26,8,04,6,4414,大澤真菜,54,58,6.98,6,0.21
2026-05-26,8,05,4,4243,西村歩,37,31,6.92,4,0.12
2026-05-26,8,S1,2,5361,植竹玲奈,18,54,6.99,2,0.19
2026-05-26,9,01,2,5195,北村寧々,30,21,6.99,2,0.08
2026-05-26,9,02,3,4994,山本梨菜,39,55,6.94,3,0.09
2026-05-26,9,03,1,5164,森田梨湖,26,38,6.92,1,0.12
2026-05-26,9,04,5,5213,湯淺紀香,38,17,6.91,5,0.16
2026-05-26,9,05,4,4408,仁科さやか,47,12,6.95,4,0.22
2026-05-26,9,06,6,4689,豊田結,21,22,6.97,6,0.14
2026-05-26,10,01,1,4443,津田裕絵,56,15,7.01,1,0.14
2026-05-26,10,02,4,4974,安井瑞紀,12,39,7.01,4,0.14
2026-05-26,10,03,6,4941,孫崎百世,20,34,6.88,6,0.20
2026-05-26,10,04,5,4479,矢野真梨菜,27,45,6.94,5,0.15
2026-05-26,10,05,2,4893,渡邉真奈美,16,33,6.94,2,0.19
2026-05-26,10,06,3,4240,今井裕梨,33,28,6.98,3,0.16
2026-05-26,11,01,1,5045,平川香織,31,47,6.96,1,0.13
2026-05-26,11,02,3,5218,山田理央,57,50,6.87,3,0.11
2026-05-26,11,03,5,4642,松尾夏海,17,46,6.92,5,0.16
2026-05-26,11,04,6,4300,加藤綾,40,14,6.94,6,0.19
2026-05-26,11,05,4,4965,福岡泉水,22,35,6.9,4,0.22
2026-05-26,11,06,2,3871,池田紫乃,58,48,6.96,2,0.13
2026-05-26,12,01,1,3999,大瀧明日香,44,36,6.93,1,0.08
2026-05-26,12,02,3,4499,滝川真由子,41,40,6.94,3,0.05
2026-05-26,12,03,4,5118,野田なづき,53,43,6.94,4,0.03
2026-05-26,12,04,5,4791,黒澤めぐみ,19,56,6.94,5,0.07
2026-05-26,12,05,2,4927,関野文,35,57,7.0,2,0.07
2026-05-26,12,06,6,4720,西澤日花里,23,41,6.94,6,0.01
2026-05-27,1,01,1,4720,西澤日花里,23,41,6.95,1,0.18
2026-05-27,1,02,5,3871,池田紫乃,58,48,6.98,5,0.19
2026-05-27,1,03,4,5389,恵良琴美,50,52,6.96,4,0.20
2026-05-27,1,04,2,5362,中嶋世奈,49,49,6.98,2,0.22
2026-05-27,1,05,6,4965,福岡泉水,22,35,6.96,6,0.21
2026-05-27,1,06,3,5305,伊藤栞,48,27,6.98,3,0.17
2026-05-27,2,01,6,5045,平川香織,31,47,6.98,6,0.17
2026-05-27,2,02,1,4479,矢野真梨菜,27,45,6.94,1,0.09
2026-05-27,2,03,2,5164,森田梨湖,26,38,6.94,2,0.07
2026-05-27,2,04,3,5250,嶋田有里,13,11,6.99,3,0.08
2026-05-27,2,05,4,4501,樋口由加里,45,18,6.97,4,0.08
2026-05-27,2,06,5,5361,植竹玲奈,18,54,7.01,5,0.16
2026-05-27,3,01,2,4240,今井裕梨,33,28,6.95,2,0.15
2026-05-27,3,02,1,5241,門田栞,15,25,6.9,1,0.25
2026-05-27,3,03,5,4964,土屋南,43,53,6.96,5,0.17
2026-05-27,3,04,4,4347,魚谷香織,25,16,6.95,4,0.15
2026-05-27,3,05,3,5335,森陽多,11,44,6.98,3,0.17
2026-05-27,3,06,6,5003,来田衣織,32,24,6.93,6,0.16
2026-05-27,4,01,1,5277,井上未都,24,20,6.95,1,0.02
2026-05-27,4,02,3,4804,高田ひかる,52,37,6.92,3,0.12
2026-05-27,4,03,2,4243,西村歩,37,31,6.99,2,0.06
2026-05-27,4,04,6,4893,渡邉真奈美,16,33,6.93,6,0.18
2026-05-27,4,05,4,4990,田中博子,29,30,7.01,4,0.09
2026-05-27,4,F,5,5195,北村寧々,30,21,7.0,5,F0.01
2026-05-27,5,01,1,4941,孫崎百世,20,34,6.89,1,0.29
2026-05-27,5,02,5,5118,野田なづき,53,43,6.99,5,0.22
2026-05-27,5,03,4,4642,松尾夏海,17,46,6.97,4,0.17
2026-05-27,5,04,6,5389,恵良琴美,50,52,6.98,6,0.21
2026-05-27,5,05,2,4998,中村かなえ,46,32,6.95,2,0.25
2026-05-27,5,06,3,4689,豊田結,21,22,6.99,3,0.26
2026-05-27,6,01,1,5362,中嶋世奈,49,49,7.0,1,0.09
2026-05-27,6,02,3,4408,仁科さやか,47,12,6.93,3,0.13
2026-05-27,6,03,6,5250,嶋田有里,13,11,7.03,6,0.16
2026-05-27,6,04,4,4414,大澤真菜,54,58,7.03,4,0.21
2026-05-27,6,05,5,4443,津田裕絵,56,15,7.1,5,0.18
2026-05-27,6,06,2,4974,安井瑞紀,12,39,7.01,2,0.11
2026-05-27,7,01,3,4938,小芦るり華,34,51,6.97,3,0.12
2026-05-27,7,02,1,5213,湯淺紀香,38,17,6.91,1,0.12
2026-05-27,7,03,4,4499,滝川真由子,41,40,7.04,4,0.15
2026-05-27,7,04,5,5164,森田梨湖,26,38,6.99,5,0.21
2026-05-27,7,05,2,5305,伊藤栞,48,27,7.0,2,0.14
2026-05-27,7,06,6,5335,森陽多,11,44,6.98,6,0.12
2026-05-27,8,01,1,5129,山口真喜子,14,26,6.98,1,0.15
2026-05-27,8,02,5,3999,大瀧明日香,44,36,6.96,5,0.12
2026-05-27,8,03,4,4300,加藤綾,40,14,7.0,4,0.09
2026-05-27,8,04,6,5173,谷口佳蓮,36,19,6.94,6,0.16
2026-05-27,8,05,2,4990,田中博子,29,30,6.98,2,0.19
2026-05-27,8,06,3,5361,植竹玲奈,18,54,7.01,3,0.14
2026-05-27,9,01,1,5218,山田理央,57,50,6.91,1,0.18
2026-05-27,9,02,3,4964,土屋南,43,53,6.98,3,0.15
2026-05-27,9,03,5,5078,山川波乙,28,29,6.99,5,0.14
2026-05-27,9,04,6,4994,山本梨菜,39,55,6.98,6,0.14
2026-05-27,9,05,2,4924,中北涼,55,23,7.01,2,0.21
2026-05-27,9,06,4,4689,豊田結,21,22,7.04,4,0.14
2026-05-27,10,01,1,4642,松尾夏海,17,46,6.98,1,0.19
2026-05-27,10,02,3,4927,関野文,35,57,7.02,3,0.15
2026-05-27,10,03,2,5277,井上未都,24,20,6.92,2,0.18
2026-05-27,10,04,6,4791,黒澤めぐみ,19,56,6.96,6,0.20
2026-05-27,10,05,5,4240,今井裕梨,33,28,6.97,5,0.13
2026-05-27,10,06,4,4974,安井瑞紀,12,39,6.96,4,0.19
2026-05-27,11,01,1,4938,小芦るり華,34,51,6.95,1,0.08
2026-05-27,11,02,2,4347,魚谷香織,25,16,6.97,2,0.21
2026-05-27,11,03,4,4443,津田裕絵,56,15,7.04,4,0.17
2026-05-27,11,04,6,4501,樋口由加里,45,18,6.97,6,0.17
2026-05-27,11,05,5,4243,西村歩,37,31,6.97,5,0.16
2026-05-27,11,06,3,4998,中村かなえ,46,32,6.94,3,0.27
2026-05-27,12,01,3,5045,平川香織,31,47,6.96,3,0.21
2026-05-27,12,02,1,4804,高田ひかる,52,37,6.92,1,0.18
2026-05-27,12,03,5,4414,大澤真菜,54,58,6.98,5,0.18
2026-05-27,12,04,2,5129,山口真喜子,14,26,6.97,2,0.22
2026-05-27,12,05,4,4941,孫崎百世,20,34,6.91,4,0.22
2026-05-27,12,06,6,5241,門田栞,15,25,6.91,6,0.10
2026-05-28,1,01,4,5003,来田衣織,32,24,6.86,4,0.11
2026-05-28,1,02,1,4941,孫崎百世,20,34,6.89,1,0.18
2026-05-28,1,03,2,3871,池田紫乃,58,48,6.96,2,0.15
2026-05-28,1,04,3,5277,井上未都,24,20,6.92,3,0.10
2026-05-28,1,05,5,4499,滝川真由子,41,40,6.98,5,0.17
2026-05-28,1,06,6,5361,植竹玲奈,18,54,6.99,6,0.18
2026-05-28,2,01,1,5078,山川波乙,28,29,6.89,1,0.09
2026-05-28,2,02,4,5250,嶋田有里,13,11,6.95,4,0.13
2026-05-28,2,03,6,4974,安井瑞紀,12,39,6.96,6,0.18
2026-05-28,2,04,5,5164,森田梨湖,26,38,6.93,5,0.17
2026-05-28,2,05,3,5129,山口真喜子,14,26,6.94,3,0.10
2026-05-28,2,S0,2,5305,伊藤栞,48,27,6.93,2,0.07
2026-05-28,3,01,1,4443,津田裕絵,56,15,6.97,1,0.22
2026-05-28,3,02,2,4414,大澤真菜,54,58,6.95,2,0.22
2026-05-28,3,03,4,4720,西澤日花里,23,41,6.96,4,0.13
2026-05-28,3,04,6,4994,山本梨菜,39,55,6.91,6,0.14
2026-05-28,3,05,5,4924,中北涼,55,23,7.0,5,0.13
2026-05-28,3,06,3,5173,谷口佳蓮,36,19,6.91,3,0.16
2026-05-28,4,01,4,4804,高田ひかる,52,37,6.9,4,0.23
2026-05-28,4,02,1,5241,門田栞,15,25,6.9,1,0.09
2026-05-28,4,03,2,4501,樋口由加里,45,18,6.97,2,0.17
2026-05-28,4,04,6,5362,中嶋世奈,49,49,6.96,6,0.34
2026-05-28,4,05,3,4408,仁科さやか,47,12,6.92,3,0.30
2026-05-28,4,06,5,4998,中村かなえ,46,32,6.94,5,0.24
2026-05-28,5,01,5,4642,松尾夏海,17,46,6.92,5,0.11
2026-05-28,5,02,6,5218,山田理央,57,50,6.85,6,0.09
2026-05-28,5,03,2,4964,土屋南,43,53,6.93,2,0.15
2026-05-28,5,04,3,4990,田中博子,29,30,6.92,3,0.33
2026-05-28,5,05,1,4347,魚谷香織,25,16,6.96,1,0.20
2026-05-28,5,06,4,4893,渡邉真奈美,16,33,6.89,4,0.12
2026-05-28,6,01,1,3999,大瀧明日香,44,36,6.93,1,0.18
2026-05-28,6,02,6,5045,平川香織,31,47,6.99,6,0.09
2026-05-28,6,03,3,4791,黒澤めぐみ,19,56,6.94,3,0.20
2026-05-28,6,04,4,3871,池田紫乃,58,48,6.95,4,0.17
2026-05-28,6,05,5,4479,矢野真梨菜,27,45,6.98,5,0.15
2026-05-28,6,06,2,5335,森陽多,11,44,6.96,2,0.20
2026-05-28,7,01,2,4927,関野文,35,57,6.98,2,0.13
2026-05-28,7,02,3,4300,加藤綾,40,14,6.94,3,0.10
2026-05-28,7,03,1,4938,小芦るり華,34,51,6.89,1,0.06
2026-05-28,7,04,4,4689,豊田結,21,22,7.01,4,0.14
2026-05-28,7,05,6,5195,北村寧々,30,21,7.01,6,0.19
2026-05-28,7,06,5,5003,来田衣織,32,24,6.88,5,0.06
2026-05-28,8,01,1,4243,西村歩,37,31,6.92,1,0.10
2026-05-28,8,02,2,5118,野田なづき,53,43,6.9,2,0.13
2026-05-28,8,03,3,4240,今井裕梨,33,28,6.91,3,0.13
2026-05-28,8,04,5,4965,福岡泉水,22,35,6.93,5,0.18
2026-05-28,8,05,4,5213,湯淺紀香,38,17,6.91,4,0.24
2026-05-28,8,06,6,5389,恵良琴美,50,52,6.91,6,0.20
2026-05-28,9,01,2,4941,孫崎百世,20,34,6.88,2,0.15
2026-05-28,9,02,5,4964,土屋南,43,53,6.92,5,0.05
2026-05-28,9,03,3,4804,高田ひかる,52,37,6.85,3,0.18
2026-05-28,9,04,6,4443,津田裕絵,56,15,6.93,6,0.08
2026-05-28,9,05,1,4994,山本梨菜,39,55,6.86,1,0.09
2026-05-28,9,06,4,5129,山口真喜子,14,26,6.93,4,0.11
2026-05-28,10,01,5,4501,樋口由加里,45,18,6.92,5,0.02
2026-05-28,10,02,6,4347,魚谷香織,25,16,6.91,6,0.05
2026-05-28,10,F,1,5218,山田理央,57,50,6.8,1,F0.03
2026-05-28,10,F,2,3999,大瀧明日香,44,36,6.88,2,F0.01
2026-05-28,10,F,3,4499,滝川真由子,41,40,6.9,3,F0.01
2026-05-28,10,F,4,5173,谷口佳蓮,36,19,6.85,4,F0.03
2026-05-28,11,01,1,5045,平川香織,31,47,6.94,1,0.18
2026-05-28,11,02,2,4938,小芦るり華,34,51,6.9,2,0.18
2026-05-28,11,03,4,5277,井上未都,24,20,6.89,4,0.23
2026-05-28,11,04,3,4642,松尾夏海,17,46,6.89,3,0.17
2026-05-28,11,05,5,5241,門田栞,15,25,6.89,5,0.26
2026-05-28,11,06,6,5078,山川波乙,28,29,6.87,6,0.28
2026-05-28,12,01,3,4893,渡邉真奈美,16,33,6.93,3,0.15
2026-05-28,12,02,6,4243,西村歩,37,31,6.92,6,0.15
2026-05-28,12,03,4,4479,矢野真梨菜,27,45,6.95,4,0.12
2026-05-28,12,04,2,4924,中北涼,55,23,6.99,2,0.18
2026-05-28,12,05,5,4300,加藤綾,40,14,7.0,5,0.15
2026-05-28,12,06,1,4974,安井瑞紀,12,39,6.92,1,0.24
2026-05-29,1,01,1,4408,仁科さやか,47,12,6.88,1,0.18
2026-05-29,1,02,3,5078,山川波乙,28,29,6.97,3,0.20
2026-05-29,1,03,4,4720,西澤日花里,23,41,6.96,4,0.19
2026-05-29,1,04,5,4990,田中博子,29,30,6.93,5,0.23
2026-05-29,1,05,2,5164,森田梨湖,26,38,6.91,2,0.20
2026-05-29,1,06,6,4689,豊田結,21,22,6.97,6,0.32
2026-05-29,2,01,1,5118,野田なづき,53,43,6.94,1,0.12
2026-05-29,2,02,3,5250,嶋田有里,13,11,6.97,3,0.08
2026-05-29,2,03,6,4499,滝川真由子,41,40,6.94,6,0.24
2026-05-29,2,04,4,5335,森陽多,11,44,6.94,4,0.14
2026-05-29,2,05,2,5241,門田栞,15,25,6.89,2,0.08
2026-05-29,2,06,5,5389,恵良琴美,50,52,6.91,5,0.26
2026-05-29,3,01,4,4893,渡邉真奈美,16,33,6.9,4,0.14
2026-05-29,3,02,1,4300,加藤綾,40,14,6.94,1,0.11
2026-05-29,3,03,5,5305,伊藤栞,48,27,6.94,5,0.18
2026-05-29,3,04,6,5195,北村寧々,30,21,6.94,6,0.17
2026-05-29,3,05,3,3871,池田紫乃,58,48,6.95,3,0.22
2026-05-29,3,06,2,5361,植竹玲奈,18,54,6.94,2,0.21
2026-05-29,4,01,1,4998,中村かなえ,46,32,6.93,1,0.12
2026-05-29,4,02,2,4243,西村歩,37,31,6.93,2,0.18
2026-05-29,4,03,5,5213,湯淺紀香,38,17,6.97,5,0.17
2026-05-29,4,04,4,5129,山口真喜子,14,26,6.97,4,0.15
2026-05-29,4,05,3,5362,中嶋世奈,49,49,6.94,3,0.18
2026-05-29,4,06,6,5173,谷口佳蓮,36,19,6.92,6,0.17
2026-05-29,5,01,1,4240,今井裕梨,33,28,6.92,1,0.21
2026-05-29,5,02,4,4443,津田裕絵,56,15,6.99,4,0.13
2026-05-29,5,03,6,4927,関野文,35,57,7.02,6,0.27
2026-05-29,5,04,5,5277,井上未都,24,20,6.89,5,0.16
2026-05-29,5,05,3,4965,福岡泉水,22,35,6.99,3,0.21
2026-05-29,5,06,2,4720,西澤日花里,23,41,6.96,2,0.24
2026-05-29,6,01,5,4642,松尾夏海,17,46,6.99,5,0.15
2026-05-29,6,02,2,5003,来田衣織,32,24,6.89,2,0.09
2026-05-29,6,03,6,5218,山田理央,57,50,6.88,6,0.12
2026-05-29,6,04,1,4791,黒澤めぐみ,19,56,6.95,1,0.25
2026-05-29,6,05,3,5164,森田梨湖,26,38,6.96,3,0.20
2026-05-29,6,06,4,5389,恵良琴美,50,52,6.98,4,0.21
2026-05-29,7,01,1,4994,山本梨菜,39,55,6.93,1,0.22
2026-05-29,7,02,4,5250,嶋田有里,13,11,7.01,4,0.28
2026-05-29,7,03,6,3999,大瀧明日香,44,36,6.91,6,0.31
2026-05-29,7,04,5,4974,安井瑞紀,12,39,6.93,5,0.26
2026-05-29,7,05,3,5361,植竹玲奈,18,54,7.01,3,0.28
2026-05-29,7,06,2,4479,矢野真梨菜,27,45,6.93,2,0.28
2026-05-29,8,01,1,4924,中北涼,55,23,7.01,1,0.29
2026-05-29,8,02,2,5213,湯淺紀香,38,17,6.91,2,0.22
2026-05-29,8,03,6,4804,高田ひかる,52,37,6.84,6,0.19
2026-05-29,8,04,5,5335,森陽多,11,44,6.92,5,0.18
2026-05-29,8,05,3,4990,田中博子,29,30,6.93,3,0.20
2026-05-29,8,06,4,5305,伊藤栞,48,27,6.95,4,0.16
2026-05-29,9,01,5,4243,西村歩,37,31,6.97,5,0.09
2026-05-29,9,02,1,4927,関野文,35,57,7.01,1,0.19
2026-05-29,9,03,6,4240,今井裕梨,33,28,6.97,6,0.14
2026-05-29,9,04,2,5362,中嶋世奈,49,49,6.97,2,0.22
2026-05-29,9,05,3,4414,大澤真菜,54,58,6.98,3,0.21
2026-05-29,9,06,4,3871,池田紫乃,58,48,7.03,4,0.13
2026-05-29,10,01,1,4642,松尾夏海,17,46,6.82,1,0.18
2026-05-29,10,02,2,4443,津田裕絵,56,15,6.88,2,0.18
2026-05-29,10,03,3,5129,山口真喜子,14,26,6.91,3,0.11
2026-05-29,10,04,6,5118,野田なづき,53,43,6.85,6,0.18
2026-05-29,10,05,4,5078,山川波乙,28,29,6.87,4,0.12
2026-05-29,10,06,5,4998,中村かなえ,46,32,6.86,5,0.11
2026-05-29,11,01,5,4791,黒澤めぐみ,19,56,6.86,5,0.07
2026-05-29,11,02,1,5277,井上未都,24,20,6.82,1,0.17
2026-05-29,11,03,3,5241,門田栞,15,25,6.89,3,0.19
2026-05-29,11,04,2,4994,山本梨菜,39,55,6.88,2,0.18
2026-05-29,11,05,6,4408,仁科さやか,47,12,6.83,6,0.09
2026-05-29,11,06,4,4300,加藤綾,40,14,6.88,4,0.15
2026-05-29,12,01,1,5045,平川香織,31,47,6.94,1,0.13
2026-05-29,12,02,4,4938,小芦るり華,34,51,6.9,3,0.14
2026-05-29,12,03,5,4964,土屋南,43,53,7.0,4,0.16
2026-05-29,12,04,3,4501,樋口由加里,45,18,6.88,2,0.10
2026-05-29,12,05,6,4347,魚谷香織,25,16,7.06,5,0.18
2026-05-29,12,K1,2,4941,孫崎百世,20,34,,,K
2026-06-01,1,01,6,3977,山本兼士,80,80,6.96,6,0.05
2026-06-01,1,02,2,5028,原田才一郎,23,65,6.85,2,0.21
2026-06-01,1,03,1,3637,齋藤和政,72,67,6.93,1,0.23
2026-06-01,1,04,5,4003,表憲一,81,82,6.9,5,0.08
2026-06-01,1,05,4,5395,日高龍之介,27,23,6.9,4,0.20
2026-06-01,1,06,3,5201,村上宗太郎,20,64,6.84,3,0.29
2026-06-01,2,01,3,4725,佐竹太一,29,25,6.91,3,0.16
2026-06-01,2,02,4,4856,豊田健士郎,17,85,6.86,4,0.16
2026-06-01,2,03,1,3656,伯母芳恒,19,77,6.9,1,0.13
2026-06-01,2,04,2,4669,井上茂,16,13,6.88,2,0.16
2026-06-01,2,05,5,4505,島田賢人,79,12,6.95,5,0.15
2026-06-01,2,06,6,4603,谷川将太,12,21,6.87,6,0.11
2026-06-01,3,01,6,3514,山一鉄也,24,11,6.92,6,0.14
2026-06-01,3,02,4,4427,秦英悟,62,27,6.86,4,0.21
2026-06-01,3,03,1,3319,山崎義明,68,19,6.99,1,0.22
2026-06-01,3,04,3,4625,渡邊裕貴,66,84,6.94,3,0.23
2026-06-01,3,05,2,5219,森口和紀,76,74,6.98,2,0.21
2026-06-01,3,06,5,4253,西川真人,65,66,6.97,5,0.29
2026-06-01,4,01,2,4561,藤山翔大,13,20,6.84,2,0.16
2026-06-01,4,02,4,3627,井上恵一,22,69,6.93,4,0.19
2026-06-01,4,03,5,4461,安田吉宏,28,17,6.95,5,0.16
2026-06-01,4,04,3,4735,角山雄哉,67,68,7.01,3,0.09
2026-06-01,4,05,6,3744,徳増秀樹,77,18,7.02,6,0.23
2026-06-01,4,06,1,3647,伊藤雄二,70,22,7.02,1,0.30
2026-06-01,5,01,2,5058,前原大道,21,24,6.94,2,0.22
2026-06-01,5,02,4,4231,鈴木裕隆,69,72,7.01,4,0.17
2026-06-01,5,03,3,4393,田中孝明,71,76,6.98,3,0.22
2026-06-01,5,04,1,3577,向所浩二,15,83,6.96,1,0.19
2026-06-01,5,05,5,5403,藤山湧太,32,26,6.96,5,0.15
2026-06-01,5,06,6,3784,中島友和,60,60,6.92,6,0.16
2026-06-01,6,01,1,4472,尾嶋一広,63,59,6.82,1,0.16
2026-06-01,6,02,4,3654,武田光史,30,81,6.92,4,0.20
2026-06-01,6,03,3,4638,小林遼太,78,70,6.87,3,0.19
2026-06-01,6,04,6,3708,岡部貴司,26,73,6.91,6,0.27
2026-06-01,6,05,5,5395,日高龍之介,27,23,6.92,5,0.21
2026-06-01,6,06,2,5332,村松遥輝,73,78,6.91,2,0.23
2026-06-01,7,01,1,5278,田中駿兵,59,62,6.84,1,0.07
2026-06-01,7,02,3,5050,木下雄介,75,86,6.97,3,0.10
2026-06-01,7,03,2,4603,谷川将太,12,21,6.92,2,0.12
2026-06-01,7,04,5,4880,澤崎雄哉,11,75,7.05,5,0.18
2026-06-01,7,05,4,3977,山本兼士,80,80,6.99,4,0.07
2026-06-01,7,06,6,5392,安武一也,14,71,6.95,6,0.20
2026-06-01,8,01,1,3905,天野友和,25,15,6.94,1,0.15
2026-06-01,8,02,6,5028,原田才一郎,23,65,6.88,6,0.23
2026-06-01,8,03,2,4538,笠置博之,31,63,6.91,2,0.16
2026-06-01,8,04,4,3656,伯母芳恒,19,77,6.96,4,0.19
2026-06-01,8,05,3,3319,山崎義明,68,19,6.96,3,0.22
2026-06-01,8,06,5,4339,平瀬城啓,74,16,6.95,5,0.21
2026-06-01,9,01,4,3637,齋藤和政,72,67,6.99,4,0.21
2026-06-01,9,02,6,3906,飯山晃三,64,14,6.99,6,0.24
2026-06-01,9,03,1,3574,大神康司,18,61,6.99,1,0.17
2026-06-01,9,04,3,4561,藤山翔大,13,20,6.76,3,0.14
2026-06-01,9,05,2,4253,西川真人,65,66,6.99,2,0.16
2026-06-01,9,06,5,4669,井上茂,16,13,6.93,5,0.22
2026-06-01,10,01,1,3627,井上恵一,22,69,6.97,1,0.09
2026-06-01,10,02,6,4430,永田秀二,61,79,6.96,6,0.11
2026-06-01,10,03,4,3784,中島友和,60,60,6.94,4,0.07
2026-06-01,10,04,2,4003,表憲一,81,82,6.97,2,0.09
2026-06-01,10,05,5,4625,渡邊裕貴,66,84,6.96,5,0.11
2026-06-01,10,S0,3,4505,島田賢人,79,12,6.96,3,0.07
2026-06-01,11,01,1,3654,武田光史,30,81,6.93,1,0.21
2026-06-01,11,02,2,5201,村上宗太郎,20,64,6.86,2,0.18
2026-06-01,11,03,6,4231,鈴木裕隆,69,72,6.98,6,0.23
2026-06-01,11,04,5,4725,佐竹太一,29,25,6.91,5,0.20
2026-06-01,11,05,4,3514,山一鉄也,24,11,6.9,4,0.20
2026-06-01,11,06,3,4461,安田吉宏,28,17,6.95,3,0.23
2026-06-01,12,01,1,4856,豊田健士郎,17,85,6.84,1,0.07
2026-06-01,12,02,4,5278,田中駿兵,59,62,6.91,4,0.11
2026-06-01,12,03,6,5058,前原大道,21,24,6.94,6,0.15
2026-06-01,12,04,3,4427,秦英悟,62,27,6.86,3,0.06
2026-06-01,12,05,5,4472,尾嶋一広,63,59,6.8,5,0.12
2026-06-01,12,06,2,3744,徳増秀樹,77,18,6.9,2,0.11
2026-06-02,1,01,2,4880,澤崎雄哉,11,75,7.05,3,0.20
2026-06-02,1,02,5,4427,秦英悟,62,27,7.02,5,0.20
2026-06-02,1,03,1,4603,谷川将太,12,21,7.0,1,0.16
2026-06-02,1,04,4,3574,大神康司,18,61,7.11,2,0.18
2026-06-02,1,05,3,5332,村松遥輝,73,78,7.07,4,0.29
2026-06-02,1,06,6,5403,藤山湧太,32,26,7.06,6,0.29
2026-06-02,2,01,3,4472,尾嶋一広,63,59,6.92,3,0.17
2026-06-02,2,02,1,3708,岡部貴司,26,73,6.98,1,0.09
2026-06-02,2,03,5,5050,木下雄介,75,86,7.1,5,0.17
2026-06-02,2,04,6,3905,天野友和,25,15,7.12,6,0.15
2026-06-02,2,05,2,4339,平瀬城啓,74,16,7.1,2,0.20
2026-06-02,2,06,4,5392,安武一也,14,71,7.06,4,0.23
2026-06-03,1,01,4,4561,藤山翔大,13,20,6.81,4,0.12
2026-06-03,1,02,5,4638,小林遼太,78,70,6.91,5,0.14
2026-06-03,1,03,1,4253,西川真人,65,66,6.99,1,0.18
2026-06-03,1,04,2,4393,田中孝明,71,76,6.97,2,0.17
2026-06-03,1,05,3,3627,井上恵一,22,69,6.96,3,0.17
2026-06-03,1,06,6,3647,伊藤雄二,70,22,6.94,6,0.16
2026-06-03,2,01,1,3906,飯山晃三,64,14,6.97,1,0.12
2026-06-03,2,02,3,3514,山一鉄也,24,11,6.92,3,0.15
2026-06-03,2,03,5,5219,森口和紀,76,74,6.97,5,0.09
2026-06-03,2,04,6,3656,伯母芳恒,19,77,6.95,6,0.13
2026-06-03,2,05,2,3905,天野友和,25,15,6.92,2,0.14
2026-06-03,2,06,4,4339,平瀬城啓,74,16,7.0,4,0.13
2026-06-03,3,01,4,3744,徳増秀樹,77,18,6.97,4,0.07
2026-06-03,3,02,1,4003,表憲一,81,82,6.98,1,0.07
2026-06-03,3,03,2,4735,角山雄哉,67,68,7.0,2,0.06
2026-06-03,3,04,3,4231,鈴木裕隆,69,72,7.02,3,0.07
2026-06-03,3,05,6,3319,山崎義明,68,19,6.97,6,0.12
2026-06-03,3,06,5,5392,安武一也,14,71,6.99,5,0.11
2026-06-03,4,01,2,5278,田中駿兵,59,62,6.9,4,0.12
2026-06-03,4,02,5,3708,岡部貴司,26,73,7.0,2,0.10
2026-06-03,4,03,3,4669,井上茂,16,13,6.95,5,0.15
2026-06-03,4,04,6,3574,大神康司,18,61,7.03,3,0.12
2026-06-03,4,05,4,3577,向所浩二,15,83,6.96,6,0.20
2026-06-03,4,06,1,3977,山本兼士,80,80,6.98,1,0.17
2026-06-03,5,01,2,4725,佐竹太一,29,25,6.96,2,0.15
2026-06-03,5,02,1,4430,永田秀二,61,79,6.93,1,0.13
2026-06-03,5,03,3,4880,澤崎雄哉,11,75,6.98,3,0.19
2026-06-03,5,04,4,5058,前原大道,21,24,6.94,4,0.17
2026-06-03,5,05,5,3654,武田光史,30,81,6.99,5,0.24
2026-06-03,5,06,6,3637,齋藤和政,72,67,7.03,6,0.29
2026-06-03,6,01,2,4856,豊田健士郎,17,85,6.9,2,0.10
2026-06-03,6,02,1,3784,中島友和,60,60,6.93,1,0.06
2026-06-03,6,03,3,4538,笠置博之,31,63,6.9,3,0.14
2026-06-03,6,04,4,5050,木下雄介,75,86,6.92,4,0.07
2026-06-03,6,05,5,5332,村松遥輝,73,78,6.96,5,0.05
2026-06-03,6,06,6,4253,西川真人,65,66,6.99,6,0.08
2026-06-03,7,01,1,4427,秦英悟,62,27,6.89,1,0.07
2026-06-03,7,02,2,4625,渡邊裕貴,66,28,6.93,2,0.09
2026-06-03,7,03,4,5028,原田才一郎,23,65,6.87,4,0.18
2026-06-03,7,04,3,4339,平瀬城啓,74,16,6.97,3,0.13
2026-06-03,7,05,5,4561,藤山翔大,13,20,6.79,5,0.16
2026-06-03,7,06,6,5395,日高龍之介,27,23,6.93,6,0.17
2026-06-03,8,01,1,3744,徳増秀樹,77,18,6.94,1,0.09
2026-06-03,8,02,2,4461,安田吉宏,28,17,6.92,2,0.09
2026-06-03,8,03,6,3627,井上恵一,22,69,6.96,4,0.09
2026-06-03,8,04,3,3647,伊藤雄二,70,22,6.97,3,0.08
2026-06-03,8,05,5,3905,天野友和,25,15,6.99,6,0.08
2026-06-03,8,06,4,5403,藤山湧太,32,26,6.92,5,0.10
2026-06-03,9,01,5,5201,村上宗太郎,20,64,6.94,5,0.12
2026-06-03,9,02,4,4472,尾嶋一広,63,59,6.85,4,0.10
2026-06-03,9,03,2,3708,岡部貴司,26,73,6.97,2,0.16
2026-06-03,9,04,6,4003,表憲一,81,82,6.98,6,0.15
2026-06-03,9,05,3,3656,伯母芳恒,19,77,6.99,3,0.18
2026-06-03,9,06,1,3514,山一鉄也,24,11,6.89,1,0.15
2026-06-03,10,01,6,5278,田中駿兵,59,62,6.9,6,0.19
2026-06-03,10,02,3,3654,武田光史,30,81,6.91,3,0.20
2026-06-03,10,03,1,4231,鈴木裕隆,69,72,6.99,1,0.16
2026-06-03,10,04,2,5219,森口和紀,76,74,6.99,2,0.18
2026-06-03,10,05,5,4393,田中孝明,71,76,6.98,5,0.24
2026-06-03,10,06,4,4603,谷川将太,12,21,6.95,4,0.21
2026-06-03,11,01,1,5058,前原大道,21,24,6.97,1,0.08
2026-06-03,11,02,2,4638,小林遼太,78,70,6.94,2,0.14
2026-06-03,11,03,4,3319,山崎義明,68,19,7.0,4,0.18
2026-06-03,11,04,3,3574,大神康司,18,61,7.01,3,0.16
2026-06-03,11,05,6,3577,向所浩二,15,83,6.93,6,0.19
2026-06-03,11,06,5,4538,笠置博之,31,63,6.89,5,0.17
2026-06-03,12,01,1,5028,原田才一郎,23,65,6.87,1,0.03
2026-06-03,12,02,6,4856,豊田健士郎,17,85,6.88,6,0.15
2026-06-03,12,03,2,5050,木下雄介,75,86,6.97,2,0.05
2026-06-03,12,04,4,4430,永田秀二,61,79,6.95,4,0.07
2026-06-03,12,05,5,4735,角山雄哉,67,68,7.0,5,0.13
2026-06-03,12,06,3,3906,飯山晃三,64,14,7.03,3,0.08
2026-06-04,1,01,1,4393,田中孝明,71,76,6.96,1,0.15
2026-06-04,1,02,3,3784,中島友和,60,60,6.95,3,0.20
2026-06-04,1,03,5,4669,井上茂,16,13,6.96,5,0.25
2026-06-04,1,04,2,3906,飯山晃三,64,14,7.02,2,0.20
2026-06-04,1,05,6,5332,村松遥輝,73,78,6.95,6,0.28
2026-06-04,1,06,4,5392,安武一也,14,71,6.96,4,0.27
2026-06-04,2,01,1,4625,渡邊裕貴,66,28,6.99,1,0.22
2026-06-04,2,02,4,5219,森口和紀,76,74,6.97,4,0.19
2026-06-04,2,03,6,5395,日高龍之介,27,23,6.97,6,0.28
2026-06-04,2,04,5,3977,山本兼士,80,80,7.01,5,0.23
2026-06-04,2,05,2,3577,向所浩二,15,83,6.98,2,0.29
2026-06-04,2,06,3,3647,伊藤雄二,70,22,7.0,3,0.19
2026-06-04,3,01,2,3708,岡部貴司,26,73,7.0,2,0.11
2026-06-04,3,02,4,4735,角山雄哉,67,68,7.05,4,0.18
2026-06-04,3,03,3,4603,谷川将太,12,21,7.01,3,0.13
2026-06-04,3,04,5,5403,藤山湧太,32,26,6.96,5,0.14
2026-06-04,3,05,1,4880,澤崎雄哉,11,75,7.01,1,0.20
2026-06-04,3,06,6,4461,安田吉宏,28,17,6.97,6,0.20
2026-06-04,4,01,3,4003,表憲一,81,82,7.06,3,0.11
2026-06-04,4,02,1,5201,村上宗太郎,20,64,6.96,1,0.15
2026-06-04,4,03,4,3744,徳増秀樹,77,18,7.02,4,0.13
2026-06-04,4,04,5,4430,永田秀二,61,79,6.95,5,0.17
2026-06-04,4,05,2,3637,齋藤和政,72,67,7.05,2,0.23
2026-06-04,4,06,6,4538,笠置博之,31,63,6.89,6,0.23
2026-06-04,5,01,3,3627,井上恵一,22,69,7.07,3,0.16
2026-06-04,5,02,5,5028,原田才一郎,23,65,6.99,5,0.16
2026-06-04,5,03,1,4339,平瀬城啓,74,16,7.05,1,0.11
2026-06-04,5,04,4,3905,天野友和,25,15,7.08,4,0.13
2026-06-04,5,05,2,5332,村松遥輝,73,78,7.04,2,0.16
2026-06-04,5,06,6,4638,小林遼太,78,70,7.03,6,0.20
2026-06-04,6,01,2,3654,武田光史,30,81,7.02,2,0.14
2026-06-04,6,02,3,3656,伯母芳恒,19,77,7.05,3,0.14
2026-06-04,6,03,1,5050,木下雄介,75,86,7.02,1,0.25
2026-06-04,6,04,5,5219,森口和紀,76,74,7.0,5,0.06
2026-06-04,6,05,4,3319,山崎義明,68,19,7.07,4,0.12
2026-06-04,6,06,6,5392,安武一也,14,71,7.02,6,0.04
2026-06-04,7,01,3,3514,山一鉄也,24,11,6.94,3,0.14
2026-06-04,7,02,1,4561,藤山翔大,13,20,6.84,1,0.18
2026-06-04,7,03,4,4253,西川真人,65,66,7.0,4,0.13
2026-06-04,7,04,2,4669,井上茂,16,13,7.03,2,0.13
2026-06-04,7,05,6,5403,藤山湧太,32,26,6.97,6,0.11
2026-06-04,7,06,5,3577,向所浩二,15,83,7.05,5,0.13
2026-06-04,8,01,1,4461,安田吉宏,28,17,7.06,1,0.02
2026-06-04,8,02,3,3574,大神康司,18,61,7.15,3,0.08
2026-06-04,8,03,2,4231,鈴木裕隆,69,72,7.1,2,0.09
2026-06-04,8,04,6,4393,田中孝明,71,76,7.11,6,0.16
2026-06-04,8,05,5,5395,日高龍之介,27,23,7.06,5,0.14
2026-06-04,8,06,4,3647,伊藤雄二,70,22,7.09,4,0.20
2026-06-04,9,01,2,3977,山本兼士,80,80,7.07,2,0.20
2026-06-04,9,02,1,4538,笠置博之,31,63,6.97,1,0.20
2026-06-04,9,03,5,3637,齋藤和政,72,67,7.05,5,0.24
2026-06-04,9,04,3,4735,角山雄哉,67,68,7.05,3,0.28
2026-06-04,9,05,6,4625,渡邊裕貴,66,28,7.03,6,0.25
2026-06-04,9,06,4,3784,中島友和,60,60,7.02,4,0.16
2026-06-04,10,01,1,4638,小林遼太,78,70,6.99,1,0.14
2026-06-04,10,02,4,5201,村上宗太郎,20,64,6.94,4,0.13
2026-06-04,10,03,2,4430,永田秀二,61,79,6.97,2,0.15
2026-06-04,10,04,5,3708,岡部貴司,26,73,7.03,5,0.20
2026-06-04,10,05,3,3906,飯山晃三,64,14,7.03,3,0.18
2026-06-04,10,06,6,5050,木下雄介,75,86,7.04,6,0.23
2026-06-04,11,01,3,4472,尾嶋一広,63,59,6.91,3,0.10
2026-06-04,11,02,1,5278,田中駿兵,59,62,6.92,1,0.09
2026-06-04,11,03,4,5058,前原大道,21,24,7.02,4,0.06
2026-06-04,11,04,5,4427,秦英悟,62,27,6.95,5,0.05
2026-06-04,11,05,6,4725,佐竹太一,29,25,7.0,6,0.07
2026-06-04,11,06,2,4856,豊田健士郎,17,85,6.91,2,0.18
2026-06-04,12,01,1,5028,原田才一郎,23,65,6.92,1,0.00
2026-06-04,12,02,5,4561,藤山翔大,13,20,6.92,2,0.08
2026-06-04,12,03,3,3654,武田光史,30,81,6.98,4,0.14
2026-06-04,12,04,2,3744,徳増秀樹,77,18,6.98,3,0.09
2026-06-04,12,05,4,4880,澤崎雄哉,11,75,7.01,5,0.09
2026-06-04,12,06,6,4231,鈴木裕隆,69,72,7.06,6,0.18
2026-06-06,1,01,5,5238,笹木香吾,33,13,6.96,5,0.16
2026-06-06,1,02,1,3303,渡辺豊,57,15,6.94,1,0.14
2026-06-06,1,03,3,4379,桑島和宏,70,69,6.95,3,0.11
2026-06-06,1,04,2,4876,梅木敬太,77,11,6.97,2,0.14
2026-06-06,1,05,4,4113,木村浩士,72,82,7.04,4,0.20
2026-06-06,1,06,6,5435,中西月輝,45,61,6.91,6,0.29
2026-06-06,2,01,4,4428,有賀達也,44,79,6.9,2,0.17
2026-06-06,2,02,2,4610,佐藤大佑,34,63,6.94,5,0.14
2026-06-06,2,03,5,4496,内堀学,56,80,6.92,3,0.15
2026-06-06,2,04,1,3297,藤丸光一,73,67,6.89,1,0.07
2026-06-06,2,05,3,5154,村松栄太,76,76,6.95,6,0.21
2026-06-06,2,06,6,3212,亀本勇樹,71,30,7.08,4,0.25
2026-06-06,3,01,1,3282,池本輝明,61,73,6.91,1,0.25
2026-06-06,3,02,2,4632,長尾京志郎,52,68,6.97,2,0.22
2026-06-06,3,03,4,5204,宇恵有香,36,60,6.92,4,0.22
2026-06-06,3,04,6,4539,金子賢志,65,24,6.9,6,0.17
2026-06-06,3,05,3,4950,高岡竜也,69,27,6.92,3,0.20
2026-06-06,3,06,5,4727,安部慎一,51,18,6.94,5,0.16
2026-06-06,4,01,2,5013,山下夏鈴,39,59,6.78,2,0.19
2026-06-06,4,02,1,5158,宮脇遼太,54,85,6.89,1,0.08
2026-06-06,4,03,3,5156,坂野さくら,75,16,6.92,3,0.15
2026-06-06,4,04,6,3454,井川大作,59,17,6.94,6,0.14
2026-06-06,4,05,4,4174,赤坂俊輔,66,78,6.92,4,0.22
2026-06-06,4,06,5,4896,花本剛,64,22,7.0,5,0.29
2026-06-06,5,01,3,4737,竹井貴史,49,70,6.98,3,0.13
2026-06-06,5,02,2,4535,北山康介,41,28,6.93,2,0.10
2026-06-06,5,03,4,4041,小林基樹,46,77,6.92,4,0.17
2026-06-06,5,04,5,5338,香月大輝,55,20,6.92,5,0.14
2026-06-06,5,05,6,4163,山崎裕司,50,65,6.92,6,0.14
2026-06-06,5,06,1,3895,堀本裕也,48,23,6.98,1,0.11
2026-06-06,6,01,4,4527,高野心吾,62,66,6.9,4,0.21
2026-06-06,6,02,3,4288,永田啓二,47,14,6.95,3,0.15
2026-06-06,6,03,5,3303,渡辺豊,57,15,6.94,5,0.15
2026-06-06,6,04,1,5243,三馬崇史,38,72,6.92,1,0.19
2026-06-06,6,05,2,3546,中里昌志,79,75,7.04,2,0.37
2026-06-06,6,06,6,3631,田添康介,68,64,7.0,6,0.12
2026-06-06,7,01,1,3900,香川素子,35,26,6.96,1,0.13
2026-06-06,7,02,5,5154,村松栄太,76,76,6.96,5,0.12
2026-06-06,7,03,2,4496,内堀学,56,80,6.94,2,0.12
2026-06-06,7,04,4,4315,山崎昂介,43,62,6.91,4,0.14
2026-06-06,7,05,3,4876,梅木敬太,77,11,6.96,3,0.10
2026-06-06,7,06,6,5409,宮本琉正,63,21,6.9,6,0.09
2026-06-06,8,01,1,4302,西野翔太,53,83,6.93,1,0.12
2026-06-06,8,02,5,4632,長尾京志郎,52,68,7.0,5,0.09
2026-06-06,8,03,4,3297,藤丸光一,73,67,6.9,3,0.08
2026-06-06,8,04,2,4172,森定晃史,40,29,6.99,2,0.14
2026-06-06,8,05,6,4469,土山卓也,67,25,6.93,6,0.14
2026-06-06,8,06,3,4113,木村浩士,72,82,7.07,4,0.20
2026-06-06,9,01,1,3580,水口由紀,78,74,6.99,1,0.29
2026-06-06,9,02,3,5204,宇恵有香,36,60,6.94,3,0.28
2026-06-06,9,03,2,4784,向井田真紀,60,71,6.97,2,0.27
2026-06-06,9,04,4,5156,坂野さくら,75,16,6.99,4,0.29
2026-06-06,9,05,6,4385,鈴木祐美子,37,19,6.93,5,0.33
2026-06-06,9,06,5,5435,中西月輝,45,61,6.93,6,0.34
2026-06-06,10,01,1,5238,笹木香吾,33,13,6.95,1,0.11
2026-06-06,10,02,5,5158,宮脇遼太,54,85,6.93,5,0.19
2026-06-06,10,03,2,5338,香月大輝,55,20,6.98,2,0.12
2026-06-06,10,04,3,4298,宮下元胤,58,81,6.92,3,0.18
2026-06-06,10,05,4,3282,池本輝明,61,73,6.96,4,0.16
2026-06-06,10,06,6,4401,小林泰,74,86,7.01,6,0.17
2026-06-06,11,01,1,4379,桑島和宏,70,69,6.97,1,0.27
2026-06-06,11,02,4,3454,井川大作,59,17,7.0,4,0.14
2026-06-06,11,03,6,4737,竹井貴史,49,70,6.93,6,0.17
2026-06-06,11,04,2,4950,高岡竜也,69,27,6.93,2,0.23
2026-06-06,11,05,3,4610,佐藤大佑,34,63,6.93,3,0.16
2026-06-06,11,06,5,5243,三馬崇史,38,72,6.92,5,0.12
2026-06-06,12,01,1,4288,永田啓二,47,14,6.9,1,0.08
2026-06-06,12,02,2,4428,有賀達也,44,79,6.89,2,0.12
2026-06-06,12,03,3,4174,赤坂俊輔,66,78,6.95,3,0.13
2026-06-06,12,04,6,4535,北山康介,41,28,6.96,6,0.14
2026-06-06,12,05,4,4539,金子賢志,65,24,6.94,4,0.18
2026-06-06,12,06,5,3900,香川素子,35,26,6.98,5,0.23
2026-06-07,1,01,5,4302,西野翔太,53,83,6.95,5,0.04
2026-06-07,1,02,1,3212,亀本勇樹,71,30,7.06,1,0.10
2026-06-07,1,03,6,4041,小林基樹,46,77,6.98,6,0.18
2026-06-07,1,04,2,3631,田添康介,68,64,7.0,2,0.13
2026-06-07,1,05,4,5338,香月大輝,55,20,6.94,4,0.11
2026-06-07,1,06,3,4896,花本剛,64,22,6.96,3,0.13
2026-06-07,2,01,1,3454,井川大作,59,17,6.99,1,0.06
2026-06-07,2,02,4,4298,宮下元胤,58,81,6.93,4,0.18
2026-06-07,2,03,2,5158,宮脇遼太,54,85,6.9,2,0.06
2026-06-07,2,04,3,4163,山崎裕司,50,65,6.97,3,0.11
2026-06-07,2,05,6,4113,木村浩士,72,82,7.03,6,0.17
2026-06-07,2,06,5,3546,中里昌志,79,75,7.03,5,0.19
2026-06-07,3,01,3,4535,北山康介,41,28,6.97,4,0.06
2026-06-07,3,02,1,4385,鈴木祐美子,37,19,6.9,2,0.08
2026-06-07,3,03,2,5243,三馬崇史,38,72,6.99,3,0.01
2026-06-07,3,04,5,3297,藤丸光一,73,67,6.95,1,0.13
2026-06-07,3,05,4,3895,堀本裕也,48,23,7.01,5,0.09
2026-06-07,3,06,6,4315,山崎昂介,43,62,6.91,6,0.26
2026-06-07,4,01,5,4401,小林泰,74,86,6.99,5,0.09
2026-06-07,4,02,1,4172,森定晃史,40,29,6.98,1,0.09
2026-06-07,4,03,6,4527,高野心吾,62,66,6.96,6,0.16
2026-06-07,4,04,3,4288,永田啓二,47,14,6.97,3,0.04
2026-06-07,4,05,2,4727,安部慎一,51,18,7.03,2,0.07
2026-06-07,4,06,4,4784,向井田真紀,60,71,6.97,4,0.28
2026-06-07,5,01,1,4469,土山卓也,67,25,7.01,1,0.12
2026-06-07,5,02,2,4737,竹井貴史,49,70,6.96,2,0.12
2026-06-07,5,03,4,5154,村松栄太,76,76,6.96,4,0.18
2026-06-07,5,04,5,5409,宮本琉正,63,21,6.95,5,0.14
2026-06-07,5,05,6,4428,有賀達也,44,79,6.93,6,0.16
2026-06-07,5,06,3,3580,水口由紀,78,74,7.02,3,0.13
2026-06-07,6,01,3,5013,山下夏鈴,39,59,6.88,3,0.10
2026-06-07,6,02,5,3282,池本輝明,61,73,7.02,5,0.10
2026-06-07,6,03,6,5238,笹木香吾,33,13,7.06,6,0.09
2026-06-07,6,04,2,4379,桑島和宏,70,69,7.07,2,0.17
2026-06-07,6,05,4,3631,田添康介,68,64,7.06,4,0.11
2026-06-07,6,06,1,4632,長尾京志郎,52,68,7.07,1,0.13
2026-06-07,7,01,2,4539,金子賢志,65,24,6.99,2,0.06
2026-06-07,7,02,3,4041,小林基樹,46,77,7.02,3,0.07
2026-06-07,7,03,5,5156,坂野さくら,75,16,7.01,5,0.10
2026-06-07,7,04,4,3303,渡辺豊,57,15,6.98,4,0.12
2026-06-07,7,05,1,4163,山崎裕司,50,65,6.98,1,0.07
2026-06-07,7,06,6,5435,中西月輝,45,61,6.98,6,0.09
2026-06-07,8,01,1,4535,北山康介,41,28,6.93,1,0.10
2026-06-07,8,02,5,4876,梅木敬太,77,11,7.01,5,0.12
2026-06-07,8,03,4,5158,宮脇遼太,54,85,6.95,4,0.04
2026-06-07,8,04,2,4896,花本剛,64,22,7.02,2,0.14
2026-06-07,8,05,6,4496,内堀学,56,80,6.99,6,0.10
2026-06-07,8,06,3,4784,向井田真紀,60,71,6.99,3,0.12
2026-06-07,9,01,3,3900,香川素子,35,26,7.02,3,0.06
2026-06-07,9,02,5,4950,高岡竜也,69,27,6.97,5,0.17
2026-06-07,9,03,4,4727,安部慎一,51,18,7.04,4,0.07
2026-06-07,9,04,2,3212,亀本勇樹,71,30,7.1,2,0.28
2026-06-07,9,05,1,3546,中里昌志,79,31,7.05,1,0.12
2026-06-07,9,06,6,3895,堀本裕也,48,23,7.06,6,0.12
2026-06-07,10,01,1,4401,小林泰,74,86,7.0,1,0.12
2026-06-07,10,02,3,4302,西野翔太,53,83,6.99,3,0.10
2026-06-07,10,03,2,5204,宇恵有香,36,60,6.99,2,0.17
2026-06-07,10,04,5,4174,赤坂俊輔,66,78,7.0,5,0.09
2026-06-07,10,05,4,4385,鈴木祐美子,37,19,6.96,4,0.15
2026-06-07,10,06,6,4610,佐藤大佑,34,63,6.99,6,0.08
2026-06-07,11,01,1,4298,宮下元胤,58,81,6.92,1,0.21
2026-06-07,11,02,2,4315,山崎昂介,43,62,6.89,2,0.17
2026-06-07,11,03,3,4428,有賀達也,44,79,6.93,3,0.13
2026-06-07,11,04,4,5013,山下夏鈴,39,59,6.89,4,0.25
2026-06-07,11,05,5,4172,森定晃史,40,29,6.98,5,0.36
2026-06-07,11,06,6,3580,水口由紀,78,74,6.99,6,0.39
2026-06-07,12,01,1,4539,金子賢志,65,24,6.94,1,0.15
2026-06-07,12,02,3,4527,高野心吾,62,66,6.91,3,0.16
2026-06-07,12,03,4,5243,三馬崇史,38,72,6.95,4,0.14
2026-06-07,12,04,2,5238,笹木香吾,33,13,7.0,2,0.18
2026-06-07,12,05,5,4469,土山卓也,67,25,7.0,5,0.34
2026-06-07,12,06,6,4379,桑島和宏,70,69,7.0,6,0.23
2026-06-08,1,01,2,3454,井川大作,59,17,6.88,2,0.10
2026-06-08,1,02,3,3900,香川素子,35,26,6.93,3,0.11
2026-06-08,1,03,5,4737,竹井貴史,49,70,6.89,5,0.24
2026-06-08,1,04,1,4041,小林基樹,46,77,6.84,1,0.09
2026-06-08,1,05,6,3303,渡辺豊,57,15,6.86,6,0.25
2026-06-08,1,06,4,3212,亀本勇樹,71,30,6.99,4,0.25
2026-06-08,2,01,3,4469,土山卓也,67,25,6.91,4,0.16
2026-06-08,2,02,2,4298,宮下元胤,58,81,6.85,3,0.16
2026-06-08,2,03,6,3297,藤丸光一,73,67,6.86,2,0.13
2026-06-08,2,04,4,3580,水口由紀,78,74,6.93,5,0.12
2026-06-08,2,05,5,4950,高岡竜也,69,27,6.9,6,0.16
2026-06-08,2,06,1,3631,田添康介,68,64,6.94,1,0.18
2026-06-08,3,01,4,5409,宮本琉正,63,21,6.87,4,0.02
2026-06-08,3,02,5,4288,永田啓二,47,14,6.86,5,0.03
2026-06-08,3,03,6,3282,池本輝明,61,73,6.93,6,0.14
2026-06-08,3,04,1,4315,山崎昂介,43,62,6.85,1,0.14
2026-06-08,3,05,2,4163,山崎裕司,50,65,6.93,2,0.09
2026-06-08,3,06,3,4385,鈴木祐美子,37,19,6.83,3,0.14
2026-06-08,4,01,1,4527,高野心吾,62,66,6.85,1,0.02
2026-06-08,4,02,5,4610,佐藤大佑,34,63,6.92,5,0.08
2026-06-08,4,03,3,4172,森定晃史,40,29,6.93,3,0.03
2026-06-08,4,04,6,4632,長尾京志郎,52,68,6.91,6,0.15
2026-06-08,4,05,2,5156,坂野さくら,75,16,6.91,2,0.06
2026-06-08,4,F,4,4535,北山康介,41,28,6.83,4,F0.01
2026-06-08,5,01,6,5243,三馬崇史,38,72,6.9,5,0.07
2026-06-08,5,02,2,4401,小林泰,74,86,6.9,2,0.07
2026-06-08,5,03,3,4174,赤坂俊輔,66,78,6.83,3,0.04
2026-06-08,5,04,1,4113,木村浩士,72,82,6.95,1,0.11
2026-06-08,5,05,4,4876,梅木敬太,77,11,6.9,4,0.07
2026-06-08,5,06,5,5435,中西月輝,45,61,6.88,6,0.07
2026-06-08,6,01,1,4496,内堀学,56,80,6.96,1,0.17
2026-06-08,6,02,2,5154,村松栄太,76,76,6.93,3,0.17
2026-06-08,6,03,4,3900,香川素子,35,26,6.98,5,0.18
2026-06-08,6,04,3,4727,安部慎一,51,18,6.98,4,0.14
2026-06-08,6,05,6,4302,西野翔太,53,83,6.96,2,0.13
2026-06-08,6,06,5,5013,山下夏鈴,39,59,6.86,6,0.23
2026-06-08,7,01,1,4737,竹井貴史,49,70,6.94,1,0.17
2026-06-08,7,02,4,4379,桑島和宏,70,69,6.95,4,0.14
2026-06-08,7,03,2,3297,藤丸光一,73,67,6.94,2,0.21
2026-06-08,7,04,3,3895,堀本裕也,48,23,6.96,3,0.15
2026-06-08,7,05,6,5409,宮本琉正,63,21,6.9,6,0.08
2026-06-08,7,06,5,4784,向井田真紀,60,71,6.95,5,0.15
2026-06-08,8,01,4,4288,永田啓二,47,14,6.92,4,0.04
2026-06-08,8,02,2,4469,土山卓也,67,25,7.0,2,0.08
2026-06-08,8,03,5,3454,井川大作,59,17,6.97,5,0.11
2026-06-08,8,04,1,4950,高岡竜也,69,27,6.93,1,0.08
2026-06-08,8,05,3,5338,香月大輝,55,20,6.93,3,0.17
2026-06-08,8,06,6,3546,中里昌志,79,31,7.02,6,0.13
2026-06-08,9,01,1,4610,佐藤大佑,34,63,6.91,1,0.06
2026-06-08,9,02,2,3282,池本輝明,61,73,6.94,2,0.11
2026-06-08,9,03,3,4539,金子賢志,65,24,6.92,3,0.08
2026-06-08,9,04,6,4172,森定晃史,40,29,6.94,6,0.19
2026-06-08,9,05,4,4896,花本剛,64,22,6.96,4,0.16
2026-06-08,9,06,5,3212,亀本勇樹,71,30,7.04,5,0.19
2026-06-08,10,01,6,5158,宮脇遼太,54,85,6.84,6,0.08
2026-06-08,10,02,1,4428,有賀達也,44,79,6.86,1,0.15
2026-06-08,10,03,2,3303,渡辺豊,57,15,6.95,2,0.17
2026-06-08,10,04,4,5238,笹木香吾,33,13,6.92,4,0.11
2026-06-08,10,05,3,4401,小林泰,74,86,6.96,3,0.15
2026-06-08,10,06,5,5204,宇恵有香,36,60,6.9,5,0.15
2026-06-08,11,01,1,4174,赤坂俊輔,66,78,6.93,1,0.18
2026-06-08,11,02,2,4302,西野翔太,53,83,6.94,2,0.14
2026-06-08,11,03,3,4496,内堀学,56,80,6.95,3,0.19
2026-06-08,11,04,6,4298,宮下元胤,58,81,6.91,6,0.29
2026-06-08,11,05,4,4527,高野心吾,62,66,6.88,4,0.24
2026-06-08,11,06,5,4163,山崎裕司,50,65,6.91,5,0.26
2026-06-08,12,01,4,5156,坂野さくら,75,16,6.93,4,0.19
2026-06-08,12,02,2,3580,水口由紀,78,74,6.93,2,0.15
2026-06-08,12,03,3,5013,山下夏鈴,39,59,6.79,3,0.13
2026-06-08,12,04,6,5435,中西月輝,45,61,6.9,6,0.21
2026-06-08,12,05,1,4784,向井田真紀,60,71,6.92,1,0.33
2026-06-08,12,06,5,4385,鈴木祐美子,37,19,6.91,5,0.21
2026-06-09,1,01,4,3546,中里昌志,79,31,7.03,4,0.14
2026-06-09,1,02,5,4041,小林基樹,46,77,6.88,5,0.25
2026-06-09,1,03,3,3303,渡辺豊,57,15,6.98,3,0.15
2026-06-09,1,04,1,5154,村松栄太,76,76,6.93,1,0.16
2026-06-09,1,05,2,4113,木村浩士,72,82,7.02,2,0.23
2026-06-09,1,06,6,4784,向井田真紀,60,71,6.94,6,0.14
2026-06-09,2,01,1,5013,山下夏鈴,39,59,6.82,1,0.15
2026-06-09,2,02,3,4315,山崎昂介,43,62,6.87,3,0.11
2026-06-09,2,03,6,4727,安部慎一,51,18,6.98,4,0.16
2026-06-09,2,04,4,5409,宮本琉正,63,21,6.92,6,0.14
2026-06-09,2,05,2,5156,坂野さくら,75,16,6.96,2,0.15
2026-06-09,2,06,5,3631,田添康介,68,64,6.98,5,0.15
2026-06-09,3,01,1,4379,桑島和宏,70,69,6.94,1,0.07
2026-06-09,3,02,2,5338,香月大輝,55,20,6.91,2,0.01
2026-06-09,3,03,3,4469,土山卓也,67,25,6.96,3,0.09
2026-06-09,3,04,5,4527,高野心吾,62,66,6.86,5,0.12
2026-06-09,3,05,6,5435,中西月輝,45,61,6.9,6,0.16
2026-06-09,3,S1,4,4302,西野翔太,53,83,6.91,4,0.10
2026-06-09,4,01,2,4401,小林泰,74,86,6.95,2,0.16
2026-06-09,4,02,1,4298,宮下元胤,58,81,6.88,1,0.18
2026-06-09,4,03,6,3900,香川素子,35,26,6.95,6,0.26
2026-06-09,4,04,4,5158,宮脇遼太,54,85,6.87,4,0.18
2026-06-09,4,05,5,3895,堀本裕也,48,23,6.97,5,0.24
2026-06-09,4,S1,3,3454,井川大作,59,17,6.92,3,0.15
2026-06-09,5,01,1,4174,赤坂俊輔,66,78,6.89,1,0.21
2026-06-09,5,02,4,4737,竹井貴史,49,70,6.91,4,0.21
2026-06-09,5,03,5,4428,有賀達也,44,79,6.92,5,0.17
2026-06-09,5,04,2,3297,藤丸光一,73,67,6.88,2,0.28
2026-06-09,5,05,3,3282,池本輝明,61,73,6.92,3,0.22
2026-06-09,5,06,6,4876,梅木敬太,77,11,6.92,6,0.17
2026-06-09,6,01,4,5238,笹木香吾,33,13,6.98,4,0.08
2026-06-09,6,02,3,3212,亀本勇樹,71,30,7.02,3,0.17
2026-06-09,6,03,6,4288,永田啓二,47,14,6.91,6,0.14
2026-06-09,6,04,5,4113,木村浩士,72,82,7.01,5,0.15
2026-06-09,6,05,2,4632,長尾京志郎,52,68,6.96,2,0.17
2026-06-09,6,06,1,4610,佐藤大佑,34,63,6.92,1,0.23
2026-06-09,7,01,1,4496,内堀学,56,80,6.93,1,0.22
2026-06-09,7,02,6,4535,北山康介,41,28,6.89,6,0.18
2026-06-09,7,03,2,4385,鈴木祐美子,37,19,6.86,2,0.29
2026-06-09,7,04,3,5204,宇恵有香,36,60,6.92,3,0.26
2026-06-09,7,05,5,3580,水口由紀,78,74,6.96,5,0.27
2026-06-09,7,06,4,4163,山崎裕司,50,65,6.91,4,0.21
2026-06-09,8,01,3,5243,三馬崇史,38,72,6.87,3,0.15
2026-06-09,8,02,5,4539,金子賢志,65,24,6.92,5,0.13
2026-06-09,8,03,6,4950,高岡竜也,69,27,6.88,6,0.21
2026-06-09,8,04,1,4727,安部慎一,51,18,6.96,1,0.09
2026-06-09,8,05,4,4172,森定晃史,40,29,6.95,4,0.20
2026-06-09,8,06,2,4041,小林基樹,46,77,6.84,2,0.15
2026-06-09,9,01,6,4174,赤坂俊輔,66,78,6.89,2,0.20
2026-06-09,9,02,2,4302,西野翔太,53,32,6.85,3,0.20
2026-06-09,9,03,3,4428,有賀達也,44,79,6.91,4,0.17
2026-06-09,9,04,4,4298,宮下元胤,58,81,6.9,5,0.23
2026-06-09,9,05,5,4379,桑島和宏,70,69,6.94,6,0.21
2026-06-09,9,06,1,3900,香川素子,35,26,6.94,1,0.36
2026-06-09,10,01,6,4610,佐藤大佑,34,63,6.92,6,0.01
2026-06-09,10,02,2,3454,井川大作,59,17,6.92,2,0.12
2026-06-09,10,03,1,4737,竹井貴史,49,70,6.88,1,0.16
2026-06-09,10,04,3,5238,笹木香吾,33,13,6.94,3,0.08
2026-06-09,10,05,4,4469,土山卓也,67,25,6.95,4,0.11
2026-06-09,10,06,5,4401,小林泰,74,86,6.92,5,0.09
2026-06-09,11,01,1,4288,永田啓二,47,14,6.86,1,0.13
2026-06-09,11,02,2,4527,高野心吾,62,66,6.85,3,0.19
2026-06-09,11,03,3,5158,宮脇遼太,54,85,6.89,4,0.14
2026-06-09,11,04,5,5013,山下夏鈴,39,59,6.75,6,0.19
2026-06-09,11,05,6,4496,内堀学,56,80,6.94,2,0.19
2026-06-09,11,06,4,3282,池本輝明,61,73,6.96,5,0.22
2026-06-09,12,01,1,4876,梅木敬太,77,11,6.93,1,0.11
2026-06-09,12,02,2,5204,宇恵有香,36,60,6.92,2,0.20
2026-06-09,12,03,4,4632,長尾京志郎,52,68,6.97,4,0.13
2026-06-09,12,04,6,5154,村松栄太,76,76,6.92,6,0.15
2026-06-09,12,05,3,5338,香月大輝,55,20,6.92,3,0.27
2026-06-09,12,06,5,4315,山崎昂介,43,62,6.84,5,0.15
2026-06-10,1,01,1,3282,池本輝明,61,73,6.95,1,0.17
2026-06-10,1,02,3,3546,中里昌志,79,31,7.02,3,0.17
2026-06-10,1,03,5,4315,山崎昂介,43,62,6.9,5,0.11
2026-06-10,1,04,6,5156,坂野さくら,75,16,6.99,6,0.15
2026-06-10,1,05,2,3631,田添康介,68,64,7.0,2,0.18
2026-06-10,1,06,4,4041,小林基樹,46,77,6.88,4,0.17
2026-06-10,2,01,1,5013,山下夏鈴,39,59,6.83,2,0.09
2026-06-10,2,02,4,5204,宇恵有香,36,60,6.89,5,0.19
2026-06-10,2,03,2,5154,村松栄太,76,76,6.95,3,0.20
2026-06-10,2,04,5,3297,藤丸光一,73,67,6.92,1,0.15
2026-06-10,2,05,3,5338,香月大輝,55,20,6.9,4,0.13
2026-06-10,2,06,6,5409,宮本琉正,63,21,6.9,6,0.13
2026-06-10,3,01,1,4469,土山卓也,67,25,6.93,1,0.21
2026-06-10,3,02,4,3303,渡辺豊,57,15,6.94,4,0.23
2026-06-10,3,03,6,5243,三馬崇史,38,72,6.9,6,0.26
2026-06-10,3,04,2,3580,水口由紀,78,74,6.95,2,0.22
2026-06-10,3,05,5,4172,森定晃史,40,29,6.98,5,0.24
2026-06-10,3,06,3,3895,堀本裕也,48,23,6.98,3,0.22
2026-06-10,4,01,5,5158,宮脇遼太,54,85,6.88,5,0.02
2026-06-10,4,02,1,4401,小林泰,74,86,6.94,1,0.06
2026-06-10,4,03,6,4539,金子賢志,65,24,6.89,6,0.08
2026-06-10,4,04,3,4385,鈴木祐美子,37,19,6.82,3,0.17
2026-06-10,4,05,4,3212,亀本勇樹,71,30,7.02,4,0.10
2026-06-10,4,06,2,4163,山崎裕司,50,65,6.92,2,0.15
2026-06-10,5,01,5,4950,高岡竜也,69,27,6.85,5,0.11
2026-06-10,5,02,1,5156,坂野さくら,75,16,6.9,1,0.23
2026-06-10,5,03,6,4737,竹井貴史,49,70,6.88,6,0.14
2026-06-10,5,04,2,3900,香川素子,35,26,6.91,2,0.19
2026-06-10,5,05,3,4113,木村浩士,72,82,6.93,3,0.19
2026-06-10,5,06,4,3631,田添康介,68,64,6.96,4,0.17
2026-06-10,6,01,1,4428,有賀達也,44,79,6.88,1,0.09
2026-06-10,6,02,2,4496,内堀学,56,80,6.89,2,0.08
2026-06-10,6,03,5,4298,宮下元胤,58,81,6.9,5,0.16
2026-06-10,6,04,6,5338,香月大輝,55,20,6.87,6,0.13
2026-06-10,6,05,3,4727,安部慎一,51,18,6.95,3,0.12
2026-06-10,6,06,4,3546,中里昌志,79,31,6.93,4,0.14
2026-06-10,7,01,1,5238,笹木香吾,33,13,6.88,1,0.10
2026-06-10,7,02,2,4172,森定晃史,40,29,6.93,2,0.09
2026-06-10,7,03,6,4535,北山康介,41,28,6.86,6,0.16
2026-06-10,7,04,4,4876,梅木敬太,77,11,6.92,4,0.13
2026-06-10,7,05,3,4041,小林基樹,46,77,6.84,3,0.12
2026-06-10,7,06,5,5154,村松栄太,76,76,6.9,5,0.14
2026-06-10,8,01,1,4539,金子賢志,65,24,6.87,1,0.07
2026-06-10,8,02,5,4379,桑島和宏,70,69,6.91,5,0.13
2026-06-10,8,03,3,4784,向井田真紀,60,71,6.9,3,0.13
2026-06-10,8,04,4,5409,宮本琉正,63,21,6.91,4,0.09
2026-06-10,8,05,2,3895,堀本裕也,48,23,6.9,2,0.08
2026-06-10,8,06,6,5435,中西月輝,45,61,6.84,6,0.19
2026-06-10,9,01,4,4950,高岡竜也,69,27,6.86,4,0.15
2026-06-10,9,02,1,5243,三馬崇史,38,72,6.84,1,0.19
2026-06-10,9,03,6,5204,宇恵有香,36,60,6.87,6,0.14
2026-06-10,9,04,5,4163,山崎裕司,50,65,6.87,5,0.18
2026-06-10,9,05,3,4632,長尾京志郎,52,68,6.93,3,0.17
2026-06-10,9,06,2,4315,山崎昂介,43,62,6.84,2,0.22
2026-06-10,10,01,1,5158,宮脇遼太,54,85,6.83,1,0.02
2026-06-10,10,02,2,4428,有賀達也,44,79,6.86,2,0.06
2026-06-10,10,03,5,3900,香川素子,35,26,6.94,5,0.17
2026-06-10,10,04,4,4469,土山卓也,67,25,6.9,4,0.17
2026-06-10,10,05,6,3282,池本輝明,61,73,6.89,6,0.24
2026-06-10,10,F,3,5013,山下夏鈴,39,59,6.75,3,F0.01
2026-06-10,11,01,4,4302,西野翔太,53,32,6.89,4,0.15
2026-06-10,11,02,1,4288,永田啓二,47,14,6.85,1,0.24
2026-06-10,11,03,2,4174,赤坂俊輔,66,78,6.87,2,0.19
2026-06-10,11,04,6,4527,高野心吾,62,66,6.84,6,0.32
2026-06-10,11,05,5,3454,井川大作,59,17,6.9,5,0.19
2026-06-10,11,F,3,4610,佐藤大佑,34,63,6.88,3,F0.01
2026-06-10,12,01,1,4737,竹井貴史,49,70,6.89,1,0.14
2026-06-10,12,02,2,5238,笹木香吾,33,13,6.89,2,0.20
2026-06-10,12,03,3,4298,宮下元胤,58,81,6.85,3,0.17
2026-06-10,12,04,4,4379,桑島和宏,70,69,6.89,4,0.14
2026-06-10,12,05,5,4496,内堀学,56,80,6.84,5,0.13
2026-06-10,12,06,6,4401,小林泰,74,86,6.87,6,0.11
2026-06-17,1,01,3,4600,井内将太郎,65,40,6.94,3,0.10
2026-06-17,1,02,2,4704,河野大,57,14,6.95,2,0.11
2026-06-17,1,03,4,5043,中村日向,76,18,6.91,4,0.09
2026-06-17,1,04,1,4171,榎幸司,74,28,7.0,1,0.18
2026-06-17,1,05,6,4908,上田龍星,64,85,6.93,6,0.09
2026-06-17,1,06,5,4441,末永由楽,71,47,7.06,5,0.07
2026-06-17,2,01,1,4415,下出卓矢,58,20,6.95,1,0.24
2026-06-17,2,02,2,4685,島村隆幸,67,17,6.93,2,0.18
2026-06-17,2,03,4,4991,宗行治哉,63,74,6.87,4,0.21
2026-06-17,2,04,5,4227,安達裕樹,43,34,6.92,5,0.25
2026-06-17,2,05,3,4966,田川大貴,80,16,6.99,3,0.19
2026-06-17,2,06,6,4370,山口達也,77,63,7.0,6,0.29
2026-06-17,3,01,5,4939,宮之原輝紀,81,36,6.91,5,0.24
2026-06-17,3,02,4,4645,上村純一,78,77,6.92,4,0.13
2026-06-17,3,03,1,4531,武富智亮,40,27,6.97,1,0.14
2026-06-17,3,04,2,4804,高田ひかる,62,11,6.84,2,0.21
2026-06-17,3,05,6,5104,山田丈,36,58,6.96,6,0.30
2026-06-17,3,06,3,4553,坪口竜也,15,65,6.95,3,0.20
2026-06-17,4,01,4,5055,眞鳥章太,69,66,6.95,4,0.03
2026-06-17,4,02,1,3961,谷村一哉,59,55,6.93,1,0.09
2026-06-17,4,03,6,5142,常住蓮,56,69,6.88,6,0.05
2026-06-17,4,04,5,5029,中亮太,13,24,6.92,5,0.01
2026-06-17,4,05,2,4095,福来剛,38,31,6.85,2,0.13
2026-06-17,4,06,3,5256,中山翔太,39,60,6.92,3,0.15
2026-06-17,5,01,3,4659,木下翔太,45,48,7.01,3,0.11
2026-06-17,5,02,1,3984,坂口周,79,78,6.97,1,0.18
2026-06-17,5,03,2,4241,大串重幸,54,32,6.91,2,0.13
2026-06-17,5,04,6,4420,津久井拓也,46,46,6.94,6,0.12
2026-06-17,5,05,4,4828,松山将吾,23,33,6.96,4,0.13
2026-06-17,5,06,5,3777,樋口亮,66,13,6.98,5,0.26
2026-06-17,6,01,1,4042,丸岡正典,44,64,6.9,1,0.17
2026-06-17,6,02,6,5043,中村日向,76,18,6.92,6,0.16
2026-06-17,6,03,4,4734,安河内将,28,86,6.94,4,0.16
2026-06-17,6,04,2,5075,中島秀治,52,56,6.98,2,0.24
2026-06-17,6,05,3,4409,坂元浩仁,61,68,6.99,3,0.15
2026-06-17,6,06,5,3944,山口裕二,53,59,6.95,5,0.19
2026-06-17,7,01,2,4290,稲田浩二,41,72,6.89,2,0.12
2026-06-17,7,02,5,5087,佐藤航,25,51,6.99,5,0.15
2026-06-17,7,03,3,5002,上田健太,30,15,6.95,3,0.14
2026-06-17,7,04,6,4991,宗行治哉,63,74,6.9,6,0.18
2026-06-17,7,05,4,4352,下條雄太郎,17,62,6.94,4,0.16
2026-06-17,7,06,1,4441,末永由楽,71,47,7.03,1,0.20
2026-06-17,8,01,1,5042,畑田汰一,49,57,6.94,1,0.08
2026-06-17,8,02,3,3942,寺田祥,20,50,6.97,3,0.11
2026-06-17,8,03,2,4989,石原翼,37,79,6.92,2,0.10
2026-06-17,8,04,6,4804,高田ひかる,62,11,6.84,6,0.26
2026-06-17,8,05,5,4415,下出卓矢,58,20,6.94,5,0.14
2026-06-17,8,06,4,4171,榎幸司,74,28,7.02,4,0.23
2026-06-17,9,01,2,3837,秋山広一,29,81,6.92,2,0.12
2026-06-17,9,02,1,4645,上村純一,78,77,6.91,1,0.06
2026-06-17,9,03,3,5142,常住蓮,56,69,6.9,3,0.05
2026-06-17,9,04,5,4590,渡邉優美,34,73,6.92,5,0.12
2026-06-17,9,05,6,4704,河野大,57,14,6.9,6,0.06
2026-06-17,9,06,4,4966,田川大貴,80,16,6.96,4,0.10
2026-06-17,10,01,1,3908,重成一人,22,53,6.92,1,0.14
2026-06-17,10,02,3,4370,山口達也,77,63,6.89,3,0.15
2026-06-17,10,03,5,3961,谷村一哉,59,55,6.9,5,0.19
2026-06-17,10,04,6,4600,井内将太郎,65,40,6.89,6,0.14
2026-06-17,10,05,4,4961,西橋奈未,31,76,6.89,4,0.12
2026-06-17,10,06,2,3777,樋口亮,66,13,6.93,2,0.24
2026-06-17,11,01,1,4939,宮之原輝紀,81,36,6.88,1,0.10
2026-06-17,11,02,2,4908,上田龍星,64,85,6.91,2,0.10
2026-06-17,11,03,5,4685,島村隆幸,67,17,6.93,5,0.18
2026-06-17,11,04,3,5055,眞鳥章太,69,66,6.91,3,0.10
2026-06-17,11,05,4,3984,坂口周,79,78,6.92,4,0.16
2026-06-17,11,06,6,4409,坂元浩仁,61,68,6.96,6,0.18
2026-06-17,12,01,1,3590,濱野谷憲吾,24,25,6.88,1,0.01
2026-06-17,12,02,4,3959,坪井康晴,70,43,6.87,4,0.03
2026-06-17,12,03,2,3388,今垣光太郎,32,29,6.87,2,0.06
2026-06-17,12,04,6,4477,篠崎仁志,35,70,6.93,6,0.06
2026-06-17,12,05,5,4028,田村隆信,33,12,6.95,5,0.10
2026-06-17,12,F,3,3854,吉川元浩,47,37,6.82,3,F0.01
2026-06-18,1,01,5,4042,丸岡正典,44,64,6.95,5,0.17
2026-06-18,1,02,1,4966,田川大貴,80,16,7.02,1,0.18
2026-06-18,1,03,6,4095,福来剛,38,31,6.87,6,0.15
2026-06-18,1,04,3,4804,高田ひかる,62,11,6.88,3,0.20
2026-06-18,1,05,4,3777,樋口亮,66,13,6.99,4,0.31
2026-06-18,1,06,2,5002,上田健太,30,15,6.96,2,0.24
2026-06-18,2,01,1,4241,大串重幸,54,32,6.97,1,0.08
2026-06-18,2,02,4,4590,渡邉優美,34,73,6.94,4,0.17
2026-06-18,2,03,5,3854,吉川元浩,47,37,6.91,5,0.16
2026-06-18,2,04,2,4420,津久井拓也,46,46,6.93,2,0.16
2026-06-18,2,05,3,5087,佐藤航,25,51,6.98,3,0.18
2026-06-18,2,06,6,5055,眞鳥章太,69,66,7.01,6,0.19
2026-06-18,3,01,1,4659,木下翔太,45,48,6.97,1,0.14
2026-06-18,3,02,3,4991,宗行治哉,63,74,6.9,3,0.15
2026-06-18,3,03,2,4531,武富智亮,40,27,7.03,2,0.16
2026-06-18,3,04,6,4352,下條雄太郎,17,62,6.96,6,0.15
2026-06-18,3,05,4,5075,中島秀治,52,56,7.0,4,0.18
2026-06-18,3,06,5,5104,山田丈,36,58,6.97,5,0.17
2026-06-18,4,01,3,4908,上田龍星,64,85,6.97,3,0.12
2026-06-18,4,02,1,3944,山口裕二,53,59,6.96,1,0.16
2026-06-18,4,03,6,3388,今垣光太郎,32,29,6.91,5,0.13
2026-06-18,4,04,5,5042,畑田汰一,49,57,6.95,4,0.16
2026-06-18,4,05,2,4227,安達裕樹,43,34,6.96,2,0.09
2026-06-18,4,06,4,4704,河野大,57,14,6.95,6,0.12
2026-06-18,5,01,1,4290,稲田浩二,41,72,6.91,1,0.10
2026-06-18,5,02,5,3959,坪井康晴,70,43,6.89,5,0.18
2026-06-18,5,03,2,4553,坪口竜也,15,65,6.99,2,0.15
2026-06-18,5,04,3,3837,秋山広一,29,81,6.95,3,0.14
2026-06-18,5,05,6,4961,西橋奈未,31,76,6.85,6,0.21
2026-06-18,5,06,4,4600,井内将太郎,65,40,6.97,4,0.12
2026-06-18,6,01,6,4415,下出卓矢,58,20,6.92,6,0.04
2026-06-18,6,02,1,4989,石原翼,37,79,6.89,1,0.06
2026-06-18,6,03,3,4477,篠崎仁志,35,70,6.98,3,0.12
2026-06-18,6,04,4,3908,重成一人,22,53,7.03,4,0.09
2026-06-18,6,05,5,3984,坂口周,79,78,7.0,5,0.07
2026-06-18,6,06,2,4409,坂元浩仁,61,68,7.0,2,0.11
2026-06-18,7,01,1,4828,松山将吾,23,33,6.9,1,0.11
2026-06-18,7,02,4,4241,大串重幸,54,32,6.96,4,0.02
2026-06-18,7,03,2,4939,宮之原輝紀,81,36,6.94,2,0.09
2026-06-18,7,04,5,5256,中山翔太,39,60,6.94,5,0.02
2026-06-18,7,05,3,4441,末永由楽,71,47,6.99,3,0.05
2026-06-18,7,S1,6,4734,安河内将,28,86,6.96,6,0.05
2026-06-18,8,01,1,5104,山田丈,36,58,6.93,1,0.20
2026-06-18,8,02,2,4028,田村隆信,33,12,6.98,2,0.19
2026-06-18,8,03,6,4171,榎幸司,74,28,6.97,6,0.22
2026-06-18,8,04,4,4370,山口達也,77,63,6.92,4,0.21
2026-06-18,8,05,3,5043,中村日向,76,18,6.92,3,0.19
2026-06-18,8,06,5,5002,上田健太,30,15,6.92,5,0.18
2026-06-18,9,01,1,4590,渡邉優美,34,73,6.98,1,0.19
2026-06-18,9,02,2,4042,丸岡正典,44,64,6.92,2,0.13
2026-06-18,9,03,6,4685,島村隆幸,67,17,6.94,6,0.25
2026-06-18,9,04,3,3961,谷村一哉,59,55,6.97,3,0.18
2026-06-18,9,05,4,3944,山口裕二,53,59,6.96,4,0.27
2026-06-18,9,06,5,3590,濱野谷憲吾,24,25,6.92,5,0.27
2026-06-18,10,01,1,3942,寺田祥,20,50,6.9,1,0.14
2026-06-18,10,02,3,5029,中亮太,13,24,6.93,3,0.10
2026-06-18,10,03,2,3959,坪井康晴,70,43,6.87,2,0.13
2026-06-18,10,04,5,5075,中島秀治,52,56,6.9,5,0.14
2026-06-18,10,05,4,5142,常住蓮,56,69,6.88,4,0.10
2026-06-18,10,06,6,4645,上村純一,78,77,6.94,6,0.09
2026-06-18,11,01,1,3854,吉川元浩,47,37,6.87,1,0.14
2026-06-18,11,02,3,4095,福来剛,38,31,6.86,3,0.13
2026-06-18,11,03,5,4659,木下翔太,45,48,6.95,5,0.13
2026-06-18,11,04,6,4227,安達裕樹,43,34,6.91,6,0.12
2026-06-18,11,05,4,4989,石原翼,37,79,6.88,4,0.21
2026-06-18,11,06,2,4961,西橋奈未,31,76,6.89,2,0.13
2026-06-18,12,01,3,5042,畑田汰一,49,57,6.93,3,0.06
2026-06-18,12,02,1,4477,篠崎仁志,35,70,6.96,1,0.07
2026-06-18,12,03,5,4290,稲田浩二,41,72,6.89,5,0.23
2026-06-18,12,04,2,5256,中山翔太,39,60,6.9,2,0.08
2026-06-18,12,05,4,4420,津久井拓也,46,46,6.94,4,0.12
2026-06-18,12,06,6,4531,武富智亮,40,27,6.99,6,0.24
2026-06-19,1,01,2,3984,坂口周,79,78,6.97,2,0.10
2026-06-19,1,02,3,5075,中島秀治,52,56,6.91,3,0.13
2026-06-19,1,03,6,3944,山口裕二,53,59,6.94,6,0.29
2026-06-19,1,04,1,3777,樋口亮,66,13,6.93,1,0.19
2026-06-19,1,05,4,4441,末永由楽,71,47,6.97,4,0.13
2026-06-19,1,06,5,4531,武富智亮,40,27,6.98,5,0.25
2026-06-19,2,01,1,5043,中村日向,76,18,6.93,1,0.06
2026-06-19,2,02,2,4991,宗行治哉,63,74,6.86,2,0.11
2026-06-19,2,03,4,4409,坂元浩仁,61,68,7.02,4,0.15
2026-06-19,2,04,6,4290,稲田浩二,41,72,6.89,6,0.16
2026-06-19,2,05,3,4553,坪口竜也,15,65,7.0,3,0.15
2026-06-19,2,06,5,3388,今垣光太郎,32,29,6.94,5,0.15
2026-06-19,3,01,1,4804,高田ひかる,62,11,6.85,1,0.10
2026-06-19,3,02,2,5087,佐藤航,25,51,6.93,2,0.08
2026-06-19,3,03,6,3908,重成一人,22,53,6.98,6,0.14
2026-06-19,3,04,5,4171,榎幸司,74,28,6.97,5,0.15
2026-06-19,3,05,4,3961,谷村一哉,59,55,6.93,4,0.11
2026-06-19,3,06,3,4352,下條雄太郎,17,62,6.93,3,0.14
2026-06-19,4,01,1,4704,河野大,57,14,6.89,1,0.07
2026-06-19,4,02,4,4939,宮之原輝紀,81,36,6.91,4,0.11
2026-06-19,4,03,5,3837,秋山広一,29,81,6.91,5,0.11
2026-06-19,4,04,3,4645,上村純一,78,77,6.92,3,0.09
2026-06-19,4,05,6,3942,寺田祥,20,50,6.86,6,0.10
2026-06-19,4,06,2,5055,眞鳥章太,69,66,6.87,2,0.09
2026-06-19,5,01,1,4420,津久井拓也,46,46,6.92,1,0.20
2026-06-19,5,02,4,5104,山田丈,36,58,6.96,4,0.23
2026-06-19,5,03,6,3590,濱野谷憲吾,24,25,6.96,6,0.31
2026-06-19,5,04,3,4685,島村隆幸,67,17,6.95,3,0.22
2026-06-19,5,05,2,4370,山口達也,77,63,6.94,2,0.20
2026-06-19,5,06,5,4966,田川大貴,80,16,6.98,5,0.28
2026-06-19,6,01,3,4828,松山将吾,23,33,7.02,3,0.22
2026-06-19,6,02,2,4659,木下翔太,45,48,7.05,2,0.18
2026-06-19,6,03,4,5029,中亮太,13,24,6.97,4,0.31
2026-06-19,6,04,6,3959,坪井康晴,70,43,6.99,6,0.24
2026-06-19,6,05,5,4241,大串重幸,54,32,7.05,5,0.24
2026-06-19,6,06,1,5002,上田健太,30,15,6.98,1,0.31
2026-06-19,7,01,5,4095,福来剛,38,31,6.91,5,0.06
2026-06-19,7,02,2,4600,井内将太郎,65,40,6.98,2,0.12
2026-06-19,7,03,6,3854,吉川元浩,47,37,6.97,6,0.07
2026-06-19,7,04,3,4028,田村隆信,33,12,7.07,3,0.11
2026-06-19,7,05,1,5075,中島秀治,52,56,6.98,1,0.20
2026-06-19,7,06,4,4553,坪口竜也,15,65,7.02,4,0.10
2026-06-19,8,01,1,5256,中山翔太,39,60,6.99,1,0.09
2026-06-19,8,02,4,4415,下出卓矢,58,20,7.04,4,0.12
2026-06-19,8,03,2,5142,常住蓮,56,69,6.97,2,0.09
2026-06-19,8,04,5,4477,篠崎仁志,35,70,7.05,5,0.14
2026-06-19,8,05,6,4042,丸岡正典,44,64,7.09,6,0.19
2026-06-19,8,06,3,4171,榎幸司,74,28,7.08,3,0.13
2026-06-19,9,01,1,4352,下條雄太郎,17,62,7.03,1,0.15
2026-06-19,9,02,3,3944,山口裕二,53,59,7.04,3,0.24
2026-06-19,9,03,4,4227,安達裕樹,43,34,7.01,4,0.15
2026-06-19,9,04,2,4590,渡邉優美,34,73,7.06,2,0.14
2026-06-19,9,05,6,4989,石原翼,37,79,7.0,6,0.17
2026-06-19,9,06,5,4645,上村純一,78,77,7.02,5,0.20
2026-06-19,10,01,3,3590,濱野谷憲吾,24,25,6.99,3,0.07
2026-06-19,10,02,4,3837,秋山広一,29,81,7.07,4,0.12
2026-06-19,10,03,6,4441,末永由楽,71,47,7.12,6,0.15
2026-06-19,10,04,5,4908,上田龍星,64,85,7.03,5,0.12
2026-06-19,10,05,2,5042,畑田汰一,49,57,6.98,2,0.03
2026-06-19,10,F,1,4961,西橋奈未,31,76,6.95,1,F0.01
2026-06-19,11,01,1,3388,今垣光太郎,32,29,6.98,1,0.20
2026-06-19,11,02,4,3942,寺田祥,20,50,7.05,4,0.10
2026-06-19,11,03,3,3908,重成一人,22,53,7.06,3,0.24
2026-06-19,11,04,6,3984,坂口周,79,78,7.05,6,0.17
2026-06-19,11,05,2,5029,中亮太,13,24,6.94,2,0.22
2026-06-19,11,06,5,4370,山口達也,77,63,7.04,5,0.18
2026-06-19,12,01,1,4028,田村隆信,33,12,6.99,1,0.14
2026-06-19,12,02,5,5043,中村日向,76,18,6.92,5,0.14
2026-06-19,12,03,3,4939,宮之原輝紀,81,36,6.97,3,0.12
2026-06-19,12,04,2,4966,田川大貴,80,16,7.0,2,0.23
2026-06-19,12,05,6,4828,松山将吾,23,33,6.95,6,0.12
2026-06-19,12,06,4,5087,佐藤航,25,51,7.0,4,0.22
2026-06-20,1,01,4,4804,高田ひかる,62,11,7.09,4,0.20
2026-06-20,1,02,3,4241,大串重幸,54,32,7.27,3,0.20
2026-06-20,1,03,1,5055,眞鳥章太,69,66,7.22,1,0.24
2026-06-20,1,04,2,5104,山田丈,36,58,7.18,2,0.24
2026-06-20,1,05,5,4409,坂元浩仁,61,68,7.22,5,0.20
2026-06-20,1,06,6,5075,中島秀治,52,56,7.13,6,0.21
2026-06-20,2,01,3,3959,坪井康晴,70,43,7.25,3,0.09
2026-06-20,2,02,1,4227,安達裕樹,43,34,7.27,1,0.06
2026-06-20,2,03,5,4991,宗行治哉,63,74,7.24,5,0.14
2026-06-20,2,04,6,3777,樋口亮,66,13,7.26,6,0.11
2026-06-20,2,05,4,4685,島村隆幸,67,17,7.18,4,0.16
2026-06-20,2,06,2,3961,谷村一哉,59,55,7.28,2,0.26
2026-06-20,3,01,2,4352,下條雄太郎,17,62,7.09,2,0.13
2026-06-20,3,02,3,3837,秋山広一,29,81,7.23,3,0.13
2026-06-20,3,03,5,4704,河野大,57,14,7.17,5,0.14
2026-06-20,3,04,4,4553,坪口竜也,15,65,7.22,4,0.15
2026-06-20,3,05,6,4590,渡邉優美,34,73,7.19,6,0.13
2026-06-20,3,F,1,4600,井内将太郎,65,40,7.13,1,F0.01
2026-06-20,4,01,3,5029,中亮太,13,24,7.08,3,0.10
2026-06-20,4,02,1,4095,福来剛,38,31,7.07,1,0.15
2026-06-20,4,03,5,5142,常住蓮,56,69,7.08,5,0.09
2026-06-20,4,04,4,5042,畑田汰一,49,57,7.15,4,0.09
2026-06-20,4,05,2,4441,末永由楽,71,47,7.18,2,0.18
2026-06-20,4,06,6,4966,田川大貴,80,16,7.2,6,0.16
2026-06-20,5,01,4,3854,吉川元浩,47,37,7.06,5,0.13
2026-06-20,5,02,1,4370,山口達也,77,63,7.14,1,0.03
2026-06-20,5,03,2,3944,山口裕二,53,59,7.15,2,0.06
2026-06-20,5,04,6,4028,田村隆信,33,12,7.24,4,0.10
2026-06-20,5,05,3,4415,下出卓矢,58,20,7.12,3,0.08
2026-06-20,5,06,5,5002,上田健太,30,15,7.14,6,0.16
2026-06-20,6,01,1,4908,上田龍星,64,85,7.1,1,0.05
2026-06-20,6,02,4,3942,寺田祥,20,50,7.12,4,0.05
2026-06-20,6,03,5,4961,西橋奈未,31,76,7.16,5,0.10
2026-06-20,6,04,6,4241,大串重幸,54,32,7.24,6,0.13
2026-06-20,6,05,3,5087,佐藤航,25,51,7.16,3,0.07
2026-06-20,6,06,2,4171,榎幸司,74,28,7.32,2,0.13
2026-06-20,7,01,1,4991,宗行治哉,63,74,7.02,1,0.04
2026-06-20,7,02,3,4290,稲田浩二,41,72,7.17,3,0.10
2026-06-20,7,03,2,4477,篠崎仁志,35,70,7.14,2,0.09
2026-06-20,7,04,6,4939,宮之原輝紀,81,36,7.16,6,0.03
2026-06-20,7,05,5,4989,石原翼,37,79,7.04,5,0.06
2026-06-20,7,06,4,4531,武富智亮,40,27,7.22,4,0.06
2026-06-20,8,01,2,3590,濱野谷憲吾,24,25,7.03,2,0.15
2026-06-20,8,02,6,4659,木下翔太,45,48,7.11,6,0.03
2026-06-20,8,03,4,3908,重成一人,22,53,7.12,4,0.14
2026-06-20,8,04,5,4600,井内将太郎,65,40,7.08,5,0.07
2026-06-20,8,05,3,3777,樋口亮,66,13,7.11,3,0.26
2026-06-20,8,06,1,4409,坂元浩仁,61,68,7.1,1,0.21
2026-06-20,9,01,1,5142,常住蓮,56,69,6.99,1,0.12
2026-06-20,9,02,6,3961,谷村一哉,59,55,7.06,6,0.26
2026-06-20,9,03,3,3984,坂口周,79,78,7.06,3,0.16
2026-06-20,9,04,5,4420,津久井拓也,46,46,7.03,5,0.17
2026-06-20,9,05,4,4828,松山将吾,23,33,6.96,4,0.19
2026-06-20,9,06,2,5043,中村日向,76,18,7.03,2,0.13
2026-06-20,10,01,1,4685,島村隆幸,67,17,7.08,1,0.10
2026-06-20,10,02,3,3388,今垣光太郎,32,29,7.05,3,0.12
2026-06-20,10,03,2,4645,上村純一,78,77,7.11,2,0.09
2026-06-20,10,04,4,4042,丸岡正典,44,64,7.07,4,0.15
2026-06-20,10,05,6,5256,中山翔太,39,60,7.17,6,0.10
2026-06-20,10,06,5,5055,眞鳥章太,69,66,7.13,5,0.14
2026-06-20,11,01,3,4704,河野大,57,14,7.08,3,0.13
2026-06-20,11,02,6,5042,畑田汰一,49,57,7.03,6,0.14
2026-06-20,11,03,1,3959,坪井康晴,70,43,7.01,1,0.13
2026-06-20,11,04,2,4415,下出卓矢,58,20,7.05,2,0.07
2026-06-20,11,05,4,4908,上田龍星,64,85,7.07,4,0.13
2026-06-20,11,06,5,4804,高田ひかる,62,11,6.99,5,0.15
2026-06-20,12,01,4,5029,中亮太,13,24,7.0,4,0.07
2026-06-20,12,02,1,4352,下條雄太郎,17,62,7.02,1,0.13
2026-06-20,12,03,2,4227,安達裕樹,43,34,7.05,2,0.05
2026-06-20,12,04,5,5104,山田丈,36,58,7.0,5,0.10
2026-06-20,12,05,6,5002,上田健太,30,15,7.01,6,0.13
2026-06-20,12,06,3,4989,石原翼,37,79,6.99,3,0.05
2026-06-21,1,01,4,5075,中島秀治,52,56,6.91,4,0.12
2026-06-21,1,02,1,5029,中亮太,13,24,6.88,1,0.16
2026-06-21,1,03,5,4553,坪口竜也,15,65,6.97,5,0.19
2026-06-21,1,04,2,3944,山口裕二,53,59,6.95,2,0.23
2026-06-21,1,05,3,5104,山田丈,36,58,6.94,3,0.30
2026-06-21,1,06,6,5043,中村日向,76,18,6.92,6,0.19
2026-06-21,2,01,1,3984,坂口周,79,78,7.0,1,0.09
2026-06-21,2,02,5,4420,津久井拓也,46,46,6.94,5,0.06
2026-06-21,2,03,4,3777,樋口亮,66,13,7.0,4,0.08
2026-06-21,2,04,2,4966,田川大貴,80,16,6.94,2,0.08
2026-06-21,2,05,3,4531,武富智亮,40,27,7.0,3,0.09
2026-06-21,2,06,6,4961,西橋奈未,31,76,6.91,6,0.11
2026-06-21,3,01,1,5087,佐藤航,25,51,6.91,1,0.13
2026-06-21,3,02,2,4645,上村純一,78,77,6.94,2,0.07
2026-06-21,3,03,3,4989,石原翼,37,79,6.86,3,0.10
2026-06-21,3,04,5,4352,下條雄太郎,17,62,6.87,5,0.11
2026-06-21,3,05,4,4441,末永由楽,71,47,6.98,4,0.15
2026-06-21,3,06,6,4600,井内将太郎,65,40,6.93,6,0.14
2026-06-21,4,01,1,5142,常住蓮,56,69,6.88,1,0.02
2026-06-21,4,02,3,4590,渡邉優美,34,73,6.96,3,0.05
2026-06-21,4,03,4,3961,谷村一哉,59,55,6.92,4,0.12
2026-06-21,4,04,6,3854,吉川元浩,47,37,6.89,6,0.20
2026-06-21,4,05,2,5002,上田健太,30,15,6.86,2,0.05
2026-06-21,4,06,5,4227,安達裕樹,43,34,6.91,5,0.07
2026-06-21,5,01,3,4415,下出卓矢,58,20,6.89,3,0.15
2026-06-21,5,02,6,4171,榎幸司,74,28,6.95,6,0.23
2026-06-21,5,03,4,4370,山口達也,77,63,6.97,4,0.18
2026-06-21,5,04,5,4409,坂元浩仁,61,68,6.98,5,0.16
2026-06-21,5,05,2,5075,中島秀治,52,56,6.96,2,0.09
2026-06-21,5,06,1,4553,坪口竜也,15,65,6.97,1,0.19
2026-06-21,6,01,1,5043,中村日向,76,18,6.92,1,0.06
2026-06-21,6,02,3,4420,津久井拓也,46,46,6.93,3,0.10
2026-06-21,6,03,6,5029,中亮太,13,24,6.87,6,0.15
2026-06-21,6,04,2,5055,眞鳥章太,69,66,6.99,2,0.09
2026-06-21,6,05,5,5256,中山翔太,39,60,6.93,5,0.15
2026-06-21,6,06,4,4966,田川大貴,80,16,6.99,4,0.17
2026-06-21,7,01,1,4685,島村隆幸,67,17,6.92,1,0.11
2026-06-21,7,02,3,4352,下條雄太郎,17,62,6.93,3,0.11
2026-06-21,7,03,2,5104,山田丈,36,58,6.93,2,0.12
2026-06-21,7,04,6,5087,佐藤航,25,51,6.94,5,0.19
2026-06-21,7,05,5,4531,武富智亮,40,27,6.98,6,0.18
2026-06-21,7,06,4,3984,坂口周,79,78,6.95,4,0.18
2026-06-21,8,01,1,4828,松山将吾,23,33,6.88,1,0.08
2026-06-21,8,02,3,3944,山口裕二,53,59,6.97,3,0.11
2026-06-21,8,03,4,4804,高田ひかる,62,11,6.83,4,0.14
2026-06-21,8,04,2,3961,谷村一哉,59,55,6.92,2,0.10
2026-06-21,8,05,6,5142,常住蓮,56,69,6.89,6,0.20
2026-06-21,8,06,5,4441,末永由楽,71,47,6.98,5,0.11
2026-06-21,9,01,1,4290,稲田浩二,41,72,6.85,1,0.10
2026-06-21,9,02,2,4939,宮之原輝紀,81,36,6.87,2,0.14
2026-06-21,9,03,3,4042,丸岡正典,44,64,6.89,3,0.15
2026-06-21,9,04,6,4477,篠崎仁志,35,70,6.92,6,0.21
2026-06-21,9,05,4,4095,福来剛,38,31,6.87,4,0.12
2026-06-21,9,06,5,4241,大串重幸,54,32,6.91,5,0.19
2026-06-21,10,01,1,3590,濱野谷憲吾,24,25,6.89,1,0.03
2026-06-21,10,02,2,3959,坪井康晴,70,43,6.87,2,0.05
2026-06-21,10,03,3,4991,宗行治哉,63,74,6.89,3,0.02
2026-06-21,10,04,4,3388,今垣光太郎,32,29,6.88,4,0.01
2026-06-21,10,05,6,4704,河野大,57,14,6.93,6,0.05
2026-06-21,10,06,5,5042,畑田汰一,49,57,6.9,5,0.03
2026-06-21,11,01,1,4659,木下翔太,45,48,6.89,1,0.13
2026-06-21,11,02,2,3942,寺田祥,20,50,6.86,2,0.14
2026-06-21,11,03,3,3837,秋山広一,29,81,6.88,3,0.17
2026-06-21,11,04,6,4908,上田龍星,64,85,6.91,5,0.10
2026-06-21,11,05,4,4028,田村隆信,33,12,6.99,4,0.15
2026-06-21,11,06,5,3908,重成一人,22,53,6.95,6,0.11
2026-06-21,12,01,1,4590,渡邉優美,34,73,6.87,1,0.25
2026-06-21,12,02,5,4828,松山将吾,23,33,6.9,5,0.21
2026-06-21,12,03,6,4685,島村隆幸,67,17,6.88,6,0.23
2026-06-21,12,04,3,4645,上村純一,78,77,6.9,3,0.15
2026-06-21,12,05,4,5256,中山翔太,39,60,6.91,4,0.12
2026-06-21,12,06,2,4370,山口達也,77,63,6.9,2,0.23
2026-06-22,1,01,1,4241,大串重幸,54,32,6.83,1,0.19
2026-06-22,1,02,2,4420,津久井拓也,46,46,6.84,2,0.14
2026-06-22,1,03,3,3777,樋口亮,66,13,6.88,3,0.17
2026-06-22,1,04,4,4227,安達裕樹,43,34,6.88,4,0.13
2026-06-22,1,05,5,5075,中島秀治,52,56,6.84,5,0.17
2026-06-22,1,06,6,4370,山口達也,77,63,6.94,6,0.17
2026-06-22,2,01,2,4704,河野大,57,14,6.85,2,0.11
2026-06-22,2,02,4,5055,眞鳥章太,69,66,6.9,4,0.06
2026-06-22,2,03,5,5087,佐藤航,25,51,6.93,5,0.11
2026-06-22,2,04,1,4095,福来剛,38,31,6.81,1,0.17
2026-06-22,2,05,6,4171,榎幸司,74,28,6.9,6,0.15
2026-06-22,2,06,3,5256,中山翔太,39,60,6.86,3,0.15
2026-06-22,3,01,4,4989,石原翼,37,79,6.8,4,0.08
2026-06-22,3,02,5,3837,秋山広一,29,81,6.89,5,0.13
2026-06-22,3,03,6,3854,吉川元浩,47,37,6.82,6,0.12
2026-06-22,3,04,2,4828,松山将吾,23,33,6.85,2,0.13
2026-06-22,3,05,1,5042,畑田汰一,49,57,6.82,1,0.11
2026-06-22,3,06,3,4966,田川大貴,80,16,6.9,3,0.15
2026-06-22,4,01,1,4028,田村隆信,33,12,6.92,1,0.18
2026-06-22,4,02,3,4042,丸岡正典,44,64,6.89,3,0.23
2026-06-22,4,03,2,4804,高田ひかる,62,11,6.82,2,0.30
2026-06-22,4,04,4,5002,上田健太,30,15,6.88,4,0.18
2026-06-22,4,05,5,4415,下出卓矢,58,20,6.77,5,0.18
2026-06-22,4,06,6,4441,末永由楽,71,47,6.93,6,0.21
2026-06-22,5,01,1,3908,重成一人,22,53,6.92,1,0.12
2026-06-22,5,02,2,4409,坂元浩仁,61,68,6.92,2,0.15
2026-06-22,5,03,3,4590,渡邉優美,34,73,6.92,3,0.09
2026-06-22,5,04,4,3944,山口裕二,53,59,6.92,4,0.14
2026-06-22,5,05,6,4600,井内将太郎,65,40,6.92,6,0.14
2026-06-22,5,06,5,3984,坂口周,79,78,6.95,5,0.09
2026-06-22,6,01,1,4477,篠崎仁志,35,70,6.92,1,0.13
2026-06-22,6,02,4,4991,宗行治哉,63,74,6.88,4,0.19
2026-06-22,6,03,5,4645,上村純一,78,77,6.88,5,0.24
2026-06-22,6,04,3,4227,安達裕樹,43,34,6.9,3,0.10
2026-06-22,6,05,6,4553,坪口竜也,15,65,6.92,6,0.28
2026-06-22,6,06,2,5087,佐藤航,25,51,6.94,2,0.08
2026-06-22,7,01,1,4908,上田龍星,64,85,6.86,1,0.05
2026-06-22,7,02,3,5104,山田丈,36,58,6.85,3,0.08
2026-06-22,7,03,6,4961,西橋奈未,31,76,6.85,6,0.09
2026-06-22,7,04,5,3961,谷村一哉,59,55,6.88,5,0.09
2026-06-22,7,05,4,4352,下條雄太郎,17,62,6.85,4,0.07
2026-06-22,7,06,2,5256,中山翔太,39,60,6.86,2,0.11
2026-06-22,8,01,1,3388,今垣光太郎,32,29,6.92,1,0.13
2026-06-22,8,02,4,4420,津久井拓也,46,46,6.91,4,0.16
2026-06-22,8,03,5,4804,高田ひかる,62,11,6.83,5,0.17
2026-06-22,8,04,2,4531,武富智亮,40,27,6.98,2,0.12
2026-06-22,8,05,3,5055,眞鳥章太,69,66,6.92,3,0.20
2026-06-22,8,06,6,4828,松山将吾,23,33,6.94,6,0.20
2026-06-22,9,01,1,4415,下出卓矢,58,20,6.88,1,0.12
2026-06-22,9,02,4,5142,常住蓮,56,69,6.88,4,0.09
2026-06-22,9,03,2,4685,島村隆幸,67,17,6.87,2,0.12
2026-06-22,9,04,3,5029,中亮太,13,24,6.87,3,0.12
2026-06-22,9,05,6,4590,渡邉優美,34,73,6.93,6,0.19
2026-06-22,9,06,5,5043,中村日向,76,18,6.9,5,0.16
2026-06-22,10,01,1,4991,宗行治哉,63,74,6.87,1,0.01
2026-06-22,10,02,2,4042,丸岡正典,44,64,6.93,2,0.02
2026-06-22,10,03,3,4908,上田龍星,64,85,6.94,3,0.01
2026-06-22,10,04,4,4095,福来剛,38,31,6.84,4,0.07
2026-06-22,10,05,5,3908,重成一人,22,53,6.96,5,0.06
2026-06-22,10,F,6,5042,畑田汰一,49,57,6.91,6,F0.01
2026-06-22,11,01,1,3837,秋山広一,29,81,6.91,1,0.12
2026-06-22,11,02,2,3388,今垣光太郎,32,29,6.95,2,0.18
2026-06-22,11,03,3,4477,篠崎仁志,35,70,6.9,3,0.17
2026-06-22,11,04,5,4704,河野大,57,14,6.9,5,0.10
2026-06-22,11,05,6,4241,大串重幸,54,32,6.92,6,0.19
2026-06-22,11,06,4,4028,田村隆信,33,12,7.0,4,0.31
2026-06-22,12,01,1,4659,木下翔太,45,48,6.94,1,0.06
2026-06-22,12,02,4,4939,宮之原輝紀,81,36,6.91,4,0.11
2026-06-22,12,03,5,3959,坪井康晴,70,43,6.9,5,0.13
2026-06-22,12,04,2,3590,濱野谷憲吾,24,25,6.94,2,0.06
2026-06-22,12,05,3,4290,稲田浩二,41,72,6.84,3,0.08
2026-06-22,12,06,6,3942,寺田祥,20,50,6.95,6,0.11
2026-06-26,1,01,1,4948,木場悠介,51,12,6.91,1,0.12
2026-06-26,1,02,6,3875,廣中良一,41,71,6.84,5,0.28
2026-06-26,1,03,3,4092,岡部大輔,71,32,6.92,3,0.21
2026-06-26,1,04,2,3863,海老澤泰行,32,84,6.88,2,0.22
2026-06-26,1,05,5,5443,西村仁吾,78,30,6.93,6,0.25
2026-06-26,1,06,4,5178,成貞琳平,70,48,6.96,4,0.34
2026-06-26,2,01,2,3892,草場康幸,29,40,6.88,2,0.04
2026-06-26,2,02,1,3772,一柳和孝,81,44,6.91,1,0.03
2026-06-26,2,03,3,5323,香川陽太,26,21,6.98,3,0.09
2026-06-26,2,04,4,4099,吉永則雄,27,57,6.91,4,0.16
2026-06-26,2,05,5,4164,岩永節也,22,36,6.88,5,0.21
2026-06-26,2,06,6,5098,大江純,72,64,6.91,6,0.34
2026-06-26,3,01,2,4154,森安弘雅,19,46,6.91,2,0.08
2026-06-26,3,02,5,4497,桑原悠,65,35,6.89,5,0.12
2026-06-26,3,03,3,5284,嘉手苅徹哉,73,33,6.93,3,0.11
2026-06-26,3,04,1,3381,滝沢芳行,75,19,6.89,1,0.13
2026-06-26,3,05,4,4724,吉田祐貴,62,52,6.86,4,0.18
2026-06-26,3,06,6,3771,折下寛法,60,65,6.97,6,0.12
2026-06-26,4,01,4,4269,杉山裕也,14,45,6.92,4,0.19
2026-06-26,4,02,2,4331,三好勇人,25,41,7.01,2,0.09
2026-06-26,4,03,3,4027,松江秀徳,79,68,6.96,3,0.12
2026-06-26,4,04,1,3859,多羅尾達之,11,76,6.9,1,0.19
2026-06-26,4,05,5,3434,松尾宣邦,15,55,6.97,5,0.21
2026-06-26,4,06,6,5457,山田陽翔,12,53,6.93,6,0.26
2026-06-26,5,01,1,3558,山本浩次,13,43,6.89,1,0.19
2026-06-26,5,02,2,4064,原田篤志,69,75,6.92,2,0.21
2026-06-26,5,03,4,3807,岡部哲,67,23,6.95,4,0.12
2026-06-26,5,04,5,4608,荒井翔伍,61,37,6.88,5,0.12
2026-06-26,5,05,6,5443,西村仁吾,78,30,6.92,6,0.14
2026-06-26,5,06,3,5312,川辺郭人,66,61,6.93,3,0.25
2026-06-26,6,01,1,3857,阿波勝哉,55,34,6.94,1,0.12
2026-06-26,6,02,2,4092,岡部大輔,71,32,7.03,2,0.22
2026-06-26,6,03,6,4209,藤田竜弘,63,49,6.89,6,0.15
2026-06-26,6,04,4,4640,山ノ内雅人,76,58,6.93,4,0.18
2026-06-26,6,05,3,5089,前田翔,80,86,6.94,3,0.19
2026-06-26,6,06,5,3964,宮地博士,30,22,6.92,5,0.23
2026-06-26,7,01,1,4193,郷原章平,18,54,6.95,1,0.14
2026-06-26,7,02,3,4822,百武翔,28,38,6.98,3,0.12
2026-06-26,7,03,4,3875,廣中良一,41,71,6.86,4,0.14
2026-06-26,7,04,6,3898,平田忠則,48,39,6.87,6,0.15
2026-06-26,7,05,2,4164,岩永節也,22,36,6.91,2,0.16
2026-06-26,7,06,5,3535,渡修平,24,47,6.91,5,0.18
2026-06-26,8,01,1,5266,石田勇斗,64,74,6.93,1,0.04
2026-06-26,8,02,2,5112,砂長知輝,16,50,6.87,2,0.13
2026-06-26,8,03,3,3863,海老澤泰行,32,84,6.95,3,0.07
2026-06-26,8,04,5,3892,草場康幸,29,40,6.95,5,0.02
2026-06-26,8,05,4,4411,沢田昭宏,68,67,6.97,4,0.01
2026-06-26,8,06,6,5284,嘉手苅徹哉,73,33,6.94,6,0.03
2026-06-26,9,01,1,3951,石川吉鎬,23,82,6.96,1,0.25
2026-06-26,9,02,5,3381,滝沢芳行,75,19,6.9,5,0.11
2026-06-26,9,03,3,4375,照屋厚仁,20,51,6.9,3,0.15
2026-06-26,9,04,6,4073,大橋純一郎,45,56,6.9,6,0.19
2026-06-26,9,05,4,5098,大江純,72,64,6.94,4,0.14
2026-06-26,9,06,2,4027,松江秀徳,79,68,6.97,2,0.24
2026-06-26,10,01,2,4608,荒井翔伍,61,37,6.97,2,0.02
2026-06-26,10,02,5,4154,森安弘雅,19,46,6.97,5,0.05
2026-06-26,10,03,4,3772,一柳和孝,81,44,6.95,4,0.05
2026-06-26,10,04,3,5178,成貞琳平,70,48,6.98,3,0.00
2026-06-26,10,05,1,4079,出畑孝典,21,80,6.95,1,0.08
2026-06-26,10,06,6,4652,酒見峻介,50,72,6.99,6,0.13
2026-06-26,11,01,1,4099,吉永則雄,27,57,6.88,1,0.13
2026-06-26,11,02,5,4822,百武翔,28,38,6.94,5,0.17
2026-06-26,11,03,3,4640,山ノ内雅人,76,58,6.89,3,0.13
2026-06-26,11,04,6,4331,三好勇人,25,41,6.98,6,0.23
2026-06-26,11,05,2,3771,折下寛法,60,65,6.93,2,0.10
2026-06-26,11,06,4,4948,木場悠介,51,12,6.94,4,0.15
2026-06-26,12,01,1,4497,桑原悠,65,35,6.89,1,0.10
2026-06-26,12,02,3,4064,原田篤志,69,75,6.9,3,0.16
2026-06-26,12,03,5,5112,砂長知輝,16,50,6.86,5,0.19
2026-06-26,12,04,2,4269,杉山裕也,14,45,6.88,2,0.15
2026-06-26,12,05,4,4193,郷原章平,18,54,6.94,4,0.16
2026-06-26,12,06,6,5089,前田翔,80,86,6.96,6,0.29
2026-06-27,1,01,3,4164,岩永節也,22,36,6.93,3,0.17
2026-06-27,1,02,4,3857,阿波勝哉,55,34,6.98,4,0.14
2026-06-27,1,03,1,3964,宮地博士,30,22,6.91,1,0.13
2026-06-27,1,04,6,3434,松尾宣邦,15,55,7.02,6,0.21
2026-06-27,1,05,2,3381,滝沢芳行,75,19,6.91,2,0.09
2026-06-27,1,06,5,5312,川辺郭人,66,61,6.96,5,0.14
2026-06-27,2,01,2,4497,桑原悠,65,35,6.82,1,0.07
2026-06-27,2,02,5,3951,石川吉鎬,23,82,6.87,4,0.21
2026-06-27,2,03,4,5323,香川陽太,26,21,6.93,3,0.15
2026-06-27,2,04,3,3859,多羅尾達之,11,76,6.89,2,0.11
2026-06-27,2,05,6,5457,山田陽翔,12,53,6.87,5,0.25
2026-06-27,2,K1,1,5284,嘉手苅徹哉,73,33,,,K
2026-06-27,3,01,1,4724,吉田祐貴,62,52,6.85,1,0.09
2026-06-27,3,02,2,4411,沢田昭宏,68,67,6.98,2,0.23
2026-06-27,3,03,3,3535,渡修平,24,47,6.91,3,0.23
2026-06-27,3,04,6,3558,山本浩次,13,43,6.87,6,0.22
2026-06-27,3,05,5,4064,原田篤志,69,75,6.93,5,0.23
2026-06-27,3,06,4,3863,海老澤泰行,32,84,6.95,4,0.23
2026-06-27,4,01,1,3807,岡部哲,67,23,6.91,1,0.10
2026-06-27,4,02,3,3875,廣中良一,41,71,6.85,3,0.15
2026-06-27,4,03,6,4079,出畑孝典,21,80,6.91,5,0.20
2026-06-27,4,04,2,4193,郷原章平,18,54,6.94,2,0.13
2026-06-27,4,05,4,4652,酒見峻介,50,72,7.01,4,0.19
2026-06-27,4,06,5,5443,西村仁吾,78,30,6.94,6,0.21
2026-06-27,5,01,1,3771,折下寛法,60,65,6.9,1,0.16
2026-06-27,5,02,2,4948,木場悠介,51,12,6.86,2,0.14
2026-06-27,5,03,4,5112,砂長知輝,16,50,6.81,4,0.20
2026-06-27,5,04,3,5266,石田勇斗,64,74,6.9,3,0.18
2026-06-27,5,05,5,4073,大橋純一郎,45,56,6.83,5,0.22
2026-06-27,5,06,6,4092,岡部大輔,71,32,6.96,6,0.24
2026-06-27,6,01,1,3892,草場康幸,29,40,6.89,1,0.23
2026-06-27,6,02,6,3898,平田忠則,48,39,6.85,6,0.18
2026-06-27,6,03,3,4209,藤田竜弘,63,49,6.89,3,0.18
2026-06-27,6,04,2,4640,山ノ内雅人,76,58,6.86,2,0.17
2026-06-27,6,05,4,4164,岩永節也,22,36,6.86,4,0.21
2026-06-27,6,06,5,5178,成貞琳平,70,48,6.92,5,0.22
2026-06-27,7,01,3,4099,吉永則雄,27,57,6.95,3,0.20
2026-06-27,7,02,5,5284,嘉手苅徹哉,73,33,6.93,5,0.19
2026-06-27,7,03,6,4027,松江秀徳,79,68,6.96,6,0.17
2026-06-27,7,04,1,4375,照屋厚仁,20,51,6.87,1,0.41
2026-06-27,7,S2,2,3964,宮地博士,30,22,6.92,2,0.25
2026-06-27,7,S0,4,4154,森安弘雅,19,46,6.93,4,0.17
2026-06-27,8,01,1,3535,渡修平,24,47,6.84,1,0.13
2026-06-27,8,02,3,4608,荒井翔伍,61,37,6.91,3,0.16
2026-06-27,8,03,2,5089,前田翔,80,86,6.89,2,0.15
2026-06-27,8,04,5,3772,一柳和孝,81,44,6.92,5,0.13
2026-06-27,8,05,4,4822,百武翔,28,38,6.93,4,0.13
2026-06-27,8,06,6,5457,山田陽翔,12,53,6.88,6,0.12
2026-06-27,9,01,1,4331,三好勇人,25,41,6.91,1,0.17
2026-06-27,9,02,3,5098,大江純,72,64,6.9,3,0.14
2026-06-27,9,03,2,4724,吉田祐貴,62,52,6.84,2,0.18
2026-06-27,9,04,5,4193,郷原章平,18,54,6.88,5,0.24
2026-06-27,9,05,6,5312,川辺郭人,66,61,6.91,6,0.15
2026-06-27,9,06,4,3859,多羅尾達之,11,76,6.89,4,0.16
2026-06-27,10,01,1,4073,大橋純一郎,45,56,6.85,1,0.10
2026-06-27,10,02,2,3558,山本浩次,13,43,6.9,2,0.10
2026-06-27,10,03,3,4269,杉山裕也,14,45,6.89,3,0.12
2026-06-27,10,04,4,3434,松尾宣邦,15,55,6.94,4,0.18
2026-06-27,10,05,6,5323,香川陽太,26,21,6.95,6,0.18
2026-06-27,10,06,5,4652,酒見峻介,50,72,7.03,5,0.23
2026-06-27,11,01,1,5112,砂長知輝,16,50,6.88,1,0.13
2026-06-27,11,02,3,4411,沢田昭宏,68,67,6.98,3,0.17
2026-06-27,11,03,2,4079,出畑孝典,21,80,6.9,2,0.22
2026-06-27,11,04,4,4209,藤田竜弘,63,49,6.9,4,0.14
2026-06-27,11,05,6,4497,桑原悠,65,35,6.89,6,0.20
2026-06-27,11,06,5,3857,阿波勝哉,55,34,6.94,5,0.26
2026-06-27,12,01,1,4064,原田篤志,69,75,6.9,1,0.12
2026-06-27,12,02,3,3898,平田忠則,48,39,6.9,3,0.16
2026-06-27,12,03,4,4375,照屋厚仁,20,51,6.87,4,0.12
2026-06-27,12,04,6,3951,石川吉鎬,23,82,6.97,6,0.14
2026-06-27,12,05,2,3807,岡部哲,67,23,6.91,2,0.12
2026-06-27,12,06,5,5266,石田勇斗,64,74,6.96,5,0.07
2026-06-28,1,01,1,4209,藤田竜弘,63,49,6.84,1,0.19
2026-06-28,1,02,3,4948,木場悠介,51,12,6.9,3,0.11
2026-06-28,1,03,2,5312,川辺郭人,66,61,6.92,2,0.11
2026-06-28,1,04,5,4724,吉田祐貴,62,52,6.85,5,0.20
2026-06-28,1,05,6,3863,海老澤泰行,32,84,6.88,6,0.25
2026-06-28,1,06,4,5266,石田勇斗,64,74,6.89,4,0.20
2026-06-28,2,01,2,3951,石川吉鎬,23,82,6.94,2,0.18
2026-06-28,2,02,4,4073,大橋純一郎,45,56,6.89,4,0.20
2026-06-28,2,03,1,4154,森安弘雅,19,46,6.94,1,0.20
2026-06-28,2,04,5,4092,岡部大輔,71,32,6.98,5,0.22
2026-06-28,2,05,6,4064,原田篤志,69,75,6.93,6,0.21
2026-06-28,2,06,3,3381,滝沢芳行,75,19,6.89,3,0.16
2026-06-28,3,01,3,4497,桑原悠,65,35,6.89,3,0.09
2026-06-28,3,02,1,3434,松尾宣邦,15,63,6.95,1,0.10
2026-06-28,3,03,2,3772,一柳和孝,81,44,6.94,2,0.09
2026-06-28,3,04,4,4331,三好勇人,25,41,7.0,4,0.16
2026-06-28,3,05,5,4411,沢田昭宏,68,67,6.99,5,0.11
2026-06-28,3,06,6,4027,松江秀徳,79,68,6.92,6,0.17
2026-06-28,4,01,1,5178,成貞琳平,70,48,6.93,1,0.18
2026-06-28,4,02,3,3892,草場康幸,29,40,6.92,3,0.18
2026-06-28,4,03,4,3771,折下寛法,60,65,6.94,4,0.17
2026-06-28,4,04,2,4193,郷原章平,18,54,6.92,2,0.13
2026-06-28,4,05,5,4099,吉永則雄,27,57,6.95,5,0.17
2026-06-28,4,06,6,5443,西村仁吾,78,30,6.91,6,0.15
2026-06-28,5,01,1,5312,川辺郭人,66,61,6.91,1,0.14
2026-06-28,5,02,2,3898,平田忠則,48,39,6.9,2,0.11
2026-06-28,5,03,3,3558,山本浩次,13,43,6.88,3,0.08
2026-06-28,5,04,5,5089,前田翔,80,86,6.88,5,0.16
2026-06-28,5,05,6,3535,渡修平,24,47,6.88,6,0.18
2026-06-28,5,06,4,4164,岩永節也,22,36,6.93,4,0.14
2026-06-28,6,01,1,3875,廣中良一,41,71,6.85,1,0.12
2026-06-28,6,02,2,3857,阿波勝哉,55,34,6.93,2,0.12
2026-06-28,6,03,3,5112,砂長知輝,16,50,6.87,3,0.12
2026-06-28,6,04,6,4822,百武翔,28,38,6.91,6,0.15
2026-06-28,6,05,5,3859,多羅尾達之,11,76,6.95,5,0.14
2026-06-28,6,06,4,3964,宮地博士,30,22,6.9,4,0.20
2026-06-28,7,01,1,4608,荒井翔伍,61,37,6.91,1,0.03
2026-06-28,7,02,4,4269,杉山裕也,14,45,6.9,4,0.24
2026-06-28,7,03,2,5098,大江純,72,64,6.92,2,0.01
2026-06-28,7,04,3,4724,吉田祐貴,62,52,6.92,3,0.05
2026-06-28,7,05,5,3807,岡部哲,67,23,6.95,5,0.19
2026-06-28,7,K1,6,5457,山田陽翔,12,53,,,K
2026-06-28,8,01,1,4640,山ノ内雅人,76,58,6.9,1,0.08
2026-06-28,8,02,3,4064,原田篤志,69,75,6.93,3,0.11
2026-06-28,8,03,6,3772,一柳和孝,81,44,6.95,5,0.06
2026-06-28,8,04,4,4948,木場悠介,51,12,6.95,4,0.09
2026-06-28,8,05,2,5284,嘉手苅徹哉,73,33,6.91,2,0.16
2026-06-28,8,06,5,5443,西村仁吾,78,30,6.95,6,0.07
2026-06-28,9,01,1,4411,沢田昭宏,68,67,6.95,1,0.11
2026-06-28,9,02,2,5323,香川陽太,26,21,6.99,2,0.12
2026-06-28,9,03,3,4154,森安弘雅,19,46,6.98,3,0.12
2026-06-28,9,04,6,4375,照屋厚仁,20,51,6.87,6,0.10
2026-06-28,9,05,4,4193,郷原章平,18,54,7.0,4,0.23
2026-06-28,9,06,5,3863,海老澤泰行,32,84,6.92,5,0.14
2026-06-28,10,01,1,3898,平田忠則,48,39,6.86,1,0.07
2026-06-28,10,02,2,4822,百武翔,28,38,6.96,2,0.10
2026-06-28,10,03,3,4079,出畑孝典,21,80,6.91,3,0.14
2026-06-28,10,04,5,3771,折下寛法,60,65,6.98,5,0.15
2026-06-28,10,05,6,5266,石田勇斗,64,74,6.93,6,0.13
2026-06-28,10,06,4,3381,滝沢芳行,75,19,6.89,4,0.16
2026-06-28,11,01,4,4608,荒井翔伍,61,37,6.94,4,0.09
2026-06-28,11,02,2,3875,廣中良一,41,71,6.86,2,0.13
2026-06-28,11,03,3,3951,石川吉鎬,23,82,6.95,3,0.18
2026-06-28,11,04,6,3892,草場康幸,29,40,6.9,6,0.15
2026-06-28,11,05,1,5089,前田翔,80,86,6.91,1,0.11
2026-06-28,11,06,5,4331,三好勇人,25,41,6.97,5,0.14
2026-06-28,12,01,1,4269,杉山裕也,14,45,6.87,1,0.14
2026-06-28,12,02,3,4073,大橋純一郎,45,56,6.9,3,0.14
2026-06-28,12,03,4,4027,松江秀徳,79,68,6.93,4,0.14
2026-06-28,12,04,5,4640,山ノ内雅人,76,58,6.88,5,0.14
2026-06-28,12,05,2,4099,吉永則雄,27,57,6.95,2,0.24
2026-06-28,12,06,6,3857,阿波勝哉,55,34,6.93,6,0.13
2026-06-29,1,01,3,3964,宮地博士,30,22,6.92,3,0.12
2026-06-29,1,02,2,5178,成貞琳平,70,48,6.92,2,0.14
2026-06-29,1,03,1,4164,岩永節也,22,36,6.91,1,0.09
2026-06-29,1,04,5,5323,香川陽太,26,21,7.0,5,0.13
2026-06-29,1,05,4,3535,渡修平,24,47,6.92,4,0.11
2026-06-29,1,06,6,5457,山田陽翔,12,53,6.96,6,0.15
2026-06-29,2,01,2,4269,杉山裕也,14,45,6.94,2,0.14
2026-06-29,2,02,1,5098,大江純,72,64,6.92,1,0.02
2026-06-29,2,03,5,3558,山本浩次,13,43,6.94,5,0.07
2026-06-29,2,04,3,3772,一柳和孝,81,44,6.96,3,0.14
2026-06-29,2,05,4,4079,出畑孝典,21,80,6.93,4,0.13
2026-06-29,2,06,6,3381,滝沢芳行,75,19,6.9,6,0.12
2026-06-29,3,01,1,4092,岡部大輔,71,32,6.99,1,0.12
2026-06-29,3,02,2,5112,砂長知輝,16,50,6.91,2,0.14
2026-06-29,3,03,5,4209,藤田竜弘,63,49,6.91,5,0.15
2026-06-29,3,04,3,3807,岡部哲,67,23,6.95,3,0.13
2026-06-29,3,05,6,4154,森安弘雅,19,46,6.95,6,0.18
2026-06-29,3,06,4,4099,吉永則雄,27,57,6.96,4,0.15
2026-06-29,4,01,1,4027,松江秀徳,79,68,6.88,1,0.15
2026-06-29,4,02,3,5089,前田翔,80,86,6.95,3,0.11
2026-06-29,4,03,5,4375,照屋厚仁,20,51,6.9,5,0.10
2026-06-29,4,04,4,5312,川辺郭人,66,61,6.96,4,0.07
2026-06-29,4,05,2,3859,多羅尾達之,11,76,6.99,2,0.12
2026-06-29,4,06,6,5443,西村仁吾,78,30,6.91,6,0.15
2026-06-29,5,01,3,4497,桑原悠,65,35,6.87,3,0.14
2026-06-29,5,02,4,5284,嘉手苅徹哉,73,33,6.9,4,0.17
2026-06-29,5,03,2,5266,石田勇斗,64,74,6.93,2,0.18
2026-06-29,5,04,6,4608,荒井翔伍,61,37,6.93,5,0.15
2026-06-29,5,05,1,3863,海老澤泰行,32,84,6.9,1,0.21
2026-06-29,5,06,5,5457,山田陽翔,12,53,6.94,6,0.16
2026-06-29,6,01,1,4822,百武翔,28,38,6.93,1,0.09
2026-06-29,6,02,2,3434,松尾宣邦,15,63,6.91,2,0.06
2026-06-29,6,03,4,3951,石川吉鎬,23,82,6.95,4,0.14
2026-06-29,6,04,5,3964,宮地博士,30,22,6.9,5,0.13
2026-06-29,6,05,6,4724,吉田祐貴,62,52,6.88,6,0.10
2026-06-29,6,06,3,4193,郷原章平,18,54,6.91,3,0.13
2026-06-29,7,01,1,3898,平田忠則,48,39,6.85,1,0.03
2026-06-29,7,02,2,4073,大橋純一郎,45,56,6.85,2,0.08
2026-06-29,7,03,3,3771,折下寛法,60,65,6.92,3,0.07
2026-06-29,7,04,5,4948,木場悠介,51,12,6.9,5,0.12
2026-06-29,7,05,4,5112,砂長知輝,16,50,6.81,4,0.10
2026-06-29,7,06,6,5178,成貞琳平,70,48,6.91,6,0.17
2026-06-29,8,01,1,5323,香川陽太,26,21,6.93,1,0.18
2026-06-29,8,02,2,4099,吉永則雄,27,57,6.93,2,0.11
2026-06-29,8,03,3,4331,三好勇人,25,41,6.98,3,0.05
2026-06-29,8,04,4,3892,草場康幸,29,40,6.91,4,0.13
2026-06-29,8,05,6,3859,多羅尾達之,11,76,6.93,6,0.18
2026-06-29,8,06,5,5098,大江純,72,64,6.96,5,0.15
2026-06-29,9,01,2,3535,渡修平,24,47,6.9,2,0.24
2026-06-29,9,02,1,5089,前田翔,80,86,6.92,1,0.15
2026-06-29,9,03,5,4269,杉山裕也,14,45,6.86,5,0.19
2026-06-29,9,04,6,4411,沢田昭宏,68,67,6.93,6,0.20
2026-06-29,9,05,4,4092,岡部大輔,71,32,6.97,4,0.34
2026-06-29,9,06,3,3857,阿波勝哉,55,34,6.93,3,0.32
2026-06-29,10,01,2,4209,藤田竜弘,63,49,6.86,2,0.16
2026-06-29,10,02,1,4064,原田篤志,69,75,6.89,1,0.15
2026-06-29,10,03,6,4640,山ノ内雅人,76,58,6.9,6,0.17
2026-06-29,10,04,4,3558,山本浩次,13,43,6.87,4,0.16
2026-06-29,10,05,3,3951,石川吉鎬,23,82,6.94,3,0.18
2026-06-29,10,06,5,3875,廣中良一,41,71,6.84,5,0.18
2026-06-29,11,01,1,4497,桑原悠,65,35,6.84,1,0.14
2026-06-29,11,02,4,3898,平田忠則,48,39,6.86,4,0.15
2026-06-29,11,03,3,3434,松尾宣邦,15,63,6.92,3,0.18
2026-06-29,11,04,5,4079,出畑孝典,21,80,6.89,5,0.16
2026-06-29,11,05,6,3807,岡部哲,67,23,6.91,6,0.16
2026-06-29,11,06,2,4375,照屋厚仁,20,51,6.85,2,0.17
2026-06-29,12,01,1,4193,郷原章平,18,54,6.92,1,0.07
2026-06-29,12,02,3,4948,木場悠介,51,12,6.92,3,0.07
2026-06-29,12,03,2,3381,滝沢芳行,75,19,6.88,2,0.07
2026-06-29,12,04,4,4608,荒井翔伍,61,37,6.9,4,0.11
2026-06-29,12,05,5,4331,三好勇人,25,41,6.96,5,0.11
2026-06-29,12,06,6,5443,西村仁吾,78,30,6.92,6,0.06
2026-06-30,1,01,4,4027,松江秀徳,79,68,6.92,4,0.21
2026-06-30,1,02,1,3434,松尾宣邦,15,63,6.9,1,0.20
2026-06-30,1,03,2,5312,川辺郭人,66,61,6.89,2,0.20
2026-06-30,1,04,6,5443,西村仁吾,78,30,6.9,6,0.14
2026-06-30,1,05,3,3772,一柳和孝,81,44,6.94,3,0.30
2026-06-30,1,06,5,3807,岡部哲,67,23,6.88,5,0.22
2026-06-30,2,01,5,4209,藤田竜弘,63,49,6.91,5,0.12
2026-06-30,2,02,1,4154,森安弘雅,19,46,6.95,1,0.11
2026-06-30,2,03,4,3875,廣中良一,41,71,6.89,4,0.06
2026-06-30,2,04,3,3863,海老澤泰行,32,84,6.92,3,0.10
2026-06-30,2,05,2,5098,大江純,72,64,6.93,2,0.08
2026-06-30,2,06,6,5457,山田陽翔,12,53,6.93,6,0.12
2026-06-30,3,01,1,3535,渡修平,24,47,6.84,1,0.17
2026-06-30,3,02,3,4079,出畑孝典,21,80,6.91,3,0.15
2026-06-30,3,03,4,4073,大橋純一郎,45,56,6.89,4,0.15
2026-06-30,3,04,6,4608,荒井翔伍,61,37,6.89,6,0.14
2026-06-30,3,05,2,5266,石田勇斗,64,74,6.91,2,0.22
2026-06-30,3,06,5,4724,吉田祐貴,62,52,6.89,5,0.15
2026-06-30,4,01,1,4092,岡部大輔,71,32,6.95,1,0.15
2026-06-30,4,02,4,4822,百武翔,28,38,6.94,4,0.19
2026-06-30,4,03,3,3964,宮地博士,30,22,6.94,3,0.20
2026-06-30,4,04,6,4164,岩永節也,22,36,6.86,5,0.18
2026-06-30,4,05,5,3898,平田忠則,48,39,6.86,6,0.15
2026-06-30,4,06,2,5284,嘉手苅徹哉,73,33,6.93,2,0.16
2026-06-30,5,01,1,4640,山ノ内雅人,76,58,6.87,1,0.11
2026-06-30,5,02,6,4497,桑原悠,65,35,6.85,6,0.11
2026-06-30,5,03,3,3771,折下寛法,60,65,6.91,3,0.09
2026-06-30,5,04,2,5178,成貞琳平,70,48,6.91,2,0.16
2026-06-30,5,05,4,5312,川辺郭人,66,61,6.9,4,0.21
2026-06-30,5,06,5,3859,多羅尾達之,11,76,6.92,5,0.10
2026-06-30,6,01,1,4411,沢田昭宏,68,67,6.87,1,0.14
2026-06-30,6,02,2,3807,岡部哲,67,23,6.87,2,0.11
2026-06-30,6,03,4,5098,大江純,72,64,6.92,4,0.05
2026-06-30,6,04,5,4027,松江秀徳,79,68,6.95,5,0.08
2026-06-30,6,05,6,4269,杉山裕也,14,45,6.87,6,0.07
2026-06-30,6,S1,3,4375,照屋厚仁,20,51,6.85,3,0.07
2026-06-30,7,01,1,4079,出畑孝典,21,80,6.87,1,0.09
2026-06-30,7,02,2,3863,海老澤泰行,32,84,6.93,2,0.08
2026-06-30,7,03,5,5266,石田勇斗,64,74,6.89,5,0.12
2026-06-30,7,04,4,5089,前田翔,80,86,6.92,4,0.19
2026-06-30,7,05,3,3381,滝沢芳行,75,19,6.88,3,0.07
2026-06-30,7,06,6,5443,西村仁吾,78,30,6.92,6,0.09
2026-06-30,8,01,1,4608,荒井翔伍,61,37,6.93,1,0.13
2026-06-30,8,02,2,4209,藤田竜弘,63,49,6.89,2,0.15
2026-06-30,8,03,6,3434,松尾宣邦,15,63,6.9,6,0.35
2026-06-30,8,04,3,4822,百武翔,28,38,6.94,3,0.19
2026-06-30,8,05,5,3857,阿波勝哉,55,34,6.83,5,0.19
2026-06-30,8,06,4,3558,山本浩次,13,43,6.89,4,0.21
2026-06-30,9,01,1,3898,平田忠則,48,39,6.85,1,0.12
2026-06-30,9,02,2,3875,廣中良一,41,71,6.84,2,0.17
2026-06-30,9,03,3,4073,大橋純一郎,45,56,6.87,3,0.18
2026-06-30,9,04,4,4640,山ノ内雅人,76,58,6.89,4,0.23
2026-06-30,9,05,5,3772,一柳和孝,81,44,6.92,5,0.25
2026-06-30,9,06,6,4154,森安弘雅,19,46,6.93,6,0.37
2026-06-30,10,01,1,4269,杉山裕也,14,45,6.87,1,0.14
2026-06-30,10,02,2,3951,石川吉鎬,23,82,6.95,2,0.17
2026-06-30,10,03,3,3892,草場康幸,29,40,6.95,3,0.15
2026-06-30,10,04,4,4948,木場悠介,51,12,6.92,4,0.16
2026-06-30,10,04,5,4411,沢田昭宏,68,67,6.92,5,0.15
2026-06-30,10,06,6,3535,渡修平,24,47,6.88,6,0.19
2026-06-30,11,01,1,4497,桑原悠,65,35,6.84,1,0.11
2026-06-30,11,02,3,5112,砂長知輝,16,50,6.89,3,0.16
2026-06-30,11,03,2,4064,原田篤志,69,75,6.91,2,0.14
2026-06-30,11,04,6,4092,岡部大輔,71,32,6.92,6,0.25
2026-06-30,11,05,5,5323,香川陽太,26,21,6.96,5,0.24
2026-06-30,11,06,4,4331,三好勇人,25,41,6.95,4,0.18
2026-06-30,12,01,1,4375,照屋厚仁,20,51,6.87,1,0.18
2026-06-30,12,02,5,3771,折下寛法,60,65,6.92,5,0.09
2026-06-30,12,03,2,4164,岩永節也,22,36,6.89,2,0.11
2026-06-30,12,04,6,5089,前田翔,80,86,6.94,6,0.13
2026-06-30,12,05,3,5284,嘉手苅徹哉,73,33,6.9,3,0.15
2026-06-30,12,06,4,4724,吉田祐貴,62,52,6.92,4,0.12
2026-07-01,1,01,1,4209,藤田竜弘,63,49,7.18,1,0.14
2026-07-01,1,02,2,4948,木場悠介,51,12,7.23,2,0.12
2026-07-01,1,03,4,3857,阿波勝哉,55,34,7.25,4,0.18
2026-07-01,1,04,5,3381,滝沢芳行,75,19,7.11,5,0.12
2026-07-01,1,05,3,4724,吉田祐貴,62,52,7.13,3,0.13
2026-07-01,1,06,6,5457,山田陽翔,12,53,7.25,6,0.13
2026-07-01,2,01,3,4640,山ノ内雅人,76,58,7.24,3,0.15
2026-07-01,2,02,1,3772,一柳和孝,81,44,7.15,1,0.14
2026-07-01,2,03,2,4092,岡部大輔,71,32,7.25,2,0.16
2026-07-01,2,04,6,5443,西村仁吾,78,30,7.24,6,0.26
2026-07-01,2,05,5,3951,石川吉鎬,23,82,7.25,5,0.33
2026-07-01,2,06,4,3863,海老澤泰行,32,84,7.17,4,0.22
2026-07-01,3,01,1,5323,香川陽太,26,13,7.34,1,0.06
2026-07-01,3,02,2,3771,折下寛法,60,65,7.25,2,0.04
2026-07-01,3,03,3,3558,山本浩次,13,43,7.41,3,0.08
2026-07-01,3,04,5,4064,原田篤志,69,75,7.2,5,0.15
2026-07-01,3,05,4,5284,嘉手苅徹哉,73,33,7.2,4,0.12
2026-07-01,3,06,6,4269,杉山裕也,14,45,7.11,6,0.17
2026-07-01,4,01,1,3875,廣中良一,41,71,6.99,1,0.18
2026-07-01,4,02,3,4608,荒井翔伍,61,37,7.06,3,0.13
2026-07-01,4,03,2,4073,大橋純一郎,45,56,7.03,2,0.13
2026-07-01,4,04,4,3807,岡部哲,67,23,7.13,4,0.14
2026-07-01,4,05,5,4164,岩永節也,22,36,7.04,5,0.19
2026-07-01,4,06,6,4079,出畑孝典,21,80,7.03,6,0.15
2026-07-01,5,01,1,5112,砂長知輝,16,50,7.02,1,0.12
2026-07-01,5,02,2,3892,草場康幸,29,40,7.16,2,0.19
2026-07-01,5,03,5,3898,平田忠則,48,39,7.11,5,0.22
2026-07-01,5,04,4,5266,石田勇斗,64,74,7.1,4,0.22
2026-07-01,5,05,6,3964,宮地博士,30,22,7.03,6,0.27
2026-07-01,5,06,3,3434,松尾宣邦,15,63,7.16,3,0.21
2026-07-01,6,01,2,4411,沢田昭宏,68,67,7.05,1,0.15
2026-07-01,6,02,4,3381,滝沢芳行,75,19,6.99,4,0.17
2026-07-01,6,03,6,5312,川辺郭人,66,61,7.02,6,0.30
2026-07-01,6,04,3,5098,大江純,72,64,7.06,3,0.14
2026-07-01,6,05,5,4497,桑原悠,65,35,6.98,5,0.24
2026-07-01,6,S0,1,3857,阿波勝哉,55,34,7.02,2,0.17
2026-07-01,7,01,1,4822,百武翔,28,38,7.05,1,0.15
2026-07-01,7,02,4,3535,渡修平,24,47,7.07,4,0.21
2026-07-01,7,03,2,4331,三好勇人,25,41,7.15,2,0.17
2026-07-01,7,04,3,5178,成貞琳平,70,48,7.09,3,0.16
2026-07-01,7,05,5,5284,嘉手苅徹哉,73,33,7.06,5,0.23
2026-07-01,7,06,6,5457,山田陽翔,12,53,7.07,6,0.43
2026-07-01,8,01,1,5089,前田翔,80,86,7.05,1,0.04
2026-07-01,8,02,2,3859,多羅尾達之,11,76,7.1,2,0.05
2026-07-01,8,03,4,4154,森安弘雅,19,46,7.08,4,0.13
2026-07-01,8,04,6,4375,照屋厚仁,20,51,7.05,6,0.11
2026-07-01,8,05,3,4027,松江秀徳,79,68,7.1,3,0.08
2026-07-01,8,06,5,3863,海老澤泰行,32,84,7.08,5,0.11
2026-07-01,9,01,1,3898,平田忠則,48,39,6.97,1,0.05
2026-07-01,9,02,3,4064,原田篤志,69,75,7.03,3,0.10
2026-07-01,9,03,2,4608,荒井翔伍,61,37,7.06,2,0.10
2026-07-01,9,04,6,4092,岡部大輔,71,32,7.08,6,0.13
2026-07-01,9,05,5,4948,木場悠介,51,12,7.07,5,0.16
2026-07-01,9,06,4,3892,草場康幸,29,40,7.06,4,0.12
2026-07-01,10,01,1,4269,杉山裕也,14,45,6.97,1,0.17
2026-07-01,10,02,2,4209,藤田竜弘,63,49,6.98,2,0.19
2026-07-01,10,03,3,5112,砂長知輝,16,50,6.99,3,0.14
2026-07-01,10,04,6,4411,沢田昭宏,68,67,7.04,6,0.22
2026-07-01,10,05,5,4640,山ノ内雅人,76,58,7.04,5,0.17
2026-07-01,10,06,4,4073,大橋純一郎,45,56,7.01,4,0.21
2026-07-01,11,01,6,5323,香川陽太,26,13,7.13,5,0.19
2026-07-01,11,02,1,4497,桑原悠,65,35,6.98,1,0.26
2026-07-01,11,03,2,3875,廣中良一,41,71,6.99,2,0.22
2026-07-01,11,04,5,4822,百武翔,28,38,7.06,4,0.22
2026-07-01,11,05,3,3951,石川吉鎬,23,82,7.06,3,0.25
2026-07-01,11,06,4,3434,松尾宣邦,15,63,7.13,6,0.20
2026-07-01,12,01,5,5178,成貞琳平,70,48,7.06,5,0.15
2026-07-01,12,02,2,3964,宮地博士,30,22,6.97,2,0.19
2026-07-01,12,03,6,3772,一柳和孝,81,44,7.05,6,0.21
2026-07-01,12,04,1,3558,山本浩次,13,43,6.97,1,0.14
2026-07-01,12,05,3,3859,多羅尾達之,11,76,7.03,3,0.16
2026-07-01,12,06,4,4079,出畑孝典,21,80,7.0,4,0.06
2026-07-02,1,01,2,4724,吉田祐貴,62,52,6.91,2,0.13
2026-07-02,1,02,1,4948,木場悠介,51,12,6.98,1,0.09
2026-07-02,1,03,4,3964,宮地博士,30,22,6.92,4,0.09
2026-07-02,1,04,6,3771,折下寛法,60,65,6.97,6,0.07
2026-07-02,1,05,3,4154,森安弘雅,19,46,6.98,3,0.13
2026-07-02,1,06,5,5098,大江純,72,64,7.01,5,0.03
2026-07-02,2,01,2,4092,岡部大輔,71,32,6.99,2,0.16
2026-07-02,2,02,3,3859,多羅尾達之,11,76,6.99,3,0.13
2026-07-02,2,03,1,4164,岩永節也,22,36,6.9,1,0.16
2026-07-02,2,04,4,4027,松江秀徳,79,68,6.96,4,0.16
2026-07-02,2,05,6,3558,山本浩次,13,43,6.94,6,0.16
2026-07-02,2,06,5,5178,成貞琳平,70,48,6.96,5,0.22
2026-07-02,3,01,2,4375,照屋厚仁,20,51,6.92,2,0.12
2026-07-02,3,02,4,4822,百武翔,28,38,6.97,4,0.18
2026-07-02,3,03,3,5266,石田勇斗,64,74,6.96,3,0.14
2026-07-02,3,04,1,3807,岡部哲,67,23,6.94,1,0.18
2026-07-02,3,05,5,5284,嘉手苅徹哉,73,33,6.91,5,0.17
2026-07-02,3,06,6,5457,山田陽翔,12,53,6.97,6,0.20
2026-07-02,4,01,1,3892,草場康幸,29,40,6.98,1,0.17
2026-07-02,4,02,3,4640,山ノ内雅人,76,58,6.96,3,0.09
2026-07-02,4,03,2,3857,阿波勝哉,55,34,7.05,2,0.14
2026-07-02,4,04,4,3863,海老澤泰行,32,84,7.0,4,0.13
2026-07-02,4,05,6,5089,前田翔,80,86,6.98,6,0.16
2026-07-02,4,06,5,5312,川辺郭人,66,61,6.98,5,0.08
2026-07-02,5,01,5,4608,荒井翔伍,61,37,6.98,5,0.20
2026-07-02,5,02,6,3875,廣中良一,41,71,6.9,6,0.21
2026-07-02,5,03,4,3535,渡修平,24,47,6.9,4,0.30
2026-07-02,5,04,2,4411,沢田昭宏,68,67,6.94,2,0.27
2026-07-02,5,05,1,3381,滝沢芳行,75,19,6.9,1,0.26
2026-07-02,5,06,3,3964,宮地博士,30,22,6.92,3,0.34
2026-07-02,6,01,1,4073,大橋純一郎,45,56,6.93,1,0.11
2026-07-02,6,02,2,3434,松尾宣邦,15,63,6.97,2,0.13
2026-07-02,6,03,6,5112,砂長知輝,16,50,6.88,6,0.23
2026-07-02,6,04,4,3859,多羅尾達之,11,76,6.95,4,0.33
2026-07-02,6,05,5,4154,森安弘雅,19,46,6.97,5,0.32
2026-07-02,6,S1,3,5098,大江純,72,64,6.95,3,0.15
2026-07-02,7,01,1,3951,石川吉鎬,23,82,6.99,1,0.10
2026-07-02,7,02,3,4724,吉田祐貴,62,52,6.92,3,0.10
2026-07-02,7,03,2,3772,一柳和孝,81,44,7.0,2,0.12
2026-07-02,7,04,5,4164,岩永節也,22,36,6.9,5,0.12
2026-07-02,7,05,4,5266,石田勇斗,64,74,6.97,4,0.14
2026-07-02,7,06,6,5443,西村仁吾,78,30,6.92,6,0.07
2026-07-02,8,01,1,3771,折下寛法,60,65,6.92,1,0.06
2026-07-02,8,02,2,5178,成貞琳平,70,48,6.94,2,0.05
2026-07-02,8,03,4,5284,嘉手苅徹哉,73,33,6.92,4,0.05
2026-07-02,8,04,6,3807,岡部哲,67,23,6.96,5,0.10
2026-07-02,8,05,3,5312,川辺郭人,66,61,6.93,3,0.06
2026-07-02,8,06,5,5457,山田陽翔,12,53,6.91,6,0.04
2026-07-02,9,01,1,4027,松江秀徳,79,68,6.94,1,0.18
2026-07-02,9,02,2,5089,前田翔,80,86,6.94,2,0.16
2026-07-02,9,03,4,3558,山本浩次,13,43,6.91,4,0.20
2026-07-02,9,04,6,3857,阿波勝哉,55,34,6.96,6,0.29
2026-07-02,9,05,5,4375,照屋厚仁,20,51,6.89,5,0.20
2026-07-02,9,06,3,3535,渡修平,24,47,6.9,3,0.16
2026-07-02,10,01,1,4608,荒井翔伍,61,37,6.9,1,0.06
2026-07-02,10,02,3,4411,沢田昭宏,68,67,6.93,3,0.07
2026-07-02,10,03,2,4822,百武翔,28,38,6.92,2,0.15
2026-07-02,10,04,4,4640,山ノ内雅人,76,58,6.93,4,0.08
2026-07-02,10,05,6,3434,松尾宣邦,15,63,6.91,6,0.10
2026-07-02,10,06,5,4948,木場悠介,51,12,6.93,5,0.07
2026-07-02,11,01,1,3875,廣中良一,41,71,6.9,1,0.15
2026-07-02,11,02,2,5112,砂長知輝,16,50,6.87,2,0.15
2026-07-02,11,03,4,3951,石川吉鎬,23,82,6.97,4,0.21
2026-07-02,11,04,6,4073,大橋純一郎,45,56,6.93,6,0.17
2026-07-02,11,05,5,3892,草場康幸,29,40,6.91,5,0.18
2026-07-02,11,06,3,4092,岡部大輔,71,32,6.97,3,0.32
2026-07-02,12,01,2,3898,平田忠則,48,39,6.96,2,0.11
2026-07-02,12,02,1,4269,杉山裕也,14,45,6.87,1,0.09
2026-07-02,12,03,6,4064,原田篤志,69,75,6.89,6,0.11
2026-07-02,12,04,5,4209,藤田竜弘,63,49,6.91,5,0.13
2026-07-02,12,05,3,5323,香川陽太,26,13,6.96,3,0.09
2026-07-02,12,06,4,4497,桑原悠,65,35,6.92,4,0.11
2026-07-05,1,01,4,3353,前田光昭,35,57,7.03,5,0.21
2026-07-05,1,02,1,3850,小川知行,75,72,6.98,1,0.21
2026-07-05,1,03,6,4594,谷川祐一,12,82,7.04,3,0.28
2026-07-05,1,04,2,3581,加木郁,57,53,6.97,2,0.34
2026-07-05,1,05,3,5011,高木圭大,47,69,6.99,4,0.23
2026-07-05,1,06,5,5227,川原愛未,27,39,7.03,6,0.29
2026-07-05,2,01,1,4119,泥谷一毅,60,79,6.97,1,0.19
2026-07-05,2,02,3,3611,岩崎芳美,34,35,6.94,3,0.17
2026-07-05,2,03,6,5280,廣瀬凜,80,26,6.95,6,0.26
2026-07-05,2,04,4,4020,川上清人,81,70,7.01,4,0.21
2026-07-05,2,05,5,3566,川添英正,16,60,6.94,5,0.27
2026-07-05,2,06,2,4150,山田雄太,44,75,6.99,2,0.14
2026-07-05,3,01,1,3617,竹田広樹,65,71,6.88,1,0.26
2026-07-05,3,02,3,4019,笠原亮,52,55,6.98,3,0.21
2026-07-05,3,03,6,3826,村田修次,40,62,6.93,6,0.21
2026-07-05,3,04,5,4182,吉田和仁,31,36,6.88,5,0.22
2026-07-05,3,05,2,4729,佐藤謙史朗,43,80,6.93,2,0.18
2026-07-05,3,06,4,5310,土屋蘭,33,48,6.92,4,0.19
2026-07-05,4,01,4,4875,大塚康雅,37,83,6.87,4,0.25
2026-07-05,4,02,5,3973,崎利仁,55,44,6.92,5,0.20
2026-07-05,4,03,6,4960,黒野元基,56,27,6.92,6,0.20
2026-07-05,4,04,3,3845,中谷朋子,53,67,6.9,3,0.34
2026-07-05,4,05,1,3761,山本光雄,50,30,6.95,1,0.35
2026-07-05,4,06,2,4552,杉山勝匡,74,52,6.92,2,0.33
2026-07-05,5,01,3,5298,水谷理人,38,77,6.87,3,0.15
2026-07-05,5,02,4,4757,山田祐也,54,54,6.88,5,0.01
2026-07-05,5,03,2,4486,野村誠,48,49,6.87,2,0.12
2026-07-05,5,04,6,4592,小林孝弘,68,29,6.85,6,0.05
2026-07-05,5,05,5,4213,重富伸也,18,61,6.95,4,0.07
2026-07-05,5,06,1,3357,福島陽子,73,78,6.84,1,0.07
2026-07-05,6,01,1,3583,齋藤智裕,17,28,6.89,1,0.38
2026-07-05,6,02,2,5289,佃來紀,21,84,6.92,2,0.23
2026-07-05,6,03,6,4447,深川麻奈美,59,41,6.83,6,0.26
2026-07-05,6,04,4,4873,蒲原健太,26,59,6.85,4,0.30
2026-07-05,6,05,3,3850,小川知行,75,72,6.86,3,0.19
2026-07-05,6,06,5,4096,石橋道友,69,73,6.86,5,0.32
2026-07-05,7,01,3,4123,細川裕子,19,81,7.03,3,0.24
2026-07-05,7,02,1,3975,小野寺智洋,46,21,6.96,1,0.17
2026-07-05,7,03,4,5011,高木圭大,47,69,6.92,4,0.22
2026-07-05,7,04,5,4750,井上尚悟,58,85,6.96,5,0.23
2026-07-05,7,05,2,3566,川添英正,16,60,6.95,2,0.25
2026-07-05,7,06,6,5423,高橋嗣穏,11,50,6.96,6,0.23
2026-07-05,8,01,1,3703,鳥飼眞,39,40,7.01,1,0.20
2026-07-05,8,02,2,4182,吉田和仁,31,36,6.95,2,0.14
2026-07-05,8,03,5,4276,鈴木勝博,36,22,7.03,5,0.12
2026-07-05,8,04,4,4931,木谷賢太,14,66,7.02,4,0.13
2026-07-05,8,05,3,4119,泥谷一毅,60,79,6.97,3,0.16
2026-07-05,8,06,6,3353,前田光昭,35,57,7.04,6,0.03
2026-07-05,9,01,1,3611,岩崎芳美,34,35,6.99,1,0.11
2026-07-05,9,02,6,3845,中谷朋子,53,67,7.03,2,0.24
2026-07-05,9,03,2,5310,土屋蘭,33,48,7.02,3,0.16
2026-07-05,9,04,3,5227,川原愛未,27,39,7.01,4,0.22
2026-07-05,9,05,5,5438,星田夢結,72,43,6.99,6,0.12
2026-07-05,9,06,4,3207,田村美和,51,31,7.08,5,0.15
2026-07-05,10,01,1,3997,北村征嗣,77,45,6.94,1,0.15
2026-07-05,10,02,4,4486,野村誠,48,49,7.0,4,0.14
2026-07-05,10,03,2,4594,谷川祐一,12,82,6.99,2,0.11
2026-07-05,10,04,5,4402,乙藤智史,49,38,6.96,5,0.21
2026-07-05,10,05,3,4020,川上清人,81,70,7.05,3,0.12
2026-07-05,10,06,6,4552,杉山勝匡,74,52,6.94,6,0.22
2026-07-05,11,01,1,4757,山田祐也,54,54,7.02,1,0.09
2026-07-05,11,02,2,3826,村田修次,40,62,6.97,2,0.09
2026-07-05,11,03,5,3581,加木郁,57,53,6.98,5,0.10
2026-07-05,11,04,3,3761,山本光雄,50,30,7.09,3,0.13
2026-07-05,11,05,4,5289,佃來紀,21,84,7.03,4,0.03
2026-07-05,11,06,6,4150,山田雄太,44,75,7.02,6,0.02
2026-07-05,12,01,1,4019,笠原亮,52,55,7.01,1,0.12
2026-07-05,12,02,3,4096,石橋道友,69,73,6.94,3,0.14
2026-07-05,12,03,2,4960,黒野元基,56,27,6.94,2,0.14
2026-07-05,12,04,6,5298,水谷理人,38,77,6.93,6,0.06
2026-07-05,12,05,5,4123,細川裕子,19,81,6.99,5,0.12
2026-07-05,12,S1,4,5280,廣瀬凜,80,26,6.99,4,0.15
2026-07-06,1,01,3,4447,深川麻奈美,59,76,6.9,3,0.15
2026-07-06,1,02,1,4213,重富伸也,18,61,6.99,1,0.21
2026-07-06,1,03,4,3583,齋藤智裕,17,28,6.94,4,0.20
2026-07-06,1,04,6,3973,崎利仁,55,44,6.95,6,0.20
2026-07-06,1,05,5,5438,星田夢結,72,43,6.88,5,0.20
2026-07-06,1,06,2,3617,竹田広樹,65,71,6.91,2,0.25
2026-07-06,2,01,4,4402,乙藤智史,49,38,6.94,4,0.13
2026-07-06,2,02,2,4750,井上尚悟,58,85,6.85,2,0.15
2026-07-06,2,03,1,3581,加木郁,57,53,6.9,1,0.13
2026-07-06,2,04,3,3357,福島陽子,73,78,6.91,3,0.16
2026-07-06,2,05,6,4276,鈴木勝博,36,22,6.93,5,0.15
2026-07-06,2,06,5,5423,高橋嗣穏,11,50,6.91,6,0.14
2026-07-06,3,01,2,4875,大塚康雅,37,83,6.87,2,0.13
2026-07-06,3,02,1,4592,小林孝弘,68,29,6.88,1,0.03
2026-07-06,3,03,4,4123,細川裕子,19,81,6.96,4,0.17
2026-07-06,3,04,3,3975,小野寺智洋,46,21,6.85,3,0.15
2026-07-06,3,05,5,3997,北村征嗣,77,45,6.89,5,0.15
2026-07-06,3,06,6,3761,山本光雄,50,30,6.97,6,0.14
2026-07-06,4,01,3,5280,廣瀬凜,80,26,6.97,3,0.16
2026-07-06,4,02,1,4552,杉山勝匡,74,52,6.93,1,0.13
2026-07-06,4,03,2,3611,岩崎芳美,34,35,6.95,2,0.13
2026-07-06,4,04,5,5011,高木圭大,47,69,6.93,5,0.21
2026-07-06,4,05,4,3850,小川知行,75,72,6.93,4,0.17
2026-07-06,4,06,6,3207,田村美和,51,31,7.0,6,0.22
2026-07-06,5,01,1,3845,中谷朋子,53,67,6.9,1,0.09
2026-07-06,5,02,2,4931,木谷賢太,14,66,6.98,2,0.14
2026-07-06,5,03,6,3703,鳥飼眞,39,40,6.91,5,0.17
2026-07-06,5,04,5,4594,谷川祐一,12,82,6.95,4,0.16
2026-07-06,5,05,4,5227,川原愛未,27,39,6.95,6,0.18
2026-07-06,5,06,3,4873,蒲原健太,26,59,6.9,3,0.13
2026-07-06,6,01,2,4757,山田祐也,54,54,6.95,2,0.13
2026-07-06,6,02,4,4096,石橋道友,69,73,6.88,4,0.09
2026-07-06,6,03,5,4729,佐藤謙史朗,43,80,6.93,5,0.13
2026-07-06,6,04,3,3583,齋藤智裕,17,28,6.95,3,0.22
2026-07-06,6,05,1,4182,吉田和仁,31,36,6.89,1,0.18
2026-07-06,6,06,6,4020,川上清人,81,70,6.98,6,0.20
2026-07-06,7,01,1,4402,乙藤智史,49,38,6.92,1,0.04
2026-07-06,7,02,3,4150,山田雄太,44,75,6.92,3,0.01
2026-07-06,7,03,5,4119,泥谷一毅,60,79,6.94,5,0.05
2026-07-06,7,04,4,5298,水谷理人,38,77,6.92,4,0.13
2026-07-06,7,05,6,5438,星田夢結,72,43,6.9,6,0.01
2026-07-06,7,06,2,3353,前田光昭,35,57,7.02,2,0.00
2026-07-06,8,01,1,3566,川添英正,16,60,6.91,1,0.19
2026-07-06,8,02,4,4019,笠原亮,52,55,6.99,4,0.14
2026-07-06,8,03,5,4486,野村誠,48,49,6.92,5,0.11
2026-07-06,8,04,2,3761,山本光雄,50,30,6.99,2,0.21
2026-07-06,8,05,3,4213,重富伸也,18,61,6.97,3,0.16
2026-07-06,8,06,6,5423,高橋嗣穏,11,50,6.88,6,0.12
2026-07-06,9,01,1,3826,村田修次,40,62,6.88,1,0.11
2026-07-06,9,02,3,4960,黒野元基,56,27,6.9,3,0.22
2026-07-06,9,03,6,3611,岩崎芳美,34,35,6.93,6,0.20
2026-07-06,9,04,5,5289,佃來紀,21,84,6.95,5,0.21
2026-07-06,9,05,2,3973,崎利仁,55,44,6.94,2,0.17
2026-07-06,9,06,4,4592,小林孝弘,68,29,6.88,4,0.20
2026-07-06,10,01,1,4123,細川裕子,19,81,6.87,1,0.23
2026-07-06,10,02,4,4447,深川麻奈美,59,76,6.87,4,0.17
2026-07-06,10,03,3,5310,土屋蘭,33,48,6.92,3,0.20
2026-07-06,10,04,2,3207,田村美和,51,31,6.95,2,0.19
2026-07-06,10,05,6,3357,福島陽子,73,78,6.89,6,0.21
2026-07-06,10,06,5,3845,中谷朋子,53,67,6.89,5,0.19
2026-07-06,11,01,6,4931,木谷賢太,14,66,6.93,6,0.16
2026-07-06,11,02,3,4729,佐藤謙史朗,43,80,6.92,3,0.25
2026-07-06,11,03,1,5280,廣瀬凜,80,26,6.89,1,0.27
2026-07-06,11,04,4,3997,北村征嗣,77,45,6.92,4,0.18
2026-07-06,11,05,2,4276,鈴木勝博,36,22,6.94,2,0.27
2026-07-06,11,06,5,3617,竹田広樹,65,71,6.96,5,0.24
2026-07-06,12,01,1,5298,水谷理人,38,77,6.86,1,0.18
2026-07-06,12,02,6,4757,山田祐也,54,54,6.93,6,0.14
2026-07-06,12,03,4,4552,杉山勝匡,74,52,6.92,4,0.15
2026-07-06,12,04,2,3703,鳥飼眞,39,40,6.9,2,0.24
2026-07-06,12,05,5,3975,小野寺智洋,46,21,6.92,5,0.12
2026-07-06,12,06,3,4750,井上尚悟,58,85,6.86,3,0.23
2026-07-07,1,01,3,3566,川添英正,16,60,6.97,3,0.16
2026-07-07,1,02,4,3357,福島陽子,73,78,6.95,4,0.12
2026-07-07,1,03,1,3353,前田光昭,35,57,6.95,1,0.22
2026-07-07,1,04,6,4213,重富伸也,18,61,7.0,6,0.12
2026-07-07,1,05,2,5011,高木圭大,47,69,6.91,2,0.22
2026-07-07,1,06,5,4552,杉山勝匡,74,52,7.02,5,0.14
2026-07-07,2,01,1,4594,谷川祐一,12,82,7.0,1,0.13
2026-07-07,2,02,4,3997,北村征嗣,77,45,6.94,4,0.10
2026-07-07,2,03,3,4096,石橋道友,69,73,6.93,3,0.12
2026-07-07,2,04,5,5310,土屋蘭,33,48,7.0,5,0.13
2026-07-07,2,05,2,4873,蒲原健太,26,59,6.97,2,0.14
2026-07-07,2,06,6,3850,小川知行,75,72,6.99,6,0.12
2026-07-07,3,01,2,3975,小野寺智洋,46,21,6.93,2,0.18
2026-07-07,3,02,5,4150,山田雄太,44,75,6.99,5,0.27
2026-07-07,3,03,4,4276,鈴木勝博,36,22,7.08,4,0.33
2026-07-07,3,04,1,3207,田村美和,51,31,7.01,1,0.15
2026-07-07,3,05,6,3617,竹田広樹,65,71,7.01,6,0.31
2026-07-07,3,06,3,4592,小林孝弘,68,29,6.97,3,0.18
2026-07-07,4,01,4,4960,黒野元基,56,27,6.98,4,0.21
2026-07-07,4,02,1,4020,川上清人,81,70,7.02,1,0.10
2026-07-07,4,03,5,3703,鳥飼眞,39,40,6.96,5,0.26
2026-07-07,4,04,6,4119,泥谷一毅,60,79,6.96,6,0.24
2026-07-07,4,05,2,5289,佃來紀,21,84,6.96,2,0.28
2026-07-07,4,06,3,5227,川原愛未,27,39,6.95,3,0.26
2026-07-07,5,01,1,4447,深川麻奈美,59,76,6.87,1,0.19
2026-07-07,5,02,3,3826,村田修次,40,62,6.94,3,0.14
2026-07-07,5,03,5,4019,笠原亮,52,55,6.97,5,0.18
2026-07-07,5,04,2,4486,野村誠,48,49,6.93,2,0.17
2026-07-07,5,05,4,4729,佐藤謙史朗,43,80,6.92,4,0.16
2026-07-07,5,06,6,3581,加木郁,57,53,6.92,6,0.15
2026-07-07,6,01,2,4402,乙藤智史,49,38,6.89,2,0.15
2026-07-07,6,02,3,4123,細川裕子,19,81,6.93,3,0.23
2026-07-07,6,03,1,3973,崎利仁,55,44,6.92,1,0.22
2026-07-07,6,04,4,4931,木谷賢太,14,66,7.01,4,0.15
2026-07-07,6,05,6,3566,川添英正,16,60,6.92,5,0.20
2026-07-07,6,06,5,5423,高橋嗣穏,11,50,6.91,6,0.22
2026-07-07,7,01,4,4757,山田祐也,54,54,6.97,4,0.11
2026-07-07,7,02,1,4096,石橋道友,69,73,6.9,1,0.24
2026-07-07,7,03,5,3761,山本光雄,50,30,7.02,5,0.17
2026-07-07,7,04,3,4875,大塚康雅,37,83,6.93,3,0.21
2026-07-07,7,05,2,3845,中谷朋子,53,67,6.92,2,0.29
2026-07-07,7,06,6,5438,星田夢結,72,43,6.93,6,0.18
2026-07-07,8,01,2,5298,水谷理人,38,77,6.9,2,0.06
2026-07-07,8,02,1,4276,鈴木勝博,36,22,6.98,1,0.09
2026-07-07,8,03,5,4873,蒲原健太,26,59,6.91,5,0.22
2026-07-07,8,04,4,5289,佃來紀,21,84,6.91,4,0.28
2026-07-07,8,05,3,5011,高木圭大,47,69,6.87,3,0.11
2026-07-07,8,06,6,4182,吉田和仁,31,36,6.9,6,0.25
2026-07-07,9,01,1,4150,山田雄太,44,75,6.92,1,0.08
2026-07-07,9,02,2,5280,廣瀬凜,80,26,6.95,2,0.08
2026-07-07,9,03,3,3703,鳥飼眞,39,40,6.92,3,0.13
2026-07-07,9,04,4,4750,井上尚悟,58,85,6.87,4,0.16
2026-07-07,9,05,5,3826,村田修次,40,62,6.91,5,0.22
2026-07-07,9,06,6,3583,齋藤智裕,17,28,6.97,6,0.27
2026-07-07,10,01,1,4931,木谷賢太,14,66,6.94,1,0.12
2026-07-07,10,02,3,4019,笠原亮,52,55,6.98,3,0.13
2026-07-07,10,03,4,4594,谷川祐一,12,82,6.95,4,0.10
2026-07-07,10,04,6,3975,小野寺智洋,46,21,6.9,6,0.11
2026-07-07,10,05,2,4119,泥谷一毅,60,79,6.92,2,0.13
2026-07-07,10,06,5,3611,岩崎芳美,34,35,6.93,5,0.13
2026-07-07,11,01,1,4960,黒野元基,56,27,6.89,1,0.15
2026-07-07,11,02,2,4213,重富伸也,18,61,6.97,2,0.15
2026-07-07,11,03,4,4486,野村誠,48,49,6.94,4,0.16
2026-07-07,11,04,5,4875,大塚康雅,37,83,6.94,5,0.21
2026-07-07,11,05,3,3997,北村征嗣,77,45,6.95,3,0.14
2026-07-07,11,06,6,4402,乙藤智史,49,38,6.9,6,0.17
2026-07-07,12,01,1,5227,川原愛未,27,39,6.93,1,0.18
2026-07-07,12,02,2,4447,深川麻奈美,59,76,6.88,2,0.20
2026-07-07,12,03,3,5310,土屋蘭,33,48,6.92,3,0.24
2026-07-07,12,04,6,4123,細川裕子,19,81,6.93,6,0.19
2026-07-07,12,05,4,3845,中谷朋子,53,67,6.94,4,0.22
2026-07-07,12,06,5,5438,星田夢結,72,43,6.88,5,0.21
2026-07-08,1,01,1,4875,大塚康雅,37,83,6.93,1,0.12
2026-07-08,1,02,2,4594,谷川祐一,12,82,7.0,2,0.06
2026-07-08,1,03,6,5011,高木圭大,47,69,6.89,6,0.04
2026-07-08,1,04,3,3207,田村美和,51,31,7.0,3,0.05
2026-07-08,1,05,4,3973,崎利仁,55,44,6.96,4,0.14
2026-07-08,1,06,5,3353,前田光昭,35,57,6.98,5,0.09
2026-07-08,2,01,2,3975,小野寺智洋,46,21,6.94,2,0.10
2026-07-08,2,02,5,4447,深川麻奈美,59,76,6.89,5,0.18
2026-07-08,2,03,1,4729,佐藤謙史朗,43,80,6.94,1,0.16
2026-07-08,2,04,3,3611,岩崎芳美,34,35,6.99,3,0.11
2026-07-08,2,05,6,5280,廣瀬凜,80,26,6.97,6,0.23
2026-07-08,2,06,4,3761,山本光雄,50,30,7.01,4,0.12
2026-07-08,3,01,5,5298,水谷理人,38,77,6.9,5,0.05
2026-07-08,3,02,4,3850,小川知行,75,72,6.93,4,0.11
2026-07-08,3,03,3,3703,鳥飼眞,39,40,6.92,3,0.08
2026-07-08,3,04,1,4486,野村誠,48,49,6.95,1,0.11
2026-07-08,3,05,2,3581,加木郁,57,53,6.94,2,0.08
2026-07-08,3,06,6,4873,蒲原健太,26,59,6.94,6,0.14
2026-07-08,4,01,1,4019,笠原亮,52,55,6.98,1,0.17
2026-07-08,4,02,5,4757,山田祐也,54,54,6.99,5,0.29
2026-07-08,4,03,2,4592,小林孝弘,68,29,6.95,2,0.26
2026-07-08,4,04,3,3826,村田修次,40,62,6.93,3,0.16
2026-07-08,4,05,4,3566,川添英正,16,60,6.97,4,0.26
2026-07-08,4,06,6,5310,土屋蘭,33,48,6.96,6,0.31
2026-07-08,5,01,1,4096,石橋道友,69,73,6.91,1,0.05
2026-07-08,5,02,4,4402,乙藤智史,49,38,6.92,4,0.10
2026-07-08,5,03,3,4552,杉山勝匡,74,52,6.96,3,0.11
2026-07-08,5,04,6,4750,井上尚悟,58,85,6.9,6,0.12
2026-07-08,5,05,2,4020,川上清人,81,70,6.98,2,0.09
2026-07-08,5,06,5,4931,木谷賢太,14,66,6.99,5,0.12
2026-07-08,6,01,5,4960,黒野元基,56,27,6.94,5,0.04
2026-07-08,6,02,2,4150,山田雄太,44,75,6.95,2,0.07
2026-07-08,6,03,4,4182,吉田和仁,31,36,6.91,4,0.08
2026-07-08,6,04,3,3353,前田光昭,35,57,7.0,3,0.14
2026-07-08,6,05,6,5227,川原愛未,27,39,6.94,6,0.15
2026-07-08,6,06,1,4123,細川裕子,19,81,6.92,1,0.18
2026-07-08,7,01,4,4119,泥谷一毅,60,79,6.92,4,0.06
2026-07-08,7,02,5,3583,齋藤智裕,17,28,6.96,5,0.10
2026-07-08,7,03,1,3997,北村征嗣,77,45,6.92,1,0.14
2026-07-08,7,04,2,3357,福島陽子,73,78,6.91,2,0.18
2026-07-08,7,05,6,5423,高橋嗣穏,11,50,6.91,6,0.11
2026-07-08,7,06,3,4213,重富伸也,18,61,6.99,3,0.13
2026-07-08,8,01,1,5289,佃來紀,21,84,7.01,1,0.16
2026-07-08,8,02,2,3973,崎利仁,55,44,6.95,2,0.24
2026-07-08,8,03,4,3581,加木郁,57,53,6.97,4,0.25
2026-07-08,8,04,6,5438,星田夢結,72,43,6.95,5,0.24
2026-07-08,8,05,3,3617,竹田広樹,65,71,6.95,3,0.27
2026-07-08,8,K1,5,3845,中谷朋子,53,67,,,K
2026-07-08,9,01,1,5298,水谷理人,38,77,6.87,1,0.10
2026-07-08,9,02,2,4019,笠原亮,52,55,6.99,2,0.12
2026-07-08,9,03,6,4486,野村誠,48,49,6.95,6,0.07
2026-07-08,9,04,4,3826,村田修次,40,62,6.91,4,0.15
2026-07-08,9,05,3,4402,乙藤智史,49,38,6.94,3,0.12
2026-07-08,9,06,5,3975,小野寺智洋,46,21,6.92,5,0.11
2026-07-08,10,01,1,4960,黒野元基,56,27,6.85,1,0.10
2026-07-08,10,02,2,4447,深川麻奈美,59,76,6.89,2,0.12
2026-07-08,10,03,5,4096,石橋道友,69,73,6.9,5,0.06
2026-07-08,10,04,4,3703,鳥飼眞,39,40,6.89,4,0.08
2026-07-08,10,05,3,4875,大塚康雅,37,83,6.91,3,0.12
2026-07-08,10,06,6,4150,山田雄太,44,75,6.91,6,0.02
2026-07-08,11,01,1,4757,山田祐也,54,54,6.93,1,0.11
2026-07-08,11,02,5,4594,谷川祐一,12,82,6.96,5,0.12
2026-07-08,11,03,3,4931,木谷賢太,14,66,6.98,3,0.11
2026-07-08,11,04,6,3997,北村征嗣,77,45,6.93,6,0.18
2026-07-08,11,05,2,4123,細川裕子,19,81,6.95,2,0.20
2026-07-08,11,06,4,3611,岩崎芳美,34,35,6.95,4,0.16
2026-07-08,12,01,1,5280,廣瀬凜,80,26,6.91,1,0.10
2026-07-08,12,02,3,4182,吉田和仁,31,36,6.84,3,0.12
2026-07-08,12,03,2,3850,小川知行,75,72,6.91,2,0.13
2026-07-08,12,04,4,3583,齋藤智裕,17,28,6.96,4,0.14
2026-07-08,12,05,5,4020,川上清人,81,70,7.0,5,0.17
2026-07-08,12,06,6,5289,佃來紀,21,84,6.99,6,0.09
2026-07-09,1,01,1,4873,蒲原健太,26,59,6.94,1,0.16
2026-07-09,1,02,3,3973,崎利仁,55,44,6.95,3,0.18
2026-07-09,1,03,4,3617,竹田広樹,65,71,6.9,4,0.20
2026-07-09,1,04,2,4213,重富伸也,18,61,6.99,2,0.13
2026-07-09,1,05,6,3761,山本光雄,50,30,7.04,6,0.17
2026-07-09,1,06,5,3357,福島陽子,73,78,6.93,5,0.22
2026-07-09,2,01,1,5011,高木圭大,47,69,6.92,1,0.12
2026-07-09,2,02,2,4119,泥谷一毅,60,79,6.91,2,0.15
2026-07-09,2,03,3,4020,川上清人,81,70,6.98,3,0.14
2026-07-09,2,04,5,3207,田村美和,51,31,7.03,5,0.18
2026-07-09,2,05,4,4552,杉山勝匡,74,52,6.99,4,0.19
2026-07-09,2,06,6,5227,川原愛未,27,39,6.95,6,0.20
2026-07-09,3,01,2,4729,佐藤謙史朗,43,80,6.93,2,0.18
2026-07-09,3,02,1,4750,井上尚悟,58,85,6.9,1,0.09
2026-07-09,3,03,3,4592,小林孝弘,68,29,6.94,3,0.15
2026-07-09,3,04,4,3566,川添英正,16,60,6.94,4,0.26
2026-07-09,3,05,6,4875,大塚康雅,37,83,6.92,6,0.20
2026-07-09,3,06,5,3850,小川知行,75,72,6.91,5,0.23
2026-07-09,4,01,1,3975,小野寺智洋,46,21,6.94,1,0.09
2026-07-09,4,02,2,3997,北村征嗣,77,45,6.94,2,0.13
2026-07-09,4,03,5,4931,木谷賢太,14,66,6.98,5,0.14
2026-07-09,4,04,4,4182,吉田和仁,31,36,6.92,4,0.18
2026-07-09,4,05,6,5423,高橋嗣穏,11,50,6.94,6,0.10
2026-07-09,4,06,3,3353,前田光昭,35,57,7.02,3,0.13
2026-07-09,5,01,1,3611,岩崎芳美,34,35,6.92,1,0.19
2026-07-09,5,02,5,4486,野村誠,48,49,6.94,5,0.12
2026-07-09,5,03,6,5310,土屋蘭,33,48,6.89,6,0.16
2026-07-09,5,04,2,4402,乙藤智史,49,38,6.94,2,0.19
2026-07-09,5,05,4,4213,重富伸也,18,61,6.97,4,0.16
2026-07-09,5,06,3,3617,竹田広樹,65,71,6.9,3,0.34
2026-07-09,6,01,1,4150,山田雄太,44,75,6.89,1,0.12
2026-07-09,6,02,3,4552,杉山勝匡,74,52,6.91,3,0.18
2026-07-09,6,03,2,4123,細川裕子,19,81,6.9,2,0.14
2026-07-09,6,04,6,4096,石橋道友,69,73,6.88,6,0.12
2026-07-09,6,05,4,3357,福島陽子,73,78,6.92,4,0.18
2026-07-09,6,06,5,3581,加木郁,57,53,6.89,5,0.15
2026-07-09,7,01,1,3703,鳥飼眞,39,40,6.94,1,0.31
2026-07-09,7,02,2,5011,高木圭大,47,69,6.92,2,0.03
2026-07-09,7,03,4,4873,蒲原健太,26,59,6.92,4,0.07
2026-07-09,7,04,5,4592,小林孝弘,68,29,6.97,5,0.09
2026-07-09,7,05,3,3207,田村美和,51,31,7.0,3,0.07
2026-07-09,7,06,6,5438,星田夢結,72,43,6.92,6,0.13
2026-07-09,8,01,1,3826,村田修次,40,62,6.91,1,0.17
2026-07-09,8,02,3,5289,佃來紀,21,84,7.0,3,0.19
2026-07-09,8,03,5,3973,崎利仁,55,44,6.94,5,0.19
2026-07-09,8,04,4,4750,井上尚悟,58,85,6.91,4,0.14
2026-07-09,8,05,2,5227,川原愛未,27,39,6.92,2,0.19
2026-07-09,8,06,6,5423,高橋嗣穏,11,50,6.89,6,0.15
2026-07-09,9,01,1,5310,土屋蘭,33,48,6.86,1,0.18
2026-07-09,9,02,3,3566,川添英正,16,60,6.88,3,0.19
2026-07-09,9,03,4,5280,廣瀬凜,80,26,6.89,4,0.17
2026-07-09,9,04,5,4119,泥谷一毅,60,79,6.9,5,0.14
2026-07-09,9,05,6,4729,佐藤謙史朗,43,80,6.91,6,0.20
2026-07-09,9,06,2,3583,齋藤智裕,17,28,6.87,2,0.18
2026-07-09,10,01,1,4096,石橋道友,69,73,6.89,1,0.12
2026-07-09,10,02,2,4486,野村誠,48,49,6.93,2,0.09
2026-07-09,10,03,4,4123,細川裕子,19,81,6.9,4,0.13
2026-07-09,10,04,3,3997,北村征嗣,77,45,6.93,3,0.12
2026-07-09,10,05,5,3611,岩崎芳美,34,35,6.93,5,0.12
2026-07-09,10,06,6,3975,小野寺智洋,46,21,6.87,6,0.10
2026-07-09,11,01,3,5298,水谷理人,38,77,6.86,4,0.04
2026-07-09,11,02,4,4019,笠原亮,52,55,6.98,5,0.14
2026-07-09,11,03,2,4960,黒野元基,56,27,6.92,3,0.12
2026-07-09,11,04,5,4447,深川麻奈美,59,76,6.89,6,0.17
2026-07-09,11,05,1,4757,山田祐也,54,54,6.92,1,0.05
2026-07-09,11,06,6,4594,谷川祐一,12,82,6.94,2,0.07
2026-07-09,12,01,1,4931,木谷賢太,14,66,6.96,1,0.12
2026-07-09,12,02,3,3703,鳥飼眞,39,40,6.96,3,0.16
2026-07-09,12,03,4,4875,大塚康雅,37,83,6.88,4,0.32
2026-07-09,12,04,5,4402,乙藤智史,49,38,6.91,5,0.26
2026-07-09,12,05,2,3826,村田修次,40,62,6.91,2,0.15
2026-07-09,12,06,6,4150,山田雄太,44,75,6.97,6,0.23
2026-07-14,1,01,2,4259,真庭明志,61,34,7.01,2,0.18
2026-07-14,1,02,4,4179,広次修,66,33,7.01,4,0.21
2026-07-14,1,03,1,3211,北川敏弘,56,52,7.07,1,0.14
2026-07-14,1,04,3,5033,藤原孝斗,12,66,7.06,3,0.20
2026-07-14,1,05,5,4440,萩原知哉,30,11,7.04,5,0.25
2026-07-14,1,06,6,5426,甲斐貴大,13,61,7.02,6,0.30
2026-07-14,2,01,1,3967,鈴木茂高,29,79,7.11,1,0.27
2026-07-14,2,02,6,3467,森弘行,52,45,7.04,6,0.18
2026-07-14,2,03,3,3956,横澤剛治,22,84,7.06,3,0.24
2026-07-14,2,04,4,3740,大澤普司,32,56,7.01,4,0.21
2026-07-14,2,05,2,5343,小林礼央,50,68,7.03,2,0.28
2026-07-14,2,06,5,5271,杉山太陽,54,35,6.97,5,0.19
2026-07-14,3,01,2,4575,戸塚邦好,74,37,6.96,2,0.17
2026-07-14,3,02,1,4196,田中太一郎,11,41,7.01,1,0.19
2026-07-14,3,03,4,3939,渡辺真至,33,18,7.01,4,0.19
2026-07-14,3,04,5,5381,有山望,36,63,6.99,5,0.15
2026-07-14,3,05,3,4674,池田剛規,62,16,6.97,3,0.13
2026-07-14,3,06,6,4797,中山将,43,49,6.98,6,0.11
2026-07-14,4,01,5,4962,畑竜生,25,55,7.01,5,0.08
2026-07-14,4,02,1,4161,黒柳浩孝,24,71,6.93,1,0.18
2026-07-14,4,03,4,3918,深井利寿,79,12,7.04,4,0.09
2026-07-14,4,04,6,3544,豊田訓靖,35,72,7.08,6,0.04
2026-07-14,4,05,3,5063,大塚雅治,41,13,6.98,3,0.23
2026-07-14,4,06,2,5325,澁川夏,71,75,6.98,2,0.18
2026-07-14,5,01,4,3623,深川真二,27,47,6.95,2,0.21
2026-07-14,5,02,5,4872,山下流心,77,38,6.98,5,0.24
2026-07-14,5,03,6,5048,眞鳥康太,23,54,6.92,6,0.15
2026-07-14,5,04,3,5207,高山敬悟,76,59,6.93,4,0.11
2026-07-14,5,05,2,4945,上村宏太,15,86,6.98,3,0.18
2026-07-14,5,06,1,4215,吉島祥之,70,44,7.0,1,0.15
2026-07-14,6,01,2,4786,佐藤博亮,21,31,7.02,2,0.16
2026-07-14,6,02,3,4466,南佑典,46,58,6.97,3,0.15
2026-07-14,6,03,6,4254,川島圭司,55,15,6.97,6,0.24
2026-07-14,6,04,1,3441,土屋太朗,67,83,7.02,1,0.27
2026-07-14,6,05,4,3211,北川敏弘,56,52,7.01,4,0.19
2026-07-14,6,06,5,4866,橋本英一,58,80,6.98,5,0.21
2026-07-14,7,01,3,5311,小林京平,26,67,6.94,3,0.05
2026-07-14,7,02,1,4644,山田亮太,28,60,7.02,1,0.12
2026-07-14,7,03,6,4004,山本浩輔,51,39,6.95,6,0.16
2026-07-14,7,04,5,5033,藤原孝斗,12,66,6.94,5,0.13
2026-07-14,7,05,2,5271,杉山太陽,54,35,6.96,2,0.06
2026-07-14,7,06,4,5385,鈴木柊介,20,46,6.96,4,0.04
2026-07-14,8,01,1,4545,岡村慶太,18,51,6.99,1,0.03
2026-07-14,8,02,2,4626,伊藤紘章,45,85,6.93,2,0.10
2026-07-14,8,03,6,4067,永井源,81,70,6.92,5,0.10
2026-07-14,8,04,3,5381,有山望,36,63,6.99,3,0.21
2026-07-14,8,05,4,3467,森弘行,52,45,7.0,4,0.14
2026-07-14,8,06,5,5426,甲斐貴大,13,61,6.99,6,0.11
2026-07-14,9,01,1,4180,上野秀和,78,78,6.95,1,0.15
2026-07-14,9,02,3,4962,畑竜生,25,55,6.95,3,0.16
2026-07-14,9,03,6,3939,渡辺真至,33,18,7.01,6,0.21
2026-07-14,9,04,5,4560,庄司樹良々,64,69,7.01,5,0.18
2026-07-14,9,05,2,4440,萩原知哉,30,11,6.98,2,0.15
2026-07-14,9,06,4,3967,鈴木茂高,29,79,7.06,4,0.23
2026-07-14,10,01,2,4495,森晋太郎,63,77,6.96,2,0.20
2026-07-14,10,02,5,5207,高山敬悟,76,59,6.98,5,0.20
2026-07-14,10,03,1,4179,広次修,66,33,6.97,1,0.25
2026-07-14,10,04,3,4575,戸塚邦好,74,37,6.93,3,0.25
2026-07-14,10,05,6,3956,横澤剛治,22,84,7.0,6,0.19
2026-07-14,10,06,4,4161,黒柳浩孝,24,71,6.96,4,0.30
2026-07-14,11,01,1,3740,大澤普司,32,56,6.98,1,0.08
2026-07-14,11,02,3,5325,澁川夏,71,75,6.98,3,0.20
2026-07-14,11,03,2,4674,池田剛規,62,16,6.96,2,0.12
2026-07-14,11,04,6,4259,真庭明志,61,34,6.97,6,0.09
2026-07-14,11,05,4,4215,吉島祥之,70,44,7.02,4,0.11
2026-07-14,11,06,5,4466,南佑典,46,58,6.98,5,0.11
2026-07-14,12,01,1,3623,深川真二,27,47,6.97,1,0.10
2026-07-14,12,02,4,4644,山田亮太,28,60,7.03,4,0.14
2026-07-14,12,03,3,3918,深井利寿,79,12,7.08,3,0.14
2026-07-14,12,04,5,4545,岡村慶太,18,51,7.05,5,0.17
2026-07-14,12,05,6,4786,佐藤博亮,21,31,6.99,6,0.19
2026-07-14,12,06,2,4797,中山将,43,49,6.97,2,0.22
2026-07-15,1,01,3,4495,森晋太郎,63,77,6.96,3,0.09
2026-07-15,1,02,1,5048,眞鳥康太,23,54,6.94,1,0.16
2026-07-15,1,03,2,4866,橋本英一,58,80,6.99,2,0.08
2026-07-15,1,04,5,5311,小林京平,26,67,6.91,5,0.10
2026-07-15,1,05,6,3740,大澤普司,32,56,7.01,6,0.13
2026-07-15,1,06,4,3956,横澤剛治,22,84,7.03,4,0.09
2026-07-15,2,01,1,4004,山本浩輔,51,39,6.99,1,0.20
2026-07-15,2,02,5,3918,深井利寿,79,12,7.08,5,0.16
2026-07-15,2,03,2,5033,藤原孝斗,12,66,6.99,2,0.21
2026-07-15,2,04,6,4215,吉島祥之,70,44,7.02,6,0.17
2026-07-15,2,05,4,3441,土屋太朗,67,83,7.03,4,0.21
2026-07-15,2,06,3,4945,上村宏太,15,86,7.04,3,0.20
2026-07-15,3,01,5,4259,真庭明志,61,34,6.99,5,0.13
2026-07-15,3,02,3,5343,小林礼央,50,68,6.99,3,0.11
2026-07-15,3,03,6,4644,山田亮太,28,60,7.06,6,0.15
2026-07-15,3,04,1,3544,豊田訓靖,35,72,7.07,1,0.14
2026-07-15,3,05,4,4196,田中太一郎,11,41,7.01,4,0.08
2026-07-15,3,06,2,5207,高山敬悟,76,59,6.97,2,0.14
2026-07-15,4,01,5,4626,伊藤紘章,45,85,6.97,5,0.18
2026-07-15,4,02,1,3939,渡辺真至,33,18,6.99,1,0.16
2026-07-15,4,03,3,4545,岡村慶太,18,51,7.04,3,0.16
2026-07-15,4,04,2,4560,庄司樹良々,64,69,6.98,2,0.15
2026-07-15,4,05,4,4254,川島圭司,55,15,7.0,4,0.13
2026-07-15,4,06,6,3211,北川敏弘,56,52,7.02,6,0.15
2026-07-15,5,01,1,4067,永井源,81,70,6.95,1,0.14
2026-07-15,5,02,5,3623,深川真二,27,47,6.98,2,0.13
2026-07-15,5,03,4,4180,上野秀和,78,78,6.99,5,0.24
2026-07-15,5,04,2,5381,有山望,36,63,6.99,3,0.19
2026-07-15,5,05,3,5385,鈴木柊介,20,46,7.03,4,0.32
2026-07-15,5,06,6,3967,鈴木茂高,29,79,7.09,6,0.40
2026-07-15,6,01,4,4797,中山将,43,49,6.96,4,0.08
2026-07-15,6,02,6,4161,黒柳浩孝,24,71,6.92,6,0.12
2026-07-15,6,03,2,3740,大澤普司,32,56,6.97,2,0.18
2026-07-15,6,04,5,4674,池田剛規,62,16,6.98,5,0.15
2026-07-15,6,05,3,4872,山下流心,77,38,6.98,3,0.25
2026-07-15,6,06,1,3467,森弘行,52,45,7.02,1,0.36
2026-07-15,7,01,5,5063,大塚雅治,41,13,7.0,5,0.10
2026-07-15,7,02,1,4786,佐藤博亮,21,31,6.99,1,0.04
2026-07-15,7,03,3,5271,杉山太陽,54,35,6.97,3,0.05
2026-07-15,7,04,2,4466,南佑典,46,58,6.93,2,0.04
2026-07-15,7,05,4,5048,眞鳥康太,23,54,6.87,4,0.04
2026-07-15,7,06,6,5426,甲斐貴大,13,61,7.04,6,0.09
2026-07-15,8,01,1,3956,横澤剛治,22,84,6.99,1,0.08
2026-07-15,8,02,2,4644,山田亮太,28,60,7.05,2,0.12
2026-07-15,8,03,6,4179,広次修,66,33,6.94,5,0.10
2026-07-15,8,04,5,5325,澁川夏,71,75,7.07,6,0.08
2026-07-15,8,05,4,4004,山本浩輔,51,39,7.02,4,0.09
2026-07-15,8,06,3,4440,萩原知哉,30,11,7.02,3,0.19
2026-07-15,9,01,1,4259,真庭明志,61,34,6.96,1,0.09
2026-07-15,9,02,4,4545,岡村慶太,18,51,7.0,4,0.13
2026-07-15,9,03,3,4866,橋本英一,58,80,7.0,3,0.12
2026-07-15,9,04,5,4945,上村宏太,15,86,7.02,5,0.13
2026-07-15,9,05,2,4962,畑竜生,25,55,6.97,2,0.13
2026-07-15,9,06,6,5385,鈴木柊介,20,46,7.0,6,0.07
2026-07-15,10,01,5,4575,戸塚邦好,74,37,6.9,4,0.16
2026-07-15,10,02,1,4254,川島圭司,55,15,6.95,1,0.18
2026-07-15,10,03,2,5311,小林京平,26,67,6.93,2,0.23
2026-07-15,10,04,3,3623,深川真二,27,47,6.99,3,0.27
2026-07-15,10,05,6,3441,土屋太朗,67,83,7.04,5,0.17
2026-07-15,10,06,4,3544,豊田訓靖,35,72,7.05,6,0.31
2026-07-15,11,01,1,3918,深井利寿,79,12,7.05,1,0.19
2026-07-15,11,02,5,4495,森晋太郎,63,77,6.94,5,0.14
2026-07-15,11,03,6,4196,田中太一郎,11,41,7.0,6,0.13
2026-07-15,11,04,4,4067,永井源,81,70,6.95,4,0.18
2026-07-15,11,05,3,4560,庄司樹良々,64,69,7.03,3,0.13
2026-07-15,11,06,2,4872,山下流心,77,38,7.03,2,0.26
2026-07-15,12,01,1,4797,中山将,43,49,6.99,1,0.08
2026-07-15,12,02,5,5343,小林礼央,50,68,7.01,5,0.05
2026-07-15,12,03,4,4786,佐藤博亮,21,31,6.99,4,0.08
2026-07-15,12,04,6,4180,上野秀和,78,78,7.02,6,0.09
2026-07-15,12,05,2,5063,大塚雅治,41,13,6.96,2,0.18
2026-07-15,12,06,3,4626,伊藤紘章,45,85,6.99,3,0.17
2026-07-16,1,01,1,5311,小林京平,26,67,6.92,1,0.15
2026-07-16,1,02,5,4161,黒柳浩孝,24,71,6.93,5,0.18
2026-07-16,1,03,4,4440,萩原知哉,30,11,7.02,4,0.11
2026-07-16,1,04,2,4004,山本浩輔,51,39,7.04,2,0.20
2026-07-16,1,05,6,4674,池田剛規,62,16,6.95,6,0.16
2026-07-16,1,06,3,4196,田中太一郎,11,41,7.04,3,0.19
2026-07-16,2,01,2,5063,大塚雅治,41,13,7.03,2,0.10
2026-07-16,2,02,3,4067,永井源,81,70,6.97,3,0.17
2026-07-16,2,03,1,4626,伊藤紘章,45,85,6.98,1,0.11
2026-07-16,2,04,4,5207,高山敬悟,76,59,7.0,4,0.13
2026-07-16,2,05,5,5385,鈴木柊介,20,46,7.03,5,0.12
2026-07-16,2,06,6,4259,真庭明志,61,34,7.0,6,0.18
2026-07-16,3,01,1,4575,戸塚邦好,74,37,6.93,1,0.16
2026-07-16,3,02,4,5381,有山望,36,63,6.96,4,0.14
2026-07-16,3,03,6,4495,森晋太郎,63,77,6.95,6,0.17
2026-07-16,3,04,5,4180,上野秀和,78,78,6.98,5,0.19
2026-07-16,3,05,2,3939,渡辺真至,33,18,6.99,2,0.16
2026-07-16,3,06,3,3467,森弘行,52,45,6.99,3,0.19
2026-07-16,4,01,1,4786,佐藤博亮,21,31,6.97,1,0.06
2026-07-16,4,02,6,3623,深川真二,27,47,6.98,2,0.07
2026-07-16,4,03,3,3441,土屋太朗,67,83,7.01,4,0.19
2026-07-16,4,04,5,5048,眞鳥康太,23,54,6.9,6,0.18
2026-07-16,4,05,2,4179,広次修,66,33,7.0,3,0.18
2026-07-16,4,06,4,5343,小林礼央,50,68,7.0,5,0.16
2026-07-16,5,01,5,4797,中山将,43,49,6.98,5,0.13
2026-07-16,5,02,1,3918,深井利寿,79,12,7.02,1,0.18
2026-07-16,5,03,2,5271,杉山太陽,54,35,6.99,2,0.21
2026-07-16,5,04,4,4866,橋本英一,58,80,6.98,4,0.14
2026-07-16,5,05,6,4945,上村宏太,15,86,7.02,6,0.15
2026-07-16,5,06,3,3544,豊田訓靖,35,72,7.03,3,0.23
2026-07-16,6,01,1,4545,岡村慶太,18,51,6.98,1,0.11
2026-07-16,6,02,4,4466,南佑典,46,58,7.01,4,0.12
2026-07-16,6,03,5,4644,山田亮太,28,60,7.03,5,0.12
2026-07-16,6,04,2,5033,藤原孝斗,12,66,6.95,2,0.11
2026-07-16,6,05,6,5426,甲斐貴大,13,61,7.01,6,0.16
2026-07-16,6,06,3,3967,鈴木茂高,29,79,7.06,3,0.13
2026-07-16,7,01,1,4962,畑竜生,25,55,6.98,1,0.08
2026-07-16,7,02,3,3740,大澤普司,32,56,7.1,3,0.12
2026-07-16,7,03,2,5325,澁川夏,71,75,6.97,2,0.13
2026-07-16,7,04,4,3211,北川敏弘,56,52,7.01,4,0.06
2026-07-16,7,05,6,5385,鈴木柊介,20,46,7.0,6,0.07
2026-07-16,7,06,5,4215,吉島祥之,70,44,7.02,5,0.13
2026-07-16,8,01,1,4560,庄司樹良々,64,69,6.96,1,0.07
2026-07-16,8,02,3,4254,川島圭司,55,15,6.99,3,0.11
2026-07-16,8,03,2,5207,高山敬悟,76,59,6.93,2,0.14
2026-07-16,8,04,6,4440,萩原知哉,30,11,6.98,6,0.12
2026-07-16,8,05,4,4872,山下流心,77,38,7.03,4,0.15
2026-07-16,8,06,5,3956,横澤剛治,22,84,7.02,5,0.17
2026-07-16,9,01,1,3623,深川真二,27,47,6.95,1,0.09
2026-07-16,9,02,2,3918,深井利寿,79,12,6.98,2,0.16
2026-07-16,9,03,3,4180,上野秀和,78,78,6.98,3,0.12
2026-07-16,9,04,4,4067,永井源,81,70,6.92,4,0.15
2026-07-16,9,05,5,3939,渡辺真至,33,18,6.98,5,0.14
2026-07-16,9,06,6,4179,広次修,66,33,6.98,6,0.15
2026-07-16,10,01,5,5311,小林京平,26,67,6.91,5,0.08
2026-07-16,10,02,6,5343,小林礼央,50,68,7.01,6,0.12
2026-07-16,10,03,1,4259,真庭明志,61,34,6.93,1,0.10
2026-07-16,10,04,2,4545,岡村慶太,18,51,7.02,2,0.12
2026-07-16,10,05,3,4575,戸塚邦好,74,37,6.94,3,0.14
2026-07-16,10,F,4,4797,中山将,43,49,6.98,4,F0.01
2026-07-16,11,01,1,4495,森晋太郎,63,77,6.94,1,0.16
2026-07-16,11,02,3,4644,山田亮太,28,60,7.03,3,0.13
2026-07-16,11,03,2,4786,佐藤博亮,21,31,7.02,2,0.21
2026-07-16,11,04,4,4626,伊藤紘章,45,85,6.98,4,0.24
2026-07-16,11,05,6,4004,山本浩輔,51,39,7.0,6,0.25
2026-07-16,11,06,5,4962,畑竜生,25,55,6.99,5,0.28
2026-07-16,12,01,3,4215,吉島祥之,70,44,7.02,3,0.21
2026-07-16,12,02,4,5048,眞鳥康太,23,54,6.96,4,0.19
2026-07-16,12,03,1,4466,南佑典,46,58,6.89,1,0.21
2026-07-16,12,04,5,3740,大澤普司,32,56,6.97,5,0.15
2026-07-16,12,05,6,4560,庄司樹良々,64,69,6.96,6,0.22
2026-07-16,12,06,2,5381,有山望,36,63,6.95,2,0.33
2026-07-17,1,01,1,4674,池田剛規,62,16,7.0,1,0.16
2026-07-17,1,02,3,5033,藤原孝斗,12,66,6.94,3,0.21
2026-07-17,1,03,2,3211,北川敏弘,56,52,7.01,2,0.18
2026-07-17,1,04,6,4872,山下流心,77,38,7.05,5,0.31
2026-07-17,1,05,4,3441,土屋太朗,67,83,7.07,4,0.36
2026-07-17,1,06,5,5426,甲斐貴大,13,61,7.05,6,0.25
2026-07-17,2,01,1,4004,山本浩輔,51,39,6.97,1,0.24
2026-07-17,2,02,2,4196,田中太一郎,11,41,7.0,2,0.16
2026-07-17,2,03,3,5325,澁川夏,71,75,6.99,3,0.15
2026-07-17,2,04,6,4945,上村宏太,15,86,6.99,6,0.19
2026-07-17,2,05,4,3967,鈴木茂高,29,79,7.04,4,0.20
2026-07-17,2,06,5,5063,大塚雅治,41,13,6.98,5,0.17
2026-07-17,3,01,1,4866,橋本英一,58,80,7.0,1,0.23
2026-07-17,3,02,5,5207,高山敬悟,76,59,6.97,5,0.19
2026-07-17,3,03,3,3467,森弘行,52,45,7.04,3,0.21
2026-07-17,3,04,2,3939,渡辺真至,33,18,7.0,2,0.20
2026-07-17,3,05,6,3544,豊田訓靖,35,72,7.03,6,0.22
2026-07-17,3,06,4,4626,伊藤紘章,45,85,6.98,4,0.43
2026-07-17,4,01,2,4161,黒柳浩孝,24,71,6.96,2,0.12
2026-07-17,4,02,1,4440,萩原知哉,30,11,6.94,1,0.07
2026-07-17,4,03,4,5385,鈴木柊介,20,46,6.99,4,0.16
2026-07-17,4,04,6,4786,佐藤博亮,21,31,6.99,6,0.17
2026-07-17,4,05,3,4259,真庭明志,61,34,6.97,3,0.12
2026-07-17,4,06,5,5271,杉山太陽,54,35,7.0,5,0.11
2026-07-17,5,01,1,4179,広次修,66,33,6.98,1,0.18
2026-07-17,5,02,4,4674,池田剛規,62,16,6.98,4,0.20
2026-07-17,5,03,2,4254,川島圭司,55,15,6.99,2,0.16
2026-07-17,5,04,3,4575,戸塚邦好,74,37,6.94,3,0.18
2026-07-17,5,05,5,5381,有山望,36,63,7.0,5,0.16
2026-07-17,5,06,6,5426,甲斐貴大,13,61,7.02,6,0.23
2026-07-17,6,01,1,4180,上野秀和,78,78,7.01,1,0.12
2026-07-17,6,02,2,5048,眞鳥康太,23,54,7.0,2,0.10
2026-07-17,6,03,3,4962,畑竜生,25,55,6.98,3,0.10
2026-07-17,6,04,6,4545,岡村慶太,18,51,7.03,6,0.14
2026-07-17,6,05,4,3211,北川敏弘,56,52,7.03,4,0.11
2026-07-17,6,06,5,4196,田中太一郎,11,41,7.04,5,0.09
2026-07-17,7,01,1,3740,大澤普司,32,56,6.98,1,0.13
2026-07-17,7,02,2,3967,鈴木茂高,29,79,7.05,2,0.16
2026-07-17,7,03,3,3441,土屋太朗,67,83,6.99,3,0.21
2026-07-17,7,04,6,4797,中山将,43,49,7.01,6,0.15
2026-07-17,7,05,5,5033,藤原孝斗,12,66,6.99,5,0.15
2026-07-17,7,06,4,3467,森弘行,52,45,7.04,4,0.21
2026-07-17,8,01,3,5271,杉山太陽,54,35,7.03,3,0.09
2026-07-17,8,02,1,4067,永井源,81,70,6.95,1,0.12
2026-07-17,8,03,4,4560,庄司樹良々,64,69,6.95,4,0.09
2026-07-17,8,04,5,5325,澁川夏,71,75,7.03,5,0.07
2026-07-17,8,05,2,3956,横澤剛治,22,84,7.01,2,0.12
2026-07-17,8,06,6,4866,橋本英一,58,80,6.97,6,0.08
2026-07-17,9,01,5,4254,川島圭司,55,15,6.99,5,0.13
2026-07-17,9,02,3,4161,黒柳浩孝,24,71,6.92,3,0.10
2026-07-17,9,03,1,4872,山下流心,77,38,6.99,1,0.09
2026-07-17,9,04,6,4466,南佑典,46,58,6.92,6,0.14
2026-07-17,9,05,2,4215,吉島祥之,70,44,7.0,2,0.14
2026-07-17,9,06,4,5063,大塚雅治,41,13,6.99,4,0.12
2026-07-17,10,01,3,4626,伊藤紘章,45,85,6.95,3,0.09
2026-07-17,10,02,1,4786,佐藤博亮,21,31,6.98,1,0.06
2026-07-17,10,03,2,4180,上野秀和,78,78,7.0,2,0.10
2026-07-17,10,04,4,4575,戸塚邦好,74,37,6.94,4,0.07
2026-07-17,10,05,5,4962,畑竜生,25,55,6.98,5,0.13
2026-07-17,10,06,6,4179,広次修,66,33,6.93,6,0.17
2026-07-17,11,01,3,5311,小林京平,26,67,6.9,3,0.14
2026-07-17,11,02,1,4495,森晋太郎,63,77,6.93,1,0.17
2026-07-17,11,03,5,4644,山田亮太,28,60,7.03,5,0.06
2026-07-17,11,04,4,3918,深井利寿,79,12,7.02,4,0.11
2026-07-17,11,05,2,3623,深川真二,27,47,6.99,2,0.16
2026-07-17,11,06,6,5343,小林礼央,50,68,7.03,6,0.07
2026-07-17,12,01,3,4067,永井源,81,70,6.92,3,0.13
2026-07-17,12,02,1,4259,真庭明志,61,34,6.94,1,0.14
2026-07-17,12,03,2,4545,岡村慶太,18,51,6.98,2,0.15
2026-07-17,12,04,4,3939,渡辺真至,33,18,7.0,4,0.15
2026-07-17,12,05,5,4004,山本浩輔,51,39,6.97,5,0.15
2026-07-17,12,06,6,3740,大澤普司,32,56,7.03,6,0.19
2026-07-22,1,01,1,3773,津留浩一郎,51,29,6.93,1,0.11
2026-07-22,1,02,3,4623,中北将史,27,25,7.0,3,0.11
2026-07-22,1,03,2,5176,石倉拓美,78,35,7.04,2,0.20
2026-07-22,1,04,4,5374,木山大聖,79,84,7.02,4,0.12
2026-07-22,1,05,6,4245,高橋直哉,40,79,7.0,6,0.21
2026-07-22,1,06,5,4803,飯田庄吾,68,72,7.01,5,0.21
2026-07-22,2,01,3,4583,古田祐貴,28,38,7.06,3,0.14
2026-07-22,2,02,5,5102,原田雄次,17,24,7.03,5,0.25
2026-07-22,2,03,4,4025,山本隆幸,81,26,7.04,4,0.19
2026-07-22,2,04,2,4753,森照夫,31,58,6.98,2,0.15
2026-07-22,2,05,6,4053,芦澤望,69,73,7.0,6,0.22
2026-07-22,2,06,1,3567,吉岡誠,71,86,7.06,1,0.23
2026-07-22,3,01,1,4232,笠雅雄,49,64,6.93,1,0.14
2026-07-22,3,02,2,5345,牧村俊輝,47,22,6.95,2,0.13
2026-07-22,3,03,6,3974,深山祐二,21,28,7.01,6,0.12
2026-07-22,3,04,5,4475,末永祐輝,38,74,6.86,5,0.02
2026-07-22,3,05,3,5331,佐藤永梧,18,45,6.95,3,0.03
2026-07-22,3,F,4,4256,渡辺浩司,50,39,7.01,4,F0.01
2026-07-22,4,01,4,4518,大須賀友,29,17,6.88,4,0.17
2026-07-22,4,02,2,4171,榎幸司,77,43,6.92,2,0.23
2026-07-22,4,03,6,4329,小松卓司,35,81,6.94,6,0.21
2026-07-22,4,04,5,4898,菊地敬介,53,44,6.94,5,0.15
2026-07-22,4,05,1,3313,本吉正樹,11,52,6.98,1,0.27
2026-07-22,4,06,3,4821,妻鳥晋也,39,11,6.93,3,0.24
2026-07-22,5,01,4,3888,山本英志,66,21,7.01,5,0.09
2026-07-22,5,02,1,4357,田中和也,65,30,6.96,1,0.10
2026-07-22,5,03,3,4981,牧山敦也,37,54,7.02,3,0.12
2026-07-22,5,04,5,5130,上野拓馬,36,82,7.02,6,0.14
2026-07-22,5,05,6,4301,関裕也,73,41,7.04,4,0.40
2026-07-22,5,06,2,5313,鈴木唯央,80,13,6.98,2,0.18
2026-07-22,6,01,6,3256,三角哲男,44,23,6.94,6,0.11
2026-07-22,6,02,2,4623,中北将史,27,25,6.99,2,0.07
2026-07-22,6,03,3,5333,山下智己,60,62,6.85,3,0.11
2026-07-22,6,04,4,4403,木下大將,19,50,6.94,4,0.14
2026-07-22,6,05,5,5384,八戸琉楓,75,83,7.02,5,0.17
2026-07-22,6,06,1,3945,橋口真樹,34,57,6.95,1,0.16
2026-07-22,7,01,1,4305,金子拓矢,48,19,7.0,1,0.02
2026-07-22,7,02,2,4684,楠原翔太,14,65,7.02,2,0.05
2026-07-22,7,03,3,5111,三村岳人,64,14,6.99,3,0.02
2026-07-22,7,04,4,4245,高橋直哉,40,79,7.03,4,0.02
2026-07-22,7,F,5,4753,森照夫,31,58,7.02,5,F0.06
2026-07-22,7,F,6,5350,網代良芽,57,75,6.91,6,F0.09
2026-07-22,8,01,1,4675,井手良太,22,15,6.96,1,0.10
2026-07-22,8,02,2,4808,松尾拓,59,53,6.94,2,0.13
2026-07-22,8,03,4,3567,吉岡誠,71,86,7.03,4,0.18
2026-07-22,8,04,5,5345,牧村俊輝,47,22,6.97,5,0.15
2026-07-22,8,05,3,4803,飯田庄吾,68,72,7.0,3,0.13
2026-07-22,8,06,6,5261,岡暢祐,72,78,6.9,6,0.23
2026-07-22,9,01,6,4437,中田元泰,74,32,6.92,6,0.19
2026-07-22,9,02,1,4171,榎幸司,77,43,6.96,1,0.20
2026-07-22,9,03,2,5102,原田雄次,17,24,6.94,2,0.23
2026-07-22,9,04,4,3974,深山祐二,21,28,6.97,4,0.31
2026-07-22,9,05,5,5331,佐藤永梧,18,45,6.98,5,0.26
2026-07-22,9,06,3,5176,石倉拓美,78,35,7.0,3,0.18
2026-07-22,10,01,5,4977,馬野耀,26,20,6.95,5,0.16
2026-07-22,10,02,3,4898,菊地敬介,53,44,7.01,3,0.12
2026-07-22,10,03,4,4232,笠雅雄,49,64,6.95,4,0.16
2026-07-22,10,04,2,4583,古田祐貴,28,38,7.0,2,0.11
2026-07-22,10,05,1,3888,山本英志,66,21,6.98,1,0.12
2026-07-22,10,06,6,4679,植田太一,16,36,6.91,6,0.18
2026-07-22,11,01,1,4475,末永祐輝,38,74,6.89,1,0.06
2026-07-22,11,02,2,5350,網代良芽,57,75,6.93,2,0.12
2026-07-22,11,03,5,4821,妻鳥晋也,39,11,6.97,5,0.26
2026-07-22,11,04,6,4403,木下大將,19,50,6.95,6,0.19
2026-07-22,11,05,3,5130,上野拓馬,36,82,6.98,3,0.12
2026-07-22,11,06,4,4053,芦澤望,69,73,6.96,4,0.13
2026-07-22,12,01,4,4357,田中和也,65,30,6.96,4,0.19
2026-07-22,12,02,5,4305,金子拓矢,48,19,7.0,5,0.22
2026-07-22,12,03,1,4256,渡辺浩司,50,39,6.97,1,0.19
2026-07-22,12,04,3,4025,山本隆幸,81,26,6.96,3,0.26
2026-07-22,12,05,6,4518,大須賀友,29,17,6.83,6,0.26
2026-07-22,12,06,2,3256,三角哲男,44,23,6.94,2,0.39
2026-07-23,1,01,1,4301,関裕也,73,41,7.02,1,0.29
2026-07-23,1,02,2,4053,芦澤望,69,73,6.99,2,0.27
2026-07-23,1,03,5,4981,牧山敦也,37,54,7.02,5,0.24
2026-07-23,1,04,6,3313,本吉正樹,11,52,7.06,6,0.24
2026-07-23,1,05,3,4475,末永祐輝,38,74,6.89,3,0.21
2026-07-23,1,06,4,5384,八戸琉楓,75,83,7.05,4,0.27
2026-07-23,2,01,5,4025,山本隆幸,81,26,6.96,5,0.22
2026-07-23,2,02,2,4977,馬野耀,26,20,6.93,2,0.20
2026-07-23,2,03,4,3945,橋口真樹,34,57,6.93,4,0.18
2026-07-23,2,04,6,3888,山本英志,66,21,6.98,6,0.20
2026-07-23,2,05,3,5313,鈴木唯央,80,13,6.94,3,0.28
2026-07-23,2,06,1,5261,岡暢祐,72,78,6.95,1,0.16
2026-07-23,3,01,3,5102,原田雄次,17,24,6.96,3,0.22
2026-07-23,3,02,2,4518,大須賀友,29,17,6.81,2,0.21
2026-07-23,3,03,5,5111,三村岳人,64,14,6.99,5,0.29
2026-07-23,3,04,4,4437,中田元泰,74,32,6.89,4,0.22
2026-07-23,3,05,1,4245,高橋直哉,40,79,7.0,1,0.22
2026-07-23,3,06,6,3773,津留浩一郎,51,29,6.94,6,0.28
2026-07-23,4,01,4,3256,三角哲男,44,23,6.93,4,0.11
2026-07-23,4,02,3,4808,松尾拓,59,53,6.92,3,0.15
2026-07-23,4,03,2,4821,妻鳥晋也,39,11,6.93,2,0.19
2026-07-23,4,04,6,4232,笠雅雄,49,64,6.94,6,0.11
2026-07-23,4,05,5,5374,木山大聖,79,84,6.98,5,0.08
2026-07-23,4,06,1,4329,小松卓司,35,81,6.97,1,0.13
2026-07-23,5,01,1,4679,植田太一,16,36,6.87,1,0.20
2026-07-23,5,02,4,4171,榎幸司,77,43,6.96,4,0.14
2026-07-23,5,03,2,5331,佐藤永梧,18,45,6.94,2,0.15
2026-07-23,5,04,5,4684,楠原翔太,14,65,6.97,5,0.02
2026-07-23,5,S0,3,5345,牧村俊輝,47,22,6.9,3,0.15
2026-07-23,5,S1,6,4357,田中和也,65,30,6.91,6,0.02
2026-07-23,6,01,3,4305,金子拓矢,48,19,6.96,3,0.07
2026-07-23,6,02,5,4583,古田祐貴,28,38,6.94,5,0.08
2026-07-23,6,03,6,5350,網代良芽,57,75,6.87,6,0.11
2026-07-23,6,04,1,3974,深山祐二,21,28,6.92,1,0.16
2026-07-23,6,05,2,4898,菊地敬介,53,44,6.93,2,0.13
2026-07-23,6,06,4,4301,関裕也,73,41,6.97,4,0.06
2026-07-23,7,01,4,4675,井手良太,22,15,6.97,4,0.06
2026-07-23,7,02,1,4403,木下大將,19,50,6.97,1,0.12
2026-07-23,7,03,2,4981,牧山敦也,37,54,6.97,2,0.17
2026-07-23,7,04,5,5333,山下智己,60,62,6.87,5,0.12
2026-07-23,7,05,6,4256,渡辺浩司,50,39,6.99,6,0.14
2026-07-23,7,06,3,5261,岡暢祐,72,78,6.93,3,0.18
2026-07-23,8,01,1,4025,山本隆幸,81,26,6.94,1,0.16
2026-07-23,8,02,2,4803,飯田庄吾,68,72,7.03,2,0.23
2026-07-23,8,03,6,4753,森照夫,31,58,6.99,6,0.16
2026-07-23,8,04,4,3313,本吉正樹,11,52,7.04,4,0.25
2026-07-23,8,05,5,5176,石倉拓美,78,35,7.02,5,0.19
2026-07-23,8,06,3,5384,八戸琉楓,75,83,7.02,3,0.24
2026-07-23,9,01,1,4053,芦澤望,69,73,6.96,1,0.04
2026-07-23,9,02,2,5130,上野拓馬,36,82,6.98,2,0.14
2026-07-23,9,03,4,4679,植田太一,16,36,6.92,4,0.15
2026-07-23,9,04,3,3773,津留浩一郎,51,29,6.95,3,0.15
2026-07-23,9,05,5,3945,橋口真樹,34,57,6.92,5,0.19
2026-07-23,9,06,6,5374,木山大聖,79,84,6.96,6,0.14
2026-07-23,10,01,1,4437,中田元泰,74,32,6.92,1,0.17
2026-07-23,10,02,3,3888,山本英志,66,21,6.94,3,0.18
2026-07-23,10,03,4,4329,小松卓司,35,81,6.93,4,0.16
2026-07-23,10,04,2,4357,田中和也,65,61,6.89,2,0.24
2026-07-23,10,05,5,4623,中北将史,27,25,6.91,5,0.20
2026-07-23,10,06,6,3567,吉岡誠,71,86,6.95,6,0.22
2026-07-23,11,01,2,5111,三村岳人,64,14,6.96,2,0.06
2026-07-23,11,02,1,3256,三角哲男,44,23,6.91,1,0.08
2026-07-23,11,03,4,4475,末永祐輝,38,74,6.81,4,0.06
2026-07-23,11,04,6,4675,井手良太,22,15,6.92,6,0.06
2026-07-23,11,05,5,5313,鈴木唯央,80,13,6.9,5,0.09
2026-07-23,11,06,3,4684,楠原翔太,14,65,6.98,3,0.04
2026-07-23,12,01,1,4518,大須賀友,29,17,6.85,1,0.17
2026-07-23,12,02,3,4977,馬野耀,26,20,6.95,3,0.20
2026-07-23,12,03,4,4305,金子拓矢,48,19,6.96,4,0.18
2026-07-23,12,04,5,4808,松尾拓,59,53,6.93,5,0.15
2026-07-23,12,05,6,4171,榎幸司,77,43,6.95,6,0.21
2026-07-23,12,06,2,5333,山下智己,60,62,6.91,2,0.33
2026-07-24,1,01,1,4623,中北将史,27,25,6.9,1,0.09
2026-07-24,1,02,4,4898,菊地敬介,53,44,6.97,4,0.03
2026-07-24,1,03,6,5102,原田雄次,17,24,6.94,6,0.15
2026-07-24,1,04,3,4329,小松卓司,35,81,6.96,3,0.10
2026-07-24,1,05,2,5333,山下智己,60,62,6.89,2,0.22
2026-07-24,1,06,5,5261,岡暢祐,72,78,6.94,5,0.10
2026-07-24,2,01,1,4808,松尾拓,59,53,6.96,1,0.29
2026-07-24,2,02,3,4171,榎幸司,77,43,7.0,3,0.26
2026-07-24,2,03,6,4583,古田祐貴,28,38,6.98,6,0.22
2026-07-24,2,04,4,4232,笠雅雄,49,64,6.96,4,0.21
2026-07-24,2,05,5,4675,井手良太,22,15,6.92,5,0.18
2026-07-24,2,06,2,5345,牧村俊輝,47,22,6.95,2,0.25
2026-07-24,3,01,1,4981,牧山敦也,37,54,6.96,1,0.06
2026-07-24,3,02,5,3256,三角哲男,44,23,6.95,5,0.12
2026-07-24,3,03,3,3974,深山祐二,21,28,7.02,3,0.05
2026-07-24,3,04,2,4403,木下大將,19,50,6.95,2,0.04
2026-07-24,3,05,4,3773,津留浩一郎,51,29,6.93,4,0.13
2026-07-24,3,06,6,4684,楠原翔太,14,65,6.97,6,0.07
2026-07-24,4,01,1,4977,馬野耀,26,20,6.96,1,0.03
2026-07-24,4,02,2,4475,末永祐輝,38,74,6.83,2,0.12
2026-07-24,4,03,5,4437,中田元泰,74,32,6.94,5,0.18
2026-07-24,4,04,3,3945,橋口真樹,34,57,6.97,3,0.10
2026-07-24,4,05,6,5350,網代良芽,57,75,6.85,6,0.17
2026-07-24,4,06,4,3567,吉岡誠,71,86,7.03,4,0.16
2026-07-24,5,01,3,5331,佐藤永梧,18,45,6.95,3,0.06
2026-07-24,5,02,1,5111,三村岳人,64,14,6.92,1,0.19
2026-07-24,5,03,2,3888,山本英志,66,21,6.95,2,0.09
2026-07-24,5,04,4,4803,飯田庄吾,68,72,6.95,4,0.14
2026-07-24,5,05,6,5384,八戸琉楓,75,83,6.99,6,0.16
2026-07-24,5,06,5,4518,大須賀友,29,17,6.85,5,0.15
2026-07-24,6,01,1,4025,山本隆幸,81,26,6.88,1,0.17
2026-07-24,6,02,3,5130,上野拓馬,36,82,6.95,3,0.13
2026-07-24,6,03,2,4245,高橋直哉,40,79,6.95,2,0.14
2026-07-24,6,04,6,4305,金子拓矢,48,19,6.97,6,0.14
2026-07-24,6,05,4,5374,木山大聖,79,84,6.99,4,0.12
2026-07-24,6,06,5,4329,小松卓司,35,81,6.98,5,0.16
2026-07-24,7,01,5,4679,植田太一,16,36,6.88,5,0.16
2026-07-24,7,02,1,4053,芦澤望,69,73,6.96,1,0.14
2026-07-24,7,03,2,5313,鈴木唯央,80,13,6.92,2,0.21
2026-07-24,7,04,3,4898,菊地敬介,53,44,6.96,3,0.13
2026-07-24,7,05,6,4753,森照夫,31,58,6.93,6,0.24
2026-07-24,7,06,4,5345,牧村俊輝,47,22,6.94,4,0.20
2026-07-24,8,01,3,4357,田中和也,65,61,6.97,3,0.12
2026-07-24,8,02,1,4684,楠原翔太,14,65,6.99,1,0.06
2026-07-24,8,03,6,4821,妻鳥晋也,39,11,6.99,6,0.16
2026-07-24,8,04,2,4301,関裕也,73,41,7.02,2,0.12
2026-07-24,8,05,4,3313,本吉正樹,11,52,7.01,4,0.16
2026-07-24,8,06,5,5176,石倉拓美,78,35,6.99,5,0.15
2026-07-24,9,01,1,3256,三角哲男,44,23,6.94,1,0.15
2026-07-24,9,02,2,4977,馬野耀,26,20,6.97,2,0.16
2026-07-24,9,03,3,5111,三村岳人,64,14,6.99,3,0.14
2026-07-24,9,04,4,4583,古田祐貴,28,38,7.05,4,0.16
2026-07-24,9,05,6,4403,木下大將,19,50,6.99,6,0.14
2026-07-24,9,06,5,4623,中北将史,27,25,6.95,5,0.14
2026-07-24,10,01,1,4518,大須賀友,29,17,6.87,1,0.12
2026-07-24,10,02,4,4808,松尾拓,59,53,6.89,4,0.08
2026-07-24,10,03,5,4475,末永祐輝,38,74,6.87,5,0.14
2026-07-24,10,04,6,4981,牧山敦也,37,54,6.94,6,0.13
2026-07-24,10,05,2,4025,山本隆幸,81,26,6.91,2,0.06
2026-07-24,10,06,3,5102,原田雄次,17,24,6.96,3,0.05
2026-07-24,11,01,3,4437,中田元泰,74,32,6.9,3,0.18
2026-07-24,11,02,1,4305,金子拓矢,48,19,7.0,1,0.24
2026-07-24,11,03,2,4675,井手良太,22,15,6.95,2,0.23
2026-07-24,11,04,4,4171,榎幸司,77,43,7.0,4,0.27
2026-07-24,11,05,5,3888,山本英志,66,21,6.97,5,0.29
2026-07-24,11,06,6,4053,芦澤望,69,73,6.96,6,0.33
2026-07-24,12,01,1,4357,田中和也,65,61,6.96,1,0.14
2026-07-24,12,02,2,4679,植田太一,16,36,6.89,2,0.21
2026-07-24,12,03,4,4821,妻鳥晋也,39,11,6.96,4,0.22
2026-07-24,12,04,3,4245,高橋直哉,40,79,6.98,3,0.18
2026-07-24,12,05,6,4803,飯田庄吾,68,72,7.0,6,0.23
2026-07-24,12,06,5,3974,深山祐二,21,28,7.0,5,0.18
2026-07-25,1,01,3,4232,笠雅雄,49,64,6.9,3,0.14
2026-07-25,1,02,6,3945,橋口真樹,34,57,6.94,6,0.15
2026-07-25,1,03,4,5261,岡暢祐,72,78,6.96,4,0.20
2026-07-25,1,04,1,4898,菊地敬介,53,44,6.92,1,0.26
2026-07-25,1,05,5,4301,関裕也,73,41,6.99,5,0.19
2026-07-25,1,06,2,5176,石倉拓美,78,35,6.97,2,0.26
2026-07-25,2,01,4,4981,牧山敦也,37,54,6.95,4,0.13
2026-07-25,2,02,1,4583,古田祐貴,28,38,6.95,1,0.16
2026-07-25,2,03,5,5313,鈴木唯央,80,13,6.91,5,0.14
2026-07-25,2,04,3,3313,本吉正樹,11,52,6.97,3,0.16
2026-07-25,2,05,6,5345,牧村俊輝,47,22,6.92,6,0.17
2026-07-25,2,06,2,3773,津留浩一郎,51,29,6.92,2,0.17
2026-07-25,3,01,1,5102,原田雄次,17,24,6.94,1,0.10
2026-07-25,3,02,4,5374,木山大聖,79,84,6.98,4,0.03
2026-07-25,3,03,3,5331,佐藤永梧,18,45,6.92,3,0.01
2026-07-25,3,04,5,4245,高橋直哉,40,79,6.98,5,0.09
2026-07-25,3,05,6,5384,八戸琉楓,75,83,6.95,6,0.13
2026-07-25,3,06,2,3567,吉岡誠,71,86,6.97,2,0.08
2026-07-25,4,01,1,4803,飯田庄吾,68,72,6.99,1,0.07
2026-07-25,4,02,3,4679,植田太一,16,36,6.92,3,0.07
2026-07-25,4,03,2,4053,芦澤望,69,73,6.99,2,0.10
2026-07-25,4,04,5,5333,山下智己,60,62,6.88,5,0.17
2026-07-25,4,05,6,5111,三村岳人,64,14,6.97,6,0.10
2026-07-25,4,06,4,4684,楠原翔太,14,65,6.97,4,0.12
2026-07-25,5,01,1,4403,木下大將,19,50,6.93,1,0.15
2026-07-25,5,02,5,4025,山本隆幸,81,26,6.96,5,0.09
2026-07-25,5,03,6,4753,森照夫,31,58,6.97,6,0.16
2026-07-25,5,04,2,4623,中北将史,27,25,6.89,2,0.22
2026-07-25,5,05,4,5130,上野拓馬,36,82,6.96,4,0.16
2026-07-25,5,06,3,4301,関裕也,73,41,7.0,3,0.18
2026-07-25,6,01,6,4898,菊地敬介,53,44,6.97,6,0.02
2026-07-25,6,02,1,4475,末永祐輝,38,74,6.9,1,0.19
2026-07-25,6,03,4,5313,鈴木唯央,80,13,6.96,4,0.28
2026-07-25,6,04,3,5261,岡暢祐,72,78,7.01,3,0.17
2026-07-25,6,05,5,4675,井手良太,22,15,6.97,5,0.09
2026-07-25,6,06,2,3974,深山祐二,21,28,7.03,2,0.30
2026-07-25,7,01,1,3888,山本英志,66,21,6.97,1,0.09
2026-07-25,7,02,6,5350,網代良芽,57,75,6.86,6,0.06
2026-07-25,7,03,4,3313,本吉正樹,11,52,7.03,4,0.15
2026-07-25,7,04,3,5176,石倉拓美,78,35,7.01,3,0.18
2026-07-25,7,05,2,4329,小松卓司,35,81,7.0,2,0.20
2026-07-25,7,06,5,5384,八戸琉楓,75,83,7.0,5,0.09
2026-07-25,8,01,1,4171,榎幸司,77,43,6.95,1,0.14
2026-07-25,8,02,4,4232,笠雅雄,49,64,6.93,4,0.10
2026-07-25,8,03,2,3945,橋口真樹,34,57,6.94,2,0.18
2026-07-25,8,04,5,3567,吉岡誠,71,86,6.99,5,0.12
2026-07-25,8,05,6,5374,木山大聖,79,84,6.99,6,0.09
2026-07-25,8,06,3,5333,山下智己,60,62,6.92,3,0.16
2026-07-25,9,01,1,4821,妻鳥晋也,39,11,6.93,1,0.13
2026-07-25,9,02,2,4679,植田太一,16,36,6.89,2,0.12
2026-07-25,9,03,3,5130,上野拓馬,36,82,6.91,3,0.13
2026-07-25,9,04,6,4357,田中和也,65,61,6.91,6,0.08
2026-07-25,9,05,5,3773,津留浩一郎,51,29,6.97,5,0.13
2026-07-25,9,06,4,5331,佐藤永梧,18,45,6.97,4,0.15
2026-07-25,10,01,1,5111,三村岳人,64,14,6.98,1,0.13
2026-07-25,10,02,3,4981,牧山敦也,37,54,6.97,3,0.16
2026-07-25,10,03,5,5102,原田雄次,17,24,6.96,5,0.23
2026-07-25,10,04,4,4025,山本隆幸,81,26,6.94,4,0.18
2026-07-25,10,05,2,4475,末永祐輝,38,74,6.91,2,0.13
2026-07-25,10,06,6,4623,中北将史,27,25,6.91,6,0.22
2026-07-25,11,01,1,4518,大須賀友,29,17,6.87,1,0.11
2026-07-25,11,02,3,4437,中田元泰,74,32,6.9,3,0.13
2026-07-25,11,03,6,4808,松尾拓,59,53,6.93,6,0.09
2026-07-25,11,04,5,4977,馬野耀,26,20,6.96,5,0.07
2026-07-25,11,05,2,3256,三角哲男,44,23,6.93,2,0.19
2026-07-25,11,06,4,4305,金子拓矢,48,19,6.97,4,0.07
2026-07-25,12,01,5,4403,木下大將,19,50,6.87,5,0.03
2026-07-25,12,02,4,3888,山本英志,66,21,6.97,4,0.01
2026-07-25,12,03,6,4053,芦澤望,69,73,6.96,6,0.08
2026-07-25,12,04,3,4171,榎幸司,77,43,6.93,3,0.15
2026-07-25,12,05,1,4675,井手良太,22,15,6.87,1,0.10
2026-07-25,12,S1,2,4583,古田祐貴,28,38,6.93,2,0.07
2026-07-28,1,01,5,5257,西丸侑太朗,54,76,6.92,5,0.14
2026-07-28,1,02,6,3933,山地正樹,72,12,6.9,1,0.08
2026-07-28,1,03,4,3853,岩崎正哉,17,63,6.87,6,0.17
2026-07-28,1,04,2,5205,刑部亜里紗,40,37,6.93,3,0.22
2026-07-28,1,05,1,3809,吉田光,67,40,6.91,2,0.10
2026-07-28,1,06,3,4846,佐藤駿介,46,41,6.94,4,0.21
2026-07-28,2,01,3,4635,峰重力也,43,46,6.93,3,0.04
2026-07-28,2,02,4,4174,赤坂俊輔,41,84,6.89,4,0.15
2026-07-28,2,03,1,3411,池上隆行,80,62,6.89,1,0.10
2026-07-28,2,04,6,3831,安藤裕貴,61,54,6.96,6,0.19
2026-07-28,2,05,5,4761,山田晃大,62,33,6.87,5,0.16
2026-07-28,2,06,2,5354,渡邊雄斗,30,75,6.89,2,0.14
2026-07-28,3,01,6,4812,西野雄貴,19,67,6.92,2,0.22
2026-07-28,3,02,5,5303,土井歩夢,55,66,6.91,3,0.17
2026-07-28,3,03,2,4447,深川麻奈美,47,60,6.88,4,0.18
2026-07-28,3,04,4,4967,中村魁生,45,48,6.91,6,0.15
2026-07-28,3,05,1,3787,天野誠,20,55,6.95,1,0.36
2026-07-28,3,06,3,4173,岡谷健吾,53,16,6.93,5,0.16
2026-07-28,4,01,1,4596,葛原大陽,24,68,6.9,1,0.17
2026-07-28,4,02,4,4142,平野和明,33,70,6.92,4,0.21
2026-07-28,4,03,6,5018,竹下大樹,37,64,6.85,6,0.21
2026-07-28,4,04,2,4093,吉田宗弘,68,85,6.95,2,0.22
2026-07-28,4,05,3,5307,富永夏哉人,56,18,6.88,3,0.22
2026-07-28,4,06,5,5247,大森翼,50,22,6.91,5,0.17
2026-07-28,5,01,1,4137,君島秀三,57,23,6.96,1,0.14
2026-07-28,5,02,2,3618,海野ゆかり,12,83,6.97,2,0.21
2026-07-28,5,03,3,5148,松本怜,79,51,6.96,3,0.15
2026-07-28,5,04,5,4846,佐藤駿介,46,41,6.95,5,0.14
2026-07-28,5,05,4,4748,渡邉雄朗,52,77,6.92,4,0.14
2026-07-28,5,06,6,4315,山崎昂介,13,17,6.87,6,0.14
2026-07-28,6,01,3,5028,原田才一郎,75,32,6.89,3,0.10
2026-07-28,6,02,1,4049,荒川健太,34,47,6.98,1,0.14
2026-07-28,6,03,6,3304,烏野賢太,63,27,6.92,5,0.06
2026-07-28,6,04,2,3981,今坂晃広,31,24,6.99,2,0.20
2026-07-28,6,05,5,4138,中井俊祐,32,71,6.93,4,0.13
2026-07-28,6,F,4,5406,小畑楓夏,58,80,6.92,6,F0.01
2026-07-28,7,01,1,4278,藤岡俊介,25,31,6.9,1,0.09
2026-07-28,7,02,2,5023,久永祥平,38,69,6.86,2,0.04
2026-07-28,7,03,4,3809,吉田光,67,40,6.94,4,0.13
2026-07-28,7,04,3,4521,小池公生,76,49,6.94,3,0.10
2026-07-28,7,05,5,5354,渡邊雄斗,30,75,6.95,5,0.13
2026-07-28,7,06,6,5413,宮城那菜,28,59,6.9,6,0.14
2026-07-28,8,01,3,4761,山田晃大,62,33,6.88,4,0.13
2026-07-28,8,02,5,5136,濱野斗馬,73,56,6.91,5,0.14
2026-07-28,8,03,4,3933,山地正樹,72,12,6.94,2,0.15
2026-07-28,8,04,1,3327,野長瀬正孝,23,19,6.93,1,0.28
2026-07-28,8,05,2,4173,岡谷健吾,53,16,6.92,3,0.17
2026-07-28,8,06,6,4603,谷川将太,70,57,6.92,6,0.28
2026-07-28,9,01,1,4967,中村魁生,45,48,6.91,1,0.18
2026-07-28,9,02,3,4906,鈴木雅希,59,82,6.91,3,0.14
2026-07-28,9,03,6,3853,岩崎正哉,17,63,6.98,6,0.29
2026-07-28,9,04,4,3411,池上隆行,80,62,6.95,4,0.19
2026-07-28,9,05,2,5247,大森翼,50,22,6.94,2,0.18
2026-07-28,9,06,5,4093,吉田宗弘,68,85,6.97,5,0.17
2026-07-28,10,01,3,4447,深川麻奈美,47,60,6.88,3,0.28
2026-07-28,10,02,2,4525,真子奈津実,60,25,6.88,2,0.27
2026-07-28,10,03,5,5205,刑部亜里紗,40,37,6.93,5,0.34
2026-07-28,10,04,1,3618,海野ゆかり,12,83,6.89,1,0.33
2026-07-28,10,05,6,5406,小畑楓夏,58,80,6.94,6,0.51
2026-07-28,10,06,4,5367,赤松咲香,15,34,6.98,4,0.32
2026-07-28,11,01,1,4748,渡邉雄朗,52,77,6.91,1,0.20
2026-07-28,11,02,2,3304,烏野賢太,63,27,6.9,2,0.13
2026-07-28,11,03,3,5303,土井歩夢,55,66,6.89,3,0.19
2026-07-28,11,04,4,5257,西丸侑太朗,54,76,6.9,4,0.32
2026-07-28,11,05,5,4635,峰重力也,43,46,6.95,5,0.24
2026-07-28,11,06,6,4142,平野和明,33,70,6.92,6,0.26
2026-07-28,12,01,4,5018,竹下大樹,37,64,6.87,4,0.15
2026-07-28,12,02,1,4174,赤坂俊輔,41,84,6.92,1,0.13
2026-07-28,12,03,5,4137,君島秀三,57,23,6.98,5,0.10
2026-07-28,12,04,6,5028,原田才一郎,75,32,6.86,6,0.09
2026-07-28,12,05,2,4812,西野雄貴,19,67,6.96,2,0.16
2026-07-28,12,06,3,4278,藤岡俊介,25,31,6.99,3,0.08
2026-07-29,1,01,1,4603,谷川将太,70,57,6.98,1,0.18
2026-07-29,1,02,3,5023,久永祥平,38,69,6.96,3,0.23
2026-07-29,1,03,4,5136,濱野斗馬,73,56,6.97,4,0.19
2026-07-29,1,04,2,5307,富永夏哉人,56,18,6.92,2,0.21
2026-07-29,1,05,5,4521,小池公生,76,49,7.01,5,0.24
2026-07-29,1,06,6,5367,赤松咲香,15,34,7.02,6,0.14
2026-07-29,2,01,2,4174,赤坂俊輔,41,84,6.87,2,0.10
2026-07-29,2,02,3,4525,真子奈津実,60,25,6.89,3,0.11
2026-07-29,2,03,6,4967,中村魁生,45,48,6.89,6,0.19
2026-07-29,2,04,4,4093,吉田宗弘,68,85,6.96,4,0.20
2026-07-29,2,05,1,3831,安藤裕貴,61,54,6.93,1,0.13
2026-07-29,2,06,5,5148,松本怜,79,51,6.97,5,0.20
2026-07-29,3,01,2,4906,鈴木雅希,59,82,6.89,2,0.14
2026-07-29,3,02,1,3933,山地正樹,72,12,6.89,1,0.14
2026-07-29,3,03,4,3304,烏野賢太,63,27,6.89,4,0.14
2026-07-29,3,04,3,5354,渡邊雄斗,30,75,6.88,3,0.11
2026-07-29,3,05,6,4278,藤岡俊介,25,31,6.93,6,0.17
2026-07-29,3,06,5,4173,岡谷健吾,53,16,6.92,5,0.16
2026-07-29,4,01,1,4315,山崎昂介,13,17,6.86,1,0.16
2026-07-29,4,02,6,4596,葛原大陽,24,68,6.9,6,0.17
2026-07-29,4,03,2,4138,中井俊祐,32,71,6.93,2,0.14
2026-07-29,4,04,3,5247,大森翼,50,22,6.91,3,0.17
2026-07-29,4,05,4,3618,海野ゆかり,12,83,6.89,4,0.17
2026-07-29,4,06,5,3981,今坂晃広,31,24,6.94,5,0.18
2026-07-29,5,01,3,4137,君島秀三,57,23,6.95,4,0.07
2026-07-29,5,02,1,5257,西丸侑太朗,54,76,6.89,1,0.14
2026-07-29,5,03,6,3327,野長瀬正孝,23,19,6.97,3,0.05
2026-07-29,5,04,5,5413,宮城那菜,28,59,6.89,6,0.13
2026-07-29,5,05,4,4049,荒川健太,34,47,7.0,5,0.16
2026-07-29,5,06,2,4846,佐藤駿介,46,41,6.96,2,0.11
2026-07-29,6,01,3,4603,谷川将太,70,57,6.98,3,0.10
2026-07-29,6,02,4,4812,西野雄貴,19,67,6.92,4,0.11
2026-07-29,6,03,1,4142,平野和明,33,70,6.98,1,0.09
2026-07-29,6,04,2,5018,竹下大樹,37,64,6.86,2,0.12
2026-07-29,6,05,5,4525,真子奈津実,60,25,6.92,5,0.14
2026-07-29,6,06,6,3411,池上隆行,80,62,6.96,6,0.22
2026-07-29,7,01,1,5028,原田才一郎,75,32,6.92,1,0.03
2026-07-29,7,02,2,4635,峰重力也,43,46,7.0,2,0.09
2026-07-29,7,03,5,5307,富永夏哉人,56,18,6.94,5,0.11
2026-07-29,7,04,6,5406,小畑楓夏,58,80,6.95,6,0.13
2026-07-29,7,05,3,5205,刑部亜里紗,40,37,6.92,3,0.08
2026-07-29,7,06,4,3831,安藤裕貴,61,54,6.99,4,0.08
2026-07-29,8,01,1,3304,烏野賢太,63,27,6.93,1,0.17
2026-07-29,8,02,2,4521,小池公生,76,49,7.01,2,0.17
2026-07-29,8,03,4,4315,山崎昂介,13,17,6.88,4,0.16
2026-07-29,8,04,5,4748,渡邉雄朗,52,77,6.92,5,0.16
2026-07-29,8,05,3,4093,吉田宗弘,68,85,6.98,3,0.18
2026-07-29,8,06,6,3809,吉田光,67,40,6.94,6,0.18
2026-07-29,9,01,1,3853,岩崎正哉,17,63,6.91,1,0.15
2026-07-29,9,02,6,4174,赤坂俊輔,41,84,6.88,5,0.18
2026-07-29,9,03,2,4761,山田晃大,62,33,6.91,2,0.13
2026-07-29,9,04,4,4173,岡谷健吾,53,16,6.93,4,0.24
2026-07-29,9,05,3,3981,今坂晃広,31,24,6.96,3,0.27
2026-07-29,9,06,5,5367,赤松咲香,15,34,6.91,6,0.24
2026-07-29,10,01,1,5136,濱野斗馬,73,56,6.94,1,0.09
2026-07-29,10,02,2,5303,土井歩夢,55,66,6.96,2,0.12
2026-07-29,10,03,5,4447,深川麻奈美,47,60,6.88,5,0.07
2026-07-29,10,04,4,4137,君島秀三,57,23,6.97,4,0.11
2026-07-29,10,05,3,4138,中井俊祐,32,71,6.97,3,0.11
2026-07-29,10,06,6,5413,宮城那菜,28,59,6.93,6,0.09
2026-07-29,11,01,1,4812,西野雄貴,19,67,6.89,1,0.01
2026-07-29,11,02,3,4278,藤岡俊介,25,31,7.0,3,0.05
2026-07-29,11,03,5,5023,久永祥平,38,69,6.98,5,0.15
2026-07-29,11,04,2,5148,松本怜,79,51,7.02,2,0.11
2026-07-29,11,05,4,3327,野長瀬正孝,23,19,6.98,4,0.15
2026-07-29,11,06,6,3618,海野ゆかり,12,83,6.97,6,0.17
2026-07-29,12,01,1,5018,竹下大樹,37,64,6.83,1,0.07
2026-07-29,12,02,3,5028,原田才一郎,75,32,6.9,3,0.13
2026-07-29,12,03,2,4967,中村魁生,45,48,6.94,2,0.10
2026-07-29,12,04,4,4596,葛原大陽,24,68,6.91,5,0.11
2026-07-29,12,05,6,4049,荒川健太,34,47,7.01,4,0.12
2026-07-29,12,06,5,4906,鈴木雅希,59,82,6.89,6,0.11
2026-07-30,1,01,1,4447,深川麻奈美,47,60,6.82,1,0.07
2026-07-30,1,02,4,4138,中井俊祐,32,71,6.93,4,0.04
2026-07-30,1,03,5,4315,山崎昂介,13,17,6.86,5,0.11
2026-07-30,1,04,6,4173,岡谷健吾,53,16,6.91,6,0.11
2026-07-30,1,05,2,4603,谷川将太,70,57,6.91,2,0.10
2026-07-30,1,06,3,3411,池上隆行,80,62,6.9,3,0.07
2026-07-30,2,01,4,5136,濱野斗馬,73,56,6.93,4,0.11
2026-07-30,2,02,6,4812,西野雄貴,19,67,6.92,6,0.12
2026-07-30,2,03,3,4142,平野和明,33,70,6.9,3,0.18
2026-07-30,2,04,1,3981,今坂晃広,31,24,6.91,1,0.17
2026-07-30,2,05,2,3933,山地正樹,72,12,6.88,2,0.15
2026-07-30,2,06,5,3809,吉田光,67,40,6.95,5,0.16
2026-07-30,3,01,1,5303,土井歩夢,55,66,6.87,1,0.15
2026-07-30,3,02,2,5257,西丸侑太朗,54,76,6.89,2,0.17
2026-07-30,3,03,3,4137,君島秀三,57,23,6.93,3,0.16
2026-07-30,3,04,5,3831,安藤裕貴,61,54,6.97,5,0.13
2026-07-30,3,05,4,5148,松本怜,79,51,6.95,4,0.16
2026-07-30,3,06,6,4748,渡邉雄朗,52,77,6.88,6,0.15
2026-07-30,4,01,3,4049,荒川健太,34,47,6.94,3,0.11
2026-07-30,4,02,1,4906,鈴木雅希,59,82,6.9,1,0.12
2026-07-30,4,03,2,3853,岩崎正哉,17,63,6.92,2,0.16
2026-07-30,4,04,6,4174,赤坂俊輔,41,84,6.86,4,0.13
2026-07-30,4,05,5,4525,真子奈津実,60,25,6.88,5,0.08
2026-07-30,4,06,4,5247,大森翼,50,22,6.92,6,0.08
2026-07-30,5,01,1,5023,久永祥平,38,69,6.86,1,0.08
2026-07-30,5,02,3,5018,竹下大樹,37,64,6.85,3,0.16
2026-07-30,5,03,5,3304,烏野賢太,63,27,6.95,5,0.11
2026-07-30,5,04,2,4315,山崎昂介,13,17,6.86,2,0.21
2026-07-30,5,05,4,5354,渡邊雄斗,30,75,6.95,4,0.08
2026-07-30,5,06,6,5413,宮城那菜,28,59,6.89,6,0.06
2026-07-30,6,01,6,5028,原田才一郎,75,32,6.9,5,0.13
2026-07-30,6,02,3,3618,海野ゆかり,12,83,6.88,3,0.12
2026-07-30,6,03,2,5307,富永夏哉人,56,18,6.91,2,0.18
2026-07-30,6,04,4,4521,小池公生,76,49,6.9,4,0.13
2026-07-30,6,05,5,4596,葛原大陽,24,68,6.93,6,0.13
2026-07-30,6,06,1,4278,藤岡俊介,25,31,6.95,1,0.12
2026-07-30,7,01,1,4635,峰重力也,43,46,6.98,1,0.10
2026-07-30,7,02,4,4846,佐藤駿介,46,41,6.98,4,0.20
2026-07-30,7,03,2,3411,池上隆行,80,62,6.98,2,0.19
2026-07-30,7,04,5,4142,平野和明,33,70,7.0,5,0.26
2026-07-30,7,05,3,4748,渡邉雄朗,52,77,6.95,3,0.24
2026-07-30,7,06,6,5367,赤松咲香,15,34,6.97,6,0.27
2026-07-30,8,01,1,4761,山田晃大,62,33,6.9,1,0.19
2026-07-30,8,02,2,3327,野長瀬正孝,23,19,6.92,2,0.32
2026-07-30,8,03,5,4967,中村魁生,45,48,6.94,4,0.24
2026-07-30,8,04,3,3809,吉田光,67,40,6.93,3,0.31
2026-07-30,8,05,6,4093,吉田宗弘,68,85,6.98,5,0.38
2026-07-30,8,06,4,5205,刑部亜里紗,40,37,6.92,6,0.36
2026-07-30,9,01,1,4174,赤坂俊輔,41,84,6.92,1,0.08
2026-07-30,9,02,4,5303,土井歩夢,55,66,6.92,5,0.22
2026-07-30,9,03,6,4603,谷川将太,70,57,6.94,6,0.25
2026-07-30,9,04,3,3304,烏野賢太,63,27,6.95,4,0.25
2026-07-30,9,05,2,5018,竹下大樹,37,64,6.91,3,0.26
2026-07-30,9,06,5,3933,山地正樹,72,12,6.92,2,0.19
2026-07-30,10,01,4,5023,久永祥平,38,69,6.88,4,0.08
2026-07-30,10,02,1,4812,西野雄貴,19,67,6.91,1,0.11
2026-07-30,10,03,6,4278,藤岡俊介,25,31,6.99,6,0.10
2026-07-30,10,04,5,3853,岩崎正哉,17,63,6.94,5,0.12
2026-07-30,10,05,2,4137,君島秀三,57,23,6.98,2,0.14
2026-07-30,10,06,3,4596,葛原大陽,24,68,6.94,3,0.19
2026-07-30,11,01,1,5028,原田才一郎,75,32,6.89,1,0.14
2026-07-30,11,02,4,4635,峰重力也,43,46,6.98,4,0.09
2026-07-30,11,03,5,4447,深川麻奈美,47,60,6.88,5,0.10
2026-07-30,11,04,3,5257,西丸侑太朗,54,76,6.98,3,0.13
2026-07-30,11,05,6,4906,鈴木雅希,59,82,6.9,6,0.11
2026-07-30,11,06,2,5136,濱野斗馬,73,56,6.95,2,0.16
2026-07-30,12,01,1,5205,刑部亜里紗,40,37,6.88,1,0.12
2026-07-30,12,02,2,5148,松本怜,79,51,6.94,2,0.11
2026-07-30,12,03,5,5413,宮城那菜,28,59,6.91,5,0.11
2026-07-30,12,04,3,5367,赤松咲香,15,34,6.96,3,0.12
2026-07-30,12,05,4,4525,真子奈津実,60,25,6.93,4,0.09
2026-07-30,12,06,6,5406,小畑楓夏,58,80,6.93,6,0.22
2026-07-31,1,01,1,4521,小池公生,76,49,6.95,1,0.07
2026-07-31,1,02,4,5307,富永夏哉人,56,18,6.87,4,0.00
2026-07-31,1,03,2,3933,山地正樹,72,12,6.91,2,0.11
2026-07-31,1,04,3,3831,安藤裕貴,61,54,6.97,3,0.02
2026-07-31,1,05,5,3411,池上隆行,80,62,6.92,5,0.03
2026-07-31,1,06,6,3981,今坂晃広,31,24,6.94,6,0.07
2026-07-31,2,01,5,4603,谷川将太,70,57,6.91,5,0.11
2026-07-31,2,02,6,4967,中村魁生,45,48,6.88,6,0.12
2026-07-31,2,03,4,4761,山田晃大,62,33,6.89,4,0.09
2026-07-31,2,04,2,3304,烏野賢太,63,27,6.92,2,0.14
2026-07-31,2,05,1,4138,中井俊祐,32,71,6.94,1,0.19
2026-07-31,2,06,3,5354,渡邊雄斗,30,75,6.91,3,0.14
2026-07-31,3,01,1,4093,吉田宗弘,68,85,6.95,1,0.17
2026-07-31,3,02,2,4596,葛原大陽,24,68,6.86,2,0.22
2026-07-31,3,03,4,4049,荒川健太,34,47,6.96,4,0.18
2026-07-31,3,04,5,3327,野長瀬正孝,23,19,6.89,5,0.17
2026-07-31,3,05,6,3618,海野ゆかり,12,83,6.94,6,0.19
2026-07-31,3,06,3,5247,大森翼,50,22,6.93,3,0.19
2026-07-31,4,01,1,4173,岡谷健吾,53,16,6.9,1,0.13
2026-07-31,4,02,6,4447,深川麻奈美,47,60,6.88,6,0.18
2026-07-31,4,03,2,3809,吉田光,67,40,6.93,2,0.11
2026-07-31,4,04,4,3853,岩崎正哉,17,63,6.91,4,0.16
2026-07-31,4,05,5,4748,渡邉雄朗,52,77,6.89,5,0.15
2026-07-31,4,06,3,4846,佐藤駿介,46,41,6.93,3,0.14
2026-07-31,5,01,1,5018,竹下大樹,37,64,6.88,1,0.16
2026-07-31,5,02,3,4315,山崎昂介,13,17,6.87,3,0.20
2026-07-31,5,03,6,4521,小池公生,76,49,6.95,6,0.18
2026-07-31,5,04,2,4906,鈴木雅希,59,82,6.95,2,0.18
2026-07-31,5,05,4,5205,刑部亜里紗,40,37,6.91,4,0.20
2026-07-31,5,06,5,5367,赤松咲香,15,34,6.92,5,0.26
2026-07-31,6,01,1,4137,君島秀三,57,23,6.94,1,0.11
2026-07-31,6,02,3,5136,濱野斗馬,73,56,6.99,3,0.07
2026-07-31,6,03,5,4278,藤岡俊介,25,31,7.03,4,0.10
2026-07-31,6,04,2,4525,真子奈津実,60,25,6.94,2,0.12
2026-07-31,6,05,4,3981,今坂晃広,31,24,6.98,5,0.13
2026-07-31,6,06,6,4138,中井俊祐,32,71,7.06,6,0.07
2026-07-31,7,01,3,5257,西丸侑太朗,54,76,6.99,3,0.15
2026-07-31,7,02,1,4967,中村魁生,45,48,6.9,1,0.17
2026-07-31,7,03,5,5148,松本怜,79,51,6.97,4,0.19
2026-07-31,7,04,2,4142,平野和明,33,70,6.98,2,0.20
2026-07-31,7,05,6,5406,小畑楓夏,58,80,7.0,5,0.35
2026-07-31,7,K0,4,5247,大森翼,50,22,,,K
2026-07-31,8,01,1,3618,海野ゆかり,12,44,6.94,1,0.23
2026-07-31,8,02,4,4846,佐藤駿介,46,41,6.91,4,0.15
2026-07-31,8,03,3,4049,荒川健太,34,47,7.0,3,0.13
2026-07-31,8,04,6,4761,山田晃大,62,33,6.9,6,0.16
2026-07-31,8,05,2,3831,安藤裕貴,61,54,7.01,2,0.12
2026-07-31,8,06,5,5413,宮城那菜,28,59,6.88,5,0.11
2026-07-31,9,01,2,4315,山崎昂介,13,17,6.9,2,0.22
2026-07-31,9,02,4,5354,渡邊雄斗,30,75,6.96,4,0.17
2026-07-31,9,03,6,5205,刑部亜里紗,40,37,6.9,6,0.23
2026-07-31,9,04,5,5307,富永夏哉人,56,18,6.93,5,0.22
2026-07-31,9,05,3,3327,野長瀬正孝,23,19,6.96,3,0.18
2026-07-31,9,06,1,4748,渡邉雄朗,52,77,6.9,1,0.20
2026-07-31,10,01,1,4603,谷川将太,70,57,6.92,1,0.14
2026-07-31,10,02,4,5018,竹下大樹,37,64,6.83,4,0.06
2026-07-31,10,03,6,4596,葛原大陽,24,68,6.91,6,0.08
2026-07-31,10,04,2,4278,藤岡俊介,25,31,7.0,2,0.08
2026-07-31,10,05,5,5136,濱野斗馬,73,56,6.98,5,0.05
2026-07-31,10,06,3,3853,岩崎正哉,17,63,6.91,3,0.08
2026-07-31,11,01,6,3933,山地正樹,72,12,6.92,2,0.12
2026-07-31,11,02,3,3304,烏野賢太,63,27,6.9,4,0.11
2026-07-31,11,03,5,4906,鈴木雅希,59,82,6.9,6,0.21
2026-07-31,11,04,2,5257,西丸侑太朗,54,76,6.9,3,0.09
2026-07-31,11,05,4,4137,君島秀三,57,23,6.92,5,0.12
2026-07-31,11,06,1,4447,深川麻奈美,47,60,6.85,1,0.33
2026-07-31,12,01,1,5028,原田才一郎,75,32,6.89,1,0.07
2026-07-31,12,02,3,5023,久永祥平,38,69,6.89,3,0.17
2026-07-31,12,03,4,4812,西野雄貴,19,67,6.88,4,0.09
2026-07-31,12,04,2,4174,赤坂俊輔,41,84,6.85,2,0.19
2026-07-31,12,05,5,5303,土井歩夢,55,66,6.89,5,0.03
2026-07-31,12,06,6,4635,峰重力也,43,46,6.95,6,0.05
2026-08-06,1,01,2,5011,高木圭大,68,60,7.0,2,0.25
2026-08-06,1,02,5,3527,中嶋誠一郎,65,82,7.04,5,0.27
2026-08-06,1,03,6,4164,岩永節也,29,71,6.92,6,0.28
2026-08-06,1,04,1,4299,中島浩哉,15,12,7.01,1,0.27
2026-08-06,1,05,4,4705,吉川勇作,76,37,7.03,4,0.22
2026-08-06,1,06,3,3964,宮地博士,30,39,7.01,3,0.32
2026-08-06,2,01,1,4092,岡部大輔,75,31,6.99,1,0.18
2026-08-06,2,02,2,4588,田中京介,39,69,6.95,2,0.22
2026-08-06,2,03,5,3576,白水勝也,14,38,6.94,5,0.31
2026-08-06,2,04,6,4241,大串重幸,73,51,7.0,6,0.28
2026-08-06,2,05,3,3892,草場康幸,69,79,7.01,3,0.28
2026-08-06,2,06,4,4248,岡本大,66,54,7.05,4,0.34
2026-08-06,3,01,2,4096,石橋道友,36,62,6.99,2,0.13
2026-08-06,3,02,1,3284,渡邊伸太郎,44,64,7.01,1,0.16
2026-08-06,3,03,4,4553,坪口竜也,22,11,7.01,4,0.18
2026-08-06,3,04,5,4949,横田貴満,51,55,6.97,5,0.14
2026-08-06,3,05,6,5384,八戸琉楓,64,32,7.04,6,0.18
2026-08-06,3,06,3,3843,上之晃弘,21,17,7.05,3,0.21
2026-08-06,4,01,4,4497,桑原悠,20,81,7.0,4,0.22
2026-08-06,4,02,1,3224,栗山繁洋,74,66,6.97,1,0.24
2026-08-06,4,03,2,4966,田川大貴,72,36,7.01,2,0.24
2026-08-06,4,04,3,4969,町田洸希,27,77,6.98,3,0.25
2026-08-06,4,05,6,4624,高田明,12,50,6.96,5,0.24
2026-08-06,4,06,5,5443,西村仁吾,48,75,6.97,6,0.33
2026-08-06,5,01,4,4287,今井貴士,18,70,7.08,4,0.11
2026-08-06,5,02,2,4352,下條雄太郎,78,24,7.03,2,0.11
2026-08-06,5,03,3,4171,榎幸司,23,57,7.04,3,0.26
2026-08-06,5,04,6,4004,山本浩輔,11,73,7.04,5,0.11
2026-08-06,5,05,1,4213,重富伸也,26,85,6.99,1,0.11
2026-08-06,5,06,5,5457,山田陽翔,77,67,7.03,6,0.23
2026-08-06,6,01,4,4948,木場悠介,60,46,6.98,4,0.11
2026-08-06,6,02,3,4715,村上遼,43,56,7.0,3,0.08
2026-08-06,6,03,6,5055,眞鳥章太,80,76,7.01,6,0.08
2026-08-06,6,04,2,5086,本村大,67,45,6.97,2,0.18
2026-08-06,6,05,1,3964,宮地博士,30,39,7.03,1,0.38
2026-08-06,6,06,5,5011,高木圭大,68,60,6.95,5,0.08
2026-08-06,7,01,5,5048,眞鳥康太,16,25,6.89,5,0.19
2026-08-06,7,02,1,3349,吉田一郎,81,34,6.99,1,0.13
2026-08-06,7,03,4,4092,岡部大輔,75,31,7.03,4,0.19
2026-08-06,7,04,6,3777,樋口亮,34,14,6.99,6,0.21
2026-08-06,7,05,3,3527,中嶋誠一郎,65,82,7.06,3,0.21
2026-08-06,7,06,2,4248,岡本大,66,54,7.07,2,0.19
2026-08-06,8,01,1,4588,田中京介,39,69,6.99,1,0.03
2026-08-06,8,02,2,5395,日高龍之介,19,59,7.02,3,0.14
2026-08-06,8,03,4,3284,渡邊伸太郎,44,64,7.04,5,0.25
2026-08-06,8,04,6,3574,大神康司,49,47,7.04,2,0.15
2026-08-06,8,05,3,4498,宮本夏樹,35,48,7.03,4,0.20
2026-08-06,8,06,5,4705,吉川勇作,76,37,7.03,6,0.20
2026-08-06,9,01,5,4096,石橋道友,36,62,7.0,5,0.23
2026-08-06,9,02,1,4259,真庭明志,62,43,6.99,1,0.20
2026-08-06,9,03,6,4695,尾崎雄二,71,20,7.03,6,0.24
2026-08-06,9,04,2,4164,岩永節也,29,71,6.95,2,0.25
2026-08-06,9,05,3,3224,栗山繁洋,74,66,7.01,3,0.28
2026-08-06,9,06,4,3892,草場康幸,69,79,7.01,4,0.35
2026-08-06,10,01,1,4949,横田貴満,51,55,6.96,1,0.08
2026-08-06,10,02,6,3473,石川真二,50,49,7.03,2,0.15
2026-08-06,10,03,5,4213,重富伸也,26,85,6.91,6,0.11
2026-08-06,10,04,2,4004,山本浩輔,11,73,6.98,3,0.19
2026-08-06,10,05,3,4624,高田明,12,50,7.03,4,0.15
2026-08-06,10,06,4,4299,中島浩哉,15,12,7.03,5,0.19
2026-08-06,11,01,4,4715,村上遼,43,56,7.0,4,0.08
2026-08-06,11,02,1,3576,白水勝也,14,38,6.97,1,0.07
2026-08-06,11,03,3,5055,眞鳥章太,80,76,6.97,3,0.10
2026-08-06,11,04,6,4966,田川大貴,72,36,6.98,6,0.17
2026-08-06,11,05,2,3843,上之晃弘,21,17,7.0,2,0.05
2026-08-06,11,06,5,4287,今井貴士,18,70,7.02,5,0.16
2026-08-06,12,01,1,4497,桑原悠,20,81,7.0,1,0.05
2026-08-06,12,02,3,3349,吉田一郎,81,34,7.04,3,0.11
2026-08-06,12,03,2,4553,坪口竜也,22,11,7.02,2,0.14
2026-08-06,12,04,5,4948,木場悠介,60,46,7.02,5,0.19
2026-08-06,12,05,4,4241,大串重幸,73,51,7.06,4,0.23
2026-08-06,12,06,6,4171,榎幸司,23,57,7.0,6,0.19
2026-08-07,1,F,1,4966,田川大貴,72,36,7.0,1,F0.11
2026-08-07,1,F,2,4213,重富伸也,26,85,6.85,4,F0.06
2026-08-07,1,F,3,5086,本村大,67,45,6.97,2,F0.07
2026-08-07,1,F,4,4498,宮本夏樹,35,48,7.02,3,F0.13
2026-08-07,1,F,5,5443,西村仁吾,48,75,6.99,6,F0.06
2026-08-07,1,F,6,4705,吉川勇作,76,37,7.0,5,F0.01
2026-08-07,2,01,5,3473,石川真二,50,49,7.11,2,0.13
2026-08-07,2,02,4,5011,高木圭大,68,60,7.07,6,0.14
2026-08-07,2,03,2,5048,眞鳥康太,16,25,6.99,4,0.14
2026-08-07,2,04,1,4287,今井貴士,18,70,7.1,1,0.11
2026-08-07,2,05,6,3284,渡邊伸太郎,44,64,7.01,3,0.13
2026-08-07,2,06,3,5384,八戸琉楓,64,32,7.1,5,0.23
2026-08-07,3,01,1,4164,岩永節也,29,71,6.94,1,0.17
2026-08-07,3,02,2,4497,桑原悠,20,81,7.0,2,0.21
2026-08-07,3,03,4,4949,横田貴満,51,55,7.04,4,0.29
2026-08-07,3,04,3,3777,樋口亮,34,14,7.03,3,0.23
2026-08-07,3,05,6,4948,木場悠介,60,46,7.08,6,0.27
2026-08-07,3,06,5,5395,日高龍之介,19,59,7.02,5,0.34
2026-08-07,4,01,1,5055,眞鳥章太,80,76,7.07,1,0.14
2026-08-07,4,02,2,4624,高田明,12,50,7.03,2,0.18
2026-08-07,4,03,4,4588,田中京介,39,69,7.09,4,0.08
2026-08-07,4,04,3,4969,町田洸希,27,77,7.05,3,0.11
2026-08-07,4,05,5,4248,岡本大,66,54,7.18,5,0.14
2026-08-07,4,06,6,5457,山田陽翔,77,67,7.08,6,0.09
2026-08-07,5,01,1,3892,草場康幸,69,79,7.09,1,0.09
2026-08-07,5,02,2,4715,村上遼,43,56,7.08,2,0.10
2026-08-07,5,03,4,4004,山本浩輔,11,73,7.11,4,0.17
2026-08-07,5,04,3,3574,大神康司,49,47,7.11,3,0.15
2026-08-07,5,05,5,4299,中島浩哉,15,12,7.13,5,0.19
2026-08-07,5,06,6,3843,上之晃弘,21,17,7.1,6,0.22
2026-08-07,6,01,1,3527,中嶋誠一郎,65,82,7.05,1,0.20
2026-08-07,6,02,3,4092,岡部大輔,75,31,7.01,3,0.21
2026-08-07,6,03,4,3224,栗山繁洋,74,66,7.05,4,0.22
2026-08-07,6,04,5,4352,下條雄太郎,78,24,7.05,5,0.35
2026-08-07,6,05,2,4695,尾崎雄二,71,20,7.03,2,0.22
2026-08-07,6,06,6,4498,宮本夏樹,35,48,7.11,6,0.38
2026-08-07,7,01,2,4259,真庭明志,62,43,7.06,2,0.15
2026-08-07,7,02,1,4241,大串重幸,73,51,7.06,1,0.17
2026-08-07,7,03,3,3576,白水勝也,14,38,7.03,3,0.18
2026-08-07,7,04,4,5384,八戸琉楓,64,32,7.02,4,0.20
2026-08-07,7,05,5,4966,田川大貴,72,36,7.08,5,0.23
2026-08-07,7,06,6,5443,西村仁吾,48,75,7.12,6,0.31
2026-08-07,8,01,4,4096,石橋道友,36,62,7.03,4,0.12
2026-08-07,8,02,1,4553,坪口竜也,22,11,6.98,1,0.23
2026-08-07,8,03,5,4164,岩永節也,29,71,6.97,5,0.23
2026-08-07,8,04,6,4213,重富伸也,26,85,6.96,6,0.21
2026-08-07,8,05,2,4948,木場悠介,60,46,7.05,2,0.19
2026-08-07,8,06,3,5011,高木圭大,68,60,7.02,3,0.27
2026-08-07,9,01,3,4497,桑原悠,20,81,6.97,3,0.18
2026-08-07,9,02,4,4171,榎幸司,23,57,7.07,4,0.18
2026-08-07,9,03,6,4949,横田貴満,51,55,7.05,5,0.18
2026-08-07,9,04,1,4248,岡本大,66,54,7.09,1,0.12
2026-08-07,9,05,5,5457,山田陽翔,77,67,7.07,6,0.28
2026-08-07,9,06,2,4705,吉川勇作,76,37,7.07,2,0.18
2026-08-07,10,01,3,5395,日高龍之介,19,59,7.01,3,0.17
2026-08-07,10,02,1,4624,高田明,12,50,7.02,1,0.14
2026-08-07,10,03,2,4287,今井貴士,18,70,7.06,2,0.16
2026-08-07,10,04,5,3349,吉田一郎,81,34,7.03,5,0.22
2026-08-07,10,05,6,3964,宮地博士,30,39,7.03,6,0.28
2026-08-07,10,06,4,5086,本村大,67,45,6.99,4,0.25
2026-08-07,11,01,1,3473,石川真二,50,49,7.04,1,0.07
2026-08-07,11,02,3,5048,眞鳥康太,16,25,7.02,3,0.10
2026-08-07,11,03,4,4695,尾崎雄二,71,20,7.11,4,0.15
2026-08-07,11,04,2,3574,大神康司,49,47,7.06,2,0.15
2026-08-07,11,05,5,4969,町田洸希,27,77,7.05,5,0.20
2026-08-07,11,06,6,4588,田中京介,39,69,7.05,6,0.22
2026-08-07,12,01,1,4352,下條雄太郎,78,24,7.05,1,0.18
2026-08-07,12,02,4,5055,眞鳥章太,80,76,7.0,4,0.02
2026-08-07,12,03,2,3777,樋口亮,34,14,7.05,2,0.14
2026-08-07,12,04,3,4259,真庭明志,62,43,7.04,3,0.10
2026-08-07,12,05,6,4299,中島浩哉,15,12,7.07,6,0.12
2026-08-07,12,06,5,4715,村上遼,43,56,7.01,5,0.07
2026-08-08,1,01,6,3224,栗山繁洋,74,66,7.03,5,0.27
2026-08-08,1,02,5,3284,渡邊伸太郎,44,64,7.04,4,0.29
2026-08-08,1,03,3,4624,高田明,12,50,6.94,3,0.41
2026-08-08,1,04,2,4241,大串重幸,73,51,7.06,2,0.41
2026-08-08,1,05,4,5457,山田陽翔,77,67,7.04,6,0.32
2026-08-08,1,06,1,3843,上之晃弘,21,17,7.06,1,0.36
2026-08-08,2,01,1,5011,高木圭大,68,60,6.97,1,0.19
2026-08-08,2,02,3,3473,石川真二,50,49,7.04,2,0.19
2026-08-08,2,03,6,3576,白水勝也,14,38,6.96,5,0.29
2026-08-08,2,04,2,3964,宮地博士,30,39,6.97,3,0.24
2026-08-08,2,05,5,5384,八戸琉楓,64,32,7.03,6,0.33
2026-08-08,2,06,4,4969,町田洸希,27,77,6.97,4,0.53
2026-08-08,3,01,2,3527,中嶋誠一郎,65,82,7.02,2,0.15
2026-08-08,3,02,3,4352,下條雄太郎,78,24,6.97,3,0.09
2026-08-08,3,03,1,4004,山本浩輔,11,73,6.96,1,0.14
2026-08-08,3,04,5,4259,真庭明志,62,43,6.91,4,0.18
2026-08-08,3,05,4,5048,眞鳥康太,16,25,6.87,5,0.18
2026-08-08,3,06,6,5443,西村仁吾,48,75,6.96,6,0.34
2026-08-08,4,01,2,3349,吉田一郎,81,34,7.0,2,0.23
2026-08-08,4,02,3,4553,坪口竜也,22,11,6.97,3,0.21
2026-08-08,4,03,4,3777,樋口亮,34,14,7.0,4,0.19
2026-08-08,4,04,1,4948,木場悠介,60,46,6.99,1,0.17
2026-08-08,4,05,5,3892,草場康幸,69,79,6.98,5,0.19
2026-08-08,4,06,6,4705,吉川勇作,76,37,7.04,6,0.24
2026-08-08,5,01,1,4695,尾崎雄二,71,20,7.0,1,0.06
2026-08-08,5,02,2,5055,眞鳥章太,80,76,6.98,2,0.12
2026-08-08,5,03,5,3574,大神康司,49,47,7.03,3,0.15
2026-08-08,5,04,3,4248,岡本大,66,54,7.04,4,0.19
2026-08-08,5,05,4,4164,岩永節也,29,71,6.92,5,0.19
2026-08-08,5,06,6,4092,岡部大輔,75,31,7.01,6,0.22
2026-08-08,6,01,3,4096,石橋道友,36,62,7.01,3,0.08
2026-08-08,6,02,1,4171,榎幸司,23,57,7.03,1,0.11
2026-08-08,6,03,2,4299,中島浩哉,15,12,7.09,2,0.10
2026-08-08,6,04,4,5395,日高龍之介,19,59,7.07,4,0.12
2026-08-08,6,05,6,5086,本村大,67,45,6.96,5,0.14
2026-08-08,6,06,5,5457,山田陽翔,77,67,7.1,6,0.18
2026-08-08,7,01,1,4715,村上遼,43,56,6.98,1,0.13
2026-08-08,7,02,2,3473,石川真二,50,49,7.03,2,0.19
2026-08-08,7,03,4,3843,上之晃弘,21,17,7.05,4,0.24
2026-08-08,7,04,6,4213,重富伸也,26,85,6.9,6,0.21
2026-08-08,7,05,3,3224,栗山繁洋,74,66,6.99,3,0.23
2026-08-08,7,06,5,3964,宮地博士,30,39,7.03,5,0.23
2026-08-08,8,01,1,4969,町田洸希,27,77,6.99,1,0.01
2026-08-08,8,02,6,4966,田川大貴,72,36,7.0,6,0.17
2026-08-08,8,03,2,4949,横田貴満,51,55,7.0,2,0.06
2026-08-08,8,04,5,4497,桑原悠,20,81,6.93,5,0.13
2026-08-08,8,05,3,5048,眞鳥康太,16,25,6.94,3,0.03
2026-08-08,8,06,4,5384,八戸琉楓,64,32,6.99,4,0.12
2026-08-08,9,01,1,3777,樋口亮,34,14,6.98,1,0.12
2026-08-08,9,02,3,3527,中嶋誠一郎,65,82,7.05,3,0.11
2026-08-08,9,03,2,3284,渡邊伸太郎,44,64,6.99,2,0.11
2026-08-08,9,04,4,3349,吉田一郎,81,34,6.95,4,0.07
2026-08-08,9,05,5,4588,田中京介,39,69,6.97,5,0.08
2026-08-08,9,06,6,4498,宮本夏樹,35,48,7.0,6,0.15
2026-08-08,10,01,5,4624,高田明,12,50,6.89,5,0.13
2026-08-08,10,02,6,4287,今井貴士,18,70,7.0,6,0.17
2026-08-08,10,03,1,3574,大神康司,49,47,7.04,1,0.14
2026-08-08,10,04,4,4259,真庭明志,62,43,6.99,4,0.11
2026-08-08,10,05,2,3576,白水勝也,14,38,6.95,2,0.14
2026-08-08,10,06,3,4695,尾崎雄二,71,20,6.99,3,0.08
2026-08-08,11,01,1,4096,石橋道友,36,62,6.94,1,0.11
2026-08-08,11,02,4,4352,下條雄太郎,78,24,7.01,4,0.08
2026-08-08,11,03,2,4171,榎幸司,23,57,6.96,2,0.19
2026-08-08,11,04,5,4004,山本浩輔,11,73,6.97,5,0.15
2026-08-08,11,05,6,4553,坪口竜也,22,11,6.98,6,0.13
2026-08-08,11,06,3,4241,大串重幸,73,51,7.01,3,0.15
2026-08-08,12,01,4,4715,村上遼,43,56,6.97,4,0.11
2026-08-08,12,02,1,5055,眞鳥章太,80,76,6.94,1,0.30
2026-08-08,12,03,3,5395,日高龍之介,19,59,6.99,3,0.22
2026-08-08,12,04,5,4092,岡部大輔,75,31,6.98,5,0.22
2026-08-08,12,05,6,5011,高木圭大,68,60,6.96,6,0.22
2026-08-08,12,06,2,3892,草場康幸,69,79,6.98,2,0.26
2026-08-09,1,01,1,5048,眞鳥康太,16,25,6.9,1,0.16
2026-08-09,1,02,2,3527,中嶋誠一郎,65,82,6.96,2,0.17
2026-08-09,1,03,3,4948,木場悠介,60,46,6.95,3,0.13
2026-08-09,1,04,6,5395,日高龍之介,19,59,6.92,6,0.16
2026-08-09,1,05,5,3843,上之晃弘,21,17,6.97,5,0.13
2026-08-09,1,06,4,4969,町田洸希,27,77,6.93,4,0.15
2026-08-09,2,01,1,5011,高木圭大,68,60,6.96,1,0.06
2026-08-09,2,02,2,4248,岡本大,66,54,6.99,2,0.07
2026-08-09,2,03,5,4004,山本浩輔,11,73,6.94,5,0.12
2026-08-09,2,04,4,5384,八戸琉楓,64,32,6.93,4,0.24
2026-08-09,2,05,6,3892,草場康幸,69,79,6.96,6,0.14
2026-08-09,2,S0,3,4299,中島浩哉,15,12,6.95,3,0.06
2026-08-09,3,01,1,3284,渡邊伸太郎,44,64,6.93,1,0.22
2026-08-09,3,02,4,4553,坪口竜也,22,11,6.94,4,0.18
2026-08-09,3,03,3,4287,今井貴士,18,70,6.94,3,0.18
2026-08-09,3,04,5,4241,大串重幸,73,51,6.95,5,0.18
2026-08-09,3,05,2,4164,岩永節也,29,71,6.86,2,0.22
2026-08-09,3,06,6,5443,西村仁吾,48,75,6.93,6,0.30
2026-08-09,4,01,4,4259,真庭明志,62,43,6.9,4,0.16
2026-08-09,4,02,3,3777,樋口亮,34,14,6.94,3,0.21
2026-08-09,4,03,1,4715,村上遼,43,56,6.89,1,0.17
2026-08-09,4,04,5,4497,桑原悠,20,81,6.92,5,0.23
2026-08-09,4,05,2,3964,宮地博士,30,39,6.93,2,0.24
2026-08-09,4,06,6,4705,吉川勇作,76,37,6.95,6,0.39
2026-08-09,5,01,3,3473,石川真二,50,49,6.94,2,0.11
2026-08-09,5,02,1,4624,高田明,12,50,6.9,1,0.12
2026-08-09,5,03,4,3576,白水勝也,14,38,6.92,4,0.13
2026-08-09,5,04,2,4092,岡部大輔,75,31,6.93,3,0.11
2026-08-09,5,05,6,4213,重富伸也,26,85,6.86,6,0.13
2026-08-09,5,06,5,5055,眞鳥章太,80,76,6.91,5,0.09
2026-08-09,6,01,1,4352,下條雄太郎,78,24,6.96,1,0.16
2026-08-09,6,02,5,4096,石橋道友,36,62,6.9,5,0.08
2026-08-09,6,03,4,3349,吉田一郎,81,34,6.9,4,0.09
2026-08-09,6,04,6,5048,眞鳥康太,16,25,6.84,6,0.18
2026-08-09,6,05,3,4949,横田貴満,51,55,6.91,3,0.14
2026-08-09,6,06,2,3224,栗山繁洋,74,66,6.87,2,0.13
2026-08-09,7,01,1,4171,榎幸司,23,57,6.98,1,0.12
2026-08-09,7,02,2,4969,町田洸希,27,77,6.91,2,0.08
2026-08-09,7,03,3,3574,大神康司,49,47,6.97,3,0.08
2026-08-09,7,04,6,4498,宮本夏樹,35,48,6.96,5,0.14
2026-08-09,7,05,4,4948,木場悠介,60,46,6.95,4,0.08
2026-08-09,7,K0,5,4299,中島浩哉,15,12,,,K
2026-08-09,8,01,1,4241,大串重幸,73,51,6.92,1,0.09
2026-08-09,8,02,2,4588,田中京介,39,69,6.92,2,0.07
2026-08-09,8,03,3,4695,尾崎雄二,71,20,6.95,3,0.07
2026-08-09,8,04,4,3527,中嶋誠一郎,65,82,6.96,4,0.06
2026-08-09,8,05,6,5086,本村大,67,45,6.84,5,0.06
2026-08-09,8,06,5,5457,山田陽翔,77,67,6.93,6,0.10
2026-08-09,9,01,1,4497,桑原悠,20,81,6.9,1,0.01
2026-08-09,9,02,2,4715,村上遼,43,56,6.96,2,0.08
2026-08-09,9,03,3,4553,坪口竜也,22,11,6.93,3,0.04
2026-08-09,9,04,6,4624,高田明,12,50,6.92,6,0.06
2026-08-09,9,05,5,3576,白水勝也,14,38,6.97,5,0.10
2026-08-09,9,06,4,4287,今井貴士,18,70,6.9,4,0.05
2026-08-09,10,01,2,4352,下條雄太郎,78,24,6.99,2,0.09
2026-08-09,10,02,5,3777,樋口亮,34,14,6.91,5,0.12
2026-08-09,10,03,4,4949,横田貴満,51,55,6.9,4,0.05
2026-08-09,10,04,1,3473,石川真二,50,49,6.95,1,0.15
2026-08-09,10,05,3,4259,真庭明志,62,43,6.93,3,0.11
2026-08-09,10,06,6,5011,高木圭大,68,60,6.92,6,0.19
2026-08-09,11,01,1,4096,石橋道友,36,62,6.92,1,0.18
2026-08-09,11,02,4,4171,榎幸司,23,57,6.95,4,0.16
2026-08-09,11,03,6,3284,渡邊伸太郎,44,64,6.95,6,0.41
2026-08-09,11,04,5,4092,岡部大輔,75,31,6.93,5,0.22
2026-08-09,11,05,2,5055,眞鳥章太,80,76,6.95,2,0.31
2026-08-09,11,06,3,3349,吉田一郎,81,34,6.98,3,0.27
2026-08-09,12,01,1,3574,大神康司,49,47,6.94,1,0.14
2026-08-09,12,02,2,4004,山本浩輔,11,73,6.93,2,0.16
2026-08-09,12,03,6,4966,田川大貴,72,36,6.94,6,0.15
2026-08-09,12,04,3,4588,田中京介,39,69,6.91,3,0.12
2026-08-09,12,05,5,4695,尾崎雄二,71,20,6.94,5,0.13
2026-08-09,12,06,4,4164,岩永節也,29,71,6.89,4,0.17
2026-08-10,1,01,1,3527,中嶋誠一郎,65,82,6.98,1,0.21
2026-08-10,1,02,2,5048,眞鳥康太,16,25,6.96,2,0.23
2026-08-10,1,03,3,3284,渡邊伸太郎,44,64,6.98,3,0.23
2026-08-10,1,04,4,3964,宮地博士,30,39,7.0,4,0.23
2026-08-10,1,05,5,4248,岡本大,66,54,6.97,5,0.23
2026-08-10,1,06,6,5384,八戸琉楓,64,32,6.94,6,0.22
2026-08-10,2,01,1,4092,岡部大輔,75,31,7.01,1,0.13
2026-08-10,2,02,3,4164,岩永節也,29,71,6.91,3,0.23
2026-08-10,2,03,5,5395,日高龍之介,19,59,7.04,5,0.26
2026-08-10,2,04,2,3843,上之晃弘,21,17,7.03,2,0.21
2026-08-10,2,05,4,4969,町田洸希,27,77,6.98,4,0.28
2026-08-10,2,06,6,5457,山田陽翔,77,67,6.99,6,0.25
2026-08-10,3,01,1,4588,田中京介,39,69,6.97,1,0.05
2026-08-10,3,02,3,4241,大串重幸,73,51,7.0,3,0.10
2026-08-10,3,03,2,3892,草場康幸,69,79,6.97,2,0.09
2026-08-10,3,04,4,4004,山本浩輔,11,73,7.01,4,0.11
2026-08-10,3,05,5,4949,横田貴満,51,55,6.97,5,0.11
2026-08-10,3,06,6,4213,重富伸也,26,85,6.89,6,0.08
2026-08-10,4,01,2,5011,高木圭大,68,60,7.0,3,0.13
2026-08-10,4,02,5,3574,大神康司,49,47,6.97,2,0.17
2026-08-10,4,03,1,3349,吉田一郎,81,34,6.98,1,0.12
2026-08-10,4,04,3,4948,木場悠介,60,46,6.97,4,0.13
2026-08-10,4,05,6,5086,本村大,67,45,6.94,6,0.13
2026-08-10,4,06,4,3224,栗山繁洋,74,66,6.97,5,0.11
2026-08-10,5,01,1,4259,真庭明志,62,43,6.94,1,0.09
2026-08-10,5,02,2,4624,高田明,12,50,6.93,2,0.13
2026-08-10,5,03,3,5055,眞鳥章太,80,76,6.99,3,0.08
2026-08-10,5,04,5,3964,宮地博士,30,39,6.97,5,0.14
2026-08-10,5,05,4,4695,尾崎雄二,71,20,6.99,4,0.12
2026-08-10,5,S0,6,5443,西村仁吾,48,75,6.96,6,0.18
2026-08-10,6,01,4,3473,石川真二,50,49,7.03,2,0.12
2026-08-10,6,02,1,4287,今井貴士,18,70,7.0,1,0.10
2026-08-10,6,03,5,3527,中嶋誠一郎,65,82,7.09,4,0.26
2026-08-10,6,04,2,4969,町田洸希,27,77,6.95,3,0.15
2026-08-10,6,05,3,5384,八戸琉楓,64,32,6.95,5,0.25
2026-08-10,6,06,6,4966,田川大貴,72,36,6.99,6,0.22
2026-08-10,7,01,1,3576,白水勝也,14,38,7.0,1,0.10
2026-08-10,7,02,2,4553,坪口竜也,22,11,6.94,2,0.14
2026-08-10,7,03,3,4004,山本浩輔,11,73,6.94,3,0.17
2026-08-10,7,04,5,5457,山田陽翔,77,67,6.96,5,0.16
2026-08-10,7,05,4,5048,眞鳥康太,16,25,6.87,4,0.19
2026-08-10,7,06,6,4705,吉川勇作,76,37,7.02,6,0.14
2026-08-10,8,01,1,5395,日高龍之介,19,59,6.99,1,0.10
2026-08-10,8,02,4,3892,草場康幸,69,79,6.97,4,0.20
2026-08-10,8,03,2,3574,大神康司,49,47,7.01,2,0.24
2026-08-10,8,04,6,4588,田中京介,39,69,6.97,6,0.18
2026-08-10,8,05,3,3843,上之晃弘,21,17,7.0,3,0.22
2026-08-10,8,06,5,3224,栗山繁洋,74,66,6.97,5,0.18
2026-08-10,9,01,4,4241,大串重幸,73,51,7.02,4,0.16
2026-08-10,9,02,1,4695,尾崎雄二,71,20,6.95,1,0.18
2026-08-10,9,03,5,4164,岩永節也,29,71,6.93,5,0.20
2026-08-10,9,04,2,4948,木場悠介,60,46,6.99,2,0.16
2026-08-10,9,05,6,4498,宮本夏樹,35,48,7.01,6,0.30
2026-08-10,9,06,3,4248,岡本大,66,54,6.99,3,0.25
2026-08-10,10,01,4,5055,眞鳥章太,80,76,6.96,4,0.05
2026-08-10,10,02,6,4287,今井貴士,18,70,6.97,6,0.05
2026-08-10,10,03,1,4949,横田貴満,51,55,6.92,1,0.21
2026-08-10,10,04,3,4624,高田明,12,50,6.87,3,0.25
2026-08-10,10,05,5,3349,吉田一郎,81,34,6.98,5,0.04
2026-08-10,10,06,2,3284,渡邊伸太郎,44,64,6.96,2,0.18
2026-08-10,11,01,1,4553,坪口竜也,22,11,6.89,1,0.16
2026-08-10,11,02,2,3473,石川真二,50,49,6.97,2,0.17
2026-08-10,11,03,4,4259,真庭明志,62,43,6.88,4,0.11
2026-08-10,11,04,3,4092,岡部大輔,75,31,6.98,3,0.12
2026-08-10,11,05,5,3576,白水勝也,14,38,6.97,5,0.20
2026-08-10,11,06,6,5011,高木圭大,68,60,6.92,6,0.25
2026-08-10,12,01,1,4096,石橋道友,36,62,6.9,1,0.07
2026-08-10,12,02,2,4497,桑原悠,20,81,6.92,2,0.05
2026-08-10,12,03,3,4352,下條雄太郎,78,24,6.98,3,0.06
2026-08-10,12,04,4,4715,村上遼,43,56,6.94,4,0.05
2026-08-10,12,05,5,4171,榎幸司,23,57,6.98,5,0.16
2026-08-10,12,06,6,3777,樋口亮,34,14,6.94,6,0.22
2026-08-12,1,01,2,5056,西岡成美,81,73,7.0,2,0.31
2026-08-12,1,02,5,4791,黒澤めぐみ,45,11,6.98,5,0.28
2026-08-12,1,03,6,5360,高木茉白,54,49,7.06,6,0.24
2026-08-12,1,04,4,5069,山崎小葉音,48,20,7.0,4,0.31
2026-08-12,1,05,3,5250,嶋田有里,34,85,7.08,3,0.38
2026-08-12,1,06,1,5346,中村紋夕梨,61,46,7.03,1,0.34
2026-08-12,2,01,1,5213,湯淺紀香,57,27,6.98,1,0.13
2026-08-12,2,02,5,4300,加藤綾,44,29,7.02,5,0.18
2026-08-12,2,03,3,4286,平田さやか,62,38,6.98,3,0.14
2026-08-12,2,04,4,3604,武藤綾子,53,17,6.99,4,0.22
2026-08-12,2,05,2,3932,池田浩美,29,76,6.98,2,0.16
2026-08-12,2,06,6,5335,森陽多,43,15,6.97,6,0.28
2026-08-12,3,01,2,4927,関野文,52,50,7.04,2,0.12
2026-08-12,3,02,1,3474,松瀬弘美,14,56,6.98,1,0.19
2026-08-12,3,03,3,3993,永井聖美,33,43,6.98,3,0.16
2026-08-12,3,04,5,4744,伊藤玲奈,49,47,7.05,5,0.24
2026-08-12,3,05,6,4098,赤澤文香,36,81,7.04,6,0.31
2026-08-12,3,06,4,5342,原村百那,69,79,6.97,4,0.24
2026-08-12,4,01,4,5129,山口真喜子,55,39,7.04,4,0.17
2026-08-12,4,02,3,4534,坂咲友理,20,57,6.95,3,0.31
2026-08-12,4,03,5,5362,中嶋世奈,56,71,6.99,5,0.22
2026-08-12,4,04,2,5254,羽田妃希,79,36,6.98,2,0.44
2026-08-12,4,05,1,5358,増本杏珠,38,14,7.0,1,0.40
2026-08-12,4,06,6,5442,池田美優,39,60,7.02,6,0.18
2026-08-12,5,01,1,4501,樋口由加里,40,25,6.98,1,0.16
2026-08-12,5,02,2,4924,中北涼,37,75,6.97,2,0.19
2026-08-12,5,03,5,4891,寺島美里,74,62,6.93,5,0.15
2026-08-12,5,04,6,4464,山下友貴,41,51,6.97,6,0.15
2026-08-12,5,05,4,5117,冨名腰桃奈,47,67,6.97,4,0.21
2026-08-12,5,06,3,3579,中里優子,13,64,6.98,3,0.23
2026-08-12,6,01,1,4947,間庭菜摘,65,35,6.96,1,0.17
2026-08-12,6,02,5,4589,塩崎桐加,63,32,6.93,5,0.14
2026-08-12,6,03,4,4627,藤原菜希,70,66,7.01,4,0.12
2026-08-12,6,04,2,4246,喜多那由夏,17,69,6.94,2,0.19
2026-08-12,6,05,3,4065,金田幸子,25,59,6.99,3,0.21
2026-08-12,6,06,6,4408,仁科さやか,59,12,7.01,6,0.22
2026-08-12,7,01,1,4450,平高奈菜,16,55,6.89,1,0.16
2026-08-12,7,02,3,4791,黒澤めぐみ,45,11,6.9,3,0.30
2026-08-12,7,03,2,5335,森陽多,43,15,6.92,2,0.21
2026-08-12,7,04,4,3943,三松直美,28,24,7.05,4,0.30
2026-08-12,7,05,5,5327,西田和加,46,82,6.91,5,0.32
2026-08-12,7,06,6,5380,野田亜湖,23,77,6.92,6,0.36
2026-08-12,8,01,2,4738,清埜翔子,31,54,6.98,2,0.16
2026-08-12,8,02,1,3604,武藤綾子,53,17,6.96,1,0.22
2026-08-12,8,03,4,3474,松瀬弘美,14,56,6.98,4,0.18
2026-08-12,8,04,3,5346,中村紋夕梨,61,46,6.96,3,0.17
2026-08-12,8,05,6,3175,渡辺千草,24,37,6.89,6,0.15
2026-08-12,8,06,5,5397,寺田夢生,32,45,6.94,5,0.20
2026-08-12,9,01,2,5272,松田真実,58,48,6.82,2,0.21
2026-08-12,9,02,5,3334,角ひとみ,78,31,6.95,5,0.22
2026-08-12,9,03,3,5358,増本杏珠,38,14,6.9,3,0.31
2026-08-12,9,04,1,5342,原村百那,69,79,6.91,1,0.24
2026-08-12,9,05,4,5213,湯淺紀香,57,27,6.91,4,0.25
2026-08-12,9,06,6,5056,西岡成美,81,73,6.9,6,0.24
2026-08-12,10,01,3,4372,原田佑実,19,34,6.91,3,0.09
2026-08-12,10,02,1,4300,加藤綾,44,29,6.93,1,0.19
2026-08-12,10,03,4,5254,羽田妃希,79,36,6.93,4,0.14
2026-08-12,10,04,2,5360,高木茉白,54,49,6.97,2,0.22
2026-08-12,10,05,6,3993,永井聖美,33,43,6.97,6,0.11
2026-08-12,10,06,5,4501,樋口由加里,40,25,6.94,5,0.13
2026-08-12,11,01,2,4589,塩崎桐加,63,32,6.91,2,0.15
2026-08-12,11,02,1,4286,平田さやか,62,38,6.88,1,0.12
2026-08-12,11,03,5,4924,中北涼,37,75,6.93,5,0.09
2026-08-12,11,04,6,5069,山崎小葉音,48,20,6.92,6,0.15
2026-08-12,11,05,3,5362,中嶋世奈,56,71,6.91,3,0.18
2026-08-12,11,06,4,4098,赤澤文香,36,81,6.95,4,0.20
2026-08-12,12,01,2,4464,山下友貴,41,51,6.96,2,0.20
2026-08-12,12,02,1,5129,山口真喜子,55,39,7.03,1,0.13
2026-08-12,12,03,3,4450,平高奈菜,16,55,6.96,3,0.26
2026-08-12,12,04,6,4627,藤原菜希,70,66,7.0,6,0.14
2026-08-12,12,05,4,4738,清埜翔子,31,54,7.02,4,0.17
2026-08-12,12,06,5,4927,関野文,52,50,7.02,5,0.16
2026-08-13,1,01,2,4372,原田佑実,19,34,7.04,2,0.18
2026-08-13,1,02,4,5346,中村紋夕梨,61,46,7.01,4,0.19
2026-08-13,1,03,1,4891,寺島美里,74,62,7.0,1,0.23
2026-08-13,1,04,3,4947,間庭菜摘,65,35,7.01,3,0.17
2026-08-13,1,05,5,5442,池田美優,39,60,7.03,6,0.07
2026-08-13,1,06,6,5397,寺田夢生,32,45,7.0,5,0.15
2026-08-13,2,01,1,5272,松田真実,58,48,6.96,1,0.26
2026-08-13,2,02,2,4501,樋口由加里,40,25,7.04,2,0.22
2026-08-13,2,03,5,4738,清埜翔子,31,54,7.01,5,0.24
2026-08-13,2,04,6,5250,嶋田有里,34,85,7.08,6,0.23
2026-08-13,2,05,3,4246,喜多那由夏,17,69,7.04,3,0.24
2026-08-13,2,06,4,5380,野田亜湖,23,77,7.01,4,0.34
2026-08-13,3,01,4,4627,藤原菜希,70,66,7.03,4,0.10
2026-08-13,3,02,1,4744,伊藤玲奈,49,47,6.99,1,0.18
2026-08-13,3,03,6,4924,中北涼,37,75,7.04,6,0.17
2026-08-13,3,04,3,3474,松瀬弘美,14,56,7.06,3,0.10
2026-08-13,3,05,2,5327,西田和加,46,82,6.98,2,0.10
2026-08-13,3,06,5,3943,三松直美,28,24,7.18,5,0.15
2026-08-13,4,01,1,4534,坂咲友理,20,57,6.95,1,0.08
2026-08-13,4,02,6,3932,池田浩美,29,76,6.99,6,0.16
2026-08-13,4,03,5,3993,永井聖美,33,43,7.0,5,0.16
2026-08-13,4,04,2,4408,仁科さやか,59,12,7.04,2,0.08
2026-08-13,4,05,4,4464,山下友貴,41,51,6.98,4,0.26
2026-08-13,4,06,3,5342,原村百那,69,79,7.0,3,0.08
2026-08-13,5,01,1,5069,山崎小葉音,48,20,6.94,1,0.02
2026-08-13,5,02,4,3579,中里優子,13,64,6.95,4,0.14
2026-08-13,5,03,3,3175,渡辺千草,24,37,6.98,3,0.07
2026-08-13,5,04,6,5117,冨名腰桃奈,47,67,6.95,6,0.12
2026-08-13,5,05,2,5129,山口真喜子,55,39,7.02,2,0.18
2026-08-13,5,06,5,5335,森陽多,43,15,7.0,5,0.08
2026-08-13,6,01,4,4891,寺島美里,74,62,6.98,4,0.16
2026-08-13,6,02,1,5360,高木茉白,54,49,7.03,1,0.13
2026-08-13,6,03,2,4098,赤澤文香,36,81,7.0,2,0.31
2026-08-13,6,04,5,5358,増本杏珠,38,14,7.01,5,0.19
2026-08-13,6,05,3,3334,角ひとみ,78,31,7.07,3,0.23
2026-08-13,6,06,6,5254,羽田妃希,79,36,6.97,6,0.22
2026-08-13,7,01,4,4065,金田幸子,25,59,7.01,4,0.15
2026-08-13,7,02,2,4286,平田さやか,62,38,6.95,2,0.16
2026-08-13,7,03,1,4927,関野文,52,50,7.03,1,0.14
2026-08-13,7,04,6,5442,池田美優,39,60,7.02,6,0.09
2026-08-13,7,05,3,3604,武藤綾子,53,17,7.01,3,0.17
2026-08-13,7,06,5,5380,野田亜湖,23,77,7.01,5,0.17
2026-08-13,8,01,1,5056,西岡成美,81,73,6.89,1,0.21
2026-08-13,8,02,3,4738,清埜翔子,31,54,7.01,3,0.20
2026-08-13,8,03,4,5362,中嶋世奈,56,71,6.95,4,0.22
2026-08-13,8,04,2,5213,湯淺紀香,57,27,6.97,2,0.19
2026-08-13,8,05,6,5327,西田和加,46,82,6.98,6,0.26
2026-08-13,8,06,5,5397,寺田夢生,32,45,6.9,5,0.24
2026-08-13,9,01,1,4589,塩崎桐加,63,32,6.97,1,0.05
2026-08-13,9,02,6,4450,平高奈菜,16,55,6.92,6,0.07
2026-08-13,9,03,2,5346,中村紋夕梨,61,46,6.97,2,0.18
2026-08-13,9,04,5,4246,喜多那由夏,17,69,7.02,5,0.10
2026-08-13,9,05,4,4534,坂咲友理,20,57,6.94,4,0.13
2026-08-13,9,06,3,3943,三松直美,28,24,7.17,3,0.32
2026-08-13,10,01,5,3932,池田浩美,29,76,6.98,5,0.08
2026-08-13,10,02,2,4791,黒澤めぐみ,45,11,6.96,2,0.16
2026-08-13,10,03,4,4300,加藤綾,44,29,6.99,4,0.08
2026-08-13,10,04,1,3579,中里優子,13,64,6.98,1,0.14
2026-08-13,10,05,6,4947,間庭菜摘,65,35,6.98,6,0.06
2026-08-13,10,06,3,5129,山口真喜子,55,39,7.01,3,0.13
2026-08-13,11,01,1,4627,藤原菜希,70,66,6.95,1,0.09
2026-08-13,11,02,2,5117,冨名腰桃奈,47,67,6.93,2,0.12
2026-08-13,11,03,3,4408,仁科さやか,59,12,6.97,3,0.16
2026-08-13,11,04,5,4372,原田佑実,19,34,6.96,5,0.12
2026-08-13,11,05,6,5358,増本杏珠,38,14,6.93,6,0.19
2026-08-13,11,06,4,5272,松田真実,58,48,6.88,4,0.11
2026-08-13,12,01,1,4464,山下友貴,41,51,6.86,1,0.14
2026-08-13,12,02,4,5250,嶋田有里,34,85,6.98,4,0.19
2026-08-13,12,03,6,4065,金田幸子,25,59,6.97,6,0.24
2026-08-13,12,04,5,3175,渡辺千草,24,37,6.92,5,0.21
2026-08-13,12,05,2,3334,角ひとみ,78,31,7.0,2,0.22
2026-08-13,12,06,3,4744,伊藤玲奈,49,47,6.98,3,0.21
2026-08-14,1,01,2,4738,清埜翔子,31,54,6.96,2,0.15
2026-08-14,1,02,1,4924,中北涼,37,75,7.01,1,0.23
2026-08-14,1,03,5,5069,山崎小葉音,48,20,6.94,5,0.07
2026-08-14,1,04,6,4589,塩崎桐加,63,32,6.93,6,0.07
2026-08-14,1,05,3,5335,森陽多,43,15,6.97,3,0.15
2026-08-14,1,06,4,5397,寺田夢生,32,45,6.95,4,0.11
2026-08-14,2,01,1,5254,羽田妃希,79,36,6.95,1,0.22
2026-08-14,2,02,3,5213,湯淺紀香,57,27,6.97,3,0.19
2026-08-14,2,03,2,4744,伊藤玲奈,49,47,7.03,2,0.23
2026-08-14,2,04,4,5129,山口真喜子,55,39,7.03,4,0.20
2026-08-14,2,05,5,5342,原村百那,69,79,6.98,5,0.20
2026-08-14,2,06,6,5442,池田美優,39,60,7.05,6,0.20
2026-08-14,3,01,1,5250,嶋田有里,34,85,7.0,1,0.08
2026-08-14,3,02,4,3993,永井聖美,33,43,7.02,4,0.08
2026-08-14,3,03,3,4372,原田佑実,19,34,6.98,3,0.08
2026-08-14,3,04,5,3474,松瀬弘美,14,56,7.03,5,0.24
2026-08-14,3,05,2,3579,中里優子,13,64,7.01,2,0.13
2026-08-14,3,06,6,5380,野田亜湖,23,77,6.99,6,0.23
2026-08-14,4,01,1,3932,池田浩美,29,76,6.95,1,0.10
2026-08-14,4,02,3,5056,西岡成美,81,73,6.93,3,0.19
2026-08-14,4,03,6,4300,加藤綾,44,29,6.95,6,0.08
2026-08-14,4,04,4,4927,関野文,52,50,7.01,4,0.18
2026-08-14,4,05,5,4098,赤澤文香,36,81,6.99,5,0.23
2026-08-14,4,06,2,4408,仁科さやか,59,12,6.97,2,0.22
2026-08-14,5,01,3,5117,冨名腰桃奈,47,67,6.98,3,0.15
2026-08-14,5,02,5,4286,平田さやか,62,38,6.94,5,0.18
2026-08-14,5,03,2,5362,中嶋世奈,56,71,7.02,2,0.15
2026-08-14,5,04,1,3943,三松直美,28,24,7.14,1,0.10
2026-08-14,5,05,4,5360,高木茉白,54,49,7.02,4,0.19
2026-08-14,5,06,6,4246,喜多那由夏,17,69,6.99,6,0.19
2026-08-14,6,01,4,4450,平高奈菜,16,55,6.96,4,0.13
2026-08-14,6,02,1,4791,黒澤めぐみ,45,11,6.99,1,0.18
2026-08-14,6,03,5,4534,坂咲友理,20,57,6.98,5,0.15
2026-08-14,6,04,6,5272,松田真実,58,48,6.93,6,0.13
2026-08-14,6,05,2,5069,山崎小葉音,48,20,6.96,2,0.10
2026-08-14,6,06,3,5327,西田和加,46,82,7.01,3,0.19
2026-08-14,7,01,2,4627,藤原菜希,70,66,7.01,2,0.11
2026-08-14,7,02,3,4501,樋口由加里,40,25,7.0,3,0.10
2026-08-14,7,03,4,3175,渡辺千草,24,37,6.9,4,0.11
2026-08-14,7,04,1,3334,角ひとみ,78,31,7.03,1,0.11
2026-08-14,7,05,5,5254,羽田妃希,79,36,6.92,5,0.18
2026-08-14,7,06,6,5397,寺田夢生,32,45,6.94,6,0.17
2026-08-14,8,01,3,4589,塩崎桐加,63,32,6.92,3,0.11
2026-08-14,8,02,1,3993,永井聖美,33,43,6.95,1,0.13
2026-08-14,8,03,2,3604,武藤綾子,53,17,6.96,2,0.22
2026-08-14,8,04,4,4464,山下友貴,41,51,6.91,4,0.18
2026-08-14,8,05,6,5346,中村紋夕梨,61,46,6.93,5,0.10
2026-08-14,8,06,5,5442,池田美優,39,60,7.0,6,0.11
2026-08-14,9,01,3,4927,関野文,52,50,7.01,3,0.10
2026-08-14,9,02,1,5335,森陽多,43,15,6.95,1,0.17
2026-08-14,9,03,5,4947,間庭菜摘,65,35,6.96,5,0.18
2026-08-14,9,04,6,4891,寺島美里,74,62,6.88,6,0.22
2026-08-14,9,05,2,5342,原村百那,69,79,6.94,2,0.16
2026-08-14,9,06,4,5380,野田亜湖,23,77,6.97,4,0.31
2026-08-14,10,01,1,4372,原田佑実,19,34,6.94,1,0.21
2026-08-14,10,02,5,4065,金田幸子,25,59,6.98,5,0.16
2026-08-14,10,03,2,4924,中北涼,37,75,6.93,2,0.20
2026-08-14,10,04,4,5358,増本杏珠,38,14,6.94,4,0.16
2026-08-14,10,05,6,5362,中嶋世奈,56,71,6.91,6,0.19
2026-08-14,10,06,3,4098,赤澤文香,36,81,6.97,3,0.23
2026-08-14,11,01,1,4738,清埜翔子,31,54,6.94,1,0.17
2026-08-14,11,02,2,3474,松瀬弘美,14,56,6.99,2,0.19
2026-08-14,11,03,4,4791,黒澤めぐみ,45,11,6.92,4,0.16
2026-08-14,11,04,3,5360,高木茉白,54,49,6.96,3,0.19
2026-08-14,11,05,6,5129,山口真喜子,55,39,6.95,6,0.15
2026-08-14,11,06,5,5056,西岡成美,81,73,6.89,5,0.15
2026-08-14,12,01,1,4450,平高奈菜,16,55,6.91,1,0.10
2026-08-14,12,02,2,4300,加藤綾,44,29,6.91,2,0.12
2026-08-14,12,03,3,4286,平田さやか,62,38,6.93,3,0.11
2026-08-14,12,04,5,3579,中里優子,13,64,6.94,5,0.15
2026-08-14,12,05,6,5213,湯淺紀香,57,27,6.9,6,0.15
2026-08-14,12,06,4,4501,樋口由加里,40,25,6.95,4,0.13
2026-08-15,1,01,1,5117,冨名腰桃奈,47,67,6.91,1,0.01
2026-08-15,1,02,5,5272,松田真実,58,48,6.88,5,0.12
2026-08-15,1,03,2,3175,渡辺千草,24,37,6.93,2,0.03
2026-08-15,1,04,3,4464,山下友貴,41,51,6.89,3,0.01
2026-08-15,1,05,6,3604,武藤綾子,53,17,6.93,6,0.21
2026-08-15,1,06,4,4744,伊藤玲奈,49,47,6.91,4,0.11
2026-08-15,2,01,1,4246,喜多那由夏,17,69,6.94,1,0.15
2026-08-15,2,02,4,3932,池田浩美,29,76,6.93,4,0.11
2026-08-15,2,03,5,4372,原田佑実,19,34,6.94,5,0.16
2026-08-15,2,04,2,4065,金田幸子,25,59,6.97,2,0.10
2026-08-15,2,05,3,5250,嶋田有里,34,85,6.98,3,0.07
2026-08-15,2,06,6,5397,寺田夢生,32,45,6.91,6,0.18
2026-08-15,3,01,4,4450,平高奈菜,16,55,6.98,4,0.12
2026-08-15,3,02,3,4891,寺島美里,74,62,6.93,3,0.13
2026-08-15,3,03,1,5327,西田和加,46,82,6.95,1,0.15
2026-08-15,3,04,6,3579,中里優子,13,64,6.97,6,0.15
2026-08-15,3,05,5,5346,中村紋夕梨,61,46,6.99,5,0.13
2026-08-15,3,06,2,3943,三松直美,28,24,7.14,2,0.17
2026-08-15,4,01,1,4408,仁科さやか,59,12,6.98,1,0.11
2026-08-15,4,02,2,5358,増本杏珠,38,14,7.0,2,0.14
2026-08-15,4,03,4,4947,間庭菜摘,65,35,6.97,4,0.09
2026-08-15,4,04,3,3334,角ひとみ,78,31,7.01,3,0.09
2026-08-15,4,05,6,4791,黒澤めぐみ,45,11,6.97,6,0.19
2026-08-15,4,06,5,5380,野田亜湖,23,77,7.01,5,0.19
2026-08-15,5,01,1,5362,中嶋世奈,56,71,6.96,1,0.18
2026-08-15,5,02,2,4534,坂咲友理,20,57,6.93,2,0.16
2026-08-15,5,03,3,4627,藤原菜希,70,66,7.01,3,0.13
2026-08-15,5,04,5,5360,高木茉白,54,49,7.0,5,0.21
2026-08-15,5,05,6,3474,松瀬弘美,14,56,7.0,6,0.20
2026-08-15,5,06,4,5335,森陽多,43,15,6.97,4,0.24
2026-08-15,6,01,5,5213,湯淺紀香,57,27,6.91,5,0.09
2026-08-15,6,02,3,4924,中北涼,37,75,7.0,3,0.08
2026-08-15,6,03,2,4927,関野文,52,50,7.01,2,0.08
2026-08-15,6,04,1,3175,渡辺千草,24,37,6.95,1,0.17
2026-08-15,6,05,4,4589,塩崎桐加,63,32,6.97,4,0.09
2026-08-15,6,06,6,5342,原村百那,69,79,6.95,6,0.10
2026-08-15,7,01,1,4464,山下友貴,41,51,6.89,1,0.18
2026-08-15,7,02,3,5069,山崎小葉音,48,20,6.93,3,0.17
2026-08-15,7,03,2,5250,嶋田有里,34,85,7.01,2,0.19
2026-08-15,7,04,4,4738,清埜翔子,31,54,6.92,4,0.16
2026-08-15,7,05,6,5442,池田美優,39,60,6.96,6,0.16
2026-08-15,7,S1,5,5117,冨名腰桃奈,47,67,6.91,5,0.16
2026-08-15,8,01,2,4891,寺島美里,74,62,6.88,2,0.17
2026-08-15,8,02,1,4098,赤澤文香,36,81,6.93,1,0.20
2026-08-15,8,03,3,4300,加藤綾,44,29,6.91,3,0.28
2026-08-15,8,04,5,4286,平田さやか,62,38,6.91,5,0.19
2026-08-15,8,05,6,4744,伊藤玲奈,49,47,6.96,6,0.20
2026-08-15,8,06,4,4246,喜多那由夏,17,69,6.94,4,0.24
2026-08-15,9,01,1,4065,金田幸子,25,59,6.98,1,0.13
2026-08-15,9,02,2,4450,平高奈菜,16,55,6.9,2,0.16
2026-08-15,9,03,3,5272,松田真実,58,48,6.94,3,0.16
2026-08-15,9,04,4,5056,西岡成美,81,73,6.89,4,0.17
2026-08-15,9,05,6,4501,樋口由加里,40,25,6.96,6,0.11
2026-08-15,9,06,5,4408,仁科さやか,59,12,6.96,5,0.16
2026-08-15,10,01,1,5129,山口真喜子,55,39,6.94,1,0.17
2026-08-15,10,02,6,4534,坂咲友理,20,57,6.94,6,0.02
2026-08-15,10,03,5,3334,角ひとみ,78,31,6.97,5,0.07
2026-08-15,10,04,4,5327,西田和加,46,82,6.89,4,0.11
2026-08-15,10,S2,2,3993,永井聖美,33,43,6.97,2,0.22
2026-08-15,10,S0,3,5254,羽田妃希,79,36,6.93,3,0.24
2026-08-15,11,01,4,4927,関野文,52,50,7.0,4,0.13
2026-08-15,11,02,1,4627,藤原菜希,70,66,6.95,1,0.28
2026-08-15,11,03,3,3932,池田浩美,29,76,6.93,3,0.17
2026-08-15,11,04,2,4947,間庭菜摘,65,35,6.95,2,0.21
2026-08-15,11,05,5,3604,武藤綾子,53,17,6.99,5,0.20
2026-08-15,11,06,6,3943,三松直美,28,24,7.13,6,0.19
2026-08-15,12,01,2,5346,中村紋夕梨,61,46,6.95,2,0.13
2026-08-15,12,02,1,4924,中北涼,37,75,6.95,1,0.11
2026-08-15,12,03,3,4791,黒澤めぐみ,45,11,6.93,3,0.10
2026-08-15,12,04,4,4372,原田佑実,19,34,6.95,4,0.11
2026-08-15,12,05,5,5069,山崎小葉音,48,20,6.93,5,0.13
2026-08-15,12,06,6,5362,中嶋世奈,56,71,6.9,6,0.17
2026-08-16,1,01,1,5213,湯淺紀香,57,27,6.9,1,0.14
2026-08-16,1,02,2,5129,山口真喜子,55,39,6.97,2,0.20
2026-08-16,1,03,3,4744,伊藤玲奈,49,47,6.98,3,0.22
2026-08-16,1,04,5,4098,赤澤文香,36,81,6.93,5,0.28
2026-08-16,1,05,4,3932,池田浩美,29,76,6.95,4,0.20
2026-08-16,1,06,6,5442,池田美優,39,60,6.99,6,0.23
2026-08-16,2,01,2,5272,松田真実,58,48,6.84,2,0.08
2026-08-16,2,02,3,4501,樋口由加里,40,25,6.97,3,0.15
2026-08-16,2,03,6,3334,角ひとみ,78,31,6.98,6,0.13
2026-08-16,2,04,4,4534,坂咲友理,20,57,6.91,4,0.11
2026-08-16,2,05,1,4589,塩崎桐加,63,32,6.92,1,0.03
2026-08-16,2,06,5,3604,武藤綾子,53,17,6.96,5,0.14
2026-08-16,3,01,1,4065,金田幸子,25,59,6.98,1,0.22
2026-08-16,3,02,2,4791,黒澤めぐみ,45,11,6.93,2,0.20
2026-08-16,3,03,4,3474,松瀬弘美,14,56,6.99,4,0.15
2026-08-16,3,04,6,4738,清埜翔子,31,54,6.93,6,0.20
2026-08-16,3,05,5,5250,嶋田有里,34,85,6.96,5,0.16
2026-08-16,3,06,3,5335,森陽多,43,15,6.97,3,0.17
2026-08-16,4,01,1,4372,原田佑実,19,34,6.94,1,0.23
2026-08-16,4,02,3,4300,加藤綾,44,29,6.91,3,0.18
2026-08-16,4,03,5,4450,平高奈菜,16,55,6.95,5,0.25
2026-08-16,4,04,4,4891,寺島美里,74,62,6.96,4,0.23
2026-08-16,4,05,6,5380,野田亜湖,23,77,7.01,6,0.29
2026-08-16,4,06,2,5360,高木茉白,54,49,6.98,2,0.27
2026-08-16,5,01,5,4627,藤原菜希,70,66,6.97,5,0.12
2026-08-16,5,02,1,5056,西岡成美,81,73,6.9,1,0.20
2026-08-16,5,03,3,5117,冨名腰桃奈,47,67,6.93,3,0.12
2026-08-16,5,04,6,5346,中村紋夕梨,61,46,6.97,6,0.13
2026-08-16,5,05,4,3943,三松直美,28,24,7.1,4,0.20
2026-08-16,5,06,2,5342,原村百那,69,79,6.95,2,0.18
2026-08-16,6,01,4,3175,渡辺千草,24,37,6.89,4,0.22
2026-08-16,6,02,3,5069,山崎小葉音,48,20,6.9,3,0.18
2026-08-16,6,03,5,4464,山下友貴,41,51,6.89,5,0.28
2026-08-16,6,04,1,4286,平田さやか,62,38,6.88,1,0.25
2026-08-16,6,05,6,5358,増本杏珠,38,14,6.95,6,0.30
2026-08-16,6,06,2,5254,羽田妃希,79,36,6.95,2,0.27
2026-08-16,7,01,5,3993,永井聖美,33,43,6.97,5,0.13
2026-08-16,7,02,1,4927,関野文,52,50,7.01,1,0.09
2026-08-16,7,03,3,3579,中里優子,13,64,6.96,3,0.13
2026-08-16,7,04,2,5362,中嶋世奈,56,71,6.92,2,0.12
2026-08-16,7,05,4,4246,喜多那由夏,17,69,6.98,4,0.20
2026-08-16,7,06,6,5397,寺田夢生,32,45,6.94,6,0.24
2026-08-16,8,01,1,4408,仁科さやか,59,12,6.93,1,0.15
2026-08-16,8,02,5,4947,間庭菜摘,65,35,6.92,5,0.16
2026-08-16,8,03,3,3474,松瀬弘美,14,56,6.96,3,0.12
2026-08-16,8,04,6,4924,中北涼,37,75,6.93,6,0.13
2026-08-16,8,05,2,5327,西田和加,46,82,6.9,2,0.14
2026-08-16,8,06,4,4501,樋口由加里,40,25,6.96,4,0.21
2026-08-16,9,01,2,4372,原田佑実,19,34,6.94,2,0.17
2026-08-16,9,02,1,4738,清埜翔子,31,54,6.92,1,0.09
2026-08-16,9,03,5,4791,黒澤めぐみ,45,11,6.93,5,0.22
2026-08-16,9,04,4,4300,加藤綾,44,29,6.94,4,0.19
2026-08-16,9,05,6,5213,湯淺紀香,57,27,6.91,6,0.21
2026-08-16,9,06,3,4534,坂咲友理,20,57,6.92,3,0.19
2026-08-16,10,01,1,4450,平高奈菜,16,55,6.91,1,0.06
2026-08-16,10,02,3,3932,池田浩美,29,76,6.95,3,0.04
2026-08-16,10,03,5,4065,金田幸子,25,59,6.98,5,0.08
2026-08-16,10,04,4,4464,山下友貴,41,51,6.89,4,0.14
2026-08-16,10,05,2,4589,塩崎桐加,63,32,6.91,2,0.05
2026-08-16,10,06,6,5056,西岡成美,81,73,6.92,6,0.13
2026-08-16,11,01,1,4627,藤原菜希,70,66,6.94,1,0.19
2026-08-16,11,02,5,5272,松田真実,58,48,6.89,5,0.16
2026-08-16,11,03,6,5129,山口真喜子,55,39,6.96,6,0.08
2026-08-16,11,04,2,4927,関野文,52,50,6.99,2,0.10
2026-08-16,11,05,4,4286,平田さやか,62,38,6.9,4,0.14
2026-08-16,11,06,3,4891,寺島美里,74,62,6.92,3,0.13
2026-08-16,12,01,4,5250,嶋田有里,34,85,7.01,4,0.15
2026-08-16,12,02,5,5117,冨名腰桃奈,47,67,6.96,5,0.19
2026-08-16,12,03,1,3334,角ひとみ,78,31,7.0,1,0.16
2026-08-16,12,04,2,5358,増本杏珠,38,14,6.95,2,0.14
2026-08-16,12,05,3,4246,喜多那由夏,17,69,7.01,3,0.15
2026-08-16,12,S1,6,5360,高木茉白,54,49,6.98,6,0.11
2026-08-17,1,01,1,4891,寺島美里,74,62,6.96,1,0.15
2026-08-17,1,02,2,4947,間庭菜摘,65,35,6.97,2,0.15
2026-08-17,1,03,3,4744,伊藤玲奈,49,47,6.99,3,0.17
2026-08-17,1,04,6,5335,森陽多,43,15,6.95,6,0.07
2026-08-17,1,05,5,5327,西田和加,46,82,6.9,5,0.17
2026-08-17,1,06,4,3943,三松直美,28,24,7.14,4,0.17
2026-08-17,2,01,1,4534,坂咲友理,20,57,6.92,1,0.26
2026-08-17,2,02,2,3604,武藤綾子,53,17,6.99,2,0.20
2026-08-17,2,03,3,4098,赤澤文香,36,81,7.02,3,0.26
2026-08-17,2,04,4,5254,羽田妃希,79,36,6.93,4,0.28
2026-08-17,2,05,5,5360,高木茉白,54,49,7.01,5,0.28
2026-08-17,2,S1,6,4065,金田幸子,25,59,6.99,6,0.27
2026-08-17,3,01,2,5213,湯淺紀香,57,27,6.94,2,0.24
2026-08-17,3,02,3,3579,中里優子,13,64,6.99,3,0.23
2026-08-17,3,03,4,4791,黒澤めぐみ,45,11,6.97,4,0.22
2026-08-17,3,04,1,3175,渡辺千草,24,37,6.92,1,0.29
2026-08-17,3,05,6,5380,野田亜湖,23,77,6.97,6,0.30
2026-08-17,3,06,5,5342,原村百那,69,79,6.97,5,0.33
2026-08-17,4,01,2,5056,西岡成美,81,73,6.88,2,0.16
2026-08-17,4,02,4,3993,永井聖美,33,43,6.97,4,0.21
2026-08-17,4,03,3,4246,喜多那由夏,17,69,6.98,3,0.15
2026-08-17,4,04,1,3474,松瀬弘美,14,56,6.96,1,0.16
2026-08-17,4,05,6,3334,角ひとみ,78,31,6.97,6,0.25
2026-08-17,4,06,5,4589,塩崎桐加,63,32,6.91,5,0.19
2026-08-17,5,01,1,4464,山下友貴,41,51,6.88,1,0.14
2026-08-17,5,02,2,5069,山崎小葉音,48,20,6.93,2,0.12
2026-08-17,5,03,3,4501,樋口由加里,40,25,7.02,3,0.16
2026-08-17,5,04,6,4927,関野文,52,50,7.0,6,0.15
2026-08-17,5,05,5,4408,仁科さやか,59,12,6.95,5,0.17
2026-08-17,5,06,4,4744,伊藤玲奈,49,47,6.98,4,0.14
2026-08-17,6,01,1,5129,山口真喜子,55,39,6.96,1,0.07
2026-08-17,6,02,2,5117,冨名腰桃奈,47,67,6.93,2,0.11
2026-08-17,6,03,6,4286,平田さやか,62,38,6.88,6,0.08
2026-08-17,6,04,5,5362,中嶋世奈,56,71,6.91,5,0.12
2026-08-17,6,05,4,5358,増本杏珠,38,14,6.97,4,0.10
2026-08-17,6,06,3,3943,三松直美,28,24,7.1,3,0.10
2026-08-17,7,01,1,4300,加藤綾,44,29,6.93,1,0.07
2026-08-17,7,02,2,4098,赤澤文香,36,81,6.99,2,0.16
2026-08-17,7,03,3,4947,間庭菜摘,65,35,6.94,3,0.13
2026-08-17,7,04,5,4924,中北涼,37,75,6.93,5,0.11
2026-08-17,7,05,4,5342,原村百那,69,79,6.95,4,0.11
2026-08-17,7,06,6,5442,池田美優,39,60,7.0,6,0.18
2026-08-17,8,01,2,3993,永井聖美,33,43,6.97,2,0.16
2026-08-17,8,02,5,3175,渡辺千草,24,37,6.91,5,0.10
2026-08-17,8,03,1,5250,嶋田有里,34,85,6.98,1,0.15
2026-08-17,8,04,6,5397,寺田夢生,32,45,6.97,6,0.13
2026-08-17,8,05,3,3604,武藤綾子,53,17,6.99,3,0.18
2026-08-17,8,06,4,5327,西田和加,46,82,6.93,4,0.24
2026-08-17,9,01,4,3579,中里優子,13,64,6.97,4,0.16
2026-08-17,9,02,2,3334,角ひとみ,78,31,6.98,2,0.23
2026-08-17,9,03,5,5254,羽田妃希,79,36,6.94,5,0.18
2026-08-17,9,04,3,5346,中村紋夕梨,61,46,6.97,3,0.27
2026-08-17,9,05,1,5335,森陽多,43,15,6.93,1,0.25
2026-08-17,9,06,6,4408,仁科さやか,59,12,6.94,6,0.21
2026-08-17,10,01,1,4791,黒澤めぐみ,45,11,6.92,1,0.23
2026-08-17,10,02,2,5129,山口真喜子,55,39,6.95,2,0.23
2026-08-17,10,03,3,4464,山下友貴,41,51,6.9,3,0.24
2026-08-17,10,04,4,4589,塩崎桐加,63,32,6.91,4,0.18
2026-08-17,10,05,5,4891,寺島美里,74,62,6.88,5,0.21
2026-08-17,10,06,6,4534,坂咲友理,20,57,6.94,6,0.29
2026-08-17,11,01,4,4286,平田さやか,62,38,6.86,4,0.06
2026-08-17,11,02,2,4927,関野文,52,50,6.95,2,0.14
2026-08-17,11,03,3,4300,加藤綾,44,29,6.94,3,0.14
2026-08-17,11,04,1,4065,金田幸子,25,59,6.98,1,0.13
2026-08-17,11,05,6,5056,西岡成美,81,73,6.89,6,0.15
2026-08-17,11,06,5,5213,湯淺紀香,57,27,6.95,5,0.11
2026-08-17,12,01,1,4450,平高奈菜,16,55,6.9,1,0.10
2026-08-17,12,02,2,4627,藤原菜希,70,66,6.94,2,0.11
2026-08-17,12,03,3,4372,原田佑実,19,34,6.89,3,0.13
2026-08-17,12,04,4,4738,清埜翔子,31,54,6.92,4,0.19
2026-08-17,12,05,5,3932,池田浩美,29,76,6.94,5,0.23
2026-08-17,12,06,6,5272,松田真実,58,48,6.89,6,0.14
2026-08-20,1,01,3,4040,廣瀬将亨,52,12,6.97,3,0.13
2026-08-20,1,02,1,4143,浦田晃嗣,71,23,6.95,1,0.22
2026-08-20,1,03,5,4506,稗田聖也,26,44,6.94,5,0.12
2026-08-20,1,04,2,5398,鐘ヶ江真司,18,26,6.96,2,0.26
2026-08-20,1,05,6,3458,東健介,15,18,7.0,6,0.13
2026-08-20,1,06,4,5190,大月遊雅,37,22,6.88,4,0.14
2026-08-20,2,01,3,4603,谷川将太,55,33,6.96,3,0.00
2026-08-20,2,02,4,4526,池田雄祐,72,20,6.96,4,0.03
2026-08-20,2,03,6,4584,村岡賢人,20,72,6.94,6,0.06
2026-08-20,2,04,5,5007,近藤雄一郎,21,68,6.96,5,0.07
2026-08-20,2,F,1,3569,増田進,11,36,6.99,1,F0.01
2026-08-20,2,F,2,4487,三原司,35,53,6.99,2,F0.01
2026-08-20,3,01,3,4697,國弘翔平,80,84,6.98,4,0.25
2026-08-20,3,02,4,4077,品田直樹,44,29,6.93,5,0.23
2026-08-20,3,03,1,3315,広瀬聖仁,46,74,6.99,1,0.21
2026-08-20,3,04,6,4174,赤坂俊輔,16,21,6.96,2,0.26
2026-08-20,3,05,5,4725,佐竹太一,66,45,6.99,6,0.29
2026-08-20,3,06,2,5124,上瀧絢也,54,58,6.99,3,0.28
2026-08-20,4,01,3,3747,國崎良春,41,19,6.92,4,0.16
2026-08-20,4,02,1,3542,清水紀克,13,75,7.04,1,0.25
2026-08-20,4,03,2,4879,山崎鉄平,64,70,6.98,3,0.28
2026-08-20,4,04,6,3612,馬袋義則,73,65,7.0,2,0.26
2026-08-20,4,05,4,5169,堀本翔太,59,27,6.95,5,0.25
2026-08-20,4,06,5,5102,原田雄次,60,52,6.97,6,0.29
2026-08-20,5,01,4,4932,新開航,45,35,6.97,6,0.02
2026-08-20,5,02,5,4527,高野心吾,31,55,6.95,4,0.07
2026-08-20,5,03,1,4315,山崎昂介,38,80,6.85,1,0.03
2026-08-20,5,04,6,4176,樋口喜彦,50,41,7.07,5,0.08
2026-08-20,5,05,3,4633,森智也,22,78,6.99,3,0.02
2026-08-20,5,F,2,4665,加藤啓太,67,13,6.97,2,F0.01
2026-08-20,6,01,3,4736,高倉和士,75,62,7.0,3,0.14
2026-08-20,6,02,1,4363,大野芳顕,24,39,6.95,1,0.15
2026-08-20,6,03,5,5232,樅山拓馬,51,61,7.03,5,0.16
2026-08-20,6,04,2,4615,板倉敦史,47,14,7.01,2,0.18
2026-08-20,6,05,6,3340,池田雷太,49,63,6.96,6,0.20
2026-08-20,6,06,4,4143,浦田晃嗣,71,23,7.01,4,0.11
2026-08-20,7,01,1,5126,山下大輝,68,28,6.9,1,0.06
2026-08-20,7,02,3,4892,柴田直哉,76,48,6.92,3,0.11
2026-08-20,7,03,2,5007,近藤雄一郎,21,68,7.0,2,0.14
2026-08-20,7,04,5,5351,齊藤廉,12,16,6.94,5,0.12
2026-08-20,7,05,4,3458,東健介,15,18,7.02,4,0.17
2026-08-20,7,06,6,4603,谷川将太,55,33,6.93,6,0.19
2026-08-20,8,01,1,4526,池田雄祐,72,20,6.93,1,0.09
2026-08-20,8,02,3,5124,上瀧絢也,54,58,6.96,3,0.11
2026-08-20,8,03,2,5096,上原崚,70,15,6.94,2,0.14
2026-08-20,8,04,5,4735,角山雄哉,27,86,6.94,5,0.12
2026-08-20,8,05,4,5398,鐘ヶ江真司,18,26,6.97,4,0.10
2026-08-20,8,06,6,4100,松田隆司,30,81,6.97,6,0.13
2026-08-20,9,01,4,3315,広瀬聖仁,46,74,6.97,4,0.12
2026-08-20,9,02,5,5160,藤森陸斗,77,79,6.93,6,0.16
2026-08-20,9,03,1,4381,田路朋史,25,30,6.91,1,0.17
2026-08-20,9,04,2,5169,堀本翔太,59,27,6.95,2,0.25
2026-08-20,9,05,6,4040,廣瀬将亨,52,12,6.96,5,0.11
2026-08-20,9,06,3,4487,三原司,35,53,6.98,3,0.21
2026-08-20,10,01,3,4725,佐竹太一,66,45,6.97,3,0.14
2026-08-20,10,02,1,3747,國崎良春,41,19,6.9,1,0.16
2026-08-20,10,03,5,4665,加藤啓太,67,13,6.92,5,0.23
2026-08-20,10,04,6,4515,藤田浩人,17,40,6.94,6,0.25
2026-08-20,10,05,2,4630,岩永雅人,53,83,6.93,2,0.19
2026-08-20,10,06,4,3569,増田進,11,36,6.98,4,0.26
2026-08-20,11,01,1,4506,稗田聖也,26,44,6.88,1,0.12
2026-08-20,11,02,5,4633,森智也,22,78,6.97,5,0.19
2026-08-20,11,03,3,4879,山崎鉄平,64,70,6.89,3,0.22
2026-08-20,11,04,4,4363,大野芳顕,24,39,6.9,4,0.21
2026-08-20,11,05,2,5232,樅山拓馬,51,61,6.99,2,0.16
2026-08-20,11,06,6,4077,品田直樹,44,29,6.91,6,0.23
2026-08-20,12,01,1,4932,新開航,45,35,6.92,1,0.19
2026-08-20,12,02,3,4174,赤坂俊輔,16,21,6.9,3,0.18
2026-08-20,12,03,4,4584,村岡賢人,20,72,6.9,4,0.11
2026-08-20,12,04,5,5126,山下大輝,68,28,6.86,5,0.10
2026-08-20,12,05,2,3612,馬袋義則,73,65,6.94,2,0.16
2026-08-20,12,06,6,4736,高倉和士,75,62,6.94,6,0.13
2026-08-21,1,01,3,4315,山崎昂介,38,80,6.87,4,0.17
2026-08-21,1,02,5,4892,柴田直哉,76,48,6.92,5,0.18
2026-08-21,1,03,1,4515,藤田浩人,17,40,6.94,1,0.14
2026-08-21,1,04,6,4506,稗田聖也,26,44,6.93,6,0.10
2026-08-21,1,05,2,4527,高野心吾,31,55,6.91,3,0.24
2026-08-21,1,06,4,3542,清水紀克,13,75,7.09,2,0.31
2026-08-21,2,01,1,3340,池田雷太,49,63,6.9,1,0.13
2026-08-21,2,02,4,3747,國崎良春,41,19,6.9,4,0.09
2026-08-21,2,03,5,4932,新開航,45,35,6.94,5,0.15
2026-08-21,2,04,6,4487,三原司,35,53,6.99,6,0.23
2026-08-21,2,05,2,5190,大月遊雅,37,22,6.88,2,0.14
2026-08-21,2,06,3,4735,角山雄哉,27,86,6.95,3,0.13
2026-08-21,3,01,1,4100,松田隆司,30,81,6.97,1,0.12
2026-08-21,3,02,2,5126,山下大輝,68,28,6.92,2,0.17
2026-08-21,3,03,3,5160,藤森陸斗,77,79,6.99,3,0.19
2026-08-21,3,04,5,4615,板倉敦史,47,14,6.98,5,0.26
2026-08-21,3,05,4,4176,樋口喜彦,50,41,7.05,4,0.22
2026-08-21,3,06,6,4143,浦田晃嗣,71,23,6.98,6,0.21
2026-08-21,4,01,3,4584,村岡賢人,20,72,6.9,3,0.11
2026-08-21,4,02,2,5351,齊藤廉,12,16,6.91,2,0.16
2026-08-21,4,03,5,4879,山崎鉄平,64,70,6.93,5,0.12
2026-08-21,4,04,4,4381,田路朋史,25,30,6.91,4,0.11
2026-08-21,4,05,6,4665,加藤啓太,67,13,6.93,6,0.18
2026-08-21,4,06,1,4040,廣瀬将亨,52,12,6.93,1,0.20
2026-08-21,5,01,1,4603,谷川将太,55,33,7.01,1,0.21
2026-08-21,5,02,2,5102,原田雄次,60,52,7.0,2,0.18
2026-08-21,5,03,4,4736,高倉和士,75,62,7.05,4,0.15
2026-08-21,5,04,5,5096,上原崚,70,15,7.03,5,0.14
2026-08-21,5,05,3,5007,近藤雄一郎,21,68,7.06,3,0.19
2026-08-21,5,06,6,3315,広瀬聖仁,46,74,7.03,6,0.08
2026-08-21,6,01,4,3612,馬袋義則,73,65,6.98,4,0.19
2026-08-21,6,02,2,4697,國弘翔平,80,84,6.94,3,0.19
2026-08-21,6,03,5,5398,鐘ヶ江真司,18,26,6.92,6,0.22
2026-08-21,6,04,3,4630,岩永雅人,53,83,6.96,5,0.16
2026-08-21,6,05,1,3458,東健介,15,18,7.0,1,0.15
2026-08-21,6,06,6,3542,清水紀克,13,75,7.01,2,0.21
2026-08-21,7,01,1,4174,赤坂俊輔,16,21,6.89,1,0.18
2026-08-21,7,02,5,5124,上瀧絢也,54,58,6.98,5,0.07
2026-08-21,7,03,6,3569,増田進,11,36,6.93,6,0.18
2026-08-21,7,04,3,4527,高野心吾,31,55,6.93,3,0.14
2026-08-21,7,05,4,5232,樅山拓馬,51,61,6.95,4,0.05
2026-08-21,7,06,2,4735,角山雄哉,27,86,6.92,2,0.11
2026-08-21,8,01,1,4077,品田直樹,44,29,6.9,1,0.15
2026-08-21,8,02,3,4615,板倉敦史,47,14,6.96,3,0.18
2026-08-21,8,03,5,4315,山崎昂介,38,80,6.81,5,0.21
2026-08-21,8,04,2,4725,佐竹太一,66,45,6.96,2,0.15
2026-08-21,8,05,6,5126,山下大輝,68,28,6.9,6,0.18
2026-08-21,8,06,4,3340,池田雷太,49,63,6.9,4,0.20
2026-08-21,9,01,3,4932,新開航,45,35,6.97,3,0.17
2026-08-21,9,02,4,5351,齊藤廉,12,16,6.93,4,0.17
2026-08-21,9,03,2,4892,柴田直哉,76,48,6.96,2,0.12
2026-08-21,9,04,5,5169,堀本翔太,59,27,6.95,5,0.15
2026-08-21,9,05,6,4526,池田雄祐,72,20,6.93,6,0.12
2026-08-21,9,06,1,4176,樋口喜彦,50,41,7.06,1,0.13
2026-08-21,10,01,1,4584,村岡賢人,20,72,6.87,1,0.13
2026-08-21,10,02,3,5102,原田雄次,60,52,6.96,3,0.14
2026-08-21,10,03,2,4633,森智也,22,78,7.01,2,0.14
2026-08-21,10,04,5,5190,大月遊雅,37,22,6.85,5,0.07
2026-08-21,10,05,6,4363,大野芳顕,24,39,6.89,6,0.08
2026-08-21,10,06,4,4100,松田隆司,30,81,6.98,4,0.09
2026-08-21,11,01,1,3612,馬袋義則,73,65,6.97,1,0.11
2026-08-21,11,02,2,4506,稗田聖也,26,44,6.97,2,0.14
2026-08-21,11,03,6,4381,田路朋史,25,30,6.91,6,0.15
2026-08-21,11,04,5,4697,國弘翔平,80,84,6.97,5,0.13
2026-08-21,11,05,3,5096,上原崚,70,15,6.97,3,0.16
2026-08-21,11,06,4,4515,藤田浩人,17,40,7.0,4,0.15
2026-08-21,12,01,6,3747,國崎良春,41,19,6.94,6,0.08
2026-08-21,12,02,4,4040,廣瀬将亨,52,12,6.99,4,0.09
2026-08-21,12,03,1,4736,高倉和士,75,62,7.02,1,0.14
2026-08-21,12,04,2,5160,藤森陸斗,77,79,6.99,2,0.16
2026-08-21,12,05,3,4174,赤坂俊輔,16,21,6.93,3,0.17
2026-08-21,12,06,5,4630,岩永雅人,53,83,6.97,5,0.14
2026-08-22,1,01,2,5232,樅山拓馬,51,61,6.94,2,0.12
2026-08-22,1,02,3,5351,齊藤廉,12,16,6.97,3,0.14
2026-08-22,1,03,5,3458,東健介,15,18,6.99,5,0.11
2026-08-22,1,04,1,4879,山崎鉄平,64,70,6.93,1,0.35
2026-08-22,1,05,4,5398,鐘ヶ江真司,18,26,6.92,4,0.11
2026-08-22,1,06,6,4315,山崎昂介,38,80,6.88,6,0.13
2026-08-22,2,01,2,4603,谷川将太,55,33,6.97,2,0.11
2026-08-22,2,02,1,4697,國弘翔平,80,84,6.94,1,0.09
2026-08-22,2,03,6,4892,柴田直哉,76,48,6.96,6,0.19
2026-08-22,2,04,5,3340,池田雷太,49,63,6.96,5,0.18
2026-08-22,2,05,3,4176,樋口喜彦,50,41,7.05,3,0.13
2026-08-22,2,06,4,4527,高野心吾,31,55,6.96,4,0.17
2026-08-22,3,01,2,4077,品田直樹,44,29,6.94,2,0.14
2026-08-22,3,02,1,4174,赤坂俊輔,16,71,6.95,1,0.15
2026-08-22,3,03,5,4584,村岡賢人,20,72,6.92,5,0.11
2026-08-22,3,04,3,5124,上瀧絢也,54,58,6.98,3,0.10
2026-08-22,3,05,6,4615,板倉敦史,47,14,6.98,6,0.14
2026-08-22,3,06,4,5102,原田雄次,60,52,6.96,4,0.13
2026-08-22,4,01,1,3612,馬袋義則,73,65,6.97,1,0.21
2026-08-22,4,02,2,3315,広瀬聖仁,46,74,6.95,2,0.13
2026-08-22,4,03,5,3747,國崎良春,41,19,6.9,5,0.12
2026-08-22,4,04,6,5096,上原崚,70,15,6.97,6,0.11
2026-08-22,4,05,4,4735,角山雄哉,27,86,6.93,4,0.14
2026-08-22,4,06,3,4100,松田隆司,30,81,6.97,3,0.17
2026-08-22,5,01,1,5160,藤森陸斗,77,79,6.97,1,0.03
2026-08-22,5,02,2,4526,池田雄祐,72,20,6.91,3,0.06
2026-08-22,5,03,4,3542,清水紀克,13,75,7.09,2,0.03
2026-08-22,5,04,6,3569,増田進,11,36,6.99,6,0.15
2026-08-22,5,05,5,4736,高倉和士,75,62,7.03,5,0.11
2026-08-22,5,06,3,4725,佐竹太一,66,45,6.97,4,0.04
2026-08-22,6,01,1,4633,森智也,22,78,6.99,1,0.15
2026-08-22,6,02,3,5126,山下大輝,68,28,6.92,3,0.15
2026-08-22,6,03,6,4932,新開航,45,35,6.95,6,0.21
2026-08-22,6,04,5,5007,近藤雄一郎,21,68,6.98,5,0.21
2026-08-22,6,05,2,5169,堀本翔太,59,27,6.96,2,0.17
2026-08-22,6,06,4,3458,東健介,15,18,7.0,4,0.25
2026-08-22,7,01,1,4506,稗田聖也,26,44,6.94,1,0.11
2026-08-22,7,02,3,4381,田路朋史,25,30,6.91,3,0.19
2026-08-22,7,03,4,4363,大野芳顕,24,39,6.93,4,0.14
2026-08-22,7,04,2,5398,鐘ヶ江真司,18,26,6.95,2,0.15
2026-08-22,7,05,6,4665,加藤啓太,67,13,6.96,6,0.24
2026-08-22,7,06,5,4143,浦田晃嗣,71,23,7.0,5,0.23
2026-08-22,8,01,2,5190,大月遊雅,37,22,6.91,2,0.16
2026-08-22,8,02,1,4630,岩永雅人,53,83,6.91,1,0.16
2026-08-22,8,03,5,4515,藤田浩人,17,40,6.9,5,0.14
2026-08-22,8,04,4,4040,廣瀬将亨,52,12,6.9,4,0.15
2026-08-22,8,05,6,4487,三原司,35,53,6.92,6,0.19
2026-08-22,8,06,3,5232,樅山拓馬,51,61,6.94,3,0.15
2026-08-22,9,01,1,4584,村岡賢人,20,72,6.86,1,0.16
2026-08-22,9,02,2,3612,馬袋義則,73,65,6.94,2,0.22
2026-08-22,9,03,5,5351,齊藤廉,12,16,6.87,5,0.15
2026-08-22,9,04,6,5160,藤森陸斗,77,79,6.87,6,0.19
2026-08-22,9,05,4,4174,赤坂俊輔,16,71,6.88,4,0.19
2026-08-22,9,06,3,4892,柴田直哉,76,48,6.88,3,0.19
2026-08-22,10,01,1,3747,國崎良春,41,19,6.87,1,0.09
2026-08-22,10,02,4,5126,山下大輝,68,28,6.89,4,0.13
2026-08-22,10,03,3,4315,山崎昂介,38,80,6.8,3,0.12
2026-08-22,10,04,6,4879,山崎鉄平,64,70,6.92,6,0.25
2026-08-22,10,05,5,4526,池田雄祐,72,20,6.92,5,0.12
2026-08-22,10,S1,2,4697,國弘翔平,80,84,6.9,2,0.11
2026-08-22,11,01,1,4932,新開航,45,35,6.95,1,0.07
2026-08-22,11,02,3,4736,高倉和士,75,62,6.96,3,0.11
2026-08-22,11,03,2,4506,稗田聖也,26,44,6.92,2,0.12
2026-08-22,11,04,5,4077,品田直樹,44,29,6.9,6,0.15
2026-08-22,11,05,4,4603,谷川将太,55,33,7.0,5,0.12
2026-08-22,11,06,6,3315,広瀬聖仁,46,74,6.99,4,0.08
2026-08-22,12,01,1,5096,上原崚,70,15,6.94,1,0.13
2026-08-22,12,02,4,4725,佐竹太一,66,45,6.95,4,0.18
2026-08-22,12,03,6,4527,高野心吾,31,55,6.98,6,0.17
2026-08-22,12,04,3,5007,近藤雄一郎,21,68,7.01,3,0.19
2026-08-22,12,05,2,5124,上瀧絢也,54,58,6.96,2,0.10
2026-08-22,12,S1,5,4363,大野芳顕,24,39,6.92,5,0.18
2026-08-23,1,01,3,5190,大月遊雅,37,22,6.89,4,0.13
2026-08-23,1,02,6,5232,樅山拓馬,51,61,7.01,6,0.15
2026-08-23,1,03,4,4697,國弘翔平,80,84,6.92,5,0.19
2026-08-23,1,04,1,5351,齊藤廉,12,16,6.9,2,0.24
2026-08-23,1,05,5,3542,清水紀克,13,75,7.05,1,0.27
2026-08-23,1,06,2,3340,池田雷太,49,63,6.92,3,0.22
2026-08-23,2,01,1,4603,谷川将太,55,33,6.95,1,0.12
2026-08-23,2,02,2,4735,角山雄哉,27,86,6.94,2,0.01
2026-08-23,2,03,5,4315,山崎昂介,38,80,6.81,5,0.06
2026-08-23,2,04,6,5398,鐘ヶ江真司,18,26,6.88,6,0.11
2026-08-23,2,05,3,4176,樋口喜彦,50,41,7.01,3,0.03
2026-08-23,2,06,4,4100,松田隆司,30,81,6.98,4,0.09
2026-08-23,3,01,1,4892,柴田直哉,76,48,6.95,1,0.06
2026-08-23,3,02,2,4515,藤田浩人,17,40,6.93,2,0.15
2026-08-23,3,03,3,5169,堀本翔太,59,27,6.88,3,0.14
2026-08-23,3,04,4,4630,岩永雅人,53,83,6.94,4,0.14
2026-08-23,3,05,5,4615,板倉敦史,47,14,6.96,5,0.17
2026-08-23,3,06,6,4665,加藤啓太,67,13,6.93,6,0.18
2026-08-23,4,01,1,5102,原田雄次,60,52,6.95,1,0.14
2026-08-23,4,02,4,4633,森智也,22,78,6.96,4,0.10
2026-08-23,4,03,6,3569,増田進,11,36,6.98,6,0.17
2026-08-23,4,04,5,4040,廣瀬将亨,52,12,6.94,5,0.07
2026-08-23,4,05,3,4143,浦田晃嗣,71,23,7.0,3,0.14
2026-08-23,4,S0,2,3315,広瀬聖仁,46,74,6.98,2,0.09
2026-08-23,5,01,2,4879,山崎鉄平,64,70,7.03,2,0.10
2026-08-23,5,02,1,4527,高野心吾,31,55,6.94,1,0.09
2026-08-23,5,03,5,5190,大月遊雅,37,22,6.9,5,0.09
2026-08-23,5,04,4,4381,田路朋史,25,30,6.9,4,0.18
2026-08-23,5,05,3,3458,東健介,15,18,7.06,3,0.07
2026-08-23,5,06,6,4506,稗田聖也,26,44,6.97,6,0.05
2026-08-23,6,01,1,4526,池田雄祐,72,49,6.94,1,0.22
2026-08-23,6,02,5,4174,赤坂俊輔,16,71,6.96,5,0.21
2026-08-23,6,03,6,4697,國弘翔平,80,84,6.97,6,0.34
2026-08-23,6,04,2,5007,近藤雄一郎,21,68,7.0,2,0.27
2026-08-23,6,05,4,4725,佐竹太一,66,45,6.97,4,0.26
2026-08-23,6,06,3,4100,松田隆司,30,81,7.04,3,0.23
2026-08-23,7,01,2,4363,大野芳顕,24,37,6.97,2,0.07
2026-08-23,7,02,1,4077,品田直樹,44,29,6.93,1,0.12
2026-08-23,7,03,4,4176,樋口喜彦,50,41,7.06,4,0.09
2026-08-23,7,04,5,5169,堀本翔太,59,27,6.93,5,0.11
2026-08-23,7,05,3,3542,清水紀克,13,75,7.08,3,0.12
2026-08-23,7,06,6,4487,三原司,35,53,6.97,6,0.15
2026-08-23,8,01,4,4515,藤田浩人,17,40,6.94,3,0.18
2026-08-23,8,02,5,4735,角山雄哉,27,86,6.93,4,0.11
2026-08-23,8,03,3,3340,池田雷太,49,63,6.94,2,0.22
2026-08-23,8,04,1,5160,藤森陸斗,77,79,6.91,1,0.26
2026-08-23,8,05,6,4630,岩永雅人,53,83,6.9,5,0.19
2026-08-23,8,K0,2,4143,浦田晃嗣,71,23,,,K
2026-08-23,9,01,4,5096,上原崚,70,15,6.89,4,0.10
2026-08-23,9,02,6,4633,森智也,22,78,6.97,6,0.13
2026-08-23,9,03,2,4040,廣瀬将亨,52,12,6.94,2,0.28
2026-08-23,9,04,1,4615,板倉敦史,47,14,6.97,1,0.18
2026-08-23,9,05,5,5124,上瀧絢也,54,77,6.99,5,0.13
2026-08-23,9,06,3,4381,田路朋史,25,30,6.86,3,0.20
2026-08-23,10,01,5,4892,柴田直哉,76,48,6.91,5,0.20
2026-08-23,10,02,1,4315,山崎昂介,38,80,6.82,1,0.14
2026-08-23,10,03,3,4879,山崎鉄平,64,70,6.99,3,0.14
2026-08-23,10,04,2,5351,齊藤廉,12,16,6.9,2,0.17
2026-08-23,10,05,4,4174,赤坂俊輔,16,71,6.89,4,0.12
2026-08-23,10,K0,6,3315,広瀬聖仁,46,74,,,K
2026-08-23,11,01,3,4584,村岡賢人,20,72,6.9,3,0.03
2026-08-23,11,02,2,3747,國崎良春,41,19,6.89,2,0.02
2026-08-23,11,03,6,5126,山下大輝,68,28,6.92,6,0.04
2026-08-23,11,04,1,4932,新開航,45,35,6.92,1,0.05
2026-08-23,11,05,5,4736,高倉和士,75,62,6.92,5,0.03
2026-08-23,11,06,4,3612,馬袋義則,73,65,6.96,4,0.05
2026-08-23,12,01,3,5160,藤森陸斗,77,79,6.97,3,0.16
2026-08-23,12,02,1,4506,稗田聖也,26,44,6.93,1,0.12
2026-08-23,12,03,5,4526,池田雄祐,72,49,6.95,5,0.12
2026-08-23,12,04,4,4603,谷川将太,55,33,6.98,4,0.17
2026-08-23,12,05,2,4077,品田直樹,44,29,6.93,2,0.17
2026-08-23,12,06,6,5102,原田雄次,60,52,6.9,6,0.16
2026-09-01,1,01,3,5086,本村大,64,40,6.85,3,0.25
2026-09-01,1,02,5,4058,野末智一,32,58,6.97,5,0.25
2026-09-01,1,03,2,4723,寺島吉彦,29,26,6.96,2,0.16
2026-09-01,1,04,6,3841,佐々木和伸,60,45,6.94,6,0.24
2026-09-01,1,05,1,3752,宇土泰就,50,59,6.96,1,0.14
2026-09-01,1,06,4,5405,竹内来,39,28,6.9,4,0.22
2026-09-01,2,01,1,3339,泉具巳,11,72,6.95,1,0.16
2026-09-01,2,02,6,4063,市橋卓士,71,68,7.0,4,0.08
2026-09-01,2,03,3,4211,村田敦,43,38,7.04,3,0.17
2026-09-01,2,04,2,4752,西尾亮輔,62,65,6.98,2,0.19
2026-09-01,2,05,5,4272,大場広孝,79,83,6.99,6,0.08
2026-09-01,2,06,4,4550,石岡将太,19,35,6.98,5,0.09
2026-09-01,3,01,1,3722,西村秀樹,81,75,6.96,1,0.06
2026-09-01,3,02,2,4782,浜崎準也,51,31,6.95,2,0.02
2026-09-01,3,03,4,4288,永田啓二,48,15,7.01,4,0.01
2026-09-01,3,04,3,5137,川原涼,78,86,6.95,3,0.02
2026-09-01,3,05,6,3790,佐口達也,22,30,7.04,6,0.08
2026-09-01,3,06,5,4164,岩永節也,65,44,6.94,5,0.06
2026-09-01,4,01,3,4260,中越博紀,40,12,6.94,3,0.12
2026-09-01,4,02,1,4553,坪口竜也,36,80,6.98,1,0.14
2026-09-01,4,03,5,5031,渡辺空依,58,60,6.93,5,0.05
2026-09-01,4,04,6,4983,前田篤哉,57,84,6.85,6,0.12
2026-09-01,4,05,4,5211,高井駿弥,67,17,6.98,4,0.11
2026-09-01,4,06,2,4327,加藤翔,77,79,6.94,2,0.16
2026-09-01,5,01,3,4790,柳内敬太,12,37,6.96,3,0.11
2026-09-01,5,02,1,3538,菊池峰晴,24,54,7.0,1,0.15
2026-09-01,5,03,5,5245,倉富大誠,33,61,6.97,5,0.08
2026-09-01,5,04,2,4976,金山立樹,35,21,7.0,2,0.19
2026-09-01,5,05,4,4122,安東幸治,72,77,6.99,4,0.11
2026-09-01,5,06,6,4498,宮本夏樹,15,34,6.99,6,0.11
2026-09-01,6,01,1,5086,本村大,64,40,6.86,1,0.14
2026-09-01,6,02,2,5242,高山弘斗,74,78,6.95,2,0.14
2026-09-01,6,03,6,4236,松村敏,14,36,6.99,6,0.11
2026-09-01,6,04,5,4837,酒井陽祐,18,82,6.97,5,0.15
2026-09-01,6,05,3,5044,渡邉健,34,33,6.97,3,0.07
2026-09-01,6,S1,4,4348,宮崎奨,23,53,6.96,4,0.14
2026-09-01,7,01,1,5005,石田貴洋,73,52,6.95,1,0.11
2026-09-01,7,02,3,4723,寺島吉彦,29,26,6.97,3,0.13
2026-09-01,7,03,4,3339,泉具巳,11,72,6.96,4,0.13
2026-09-01,7,04,5,4202,浮田圭浩,27,16,6.99,5,0.14
2026-09-01,7,05,2,4988,牟田奨太,21,22,6.97,2,0.10
2026-09-01,7,06,6,5405,竹内来,39,28,7.0,6,0.18
2026-09-01,8,01,2,5220,青木蓮,30,27,6.89,2,0.03
2026-09-01,8,02,4,4164,岩永節也,65,44,6.92,4,0.20
2026-09-01,8,03,3,4752,西尾亮輔,62,65,6.93,3,0.14
2026-09-01,8,04,1,4463,三苫晃幸,69,63,6.96,1,0.07
2026-09-01,8,05,6,3771,折下寛法,56,18,6.95,6,0.26
2026-09-01,8,06,5,3949,今出晋二,28,41,7.03,5,0.20
2026-09-01,9,01,2,4260,中越博紀,40,12,6.94,2,0.17
2026-09-01,9,02,3,4782,浜崎準也,51,31,6.97,3,0.15
2026-09-01,9,03,5,5252,荒木颯斗,66,19,6.93,5,0.14
2026-09-01,9,04,1,4550,石岡将太,19,35,6.95,1,0.12
2026-09-01,9,05,4,3752,宇土泰就,50,59,7.05,4,0.09
2026-09-01,9,06,6,4540,相原利章,61,13,6.94,6,0.22
2026-09-01,10,01,1,4122,安東幸治,72,77,6.97,1,0.13
2026-09-01,10,02,3,3841,佐々木和伸,60,45,6.98,3,0.10
2026-09-01,10,03,6,4089,妹尾忠幸,63,71,6.98,6,0.19
2026-09-01,10,04,5,4211,村田敦,43,38,7.01,5,0.11
2026-09-01,10,05,2,5211,高井駿弥,67,17,6.95,2,0.18
2026-09-01,10,06,4,3790,佐口達也,22,30,7.06,4,0.10
2026-09-01,11,01,1,4058,野末智一,32,58,7.05,1,0.14
2026-09-01,11,02,2,4272,大場広孝,79,83,7.03,2,0.10
2026-09-01,11,03,3,4976,金山立樹,35,21,6.99,3,0.07
2026-09-01,11,04,5,5137,川原涼,78,86,6.91,5,0.10
2026-09-01,11,05,4,4553,坪口竜也,36,80,6.98,4,0.08
2026-09-01,11,06,6,4348,宮崎奨,23,53,6.99,6,0.12
2026-09-01,12,01,1,4288,永田啓二,48,15,6.92,1,0.11
2026-09-01,12,02,3,4236,松村敏,14,36,6.97,3,0.15
2026-09-01,12,03,4,4983,前田篤哉,57,84,6.86,4,0.18
2026-09-01,12,04,2,4063,市橋卓士,71,68,7.02,2,0.12
2026-09-01,12,05,5,5005,石田貴洋,73,52,6.92,5,0.15
2026-09-01,12,06,6,4790,柳内敬太,12,37,6.92,6,0.21
2026-09-02,1,01,1,3771,折下寛法,56,18,6.93,1,0.11
2026-09-02,1,02,4,4089,妹尾忠幸,63,71,6.94,4,0.10
2026-09-02,1,03,6,3722,西村秀樹,81,75,6.97,6,0.18
2026-09-02,1,04,2,4553,坪口竜也,36,80,6.96,2,0.14
2026-09-02,1,05,5,4988,牟田奨太,21,22,6.98,5,0.07
2026-09-02,1,S1,3,5245,倉富大誠,33,61,6.97,3,0.11
2026-09-02,2,01,5,4063,市橋卓士,71,68,6.98,2,0.13
2026-09-02,2,02,1,4498,宮本夏樹,15,34,6.96,1,0.17
2026-09-02,2,03,6,4463,三苫晃幸,69,63,6.96,5,0.16
2026-09-02,2,04,3,3949,今出晋二,28,41,7.06,4,0.25
2026-09-02,2,05,4,4837,酒井陽祐,18,82,7.01,6,0.15
2026-09-02,2,06,2,5044,渡邉健,34,33,7.0,3,0.15
2026-09-02,3,01,1,4540,相原利章,61,13,6.99,1,0.04
2026-09-02,3,02,3,5252,荒木颯斗,66,19,6.93,3,0.07
2026-09-02,3,03,4,4236,松村敏,14,36,6.97,4,0.12
2026-09-02,3,04,2,4202,浮田圭浩,27,16,7.02,2,0.09
2026-09-02,3,05,5,4327,加藤翔,77,79,7.0,5,0.15
2026-09-02,3,06,6,3339,泉具巳,11,72,6.98,6,0.09
2026-09-02,4,01,1,3841,佐々木和伸,60,45,6.95,1,0.11
2026-09-02,4,02,3,4983,前田篤哉,57,84,6.85,3,0.10
2026-09-02,4,03,5,4782,浜崎準也,51,31,6.94,5,0.20
2026-09-02,4,04,6,3538,菊池峰晴,24,54,6.96,6,0.24
2026-09-02,4,05,2,4211,村田敦,43,38,7.02,2,0.13
2026-09-02,4,S1,4,5242,高山弘斗,74,78,6.91,4,0.01
2026-09-02,5,01,4,4790,柳内敬太,12,37,6.9,4,0.14
2026-09-02,5,02,5,4260,中越博紀,40,12,6.92,5,0.22
2026-09-02,5,03,6,3752,宇土泰就,50,59,6.96,6,0.17
2026-09-02,5,04,2,5005,石田貴洋,73,52,6.86,2,0.31
2026-09-02,5,05,3,5031,渡辺空依,58,60,6.87,3,0.26
2026-09-02,5,06,1,4164,岩永節也,65,44,6.91,1,0.21
2026-09-02,6,01,2,4058,野末智一,32,58,6.99,2,0.10
2026-09-02,6,02,1,3790,佐口達也,22,30,6.99,1,0.03
2026-09-02,6,03,4,3771,折下寛法,56,18,6.9,4,0.07
2026-09-02,6,04,6,4288,永田啓二,48,15,6.92,6,0.08
2026-09-02,6,05,5,5211,高井駿弥,67,17,6.95,5,0.07
2026-09-02,6,06,3,4272,大場広孝,79,83,6.98,3,0.04
2026-09-02,7,01,1,4089,妹尾忠幸,63,71,6.93,1,0.02
2026-09-02,7,02,2,4837,酒井陽祐,18,82,7.0,2,0.02
2026-09-02,7,03,3,5220,青木蓮,30,27,6.9,3,0.02
2026-09-02,7,04,4,5405,竹内来,39,28,6.98,4,0.09
2026-09-02,7,05,5,4976,金山立樹,35,21,6.98,5,0.17
2026-09-02,7,06,6,5086,本村大,64,40,6.89,6,0.20
2026-09-02,8,01,1,4063,市橋卓士,71,68,6.97,1,0.10
2026-09-02,8,02,2,5137,川原涼,78,86,6.89,2,0.19
2026-09-02,8,03,3,4202,浮田圭浩,27,16,6.99,3,0.13
2026-09-02,8,04,5,4723,寺島吉彦,29,26,6.95,5,0.10
2026-09-02,8,05,6,4550,石岡将太,19,35,6.96,6,0.05
2026-09-02,8,06,4,3722,西村秀樹,81,75,6.98,4,0.11
2026-09-02,9,01,3,4988,牟田奨太,21,22,7.02,3,0.09
2026-09-02,9,02,1,4236,松村敏,14,36,6.96,1,0.14
2026-09-02,9,03,6,4122,安東幸治,72,77,7.03,6,0.05
2026-09-02,9,04,4,3538,菊池峰晴,24,51,7.04,4,0.04
2026-09-02,9,05,2,3949,今出晋二,28,41,7.06,2,0.11
2026-09-02,9,06,5,4752,西尾亮輔,62,65,6.98,5,0.05
2026-09-02,10,01,1,4348,宮崎奨,23,53,6.99,1,0.16
2026-09-02,10,02,6,5005,石田貴洋,73,52,6.9,6,0.10
2026-09-02,10,03,3,4327,加藤翔,77,79,6.93,3,0.18
2026-09-02,10,04,5,5044,渡邉健,34,33,6.98,5,0.09
2026-09-02,10,05,2,5245,倉富大誠,33,70,6.96,2,0.25
2026-09-02,10,06,4,3841,佐々木和伸,60,45,7.0,4,0.15
2026-09-02,11,01,1,4790,柳内敬太,12,37,6.87,1,0.14
2026-09-02,11,02,3,4288,永田啓二,48,15,6.95,3,0.12
2026-09-02,11,03,2,5252,荒木颯斗,66,19,6.88,2,0.14
2026-09-02,11,04,4,4463,三苫晃幸,69,63,6.96,4,0.09
2026-09-02,11,05,5,5242,高山弘斗,74,78,6.94,5,0.14
2026-09-02,11,K0,6,4553,坪口竜也,36,80,,,K
2026-09-02,12,01,1,4983,前田篤哉,57,84,6.8,1,0.14
2026-09-02,12,02,2,5031,渡辺空依,58,60,6.87,2,0.13
2026-09-02,12,03,6,4058,野末智一,32,58,7.02,6,0.22
2026-09-02,12,04,4,4540,相原利章,61,13,6.97,4,0.15
2026-09-02,12,05,3,4498,宮本夏樹,15,34,6.94,3,0.18
2026-09-02,12,S1,5,5220,青木蓮,30,27,6.88,5,0.16
2026-09-03,1,01,2,3339,泉具巳,11,72,6.96,2,0.15
2026-09-03,1,02,3,3790,佐口達也,22,30,7.02,3,0.16
2026-09-03,1,03,4,4327,加藤翔,77,79,6.91,4,0.18
2026-09-03,1,04,6,5405,竹内来,39,28,6.95,6,0.21
2026-09-03,1,05,1,4723,寺島吉彦,29,26,6.89,1,0.36
2026-09-03,1,S1,5,5086,本村大,64,40,6.93,5,0.21
2026-09-03,2,01,1,4782,浜崎準也,51,31,6.92,1,0.24
2026-09-03,2,02,2,5044,渡邉健,34,33,6.94,2,0.20
2026-09-03,2,03,5,3538,菊池峰晴,24,51,6.99,5,0.26
2026-09-03,2,04,4,4272,大場広孝,79,83,7.0,4,0.26
2026-09-03,2,05,3,4498,宮本夏樹,15,34,6.93,3,0.24
2026-09-03,2,06,6,4260,中越博紀,40,12,6.96,6,0.24
2026-09-03,3,01,4,4236,松村敏,14,36,6.98,5,0.11
2026-09-03,3,02,1,4211,村田敦,43,38,7.0,1,0.12
2026-09-03,3,03,5,3752,宇土泰就,50,59,6.99,6,0.12
2026-09-03,3,04,6,4063,市橋卓士,71,68,7.03,2,0.19
2026-09-03,3,05,2,4988,牟田奨太,21,22,6.96,3,0.13
2026-09-03,3,06,3,4976,金山立樹,35,21,6.97,4,0.17
2026-09-03,4,01,3,4288,永田啓二,48,15,6.99,3,0.10
2026-09-03,4,02,4,5005,石田貴洋,73,52,6.94,4,0.06
2026-09-03,4,03,6,5220,青木蓮,30,27,6.94,6,0.09
2026-09-03,4,04,1,3949,今出晋二,28,41,7.01,1,0.10
2026-09-03,4,05,2,3771,折下寛法,56,18,6.96,2,0.14
2026-09-03,4,06,5,4540,相原利章,61,13,7.0,5,0.12
2026-09-03,5,01,3,4983,前田篤哉,57,84,6.87,3,0.24
2026-09-03,5,02,2,4122,安東幸治,72,77,6.98,2,0.24
2026-09-03,5,03,1,5137,川原涼,78,86,6.94,1,0.31
2026-09-03,5,04,4,4058,野末智一,32,58,7.01,4,0.22
2026-09-03,5,05,5,3722,西村秀樹,81,75,6.97,5,0.24
2026-09-03,5,06,6,4164,岩永節也,65,44,6.91,6,0.22
2026-09-03,6,01,2,5031,渡辺空依,58,60,6.94,2,0.10
2026-09-03,6,02,1,3841,佐々木和伸,60,45,7.02,1,0.12
2026-09-03,6,03,3,4348,宮崎奨,23,53,7.01,3,0.10
2026-09-03,6,04,4,4089,妹尾忠幸,63,71,6.99,4,0.12
2026-09-03,6,05,6,4790,柳内敬太,12,37,6.99,6,0.15
2026-09-03,6,06,5,3790,佐口達也,22,30,7.04,5,0.18
2026-09-03,7,01,1,5252,荒木颯斗,66,19,6.9,1,0.16
2026-09-03,7,02,3,3752,宇土泰就,50,59,6.97,3,0.10
2026-09-03,7,03,2,4463,三苫晃幸,69,63,6.93,2,0.12
2026-09-03,7,04,5,4752,西尾亮輔,62,65,6.9,5,0.09
2026-09-03,7,05,6,5242,高山弘斗,74,78,6.96,6,0.19
2026-09-03,7,06,4,4498,宮本夏樹,15,34,6.96,4,0.10
2026-09-03,8,01,1,4202,浮田圭浩,27,16,6.96,1,0.09
2026-09-03,8,02,3,4540,相原利章,61,13,6.97,3,0.14
2026-09-03,8,03,2,5211,高井駿弥,67,17,6.99,2,0.13
2026-09-03,8,04,4,4837,酒井陽祐,18,82,7.01,4,0.14
2026-09-03,8,05,5,4550,石岡将太,19,35,6.96,5,0.05
2026-09-03,8,06,6,4211,村田敦,43,38,7.05,6,0.08
2026-09-03,9,01,1,4063,市橋卓士,71,68,6.94,1,0.05
2026-09-03,9,02,4,4782,浜崎準也,51,31,6.92,4,0.11
2026-09-03,9,03,2,4058,野末智一,32,58,6.94,2,0.09
2026-09-03,9,04,5,4723,寺島吉彦,29,26,6.94,5,0.12
2026-09-03,9,05,6,5137,川原涼,78,86,6.93,6,0.12
2026-09-03,9,06,3,5005,石田貴洋,73,52,6.87,3,0.09
2026-09-03,10,01,2,4983,前田篤哉,57,84,6.82,2,0.10
2026-09-03,10,02,1,4260,中越博紀,40,12,6.98,1,0.09
2026-09-03,10,03,3,4236,松村敏,14,36,6.98,3,0.11
2026-09-03,10,04,5,3771,折下寛法,56,18,6.92,5,0.08
2026-09-03,10,05,6,3841,佐々木和伸,60,45,7.03,6,0.15
2026-09-03,10,06,4,5086,本村大,64,40,6.89,4,0.07
2026-09-03,11,01,1,4790,柳内敬太,12,37,6.89,1,0.12
2026-09-03,11,02,3,4089,妹尾忠幸,63,71,6.92,3,0.17
2026-09-03,11,03,4,5252,荒木颯斗,66,19,6.91,4,0.18
2026-09-03,11,04,6,3339,泉具巳,11,72,6.94,6,0.21
2026-09-03,11,05,2,4288,永田啓二,48,15,6.96,2,0.12
2026-09-03,11,06,5,4122,安東幸治,72,77,6.94,5,0.15
2026-09-03,12,01,1,5220,青木蓮,30,27,6.87,1,0.08
2026-09-03,12,02,5,4348,宮崎奨,23,53,6.96,5,0.05
2026-09-03,12,03,3,4164,岩永節也,65,44,6.9,3,0.09
2026-09-03,12,04,2,4550,石岡将太,19,35,6.95,2,0.15
2026-09-03,12,05,4,4752,西尾亮輔,62,65,6.93,4,0.10
2026-09-03,12,06,6,4272,大場広孝,79,83,6.97,6,0.01
2026-09-04,1,01,1,4327,加藤翔,77,79,6.91,1,0.08
2026-09-04,1,02,2,4164,岩永節也,65,44,6.9,2,0.12
2026-09-04,1,03,3,3752,宇土泰就,50,59,6.96,3,0.13
2026-09-04,1,04,6,4202,浮田圭浩,27,16,6.94,6,0.22
2026-09-04,1,05,4,3538,菊池峰晴,24,51,6.94,4,0.22
2026-09-04,1,06,5,4837,酒井陽祐,18,82,6.95,5,0.22
2026-09-04,2,01,1,5086,本村大,64,40,6.87,1,0.17
2026-09-04,2,02,4,4498,宮本夏樹,15,34,6.95,4,0.22
2026-09-04,2,03,2,3722,西村秀樹,81,75,6.93,2,0.13
2026-09-04,2,04,6,4976,金山立樹,35,21,6.93,6,0.13
2026-09-04,2,05,5,3949,今出晋二,28,41,7.0,5,0.19
2026-09-04,2,06,3,5044,渡邉健,34,33,6.96,3,0.12
2026-09-04,3,01,1,4122,安東幸治,72,77,6.94,1,0.15
2026-09-04,3,02,2,5242,高山弘斗,74,78,6.96,2,0.22
2026-09-04,3,03,3,3771,折下寛法,56,18,6.96,3,0.18
2026-09-04,3,04,5,5220,青木蓮,30,27,6.87,5,0.09
2026-09-04,3,05,6,5031,渡辺空依,58,60,6.92,6,0.09
2026-09-04,3,06,4,5211,高井駿弥,67,17,6.98,4,0.15
2026-09-04,4,01,1,5137,川原涼,78,86,6.89,1,0.09
2026-09-04,4,02,5,4463,三苫晃幸,69,63,6.91,4,0.11
2026-09-04,4,03,3,4550,石岡将太,19,35,6.93,3,0.13
2026-09-04,4,04,2,3339,泉具巳,11,72,6.89,2,0.12
2026-09-04,4,05,6,5405,竹内来,39,28,6.97,6,0.15
2026-09-04,4,06,4,4723,寺島吉彦,29,26,6.89,5,0.11
2026-09-04,5,01,1,5252,荒木颯斗,66,19,6.92,1,0.14
2026-09-04,5,02,3,4164,岩永節也,65,44,6.85,3,0.13
2026-09-04,5,03,5,4236,松村敏,14,36,6.94,5,0.19
2026-09-04,5,04,2,3790,佐口達也,22,30,7.02,2,0.14
2026-09-04,5,05,6,4327,加藤翔,77,79,6.96,6,0.29
2026-09-04,5,06,4,4988,牟田奨太,21,22,6.96,4,0.14
2026-09-04,6,01,2,3841,佐々木和伸,60,45,6.96,2,0.05
2026-09-04,6,02,1,4272,大場広孝,79,83,6.96,1,0.06
2026-09-04,6,03,5,4058,野末智一,32,58,6.95,5,0.17
2026-09-04,6,04,3,4837,酒井陽祐,18,82,6.95,3,0.05
2026-09-04,6,05,6,5044,渡邉健,34,33,6.93,6,0.13
2026-09-04,6,06,4,4752,西尾亮輔,62,65,6.88,4,0.08
2026-09-04,7,01,2,4348,宮崎奨,23,53,6.97,2,0.09
2026-09-04,7,02,3,5031,渡辺空依,58,60,6.87,3,0.05
2026-09-04,7,03,1,4540,相原利章,61,13,6.89,1,0.05
2026-09-04,7,04,4,3722,西村秀樹,81,75,6.93,4,0.07
2026-09-04,7,05,5,4211,村田敦,43,38,7.01,5,0.05
2026-09-04,7,06,6,5211,高井駿弥,67,17,6.98,6,0.07
2026-09-04,8,01,1,5005,石田貴洋,73,52,6.91,1,0.26
2026-09-04,8,02,3,3538,菊池峰晴,24,51,6.99,3,0.30
2026-09-04,8,03,4,5242,高山弘斗,74,78,6.95,4,0.32
2026-09-04,8,04,6,3949,今出晋二,28,41,6.98,6,0.34
2026-09-04,8,05,2,4976,金山立樹,35,21,6.96,2,0.31
2026-09-04,8,06,5,5405,竹内来,39,28,6.98,5,0.29
2026-09-04,9,01,6,4988,牟田奨太,21,22,6.95,6,0.01
2026-09-04,9,02,1,4288,永田啓二,48,15,6.95,1,0.04
2026-09-04,9,03,3,5220,青木蓮,30,27,6.88,3,0.09
2026-09-04,9,04,4,4463,三苫晃幸,69,63,6.96,4,0.17
2026-09-04,9,05,2,4498,宮本夏樹,15,34,6.94,2,0.06
2026-09-04,9,06,5,4202,浮田圭浩,27,16,6.93,5,0.14
2026-09-04,10,01,1,4236,松村敏,14,36,6.9,1,0.12
2026-09-04,10,02,3,3339,泉具巳,11,72,6.95,3,0.13
2026-09-04,10,03,4,5137,川原涼,78,86,6.94,4,0.19
2026-09-04,10,04,2,5252,荒木颯斗,66,19,7.01,2,0.12
2026-09-04,10,05,6,4122,安東幸治,72,77,6.99,6,0.13
2026-09-04,10,06,5,5086,本村大,64,40,6.89,5,0.11
2026-09-04,11,01,2,4063,市橋卓士,71,68,6.95,2,0.17
2026-09-04,11,02,3,4983,前田篤哉,57,84,6.79,3,0.20
2026-09-04,11,03,5,4089,妹尾忠幸,63,71,6.94,5,0.22
2026-09-04,11,04,4,4260,中越博紀,40,12,6.94,4,0.23
2026-09-04,11,05,1,4790,柳内敬太,12,37,6.92,1,0.36
2026-09-04,11,06,6,4782,浜崎準也,51,31,6.91,6,0.24
2026-09-04,12,01,1,4058,野末智一,32,58,6.93,1,0.14
2026-09-04,12,02,5,5005,石田貴洋,73,52,6.85,5,0.05
2026-09-04,12,03,4,3841,佐々木和伸,60,45,6.95,4,0.09
2026-09-04,12,04,2,3771,折下寛法,56,18,6.91,2,0.12
2026-09-04,12,05,6,4540,相原利章,61,13,6.93,6,0.10
2026-09-04,12,06,3,4723,寺島吉彦,29,26,6.94,3,0.22
2026-09-07,1,01,1,4715,村上遼,57,37,6.93,1,0.10
2026-09-07,1,02,3,4398,船岡洋一郎,68,32,6.98,3,0.15
2026-09-07,1,03,2,5026,安河内健,69,60,6.94,2,0.13
2026-09-07,1,04,4,5058,前原大道,76,71,7.0,4,0.10
2026-09-07,1,05,6,4960,黒野元基,56,11,6.91,6,0.05
2026-09-07,1,06,5,3909,佐々木康幸,73,59,6.94,5,0.08
2026-09-07,2,01,3,3822,平尾崇典,53,39,6.98,3,0.17
2026-09-07,2,02,4,4096,石橋道友,19,55,6.94,4,0.23
2026-09-07,2,03,5,4188,久田敏之,81,31,7.01,5,0.11
2026-09-07,2,04,6,4524,深谷知博,55,17,6.98,6,0.21
2026-09-07,2,05,2,4483,北野輝季,70,57,6.95,2,0.21
2026-09-07,2,06,1,5088,高憧四季,62,56,6.91,1,0.16
2026-09-07,3,01,1,4688,永井彪也,54,62,6.93,1,0.19
2026-09-07,3,02,6,3415,松井繁,52,25,6.96,2,0.18
2026-09-07,3,03,4,4704,河野大,65,72,6.95,5,0.26
2026-09-07,3,04,2,4482,守屋美穂,46,47,6.9,3,0.20
2026-09-07,3,05,3,5224,西岡顕心,14,82,6.99,4,0.26
2026-09-07,3,06,5,5028,原田才一郎,60,29,6.9,6,0.29
2026-09-07,4,01,1,5191,飛田江己,59,19,6.91,1,0.11
2026-09-07,4,02,3,4776,竹田和哉,49,27,6.97,3,0.08
2026-09-07,4,03,5,4494,河合佑樹,27,77,6.95,5,0.09
2026-09-07,4,04,6,4544,松田大志郎,74,68,6.95,6,0.19
2026-09-07,4,05,2,4908,上田龍星,33,40,6.97,2,0.15
2026-09-07,4,06,4,3590,濱野谷憲吾,58,46,6.99,4,0.07
2026-09-07,5,01,1,4961,西橋奈未,38,48,6.85,1,0.04
2026-09-07,5,02,4,4571,菅章哉,44,35,6.91,5,0.06
2026-09-07,5,03,5,4497,桑原悠,63,85,6.93,3,0.06
2026-09-07,5,04,6,4335,若林将,47,34,6.92,6,0.05
2026-09-07,5,05,2,3952,中澤和志,43,43,6.97,2,0.08
2026-09-07,5,06,3,5016,宮田龍馬,12,24,6.91,4,0.05
2026-09-07,6,01,1,5058,前原大道,76,71,7.03,1,0.12
2026-09-07,6,02,3,4907,小池修平,13,70,6.99,3,0.13
2026-09-07,6,03,5,4084,杉山正樹,41,75,6.97,5,0.12
2026-09-07,6,04,4,3983,須藤博倫,75,15,7.06,4,0.14
2026-09-07,6,S2,2,4504,前田将太,24,73,6.95,2,0.16
2026-09-07,6,S0,6,4262,馬場貴也,37,38,6.97,6,0.14
2026-09-07,7,01,1,4188,久田敏之,81,31,6.94,1,0.07
2026-09-07,7,02,2,4910,中村泰平,48,54,6.98,2,0.14
2026-09-07,7,03,5,4715,村上遼,57,37,6.93,5,0.11
2026-09-07,7,04,6,3716,石渡鉄兵,45,12,6.98,6,0.11
2026-09-07,7,05,4,5051,松本純平,23,81,7.0,4,0.21
2026-09-07,7,06,3,4503,上野真之介,16,50,7.02,3,0.20
2026-09-07,8,01,4,4960,黒野元基,56,11,6.97,4,0.13
2026-09-07,8,02,3,4174,赤坂俊輔,17,51,6.94,3,0.30
2026-09-07,8,03,6,4075,中野次郎,36,36,6.98,6,0.23
2026-09-07,8,04,1,3822,平尾崇典,53,39,6.96,1,0.14
2026-09-07,8,05,2,3415,松井繁,52,25,6.99,2,0.20
2026-09-07,8,06,5,4543,重木輝彦,22,66,6.93,5,0.18
2026-09-07,9,01,1,3590,濱野谷憲吾,58,46,6.97,1,0.02
2026-09-07,9,02,3,5028,原田才一郎,60,29,6.97,3,0.11
2026-09-07,9,03,5,4352,下條雄太郎,25,20,6.97,5,0.22
2026-09-07,9,04,6,4483,北野輝季,70,57,6.91,6,0.15
2026-09-07,9,05,2,3909,佐々木康幸,73,59,6.97,2,0.03
2026-09-07,9,06,4,3719,辻栄蔵,20,64,6.96,4,0.14
2026-09-07,10,01,1,3783,瓜生正義,26,58,6.96,1,0.01
2026-09-07,10,02,5,5191,飛田江己,59,19,6.9,5,0.05
2026-09-07,10,03,3,5088,高憧四季,62,56,6.93,3,0.01
2026-09-07,10,04,4,5026,安河内健,69,60,6.94,4,0.08
2026-09-07,10,05,6,4704,河野大,65,72,6.95,6,0.09
2026-09-07,10,F,2,4497,桑原悠,63,85,6.93,2,F0.01
2026-09-07,11,01,1,3983,須藤博倫,75,15,6.95,1,0.16
2026-09-07,11,02,2,4544,松田大志郎,74,68,6.86,2,0.20
2026-09-07,11,03,3,4320,峰竜太,28,14,6.96,3,0.16
2026-09-07,11,04,5,4688,永井彪也,54,62,6.96,5,0.15
2026-09-07,11,05,6,4398,船岡洋一郎,68,32,6.93,6,0.17
2026-09-07,11,06,4,4524,深谷知博,55,17,6.95,4,0.21
2026-09-07,12,01,1,4238,毒島誠,61,74,6.92,1,0.08
2026-09-07,12,02,2,4371,西山貴浩,29,76,6.96,2,0.14
2026-09-07,12,03,3,3779,原田幸哉,77,49,6.95,3,0.13
2026-09-07,12,04,4,4686,丸野一樹,31,69,6.99,4,0.20
2026-09-07,12,05,5,4500,山田康二,34,67,6.96,5,0.18
2026-09-07,12,06,6,4719,上條暢嵩,40,84,7.0,6,0.19
2026-09-08,1,01,3,3716,石渡鉄兵,45,12,7.0,3,0.27
2026-09-08,1,02,1,4352,下條雄太郎,25,20,6.98,1,0.26
2026-09-08,1,03,2,4524,深谷知博,55,17,7.0,2,0.25
2026-09-08,1,04,5,4961,西橋奈未,38,48,6.93,5,0.32
2026-09-08,1,05,6,4908,上田龍星,33,40,7.0,6,0.31
2026-09-08,1,06,4,4910,中村泰平,48,54,6.98,4,0.28
2026-09-08,2,01,1,5051,松本純平,23,81,6.98,1,0.04
2026-09-08,2,02,2,4494,河合佑樹,27,77,6.91,2,0.11
2026-09-08,2,03,3,4084,杉山正樹,41,75,6.95,3,0.08
2026-09-08,2,04,5,4571,菅章哉,44,35,6.84,5,0.12
2026-09-08,2,05,6,4500,山田康二,34,67,7.05,6,0.14
2026-09-08,2,06,4,3822,平尾崇典,53,39,6.98,4,0.05
2026-09-08,3,01,1,3952,中澤和志,43,43,6.96,1,0.09
2026-09-08,3,02,3,4960,黒野元基,56,11,6.95,3,0.10
2026-09-08,3,03,5,4719,上條暢嵩,40,84,6.95,5,0.12
2026-09-08,3,04,4,4688,永井彪也,54,62,6.96,4,0.09
2026-09-08,3,05,6,4497,桑原悠,63,85,6.96,6,0.18
2026-09-08,3,06,2,4398,船岡洋一郎,68,32,6.92,2,0.16
2026-09-08,4,01,1,4075,中野次郎,36,36,6.99,1,0.06
2026-09-08,4,02,4,4907,小池修平,13,70,6.95,4,0.12
2026-09-08,4,03,5,4238,毒島誠,61,74,6.98,5,0.15
2026-09-08,4,04,3,4544,松田大志郎,74,68,6.97,3,0.17
2026-09-08,4,05,2,5191,飛田江己,59,19,6.96,2,0.18
2026-09-08,4,06,6,4715,村上遼,57,37,6.94,6,0.14
2026-09-08,5,01,1,5224,西岡顕心,14,82,6.98,1,0.07
2026-09-08,5,02,2,5058,前原大道,76,71,6.98,2,0.11
2026-09-08,5,03,6,5088,高憧四季,62,56,6.95,6,0.06
2026-09-08,5,04,3,4704,河野大,65,72,6.98,3,0.08
2026-09-08,5,05,4,4335,若林将,47,34,6.95,4,0.05
2026-09-08,5,06,5,3779,原田幸哉,77,49,6.97,5,0.06
2026-09-08,6,01,4,3909,佐々木康幸,73,59,6.93,4,0.09
2026-09-08,6,02,1,4482,守屋美穂,46,47,6.88,1,0.16
2026-09-08,6,03,5,3716,石渡鉄兵,45,12,7.0,5,0.11
2026-09-08,6,04,6,4686,丸野一樹,31,69,6.94,6,0.09
2026-09-08,6,05,2,5051,松本純平,23,81,6.95,2,0.13
2026-09-08,6,06,3,5026,安河内健,69,60,6.95,3,0.11
2026-09-08,7,01,2,4500,山田康二,34,67,7.0,2,0.16
2026-09-08,7,02,1,4483,北野輝季,70,57,6.89,1,0.13
2026-09-08,7,03,4,5016,宮田龍馬,12,24,6.9,4,0.18
2026-09-08,7,04,6,4096,石橋道友,19,55,6.9,6,0.12
2026-09-08,7,05,5,3983,須藤博倫,75,15,6.96,5,0.17
2026-09-08,7,06,3,4961,西橋奈未,38,48,6.88,3,0.16
2026-09-08,8,01,1,3719,辻栄蔵,20,64,6.94,1,0.08
2026-09-08,8,02,3,4719,上條暢嵩,40,84,6.98,3,0.04
2026-09-08,8,03,5,4174,赤坂俊輔,17,51,6.9,5,0.13
2026-09-08,8,04,4,4188,久田敏之,81,31,6.95,4,0.19
2026-09-08,8,05,6,4910,中村泰平,48,54,6.96,6,0.10
2026-09-08,8,06,2,4571,菅章哉,44,35,6.89,2,0.14
2026-09-08,9,01,1,4543,重木輝彦,22,66,6.93,1,0.16
2026-09-08,9,02,3,4238,毒島誠,61,74,6.89,3,0.15
2026-09-08,9,03,2,4688,永井彪也,54,62,6.92,2,0.15
2026-09-08,9,04,4,4352,下條雄太郎,25,20,6.99,4,0.15
2026-09-08,9,05,5,3822,平尾崇典,53,39,7.01,5,0.14
2026-09-08,9,06,6,5028,原田才一郎,60,29,6.93,6,0.15
2026-09-08,10,01,1,4371,西山貴浩,29,76,6.93,1,0.08
2026-09-08,10,02,3,4715,村上遼,57,37,6.95,3,0.11
2026-09-08,10,03,2,4335,若林将,47,34,6.97,2,0.15
2026-09-08,10,04,6,3952,中澤和志,43,43,7.0,6,0.19
2026-09-08,10,05,5,4524,深谷知博,55,17,6.98,5,0.22
2026-09-08,10,06,4,4084,杉山正樹,41,75,6.99,4,0.18
2026-09-08,11,01,3,4908,上田龍星,33,40,6.94,3,0.08
2026-09-08,11,02,2,4960,黒野元基,56,11,6.92,2,0.09
2026-09-08,11,03,4,4075,中野次郎,36,36,6.92,4,0.06
2026-09-08,11,04,5,4482,守屋美穂,46,47,6.91,5,0.09
2026-09-08,11,05,1,3779,原田幸哉,77,49,6.91,1,0.13
2026-09-08,11,06,6,4494,河合佑樹,27,77,6.95,6,0.20
2026-09-08,12,01,1,4320,峰竜太,28,14,6.91,1,0.09
2026-09-08,12,02,2,4262,馬場貴也,37,38,6.92,2,0.09
2026-09-08,12,03,3,3415,松井繁,52,25,6.98,3,0.08
2026-09-08,12,04,4,3783,瓜生正義,26,58,6.96,4,0.12
2026-09-08,12,05,5,3590,濱野谷憲吾,58,46,7.0,5,0.04
2026-09-08,12,06,6,4503,上野真之介,16,50,7.0,6,0.07
2026-09-09,1,01,1,4174,赤坂俊輔,17,51,6.81,1,0.17
2026-09-09,1,02,2,5016,宮田龍馬,12,24,6.8,2,0.21
2026-09-09,1,03,3,5058,前原大道,76,71,6.86,3,0.23
2026-09-09,1,04,4,4543,重木輝彦,22,66,6.85,4,0.25
2026-09-09,1,05,6,4688,永井彪也,54,62,6.87,6,0.25
2026-09-09,1,06,5,4483,北野輝季,70,57,6.87,5,0.20
2026-09-09,2,01,1,4096,石橋道友,19,55,6.82,1,0.07
2026-09-09,2,02,3,4262,馬場貴也,37,38,6.82,3,0.10
2026-09-09,2,03,2,5224,西岡顕心,14,82,6.89,2,0.11
2026-09-09,2,04,6,3719,辻栄蔵,20,64,6.91,6,0.14
2026-09-09,2,05,4,4907,小池修平,13,70,6.86,4,0.10
2026-09-09,2,06,5,5051,松本純平,23,81,6.89,5,0.14
2026-09-09,3,01,4,4908,上田龍星,33,40,6.9,4,0.11
2026-09-09,3,02,3,3952,中澤和志,43,43,6.93,3,0.07
2026-09-09,3,03,6,4371,西山貴浩,29,76,6.9,6,0.12
2026-09-09,3,04,1,4704,河野大,65,72,6.9,1,0.03
2026-09-09,3,05,5,4398,船岡洋一郎,68,32,6.9,5,0.09
2026-09-09,3,06,2,3590,濱野谷憲吾,58,46,6.87,2,0.12
2026-09-09,4,01,1,4544,松田大志郎,74,68,6.85,1,0.11
2026-09-09,4,02,2,4084,杉山正樹,41,75,6.87,2,0.14
2026-09-09,4,03,6,4188,久田敏之,81,31,6.9,6,0.02
2026-09-09,4,04,5,4335,若林将,47,34,6.89,5,0.08
2026-09-09,4,05,4,3779,原田幸哉,77,49,6.93,4,0.09
2026-09-09,4,06,3,3983,須藤博倫,75,15,6.88,3,0.12
2026-09-09,5,01,3,4500,山田康二,34,67,6.91,3,0.11
2026-09-09,5,02,1,3909,佐々木康幸,73,59,6.9,1,0.07
2026-09-09,5,03,2,4352,下條雄太郎,25,20,6.99,2,0.17
2026-09-09,5,04,6,3783,瓜生正義,26,58,6.88,6,0.08
2026-09-09,5,05,4,4497,桑原悠,63,85,6.88,4,0.10
2026-09-09,5,06,5,4075,中野次郎,36,36,6.91,5,0.11
2026-09-09,6,01,2,5028,原田才一郎,60,29,6.89,2,0.09
2026-09-09,6,02,1,3716,石渡鉄兵,45,12,6.95,1,0.11
2026-09-09,6,03,4,5016,宮田龍馬,12,24,6.92,4,0.07
2026-09-09,6,04,5,5088,高憧四季,62,56,6.91,5,0.08
2026-09-09,6,05,3,4686,丸野一樹,31,69,6.92,3,0.08
2026-09-09,6,06,6,4320,峰竜太,28,14,6.93,6,0.04
2026-09-09,7,01,1,4524,深谷知博,55,17,6.92,1,0.11
2026-09-09,7,02,2,4503,上野真之介,16,33,6.95,2,0.09
2026-09-09,7,03,4,4715,村上遼,57,37,6.87,4,0.07
2026-09-09,7,04,3,4482,守屋美穂,46,47,6.89,3,0.11
2026-09-09,7,05,5,4910,中村泰平,48,54,6.92,5,0.09
2026-09-09,7,06,6,3822,平尾崇典,53,39,6.96,6,0.12
2026-09-09,8,01,5,4262,馬場貴也,37,38,6.81,5,0.15
2026-09-09,8,02,4,4961,西橋奈未,38,48,6.88,4,0.16
2026-09-09,8,03,3,4371,西山貴浩,29,76,6.93,3,0.21
2026-09-09,8,04,6,5026,安河内健,69,60,6.93,6,0.17
2026-09-09,8,05,2,4543,重木輝彦,22,66,6.89,2,0.21
2026-09-09,8,06,1,4571,菅章哉,44,35,6.88,1,0.30
2026-09-09,9,01,1,3415,松井繁,52,25,6.97,1,0.17
2026-09-09,9,02,2,4188,久田敏之,81,31,6.88,2,0.11
2026-09-09,9,03,3,4096,石橋道友,19,55,6.89,3,0.21
2026-09-09,9,04,4,4238,毒島誠,61,74,6.95,4,0.16
2026-09-09,9,S0,5,4908,上田龍星,33,40,6.97,5,0.21
2026-09-09,9,S1,6,5058,前原大道,76,71,6.96,6,0.22
2026-09-09,10,01,1,4719,上條暢嵩,40,84,6.89,1,0.11
2026-09-09,10,02,6,4084,杉山正樹,41,75,6.9,6,0.11
2026-09-09,10,03,2,4174,赤坂俊輔,17,51,6.83,2,0.07
2026-09-09,10,04,5,5224,西岡顕心,14,82,7.02,5,0.18
2026-09-09,10,05,3,3783,瓜生正義,26,58,6.92,3,0.11
2026-09-09,10,06,4,4494,河合佑樹,27,77,6.91,4,0.18
2026-09-09,11,01,1,4907,小池修平,13,70,6.84,1,0.09
2026-09-09,11,02,2,4320,峰竜太,28,28,6.91,2,0.07
2026-09-09,11,03,3,5191,飛田江己,59,19,6.9,3,0.05
2026-09-09,11,04,4,4500,山田康二,34,67,6.93,4,0.09
2026-09-09,11,05,5,4960,黒野元基,56,11,6.86,5,0.10
2026-09-09,11,06,6,3983,須藤博倫,75,15,6.89,6,0.23
2026-09-09,12,01,1,4686,丸野一樹,31,69,6.88,1,0.09
2026-09-09,12,02,5,4503,上野真之介,16,33,6.96,5,0.16
2026-09-09,12,03,3,4075,中野次郎,36,36,6.84,3,0.06
2026-09-09,12,04,4,3952,中澤和志,43,43,6.88,4,0.06
2026-09-09,12,05,6,4961,西橋奈未,38,48,6.83,6,0.15
2026-09-09,12,06,2,3719,辻栄蔵,20,64,6.92,2,0.12
2026-09-10,1,01,1,5028,原田才一郎,60,29,6.9,1,0.11
2026-09-10,1,02,5,4704,河野大,65,72,6.95,5,0.11
2026-09-10,1,03,6,5224,西岡顕心,14,82,6.94,6,0.11
2026-09-10,1,04,4,4719,上條暢嵩,40,84,6.92,4,0.17
2026-09-10,1,05,2,4715,村上遼,57,37,6.87,2,0.13
2026-09-10,1,06,3,3590,濱野谷憲吾,58,46,6.98,3,0.17
2026-09-10,2,01,3,4483,北野輝季,70,57,6.86,3,0.08
2026-09-10,2,02,5,4544,松田大志郎,74,68,6.84,5,0.04
2026-09-10,2,03,2,5088,高憧四季,62,56,6.87,2,0.04
2026-09-10,2,04,6,4238,毒島誠,61,74,6.94,6,0.11
2026-09-10,2,05,1,5026,安河内健,69,60,6.89,1,0.08
2026-09-10,2,06,4,3716,石渡鉄兵,45,12,6.96,4,0.01
2026-09-10,3,01,1,4910,中村泰平,48,54,6.88,1,0.02
2026-09-10,3,02,3,4494,河合佑樹,27,77,6.86,3,0.07
2026-09-10,3,03,5,3779,原田幸哉,77,49,6.91,5,0.08
2026-09-10,3,04,2,3983,須藤博倫,75,15,6.88,2,0.07
2026-09-10,3,05,4,5191,飛田江己,59,19,6.85,4,0.10
2026-09-10,3,06,6,3909,佐々木康幸,73,59,6.9,6,0.06
2026-09-10,4,01,1,4084,杉山正樹,41,75,6.87,1,0.08
2026-09-10,4,02,2,4686,丸野一樹,31,69,6.88,2,0.12
2026-09-10,4,03,5,4371,西山貴浩,29,76,6.9,5,0.22
2026-09-10,4,04,6,4174,赤坂俊輔,17,51,6.87,6,0.24
2026-09-10,4,05,4,4482,守屋美穂,46,47,6.85,3,0.18
2026-09-10,4,06,3,4571,菅章哉,44,35,6.78,4,0.23
2026-09-10,5,01,3,4188,久田敏之,81,31,6.96,3,0.04
2026-09-10,5,02,1,4335,若林将,47,34,6.92,1,0.08
2026-09-10,5,03,4,4497,桑原悠,63,85,6.9,5,0.11
2026-09-10,5,04,2,4961,西橋奈未,38,48,6.84,2,0.05
2026-09-10,5,05,6,4352,下條雄太郎,25,20,6.95,6,0.13
2026-09-10,5,06,5,3415,松井繁,52,25,6.93,4,0.13
2026-09-10,6,01,1,4398,船岡洋一郎,68,32,6.93,1,0.10
2026-09-10,6,02,4,4262,馬場貴也,37,38,6.84,4,0.09
2026-09-10,6,03,6,4543,重木輝彦,22,66,6.88,6,0.11
2026-09-10,6,04,2,4719,上條暢嵩,40,84,6.87,2,0.18
2026-09-10,6,05,3,4096,石橋道友,19,55,6.91,3,0.15
2026-09-10,6,06,5,5058,前原大道,76,44,6.88,5,0.08
2026-09-10,7,01,1,4494,河合佑樹,27,77,6.92,1,0.08
2026-09-10,7,02,2,4238,毒島誠,61,74,6.92,2,0.06
2026-09-10,7,03,6,5051,松本純平,23,81,6.89,6,0.00
2026-09-10,7,04,4,5028,原田才一郎,60,29,6.93,4,0.00
2026-09-10,7,05,3,3783,瓜生正義,26,58,6.89,3,0.07
2026-09-10,7,F,5,3719,辻栄蔵,20,64,6.92,5,F0.01
2026-09-10,8,01,1,4960,黒野元基,56,11,6.91,1,0.05
2026-09-10,8,02,4,4544,松田大志郎,74,68,6.91,4,0.24
2026-09-10,8,03,3,4688,永井彪也,54,62,6.93,3,0.13
2026-09-10,8,04,5,3952,中澤和志,43,43,6.89,5,0.18
2026-09-10,8,05,2,3779,原田幸哉,77,49,6.95,2,0.07
2026-09-10,8,06,6,3590,濱野谷憲吾,58,46,6.91,6,0.17
2026-09-10,9,01,1,4503,上野真之介,16,33,6.91,1,0.09
2026-09-10,9,02,3,4524,深谷知博,55,17,6.92,3,0.13
2026-09-10,9,03,4,4371,西山貴浩,29,76,6.93,4,0.22
2026-09-10,9,04,2,4075,中野次郎,36,36,6.88,2,0.09
2026-09-10,9,05,6,4907,小池修平,13,70,6.94,6,0.16
2026-09-10,9,06,5,5026,安河内健,69,60,6.94,5,0.20
2026-09-10,10,01,3,4335,若林将,47,34,6.94,3,0.10
2026-09-10,10,02,1,4500,山田康二,34,67,6.91,1,0.05
2026-09-10,10,03,5,4686,丸野一樹,31,69,6.97,5,0.02
2026-09-10,10,04,6,5191,飛田江己,59,19,6.86,6,0.02
2026-09-10,10,05,4,5088,高憧四季,62,56,6.88,4,0.03
2026-09-10,10,06,2,4704,河野大,65,72,6.94,2,0.12
2026-09-10,11,01,1,4262,馬場貴也,37,38,6.82,1,0.13
2026-09-10,11,02,2,3716,石渡鉄兵,45,12,6.92,2,0.11
2026-09-10,11,03,6,4482,守屋美穂,46,47,6.83,6,0.12
2026-09-10,11,04,4,3415,松井繁,52,25,6.92,4,0.10
2026-09-10,11,05,5,5016,宮田龍馬,12,24,6.87,5,0.12
2026-09-10,11,06,3,3909,佐々木康幸,73,59,6.88,3,0.10
2026-09-10,12,01,1,4908,上田龍星,33,65,6.88,1,0.05
2026-09-10,12,02,4,4483,北野輝季,70,57,6.86,4,0.07
2026-09-10,12,03,5,4497,桑原悠,63,85,6.84,5,0.13
2026-09-10,12,04,2,4910,中村泰平,48,54,6.85,2,0.06
2026-09-10,12,05,6,4571,菅章哉,44,35,6.78,6,0.13
2026-09-10,12,06,3,4398,船岡洋一郎,68,32,6.88,3,0.14
2026-09-11,1,01,2,5051,松本純平,23,81,6.89,2,0.10
2026-09-11,1,02,3,5058,前原大道,76,44,6.86,3,0.06
2026-09-11,1,03,4,5191,飛田江己,59,19,6.87,4,0.10
2026-09-11,1,04,1,4483,北野輝季,70,57,6.85,1,0.13
2026-09-11,1,05,6,5224,西岡顕心,14,82,6.97,6,0.20
2026-09-11,1,06,5,4482,守屋美穂,46,47,6.9,5,0.18
2026-09-11,2,01,1,5016,宮田龍馬,12,24,6.85,1,0.06
2026-09-11,2,02,4,4398,船岡洋一郎,68,32,6.94,4,0.08
2026-09-11,2,03,5,3952,中澤和志,43,43,6.92,5,0.03
2026-09-11,2,04,3,3983,須藤博倫,75,15,6.92,3,0.08
2026-09-11,2,05,6,3779,原田幸哉,77,49,6.91,6,0.05
2026-09-11,2,06,2,4908,上田龍星,33,65,6.95,2,0.10
2026-09-11,3,01,4,4910,中村泰平,48,54,6.87,4,0.10
2026-09-11,3,02,6,3719,辻栄蔵,20,64,6.9,6,0.19
2026-09-11,3,03,3,3415,松井繁,52,25,6.9,3,0.15
2026-09-11,3,04,1,4075,中野次郎,36,36,6.92,1,0.08
2026-09-11,3,05,5,4571,菅章哉,44,35,6.8,5,0.10
2026-09-11,3,06,2,5026,安河内健,69,60,6.94,2,0.21
2026-09-11,4,01,4,4961,西橋奈未,38,48,6.83,4,0.07
2026-09-11,4,02,1,4715,村上遼,57,37,6.88,1,0.08
2026-09-11,4,03,6,4497,桑原悠,63,85,6.92,6,0.18
2026-09-11,4,04,3,4543,重木輝彦,22,66,6.9,3,0.17
2026-09-11,4,05,2,4524,深谷知博,55,17,6.95,2,0.18
2026-09-11,4,06,5,3783,瓜生正義,26,58,6.9,5,0.16
2026-09-11,5,01,1,4352,下條雄太郎,25,20,6.92,1,0.14
2026-09-11,5,02,5,4704,河野大,65,72,6.99,5,0.03
2026-09-11,5,03,3,4908,上田龍星,33,65,6.97,3,0.10
2026-09-11,5,04,2,5191,飛田江己,59,19,6.88,2,0.10
2026-09-11,5,05,4,5051,松本純平,23,81,6.91,4,0.05
2026-09-11,5,06,6,5016,宮田龍馬,12,24,6.92,6,0.06
2026-09-11,6,01,2,4571,菅章哉,44,35,6.85,2,0.02
2026-09-11,6,02,5,4398,船岡洋一郎,68,32,6.93,5,0.14
2026-09-11,6,03,4,3952,中澤和志,43,43,6.91,4,0.05
2026-09-11,6,04,6,4483,北野輝季,70,57,6.9,6,0.08
2026-09-11,6,05,3,5026,安河内健,69,60,6.9,3,0.04
2026-09-11,6,F,1,5224,西岡顕心,14,82,6.96,1,F0.01
2026-09-11,7,01,2,4961,西橋奈未,38,48,6.83,2,0.11
2026-09-11,7,02,3,4482,守屋美穂,46,47,6.89,3,0.13
2026-09-11,7,03,1,5088,高憧四季,62,56,6.83,1,0.10
2026-09-11,7,04,5,3983,須藤博倫,75,15,6.94,5,0.11
2026-09-11,7,05,4,4688,永井彪也,54,62,6.89,4,0.09
2026-09-11,7,06,6,4075,中野次郎,36,36,6.86,6,0.09
2026-09-11,8,01,1,3779,原田幸哉,77,49,6.94,1,0.18
2026-09-11,8,02,6,4715,村上遼,57,37,6.88,6,0.15
2026-09-11,8,03,5,4543,重木輝彦,22,66,6.89,5,0.15
2026-09-11,8,04,2,5058,前原大道,76,44,6.86,2,0.17
2026-09-11,8,05,3,4910,中村泰平,48,54,6.94,3,0.17
2026-09-11,8,06,4,3415,松井繁,52,25,6.96,4,0.15
2026-09-11,9,01,1,4371,西山貴浩,29,76,6.89,1,0.13
2026-09-11,9,02,2,4544,松田大志郎,74,68,6.82,2,0.26
2026-09-11,9,03,3,4084,杉山正樹,41,75,6.85,3,0.19
2026-09-11,9,04,5,4096,石橋道友,19,55,6.85,5,0.07
2026-09-11,9,05,6,5028,原田才一郎,60,29,6.9,6,0.12
2026-09-11,9,06,4,4503,上野真之介,16,33,6.96,4,0.11
2026-09-11,10,01,2,4238,毒島誠,61,74,6.88,2,0.10
2026-09-11,10,02,3,4500,山田康二,34,67,6.88,3,0.09
2026-09-11,10,03,1,4188,久田敏之,81,31,6.82,1,0.03
2026-09-11,10,04,5,4907,小池修平,13,70,6.88,5,0.11
2026-09-11,10,05,4,3716,石渡鉄兵,45,12,6.92,4,0.11
2026-09-11,10,06,6,4494,河合佑樹,27,77,6.86,6,0.13
2026-09-11,11,01,1,4262,馬場貴也,37,38,6.81,1,0.04
2026-09-11,11,02,3,4960,黒野元基,56,11,6.84,3,0.02
2026-09-11,11,03,2,4174,赤坂俊輔,17,51,6.84,2,0.05
2026-09-11,11,04,5,4719,上條暢嵩,40,84,6.9,5,0.05
2026-09-11,11,05,4,4686,丸野一樹,31,69,6.93,4,0.05
2026-09-11,11,06,6,4335,若林将,47,34,6.91,6,0.11
2026-09-11,12,01,1,3783,瓜生正義,26,58,6.88,1,0.11
2026-09-11,12,02,6,5088,高憧四季,62,56,6.87,6,0.11
2026-09-11,12,03,3,4352,下條雄太郎,25,20,6.92,3,0.14
2026-09-11,12,04,4,4704,河野大,65,72,6.89,4,0.13
2026-09-11,12,05,2,4688,永井彪也,54,62,6.9,2,0.15
2026-09-11,12,06,5,4524,深谷知博,55,17,6.89,5,0.14
2026-09-12,1,01,4,4715,村上遼,57,37,6.91,4,0.02
2026-09-12,1,02,1,4494,河合佑樹,27,77,6.92,1,0.13
2026-09-12,1,03,2,4543,重木輝彦,22,66,6.91,2,0.09
2026-09-12,1,04,5,5016,宮田龍馬,12,24,6.96,5,0.11
2026-09-12,1,05,6,4571,菅章哉,44,35,6.92,6,0.12
2026-09-12,1,06,3,4075,中野次郎,36,36,6.99,3,0.11
2026-09-12,2,01,5,4961,西橋奈未,38,48,6.84,5,0.09
2026-09-12,2,02,2,5028,原田才一郎,60,29,6.95,2,0.06
2026-09-12,2,03,4,5051,松本純平,23,81,6.91,4,0.10
2026-09-12,2,04,6,3719,辻栄蔵,20,64,6.95,6,0.23
2026-09-12,2,05,3,3779,原田幸哉,77,49,6.96,3,0.06
2026-09-12,2,S1,1,4084,杉山正樹,41,75,6.88,1,0.16
2026-09-12,3,01,1,4096,石橋道友,19,55,6.88,1,0.17
2026-09-12,3,02,3,5191,飛田江己,59,19,6.89,3,0.15
2026-09-12,3,03,6,5058,前原大道,76,44,6.88,6,0.22
2026-09-12,3,04,2,4398,船岡洋一郎,68,32,6.93,2,0.20
2026-09-12,3,05,5,4483,北野輝季,70,57,6.88,5,0.18
2026-09-12,3,06,4,3783,瓜生正義,26,58,6.89,4,0.18
2026-09-12,4,01,1,3716,石渡鉄兵,45,12,6.95,1,0.14
2026-09-12,4,02,2,4907,小池修平,13,70,6.96,2,0.15
2026-09-12,4,03,3,4352,下條雄太郎,25,20,6.97,3,0.13
2026-09-12,4,04,6,4497,桑原悠,63,85,6.89,6,0.14
2026-09-12,4,05,4,3415,松井繁,52,25,6.95,4,0.30
2026-09-12,4,06,5,4910,中村泰平,48,54,6.92,5,0.14
2026-09-12,5,01,5,4571,菅章哉,44,35,6.81,6,0.07
2026-09-12,5,02,6,4908,上田龍星,33,65,6.97,5,0.13
2026-09-12,5,03,4,4174,赤坂俊輔,17,51,6.92,4,0.13
2026-09-12,5,04,3,4688,永井彪也,54,62,6.94,3,0.12
2026-09-12,5,05,1,4335,若林将,47,34,6.92,1,0.13
2026-09-12,5,06,2,3952,中澤和志,43,43,6.94,2,0.13
2026-09-12,6,01,1,4503,上野真之介,16,33,6.94,1,0.11
2026-09-12,6,02,6,4188,久田敏之,81,31,6.94,6,0.10
2026-09-12,6,03,5,5051,松本純平,23,81,6.93,5,0.12
2026-09-12,6,04,3,4524,深谷知博,55,17,6.91,3,0.09
2026-09-12,6,05,2,3983,須藤博倫,75,15,6.89,2,0.15
2026-09-12,6,06,4,4543,重木輝彦,22,66,6.89,4,0.12
2026-09-12,7,01,1,4686,丸野一樹,31,69,6.96,1,0.08
2026-09-12,7,02,3,5016,宮田龍馬,12,24,6.88,3,0.13
2026-09-12,7,03,4,3779,原田幸哉,77,49,6.93,4,0.12
2026-09-12,7,04,6,5224,西岡顕心,14,82,6.96,6,0.23
2026-09-12,7,05,2,4704,河野大,65,72,6.93,2,0.14
2026-09-12,7,06,5,5026,安河内健,69,60,6.97,5,0.20
2026-09-12,8,01,1,4719,上條暢嵩,40,84,6.9,1,0.12
2026-09-12,8,02,4,4961,西橋奈未,38,48,6.85,4,0.05
2026-09-12,8,03,2,3783,瓜生正義,26,58,6.87,2,0.12
2026-09-12,8,04,5,5088,高憧四季,62,56,6.9,5,0.08
2026-09-12,8,05,6,4352,下條雄太郎,25,20,6.93,6,0.17
2026-09-12,8,06,3,4482,守屋美穂,46,47,6.88,3,0.08
2026-09-12,9,01,3,4715,村上遼,57,37,6.91,3,0.11
2026-09-12,9,02,2,4483,北野輝季,70,57,6.88,2,0.13
2026-09-12,9,03,4,4075,中野次郎,36,36,6.95,4,0.13
2026-09-12,9,04,6,4688,永井彪也,54,62,6.93,6,0.13
2026-09-12,9,05,5,5191,飛田江己,59,19,6.92,5,0.12
2026-09-12,9,06,1,3415,松井繁,52,25,6.91,1,0.16
2026-09-12,10,01,1,4174,赤坂俊輔,17,51,6.91,1,0.09
2026-09-12,10,02,3,4096,石橋道友,19,55,6.88,3,0.13
2026-09-12,10,03,4,3716,石渡鉄兵,45,12,6.96,4,0.09
2026-09-12,10,04,6,4494,河合佑樹,27,77,6.88,6,0.12
2026-09-12,10,05,2,4084,杉山正樹,41,75,6.94,2,0.22
2026-09-12,10,06,5,4503,上野真之介,16,33,6.93,5,0.11
2026-09-12,11,01,1,4188,久田敏之,81,31,6.92,1,0.03
2026-09-12,11,02,3,4907,小池修平,13,70,6.91,3,0.16
2026-09-12,11,03,4,4686,丸野一樹,31,69,6.96,4,0.12
2026-09-12,11,04,6,4335,若林将,47,34,6.95,6,0.11
2026-09-12,11,05,2,4719,上條暢嵩,40,84,6.91,2,0.14
2026-09-12,11,06,5,5028,原田才一郎,60,29,6.95,5,0.12
2026-09-12,12,01,1,4262,馬場貴也,37,38,6.82,1,0.06
2026-09-12,12,02,3,4238,毒島誠,61,74,6.94,3,0.13
2026-09-12,12,03,5,4960,黒野元基,56,11,6.88,5,0.04
2026-09-12,12,04,2,4371,西山貴浩,29,76,6.92,2,0.19
2026-09-12,12,05,6,4500,山田康二,34,67,6.88,6,0.07
2026-09-12,12,06,4,4544,松田大志郎,74,68,6.87,4,0.10
2026-09-17,1,01,5,5060,数原魁,37,52,6.77,5,0.10
2026-09-17,1,02,4,4895,門間雄大,68,22,6.87,4,0.13
2026-09-17,1,03,2,5198,奥村明日香,39,67,6.84,2,0.24
2026-09-17,1,04,3,4293,鈴木智啓,75,14,6.93,3,0.12
2026-09-17,1,05,1,3406,中里英夫,77,24,6.87,1,0.15
2026-09-17,1,06,6,3976,内田圭,21,83,6.9,6,0.13
2026-09-17,2,01,5,4350,篠崎元志,17,66,6.87,5,0.16
2026-09-17,2,02,1,4299,中島浩哉,79,47,6.9,1,0.14
2026-09-17,2,03,3,5161,登玉隼百,38,86,6.86,3,0.12
2026-09-17,2,04,2,4984,森下愛梨,74,30,6.88,2,0.19
2026-09-17,2,05,6,3878,胡本悟志,67,81,6.9,6,0.14
2026-09-17,2,06,4,3419,栗原謙治,16,21,6.99,4,0.18
2026-09-17,3,01,3,4815,伏島祐介,44,28,6.87,4,0.06
2026-09-17,3,02,1,3920,正木聖賢,15,19,6.89,1,0.09
2026-09-17,3,03,5,5010,宇留田翔平,53,80,6.91,5,0.10
2026-09-17,3,04,4,3265,今村暢孝,52,64,6.96,2,0.08
2026-09-17,3,05,6,3944,山口裕二,80,70,6.87,6,0.12
2026-09-17,3,06,2,4457,神田達也,33,61,6.94,3,0.08
2026-09-17,4,01,1,4471,新田泰章,35,53,6.92,1,0.16
2026-09-17,4,02,3,4743,木村仁紀,50,11,6.93,3,0.16
2026-09-17,4,03,4,4754,松尾充,32,41,6.95,4,0.21
2026-09-17,4,04,2,4224,大橋栄里佳,18,65,6.93,2,0.17
2026-09-17,4,05,5,5147,田中勇輔,31,39,6.95,5,0.24
2026-09-17,4,06,6,4041,小林基樹,25,13,6.93,6,0.32
2026-09-17,5,01,2,5154,村松栄太,76,68,6.93,2,0.24
2026-09-17,5,02,3,4514,上條嘉嗣,45,73,6.92,3,0.23
2026-09-17,5,03,1,3776,横井健太,40,23,6.94,1,0.20
2026-09-17,5,04,5,5020,宮村勇哉,64,43,6.93,5,0.18
2026-09-17,5,05,6,4676,後藤隼之,78,29,6.97,6,0.16
2026-09-17,5,06,4,4549,小林文彦,24,78,6.93,4,0.20
2026-09-17,6,01,4,4958,溝口海義也,47,46,6.92,4,0.09
2026-09-17,6,02,1,4512,高野哲史,13,85,6.92,1,0.11
2026-09-17,6,03,5,5006,久保原秀人,56,27,6.92,5,0.13
2026-09-17,6,04,3,4219,本岡勝利,14,69,6.98,3,0.19
2026-09-17,6,05,2,5174,川井萌,26,16,6.92,2,0.18
2026-09-17,6,06,6,4895,門間雄大,68,22,6.96,6,0.12
2026-09-17,7,01,1,4885,大山千広,49,72,6.94,1,0.13
2026-09-17,7,02,2,4998,中村かなえ,46,45,6.91,2,0.13
2026-09-17,7,03,4,5198,奥村明日香,39,67,6.94,4,0.18
2026-09-17,7,04,3,4243,西村歩,55,84,6.97,3,0.19
2026-09-17,7,05,5,4984,森下愛梨,74,30,6.94,5,0.15
2026-09-17,7,06,6,5314,中曽瑠華,66,50,6.97,6,0.16
2026-09-17,8,01,3,4457,神田達也,33,61,7.0,3,0.20
2026-09-17,8,02,1,4788,小池哲也,71,26,6.91,1,0.19
2026-09-17,8,03,6,4121,富永修一,72,74,6.93,6,0.12
2026-09-17,8,04,2,5035,櫻井優,51,63,6.89,2,0.20
2026-09-17,8,05,5,3419,栗原謙治,16,21,7.02,5,0.18
2026-09-17,8,06,4,3976,内田圭,21,83,7.0,4,0.20
2026-09-17,9,01,2,5157,市川健太,11,44,6.9,2,0.02
2026-09-17,9,02,4,3920,正木聖賢,15,19,6.95,4,0.04
2026-09-17,9,03,6,4379,桑島和宏,30,58,6.94,6,0.05
2026-09-17,9,04,1,4754,松尾充,32,41,6.94,1,0.05
2026-09-17,9,05,5,4293,鈴木智啓,75,14,6.99,5,0.07
2026-09-17,9,S1,3,4177,萬正嗣,61,18,6.96,3,0.00
2026-09-17,10,01,6,4743,木村仁紀,50,11,6.93,6,0.12
2026-09-17,10,02,2,5020,宮村勇哉,64,43,6.89,2,0.12
2026-09-17,10,03,4,3878,胡本悟志,67,81,6.97,4,0.17
2026-09-17,10,04,1,3265,今村暢孝,52,64,7.0,1,0.07
2026-09-17,10,05,5,5174,川井萌,26,16,6.93,5,0.14
2026-09-17,10,06,3,5060,数原魁,37,52,6.86,3,0.10
2026-09-17,11,01,1,4958,溝口海義也,47,46,6.85,1,0.12
2026-09-17,11,02,3,5010,宇留田翔平,53,80,6.96,3,0.22
2026-09-17,11,03,5,5161,登玉隼百,38,86,6.9,5,0.18
2026-09-17,11,04,2,5147,田中勇輔,31,39,6.95,2,0.14
2026-09-17,11,05,6,4549,小林文彦,24,78,6.94,6,0.28
2026-09-17,11,06,4,3406,中里英夫,77,24,6.97,4,0.21
2026-09-17,12,01,1,4350,篠崎元志,17,66,6.88,1,0.14
2026-09-17,12,02,3,4885,大山千広,49,72,6.9,3,0.14
2026-09-17,12,03,4,4512,高野哲史,13,85,6.94,4,0.11
2026-09-17,12,04,2,3944,山口裕二,80,70,6.95,2,0.17
2026-09-17,12,05,6,4514,上條嘉嗣,45,73,6.88,6,0.16
2026-09-17,12,06,5,4471,新田泰章,35,53,6.92,5,0.17
2026-09-18,1,01,1,4121,富永修一,72,74,6.93,4,0.18
2026-09-18,1,02,4,4676,後藤隼之,78,29,6.92,2,0.16
2026-09-18,1,03,6,3920,正木聖賢,15,19,6.9,3,0.20
2026-09-18,1,04,5,4224,大橋栄里佳,18,65,6.9,6,0.29
2026-09-18,1,05,2,4219,本岡勝利,14,69,6.95,5,0.24
2026-09-18,1,06,3,5314,中曽瑠華,66,50,6.94,1,0.58
2026-09-18,2,01,3,5035,櫻井優,51,63,6.94,3,0.03
2026-09-18,2,02,2,4815,伏島祐介,44,28,6.86,2,0.06
2026-09-18,2,03,5,3944,山口裕二,80,70,6.93,5,0.12
2026-09-18,2,04,4,5157,市川健太,11,44,6.92,4,0.06
2026-09-18,2,05,6,4788,小池哲也,71,26,6.95,6,0.08
2026-09-18,2,06,1,3419,栗原謙治,16,21,7.02,1,0.08
2026-09-18,3,01,3,4512,高野哲史,13,85,6.94,4,0.17
2026-09-18,3,02,1,4041,小林基樹,25,13,6.91,1,0.12
2026-09-18,3,03,4,4885,大山千広,49,72,6.88,5,0.17
2026-09-18,3,04,6,3265,今村暢孝,52,64,6.96,2,0.07
2026-09-18,3,05,5,5154,村松栄太,76,68,6.88,6,0.15
2026-09-18,3,06,2,5147,田中勇輔,31,39,6.94,3,0.16
2026-09-18,4,01,2,5010,宇留田翔平,53,80,6.92,2,0.04
2026-09-18,4,02,3,4958,溝口海義也,47,46,6.84,3,0.03
2026-09-18,4,03,6,4350,篠崎元志,17,66,6.92,4,0.06
2026-09-18,4,04,5,4243,西村歩,55,84,6.93,6,0.21
2026-09-18,4,05,4,3776,横井健太,40,23,6.94,5,0.09
2026-09-18,4,06,1,3976,内田圭,21,83,6.93,1,0.03
2026-09-18,5,01,2,4293,鈴木智啓,75,14,7.04,2,0.16
2026-09-18,5,02,1,3878,胡本悟志,67,81,6.95,1,0.14
2026-09-18,5,03,3,5006,久保原秀人,56,27,6.93,3,0.20
2026-09-18,5,04,4,4743,木村仁紀,50,11,6.95,4,0.16
2026-09-18,5,05,5,5198,奥村明日香,39,67,6.92,5,0.16
2026-09-18,5,06,6,4471,新田泰章,35,53,6.96,6,0.17
2026-09-18,6,01,1,4379,桑島和宏,30,58,6.91,1,0.21
2026-09-18,6,02,4,4514,上條嘉嗣,45,73,6.9,4,0.26
2026-09-18,6,03,6,4754,松尾充,32,41,6.98,6,0.22
2026-09-18,6,04,3,5020,宮村勇哉,64,43,6.92,3,0.16
2026-09-18,6,05,2,5314,中曽瑠華,66,50,6.94,2,0.24
2026-09-18,6,06,5,4998,中村かなえ,46,45,6.88,5,0.18
2026-09-18,7,01,1,3944,山口裕二,80,70,6.91,1,0.09
2026-09-18,7,02,2,5161,登玉隼百,38,86,6.89,2,0.05
2026-09-18,7,03,3,3920,正木聖賢,15,19,6.94,3,0.05
2026-09-18,7,04,4,5174,川井萌,26,16,6.92,4,0.14
2026-09-18,7,05,6,4299,中島浩哉,79,47,6.95,6,0.09
2026-09-18,7,06,5,4457,神田達也,33,61,6.95,5,0.21
2026-09-18,8,01,1,4549,小林文彦,24,78,6.95,1,0.13
2026-09-18,8,02,2,5060,数原魁,37,52,6.91,2,0.14
2026-09-18,8,03,5,4219,本岡勝利,14,69,6.97,5,0.23
2026-09-18,8,04,3,4984,森下愛梨,74,30,6.93,3,0.17
2026-09-18,8,05,6,4512,高野哲史,13,85,6.95,6,0.18
2026-09-18,8,06,4,3419,栗原謙治,16,21,7.05,4,0.24
2026-09-18,9,01,2,4350,篠崎元志,17,66,6.88,2,0.10
2026-09-18,9,02,6,3406,中里英夫,77,24,6.95,6,0.15
2026-09-18,9,03,5,5157,市川健太,11,44,6.89,5,0.10
2026-09-18,9,04,3,4224,大橋栄里佳,18,65,6.91,3,0.18
2026-09-18,9,05,4,4041,小林基樹,25,13,6.86,4,0.22
2026-09-18,9,06,1,4895,門間雄大,68,22,6.93,1,0.16
2026-09-18,10,01,3,4998,中村かなえ,46,45,6.9,3,0.10
2026-09-18,10,02,1,4676,後藤隼之,78,29,6.93,1,0.15
2026-09-18,10,03,2,4471,新田泰章,35,53,6.93,2,0.17
2026-09-18,10,04,4,4788,小池哲也,71,26,6.98,4,0.28
2026-09-18,10,05,5,5147,田中勇輔,31,39,6.95,5,0.26
2026-09-18,10,06,6,3776,横井健太,40,23,6.92,6,0.28
2026-09-18,11,01,3,5154,村松栄太,76,68,6.88,3,0.06
2026-09-18,11,02,4,4121,富永修一,72,74,6.91,4,0.07
2026-09-18,11,03,6,4958,溝口海義也,47,46,6.9,6,0.09
2026-09-18,11,04,5,4815,伏島祐介,44,28,6.9,5,0.05
2026-09-18,11,05,2,5006,久保原秀人,56,27,6.88,2,0.26
2026-09-18,11,06,1,4514,上條嘉嗣,45,73,6.84,1,0.39
2026-09-18,12,01,1,4743,木村仁紀,50,11,6.92,1,0.15
2026-09-18,12,02,2,4243,西村歩,55,84,6.95,2,0.17
2026-09-18,12,03,6,4885,大山千広,49,72,6.88,6,0.15
2026-09-18,12,04,4,4379,桑島和宏,30,58,6.93,4,0.14
2026-09-18,12,05,5,5035,櫻井優,51,63,6.93,5,0.15
2026-09-18,12,06,3,4299,中島浩哉,79,47,6.94,3,0.13
