date,race,rname,fixed,day_n,title,weather,wdir,wspd,wave,kimarite,combo,payout,ninki,nitan,nitan_pay,nitan_ninki,tansho_pay,c1_regno,c1_rank,win_boat,win_course,n_fins
2025-09-19,1,予選,0,1,サンケイスポーツ杯,晴,西,2,1,逃げ,1-2-3,750,1,1-2,410,2,130,5063,01,1,1,6
2025-09-19,2,予選,0,1,サンケイスポーツ杯,晴,西,2,1,逃げ,1-2-3,670,1,1-2,500,2,160,3892,01,1,1,6
2025-09-19,3,予選,0,1,サンケイスポーツ杯,晴,西,1,1,逃げ,1-2-5,670,1,1-2,440,2,120,4904,01,1,1,6
2025-09-19,4,予選,0,1,サンケイスポーツ杯,晴,西,1,1,逃げ,1-3-2,820,2,1-3,370,1,170,3882,01,1,1,6
2025-09-19,5,予選,0,1,サンケイスポーツ杯,晴,西,1,1,まくり差し,5-1-4,2850,12,5-1,630,3,150,4015,02,5,5,6
2025-09-19,6,予選,0,1,サンケイスポーツ杯,晴,西,1,1,逃げ,1-2-3,1040,4,1-2,370,1,300,3567,01,1,1,6
2025-09-19,7,予選,1,1,サンケイスポーツ杯,晴,南西,1,1,まくり差し,5-1-2,18300,23,5-1,5860,6,1400,4171,02,5,5,6
2025-09-19,8,予選,0,1,サンケイスポーツ杯,晴,南西,1,1,逃げ,1-3-2,680,2,1-3,200,1,100,4264,01,1,1,6
2025-09-19,9,予選特賞,0,1,サンケイスポーツ杯,晴,東,1,1,まくり,4-6-1,4460,17,4-6,1560,6,330,3951,03,4,4,6
2025-09-19,10,予選特賞,0,1,サンケイスポーツ杯,晴,東,1,1,差し,2-1-4,4940,17,2-1,1530,6,420,3811,02,2,2,6
2025-09-19,11,予選特選,0,1,サンケイスポーツ杯,晴,東,1,1,逃げ,1-3-2,830,4,1-3,230,1,100,4434,01,1,1,6
2025-09-19,12,発祥地選抜,0,1,サンケイスポーツ杯,晴,南東,1,1,逃げ,1-5-3,2230,11,1-5,700,4,120,4762,01,1,1,6
2025-09-20,1,予選,0,2,サンケイスポーツ杯,雨,南西,3,2,差し,2-5-3,73350,86,2-5,9710,21,600,5035,06,2,2,6
2025-09-20,2,予選,0,2,サンケイスポーツ杯,雨,南西,4,3,逃げ,1-3-4,3910,16,1-3,490,1,180,4572,01,1,1,6
2025-09-20,3,予選,0,2,サンケイスポーツ杯,曇り,南西,3,2,逃げ,1-5-3,1250,2,1-5,780,3,260,3478,01,1,1,6
2025-09-20,4,予選,0,2,サンケイスポーツ杯,雨,南西,3,2,逃げ,1-2-6,3730,11,1-2,280,1,130,4089,01,1,1,6
2025-09-20,5,予選,0,2,サンケイスポーツ杯,雨,南西,1,1,逃げ,1-2-4,2280,7,1-2,580,2,100,4154,01,1,1,6
2025-09-20,6,予選,0,2,サンケイスポーツ杯,雨,南,1,1,逃げ,1-5-4,8260,27,1-5,2500,10,540,4511,01,1,1,6
2025-09-20,7,予選,1,2,サンケイスポーツ杯,雨,南,2,1,逃げ,1-2-5,530,1,1-2,200,1,110,4109,01,1,1,6
2025-09-20,8,予選,0,2,サンケイスポーツ杯,曇り,南,2,1,逃げ,1-4-3,1060,3,1-4,310,1,220,4301,01,1,1,6
2025-09-20,9,予選特賞,0,2,サンケイスポーツ杯,曇り,北,4,3,逃げ,1-2-3,1180,3,1-2,610,3,430,4253,01,1,1,6
2025-09-20,10,予選特賞,0,2,サンケイスポーツ杯,曇り,北西,2,1,逃げ,1-3-5,1390,5,1-3,250,1,160,4216,01,1,1,6
2025-09-20,11,予選特選,0,2,サンケイスポーツ杯,曇り,北西,2,1,逃げ,1-3-4,1420,6,1-3,380,2,100,4172,01,1,1,6
2025-09-20,12,予選特選,0,2,サンケイスポーツ杯,曇り,北西,2,1,逃げ,1-3-4,830,2,1-3,380,2,100,4903,01,1,1,6
2025-09-21,1,予選,0,3,サンケイスポーツ杯,晴,北,4,3,逃げ,1-5-2,1910,7,1-5,740,3,210,3568,01,1,1,6
2025-09-21,2,予選,0,3,サンケイスポーツ杯,晴,北,4,3,逃げ,1-3-2,1450,3,1-3,490,1,170,4632,01,1,1,6
2025-09-21,3,予選,0,3,サンケイスポーツ杯,晴,北,4,3,逃げ,1-3-5,1280,5,1-3,220,1,140,5276,01,1,1,6
2025-09-21,4,予選,0,3,サンケイスポーツ杯,晴,北,4,3,逃げ,1-5-3,20650,41,1-5,5050,11,170,2878,01,1,1,6
2025-09-21,5,予選,0,3,サンケイスポーツ杯,晴,北,4,3,まくり差し,3-1-4,2280,6,3-1,600,2,220,5214,02,3,3,6
2025-09-21,6,予選,0,3,サンケイスポーツ杯,晴,北,4,3,差し,4-6-2,3620,15,4-6,600,2,590,4978,04,4,4,6
2025-09-21,7,予選,1,3,サンケイスポーツ杯,晴,北,4,3,逃げ,1-4-3,3130,10,1-4,700,4,140,4241,01,1,1,6
2025-09-21,8,予選,0,3,サンケイスポーツ杯,晴,北,3,2,逃げ,1-3-2,510,1,1-3,200,1,130,4292,01,1,1,6
2025-09-21,9,予選特賞,0,3,サンケイスポーツ杯,晴,北,2,1,抜き,1-6-3,1690,7,1-6,580,3,110,4308,01,1,1,6
2025-09-21,10,予選特賞,0,3,サンケイスポーツ杯,晴,北,2,1,逃げ,1-3-2,540,1,1-3,230,1,110,4254,01,1,1,6
2025-09-21,11,予選特選,0,3,サンケイスポーツ杯,晴,東,1,1,逃げ,1-2-6,1430,6,1-2,210,1,140,4095,01,1,1,6
2025-09-21,12,予選特選,0,3,サンケイスポーツ杯,晴,北西,1,1,逃げ,1-3-4,590,3,1-3,200,1,110,4737,01,1,1,6
2025-09-22,1,予選,0,4,サンケイスポーツ杯,曇り,,0,1,差し,4-6-2,8140,34,4-6,2220,10,250,3775,04,4,4,6
2025-09-22,2,予選,0,4,サンケイスポーツ杯,曇り,西,1,1,まくり差し,4-5-6,26390,71,4-5,2870,13,400,3807,05,4,4,6
2025-09-22,3,予選,0,4,サンケイスポーツ杯,曇り,北,3,2,差し,2-1-3,3670,21,2-1,1520,10,980,3507,02,2,2,6
2025-09-22,4,予選,0,4,サンケイスポーツ杯,曇り,北,1,1,逃げ,1-5-2,2080,7,1-5,570,1,170,4252,01,1,1,6
2025-09-22,5,予選,0,4,サンケイスポーツ杯,曇り,北東,1,1,逃げ,1-4-6,980,5,1-4,280,1,110,4095,01,1,1,6
2025-09-22,6,予選,0,4,サンケイスポーツ杯,曇り,,0,1,まくり,3-4-1,40690,41,3-4,13530,17,940,4762,03,3,4,6
2025-09-22,7,予選,1,4,サンケイスポーツ杯,曇り,,0,1,逃げ,1-4-2,510,2,1-4,290,2,130,4603,01,1,1,6
2025-09-22,8,予選,0,4,サンケイスポーツ杯,曇り,南,1,1,逃げ,1-3-2,1170,3,1-3,320,1,280,4323,01,1,1,6
2025-09-22,9,予選特賞,0,4,サンケイスポーツ杯,曇り,南,1,1,まくり差し,3-1-4,3320,11,3-1,1970,7,400,4513,02,3,3,6
2025-09-22,10,予選特選,0,4,サンケイスポーツ杯,曇り,北東,1,1,まくり差し,3-2-6,47550,56,3-2,5740,12,460,4171,04,3,3,6
2025-09-22,11,予選特選,0,4,サンケイスポーツ杯,曇り,,0,1,逃げ,1-5-2,3840,13,1-5,1020,4,110,4264,01,1,1,6
2025-09-22,12,一般特賞,0,4,サンケイスポーツ杯,雨,南東,1,1,逃げ,1-4-3,970,2,1-4,300,1,150,3811,01,1,1,6
2025-09-23,1,一般,0,5,サンケイスポーツ杯,晴,北西,1,1,逃げ,1-3-5,2680,4,1-3,470,1,230,3567,01,1,1,6
2025-09-23,2,一般,0,5,サンケイスポーツ杯,晴,北西,2,1,逃げ,1-2-4,3280,12,1-2,700,3,100,4301,01,1,1,6
2025-09-23,3,一般,0,5,サンケイスポーツ杯,晴,北西,1,1,逃げ,1-2-6,3960,13,1-2,1220,5,110,4015,01,1,1,6
2025-09-23,4,一般,0,5,サンケイスポーツ杯,晴,南西,2,1,抜き,1-3-4,910,3,1-3,590,3,170,4603,01,1,1,6
2025-09-23,5,一般,0,5,サンケイスポーツ杯,晴,南西,1,1,抜き,6-2-5,12180,29,6-2,7940,12,860,4109,04,6,5,6
2025-09-23,6,一般,0,5,サンケイスポーツ杯,晴,西,1,1,抜き,1-3-4,1310,3,1-3,290,1,140,4216,01,1,1,6
2025-09-23,7,一般,1,5,サンケイスポーツ杯,晴,西,1,1,逃げ,1-3-5,1860,7,1-3,460,2,100,4292,01,1,1,6
2025-09-23,8,一般,0,5,サンケイスポーツ杯,晴,南,1,1,逃げ,1-3-4,1070,4,1-3,290,1,140,2878,01,1,1,6
2025-09-23,9,準優勝戦,0,5,サンケイスポーツ杯,晴,南東,1,1,逃げ,1-2-4,1030,5,1-2,270,2,130,4172,01,1,1,6
2025-09-23,10,準優勝戦,0,5,サンケイスポーツ杯,晴,南西,1,1,逃げ,1-2-3,580,1,1-2,270,1,110,4737,01,1,1,6
2025-09-23,11,準優勝戦,0,5,サンケイスポーツ杯,晴,南西,2,1,逃げ,1-2-3,730,3,1-2,290,2,100,4762,01,1,1,6
2025-09-23,12,一般,0,5,サンケイスポーツ杯,晴,南西,2,1,逃げ,1-6-4,1140,3,1-6,480,3,170,4154,01,1,1,6
2025-09-24,1,一般,0,6,サンケイスポーツ杯,晴,南,1,1,まくり,4-1-6,17220,40,4-1,2630,6,1190,4904,02,4,4,6
2025-09-24,2,一般,0,6,サンケイスポーツ杯,晴,南,2,1,逃げ,1-6-4,12270,31,1-6,2870,10,110,3478,01,1,1,6
2025-09-24,3,一般,0,6,サンケイスポーツ杯,晴,南西,1,1,まくり差し,5-2-1,12680,31,5-2,3200,12,2080,4572,03,5,5,6
2025-09-24,4,一般,0,6,サンケイスポーツ杯,晴,西,1,1,逃げ,1-4-3,930,3,1-4,290,1,110,4292,01,1,1,6
2025-09-24,5,一般,0,6,サンケイスポーツ杯,晴,,0,1,逃げ,1-4-2,1970,9,1-4,1200,4,100,4308,01,1,1,6
2025-09-24,6,一般,0,6,サンケイスポーツ杯,晴,南,2,1,逃げ,1-4-3,1080,3,1-4,250,1,110,4109,01,1,1,6
2025-09-24,7,一般,1,6,サンケイスポーツ杯,晴,南東,1,1,逃げ,1-3-4,480,1,1-3,250,1,120,4903,01,1,1,6
2025-09-24,8,一般,0,6,サンケイスポーツ杯,晴,東,3,2,逃げ,1-2-3,1830,9,1-2,610,4,120,4171,01,1,1,6
2025-09-24,9,一般特選,0,6,サンケイスポーツ杯,晴,東,1,1,差し,2-4-1,48070,51,2-4,29830,24,710,4241,03,2,2,6
2025-09-24,10,特別選抜戦,0,6,サンケイスポーツ杯,晴,東,1,1,逃げ,1-6-2,2380,9,1-6,940,4,110,4089,01,1,1,6
2025-09-24,11,特別選抜戦,0,6,サンケイスポーツ杯,晴,東,1,1,まくり差し,3-1-2,4810,15,3-1,1470,5,530,4603,02,3,3,6
2025-09-24,12,優勝戦,0,6,サンケイスポーツ杯,晴,東,2,1,逃げ,1-6-5,8760,22,1-6,2060,6,140,4762,01,1,1,6
2025-09-27,1,予選,0,1,オールレディース競走,曇り,北西,1,1,まくり,3-4-6,2210,2,3-4,770,1,410,5250,S1,3,3,6
2025-09-27,2,予選,0,1,オールレディース競走,雨,,0,1,逃げ,1-3-4,13660,40,1-3,3120,12,250,4300,01,1,1,6
2025-09-27,3,予選,0,1,オールレディース競走,雨,,0,1,まくり,3-5-2,12940,40,3-5,4530,14,560,5283,06,3,3,6
2025-09-27,4,予選,0,1,オールレディース競走,雨,,0,1,まくり差し,5-1-2,1260,3,5-1,470,2,120,4733,02,5,5,6
2025-09-27,5,予選,0,1,オールレディース競走,曇り,南東,1,1,抜き,4-3-1,37620,81,4-3,9450,24,3620,3175,03,4,4,6
2025-09-27,6,予選,0,1,オールレディース競走,曇り,,0,1,まくり,3-5-6,4790,17,3-5,570,3,170,4844,04,3,3,6
2025-09-27,7,予選,1,1,オールレディース競走,曇り,南東,1,1,まくり差し,4-1-6,5470,20,4-1,850,5,340,3611,02,4,4,6
2025-09-27,8,予選,0,1,オールレディース競走,曇り,東,1,1,まくり,3-1-5,4250,19,3-1,400,2,180,4349,02,3,3,6
2025-09-27,9,予選,0,1,オールレディース競走,曇り,,0,1,逃げ,1-2-6,1070,4,1-2,260,1,360,4764,01,1,1,6
2025-09-27,10,予選特賞,0,1,オールレディース競走,曇り,,0,1,逃げ,1-3-4,530,1,1-3,230,1,120,4938,01,1,1,6
2025-09-27,11,予選特選,0,1,オールレディース競走,雨,南東,1,1,逃げ,1-2-5,3110,11,1-2,310,2,100,4433,01,1,1,6
2025-09-27,12,発祥地ドリー,0,1,オールレディース競走,雨,南東,1,1,差し,2-1-3,5030,20,2-1,960,4,520,4502,02,2,2,6
2025-09-28,1,予選,0,2,オールレディース競走,晴,南東,3,2,差し,2-4-1,6820,19,2-4,4250,15,490,4499,03,2,2,6
2025-09-28,2,予選,0,2,オールレディース競走,晴,南西,2,1,逃げ,1-4-6,1400,4,1-4,420,1,150,5173,01,1,1,6
2025-09-28,3,予選,0,2,オールレディース競走,晴,南西,3,2,まくり,2-3-5,620,1,2-3,320,2,130,3289,06,2,2,6
2025-09-28,4,予選,0,2,オールレディース競走,晴,西,3,2,まくり,2-4-1,1790,5,2-4,600,3,160,3580,03,2,2,6
2025-09-28,5,予選,0,2,オールレディース競走,晴,西,3,2,逃げ,1-2-5,1120,1,1-2,550,1,280,4372,01,1,1,6
2025-09-28,6,予選,0,2,オールレディース競走,晴,北西,2,1,まくり差し,3-1-6,850,3,3-1,430,3,110,3528,02,3,3,6
2025-09-28,7,予選,1,2,オールレディース競走,晴,北西,2,1,逃げ,1-2-3,480,1,1-2,330,1,160,5188,01,1,1,6
2025-09-28,8,予選,0,2,オールレディース競走,晴,南西,1,1,まくり差し,3-4-1,30090,64,3-4,9070,18,800,3618,03,3,3,6
2025-09-28,9,予選,0,2,オールレディース競走,晴,南西,2,1,まくり差し,3-4-2,9380,26,3-4,3160,9,790,4804,05,3,3,6
2025-09-28,10,予選特賞,0,2,オールレディース競走,晴,南西,1,1,逃げ,1-4-5,1140,4,1-4,420,2,100,4530,01,1,1,6
2025-09-28,11,予選特選,0,2,オールレディース競走,晴,南東,1,1,逃げ,1-5-3,5520,18,1-5,1890,5,100,4050,01,1,1,6
2025-09-28,12,龍神ドリーム,0,2,オールレディース競走,晴,南東,1,1,逃げ,1-4-3,1570,7,1-4,450,2,110,4482,01,1,1,6
2025-09-29,1,予選,0,3,オールレディース競走,晴,北西,2,1,抜き,1-3-6,4890,17,1-3,450,1,240,3871,01,1,1,6
2025-09-29,2,予選,0,3,オールレディース競走,晴,北西,2,1,差し,2-3-1,690,2,2-3,220,1,150,4924,03,2,2,6
2025-09-29,3,予選,0,3,オールレディース競走,晴,北西,2,1,まくり,3-4-5,530,1,3-4,340,1,150,5151,04,3,3,6
2025-09-29,4,予選,0,3,オールレディース競走,晴,北西,3,2,逃げ,1-4-5,3320,11,1-4,1120,5,160,4014,01,1,1,6
2025-09-29,5,予選,0,3,オールレディース競走,晴,北,4,3,まくり,2-6-5,3180,13,2-6,550,2,180,4408,05,2,2,6
2025-09-29,6,予選,0,3,オールレディース競走,晴,北東,3,2,まくり差し,4-1-6,14300,71,4-1,4740,24,700,3518,02,4,4,6
2025-09-29,7,予選,1,3,オールレディース競走,晴,北,4,3,逃げ,1-3-4,2390,9,1-3,1200,5,140,5205,01,1,1,6
2025-09-29,8,予選,0,3,オールレディース競走,晴,北東,3,2,抜き,5-2-1,3440,15,5-2,1370,5,530,4714,03,5,5,6
2025-09-29,9,予選,0,3,オールレディース競走,晴,北東,4,3,逃げ,1-2-3,1600,6,1-2,290,1,160,4927,01,1,1,6
2025-09-29,10,予選特賞,0,3,オールレディース競走,晴,北東,2,1,逃げ,1-3-6,780,4,1-3,190,1,100,4208,01,1,1,6
2025-09-29,11,予選特選,0,3,オールレディース競走,晴,北東,2,1,まくり,3-5-1,4800,19,3-5,1910,7,750,4590,03,3,3,6
2025-09-29,12,予選特選,0,3,オールレディース競走,晴,北,2,1,逃げ,1-4-5,2970,11,1-4,450,2,130,4387,01,1,1,6
2025-09-30,1,予選,0,4,オールレディース競走,晴,北西,3,2,逃げ,1-3-2,620,2,1-3,250,1,120,5195,01,1,1,6
2025-09-30,2,予選,0,4,オールレディース競走,晴,南西,2,1,まくり,3-4-1,2890,14,3-4,710,3,240,4720,03,3,3,6
2025-09-30,3,予選,0,4,オールレディース競走,晴,南,3,2,まくり差し,3-5-2,5500,20,3-5,360,2,120,5192,06,3,3,6
2025-09-30,4,予選,0,4,オールレディース競走,晴,南,1,1,まくり,3-5-4,70430,85,3-5,21390,25,340,5155,05,3,3,6
2025-09-30,5,予選,0,4,オールレディース競走,晴,南東,2,1,差し,2-1-5,18970,47,2-1,3620,11,1160,3357,02,2,2,6
2025-09-30,6,予選,0,4,オールレディース競走,晴,南,2,1,差し,6-2-5,51610,76,6-2,7900,18,1710,4548,05,6,6,6
2025-09-30,7,予選,1,4,オールレディース競走,晴,南西,1,1,逃げ,1-3-2,680,2,1-3,270,1,150,5193,01,1,1,6
2025-09-30,8,予選,0,4,オールレディース競走,晴,南東,1,1,まくり,2-3-5,3820,13,2-3,850,6,400,4286,04,2,2,6
2025-09-30,9,予選,0,4,オールレディース競走,晴,南,1,1,逃げ,1-3-5,4680,19,1-3,370,1,140,5218,01,1,1,6
2025-09-30,10,予選特選,0,4,オールレディース競走,晴,北東,1,1,逃げ,1-2-3,500,2,1-2,310,2,120,4502,01,1,1,6
2025-09-30,11,予選特選,0,4,オールレディース競走,晴,北東,1,1,逃げ,1-3-4,2180,9,1-3,230,1,110,4482,01,1,1,6
2025-09-30,12,一般特賞,0,4,オールレディース競走,晴,南東,1,1,逃げ,1-5-2,550,2,1-5,320,2,140,4590,01,1,1,6
2025-10-01,1,一般,0,5,オールレディース競走,晴,北西,2,1,逃げ,1-2-4,3930,17,1-2,1610,8,160,5335,01,1,1,6
2025-10-01,2,一般,0,5,オールレディース競走,晴,北西,2,1,まくり,3-6-4,193820,94,3-6,36660,25,970,3618,05,3,3,6
2025-10-01,3,一般,0,5,オールレディース競走,晴,北西,2,1,逃げ,1-4-3,1760,5,1-4,1000,4,360,4714,01,1,1,6
2025-10-01,4,一般,0,5,オールレディース競走,晴,北西,2,1,まくり,4-1-2,25290,57,4-1,4760,15,2490,4300,02,4,4,6
2025-10-01,5,一般,0,5,オールレディース競走,晴,北西,3,2,逃げ,1-3-2,7130,19,1-3,1510,6,140,4387,01,1,1,6
2025-10-01,6,一般,0,5,オールレディース競走,晴,北西,3,2,まくり,2-4-5,12070,33,2-4,4730,12,850,4014,06,2,2,6
2025-10-01,7,一般,1,5,オールレディース競走,晴,北西,2,1,逃げ,1-4-3,880,3,1-4,270,1,110,5218,01,1,1,6
2025-10-01,8,一般,0,5,オールレディース競走,晴,北西,2,1,まくり,3-1-6,2760,9,3-1,870,2,450,4286,02,3,3,6
2025-10-01,9,準優勝戦,0,5,オールレディース競走,晴,北西,2,1,逃げ,1-3-2,570,2,1-3,320,2,110,4502,01,1,1,6
2025-10-01,10,準優勝戦,0,5,オールレディース競走,晴,北東,2,1,逃げ,1-2-6,1450,4,1-2,230,1,130,4433,01,1,1,6
2025-10-01,11,準優勝戦,0,5,オールレディース競走,晴,北東,1,1,抜き,1-5-3,4810,15,1-5,1850,5,110,4050,01,1,1,6
2025-10-01,12,一般,0,5,オールレディース競走,晴,北,1,1,逃げ,1-2-4,560,1,1-2,270,1,110,5193,01,1,1,6
2025-10-02,1,一般,0,6,オールレディース競走,曇り,北西,2,1,逃げ,1-5-3,5410,19,1-5,2040,7,120,5173,01,1,1,6
2025-10-02,2,一般,0,6,オールレディース競走,曇り,北西,2,1,差し,4-2-3,16750,51,4-2,2500,11,450,3175,04,4,4,6
2025-10-02,3,一般,0,6,オールレディース競走,曇り,北西,2,1,まくり,3-1-4,3770,12,3-1,1250,4,350,4764,02,3,3,6
2025-10-02,4,一般,0,6,オールレディース競走,曇り,北,3,2,まくり差し,4-6-3,8540,30,4-6,1300,8,330,4927,04,4,4,6
2025-10-02,5,一般,0,6,オールレディース競走,曇り,北東,3,2,逃げ,1-6-5,5790,22,1-6,2920,10,130,5205,01,1,1,6
2025-10-02,6,一般,0,6,オールレディース競走,曇り,北,3,2,逃げ,1-3-2,2680,9,1-3,1050,4,110,4208,01,1,1,6
2025-10-02,7,一般,1,6,オールレディース競走,曇り,北,3,2,逃げ,1-2-3,860,4,1-2,370,2,100,4804,01,1,1,6
2025-10-02,8,一般,0,6,オールレディース競走,曇り,北,3,2,逃げ,1-6-3,4130,19,1-6,740,4,180,4499,01,1,1,6
2025-10-02,9,一般,0,6,オールレディース競走,曇り,北東,1,1,差し,3-2-1,5340,17,3-2,2290,8,290,5188,03,3,3,6
2025-10-02,10,特別選抜戦,0,6,オールレディース競走,曇り,南東,1,1,逃げ,1-2-3,440,1,1-2,190,1,110,4530,01,1,1,6
2025-10-02,11,特別選抜戦,0,6,オールレディース競走,曇り,南東,1,1,逃げ,1-2-4,650,1,1-2,210,1,100,4482,01,1,1,6
2025-10-02,12,優勝戦,0,6,オールレディース競走,曇り,南東,1,1,逃げ,1-3-6,2630,9,1-3,330,1,130,4050,01,1,1,6
2025-10-05,1,予選,0,1,長崎新聞社杯,晴,北西,2,1,まくり,4-6-2,5400,21,4-6,1680,7,190,4035,04,4,3,6
2025-10-05,2,予選,0,1,長崎新聞社杯,晴,北西,2,1,まくり差し,4-1-6,2020,5,4-1,920,3,200,4143,02,4,4,6
2025-10-05,3,予選,0,1,長崎新聞社杯,晴,北西,2,1,逃げ,1-5-4,4440,19,1-5,820,3,300,3793,01,1,1,6
2025-10-05,4,予選,0,1,長崎新聞社杯,晴,北西,2,1,まくり,3-4-1,10410,29,3-4,4300,12,1520,3838,03,3,3,6
2025-10-05,5,予選,0,1,長崎新聞社杯,晴,北西,2,1,差し,2-1-3,1450,5,2-1,510,2,640,4584,02,2,2,6
2025-10-05,6,予選,0,1,長崎新聞社杯,晴,北,2,1,逃げ,1-3-2,980,3,1-3,230,1,100,4614,01,1,1,6
2025-10-05,7,予選,1,1,長崎新聞社杯,晴,西,2,1,抜き,1-3-2,780,2,1-3,690,3,100,4553,01,1,1,6
2025-10-05,8,予選,0,1,長崎新聞社杯,晴,北西,2,1,まくり,4-1-2,52500,75,4-1,10790,21,2510,4027,02,4,4,6
2025-10-05,9,予選特賞,0,1,長崎新聞社杯,晴,北西,2,1,まくり,3-5-1,3160,13,3-5,950,5,250,4086,03,3,3,6
2025-10-05,10,予選特賞,0,1,長崎新聞社杯,晴,北西,2,1,逃げ,1-4-5,5140,19,1-4,640,3,160,4122,01,1,1,6
2025-10-05,11,予選特選,0,1,長崎新聞社杯,晴,北西,2,1,抜き,3-1-4,2240,8,3-1,710,3,440,3265,02,3,3,6
2025-10-05,12,龍神選抜,0,1,長崎新聞社杯,晴,北西,2,1,まくり,4-3-5,20070,62,4-3,4550,15,590,4535,05,4,4,6
2025-10-06,1,予選,0,2,長崎新聞社杯,晴,西,2,1,抜き,3-1-4,1560,4,3-1,930,6,450,3974,02,3,3,6
2025-10-06,2,予選,0,2,長崎新聞社杯,晴,北西,1,1,逃げ,1-3-4,1090,3,1-3,510,3,100,3718,01,1,1,6
2025-10-06,3,予選,0,2,長崎新聞社杯,晴,北西,1,1,逃げ,2-3-1,3000,14,2-3,960,4,210,4614,01,2,1,6
2025-10-06,4,予選,0,2,長崎新聞社杯,晴,北西,2,1,差し,3-1-2,4850,25,3-1,1210,6,1550,4452,02,3,2,6
2025-10-06,5,予選,0,2,長崎新聞社杯,晴,西,1,1,まくり差し,4-1-6,2970,11,4-1,2320,6,480,3251,02,4,4,6
2025-10-06,6,予選,0,2,長崎新聞社杯,晴,北西,2,1,逃げ,1-4-3,1340,4,1-4,280,1,170,5217,01,1,1,6
2025-10-06,7,予選,1,2,長崎新聞社杯,晴,北,3,2,逃げ,1-3-2,400,1,1-3,300,1,160,4966,01,1,1,6
2025-10-06,8,予選,0,2,長崎新聞社杯,晴,北,3,2,まくり差し,3-1-6,3580,12,3-1,1950,9,1030,3905,02,3,3,6
2025-10-06,9,予選特賞,0,2,長崎新聞社杯,晴,北,3,2,逃げ,1-3-5,3070,10,1-3,1440,5,160,4928,01,1,1,6
2025-10-06,10,予選特選,0,2,長崎新聞社杯,晴,北,2,1,逃げ,1-4-2,620,2,1-4,280,2,100,4786,01,1,1,6
2025-10-06,11,予選特選,0,2,長崎新聞社杯,晴,北西,1,1,逃げ,1-4-5,2590,8,1-4,360,2,150,4288,01,1,1,6
2025-10-06,12,予選特賞,0,2,長崎新聞社杯,晴,北,2,1,まくり差し,4-1-2,2780,10,4-1,910,4,450,4561,02,4,5,6
2025-10-07,1,一般,0,3,長崎新聞社杯,曇り,西,1,1,逃げ,1-6-3,2850,10,1-6,840,3,240,4229,01,1,1,6
2025-10-07,2,一般,0,3,長崎新聞社杯,晴,北西,1,1,まくり,5-2-6,3360,12,5-2,960,5,590,4785,04,5,5,6
2025-10-07,3,一般,0,3,長崎新聞社杯,晴,北西,1,1,まくり差し,5-1-4,8040,24,5-1,1310,6,710,4607,02,5,3,6
2025-10-07,4,一般,0,3,長崎新聞社杯,晴,北西,1,1,逃げ,1-4-5,1850,5,1-4,980,4,110,5166,01,1,1,6
2025-10-07,5,一般,0,3,長崎新聞社杯,晴,西,1,1,逃げ,1-6-4,4610,15,1-6,420,1,160,4561,01,1,1,6
2025-10-07,6,一般,0,3,長崎新聞社杯,晴,北西,1,1,逃げ,1-5-4,1540,7,1-5,300,2,100,4786,01,1,1,6
2025-10-07,7,一般,1,3,長崎新聞社杯,晴,北西,1,1,逃げ,1-3-5,450,2,1-3,160,1,120,4535,01,1,1,6
2025-10-07,8,一般,0,3,長崎新聞社杯,曇り,北,3,2,まくり,2-4-3,9810,38,2-4,1920,8,450,4245,06,2,2,6
2025-10-07,9,準優勝戦,0,3,長崎新聞社杯,曇り,北,2,1,逃げ,1-2-5,1740,5,1-2,400,1,140,4584,01,1,1,6
2025-10-07,10,準優勝戦,0,3,長崎新聞社杯,曇り,北東,2,1,逃げ,1-2-6,2230,8,1-2,300,2,100,4288,01,1,1,6
2025-10-07,11,準優勝戦,0,3,長崎新聞社杯,曇り,北西,1,1,逃げ,1-2-5,1590,7,1-2,240,1,110,4614,01,1,1,6
2025-10-07,12,一般,0,3,長崎新聞社杯,曇り,南西,1,1,抜き,1-3-2,910,2,1-3,540,3,120,3251,01,1,1,6
2025-10-08,1,一般,0,4,長崎新聞社杯,晴,北,3,2,まくり差し,3-4-6,15700,47,3-4,3890,11,880,4270,04,3,3,6
2025-10-08,2,一般,0,4,長崎新聞社杯,曇り,北,3,2,逃げ,1-3-6,2680,8,1-3,420,2,100,4607,01,1,1,6
2025-10-08,3,一般,0,4,長崎新聞社杯,曇り,北,4,3,逃げ,1-5-3,1190,3,1-5,390,2,130,3838,01,1,1,6
2025-10-08,4,一般,0,4,長崎新聞社杯,曇り,北東,4,3,逃げ,1-2-6,1320,1,1-2,520,1,100,4610,01,1,1,6
2025-10-08,5,一般,0,4,長崎新聞社杯,晴,北東,4,3,逃げ,1-2-6,8320,20,1-2,500,2,100,3905,01,1,1,6
2025-10-08,6,一般,0,4,長崎新聞社杯,晴,北東,4,3,まくり,3-1-6,840,1,3-1,490,2,170,5217,02,3,3,6
2025-10-08,7,一般,1,4,長崎新聞社杯,晴,北,3,2,逃げ,1-3-4,2650,11,1-3,700,4,160,3265,01,1,1,6
2025-10-08,8,一般,0,4,長崎新聞社杯,晴,北東,4,3,まくり差し,3-1-4,15230,24,3-1,5590,9,1460,4928,02,3,3,6
2025-10-08,9,一般特選,0,4,長崎新聞社杯,晴,北,3,2,逃げ,1-5-2,1560,8,1-5,590,3,120,4583,01,1,1,6
2025-10-08,10,特別選抜戦,0,4,長崎新聞社杯,晴,北,3,2,逃げ,1-4-5,6330,32,1-4,580,1,170,5166,01,1,1,6
2025-10-08,11,特別選抜戦,0,4,長崎新聞社杯,晴,北東,2,1,逃げ,1-4-2,2470,8,1-4,1280,4,150,4535,01,1,1,6
2025-10-08,12,優勝戦,0,4,長崎新聞社杯,晴,北東,4,3,逃げ,1-3-2,710,3,1-3,270,1,120,4614,01,1,1,6
2025-10-14,1,予選,0,1,ＢＴＳ鹿島開設１０周年記念〜しあわせ街道杯〜,晴,南,2,1,まくり,5-3-1,19500,64,5-3,4430,19,1870,4106,03,5,6,6
2025-10-14,2,予選,0,1,ＢＴＳ鹿島開設１０周年記念〜しあわせ街道杯〜,晴,南西,2,1,逃げ,1-2-5,1060,1,1-2,550,1,180,4365,01,1,1,6
2025-10-14,3,予選,0,1,ＢＴＳ鹿島開設１０周年記念〜しあわせ街道杯〜,雨,北西,4,3,差し,6-4-1,30000,63,6-4,6900,20,600,3992,03,6,6,6
2025-10-14,4,予選,0,1,ＢＴＳ鹿島開設１０周年記念〜しあわせ街道杯〜,晴,北東,1,1,まくり差し,5-4-1,10360,22,5-4,6550,12,340,4624,03,5,5,6
2025-10-14,5,予選,0,1,ＢＴＳ鹿島開設１０周年記念〜しあわせ街道杯〜,晴,南東,1,1,恵まれ,1-2-3,390,1,1-2,260,1,230,4846,01,1,1,6
2025-10-14,6,予選,0,1,ＢＴＳ鹿島開設１０周年記念〜しあわせ街道杯〜,晴,北西,1,1,差し,2-6-1,18450,55,2-6,4620,17,390,4081,03,2,2,6
2025-10-14,7,予選,1,1,ＢＴＳ鹿島開設１０周年記念〜しあわせ街道杯〜,晴,東,1,1,まくり,3-5-4,5530,20,3-5,1840,7,120,4887,04,3,3,6
2025-10-14,8,予選,0,1,ＢＴＳ鹿島開設１０周年記念〜しあわせ街道杯〜,晴,南東,1,1,逃げ,1-5-3,4020,14,1-5,1130,5,130,4379,01,1,1,6
2025-10-14,9,予選特賞,0,1,ＢＴＳ鹿島開設１０周年記念〜しあわせ街道杯〜,晴,東,2,1,逃げ,1-2-3,560,2,1-2,400,2,120,4518,01,1,1,6
2025-10-14,10,予選特賞,0,1,ＢＴＳ鹿島開設１０周年記念〜しあわせ街道杯〜,晴,南東,1,1,逃げ,1-3-6,14490,28,1-3,740,4,110,4017,01,1,1,6
2025-10-14,11,予選特選,0,1,ＢＴＳ鹿島開設１０周年記念〜しあわせ街道杯〜,晴,南東,2,1,逃げ,1-2-5,770,2,1-2,250,1,100,4653,01,1,1,6
2025-10-14,12,発祥地選抜,0,1,ＢＴＳ鹿島開設１０周年記念〜しあわせ街道杯〜,晴,東,1,1,まくり差し,3-1-4,11080,36,3-1,5350,13,2000,4350,02,3,3,6
2025-10-15,1,予選,0,2,ＢＴＳ鹿島開設１０周年記念〜しあわせ街道杯〜,晴,北西,1,1,まくり差し,4-3-6,25110,68,4-3,8790,24,2160,4705,04,4,4,6
2025-10-15,2,予選,0,2,ＢＴＳ鹿島開設１０周年記念〜しあわせ街道杯〜,晴,北西,1,1,まくり差し,4-6-3,3050,13,4-6,1420,8,670,4039,06,4,4,6
2025-10-15,3,予選,0,2,ＢＴＳ鹿島開設１０周年記念〜しあわせ街道杯〜,晴,北西,1,1,まくり,2-3-5,3930,15,2-3,1080,4,240,4895,04,2,2,6
2025-10-15,4,予選,0,2,ＢＴＳ鹿島開設１０周年記念〜しあわせ街道杯〜,晴,南西,1,1,逃げ,1-3-2,620,2,1-3,260,1,240,3349,01,1,1,6
2025-10-15,5,予選,0,2,ＢＴＳ鹿島開設１０周年記念〜しあわせ街道杯〜,晴,西,1,1,逃げ,1-2-4,7160,21,1-2,250,1,200,4193,01,1,1,6
2025-10-15,6,予選,0,2,ＢＴＳ鹿島開設１０周年記念〜しあわせ街道杯〜,晴,西,1,1,逃げ,1-4-6,109920,87,1-4,11080,18,470,3652,01,1,1,6
2025-10-15,7,予選,1,2,ＢＴＳ鹿島開設１０周年記念〜しあわせ街道杯〜,晴,,0,1,まくり,4-6-3,3340,14,4-6,820,5,330,4888,04,4,4,6
2025-10-15,8,予選,0,2,ＢＴＳ鹿島開設１０周年記念〜しあわせ街道杯〜,晴,南東,2,1,逃げ,1-6-2,920,3,1-6,270,1,130,4134,01,1,1,6
2025-10-15,9,予選特賞,0,2,ＢＴＳ鹿島開設１０周年記念〜しあわせ街道杯〜,晴,南東,1,1,逃げ,1-3-2,640,1,1-3,230,1,140,4543,01,1,1,6
2025-10-15,10,予選特賞,0,2,ＢＴＳ鹿島開設１０周年記念〜しあわせ街道杯〜,晴,東,1,1,まくり,4-5-1,1690,8,4-5,770,4,130,3161,03,4,4,6
2025-10-15,11,予選特選,0,2,ＢＴＳ鹿島開設１０周年記念〜しあわせ街道杯〜,晴,南東,1,1,抜き,3-2-1,11730,33,3-2,3910,10,260,4364,03,3,3,6
2025-10-15,12,予選特選,0,2,ＢＴＳ鹿島開設１０周年記念〜しあわせ街道杯〜,晴,南東,1,1,逃げ,1-3-5,550,1,1-3,220,1,130,4044,01,1,1,6
2025-10-16,1,予選,0,3,ＢＴＳ鹿島開設１０周年記念〜しあわせ街道杯〜,曇り,南西,1,1,逃げ,1-5-3,890,3,1-5,540,2,760,4259,01,1,1,6
2025-10-16,2,予選,0,3,ＢＴＳ鹿島開設１０周年記念〜しあわせ街道杯〜,曇り,南西,1,1,恵まれ,2-6-1,16010,34,2-6,2570,10,520,5014,03,2,2,6
2025-10-16,3,予選,0,3,ＢＴＳ鹿島開設１０周年記念〜しあわせ街道杯〜,晴,南西,1,1,差し,3-5-1,11460,37,3-5,3190,12,720,4151,03,3,3,6
2025-10-16,4,予選,0,3,ＢＴＳ鹿島開設１０周年記念〜しあわせ街道杯〜,晴,南西,1,1,まくり,2-6-4,2700,11,2-6,1310,5,330,4020,05,2,3,6
2025-10-16,5,予選,0,3,ＢＴＳ鹿島開設１０周年記念〜しあわせ街道杯〜,曇り,西,1,1,逃げ,1-2-3,1700,6,1-2,1180,4,170,4637,01,1,1,6
2025-10-16,6,予選,0,3,ＢＴＳ鹿島開設１０周年記念〜しあわせ街道杯〜,曇り,北,2,1,まくり,2-4-3,29550,43,2-4,3670,7,500,4072,06,2,2,6
2025-10-16,7,予選,1,3,ＢＴＳ鹿島開設１０周年記念〜しあわせ街道杯〜,曇り,北,2,1,逃げ,1-3-6,870,3,1-3,240,1,130,5257,01,1,1,6
2025-10-16,8,予選,0,3,ＢＴＳ鹿島開設１０周年記念〜しあわせ街道杯〜,曇り,北西,2,1,逃げ,1-3-2,390,1,1-3,210,1,120,5145,01,1,1,6
2025-10-16,9,予選特賞,0,3,ＢＴＳ鹿島開設１０周年記念〜しあわせ街道杯〜,曇り,北西,1,1,逃げ,1-3-4,900,2,1-3,390,2,110,4531,01,1,1,6
2025-10-16,10,予選特選,0,3,ＢＴＳ鹿島開設１０周年記念〜しあわせ街道杯〜,曇り,北西,1,1,逃げ,1-3-2,890,2,1-3,250,1,100,4575,01,1,1,6
2025-10-16,11,予選特選,0,3,ＢＴＳ鹿島開設１０周年記念〜しあわせ街道杯〜,曇り,北,2,1,逃げ,1-2-3,670,1,1-2,260,1,120,4043,01,1,1,6
2025-10-16,12,一般特賞,0,3,ＢＴＳ鹿島開設１０周年記念〜しあわせ街道杯〜,曇り,北,5,4,逃げ,1-6-3,10120,20,1-6,1540,5,100,4350,01,1,1,6
2025-10-17,1,一般,0,4,ＢＴＳ鹿島開設１０周年記念〜しあわせ街道杯〜,晴,西,1,1,逃げ,1-4-5,1010,3,1-4,300,1,170,5067,01,1,1,6
2025-10-17,2,一般,0,4,ＢＴＳ鹿島開設１０周年記念〜しあわせ街道杯〜,晴,西,1,1,差し,2-1-5,1810,7,2-1,680,3,180,4365,02,2,2,6
2025-10-17,3,一般,0,4,ＢＴＳ鹿島開設１０周年記念〜しあわせ街道杯〜,晴,西,2,1,まくり差し,5-3-2,45920,59,5-3,5480,13,490,4543,04,5,5,6
2025-10-17,4,一般,0,4,ＢＴＳ鹿島開設１０周年記念〜しあわせ街道杯〜,晴,西,2,1,逃げ,1-2-4,1970,8,1-2,310,1,170,4531,01,1,1,6
2025-10-17,5,一般,0,4,ＢＴＳ鹿島開設１０周年記念〜しあわせ街道杯〜,晴,西,1,1,まくり,4-5-6,3970,15,4-5,2930,11,490,4017,04,4,4,6
2025-10-17,6,一般,0,4,ＢＴＳ鹿島開設１０周年記念〜しあわせ街道杯〜,晴,南西,2,1,逃げ,1-2-4,1010,3,1-2,600,3,140,4379,01,1,1,6
2025-10-17,7,一般,1,4,ＢＴＳ鹿島開設１０周年記念〜しあわせ街道杯〜,晴,南西,1,1,逃げ,1-3-2,320,1,1-3,190,1,120,4043,01,1,1,6
2025-10-17,8,一般,0,4,ＢＴＳ鹿島開設１０周年記念〜しあわせ街道杯〜,晴,南東,1,1,まくり差し,6-1-3,18160,41,6-1,1860,5,990,3349,02,6,6,6
2025-10-17,9,準優勝戦,0,4,ＢＴＳ鹿島開設１０周年記念〜しあわせ街道杯〜,晴,南東,1,1,逃げ,1-5-4,2850,15,1-5,620,4,120,5145,01,1,1,6
2025-10-17,10,準優勝戦,0,4,ＢＴＳ鹿島開設１０周年記念〜しあわせ街道杯〜,晴,北東,1,1,逃げ,1-3-2,860,3,1-3,520,2,130,5257,01,1,1,6
2025-10-17,11,準優勝戦,0,4,ＢＴＳ鹿島開設１０周年記念〜しあわせ街道杯〜,晴,東,1,1,逃げ,1-4-6,3460,14,1-4,500,3,130,4653,01,1,1,6
2025-10-17,12,一般,0,4,ＢＴＳ鹿島開設１０周年記念〜しあわせ街道杯〜,晴,東,1,1,まくり,3-5-4,2920,9,3-5,560,2,200,4940,04,3,3,6
2025-10-18,1,一般,0,5,ＢＴＳ鹿島開設１０周年記念〜しあわせ街道杯〜,晴,,0,1,逃げ,1-2-5,2420,9,1-2,510,3,140,5275,01,1,1,6
2025-10-18,2,一般,0,5,ＢＴＳ鹿島開設１０周年記念〜しあわせ街道杯〜,晴,南東,1,1,まくり差し,4-2-3,8080,30,4-2,1920,9,390,3161,04,4,4,6
2025-10-18,3,一般,0,5,ＢＴＳ鹿島開設１０周年記念〜しあわせ街道杯〜,晴,南,1,1,逃げ,1-5-4,1170,4,1-5,650,3,220,4895,01,1,1,6
2025-10-18,4,一般,0,5,ＢＴＳ鹿島開設１０周年記念〜しあわせ街道杯〜,晴,南,1,1,逃げ,1-3-4,1930,11,1-3,620,3,150,4134,01,1,1,6
2025-10-18,5,一般,0,5,ＢＴＳ鹿島開設１０周年記念〜しあわせ街道杯〜,晴,南,1,1,逃げ,1-2-3,650,2,1-2,340,2,100,4364,01,1,1,6
2025-10-18,6,一般,0,5,ＢＴＳ鹿島開設１０周年記念〜しあわせ街道杯〜,晴,南,1,1,逃げ,1-5-2,680,2,1-5,490,3,140,4624,01,1,1,6
2025-10-18,7,一般,1,5,ＢＴＳ鹿島開設１０周年記念〜しあわせ街道杯〜,晴,南,1,1,逃げ,1-2-6,470,1,1-2,180,1,120,4044,01,1,1,6
2025-10-18,8,一般,0,5,ＢＴＳ鹿島開設１０周年記念〜しあわせ街道杯〜,晴,南東,1,1,まくり差し,3-4-1,16010,43,3-4,5840,15,940,4151,03,3,3,6
2025-10-18,9,一般特選,0,5,ＢＴＳ鹿島開設１０周年記念〜しあわせ街道杯〜,晴,北東,1,1,逃げ,1-6-5,3210,11,1-6,1080,4,110,4072,01,1,1,6
2025-10-18,10,特別選抜戦,0,5,ＢＴＳ鹿島開設１０周年記念〜しあわせ街道杯〜,晴,北東,1,1,まくり差し,3-1-5,4120,12,3-1,1680,6,540,4259,02,3,3,6
2025-10-18,11,特別選抜戦,0,5,ＢＴＳ鹿島開設１０周年記念〜しあわせ街道杯〜,晴,南東,1,1,逃げ,1-3-4,700,1,1-3,320,2,110,4350,01,1,1,6
2025-10-18,12,優勝戦,0,5,ＢＴＳ鹿島開設１０周年記念〜しあわせ街道杯〜,晴,南東,1,1,まくり差し,3-1-2,4520,17,3-1,1390,6,700,5145,02,3,3,6
2025-10-20,1,予選,0,1,デイリースポーツ杯,晴,北,5,4,まくり,2-3-5,4040,17,2-3,1100,6,420,4220,06,2,2,6
2025-10-20,2,予選,0,1,デイリースポーツ杯,晴,北,5,4,逃げ,1-6-2,1170,6,1-6,410,2,100,4424,01,1,1,6
2025-10-20,3,予選,0,1,デイリースポーツ杯,晴,北,5,4,まくり,3-2-6,18820,86,3-2,4290,21,510,3928,05,3,3,6
2025-10-20,4,予選,0,1,デイリースポーツ杯,晴,北,5,4,差し,2-1-6,1710,1,2-1,520,1,180,4034,02,2,2,6
2025-10-20,5,予選,0,1,デイリースポーツ杯,晴,北,5,4,逃げ,1-5-2,6300,23,1-5,3410,12,390,3850,01,1,1,6
2025-10-20,6,予選,0,1,デイリースポーツ杯,晴,北,5,4,逃げ,1-5-6,2900,12,1-5,580,2,150,4515,01,1,1,6
2025-10-20,7,予選,1,1,デイリースポーツ杯,晴,北,5,4,逃げ,1-2-3,400,1,1-2,180,1,130,4949,01,1,1,6
2025-10-20,8,予選,0,1,デイリースポーツ杯,晴,北,5,4,逃げ,1-2-5,820,2,1-2,230,1,160,4409,01,1,1,6
2025-10-20,9,予選特賞,0,1,デイリースポーツ杯,晴,北,5,4,まくり差し,3-1-4,5490,18,3-1,1550,6,420,4351,02,3,3,6
2025-10-20,10,予選特賞,0,1,デイリースポーツ杯,晴,北,5,4,まくり,6-1-3,3270,13,6-1,1090,5,620,4464,02,6,5,6
2025-10-20,11,予選特選,0,1,デイリースポーツ杯,晴,北,5,4,逃げ,1-3-2,690,1,1-3,270,1,130,4643,01,1,1,6
2025-10-20,12,発祥地選抜,0,1,デイリースポーツ杯,晴,北,5,4,逃げ,1-2-5,1280,2,1-2,360,1,170,4096,01,1,1,6
2025-10-21,1,予選,0,2,デイリースポーツ杯,曇り,北東,5,4,抜き,1-2-3,690,3,1-2,340,2,100,4645,01,1,1,6
2025-10-21,2,予選,0,2,デイリースポーツ杯,曇り,北東,5,4,まくり,2-1-3,21590,49,2-1,9370,18,3370,5055,02,2,3,6
2025-10-21,3,予選,0,2,デイリースポーツ杯,曇り,北東,5,4,まくり,2-6-4,2400,6,2-6,600,2,160,3207,06,2,2,6
2025-10-21,4,予選,0,2,デイリースポーツ杯,曇り,北東,5,4,まくり差し,5-1-4,2880,11,5-1,560,3,630,4842,02,5,5,6
2025-10-21,5,予選,0,2,デイリースポーツ杯,曇り,北東,7,6,逃げ,1-4-6,4220,17,1-4,700,2,180,5010,01,1,1,6
2025-10-21,6,予選,0,2,デイリースポーツ杯,晴,北東,7,6,まくり差し,6-1-5,176470,117,6-1,13050,28,2620,3868,02,6,6,6
2025-10-21,7,予選,1,2,デイリースポーツ杯,曇り,北東,7,6,逃げ,1-3-4,1490,5,1-3,210,1,170,4224,01,1,1,6
2025-10-21,8,予選,0,2,デイリースポーツ杯,曇り,北東,6,5,逃げ,1-2-3,640,1,1-2,320,1,160,4695,01,1,1,6
2025-10-21,9,予選特賞,0,2,デイリースポーツ杯,曇り,北東,7,6,逃げ,1-2-6,2150,7,1-2,830,4,120,4051,01,1,1,6
2025-10-21,10,予選特賞,0,2,デイリースポーツ杯,曇り,北東,6,5,逃げ,1-2-3,370,1,1-2,260,2,110,5224,01,1,1,6
2025-10-21,11,予選特選,0,2,デイリースポーツ杯,曇り,北東,4,3,逃げ,1-3-5,1230,4,1-3,310,2,100,4794,01,1,1,6
2025-10-21,12,予選特選,0,2,デイリースポーツ杯,曇り,南西,3,2,逃げ,1-3-5,710,3,1-3,270,1,110,4030,01,1,1,6
2025-10-22,1,予選,0,3,デイリースポーツ杯,雨,北,2,1,まくり差し,3-1-6,7630,24,3-1,1150,4,360,3713,02,3,3,6
2025-10-22,2,予選,0,3,デイリースポーツ杯,雨,北東,2,1,逃げ,1-2-3,570,1,1-2,240,1,140,4179,01,1,1,6
2025-10-22,3,予選,0,3,デイリースポーツ杯,雨,北東,3,2,まくり差し,4-1-2,28780,53,4-1,2850,8,1060,4463,02,4,4,6
2025-10-22,4,予選,0,3,デイリースポーツ杯,雨,東,2,1,まくり差し,5-3-1,2110,6,5-3,1220,6,370,3319,03,5,5,6
2025-10-22,5,予選,0,3,デイリースポーツ杯,曇り,東,2,1,差し,2-1-3,680,1,2-1,330,1,210,3708,02,2,2,6
2025-10-22,6,予選,0,3,デイリースポーツ杯,曇り,南,1,1,逃げ,1-4-3,630,2,1-4,230,1,130,4261,01,1,1,6
2025-10-22,7,予選,1,3,デイリースポーツ杯,雨,東,1,1,逃げ,1-2-3,550,1,1-2,310,1,270,3572,01,1,1,6
2025-10-22,8,予選,0,3,デイリースポーツ杯,曇り,,0,1,まくり,2-3-6,1200,2,2-3,550,3,160,3284,05,2,2,6
2025-10-22,9,予選特賞,0,3,デイリースポーツ杯,曇り,北東,2,1,逃げ,1-2-5,460,1,1-2,240,1,100,4545,01,1,1,6
2025-10-22,10,予選特選,0,3,デイリースポーツ杯,曇り,北東,1,1,逃げ,1-2-3,680,2,1-2,290,2,100,4939,01,1,1,6
2025-10-22,11,予選特選,0,3,デイリースポーツ杯,曇り,,0,1,逃げ,1-2-3,550,1,1-2,330,2,110,4237,01,1,1,6
2025-10-22,12,一般特賞,0,3,デイリースポーツ杯,曇り,,0,1,まくり差し,3-1-6,1550,5,3-1,470,3,260,4479,02,3,3,6
2025-10-23,1,一般,0,4,デイリースポーツ杯,曇り,西,1,1,逃げ,1-4-3,1000,6,1-4,430,2,100,4515,01,1,1,6
2025-10-23,2,一般,0,4,デイリースポーツ杯,曇り,,0,1,まくり,3-6-4,9310,45,3-6,1970,11,1360,4615,05,3,3,6
2025-10-23,3,一般,0,4,デイリースポーツ杯,曇り,北東,4,3,恵まれ,2-1-3,1360,5,2-1,1090,3,310,5055,02,2,2,6
2025-10-23,4,一般,0,4,デイリースポーツ杯,晴,北,4,3,まくり,4-1-6,2590,7,4-1,1290,5,650,4237,02,4,4,6
2025-10-23,5,一般,0,4,デイリースポーツ杯,晴,北,3,2,まくり,3-1-2,5190,22,3-1,690,3,330,4525,02,3,3,6
2025-10-23,6,一般,0,4,デイリースポーツ杯,晴,北東,3,2,逃げ,1-3-5,930,3,1-3,390,3,110,4424,01,1,1,6
2025-10-23,7,一般,1,4,デイリースポーツ杯,晴,北東,2,1,逃げ,1-3-5,1250,5,1-3,170,1,100,4643,01,1,1,6
2025-10-23,8,一般,0,4,デイリースポーツ杯,晴,北,1,1,逃げ,1-6-4,5380,23,1-6,1430,7,250,4329,01,1,1,6
2025-10-23,9,準優勝戦,0,4,デイリースポーツ杯,晴,南東,1,1,逃げ,1-4-2,2160,7,1-4,700,3,110,4939,01,1,1,6
2025-10-23,10,準優勝戦,0,4,デイリースポーツ杯,晴,東,1,1,逃げ,1-5-4,1870,10,1-5,620,4,180,4545,01,1,1,6
2025-10-23,11,準優勝戦,0,4,デイリースポーツ杯,晴,東,1,1,逃げ,1-6-3,11600,25,1-6,2410,7,140,5224,01,1,1,6
2025-10-23,12,一般,0,4,デイリースポーツ杯,晴,北東,1,1,逃げ,1-4-6,4680,18,1-4,890,4,110,4949,01,1,1,6
2025-10-24,1,一般,0,5,デイリースポーツ杯,晴,南,1,1,逃げ,1-2-3,600,1,1-2,400,1,160,4813,01,1,1,6
2025-10-24,2,一般,0,5,デイリースポーツ杯,晴,北東,4,3,まくり差し,5-3-6,108090,83,5-3,13060,19,3300,4697,06,5,5,6
2025-10-24,3,一般,0,5,デイリースポーツ杯,晴,東,2,1,逃げ,1-2-6,1160,4,1-2,190,1,130,3572,01,1,1,6
2025-10-24,4,一般,0,5,デイリースポーツ杯,晴,東,1,1,抜き,4-1-6,3740,11,4-1,570,2,440,4728,02,4,4,6
2025-10-24,5,一般,0,5,デイリースポーツ杯,晴,北東,4,3,逃げ,1-5-3,630,1,1-5,260,1,110,4351,01,1,1,6
2025-10-24,6,一般,0,5,デイリースポーツ杯,晴,東,1,1,逃げ,1-2-6,440,1,1-2,240,1,140,4463,01,1,1,6
2025-10-24,7,一般,1,5,デイリースポーツ杯,晴,東,1,1,逃げ,1-4-3,840,3,1-4,270,1,130,4261,01,1,1,6
2025-10-24,8,一般,0,5,デイリースポーツ杯,晴,東,1,1,逃げ,1-2-6,1010,1,1-2,280,1,170,4842,01,1,1,6
2025-10-24,9,一般特選,0,5,デイリースポーツ杯,晴,北東,1,1,逃げ,1-3-5,1180,5,1-3,230,1,150,4409,01,1,1,6
2025-10-24,10,特別選抜戦,0,5,デイリースポーツ杯,晴,南東,1,1,まくり,4-6-1,14960,35,4-6,5770,12,500,4051,03,4,4,6
2025-10-24,11,特別選抜戦,0,5,デイリースポーツ杯,晴,北東,1,1,逃げ,1-3-5,2110,7,1-3,470,2,110,4237,01,1,1,6
2025-10-24,12,優勝戦,0,5,デイリースポーツ杯,晴,東,1,1,まくり差し,3-1-2,2430,7,3-1,870,3,250,5224,02,3,3,6
2025-10-26,1,予選,0,1,マスターズリーグ第８戦,曇り,北,5,4,逃げ,1-5-6,3360,13,1-5,890,4,130,4004,01,1,1,6
2025-10-26,2,予選,0,1,マスターズリーグ第８戦,曇り,北東,5,4,逃げ,1-2-3,1320,3,1-2,560,2,210,3282,01,1,1,6
2025-10-26,3,予選,0,1,マスターズリーグ第８戦,曇り,北東,4,3,逃げ,1-2-5,7170,30,1-2,1150,5,660,3454,01,1,1,6
2025-10-26,4,予選,0,1,マスターズリーグ第８戦,曇り,北東,5,4,まくり,2-1-4,2860,5,2-1,1250,6,280,3933,02,2,5,6
2025-10-26,5,予選,0,1,マスターズリーグ第８戦,曇り,北西,5,4,まくり差し,4-3-5,36240,83,4-3,6640,18,5080,4077,05,4,5,6
2025-10-26,6,予選,0,1,マスターズリーグ第８戦,曇り,北西,5,4,まくり,3-1-5,1820,6,3-1,590,2,190,3514,02,3,3,6
2025-10-26,7,予選,1,1,マスターズリーグ第８戦,曇り,北西,3,2,逃げ,1-2-4,690,2,1-2,330,2,170,3582,01,1,1,6
2025-10-26,8,予選,0,1,マスターズリーグ第８戦,曇り,北西,3,2,逃げ,1-3-5,1760,5,1-3,360,1,340,3880,01,1,1,6
2025-10-26,9,予選,0,1,マスターズリーグ第８戦,曇り,北西,3,2,抜き,1-3-2,1560,6,1-3,800,4,210,3703,01,1,1,6
2025-10-26,10,予選特賞,0,1,マスターズリーグ第８戦,曇り,北西,3,2,逃げ,1-2-5,1700,6,1-2,320,2,100,3412,01,1,1,6
2025-10-26,11,予選特選,0,1,マスターズリーグ第８戦,曇り,北,4,3,逃げ,1-2-3,820,2,1-2,260,1,130,3473,01,1,1,6
2025-10-26,12,発祥地ドリー,0,1,マスターズリーグ第８戦,曇り,北,3,2,逃げ,1-6-4,7490,23,1-6,1610,6,100,3822,01,1,1,6
2025-10-27,1,予選,0,2,マスターズリーグ第８戦,晴,北西,4,3,まくり,3-1-5,2580,8,3-1,1060,4,410,3527,02,3,3,6
2025-10-27,2,予選,0,2,マスターズリーグ第８戦,晴,北西,4,3,逃げ,1-5-3,3270,13,1-5,840,4,100,3788,01,1,1,6
2025-10-27,3,予選,0,2,マスターズリーグ第８戦,晴,北西,4,3,逃げ,1-3-4,3240,9,1-3,580,1,330,3714,01,1,1,6
2025-10-27,4,予選,0,2,マスターズリーグ第８戦,晴,北西,4,3,逃げ,1-2-4,1420,2,1-2,350,1,240,4100,01,1,1,6
2025-10-27,5,予選,0,2,マスターズリーグ第８戦,晴,北西,4,3,逃げ,1-4-3,2440,8,1-4,880,3,350,3741,01,1,1,6
2025-10-27,6,予選,0,2,マスターズリーグ第８戦,晴,北西,4,3,まくり,4-1-2,4040,16,4-1,1450,6,410,3796,02,4,5,6
2025-10-27,7,予選,1,2,マスターズリーグ第８戦,晴,北西,4,3,抜き,5-2-6,55710,92,5-2,15010,27,870,3777,06,5,5,6
2025-10-27,8,予選,0,2,マスターズリーグ第８戦,晴,北西,4,3,まくり,3-2-4,13770,56,3-2,2840,11,180,4007,06,3,2,6
2025-10-27,9,予選,0,2,マスターズリーグ第８戦,晴,北西,4,3,逃げ,1-2-3,490,1,1-2,190,1,130,3499,01,1,1,6
2025-10-27,10,予選特賞,0,2,マスターズリーグ第８戦,晴,北西,4,3,逃げ,1-4-3,2680,11,1-4,980,5,110,3997,01,1,1,6
2025-10-27,11,予選特選,0,2,マスターズリーグ第８戦,晴,北東,4,3,逃げ,1-3-4,930,3,1-3,260,1,100,3554,01,1,1,6
2025-10-27,12,予選特選,0,2,マスターズリーグ第８戦,晴,北,4,3,逃げ,1-2-4,1300,5,1-2,360,2,130,3983,01,1,1,6
2025-10-28,1,予選,0,3,マスターズリーグ第８戦,晴,北西,4,3,逃げ,1-2-5,1740,7,1-2,370,2,100,3843,01,1,1,6
2025-10-28,2,予選,0,3,マスターズリーグ第８戦,晴,北西,4,3,逃げ,1-2-4,2880,11,1-2,370,1,100,4036,01,1,1,6
2025-10-28,3,予選,0,3,マスターズリーグ第８戦,晴,北,4,3,まくり,2-3-5,3990,16,2-3,2850,12,210,4104,06,2,2,6
2025-10-28,4,予選,0,3,マスターズリーグ第８戦,晴,北東,4,3,逃げ,1-3-4,1260,1,1-3,280,1,280,3730,01,1,1,6
2025-10-28,5,予選,0,3,マスターズリーグ第８戦,晴,北,5,4,まくり,2-3-4,3000,6,2-3,1890,13,260,3809,06,2,3,6
2025-10-28,6,予選,0,3,マスターズリーグ第８戦,晴,北,4,3,抜き,4-5-3,9040,45,4-5,1820,11,220,3448,06,4,4,6
2025-10-28,7,予選,1,3,マスターズリーグ第８戦,晴,北東,4,3,逃げ,1-3-2,420,1,1-3,290,2,110,3333,01,1,1,6
2025-10-28,8,予選,0,3,マスターズリーグ第８戦,晴,北,5,4,まくり,3-1-2,4930,17,3-1,2380,10,760,3920,02,3,3,6
2025-10-28,9,予選,0,3,マスターズリーグ第８戦,晴,北,5,4,逃げ,1-3-4,1930,7,1-3,400,1,170,3621,01,1,1,6
2025-10-28,10,予選特賞,0,3,マスターズリーグ第８戦,晴,北,4,3,逃げ,1-6-5,1100,2,1-6,360,1,210,4002,01,1,1,6
2025-10-28,11,予選特選,0,3,マスターズリーグ第８戦,晴,北東,3,2,逃げ,1-2-3,370,1,1-2,240,1,100,3944,01,1,1,6
2025-10-28,12,予選特選,0,3,マスターズリーグ第８戦,晴,北,2,1,まくり差し,4-6-5,53160,82,4-6,11760,22,1390,3612,04,4,4,6
2025-10-29,1,予選,0,4,マスターズリーグ第８戦,晴,南,2,1,差し,5-3-1,14090,56,5-3,3480,20,330,3656,03,5,2,6
2025-10-29,2,予選,0,4,マスターズリーグ第８戦,晴,南,1,1,逃げ,1-2-6,3020,13,1-2,1440,10,500,4047,01,1,1,6
2025-10-29,3,予選,0,4,マスターズリーグ第８戦,晴,南東,1,1,差し,2-1-4,1430,3,2-1,620,2,250,3686,02,2,2,6
2025-10-29,4,予選,0,4,マスターズリーグ第８戦,晴,南東,2,1,抜き,4-6-3,8780,34,4-6,3360,13,1980,3587,05,4,4,6
2025-10-29,5,予選,0,4,マスターズリーグ第８戦,晴,南,1,1,逃げ,1-4-2,2420,4,1-4,480,1,410,3852,01,1,1,6
2025-10-29,6,予選,0,4,マスターズリーグ第８戦,晴,南東,1,1,まくり差し,5-2-1,16410,38,5-2,7180,16,480,4012,03,5,5,6
2025-10-29,7,予選,1,4,マスターズリーグ第８戦,晴,南東,1,1,抜き,2-3-1,15960,35,2-3,8440,18,1670,4066,03,2,2,6
2025-10-29,8,予選,0,4,マスターズリーグ第８戦,晴,南東,1,1,逃げ,1-4-5,3600,11,1-4,1330,5,190,3615,01,1,1,6
2025-10-29,9,予選,0,4,マスターズリーグ第８戦,晴,南東,1,1,逃げ,1-3-5,3250,12,1-3,860,4,100,3944,01,1,1,6
2025-10-29,10,予選特選,0,4,マスターズリーグ第８戦,晴,南東,1,1,逃げ,1-4-3,1250,6,1-4,340,1,130,3822,01,1,1,6
2025-10-29,11,予選特選,0,4,マスターズリーグ第８戦,晴,南東,1,1,逃げ,1-5-3,2920,11,1-5,690,4,100,4084,01,1,1,6
2025-10-29,12,一般特賞,0,4,マスターズリーグ第８戦,晴,南東,1,1,抜き,1-3-6,790,1,1-3,290,1,110,3554,01,1,1,6
2025-10-30,1,一般,0,5,マスターズリーグ第８戦,曇り,南,1,1,まくり,4-2-5,12660,47,4-2,4400,17,420,3843,04,4,4,6
2025-10-30,2,一般,0,5,マスターズリーグ第８戦,曇り,南東,1,1,差し,4-1-2,7660,26,4-1,1730,6,580,3933,02,4,4,6
2025-10-30,3,一般,0,5,マスターズリーグ第８戦,曇り,西,1,1,逃げ,1-5-4,15730,55,1-5,4390,21,200,3714,01,1,1,6
2025-10-30,4,一般,0,5,マスターズリーグ第８戦,曇り,,0,1,逃げ,1-3-4,750,2,1-3,410,2,120,3788,01,1,1,6
2025-10-30,5,一般,0,5,マスターズリーグ第８戦,曇り,,0,1,差し,2-1-5,4330,12,2-1,440,2,570,3412,02,2,2,6
2025-10-30,6,一般,0,5,マスターズリーグ第８戦,曇り,北東,1,1,逃げ,1-3-5,5180,16,1-3,390,2,110,4066,01,1,1,6
2025-10-30,7,一般,1,5,マスターズリーグ第８戦,曇り,南東,1,1,差し,2-1-4,3190,9,2-1,490,3,370,3582,02,2,2,6
2025-10-30,8,一般,0,5,マスターズリーグ第８戦,曇り,南東,1,1,逃げ,1-3-4,1120,3,1-3,270,1,110,3621,01,1,1,6
2025-10-30,9,準優勝戦,0,5,マスターズリーグ第８戦,曇り,南東,1,1,逃げ,3-2-6,11190,47,3-2,3020,12,990,3920,01,3,1,6
2025-10-30,10,準優勝戦,0,5,マスターズリーグ第８戦,曇り,東,1,1,抜き,4-1-5,29700,59,4-1,10800,18,2100,4084,02,4,4,6
2025-10-30,11,準優勝戦,0,5,マスターズリーグ第８戦,曇り,南東,1,1,逃げ,1-5-3,2040,8,1-5,470,2,140,3944,01,1,1,6
2025-10-30,12,一般,0,5,マスターズリーグ第８戦,曇り,南東,1,1,まくり差し,3-1-5,11430,32,3-1,4060,11,1480,3612,02,3,3,6
2025-10-31,1,一般,0,6,マスターズリーグ第８戦,曇り,北西,2,1,まくり,3-1-5,1530,7,3-1,410,2,170,3527,02,3,3,6
2025-10-31,2,一般,0,6,マスターズリーグ第８戦,曇り,北西,2,1,逃げ,1-5-6,19080,48,1-5,3740,12,160,3514,01,1,1,6
2025-10-31,3,一般,0,6,マスターズリーグ第８戦,曇り,北西,1,1,差し,2-3-1,8670,32,2-3,2930,12,800,4012,03,2,2,6
2025-10-31,4,一般,0,6,マスターズリーグ第８戦,晴,北西,1,1,逃げ,1-2-5,2930,11,1-2,550,2,100,3473,01,1,1,6
2025-10-31,5,一般,0,6,マスターズリーグ第８戦,晴,北西,1,1,逃げ,1-3-2,560,2,1-3,150,1,120,3333,01,1,1,6
2025-10-31,6,一般,0,6,マスターズリーグ第８戦,晴,北,1,1,抜き,6-5-1,33220,55,6-5,14390,19,6770,4002,03,6,6,6
2025-10-31,7,一般,1,6,マスターズリーグ第８戦,晴,北西,1,1,逃げ,1-3-2,590,2,1-3,230,1,130,3777,01,1,1,6
2025-10-31,8,一般,0,6,マスターズリーグ第８戦,晴,北,1,1,逃げ,1-4-3,1280,5,1-4,360,2,130,3997,01,1,1,6
2025-10-31,9,一般,0,6,マスターズリーグ第８戦,晴,南東,1,1,逃げ,1-3-4,660,1,1-3,230,1,120,3983,01,1,1,6
2025-10-31,10,特別選抜戦,0,6,マスターズリーグ第８戦,晴,南東,1,1,逃げ,1-2-5,2010,10,1-2,630,3,130,3822,01,1,1,6
2025-10-31,11,特別選抜戦,0,6,マスターズリーグ第８戦,晴,東,1,1,逃げ,1-2-3,1460,5,1-2,680,4,160,3454,01,1,1,6
2025-10-31,12,優勝戦,0,6,マスターズリーグ第８戦,晴,東,2,1,逃げ,1-2-5,3110,12,1-2,410,1,170,3944,01,1,1,6
2025-11-03,1,予選,0,1,ＢＴＳオラレ志布志開設１６周年記念,晴,北,3,2,逃げ,1-3-4,1890,5,1-3,730,2,200,3741,01,1,1,6
2025-11-03,2,予選,0,1,ＢＴＳオラレ志布志開設１６周年記念,晴,北東,3,2,差し,2-1-3,4920,19,2-1,1780,7,1090,3906,02,2,2,6
2025-11-03,3,予選,0,1,ＢＴＳオラレ志布志開設１６周年記念,晴,北東,3,2,まくり差し,3-1-2,2910,7,3-1,1410,5,580,3812,02,3,3,6
2025-11-03,4,予選,0,1,ＢＴＳオラレ志布志開設１６周年記念,晴,北東,2,1,まくり,2-4-1,3140,12,2-4,1480,7,450,4116,03,2,2,6
2025-11-03,5,予選,0,1,ＢＴＳオラレ志布志開設１６周年記念,晴,北東,2,1,まくり,2-1-6,3040,11,2-1,970,4,370,4155,02,2,2,6
2025-11-03,6,予選,0,1,ＢＴＳオラレ志布志開設１６周年記念,晴,北東,3,2,逃げ,1-3-5,1160,4,1-3,310,2,140,4052,01,1,1,6
2025-11-03,7,予選,1,1,ＢＴＳオラレ志布志開設１６周年記念,晴,北東,2,1,抜き,1-3-4,1270,5,1-3,890,4,310,3303,01,1,1,6
2025-11-03,8,予選,0,1,ＢＴＳオラレ志布志開設１６周年記念,晴,東,2,1,逃げ,1-4-5,3770,13,1-4,1190,4,100,4184,01,1,1,6
2025-11-03,9,予選特賞,0,1,ＢＴＳオラレ志布志開設１６周年記念,晴,北東,2,1,逃げ,1-2-5,2540,10,1-2,450,3,130,4215,01,1,1,6
2025-11-03,10,予選特賞,0,1,ＢＴＳオラレ志布志開設１６周年記念,晴,北東,1,1,まくり差し,4-3-1,28710,50,4-3,9810,19,1060,4603,03,4,4,6
2025-11-03,11,予選特選,0,1,ＢＴＳオラレ志布志開設１６周年記念,晴,,0,1,逃げ,1-3-4,1990,7,1-3,440,2,180,4560,01,1,1,6
2025-11-03,12,龍神選抜,0,1,ＢＴＳオラレ志布志開設１６周年記念,晴,南東,1,1,逃げ,1-3-5,1050,4,1-3,360,2,130,4344,01,1,1,6
2025-11-04,1,予選,0,2,ＢＴＳオラレ志布志開設１６周年記念,曇り,北西,1,1,差し,4-1-2,3250,10,4-1,590,3,430,4241,02,4,4,6
2025-11-04,2,予選,0,2,ＢＴＳオラレ志布志開設１６周年記念,曇り,,0,1,差し,4-1-2,3870,13,4-1,1200,5,320,3578,02,4,4,6
2025-11-04,3,予選,0,2,ＢＴＳオラレ志布志開設１６周年記念,曇り,南東,1,1,逃げ,1-2-4,800,2,1-2,320,1,140,4442,01,1,1,6
2025-11-04,4,予選,0,2,ＢＴＳオラレ志布志開設１６周年記念,曇り,南東,1,1,逃げ,1-4-2,1700,4,1-4,720,3,210,5048,01,1,1,6
2025-11-04,5,予選,0,2,ＢＴＳオラレ志布志開設１６周年記念,曇り,東,1,1,逃げ,1-3-5,530,1,1-3,360,1,140,4588,01,1,1,6
2025-11-04,6,予選,0,2,ＢＴＳオラレ志布志開設１６周年記念,曇り,東,1,1,逃げ,1-4-3,1520,6,1-4,480,2,200,3747,01,1,1,6
2025-11-04,7,予選,1,2,ＢＴＳオラレ志布志開設１６周年記念,曇り,南東,1,1,まくり,3-2-1,3450,12,3-2,2250,8,300,4523,03,3,3,6
2025-11-04,8,予選,0,2,ＢＴＳオラレ志布志開設１６周年記念,曇り,東,1,1,逃げ,1-5-4,1260,4,1-5,250,1,130,4214,01,1,1,6
2025-11-04,9,予選特賞,0,2,ＢＴＳオラレ志布志開設１６周年記念,曇り,東,1,1,逃げ,1-5-6,8320,22,1-5,1730,6,100,4124,01,1,1,6
2025-11-04,10,予選特選,0,2,ＢＴＳオラレ志布志開設１６周年記念,曇り,南東,1,1,逃げ,1-5-4,2760,11,1-5,680,3,130,3576,01,1,1,6
2025-11-04,11,予選特選,0,2,ＢＴＳオラレ志布志開設１６周年記念,曇り,東,1,1,逃げ,1-3-6,2470,9,1-3,280,1,160,4413,01,1,1,6
2025-11-04,12,予選特賞,0,2,ＢＴＳオラレ志布志開設１６周年記念,曇り,東,1,1,逃げ,1-3-2,750,1,1-3,250,1,230,4788,01,1,1,6
2025-11-05,1,一般,0,3,ＢＴＳオラレ志布志開設１６周年記念,晴,南,1,1,逃げ,1-3-2,870,2,1-3,390,2,120,3842,01,1,1,6
2025-11-05,2,一般,0,3,ＢＴＳオラレ志布志開設１６周年記念,晴,南,1,1,まくり差し,4-5-3,10170,32,4-5,2190,8,320,3990,06,4,4,6
2025-11-05,3,一般,0,3,ＢＴＳオラレ志布志開設１６周年記念,晴,南東,1,1,まくり,2-4-6,61960,101,2-4,23600,30,2410,4600,05,2,2,6
2025-11-05,4,一般,0,3,ＢＴＳオラレ志布志開設１６周年記念,晴,南東,1,1,まくり,3-4-2,28370,63,3-4,8370,20,1180,4442,05,3,3,6
2025-11-05,5,一般,0,3,ＢＴＳオラレ志布志開設１６周年記念,晴,北東,1,1,逃げ,1-3-2,1120,3,1-3,220,1,170,4413,01,1,1,6
2025-11-05,6,一般,0,3,ＢＴＳオラレ志布志開設１６周年記念,晴,北東,1,1,逃げ,1-4-6,770,1,1-4,340,1,100,4124,01,1,1,6
2025-11-05,7,一般,1,3,ＢＴＳオラレ志布志開設１６周年記念,晴,南東,1,1,逃げ,1-2-3,310,1,1-2,170,1,100,4931,01,1,1,6
2025-11-05,8,一般,0,3,ＢＴＳオラレ志布志開設１６周年記念,晴,北,1,1,逃げ,1-3-2,1240,3,1-3,270,1,160,4593,01,1,1,6
2025-11-05,9,準優勝戦,0,3,ＢＴＳオラレ志布志開設１６周年記念,晴,,0,1,逃げ,1-3-6,3580,12,1-3,430,3,110,4344,01,1,1,6
2025-11-05,10,準優勝戦,0,3,ＢＴＳオラレ志布志開設１６周年記念,晴,南東,1,1,逃げ,1-2-4,800,2,1-2,190,1,130,3576,01,1,1,6
2025-11-05,11,準優勝戦,0,3,ＢＴＳオラレ志布志開設１６周年記念,晴,南東,1,1,逃げ,1-3-4,710,3,1-3,320,2,120,4184,01,1,1,6
2025-11-05,12,一般,0,3,ＢＴＳオラレ志布志開設１６周年記念,晴,北,1,1,逃げ,1-3-4,580,1,1-3,220,1,100,4560,01,1,1,6
2025-11-06,1,一般,0,4,ＢＴＳオラレ志布志開設１６周年記念,晴,北,4,3,逃げ,1-3-5,1220,4,1-3,340,1,110,3998,01,1,1,6
2025-11-06,2,一般,0,4,ＢＴＳオラレ志布志開設１６周年記念,晴,北,3,2,逃げ,1-2-4,410,1,1-2,220,1,120,4890,01,1,1,6
2025-11-06,3,一般,0,4,ＢＴＳオラレ志布志開設１６周年記念,晴,北,3,2,まくり差し,4-1-5,1610,6,4-1,1030,5,380,4241,02,4,4,6
2025-11-06,4,一般,0,4,ＢＴＳオラレ志布志開設１６周年記念,晴,北,3,2,逃げ,1-3-6,1790,6,1-3,320,1,100,4600,01,1,1,6
2025-11-06,5,一般,0,4,ＢＴＳオラレ志布志開設１６周年記念,晴,北,3,2,抜き,2-1-4,6650,22,2-1,2080,7,1080,4215,02,2,2,6
2025-11-06,6,一般,0,4,ＢＴＳオラレ志布志開設１６周年記念,晴,北,3,2,逃げ,1-3-5,510,1,1-3,240,1,140,4931,01,1,1,6
2025-11-06,7,一般,1,4,ＢＴＳオラレ志布志開設１６周年記念,晴,北,3,2,まくり,4-1-3,6020,22,4-1,960,4,190,4148,02,4,4,6
2025-11-06,8,一般,0,4,ＢＴＳオラレ志布志開設１６周年記念,晴,北,3,2,逃げ,1-5-2,3650,12,1-5,1730,6,200,3981,01,1,1,6
2025-11-06,9,一般特選,0,4,ＢＴＳオラレ志布志開設１６周年記念,晴,北,3,2,まくり差し,4-3-5,31140,64,4-3,5810,14,340,4649,05,4,4,6
2025-11-06,10,特別選抜戦,0,4,ＢＴＳオラレ志布志開設１６周年記念,晴,南,1,1,逃げ,1-2-3,840,2,1-2,320,1,130,4155,01,1,1,6
2025-11-06,11,特別選抜戦,0,4,ＢＴＳオラレ志布志開設１６周年記念,晴,南東,1,1,逃げ,1-5-3,2170,7,1-5,760,3,150,4214,01,1,1,6
2025-11-06,12,優勝戦,0,4,ＢＴＳオラレ志布志開設１６周年記念,晴,南東,1,1,まくり差し,3-1-4,1840,7,3-1,810,4,480,4184,02,3,3,6
2025-11-19,1,予選,0,1,ミッドナイトボートレースｉｎ大村８ＢＯＡＴＢｏｙ杯,晴,北,1,1,抜き,1-2-6,3500,15,1-2,640,3,160,3964,01,1,1,6
2025-11-19,2,予選,0,1,ミッドナイトボートレースｉｎ大村８ＢＯＡＴＢｏｙ杯,晴,北東,1,1,差し,2-1-4,1790,7,2-1,1170,4,560,3563,02,2,2,6
2025-11-19,3,予選,0,1,ミッドナイトボートレースｉｎ大村８ＢＯＡＴＢｏｙ杯,晴,東,1,1,まくり差し,3-5-2,45130,61,3-5,13410,18,420,4191,04,3,3,6
2025-11-19,4,予選,0,1,ミッドナイトボートレースｉｎ大村８ＢＯＡＴＢｏｙ杯,晴,東,1,1,まくり,4-6-5,27400,71,4-6,8680,22,300,4549,05,4,4,6
2025-11-19,5,予選,0,1,ミッドナイトボートレースｉｎ大村８ＢＯＡＴＢｏｙ杯,晴,東,1,1,逃げ,1-2-3,8950,37,1-2,3460,18,350,4103,01,1,1,6
2025-11-19,6,予選,0,1,ミッドナイトボートレースｉｎ大村８ＢＯＡＴＢｏｙ杯,雨,南東,1,1,まくり差し,5-1-6,2360,7,5-1,980,4,540,4790,02,5,5,6
2025-11-19,7,予選,1,1,ミッドナイトボートレースｉｎ大村８ＢＯＡＴＢｏｙ杯,雨,東,1,1,逃げ,1-2-5,710,4,1-2,300,2,110,4512,01,1,1,6
2025-11-19,8,予選,0,1,ミッドナイトボートレースｉｎ大村８ＢＯＡＴＢｏｙ杯,雨,東,1,1,逃げ,1-5-3,2080,8,1-5,700,4,100,4102,01,1,1,6
2025-11-19,9,予選特賞,0,1,ミッドナイトボートレースｉｎ大村８ＢＯＡＴＢｏｙ杯,雨,南東,1,1,逃げ,1-4-2,650,1,1-4,290,1,110,4118,01,1,1,6
2025-11-19,10,予選特選,0,1,ミッドナイトボートレースｉｎ大村８ＢＯＡＴＢｏｙ杯,雨,南東,1,1,逃げ,1-3-6,4790,16,1-3,420,2,120,4171,01,1,1,6
2025-11-19,11,龍神選抜,0,1,ミッドナイトボートレースｉｎ大村８ＢＯＡＴＢｏｙ杯,雨,南東,1,1,逃げ,1-2-3,800,2,1-2,300,2,120,4019,01,1,1,6
2025-11-19,12,予選特賞,0,1,ミッドナイトボートレースｉｎ大村８ＢＯＡＴＢｏｙ杯,雨,南東,1,1,まくり,3-5-2,9180,27,3-5,1280,5,380,4720,04,3,3,6
2025-11-20,1,予選,0,2,ミッドナイトボートレースｉｎ大村８ＢＯＡＴＢｏｙ杯,晴,北東,2,1,逃げ,1-2-3,760,2,1-2,410,2,170,3772,01,1,1,6
2025-11-20,2,予選,0,2,ミッドナイトボートレースｉｎ大村８ＢＯＡＴＢｏｙ杯,晴,北東,1,1,逃げ,1-4-2,640,2,1-4,350,2,230,4552,01,1,1,6
2025-11-20,3,予選,0,2,ミッドナイトボートレースｉｎ大村８ＢＯＡＴＢｏｙ杯,晴,東,2,1,まくり差し,5-1-4,7330,23,5-1,1150,5,580,4173,02,5,5,6
2025-11-20,4,予選,0,2,ミッドナイトボートレースｉｎ大村８ＢＯＡＴＢｏｙ杯,晴,南東,1,1,差し,4-2-1,2720,11,4-2,1200,6,480,3975,03,4,4,6
2025-11-20,5,予選,0,2,ミッドナイトボートレースｉｎ大村８ＢＯＡＴＢｏｙ杯,晴,南東,1,1,逃げ,1-3-2,1530,7,1-3,610,3,150,4303,01,1,1,6
2025-11-20,6,予選,0,2,ミッドナイトボートレースｉｎ大村８ＢＯＡＴＢｏｙ杯,晴,南東,1,1,まくり差し,4-1-5,1200,4,4-1,720,4,260,4654,02,4,4,6
2025-11-20,7,予選,1,2,ミッドナイトボートレースｉｎ大村８ＢＯＡＴＢｏｙ杯,晴,南東,1,1,逃げ,1-4-5,1820,7,1-4,330,2,120,4601,01,1,1,6
2025-11-20,8,予選,0,2,ミッドナイトボートレースｉｎ大村８ＢＯＡＴＢｏｙ杯,晴,南東,1,1,逃げ,1-2-3,3290,13,1-2,1610,6,230,4121,01,1,1,6
2025-11-20,9,予選特賞,0,2,ミッドナイトボートレースｉｎ大村８ＢＯＡＴＢｏｙ杯,晴,南東,1,1,まくり差し,3-1-4,2670,11,3-1,1170,5,590,4174,02,3,3,6
2025-11-20,10,予選特選,0,2,ミッドナイトボートレースｉｎ大村８ＢＯＡＴＢｏｙ杯,晴,南東,1,1,逃げ,1-3-2,650,2,1-3,220,1,110,4227,01,1,1,6
2025-11-20,11,予選特選,0,2,ミッドナイトボートレースｉｎ大村８ＢＯＡＴＢｏｙ杯,晴,南東,1,1,逃げ,1-3-4,1450,3,1-3,460,2,120,4776,01,1,1,6
2025-11-20,12,予選特賞,0,2,ミッドナイトボートレースｉｎ大村８ＢＯＡＴＢｏｙ杯,晴,南東,1,1,逃げ,1-3-5,970,3,1-3,340,1,130,4248,01,1,1,6
2025-11-21,1,一般,0,3,ミッドナイトボートレースｉｎ大村８ＢＯＡＴＢｏｙ杯,晴,北西,3,2,逃げ,1-2-5,1200,4,1-2,430,2,240,4422,01,1,1,6
2025-11-21,2,一般,0,3,ミッドナイトボートレースｉｎ大村８ＢＯＡＴＢｏｙ杯,晴,北西,2,1,逃げ,1-3-4,1250,4,1-3,560,3,110,4512,01,1,1,6
2025-11-21,3,一般,0,3,ミッドナイトボートレースｉｎ大村８ＢＯＡＴＢｏｙ杯,晴,西,3,2,逃げ,1-3-2,4580,17,1-3,950,5,100,4991,01,1,1,6
2025-11-21,4,一般,0,3,ミッドナイトボートレースｉｎ大村８ＢＯＡＴＢｏｙ杯,晴,北西,1,1,逃げ,1-3-2,750,3,1-3,230,1,130,5057,01,1,1,6
2025-11-21,5,一般,0,3,ミッドナイトボートレースｉｎ大村８ＢＯＡＴＢｏｙ杯,晴,北,2,1,逃げ,1-2-3,800,1,1-2,350,1,120,4816,01,1,1,6
2025-11-21,6,一般,0,3,ミッドナイトボートレースｉｎ大村８ＢＯＡＴＢｏｙ杯,晴,北東,2,1,逃げ,1-4-5,6550,22,1-4,1360,5,120,4797,01,1,1,6
2025-11-21,7,一般,1,3,ミッドナイトボートレースｉｎ大村８ＢＯＡＴＢｏｙ杯,晴,北東,1,1,逃げ,1-5-3,1380,7,1-5,490,3,100,4174,01,1,1,6
2025-11-21,8,一般,0,3,ミッドナイトボートレースｉｎ大村８ＢＯＡＴＢｏｙ杯,晴,北東,2,1,逃げ,1-2-5,1230,2,1-2,400,1,130,4817,01,1,1,6
2025-11-21,9,準優勝戦,0,3,ミッドナイトボートレースｉｎ大村８ＢＯＡＴＢｏｙ杯,晴,南東,1,1,逃げ,1-3-4,810,3,1-3,380,2,110,4303,01,1,1,6
2025-11-21,10,準優勝戦,0,3,ミッドナイトボートレースｉｎ大村８ＢＯＡＴＢｏｙ杯,晴,南東,1,1,逃げ,1-2-3,480,1,1-2,230,1,110,4227,01,1,1,6
2025-11-21,11,準優勝戦,0,3,ミッドナイトボートレースｉｎ大村８ＢＯＡＴＢｏｙ杯,晴,南東,1,1,逃げ,1-3-2,540,2,1-3,360,2,100,4019,01,1,1,6
2025-11-21,12,一般,0,3,ミッドナイトボートレースｉｎ大村８ＢＯＡＴＢｏｙ杯,晴,南東,1,1,差し,2-1-6,1910,4,2-1,670,2,230,4211,02,2,2,6
2025-11-22,1,一般,0,4,ミッドナイトボートレースｉｎ大村８ＢＯＡＴＢｏｙ杯,晴,南,1,1,まくり差し,3-1-5,1880,7,3-1,800,4,350,5074,02,3,3,6
2025-11-22,2,一般,0,4,ミッドナイトボートレースｉｎ大村８ＢＯＡＴＢｏｙ杯,晴,南東,1,1,逃げ,1-4-6,1220,7,1-4,290,2,160,4121,01,1,1,6
2025-11-22,3,一般,0,4,ミッドナイトボートレースｉｎ大村８ＢＯＡＴＢｏｙ杯,晴,南東,1,1,逃げ,1-3-4,960,3,1-3,430,2,170,5195,01,1,1,6
2025-11-22,4,一般,0,4,ミッドナイトボートレースｉｎ大村８ＢＯＡＴＢｏｙ杯,晴,東,1,1,恵まれ,3-4-5,3370,17,3-4,1430,7,190,5250,S1,3,3,6
2025-11-22,5,一般,0,4,ミッドナイトボートレースｉｎ大村８ＢＯＡＴＢｏｙ杯,晴,南東,1,1,まくり,2-3-4,4610,15,2-3,1370,6,320,4654,05,2,3,6
2025-11-22,6,一般,0,4,ミッドナイトボートレースｉｎ大村８ＢＯＡＴＢｏｙ杯,晴,南東,1,1,まくり差し,5-4-1,7870,34,5-4,2350,10,340,4474,03,5,5,6
2025-11-22,7,一般,1,4,ミッドナイトボートレースｉｎ大村８ＢＯＡＴＢｏｙ杯,晴,南東,1,1,逃げ,1-4-2,2160,7,1-4,740,3,130,4171,01,1,1,6
2025-11-22,8,一般,0,4,ミッドナイトボートレースｉｎ大村８ＢＯＡＴＢｏｙ杯,晴,南東,1,1,逃げ,1-2-3,590,2,1-2,330,2,130,4790,01,1,1,6
2025-11-22,9,一般特選,0,4,ミッドナイトボートレースｉｎ大村８ＢＯＡＴＢｏｙ杯,晴,南東,1,1,逃げ,1-3-6,2300,9,1-3,290,1,100,4552,01,1,1,6
2025-11-22,10,特別選抜戦Ｂ,0,4,ミッドナイトボートレースｉｎ大村８ＢＯＡＴＢｏｙ杯,晴,南東,1,1,逃げ,1-2-3,660,3,1-2,360,2,100,4958,01,1,1,6
2025-11-22,11,優勝戦,0,4,ミッドナイトボートレースｉｎ大村８ＢＯＡＴＢｏｙ杯,晴,南東,1,1,逃げ,1-2-5,1640,9,1-2,320,2,110,4019,01,1,1,6
2025-11-22,12,特別選抜戦Ａ,0,4,ミッドナイトボートレースｉｎ大村８ＢＯＡＴＢｏｙ杯,晴,南東,1,1,逃げ,1-2-3,530,1,1-2,200,1,130,4174,01,1,1,6
2025-11-25,1,予選,0,1,アサヒビールカップ,晴,北西,6,5,まくり,4-6-5,11560,44,4-6,6090,21,280,3523,04,4,4,6
2025-11-25,2,予選,0,1,アサヒビールカップ,曇り,北西,8,7,差し,2-3-1,2260,7,2-3,710,3,180,3726,03,2,2,6
2025-11-25,3,予選,0,1,アサヒビールカップ,曇り,北西,8,7,まくり差し,6-3-2,10820,41,6-3,2860,13,1080,5083,06,6,5,6
2025-11-25,4,予選,0,1,アサヒビールカップ,曇り,北西,7,6,逃げ,1-2-4,750,1,1-2,380,1,230,4981,01,1,1,6
2025-11-25,5,予選,0,1,アサヒビールカップ,曇り,北西,7,6,逃げ,1-2-6,930,1,1-2,400,2,120,4832,01,1,1,6
2025-11-25,6,予選,0,1,アサヒビールカップ,曇り,北西,7,6,逃げ,1-5-4,14770,44,1-5,3670,12,460,4404,01,1,1,6
2025-11-25,7,予選,1,1,アサヒビールカップ,曇り,北西,8,7,まくり,3-6-2,3440,14,3-6,1990,8,300,4514,F,3,3,6
2025-11-25,8,予選,0,1,アサヒビールカップ,曇り,北西,7,6,差し,2-4-1,2320,8,2-4,980,5,270,5170,03,2,2,6
2025-11-25,9,予選,0,1,アサヒビールカップ,曇り,北西,7,6,まくり差し,3-1-2,5480,19,3-1,640,2,430,3853,02,3,3,6
2025-11-25,10,予選特賞,0,1,アサヒビールカップ,曇り,北西,7,6,逃げ,1-4-2,970,4,1-4,400,3,140,3909,01,1,1,6
2025-11-25,11,予選特選,0,1,アサヒビールカップ,曇り,北西,7,6,逃げ,1-4-6,4200,17,1-4,410,1,100,4497,01,1,1,6
2025-11-25,12,発祥地ドリー,0,1,アサヒビールカップ,曇り,北西,7,6,まくり,3-1-6,25340,51,3-1,4010,10,790,3960,02,3,3,6
2025-11-26,1,予選,0,2,アサヒビールカップ,晴,南西,1,1,抜き,5-4-6,18380,51,5-4,3450,13,310,3773,05,5,5,6
2025-11-26,2,予選,0,2,アサヒビールカップ,晴,南西,1,1,差し,2-1-6,5390,18,2-1,330,1,170,3710,02,2,2,6
2025-11-26,3,予選,0,2,アサヒビールカップ,晴,,0,1,逃げ,1-4-5,2140,6,1-4,650,2,120,3712,01,1,1,6
2025-11-26,4,予選,0,2,アサヒビールカップ,晴,北西,1,1,逃げ,1-2-4,550,1,1-2,320,1,120,4834,01,1,1,6
2025-11-26,5,予選,0,2,アサヒビールカップ,晴,北西,1,1,まくり差し,6-1-4,10090,30,6-1,4510,14,2260,3527,02,6,3,6
2025-11-26,6,予選,0,2,アサヒビールカップ,晴,南西,1,1,まくり差し,3-1-2,2410,7,3-1,1250,5,600,5120,02,3,3,6
2025-11-26,7,予選,1,2,アサヒビールカップ,晴,南西,1,1,抜き,1-2-6,1770,5,1-2,530,2,160,4318,01,1,1,6
2025-11-26,8,予選,0,2,アサヒビールカップ,晴,南西,1,1,逃げ,1-3-6,2410,7,1-3,390,1,160,4247,01,1,1,6
2025-11-26,9,予選,0,2,アサヒビールカップ,晴,北東,1,1,逃げ,1-5-3,1300,3,1-5,390,1,180,4401,01,1,1,6
2025-11-26,10,予選特賞,0,2,アサヒビールカップ,晴,南東,1,1,逃げ,1-6-3,2130,8,1-6,810,4,120,4926,01,1,1,6
2025-11-26,11,予選特選,0,2,アサヒビールカップ,晴,北東,1,1,逃げ,1-3-2,940,3,1-3,360,2,100,4352,01,1,1,6
2025-11-26,12,予選特選,0,2,アサヒビールカップ,晴,南東,1,1,逃げ,1-2-3,640,1,1-2,280,2,130,4504,01,1,1,6
2025-11-27,1,予選,0,3,アサヒビールカップ,晴,西,6,5,まくり,2-3-5,7480,29,2-3,750,4,370,4094,06,2,2,6
2025-11-27,2,予選,0,3,アサヒビールカップ,晴,西,6,5,差し,2-3-6,13080,46,2-3,2370,10,1220,3893,05,2,2,6
2025-11-27,3,予選,0,3,アサヒビールカップ,晴,西,6,5,差し,2-3-6,2990,12,2-3,370,1,170,3297,04,2,2,6
2025-11-27,4,予選,0,3,アサヒビールカップ,晴,西,7,6,差し,2-1-5,2460,8,2-1,1650,9,540,5005,02,2,2,6
2025-11-27,5,予選,0,3,アサヒビールカップ,晴,北西,6,5,まくり,2-4-5,920,1,2-4,400,1,170,4723,05,2,2,6
2025-11-27,6,予選,0,3,アサヒビールカップ,晴,北西,8,7,逃げ,1-4-6,1610,4,1-4,310,1,190,3805,01,1,1,6
2025-11-27,7,予選,1,3,アサヒビールカップ,雨,西,8,7,逃げ,1-2-6,1610,5,1-2,440,2,210,4521,01,1,1,6
2025-11-27,8,予選,0,3,アサヒビールカップ,曇り,西,8,7,抜き,5-1-3,3520,13,5-1,1050,5,290,4163,02,5,5,6
2025-11-27,9,予選,0,3,アサヒビールカップ,曇り,北西,8,7,逃げ,1-4-2,5800,18,1-4,780,5,190,4553,01,1,1,6
2025-11-27,10,予選特賞,0,3,アサヒビールカップ,曇り,北西,8,7,逃げ,1-3-4,510,1,1-3,160,1,110,5136,01,1,1,6
2025-11-27,11,予選特選,0,3,アサヒビールカップ,曇り,北西,8,7,逃げ,1-2-4,870,1,1-2,370,2,100,4172,01,1,1,6
2025-11-27,12,予選特選,0,3,アサヒビールカップ,曇り,西,8,7,逃げ,1-2-4,970,4,1-2,230,1,100,4477,01,1,1,6
2025-11-28,1,予選,0,4,アサヒビールカップ,晴,西,2,1,逃げ,1-5-2,970,3,1-5,530,4,260,4977,01,1,1,6
2025-11-28,2,予選,0,4,アサヒビールカップ,晴,西,2,1,逃げ,1-3-5,7060,31,1-3,1270,6,490,4202,01,1,1,6
2025-11-28,3,予選,0,4,アサヒビールカップ,晴,西,2,1,逃げ,1-2-5,3070,9,1-2,1180,6,250,4167,01,1,1,6
2025-11-28,4,予選,0,4,アサヒビールカップ,晴,南西,1,1,逃げ,1-5-2,10050,29,1-5,2890,9,100,5092,01,1,1,6
2025-11-28,5,予選,0,4,アサヒビールカップ,晴,北西,1,1,差し,2-1-3,840,2,2-1,540,3,190,5073,02,2,2,6
2025-11-28,6,予選,0,4,アサヒビールカップ,晴,北,1,1,まくり,2-3-6,7900,23,2-3,440,2,130,5147,05,2,2,6
2025-11-28,7,予選,1,4,アサヒビールカップ,晴,北東,2,1,逃げ,1-2-6,1520,6,1-2,550,3,130,5126,01,1,1,6
2025-11-28,8,予選,0,4,アサヒビールカップ,晴,北,2,1,逃げ,1-3-2,2590,9,1-3,1370,5,240,3508,01,1,1,6
2025-11-28,9,予選,0,4,アサヒビールカップ,晴,北,2,1,逃げ,1-3-2,1370,4,1-3,240,1,130,4467,01,1,1,6
2025-11-28,10,予選特選,0,4,アサヒビールカップ,晴,北,2,1,まくり差し,3-1-6,1150,5,3-1,480,2,210,4451,02,3,3,6
2025-11-28,11,予選特選,0,4,アサヒビールカップ,晴,北東,1,1,逃げ,1-2-6,1190,5,1-2,340,2,110,4826,01,1,1,6
2025-11-28,12,一般特賞,0,4,アサヒビールカップ,晴,北東,1,1,逃げ,1-3-2,1130,4,1-3,390,2,100,4352,01,1,1,6
2025-11-29,1,一般,0,5,アサヒビールカップ,晴,西,1,1,逃げ,1-5-3,4460,18,1-5,1140,5,100,4553,01,1,1,6
2025-11-29,2,一般,0,5,アサヒビールカップ,晴,西,1,1,まくり差し,3-5-6,53970,85,3-5,12840,21,1120,5092,04,3,3,6
2025-11-29,3,一般,0,5,アサヒビールカップ,晴,南西,1,1,逃げ,1-2-4,1520,5,1-2,460,2,140,5120,01,1,1,6
2025-11-29,4,一般,0,5,アサヒビールカップ,晴,西,1,1,逃げ,1-2-3,1080,4,1-2,780,3,100,4497,01,1,1,6
2025-11-29,5,一般,0,5,アサヒビールカップ,晴,西,1,1,逃げ,1-4-2,1800,9,1-4,510,4,100,4926,01,1,1,6
2025-11-29,6,一般,0,5,アサヒビールカップ,晴,南西,1,1,逃げ,1-5-4,1280,5,1-5,160,1,100,4826,01,1,1,6
2025-11-29,7,一般,1,5,アサヒビールカップ,晴,南,1,1,逃げ,1-2-6,1780,8,1-2,220,1,100,4504,01,1,1,6
2025-11-29,8,一般,0,5,アサヒビールカップ,晴,南東,1,1,逃げ,1-6-5,2980,13,1-6,820,3,110,5126,01,1,1,6
2025-11-29,9,準優勝戦,0,5,アサヒビールカップ,晴,南東,1,1,逃げ,1-3-2,840,3,1-3,470,2,110,4832,01,1,1,6
2025-11-29,10,準優勝戦,0,5,アサヒビールカップ,晴,南東,1,1,逃げ,1-5-2,3510,13,1-5,1580,5,120,3909,01,1,1,6
2025-11-29,11,準優勝戦,0,5,アサヒビールカップ,晴,南東,1,1,逃げ,1-4-3,1920,7,1-4,830,3,100,4352,01,1,1,6
2025-11-29,12,一般,0,5,アサヒビールカップ,晴,南東,1,1,逃げ,1-3-5,1640,7,1-3,380,2,120,4977,01,1,1,6
2025-11-30,1,一般,0,6,アサヒビールカップ,晴,南西,2,1,逃げ,1-5-2,2230,9,1-5,790,4,140,3527,01,1,1,6
2025-11-30,2,一般,0,6,アサヒビールカップ,晴,南東,1,1,差し,2-5-3,10670,33,2-5,2470,9,450,5073,04,2,2,6
2025-11-30,3,一般,0,6,アサヒビールカップ,晴,南東,1,1,逃げ,1-6-4,2900,9,1-6,450,2,120,4467,01,1,1,6
2025-11-30,4,一般,0,6,アサヒビールカップ,晴,南東,1,1,抜き,1-4-5,5940,16,1-4,1810,5,110,4834,01,1,1,6
2025-11-30,5,一般,0,6,アサヒビールカップ,晴,南東,1,1,逃げ,1-6-2,1820,9,1-6,370,2,130,4451,01,1,1,6
2025-11-30,6,一般,0,6,アサヒビールカップ,晴,南東,1,1,逃げ,1-2-4,1250,5,1-2,280,2,100,3960,01,1,1,6
2025-11-30,7,一般,1,6,アサヒビールカップ,晴,東,1,1,逃げ,1-2-3,810,2,1-2,330,2,100,4477,01,1,1,6
2025-11-30,8,一般,0,6,アサヒビールカップ,晴,北東,2,1,逃げ,1-5-4,10360,28,1-5,1880,6,130,4163,01,1,1,6
2025-11-30,9,一般,0,6,アサヒビールカップ,晴,南東,1,1,差し,2-1-4,3200,12,2-1,1040,4,240,4401,02,2,2,6
2025-11-30,10,特別選抜戦,0,6,アサヒビールカップ,晴,南東,1,1,逃げ,1-5-4,7170,18,1-5,1020,5,120,4826,01,1,1,6
2025-11-30,11,特別選抜戦,0,6,アサヒビールカップ,晴,南東,1,1,逃げ,1-2-6,2380,9,1-2,210,1,100,4926,01,1,1,6
2025-11-30,12,優勝戦,0,6,アサヒビールカップ,晴,南東,1,1,逃げ,1-6-3,4850,17,1-6,1490,5,100,4352,01,1,1,6
2025-12-03,1,予選,0,1,ＭＮボートレースｉｎ大村９ＢＴＳ長崎五島開設記念,雨,北,8,7,まくり差し,6-2-4,98270,115,6-2,26110,30,2710,3459,04,6,6,6
2025-12-03,2,予選,0,1,ＭＮボートレースｉｎ大村９ＢＴＳ長崎五島開設記念,曇り,北,8,7,まくり,2-4-5,7260,31,2-4,1090,5,630,3809,05,2,2,6
2025-12-03,3,予選,0,1,ＭＮボートレースｉｎ大村９ＢＴＳ長崎五島開設記念,曇り,北,8,7,逃げ,1-6-2,22880,63,1-6,3080,12,220,3637,01,1,1,6
2025-12-03,4,予選,0,1,ＭＮボートレースｉｎ大村９ＢＴＳ長崎五島開設記念,曇り,北西,8,7,まくり,3-2-5,9650,39,3-2,910,3,300,3949,05,3,3,6
2025-12-03,5,予選,0,1,ＭＮボートレースｉｎ大村９ＢＴＳ長崎五島開設記念,曇り,北,8,7,まくり,3-6-2,8150,40,3-6,1940,7,380,3617,06,3,3,6
2025-12-03,6,予選,0,1,ＭＮボートレースｉｎ大村９ＢＴＳ長崎五島開設記念,曇り,北,8,7,逃げ,1-3-4,750,2,1-3,310,2,100,4033,01,1,1,6
2025-12-03,7,予選,1,1,ＭＮボートレースｉｎ大村９ＢＴＳ長崎五島開設記念,曇り,北,8,7,逃げ,1-3-5,2100,11,1-3,660,4,100,4852,01,1,1,6
2025-12-03,8,予選,0,1,ＭＮボートレースｉｎ大村９ＢＴＳ長崎五島開設記念,曇り,北,8,7,逃げ,1-6-4,6290,25,1-6,1140,4,140,5125,01,1,1,6
2025-12-03,9,予選特賞,0,1,ＭＮボートレースｉｎ大村９ＢＴＳ長崎五島開設記念,曇り,北西,8,7,逃げ,1-3-5,1160,3,1-3,350,2,140,4216,01,1,1,6
2025-12-03,10,予選特選,0,1,ＭＮボートレースｉｎ大村９ＢＴＳ長崎五島開設記念,曇り,北西,8,7,逃げ,1-2-3,860,1,1-2,240,1,110,3548,01,1,1,6
2025-12-03,11,龍神選抜,0,1,ＭＮボートレースｉｎ大村９ＢＴＳ長崎五島開設記念,曇り,北,8,7,逃げ,1-3-2,1160,2,1-3,350,1,210,4715,01,1,1,6
2025-12-03,12,予選特賞,0,1,ＭＮボートレースｉｎ大村９ＢＴＳ長崎五島開設記念,曇り,北,8,7,,,,,,,,,4119,F,,,6
2025-12-04,1,予選,0,2,ＭＮボートレースｉｎ大村９ＢＴＳ長崎五島開設記念,曇り,北西,1,1,逃げ,1-3-2,1170,3,1-3,460,1,330,3315,01,1,1,6
2025-12-04,2,予選,0,2,ＭＮボートレースｉｎ大村９ＢＴＳ長崎五島開設記念,雨,北,2,1,逃げ,1-5-2,610,2,1-5,360,2,160,3627,01,1,1,6
2025-12-04,3,予選,0,2,ＭＮボートレースｉｎ大村９ＢＴＳ長崎五島開設記念,雨,北,3,2,抜き,2-5-4,3020,12,2-5,1720,9,460,3584,04,2,2,6
2025-12-04,4,予選,0,2,ＭＮボートレースｉｎ大村９ＢＴＳ長崎五島開設記念,曇り,北,2,1,まくり,3-4-6,3650,16,3-4,920,3,840,4533,06,3,4,6
2025-12-04,5,予選,0,2,ＭＮボートレースｉｎ大村９ＢＴＳ長崎五島開設記念,雨,東,1,1,差し,2-3-4,2800,11,2-3,1030,5,400,4375,04,2,2,6
2025-12-04,6,予選,0,2,ＭＮボートレースｉｎ大村９ＢＴＳ長崎五島開設記念,雨,東,1,1,逃げ,1-4-3,5170,16,1-4,1760,6,100,4685,01,1,1,6
2025-12-04,7,予選,1,2,ＭＮボートレースｉｎ大村９ＢＴＳ長崎五島開設記念,曇り,南東,1,1,逃げ,1-3-5,7570,19,1-3,350,2,180,4428,01,1,1,6
2025-12-04,8,予選,0,2,ＭＮボートレースｉｎ大村９ＢＴＳ長崎五島開設記念,雨,東,1,1,逃げ,1-2-3,410,1,1-2,170,1,100,4472,01,1,1,6
2025-12-04,9,予選特賞,0,2,ＭＮボートレースｉｎ大村９ＢＴＳ長崎五島開設記念,曇り,東,1,1,まくり,4-6-1,8930,20,4-6,3650,8,560,5132,03,4,4,6
2025-12-04,10,予選特選,0,2,ＭＮボートレースｉｎ大村９ＢＴＳ長崎五島開設記念,雨,東,1,1,逃げ,1-2-4,1640,5,1-2,450,2,130,4704,01,1,1,6
2025-12-04,11,予選特選,0,2,ＭＮボートレースｉｎ大村９ＢＴＳ長崎五島開設記念,雨,東,1,1,差し,2-3-1,6710,24,2-3,1960,8,570,3966,03,2,2,6
2025-12-04,12,予選特賞,0,2,ＭＮボートレースｉｎ大村９ＢＴＳ長崎五島開設記念,雨,東,1,1,まくり,3-2-5,30120,50,3-2,6070,13,820,4948,05,3,3,6
2025-12-05,1,一般,0,3,ＭＮボートレースｉｎ大村９ＢＴＳ長崎五島開設記念,晴,北東,4,3,抜き,5-1-3,6620,25,5-1,1040,5,100,4389,02,5,4,6
2025-12-05,2,一般,0,3,ＭＮボートレースｉｎ大村９ＢＴＳ長崎五島開設記念,晴,北東,3,2,差し,2-3-1,37860,54,2-3,16880,23,1290,4428,03,2,2,6
2025-12-05,3,一般,0,3,ＭＮボートレースｉｎ大村９ＢＴＳ長崎五島開設記念,晴,北,2,1,逃げ,1-5-3,850,2,1-5,460,2,130,3966,01,1,1,6
2025-12-05,4,一般,0,3,ＭＮボートレースｉｎ大村９ＢＴＳ長崎五島開設記念,晴,北,2,1,逃げ,1-5-4,1950,12,1-5,570,4,110,4472,01,1,1,6
2025-12-05,5,一般,0,3,ＭＮボートレースｉｎ大村９ＢＴＳ長崎五島開設記念,晴,東,1,1,逃げ,1-5-3,900,3,1-5,220,1,150,5060,01,1,1,6
2025-12-05,6,一般,0,3,ＭＮボートレースｉｎ大村９ＢＴＳ長崎五島開設記念,晴,,0,1,逃げ,1-5-2,630,1,1-5,240,1,100,4581,01,1,1,6
2025-12-05,7,一般,1,3,ＭＮボートレースｉｎ大村９ＢＴＳ長崎五島開設記念,晴,東,1,1,逃げ,1-2-3,490,1,1-2,250,1,120,3548,01,1,1,6
2025-12-05,8,一般,0,3,ＭＮボートレースｉｎ大村９ＢＴＳ長崎五島開設記念,晴,東,1,1,逃げ,1-3-4,1820,7,1-3,500,2,170,4111,01,1,1,6
2025-12-05,9,準優勝戦,0,3,ＭＮボートレースｉｎ大村９ＢＴＳ長崎五島開設記念,晴,南東,1,1,逃げ,1-3-4,1880,6,1-3,380,2,110,4685,01,1,1,6
2025-12-05,10,準優勝戦,0,3,ＭＮボートレースｉｎ大村９ＢＴＳ長崎五島開設記念,晴,南東,1,1,逃げ,1-4-2,1150,3,1-4,500,3,130,4960,01,1,1,6
2025-12-05,11,準優勝戦,0,3,ＭＮボートレースｉｎ大村９ＢＴＳ長崎五島開設記念,晴,南東,1,1,逃げ,1-3-2,810,3,1-3,330,2,180,3627,01,1,1,6
2025-12-05,12,一般,0,3,ＭＮボートレースｉｎ大村９ＢＴＳ長崎五島開設記念,晴,南東,1,1,まくり,4-6-5,29770,69,4-6,7380,21,980,5011,04,4,4,6
2025-12-06,1,一般,0,4,ＭＮボートレースｉｎ大村９ＢＴＳ長崎五島開設記念,曇り,東,2,1,逃げ,1-3-2,780,2,1-3,380,2,170,4421,01,1,1,6
2025-12-06,2,一般,0,4,ＭＮボートレースｉｎ大村９ＢＴＳ長崎五島開設記念,曇り,東,1,1,逃げ,1-2-5,660,1,1-2,260,1,170,4725,01,1,1,6
2025-12-06,3,一般,0,4,ＭＮボートレースｉｎ大村９ＢＴＳ長崎五島開設記念,曇り,南東,1,1,逃げ,1-2-3,420,1,1-2,180,1,120,4216,01,1,1,6
2025-12-06,4,一般,0,4,ＭＮボートレースｉｎ大村９ＢＴＳ長崎五島開設記念,曇り,南東,1,1,差し,3-4-1,29470,60,3-4,7580,17,1300,4416,03,3,3,6
2025-12-06,5,一般,0,4,ＭＮボートレースｉｎ大村９ＢＴＳ長崎五島開設記念,曇り,南東,1,1,まくり,2-4-3,9160,28,2-4,4090,11,1420,4022,06,2,2,6
2025-12-06,6,一般,0,4,ＭＮボートレースｉｎ大村９ＢＴＳ長崎五島開設記念,曇り,南東,1,1,逃げ,1-4-5,1210,5,1-4,530,3,120,3966,01,1,1,6
2025-12-06,7,一般,1,4,ＭＮボートレースｉｎ大村９ＢＴＳ長崎五島開設記念,曇り,南,1,1,抜き,1-5-6,3520,15,1-5,1030,5,110,4581,01,1,1,6
2025-12-06,8,一般,0,4,ＭＮボートレースｉｎ大村９ＢＴＳ長崎五島開設記念,曇り,南東,1,1,逃げ,1-2-4,600,2,1-2,230,1,100,4704,01,1,1,6
2025-12-06,9,一般特選,0,4,ＭＮボートレースｉｎ大村９ＢＴＳ長崎五島開設記念,曇り,南,1,1,逃げ,1-2-4,580,1,1-2,260,1,120,5238,01,1,1,6
2025-12-06,10,特別選抜戦Ｂ,0,4,ＭＮボートレースｉｎ大村９ＢＴＳ長崎五島開設記念,曇り,南,1,1,逃げ,1-3-2,1940,7,1-3,560,3,140,4428,01,1,1,6
2025-12-06,11,優勝戦,0,4,ＭＮボートレースｉｎ大村９ＢＴＳ長崎五島開設記念,曇り,南,1,1,逃げ,1-4-5,3980,14,1-4,880,3,120,3627,01,1,1,6
2025-12-06,12,特別選抜戦Ａ,0,4,ＭＮボートレースｉｎ大村９ＢＴＳ長崎五島開設記念,曇り,南東,1,1,逃げ,1-3-4,840,3,1-3,320,2,140,5060,01,1,1,6
2025-12-13,1,予選,0,1,日刊スポーツ杯＆ニッカン・コム杯,雨,南,1,1,まくり,3-1-5,5500,21,3-1,1290,4,500,3211,02,3,3,6
2025-12-13,2,予選,0,1,日刊スポーツ杯＆ニッカン・コム杯,雨,南東,2,1,まくり差し,3-1-5,1210,3,3-1,560,2,150,4944,02,3,3,6
2025-12-13,3,予選,0,1,日刊スポーツ杯＆ニッカン・コム杯,雨,南東,1,1,まくり,4-5-1,4220,16,4-5,1390,6,970,4332,03,4,4,6
2025-12-13,4,予選,0,1,日刊スポーツ杯＆ニッカン・コム杯,雨,南東,1,1,差し,5-6-1,1060,2,5-6,280,1,210,5352,03,5,2,6
2025-12-13,5,予選,0,1,日刊スポーツ杯＆ニッカン・コム杯,雨,南東,1,1,まくり,4-1-5,5740,23,4-1,880,3,290,3569,02,4,4,6
2025-12-13,6,予選,0,1,日刊スポーツ杯＆ニッカン・コム杯,雨,南東,1,1,差し,2-1-4,4190,17,2-1,1840,8,420,4508,02,2,2,6
2025-12-13,7,予選,1,1,日刊スポーツ杯＆ニッカン・コム杯,雨,南東,1,1,逃げ,1-3-5,2070,8,1-3,230,1,100,4850,01,1,1,6
2025-12-13,8,予選,0,1,日刊スポーツ杯＆ニッカン・コム杯,雨,南東,1,1,逃げ,1-3-2,840,2,1-3,190,1,120,3873,01,1,1,6
2025-12-13,9,予選特賞,0,1,日刊スポーツ杯＆ニッカン・コム杯,雨,南東,1,1,逃げ,1-5-6,2910,10,1-5,500,2,100,4089,01,1,1,6
2025-12-13,10,予選特賞,0,1,日刊スポーツ杯＆ニッカン・コム杯,雨,南東,1,1,逃げ,1-2-4,570,2,1-2,250,1,100,4072,01,1,1,6
2025-12-13,11,予選特選,0,1,日刊スポーツ杯＆ニッカン・コム杯,雨,東,1,1,逃げ,1-5-3,2990,12,1-5,740,3,120,3024,01,1,1,6
2025-12-13,12,発祥地選抜,0,1,日刊スポーツ杯＆ニッカン・コム杯,雨,東,1,1,逃げ,1-2-3,680,1,1-2,300,1,120,4305,01,1,1,6
2025-12-14,1,予選,0,2,日刊スポーツ杯＆ニッカン・コム杯,曇り,北西,7,6,まくり,4-1-2,2630,11,4-1,1030,5,440,4299,02,4,4,6
2025-12-14,2,予選,0,2,日刊スポーツ杯＆ニッカン・コム杯,曇り,北西,7,6,逃げ,1-2-3,1420,5,1-2,420,1,190,3825,01,1,1,6
2025-12-14,3,予選,0,2,日刊スポーツ杯＆ニッカン・コム杯,曇り,北西,7,6,差し,5-4-3,4490,17,5-4,2470,13,850,4982,05,5,3,6
2025-12-14,4,予選,0,2,日刊スポーツ杯＆ニッカン・コム杯,曇り,北西,7,6,逃げ,1-2-3,2400,2,1-2,730,1,350,4181,01,1,1,6
2025-12-14,5,予選,0,2,日刊スポーツ杯＆ニッカン・コム杯,曇り,北西,7,6,逃げ,1-4-3,910,4,1-4,420,2,150,4492,01,1,1,6
2025-12-14,6,予選,0,2,日刊スポーツ杯＆ニッカン・コム杯,雨,北,8,7,まくり差し,4-1-2,1410,4,4-1,600,3,150,4835,02,4,4,6
2025-12-14,7,予選,1,2,日刊スポーツ杯＆ニッカン・コム杯,曇り,北,7,6,逃げ,1-2-4,400,1,1-2,250,1,120,4411,01,1,1,6
2025-12-14,8,予選,0,2,日刊スポーツ杯＆ニッカン・コム杯,雨,北西,8,7,逃げ,1-6-5,810,3,1-6,160,1,100,3574,01,1,1,6
2025-12-14,9,予選特賞,0,2,日刊スポーツ杯＆ニッカン・コム杯,雨,北西,7,6,差し,2-1-3,1260,4,2-1,490,2,310,4000,02,2,2,6
2025-12-14,10,予選特賞,0,2,日刊スポーツ杯＆ニッカン・コム杯,雨,北,8,7,抜き,1-2-3,630,2,1-2,330,2,140,3984,01,1,1,6
2025-12-14,11,予選特選,0,2,日刊スポーツ杯＆ニッカン・コム杯,曇り,北,6,5,逃げ,1-3-5,970,4,1-3,180,1,110,4356,01,1,1,6
2025-12-14,12,予選特選,0,2,日刊スポーツ杯＆ニッカン・コム杯,曇り,北,7,6,逃げ,1-3-4,900,2,1-3,440,3,120,5026,01,1,1,6
2025-12-15,1,予選,0,3,日刊スポーツ杯＆ニッカン・コム杯,晴,北西,1,1,まくり,3-1-2,5810,18,3-1,1530,6,390,4803,02,3,3,6
2025-12-15,2,予選,0,3,日刊スポーツ杯＆ニッカン・コム杯,晴,北西,2,1,差し,2-1-5,1260,4,2-1,650,2,100,3950,02,2,2,6
2025-12-15,3,予選,0,3,日刊スポーツ杯＆ニッカン・コム杯,晴,北西,1,1,逃げ,1-3-4,510,1,1-3,360,2,120,4526,01,1,1,6
2025-12-15,4,予選,0,3,日刊スポーツ杯＆ニッカン・コム杯,晴,北西,1,1,逃げ,1-2-3,1540,5,1-2,280,1,140,3226,01,1,1,6
2025-12-15,5,予選,0,3,日刊スポーツ杯＆ニッカン・コム杯,晴,北西,1,1,まくり差し,6-1-3,7970,41,6-1,2590,12,330,3535,02,6,5,6
2025-12-15,6,予選,0,3,日刊スポーツ杯＆ニッカン・コム杯,晴,南,1,1,まくり,4-3-2,5750,22,4-3,1000,4,380,3024,02,4,4,6
2025-12-15,7,予選,1,3,日刊スポーツ杯＆ニッカン・コム杯,晴,南東,1,1,逃げ,1-2-3,610,2,1-2,190,1,210,4154,01,1,1,6
2025-12-15,8,予選,0,3,日刊スポーツ杯＆ニッカン・コム杯,晴,南東,1,1,恵まれ,1-2-3,140,1,1-2,160,1,100,5055,01,1,1,6
2025-12-15,9,予選特賞,0,3,日刊スポーツ杯＆ニッカン・コム杯,晴,東,1,1,差し,2-1-4,1470,4,2-1,740,3,370,4293,02,2,2,6
2025-12-15,10,予選特賞,0,3,日刊スポーツ杯＆ニッカン・コム杯,晴,北東,1,1,逃げ,1-3-4,5320,17,1-3,520,3,100,4069,01,1,1,6
2025-12-15,11,予選特選,0,3,日刊スポーツ杯＆ニッカン・コム杯,晴,南東,1,1,まくり,3-5-1,18930,47,3-5,6610,18,1000,3740,03,3,3,6
2025-12-15,12,予選特選,0,3,日刊スポーツ杯＆ニッカン・コム杯,晴,南東,1,1,逃げ,1-3-2,1570,7,1-3,590,3,100,4460,01,1,1,6
2025-12-16,1,予選,0,4,日刊スポーツ杯＆ニッカン・コム杯,曇り,南東,1,1,逃げ,1-4-2,1150,5,1-4,490,3,130,3869,01,1,1,6
2025-12-16,2,予選,0,4,日刊スポーツ杯＆ニッカン・コム杯,曇り,東,1,1,まくり,3-1-4,32330,81,3-1,8520,24,1920,5143,02,3,4,6
2025-12-16,3,予選,0,4,日刊スポーツ杯＆ニッカン・コム杯,晴,東,1,1,まくり差し,5-1-4,4070,16,5-1,1290,7,630,4487,02,5,5,6
2025-12-16,4,予選,0,4,日刊スポーツ杯＆ニッカン・コム杯,晴,南東,1,1,逃げ,1-5-3,3940,12,1-5,1500,6,120,4607,01,1,1,6
2025-12-16,5,予選,0,4,日刊スポーツ杯＆ニッカン・コム杯,晴,南東,1,1,まくり,4-6-2,6730,34,4-6,2480,13,380,4592,05,4,4,6
2025-12-16,6,予選,0,4,日刊スポーツ杯＆ニッカン・コム杯,晴,南東,1,1,まくり差し,5-1-3,41760,59,5-1,12510,19,2170,3878,02,5,5,6
2025-12-16,7,予選,1,4,日刊スポーツ杯＆ニッカン・コム杯,晴,南東,1,1,逃げ,1-2-4,480,1,1-2,190,1,120,5026,01,1,1,6
2025-12-16,8,予選,0,4,日刊スポーツ杯＆ニッカン・コム杯,晴,南東,1,1,抜き,3-2-1,3180,11,3-2,1960,7,200,4195,03,3,3,6
2025-12-16,9,予選特賞,0,4,日刊スポーツ杯＆ニッカン・コム杯,晴,南,1,1,逃げ,1-3-2,3720,12,1-3,1330,5,130,4072,01,1,1,6
2025-12-16,10,予選特選,0,4,日刊スポーツ杯＆ニッカン・コム杯,晴,南東,1,1,逃げ,1-3-4,490,2,1-3,210,1,100,3984,01,1,1,6
2025-12-16,11,予選特選,0,4,日刊スポーツ杯＆ニッカン・コム杯,晴,南東,1,1,逃げ,1-2-4,570,1,1-2,250,1,100,4305,01,1,1,6
2025-12-16,12,一般特賞,0,4,日刊スポーツ杯＆ニッカン・コム杯,晴,東,1,1,逃げ,1-2-6,1150,3,1-2,280,1,130,3740,01,1,1,6
2025-12-17,1,一般,0,5,日刊スポーツ杯＆ニッカン・コム杯,晴,北西,4,3,まくり,6-2-4,5370,26,6-2,1210,6,730,3535,04,6,5,6
2025-12-17,2,一般,0,5,日刊スポーツ杯＆ニッカン・コム杯,晴,北西,3,2,まくり,4-5-2,14530,50,4-5,2520,9,210,5352,04,4,4,6
2025-12-17,3,一般,0,5,日刊スポーツ杯＆ニッカン・コム杯,晴,北西,3,2,差し,4-5-3,32380,62,4-5,3420,14,500,4460,S1,4,2,6
2025-12-17,4,一般,0,5,日刊スポーツ杯＆ニッカン・コム杯,晴,北西,4,3,差し,3-5-6,11340,41,3-5,1170,5,280,4293,04,3,3,6
2025-12-17,5,一般,0,5,日刊スポーツ杯＆ニッカン・コム杯,晴,北西,4,3,まくり,4-1-6,9580,24,4-1,1540,4,320,3024,02,4,4,6
2025-12-17,6,一般,0,5,日刊スポーツ杯＆ニッカン・コム杯,晴,北西,3,2,逃げ,1-3-4,1690,5,1-3,410,1,210,4982,01,1,1,6
2025-12-17,7,一般,1,5,日刊スポーツ杯＆ニッカン・コム杯,晴,北西,2,1,逃げ,1-5-6,18310,31,1-5,2380,6,100,4000,01,1,1,6
2025-12-17,8,準優進出戦,0,5,日刊スポーツ杯＆ニッカン・コム杯,晴,北西,3,2,逃げ,1-5-6,9170,21,1-5,1220,5,120,3574,01,1,1,6
2025-12-17,9,準優進出戦,0,5,日刊スポーツ杯＆ニッカン・コム杯,晴,北西,2,1,逃げ,1-3-4,900,3,1-3,360,2,120,4492,01,1,1,6
2025-12-17,10,準優進出戦,0,5,日刊スポーツ杯＆ニッカン・コム杯,晴,北,1,1,差し,2-1-4,7940,21,2-1,1500,6,830,4305,02,2,2,6
2025-12-17,11,準優進出戦,0,5,日刊スポーツ杯＆ニッカン・コム杯,晴,北,1,1,逃げ,1-3-4,2400,9,1-3,580,2,110,3984,01,1,1,6
2025-12-17,12,一般,0,5,日刊スポーツ杯＆ニッカン・コム杯,晴,北,1,1,まくり,4-2-1,14410,32,4-2,6050,14,560,4069,03,4,4,6
2025-12-18,1,一般,0,6,日刊スポーツ杯＆ニッカン・コム杯,晴,西,1,1,逃げ,1-4-3,2180,9,1-4,510,2,100,4508,01,1,1,6
2025-12-18,2,一般,0,6,日刊スポーツ杯＆ニッカン・コム杯,晴,西,1,1,逃げ,1-4-3,6160,22,1-4,2460,11,120,3226,01,1,1,6
2025-12-18,3,一般,0,6,日刊スポーツ杯＆ニッカン・コム杯,晴,南,1,1,まくり,5-6-1,9060,28,5-6,3620,14,760,4154,03,5,5,6
2025-12-18,4,一般,0,6,日刊スポーツ杯＆ニッカン・コム杯,晴,南,1,1,逃げ,1-6-2,930,2,1-6,500,2,220,4411,01,1,1,6
2025-12-18,5,一般,0,6,日刊スポーツ杯＆ニッカン・コム杯,晴,,0,1,逃げ,1-4-2,740,2,1-4,160,1,130,4526,01,1,1,6
2025-12-18,6,一般,0,6,日刊スポーツ杯＆ニッカン・コム杯,晴,南東,1,1,逃げ,1-3-6,800,1,1-3,270,1,100,4089,01,1,1,6
2025-12-18,7,一般,1,6,日刊スポーツ杯＆ニッカン・コム杯,晴,南東,1,1,逃げ,1-3-2,350,1,1-3,180,1,150,4072,01,1,1,6
2025-12-18,8,一般,0,6,日刊スポーツ杯＆ニッカン・コム杯,晴,南東,1,1,まくり,3-6-1,11290,41,3-6,4030,14,280,4195,03,3,3,6
2025-12-18,9,準優勝戦,0,6,日刊スポーツ杯＆ニッカン・コム杯,晴,東,1,1,差し,2-1-3,1840,7,2-1,610,3,480,3574,02,2,2,6
2025-12-18,10,準優勝戦,0,6,日刊スポーツ杯＆ニッカン・コム杯,晴,,0,1,逃げ,1-6-5,8670,25,1-6,1490,5,110,4492,01,1,1,6
2025-12-18,11,準優勝戦,0,6,日刊スポーツ杯＆ニッカン・コム杯,晴,南東,1,1,逃げ,1-5-3,3070,11,1-5,1130,5,100,3984,01,1,1,6
2025-12-18,12,一般,0,6,日刊スポーツ杯＆ニッカン・コム杯,晴,南東,1,1,逃げ,1-2-3,1280,4,1-2,280,1,110,5055,01,1,1,6
2025-12-19,1,一般,0,7,日刊スポーツ杯＆ニッカン・コム杯,晴,南東,2,1,逃げ,1-3-6,3030,9,1-3,410,1,300,4299,01,1,1,6
2025-12-19,2,一般,0,7,日刊スポーツ杯＆ニッカン・コム杯,晴,東,2,1,抜き,5-4-2,4940,23,5-4,2580,11,770,3825,05,5,5,6
2025-12-19,3,一般,0,7,日刊スポーツ杯＆ニッカン・コム杯,晴,南東,1,1,まくり,3-6-4,65500,101,3-6,19780,30,1760,4607,06,3,3,6
2025-12-19,4,一般,0,7,日刊スポーツ杯＆ニッカン・コム杯,晴,東,2,1,まくり差し,5-1-4,3240,12,5-1,1450,6,240,3869,02,5,5,6
2025-12-19,5,一般,0,7,日刊スポーツ杯＆ニッカン・コム杯,晴,南東,2,1,逃げ,1-3-5,13810,34,1-3,1990,8,410,4835,01,1,1,6
2025-12-19,6,一般,0,7,日刊スポーツ杯＆ニッカン・コム杯,晴,南東,2,1,差し,3-4-5,9370,32,3-4,2200,7,290,3569,05,3,3,6
2025-12-19,7,一般,1,7,日刊スポーツ杯＆ニッカン・コム杯,晴,南,3,2,逃げ,1-5-4,6760,22,1-5,1780,7,130,4293,01,1,1,6
2025-12-19,8,一般,0,7,日刊スポーツ杯＆ニッカン・コム杯,曇り,南,3,2,差し,2-1-4,6050,16,2-1,1900,6,1460,4069,02,2,2,6
2025-12-19,9,一般特選,0,7,日刊スポーツ杯＆ニッカン・コム杯,曇り,南,2,1,逃げ,1-2-4,1720,6,1-2,400,2,110,3740,01,1,1,6
2025-12-19,10,特別選抜戦,0,7,日刊スポーツ杯＆ニッカン・コム杯,雨,,0,1,逃げ,1-5-2,2730,13,1-5,540,3,190,4850,01,1,1,6
2025-12-19,11,特別選抜戦,0,7,日刊スポーツ杯＆ニッカン・コム杯,雨,南,1,1,逃げ,1-4-2,1080,4,1-4,380,2,110,5026,01,1,1,6
2025-12-19,12,優勝戦,0,7,日刊スポーツ杯＆ニッカン・コム杯,雨,,0,1,まくり,2-6-1,6240,25,2-6,2200,9,400,3984,03,2,4,6
2025-12-26,1,シリーズ戦予,0,1,第１４回クイーンズクライマックス／Ｇ３ＱＣシリーズ,晴,北,5,4,まくり,3-2-1,14160,43,3-2,4580,15,920,4289,03,3,3,6
2025-12-26,2,シリーズ戦予,0,1,第１４回クイーンズクライマックス／Ｇ３ＱＣシリーズ,晴,北,6,5,逃げ,1-3-6,2100,6,1-3,450,2,180,4011,01,1,1,6
2025-12-26,3,シリーズ戦予,0,1,第１４回クイーンズクライマックス／Ｇ３ＱＣシリーズ,晴,北,6,5,抜き,1-2-4,1330,1,1-2,560,2,220,3334,01,1,1,6
2025-12-26,4,シリーズ戦予,0,1,第１４回クイーンズクライマックス／Ｇ３ＱＣシリーズ,晴,北西,6,5,逃げ,1-2-5,2790,8,1-2,500,2,190,4243,01,1,1,6
2025-12-26,5,シリーズ戦予,0,1,第１４回クイーンズクライマックス／Ｇ３ＱＣシリーズ,晴,北,7,6,差し,2-1-6,2130,7,2-1,740,4,460,4773,02,2,2,6
2025-12-26,6,シリーズ戦予,0,1,第１４回クイーンズクライマックス／Ｇ３ＱＣシリーズ,晴,北,6,5,まくり,2-3-1,3740,12,2-3,1260,4,330,4764,03,2,2,6
2025-12-26,7,シリーズ戦予,0,1,第１４回クイーンズクライマックス／Ｇ３ＱＣシリーズ,晴,北,5,4,差し,2-4-3,9390,36,2-4,4280,12,550,4791,06,2,2,6
2025-12-26,8,シリーズ戦予,0,1,第１４回クイーンズクライマックス／Ｇ３ＱＣシリーズ,晴,北,5,4,まくり,3-2-6,13400,49,3-2,2570,10,710,4627,06,3,3,6
2025-12-26,9,シリーズ戦予,0,1,第１４回クイーンズクライマックス／Ｇ３ＱＣシリーズ,晴,北,3,2,逃げ,1-2-5,2150,8,1-2,410,1,160,4501,01,1,1,6
2025-12-26,10,シリーズ戦予,0,1,第１４回クイーンズクライマックス／Ｇ３ＱＣシリーズ,晴,北,4,3,抜き,5-2-4,26980,84,5-2,5210,21,760,4240,05,5,5,6
2025-12-26,11,シリーズ戦予,0,1,第１４回クイーンズクライマックス／Ｇ３ＱＣシリーズ,晴,北,3,2,逃げ,1-6-4,12340,51,1-6,2920,12,180,3999,01,1,1,6
2025-12-26,12,Ｓ戦ドリーム,0,1,第１４回クイーンズクライマックス／Ｇ３ＱＣシリーズ,晴,東,3,2,恵まれ,6-5-1,201340,115,6-5,36660,30,1790,4208,03,6,6,6
2025-12-27,1,シリーズ戦予,0,2,第１４回クイーンズクライマックス／Ｇ３ＱＣシリーズ,晴,北,3,2,抜き,3-2-4,2540,5,3-2,610,1,150,4891,04,3,3,6
2025-12-27,2,シリーズ戦予,0,2,第１４回クイーンズクライマックス／Ｇ３ＱＣシリーズ,晴,北西,3,2,逃げ,1-5-3,4370,12,1-5,1510,5,250,5188,01,1,1,6
2025-12-27,3,シリーズ戦予,0,2,第１４回クイーンズクライマックス／Ｇ３ＱＣシリーズ,晴,北,3,2,まくり差し,4-1-2,5620,20,4-1,1600,5,670,5013,02,4,4,6
2025-12-27,4,シリーズ戦予,0,2,第１４回クイーンズクライマックス／Ｇ３ＱＣシリーズ,晴,北,3,2,差し,2-1-3,5800,22,2-1,1720,7,730,3611,02,2,2,6
2025-12-27,5,シリーズ戦予,0,2,第１４回クイーンズクライマックス／Ｇ３ＱＣシリーズ,晴,北,4,3,差し,2-1-5,4330,14,2-1,810,3,420,4845,02,2,2,6
2025-12-27,6,シリーズ戦予,0,2,第１４回クイーンズクライマックス／Ｇ３ＱＣシリーズ,晴,北,3,2,まくり差し,4-5-6,19800,72,4-5,7790,23,1040,5281,04,4,4,6
2025-12-27,7,シリーズ戦予,0,2,第１４回クイーンズクライマックス／Ｇ３ＱＣシリーズ,晴,北西,2,1,逃げ,1-3-6,4040,13,1-3,650,3,140,5205,01,1,1,6
2025-12-27,8,シリーズ戦予,0,2,第１４回クイーンズクライマックス／Ｇ３ＱＣシリーズ,晴,北,2,1,逃げ,1-2-3,1020,3,1-2,410,2,130,4900,01,1,1,6
2025-12-27,9,シリーズ戦予,0,2,第１４回クイーンズクライマックス／Ｇ３ＱＣシリーズ,晴,東,2,1,差し,3-1-4,31800,64,3-1,7390,17,1910,4536,02,3,3,6
2025-12-27,10,シリーズ戦予,0,2,第１４回クイーンズクライマックス／Ｇ３ＱＣシリーズ,晴,北東,2,1,逃げ,1-4-2,1890,7,1-4,640,3,130,4478,01,1,1,6
2025-12-27,11,シリーズ戦予,0,2,第１４回クイーンズクライマックス／Ｇ３ＱＣシリーズ,晴,東,1,1,逃げ,1-5-6,3850,15,1-5,1170,4,120,4642,01,1,1,6
2025-12-27,12,シリーズ戦予,0,2,第１４回クイーンズクライマックス／Ｇ３ＱＣシリーズ,晴,南東,1,1,逃げ,1-4-2,2490,11,1-4,550,3,100,4123,01,1,1,6
2025-12-28,1,シリーズ戦予,0,3,第１４回クイーンズクライマックス／Ｇ３ＱＣシリーズ,晴,南西,2,1,逃げ,1-2-6,6130,21,1-2,750,1,250,5045,01,1,1,6
2025-12-28,2,シリーズ戦予,0,3,第１４回クイーンズクライマックス／Ｇ３ＱＣシリーズ,晴,西,1,1,逃げ,1-3-6,2020,7,1-3,490,1,130,4183,01,1,1,6
2025-12-28,3,シリーズ戦予,0,3,第１４回クイーンズクライマックス／Ｇ３ＱＣシリーズ,晴,北西,1,1,抜き,1-2-3,1050,3,1-2,450,3,120,4373,01,1,1,6
2025-12-28,4,シリーズ戦予,0,3,第１４回クイーンズクライマックス／Ｇ３ＱＣシリーズ,晴,西,1,1,差し,2-1-4,3610,12,2-1,1230,4,550,4447,02,2,2,6
2025-12-28,5,シリーズ戦予,0,3,第１４回クイーンズクライマックス／Ｇ３ＱＣシリーズ,晴,南西,1,1,差し,2-1-3,3990,13,2-1,1030,3,580,5213,02,2,2,6
2025-12-28,6,シリーズ戦予,0,3,第１４回クイーンズクライマックス／Ｇ３ＱＣシリーズ,晴,東,1,1,逃げ,1-2-6,2240,10,1-2,290,2,120,4208,01,1,1,6
2025-12-28,7,シリーズ戦予,0,3,第１４回クイーンズクライマックス／Ｇ３ＱＣシリーズ,晴,東,1,1,逃げ,1-2-4,950,2,1-2,350,1,140,5218,01,1,1,6
2025-12-28,8,シリーズ戦予,0,3,第１４回クイーンズクライマックス／Ｇ３ＱＣシリーズ,晴,南東,1,1,差し,2-3-4,9410,41,2-3,2680,13,360,4927,04,2,2,6
2025-12-28,9,シリーズ戦予,0,3,第１４回クイーンズクライマックス／Ｇ３ＱＣシリーズ,晴,東,1,1,逃げ,1-2-5,1570,6,1-2,420,2,110,4884,01,1,1,6
2025-12-28,10,シリーズ戦予,0,3,第１４回クイーンズクライマックス／Ｇ３ＱＣシリーズ,晴,南東,2,1,まくり差し,3-1-4,2690,12,3-1,770,4,310,3618,02,3,3,6
2025-12-28,11,トライアル,0,3,第１４回クイーンズクライマックス／Ｇ３ＱＣシリーズ,晴,南東,2,1,逃げ,1-3-6,1770,9,1-3,410,2,100,4482,01,1,1,6
2025-12-28,12,トライアル,0,3,第１４回クイーンズクライマックス／Ｇ３ＱＣシリーズ,晴,南東,1,1,逃げ,1-3-2,870,4,1-3,390,2,100,4502,01,1,1,6
2025-12-29,1,シリーズ戦予,0,4,第１４回クイーンズクライマックス／Ｇ３ＱＣシリーズ,晴,南西,3,2,逃げ,1-5-6,9790,41,1-5,2470,10,170,4443,01,1,1,6
2025-12-29,2,シリーズ戦予,0,4,第１４回クイーンズクライマックス／Ｇ３ＱＣシリーズ,晴,南西,3,2,逃げ,1-2-3,1600,7,1-2,460,3,120,4938,01,1,1,6
2025-12-29,3,シリーズ戦予,0,4,第１４回クイーンズクライマックス／Ｇ３ＱＣシリーズ,晴,南西,2,1,差し,2-1-4,1590,5,2-1,570,2,240,4758,02,2,2,6
2025-12-29,4,シリーズ戦予,0,4,第１４回クイーンズクライマックス／Ｇ３ＱＣシリーズ,晴,南,2,1,差し,4-1-3,18180,59,4-1,3110,12,770,5129,02,4,4,6
2025-12-29,5,シリーズ戦予,0,4,第１４回クイーンズクライマックス／Ｇ３ＱＣシリーズ,晴,南西,2,1,逃げ,1-3-4,1930,6,1-3,430,2,160,4017,01,1,1,6
2025-12-29,6,シリーズ戦予,0,4,第１４回クイーンズクライマックス／Ｇ３ＱＣシリーズ,晴,南西,1,1,逃げ,1-3-4,1570,6,1-3,480,2,120,5193,01,1,1,6
2025-12-29,7,シリーズ戦予,0,4,第１４回クイーンズクライマックス／Ｇ３ＱＣシリーズ,晴,南東,1,1,逃げ,1-3-5,790,1,1-3,320,1,120,4519,01,1,1,6
2025-12-29,8,シリーズ戦予,0,4,第１４回クイーンズクライマックス／Ｇ３ＱＣシリーズ,晴,南東,1,1,逃げ,1-3-5,2340,8,1-3,540,2,160,4286,01,1,1,6
2025-12-29,9,シリーズ戦予,0,4,第１４回クイーンズクライマックス／Ｇ３ＱＣシリーズ,晴,北西,1,1,逃げ,1-5-4,4140,14,1-5,1670,5,160,4123,01,1,1,6
2025-12-29,10,シリーズ戦予,0,4,第１４回クイーンズクライマックス／Ｇ３ＱＣシリーズ,晴,南,1,1,逃げ,1-4-3,2470,8,1-4,340,1,140,4642,01,1,1,6
2025-12-29,11,トライアル,0,4,第１４回クイーンズクライマックス／Ｇ３ＱＣシリーズ,晴,北東,1,1,逃げ,1-2-4,670,1,1-2,340,1,100,4433,01,1,1,6
2025-12-29,12,トライアル,0,4,第１４回クイーンズクライマックス／Ｇ３ＱＣシリーズ,晴,北西,1,1,差し,2-1-6,16660,36,2-1,1730,6,610,4530,02,2,2,6
2025-12-30,1,Ｓ戦一般戦,0,5,第１４回クイーンズクライマックス／Ｇ３ＱＣシリーズ,晴,北西,2,1,まくり,3-5-1,6530,22,3-5,2460,8,760,3334,03,3,3,6
2025-12-30,2,Ｓ戦一般戦,0,5,第１４回クイーンズクライマックス／Ｇ３ＱＣシリーズ,晴,北西,2,1,逃げ,1-2-4,1330,5,1-2,360,1,130,4758,01,1,1,6
2025-12-30,3,Ｓ戦一般戦,0,5,第１４回クイーンズクライマックス／Ｇ３ＱＣシリーズ,晴,北,3,2,逃げ,1-3-2,1070,3,1-3,380,1,150,5013,01,1,1,6
2025-12-30,4,Ｓ戦一般戦,0,5,第１４回クイーンズクライマックス／Ｇ３ＱＣシリーズ,晴,北,3,2,逃げ,1-2-5,3330,13,1-2,530,3,260,5281,01,1,1,6
2025-12-30,5,Ｓ戦一般戦,0,5,第１４回クイーンズクライマックス／Ｇ３ＱＣシリーズ,晴,北,3,2,逃げ,1-6-4,7410,21,1-6,2610,7,120,4536,01,1,1,6
2025-12-30,6,Ｓ戦一般戦,0,5,第１４回クイーンズクライマックス／Ｇ３ＱＣシリーズ,晴,北,4,3,抜き,3-1-2,7330,25,3-1,970,4,150,4243,02,3,3,6
2025-12-30,7,Ｓ戦一般戦,0,5,第１４回クイーンズクライマックス／Ｇ３ＱＣシリーズ,晴,北,5,4,逃げ,1-2-3,1730,5,1-2,490,2,160,5218,01,1,1,6
2025-12-30,8,Ｓ戦準優勝戦,0,5,第１４回クイーンズクライマックス／Ｇ３ＱＣシリーズ,晴,北,4,3,逃げ,1-3-5,1290,4,1-3,490,2,140,4017,01,1,1,6
2025-12-30,9,Ｓ戦準優勝戦,0,5,第１４回クイーンズクライマックス／Ｇ３ＱＣシリーズ,晴,北,3,2,逃げ,1-2-3,630,1,1-2,290,2,120,4208,01,1,1,6
2025-12-30,10,Ｓ戦準優勝戦,0,5,第１４回クイーンズクライマックス／Ｇ３ＱＣシリーズ,晴,北,2,1,逃げ,1-2-3,810,1,1-2,280,1,110,4373,01,1,1,6
2025-12-30,11,トライアル,0,5,第１４回クイーンズクライマックス／Ｇ３ＱＣシリーズ,晴,北東,1,1,逃げ,1-6-3,7770,22,1-6,2760,8,150,4456,01,1,1,6
2025-12-30,12,トライアル,0,5,第１４回クイーンズクライマックス／Ｇ３ＱＣシリーズ,晴,北東,1,1,逃げ,1-6-5,12310,44,1-6,4030,15,120,4546,01,1,1,6
2025-12-31,1,Ｓ戦一般戦,0,6,第１４回クイーンズクライマックス／Ｇ３ＱＣシリーズ,晴,北,4,3,逃げ,1-3-2,950,3,1-3,350,2,110,4938,01,1,1,6
2025-12-31,2,Ｓ戦一般戦,0,6,第１４回クイーンズクライマックス／Ｇ３ＱＣシリーズ,晴,北,3,2,逃げ,1-2-5,1220,2,1-2,330,1,140,4289,01,1,1,6
2025-12-31,3,Ｓ戦一般戦,0,6,第１４回クイーンズクライマックス／Ｇ３ＱＣシリーズ,晴,北,2,1,逃げ,1-2-5,750,1,1-2,280,1,110,4123,01,1,1,6
2025-12-31,4,Ｓ戦一般戦,0,6,第１４回クイーンズクライマックス／Ｇ３ＱＣシリーズ,晴,北,4,3,抜き,1-2-3,610,1,1-2,270,1,140,5129,01,1,1,6
2025-12-31,5,Ｓ戦一般戦,0,6,第１４回クイーンズクライマックス／Ｇ３ＱＣシリーズ,晴,北,3,2,逃げ,1-3-4,450,3,1-3,330,1,110,4627,01,1,1,6
2025-12-31,6,Ｓ戦一般戦,0,6,第１４回クイーンズクライマックス／Ｇ３ＱＣシリーズ,晴,北,5,4,逃げ,1-3-6,2100,8,1-3,370,2,130,5193,01,1,1,6
2025-12-31,7,Ｓ戦一般戦,0,6,第１４回クイーンズクライマックス／Ｇ３ＱＣシリーズ,晴,北,5,4,逃げ,1-3-6,4170,16,1-3,550,2,110,4845,01,1,1,6
2025-12-31,8,Ｓ戦特別選抜,0,6,第１４回クイーンズクライマックス／Ｇ３ＱＣシリーズ,晴,北,6,5,逃げ,1-2-4,1300,4,1-2,250,1,130,4478,01,1,1,6
2025-12-31,9,Ｓ戦特別選抜,0,6,第１４回クイーンズクライマックス／Ｇ３ＱＣシリーズ,晴,北,4,3,逃げ,1-4-2,3600,11,1-4,1300,5,130,5045,01,1,1,6
2025-12-31,10,順位決定戦,0,6,第１４回クイーンズクライマックス／Ｇ３ＱＣシリーズ,晴,北,3,2,逃げ,1-5-3,3500,13,1-5,1100,5,120,4546,01,1,1,6
2025-12-31,11,Ｓ戦優勝戦,0,6,第１４回クイーンズクライマックス／Ｇ３ＱＣシリーズ,晴,北,3,2,逃げ,1-4-5,1970,7,1-4,520,2,110,4373,01,1,1,6
2025-12-31,12,賞金女王決定,0,6,第１４回クイーンズクライマックス／Ｇ３ＱＣシリーズ,晴,北,2,1,逃げ,1-5-3,5150,20,1-5,1050,5,130,4456,01,1,1,6
2026-01-03,1,予選,0,1,ミッドナイトボートレースｉｎ大村１０新春感謝競走,晴,北西,4,3,逃げ,1-3-5,2170,8,1-3,290,1,120,4112,01,1,1,6
2026-01-03,2,予選,0,1,ミッドナイトボートレースｉｎ大村１０新春感謝競走,晴,北,5,4,逃げ,1-3-2,820,1,1-3,300,1,120,3527,01,1,1,6
2026-01-03,3,予選,0,1,ミッドナイトボートレースｉｎ大村１０新春感謝競走,晴,北,4,3,抜き,1-3-4,1000,4,1-3,330,2,150,3944,01,1,1,6
2026-01-03,4,予選,0,1,ミッドナイトボートレースｉｎ大村１０新春感謝競走,晴,北,3,2,逃げ,1-2-3,3120,10,1-2,1740,5,150,5055,01,1,1,6
2026-01-03,5,予選,0,1,ミッドナイトボートレースｉｎ大村１０新春感謝競走,晴,北,3,2,逃げ,1-3-6,7080,19,1-3,620,4,100,4241,01,1,1,6
2026-01-03,6,予選,0,1,ミッドナイトボートレースｉｎ大村１０新春感謝競走,晴,北,3,2,逃げ,1-5-3,3690,13,1-5,2260,8,160,3989,01,1,1,6
2026-01-03,7,予選,1,1,ミッドナイトボートレースｉｎ大村１０新春感謝競走,晴,北,3,2,逃げ,1-3-4,700,1,1-3,240,1,100,4171,01,1,1,6
2026-01-03,8,予選,0,1,ミッドナイトボートレースｉｎ大村１０新春感謝競走,晴,北東,1,1,逃げ,1-3-5,1160,4,1-3,220,1,100,5195,01,1,1,6
2026-01-03,9,予選,0,1,ミッドナイトボートレースｉｎ大村１０新春感謝競走,晴,北東,1,1,抜き,4-1-2,15830,42,4-1,4600,13,580,3892,02,4,4,6
2026-01-03,10,予選特選,0,1,ミッドナイトボートレースｉｎ大村１０新春感謝競走,晴,南東,1,1,逃げ,1-2-6,2810,10,1-2,380,2,100,4352,01,1,1,6
2026-01-03,11,予選特選,0,1,ミッドナイトボートレースｉｎ大村１０新春感謝競走,晴,南東,1,1,逃げ,1-3-6,810,1,1-3,300,1,150,4174,01,1,1,6
2026-01-03,12,予選,0,1,ミッドナイトボートレースｉｎ大村１０新春感謝競走,晴,南東,1,1,逃げ,1-6-2,12930,42,1-6,2610,9,160,3906,01,1,1,6
2026-01-04,1,予選,0,2,ミッドナイトボートレースｉｎ大村１０新春感謝競走,晴,北西,1,1,逃げ,1-6-2,3800,12,1-6,1160,5,200,4553,01,1,1,6
2026-01-04,2,予選,0,2,ミッドナイトボートレースｉｎ大村１０新春感謝競走,晴,北西,1,1,逃げ,1-3-2,730,2,1-3,450,2,140,4259,01,1,1,6
2026-01-04,3,予選,0,2,ミッドナイトボートレースｉｎ大村１０新春感謝競走,晴,北東,2,1,まくり,2-5-4,2550,4,2-5,710,2,180,5309,05,2,2,6
2026-01-04,4,予選,0,2,ミッドナイトボートレースｉｎ大村１０新春感謝競走,晴,南東,1,1,差し,2-3-1,9320,36,2-3,2430,12,320,5011,03,2,2,6
2026-01-04,5,予選,0,2,ミッドナイトボートレースｉｎ大村１０新春感謝競走,晴,東,1,1,まくり,4-5-3,10130,39,4-5,1430,8,630,4004,04,4,4,6
2026-01-04,6,予選,0,2,ミッドナイトボートレースｉｎ大村１０新春感謝競走,晴,東,1,1,差し,4-2-1,2270,5,4-2,900,4,310,4248,03,4,4,6
2026-01-04,7,予選,1,2,ミッドナイトボートレースｉｎ大村１０新春感謝競走,晴,南東,1,1,逃げ,1-3-4,580,1,1-3,180,1,120,4523,01,1,1,6
2026-01-04,8,予選,0,2,ミッドナイトボートレースｉｎ大村１０新春感謝競走,晴,南東,1,1,逃げ,1-2-4,1720,6,1-2,610,1,270,5250,01,1,1,6
2026-01-04,9,予選,0,2,ミッドナイトボートレースｉｎ大村１０新春感謝競走,晴,南東,1,1,逃げ,1-2-5,430,1,1-2,150,1,110,4495,01,1,1,6
2026-01-04,10,予選特選,0,2,ミッドナイトボートレースｉｎ大村１０新春感謝競走,晴,南東,1,1,まくり,6-5-3,77390,64,6-5,29050,24,1730,4715,04,6,6,6
2026-01-04,11,予選特選,0,2,ミッドナイトボートレースｉｎ大村１０新春感謝競走,晴,南東,1,1,抜き,1-3-4,1020,5,1-3,150,1,130,4096,01,1,1,6
2026-01-04,12,予選,0,2,ミッドナイトボートレースｉｎ大村１０新春感謝競走,晴,南東,1,1,逃げ,1-6-2,2170,7,1-6,1240,4,130,4315,01,1,1,6
2026-01-05,1,予選,0,3,ミッドナイトボートレースｉｎ大村１０新春感謝競走,曇り,北,2,1,逃げ,1-2-3,1540,3,1-2,570,1,250,4408,01,1,1,6
2026-01-05,2,予選,0,3,ミッドナイトボートレースｉｎ大村１０新春感謝競走,曇り,北,2,1,まくり差し,4-1-2,8550,32,4-1,690,3,190,4948,02,4,4,6
2026-01-05,3,予選,0,3,ミッドナイトボートレースｉｎ大村１０新春感謝競走,曇り,北東,2,1,抜き,3-1-2,11760,37,3-1,3560,13,1940,4709,02,3,3,6
2026-01-05,4,予選,0,3,ミッドナイトボートレースｉｎ大村１０新春感謝競走,曇り,北東,1,1,逃げ,1-6-3,4520,15,1-6,2330,10,220,5261,01,1,1,6
2026-01-05,5,予選,0,3,ミッドナイトボートレースｉｎ大村１０新春感謝競走,曇り,北東,1,1,逃げ,1-2-3,1740,5,1-2,600,3,320,4705,01,1,1,6
2026-01-05,6,予選,0,3,ミッドナイトボートレースｉｎ大村１０新春感謝競走,曇り,北東,1,1,逃げ,1-5-4,4190,13,1-5,1090,4,140,4674,01,1,1,6
2026-01-05,7,予選,1,3,ミッドナイトボートレースｉｎ大村１０新春感謝競走,曇り,北東,1,1,逃げ,1-3-4,1110,4,1-3,340,2,140,4822,01,1,1,6
2026-01-05,8,予選,0,3,ミッドナイトボートレースｉｎ大村１０新春感謝競走,曇り,北東,1,1,逃げ,1-3-6,1590,2,1-3,450,1,150,5335,01,1,1,6
2026-01-05,9,予選,0,3,ミッドナイトボートレースｉｎ大村１０新春感謝競走,曇り,北東,1,1,まくり差し,3-1-2,7100,24,3-1,1010,4,500,4555,02,3,3,6
2026-01-05,10,予選特選,0,3,ミッドナイトボートレースｉｎ大村１０新春感謝競走,曇り,,0,1,まくり差し,6-2-1,5230,20,6-2,2620,10,480,4174,03,6,5,6
2026-01-05,11,予選特選,0,3,ミッドナイトボートレースｉｎ大村１０新春感謝競走,曇り,,0,1,逃げ,1-2-3,580,1,1-2,220,1,200,4715,01,1,1,6
2026-01-05,12,予選,0,3,ミッドナイトボートレースｉｎ大村１０新春感謝競走,曇り,,0,1,まくり,5-1-2,12920,81,5-1,2980,20,960,4924,02,5,5,6
2026-01-06,1,予選,0,4,ミッドナイトボートレースｉｎ大村１０新春感謝競走,晴,北,2,1,まくり差し,3-4-1,15900,50,3-4,1800,8,520,5369,03,3,3,6
2026-01-06,2,予選,0,4,ミッドナイトボートレースｉｎ大村１０新春感謝競走,晴,北東,2,1,まくり差し,4-1-6,11520,35,4-1,2840,10,1000,4499,02,4,4,6
2026-01-06,3,予選,0,4,ミッドナイトボートレースｉｎ大村１０新春感謝競走,晴,北東,1,1,差し,2-1-5,970,2,2-1,460,2,330,4164,02,2,2,6
2026-01-06,4,予選,0,4,ミッドナイトボートレースｉｎ大村１０新春感謝競走,晴,南東,1,1,逃げ,1-4-3,820,1,1-4,410,1,360,4299,01,1,1,6
2026-01-06,5,予選,0,4,ミッドナイトボートレースｉｎ大村１０新春感謝競走,晴,南東,1,1,逃げ,1-4-2,3690,14,1-4,1510,8,220,5086,01,1,1,6
2026-01-06,6,予選,0,4,ミッドナイトボートレースｉｎ大村１０新春感謝競走,晴,,0,1,まくり差し,3-2-1,4020,16,3-2,1020,4,200,4004,02,3,3,6
2026-01-06,7,予選,1,4,ミッドナイトボートレースｉｎ大村１０新春感謝競走,晴,東,1,1,逃げ,1-3-4,480,1,1-3,230,1,130,3777,01,1,1,6
2026-01-06,8,予選,0,4,ミッドナイトボートレースｉｎ大村１０新春感謝競走,晴,,0,1,抜き,2-3-5,4290,15,2-3,1500,5,310,5129,05,2,2,6
2026-01-06,9,予選,0,4,ミッドナイトボートレースｉｎ大村１０新春感謝競走,晴,南東,1,1,逃げ,1-4-2,2620,11,1-4,800,4,120,4966,01,1,1,6
2026-01-06,10,予選特選,0,4,ミッドナイトボートレースｉｎ大村１０新春感謝競走,晴,南東,1,1,逃げ,1-2-6,2960,9,1-2,220,1,100,4096,01,1,1,6
2026-01-06,11,予選特選,0,4,ミッドナイトボートレースｉｎ大村１０新春感謝競走,晴,南東,1,1,逃げ,1-2-6,290,1,1-2,180,1,120,4352,01,1,1,6
2026-01-06,12,一般,0,4,ミッドナイトボートレースｉｎ大村１０新春感謝競走,晴,南東,1,1,逃げ,1-3-5,680,1,1-3,310,1,150,4822,01,1,1,6
2026-01-07,1,一般,0,5,ミッドナイトボートレースｉｎ大村１０新春感謝競走,曇り,北西,4,3,逃げ,1-2-4,5010,18,1-2,1130,4,170,5195,01,1,1,6
2026-01-07,2,一般,0,5,ミッドナイトボートレースｉｎ大村１０新春感謝競走,曇り,北西,3,2,逃げ,1-6-2,5150,19,1-6,960,3,180,4112,01,1,1,6
2026-01-07,3,一般,0,5,ミッドナイトボートレースｉｎ大村１０新春感謝競走,曇り,北西,4,3,逃げ,1-5-6,3610,13,1-5,770,4,230,4164,01,1,1,6
2026-01-07,4,一般,0,5,ミッドナイトボートレースｉｎ大村１０新春感謝競走,曇り,北西,6,5,まくり,4-5-1,5870,19,4-5,3200,8,760,3944,03,4,4,6
2026-01-07,5,一般,0,5,ミッドナイトボートレースｉｎ大村１０新春感謝競走,曇り,北西,6,5,抜き,3-2-6,23030,53,3-2,9330,20,650,4259,04,3,3,6
2026-01-07,6,一般,0,5,ミッドナイトボートレースｉｎ大村１０新春感謝競走,曇り,北西,5,4,逃げ,1-6-3,1520,6,1-6,240,1,110,4174,01,1,1,6
2026-01-07,7,一般,1,5,ミッドナイトボートレースｉｎ大村１０新春感謝競走,曇り,北西,4,3,逃げ,1-4-3,1130,5,1-4,790,3,160,4966,01,1,1,6
2026-01-07,8,一般,0,5,ミッドナイトボートレースｉｎ大村１０新春感謝競走,曇り,北西,4,3,逃げ,1-2-4,5260,21,1-2,670,3,120,5129,01,1,1,6
2026-01-07,9,準優勝戦,0,5,ミッドナイトボートレースｉｎ大村１０新春感謝競走,曇り,北西,6,5,逃げ,1-2-6,3620,11,1-2,260,1,120,3777,01,1,1,6
2026-01-07,10,準優勝戦,0,5,ミッドナイトボートレースｉｎ大村１０新春感謝競走,曇り,北西,6,5,逃げ,1-3-5,420,2,1-3,150,1,100,4096,01,1,1,6
2026-01-07,11,準優勝戦,0,5,ミッドナイトボートレースｉｎ大村１０新春感謝競走,曇り,北西,5,4,逃げ,1-2-3,520,1,1-2,290,2,110,4352,01,1,1,6
2026-01-07,12,一般,0,5,ミッドナイトボートレースｉｎ大村１０新春感謝競走,曇り,北西,5,4,まくり,4-6-1,5330,20,4-6,2230,8,660,4241,03,4,4,6
2026-01-08,1,一般,0,6,ミッドナイトボートレースｉｎ大村１０新春感謝競走,晴,北,4,3,まくり,3-2-6,64220,82,3-2,11450,20,1340,3527,05,3,3,6
2026-01-08,2,一般,0,6,ミッドナイトボートレースｉｎ大村１０新春感謝競走,晴,北,3,2,まくり,2-4-3,10760,37,2-4,2990,11,430,4709,04,2,2,6
2026-01-08,3,一般,0,6,ミッドナイトボートレースｉｎ大村１０新春感謝競走,晴,北東,3,2,逃げ,1-4-6,2990,12,1-4,960,4,100,4171,01,1,1,6
2026-01-08,4,一般,0,6,ミッドナイトボートレースｉｎ大村１０新春感謝競走,晴,北東,3,2,逃げ,1-2-4,620,1,1-2,270,1,150,5086,01,1,1,6
2026-01-08,5,一般,0,6,ミッドナイトボートレースｉｎ大村１０新春感謝競走,晴,北東,2,1,逃げ,1-3-2,1440,6,1-3,510,3,130,4495,01,1,1,6
2026-01-08,6,一般,0,6,ミッドナイトボートレースｉｎ大村１０新春感謝競走,晴,北東,2,1,逃げ,1-2-4,1630,6,1-2,290,1,180,4555,01,1,1,6
2026-01-08,7,一般,1,6,ミッドナイトボートレースｉｎ大村１０新春感謝競走,晴,南東,1,1,逃げ,1-2-4,580,1,1-2,330,2,120,5055,01,1,1,6
2026-01-08,8,一般,0,6,ミッドナイトボートレースｉｎ大村１０新春感謝競走,晴,南東,1,1,逃げ,1-2-3,610,2,1-2,210,1,110,4674,01,1,1,6
2026-01-08,9,一般,0,6,ミッドナイトボートレースｉｎ大村１０新春感謝競走,晴,,0,1,逃げ,1-6-3,4340,21,1-6,880,5,150,4948,01,1,1,6
2026-01-08,10,特別選抜戦Ｂ,0,6,ミッドナイトボートレースｉｎ大村１０新春感謝競走,晴,東,1,1,差し,2-1-6,10230,39,2-1,1280,4,390,4004,02,2,2,6
2026-01-08,11,優勝戦,0,6,ミッドナイトボートレースｉｎ大村１０新春感謝競走,晴,南東,1,1,逃げ,1-4-6,2320,12,1-4,550,3,110,4352,01,1,1,6
2026-01-08,12,特別選抜戦Ａ,0,6,ミッドナイトボートレースｉｎ大村１０新春感謝競走,晴,南東,1,1,逃げ,1-3-5,2090,9,1-3,290,1,120,4553,01,1,1,6
2026-01-15,1,予選,0,1,ＭＮボートレースｉｎ大村１１,晴,南西,2,1,抜き,4-5-3,3070,12,4-5,1180,5,430,3539,04,4,4,6
2026-01-15,2,予選,0,1,ＭＮボートレースｉｎ大村１１,晴,南西,4,3,まくり差し,6-1-5,14340,59,6-1,4040,19,590,3859,02,6,6,6
2026-01-15,3,予選,0,1,ＭＮボートレースｉｎ大村１１,晴,南西,4,3,差し,2-1-6,1580,4,2-1,640,2,440,5027,02,2,2,6
2026-01-15,4,予選,0,1,ＭＮボートレースｉｎ大村１１,晴,南西,1,1,逃げ,1-4-6,8040,26,1-4,860,3,200,5307,01,1,1,6
2026-01-15,5,予選,0,1,ＭＮボートレースｉｎ大村１１,晴,北東,1,1,まくり差し,3-1-5,1790,7,3-1,880,4,380,4995,02,3,3,6
2026-01-15,6,予選,0,1,ＭＮボートレースｉｎ大村１１,晴,南東,1,1,まくり,5-2-4,14450,37,5-2,1630,6,720,4945,05,5,4,6
2026-01-15,7,予選,1,1,ＭＮボートレースｉｎ大村１１,晴,北,2,1,逃げ,1-3-2,510,2,1-3,150,1,150,4430,01,1,1,6
2026-01-15,8,予選,0,1,ＭＮボートレースｉｎ大村１１,晴,,0,1,まくり,4-3-6,3990,18,4-3,910,5,240,3888,04,4,4,6
2026-01-15,9,予選特賞,0,1,ＭＮボートレースｉｎ大村１１,晴,南東,1,1,逃げ,1-3-5,700,1,1-3,180,1,100,4596,01,1,1,6
2026-01-15,10,予選特選,0,1,ＭＮボートレースｉｎ大村１１,晴,南西,1,1,逃げ,1-2-5,1490,5,1-2,250,1,120,3679,01,1,1,6
2026-01-15,11,発祥地選抜,0,1,ＭＮボートレースｉｎ大村１１,晴,南東,1,1,逃げ,1-2-4,750,1,1-2,410,2,120,4064,01,1,1,6
2026-01-15,12,予選特賞,0,1,ＭＮボートレースｉｎ大村１１,晴,北西,1,1,逃げ,1-4-3,3170,13,1-4,750,4,130,3964,01,1,1,6
2026-01-16,1,予選,0,2,ＭＮボートレースｉｎ大村１１,晴,南西,1,1,恵まれ,5-2-4,12260,39,5-2,3750,14,1170,5312,04,5,5,6
2026-01-16,2,予選,0,2,ＭＮボートレースｉｎ大村１１,晴,南西,1,1,逃げ,1-3-2,1760,7,1-3,590,3,230,3558,01,1,1,6
2026-01-16,3,予選,0,2,ＭＮボートレースｉｎ大村１１,晴,北西,1,1,差し,2-3-4,35170,61,2-3,14320,20,1320,4632,05,2,2,6
2026-01-16,4,予選,0,2,ＭＮボートレースｉｎ大村１１,晴,北,1,1,逃げ,1-2-5,2140,6,1-2,350,1,250,4258,01,1,1,6
2026-01-16,5,予選,0,2,ＭＮボートレースｉｎ大村１１,晴,南西,1,1,逃げ,1-2-4,4310,15,1-2,1440,6,260,4226,01,1,1,6
2026-01-16,6,予選,0,2,ＭＮボートレースｉｎ大村１１,晴,東,1,1,逃げ,1-3-2,750,2,1-3,280,1,160,4015,01,1,1,6
2026-01-16,7,予選,1,2,ＭＮボートレースｉｎ大村１１,晴,南東,1,1,逃げ,1-3-2,1080,5,1-3,390,1,150,3692,01,1,1,6
2026-01-16,8,予選,0,2,ＭＮボートレースｉｎ大村１１,晴,北東,1,1,まくり差し,3-1-2,10030,27,3-1,4890,11,950,4057,02,3,3,6
2026-01-16,9,予選特賞,0,2,ＭＮボートレースｉｎ大村１１,晴,南東,1,1,逃げ,1-3-5,980,3,1-3,310,2,110,4522,01,1,1,6
2026-01-16,10,予選特選,0,2,ＭＮボートレースｉｎ大村１１,晴,,0,1,逃げ,1-3-6,1310,6,1-3,210,1,110,5016,01,1,1,6
2026-01-16,11,予選特選,0,2,ＭＮボートレースｉｎ大村１１,晴,南東,1,1,まくり,3-1-2,5550,16,3-1,1210,4,690,5112,02,3,3,6
2026-01-16,12,予選特賞,0,2,ＭＮボートレースｉｎ大村１１,晴,北東,1,1,逃げ,1-3-5,2690,13,1-3,570,3,140,4603,01,1,1,6
2026-01-17,1,予選,0,3,ＭＮボートレースｉｎ大村１１,晴,北西,1,1,まくり差し,3-1-4,1880,6,3-1,740,4,240,3787,02,3,3,6
2026-01-17,2,予選,0,3,ＭＮボートレースｉｎ大村１１,晴,北西,1,1,逃げ,1-4-3,8180,34,1-4,2160,9,630,3921,01,1,1,6
2026-01-17,3,予選,0,3,ＭＮボートレースｉｎ大村１１,晴,南西,1,1,逃げ,1-5-4,1640,6,1-5,350,1,150,4336,01,1,1,6
2026-01-17,4,予選,0,3,ＭＮボートレースｉｎ大村１１,晴,南東,1,1,逃げ,1-3-2,3050,11,1-3,1400,4,110,4509,01,1,1,6
2026-01-17,5,予選,0,3,ＭＮボートレースｉｎ大村１１,晴,東,1,1,逃げ,1-3-2,430,1,1-3,160,1,120,4790,01,1,1,6
2026-01-17,6,予選,0,3,ＭＮボートレースｉｎ大村１１,晴,南東,1,1,差し,2-3-4,620,1,2-3,250,1,200,5284,04,2,2,6
2026-01-17,7,予選,1,3,ＭＮボートレースｉｎ大村１１,晴,東,1,1,逃げ,1-3-2,460,2,1-3,210,1,110,4402,01,1,1,6
2026-01-17,8,予選,0,3,ＭＮボートレースｉｎ大村１１,晴,北東,1,1,差し,2-4-1,11770,32,2-4,3510,11,1140,4124,03,2,2,6
2026-01-17,9,予選特賞,0,3,ＭＮボートレースｉｎ大村１１,晴,北東,1,1,逃げ,1-2-4,390,1,1-2,180,1,100,4052,01,1,1,6
2026-01-17,10,予選特選,0,3,ＭＮボートレースｉｎ大村１１,晴,南東,1,1,逃げ,1-3-4,1310,6,1-3,390,2,100,4063,01,1,1,6
2026-01-17,11,予選特選,0,3,ＭＮボートレースｉｎ大村１１,晴,南東,1,1,逃げ,1-2-3,500,1,1-2,220,1,100,4278,01,1,1,6
2026-01-17,12,予選特賞,0,3,ＭＮボートレースｉｎ大村１１,晴,北東,1,1,逃げ,1-4-5,1250,4,1-4,590,3,130,4695,01,1,1,6
2026-01-18,1,予選,0,4,ＭＮボートレースｉｎ大村１１,晴,南西,1,1,まくり差し,5-1-4,3000,8,5-1,1340,5,290,3875,02,5,5,6
2026-01-18,2,予選,0,4,ＭＮボートレースｉｎ大村１１,晴,北,1,1,まくり,2-4-6,1600,3,2-4,580,2,230,3820,05,2,2,6
2026-01-18,3,予選,0,4,ＭＮボートレースｉｎ大村１１,晴,南西,1,1,恵まれ,2-3-5,1980,7,2-3,480,2,160,3953,F,2,2,6
2026-01-18,4,予選,0,4,ＭＮボートレースｉｎ大村１１,晴,南西,1,1,まくり差し,3-1-6,660,1,3-1,340,2,240,3550,02,3,3,6
2026-01-18,5,予選,0,4,ＭＮボートレースｉｎ大村１１,晴,南東,1,1,まくり差し,6-1-3,6850,26,6-1,2100,8,1080,5242,02,6,6,6
2026-01-18,6,予選,0,4,ＭＮボートレースｉｎ大村１１,晴,南東,1,1,逃げ,1-4-2,1500,5,1-4,1050,4,200,4339,01,1,1,6
2026-01-18,7,予選,1,4,ＭＮボートレースｉｎ大村１１,晴,南西,1,1,まくり差し,3-1-2,1410,5,3-1,490,2,270,3841,02,3,3,6
2026-01-18,8,予選,0,4,ＭＮボートレースｉｎ大村１１,晴,南西,1,1,逃げ,1-3-4,2280,9,1-3,200,1,120,5095,01,1,1,6
2026-01-18,9,予選特賞,0,4,ＭＮボートレースｉｎ大村１１,晴,東,1,1,まくり,4-5-3,4620,20,4-5,1870,8,490,4068,04,4,4,6
2026-01-18,10,予選特選,0,4,ＭＮボートレースｉｎ大村１１,晴,南東,1,1,逃げ,1-3-2,1990,8,1-3,620,3,130,4064,01,1,1,6
2026-01-18,11,予選特選,0,4,ＭＮボートレースｉｎ大村１１,晴,南東,1,1,逃げ,1-2-5,1140,5,1-2,200,1,140,4063,01,1,1,6
2026-01-18,12,一般特賞,0,4,ＭＮボートレースｉｎ大村１１,晴,南西,1,1,逃げ,1-2-3,690,3,1-2,310,2,100,5016,01,1,1,6
2026-01-19,1,一般,0,5,ＭＮボートレースｉｎ大村１１,晴,北西,3,2,まくり差し,5-1-2,7410,20,5-1,2090,7,670,4336,02,5,5,6
2026-01-19,2,一般,0,5,ＭＮボートレースｉｎ大村１１,晴,北西,4,3,逃げ,1-2-3,4560,16,1-2,480,1,180,4509,01,1,1,6
2026-01-19,3,一般,0,5,ＭＮボートレースｉｎ大村１１,晴,北西,4,3,逃げ,1-6-3,1210,5,1-6,480,3,130,4052,01,1,1,6
2026-01-19,4,一般,0,5,ＭＮボートレースｉｎ大村１１,晴,北西,5,4,逃げ,1-2-5,780,3,1-2,220,1,110,4064,01,1,1,6
2026-01-19,5,一般,0,5,ＭＮボートレースｉｎ大村１１,晴,北西,3,2,逃げ,1-2-4,4700,14,1-2,1210,5,140,4057,01,1,1,6
2026-01-19,6,一般,0,5,ＭＮボートレースｉｎ大村１１,晴,北西,3,2,逃げ,1-2-5,1050,3,1-2,220,1,160,4430,01,1,1,6
2026-01-19,7,一般,1,5,ＭＮボートレースｉｎ大村１１,晴,北西,3,2,逃げ,1-3-4,590,3,1-3,190,1,120,5112,01,1,1,6
2026-01-19,8,一般,0,5,ＭＮボートレースｉｎ大村１１,晴,北西,3,2,逃げ,1-3-2,460,2,1-3,220,1,100,4522,01,1,1,6
2026-01-19,9,準優勝戦,0,5,ＭＮボートレースｉｎ大村１１,晴,北西,3,2,逃げ,1-2-5,1010,4,1-2,200,1,110,5016,01,1,1,6
2026-01-19,10,準優勝戦,0,5,ＭＮボートレースｉｎ大村１１,晴,北西,3,2,逃げ,1-3-4,970,4,1-3,370,2,100,4278,01,1,1,6
2026-01-19,11,準優勝戦,0,5,ＭＮボートレースｉｎ大村１１,晴,北西,3,2,逃げ,1-4-2,660,2,1-4,380,2,120,4063,01,1,1,6
2026-01-19,12,一般,0,5,ＭＮボートレースｉｎ大村１１,晴,北西,3,2,逃げ,1-2-4,740,1,1-2,190,1,120,4603,01,1,1,6
2026-01-20,1,一般,0,6,ＭＮボートレースｉｎ大村１１,晴,北,3,2,逃げ,1-3-2,660,3,1-3,360,2,110,4402,01,1,1,6
2026-01-20,2,一般,0,6,ＭＮボートレースｉｎ大村１１,晴,北,4,3,逃げ,1-3-2,530,2,1-3,230,2,120,5095,01,1,1,6
2026-01-20,3,一般,0,6,ＭＮボートレースｉｎ大村１１,晴,北,4,3,逃げ,1-3-5,1300,2,1-3,530,2,140,4339,01,1,1,6
2026-01-20,4,一般,0,6,ＭＮボートレースｉｎ大村１１,晴,北,3,2,逃げ,1-2-6,6210,18,1-2,860,3,170,3692,01,1,1,6
2026-01-20,5,一般,0,6,ＭＮボートレースｉｎ大村１１,晴,北,3,2,逃げ,1-2-5,740,1,1-2,260,1,170,3841,01,1,1,6
2026-01-20,6,一般,0,6,ＭＮボートレースｉｎ大村１１,晴,北,4,3,逃げ,1-4-3,1200,5,1-4,580,2,110,4015,01,1,1,6
2026-01-20,7,一般,1,6,ＭＮボートレースｉｎ大村１１,晴,北西,3,2,逃げ,1-4-2,420,2,1-4,250,2,100,4596,01,1,1,6
2026-01-20,8,一般,0,6,ＭＮボートレースｉｎ大村１１,晴,北,3,2,逃げ,1-6-4,3460,14,1-6,1260,5,150,3888,01,1,1,6
2026-01-20,9,一般特選,0,6,ＭＮボートレースｉｎ大村１１,雨,北,3,2,差し,4-1-2,16490,36,4-1,4380,11,1080,4124,02,4,4,6
2026-01-20,10,特別選抜戦Ｂ,0,6,ＭＮボートレースｉｎ大村１１,晴,北,2,1,逃げ,1-2-6,2910,12,1-2,190,1,120,4790,01,1,1,6
2026-01-20,11,優勝戦,0,6,ＭＮボートレースｉｎ大村１１,晴,北,1,1,逃げ,1-3-2,540,2,1-3,290,2,110,4063,01,1,1,6
2026-01-20,12,特別選抜戦Ａ,0,6,ＭＮボートレースｉｎ大村１１,晴,北,2,1,逃げ,1-2-3,640,2,1-2,260,1,110,4336,01,1,1,6
2026-01-22,1,予選,0,1,スポーツニッポン杯,晴,北西,4,3,まくり差し,3-1-6,5320,23,3-1,800,1,350,3701,02,3,3,6
2026-01-22,2,予選,0,1,スポーツニッポン杯,晴,北西,4,3,逃げ,1-5-6,15700,55,1-5,4450,13,190,4898,01,1,1,6
2026-01-22,3,予選,0,1,スポーツニッポン杯,晴,北西,4,3,差し,4-5-2,24390,69,4-5,2760,12,500,4875,06,4,4,6
2026-01-22,4,予選,0,1,スポーツニッポン杯,晴,北西,4,3,まくり,6-1-3,4050,15,6-1,1510,6,530,3784,02,6,6,6
2026-01-22,5,予選,0,1,スポーツニッポン杯,晴,北西,4,3,まくり差し,6-1-3,4700,22,6-1,3080,12,480,5007,02,6,3,6
2026-01-22,6,予選,0,1,スポーツニッポン杯,晴,北西,4,3,まくり差し,5-1-3,3030,12,5-1,1300,8,340,4865,02,5,5,6
2026-01-22,7,予選,1,1,スポーツニッポン杯,晴,北西,4,3,逃げ,1-2-4,790,2,1-2,270,1,160,4513,01,1,1,6
2026-01-22,8,予選,0,1,スポーツニッポン杯,晴,北,5,4,差し,2-4-1,8590,28,2-4,2070,7,300,4410,03,2,2,6
2026-01-22,9,予選特賞,0,1,スポーツニッポン杯,晴,北,6,5,まくり差し,3-1-2,2220,9,3-1,890,4,460,4775,02,3,3,6
2026-01-22,10,予選特賞,0,1,スポーツニッポン杯,晴,北,5,4,逃げ,1-5-4,1530,7,1-5,890,5,110,4737,01,1,1,6
2026-01-22,11,予選特選,0,1,スポーツニッポン杯,晴,北,4,3,まくり,5-4-6,30900,68,5-4,7310,17,2310,3613,05,5,4,6
2026-01-22,12,発祥地選抜,0,1,スポーツニッポン杯,晴,北,4,3,逃げ,1-6-2,4310,15,1-6,2100,5,120,4903,01,1,1,6
2026-01-23,1,予選,0,2,スポーツニッポン杯,曇り,北,3,2,逃げ,1-2-5,960,3,1-2,210,1,180,4969,01,1,1,6
2026-01-23,2,予選,0,2,スポーツニッポン杯,曇り,北西,2,1,逃げ,1-5-2,16730,66,1-5,2310,12,230,3401,01,1,1,6
2026-01-23,3,予選,0,2,スポーツニッポン杯,曇り,北西,2,1,まくり,3-4-5,3990,16,3-4,2030,8,190,5180,06,3,3,6
2026-01-23,4,予選,0,2,スポーツニッポン杯,曇り,北,3,2,まくり,5-2-6,30650,52,5-2,3340,12,1660,5105,04,5,5,6
2026-01-23,5,予選,0,2,スポーツニッポン杯,曇り,北,2,1,まくり,4-1-5,4110,17,4-1,1750,7,500,4251,02,4,4,6
2026-01-23,6,予選,0,2,スポーツニッポン杯,曇り,北,2,1,逃げ,1-4-2,530,1,1-4,260,1,230,4156,01,1,1,6
2026-01-23,7,予選,1,2,スポーツニッポン杯,曇り,北,1,1,差し,2-4-1,9600,28,2-4,4640,13,1270,3349,03,2,2,6
2026-01-23,8,予選,0,2,スポーツニッポン杯,曇り,東,1,1,差し,2-3-1,1120,4,2-3,340,1,110,5103,03,2,2,6
2026-01-23,9,予選特賞,0,2,スポーツニッポン杯,雨,東,1,1,差し,3-2-1,15890,39,3-2,5370,14,1600,5189,03,3,3,6
2026-01-23,10,予選特賞,0,2,スポーツニッポン杯,雨,北東,1,1,逃げ,1-2-3,1680,7,1-2,360,1,110,4470,01,1,1,6
2026-01-23,11,予選特選,0,2,スポーツニッポン杯,雨,東,1,1,逃げ,1-3-4,440,2,1-3,200,1,110,4095,01,1,1,6
2026-01-23,12,予選特選,0,2,スポーツニッポン杯,雨,東,2,1,逃げ,1-5-3,1190,6,1-5,580,3,100,4933,01,1,1,6
2026-01-24,1,予選,0,3,スポーツニッポン杯,晴,北西,4,3,逃げ,1-4-2,770,5,1-4,520,3,110,5208,01,1,1,6
2026-01-24,2,予選,0,3,スポーツニッポン杯,晴,北西,4,3,逃げ,1-2-3,450,1,1-2,270,1,200,4196,01,1,1,6
2026-01-24,3,予選,0,3,スポーツニッポン杯,晴,北西,4,3,逃げ,1-2-3,750,1,1-2,410,2,180,4957,01,1,1,6
2026-01-24,4,予選,0,3,スポーツニッポン杯,晴,北西,3,2,逃げ,1-3-4,930,3,1-3,410,2,190,4740,01,1,1,6
2026-01-24,5,予選,0,3,スポーツニッポン杯,晴,北西,4,3,恵まれ,5-4-3,3940,15,5-4,2370,9,220,4853,F,5,5,6
2026-01-24,6,予選,0,3,スポーツニッポン杯,晴,北西,4,3,逃げ,1-5-4,5170,17,1-5,1330,6,100,4376,01,1,1,6
2026-01-24,7,予選,1,3,スポーツニッポン杯,晴,北西,5,4,逃げ,1-3-6,2620,9,1-3,210,1,120,4302,01,1,1,6
2026-01-24,8,予選,0,3,スポーツニッポン杯,晴,北西,5,4,差し,2-1-4,4780,18,2-1,770,5,280,4417,02,2,2,6
2026-01-24,9,予選特賞,0,3,スポーツニッポン杯,晴,西,4,3,逃げ,1-2-3,360,1,1-2,170,1,150,4074,01,1,1,6
2026-01-24,10,予選特賞,0,3,スポーツニッポン杯,晴,北西,4,3,逃げ,1-5-3,930,4,1-5,340,2,130,4372,01,1,1,6
2026-01-24,11,予選特選,0,3,スポーツニッポン杯,晴,北西,4,3,まくり,4-3-6,13090,40,4-3,3080,9,610,4261,05,4,4,6
2026-01-24,12,予選特選,0,3,スポーツニッポン杯,晴,北,3,2,逃げ,1-2-6,4840,15,1-2,420,2,130,4084,01,1,1,6
2026-01-25,1,予選,0,4,スポーツニッポン杯,晴,北西,3,2,逃げ,1-2-4,2250,5,1-2,560,2,170,3976,01,1,1,6
2026-01-25,2,予選,0,4,スポーツニッポン杯,晴,北西,2,1,逃げ,1-3-6,1490,1,1-3,460,1,150,5192,01,1,1,6
2026-01-25,3,予選,0,4,スポーツニッポン杯,晴,北西,2,1,まくり,2-5-3,1350,3,2-5,690,3,180,3867,04,2,2,6
2026-01-25,4,予選,0,4,スポーツニッポン杯,晴,北西,2,1,逃げ,1-5-2,13730,52,1-5,1420,7,240,4978,01,1,1,6
2026-01-25,5,予選,0,4,スポーツニッポン杯,晴,北西,3,2,まくり差し,4-3-5,7000,31,4-3,3820,14,580,4626,05,4,4,6
2026-01-25,6,予選,0,4,スポーツニッポン杯,晴,北,3,2,逃げ,1-3-4,1210,2,1-3,850,5,200,4489,01,1,1,6
2026-01-25,7,予選,1,4,スポーツニッポン杯,晴,北,3,2,逃げ,1-2-3,290,1,1-2,190,1,100,4074,01,1,1,6
2026-01-25,8,予選,0,4,スポーツニッポン杯,晴,北,4,3,逃げ,1-2-3,2620,9,1-2,640,3,190,4580,01,1,1,6
2026-01-25,9,予選特賞,0,4,スポーツニッポン杯,晴,北東,3,2,逃げ,1-4-5,1800,6,1-4,360,1,330,4630,01,1,1,6
2026-01-25,10,予選特選,0,4,スポーツニッポン杯,晴,北東,2,1,まくり差し,5-1-2,23780,36,5-1,5230,10,1180,4528,02,5,5,6
2026-01-25,11,予選特選,0,4,スポーツニッポン杯,晴,東,2,1,逃げ,1-4-2,640,2,1-4,290,2,120,4366,01,1,1,6
2026-01-25,12,一般特賞,0,4,スポーツニッポン杯,晴,北東,2,1,逃げ,1-2-4,1400,5,1-2,290,1,130,4261,01,1,1,6
2026-01-26,1,一般,0,5,スポーツニッポン杯,曇り,北西,1,1,逃げ,1-2-3,1950,10,1-2,700,3,110,3349,01,1,1,6
2026-01-26,2,一般,0,5,スポーツニッポン杯,曇り,,0,1,逃げ,1-5-4,1560,6,1-5,310,1,100,4366,01,1,1,6
2026-01-26,3,一般,0,5,スポーツニッポン杯,曇り,,0,1,差し,4-6-5,48530,60,4-6,8250,18,10350,4470,06,4,4,6
2026-01-26,4,一般,0,5,スポーツニッポン杯,曇り,南,1,1,まくり差し,5-6-1,23020,48,5-6,14470,21,320,4372,03,5,5,6
2026-01-26,5,一般,0,5,スポーツニッポン杯,曇り,南,1,1,逃げ,1-3-5,5360,19,1-3,710,3,130,4156,01,1,1,6
2026-01-26,6,一般,0,5,スポーツニッポン杯,曇り,東,1,1,逃げ,1-2-4,650,2,1-2,380,2,100,4528,01,1,1,6
2026-01-26,7,一般,1,5,スポーツニッポン杯,曇り,東,1,1,逃げ,1-2-3,320,1,1-2,220,1,100,4084,01,1,1,6
2026-01-26,8,準優進出戦,0,5,スポーツニッポン杯,曇り,南東,1,1,逃げ,1-2-3,410,1,1-2,160,1,100,4933,01,1,1,6
2026-01-26,9,準優進出戦,0,5,スポーツニッポン杯,曇り,東,1,1,逃げ,1-4-3,2120,8,1-4,760,3,120,4302,01,1,1,6
2026-01-26,10,準優進出戦,0,5,スポーツニッポン杯,曇り,南東,1,1,逃げ,1-5-3,1370,7,1-5,650,4,110,4095,01,1,1,6
2026-01-26,11,準優進出戦,0,5,スポーツニッポン杯,曇り,南東,1,1,逃げ,1-4-2,2120,7,1-4,740,3,120,4903,01,1,1,6
2026-01-26,12,一般,0,5,スポーツニッポン杯,曇り,南東,1,1,逃げ,1-5-2,1230,5,1-5,780,4,130,4513,01,1,1,6
2026-01-27,1,一般,0,6,スポーツニッポン杯,晴,北西,2,1,抜き,4-6-1,39520,75,4-6,12210,21,1860,4410,03,4,4,6
2026-01-27,2,一般,0,6,スポーツニッポン杯,晴,北西,3,2,まくり,4-1-2,2690,9,4-1,980,4,570,4898,02,4,4,6
2026-01-27,3,一般,0,6,スポーツニッポン杯,晴,北西,3,2,まくり差し,3-1-5,900,3,3-1,400,2,210,5208,02,3,3,6
2026-01-27,4,一般,0,6,スポーツニッポン杯,晴,北西,3,2,逃げ,1-2-5,430,1,1-2,430,3,130,4376,01,1,1,6
2026-01-27,5,一般,0,6,スポーツニッポン杯,晴,北西,3,2,逃げ,1-4-2,810,2,1-4,330,1,120,4978,01,1,1,6
2026-01-27,6,一般,0,6,スポーツニッポン杯,晴,北,4,3,逃げ,1-3-2,620,2,1-3,240,1,100,4737,01,1,1,6
2026-01-27,7,一般,1,6,スポーツニッポン杯,晴,北,4,3,抜き,3-2-1,14280,41,3-2,5250,13,350,4775,03,3,3,6
2026-01-27,8,一般,0,6,スポーツニッポン杯,晴,北東,3,2,まくり,3-1-6,14950,43,3-1,3480,11,780,4630,02,3,3,6
2026-01-27,9,準優勝戦,0,6,スポーツニッポン杯,晴,北東,2,1,逃げ,1-3-5,4450,11,1-3,340,2,120,4302,01,1,1,6
2026-01-27,10,準優勝戦,0,6,スポーツニッポン杯,晴,北東,1,1,逃げ,1-2-6,1530,5,1-2,190,1,100,4095,01,1,1,6
2026-01-27,11,準優勝戦,0,6,スポーツニッポン杯,晴,北東,1,1,抜き,5-1-2,10270,27,5-1,2490,7,1000,4903,02,5,5,6
2026-01-27,12,一般,0,6,スポーツニッポン杯,晴,東,1,1,逃げ,1-2-5,2380,8,1-2,200,1,140,3613,01,1,1,6
2026-01-28,1,一般,0,7,スポーツニッポン杯,晴,北西,3,2,逃げ,1-4-5,1940,7,1-4,580,3,110,3784,01,1,1,6
2026-01-28,2,一般,0,7,スポーツニッポン杯,晴,北西,4,3,逃げ,1-4-2,2030,8,1-4,760,3,170,3349,01,1,1,6
2026-01-28,3,一般,0,7,スポーツニッポン杯,晴,北西,4,3,逃げ,1-4-2,2100,9,1-4,570,3,110,4196,01,1,1,6
2026-01-28,4,一般,0,7,スポーツニッポン杯,晴,北西,4,3,逃げ,1-3-5,1640,4,1-3,380,1,130,5192,01,1,1,6
2026-01-28,5,一般,0,7,スポーツニッポン杯,晴,北西,4,3,まくり差し,4-5-1,14050,35,4-5,5380,14,1250,4969,03,4,4,6
2026-01-28,6,一般,0,7,スポーツニッポン杯,晴,北西,4,3,逃げ,1-2-5,460,2,1-2,180,1,100,4366,01,1,1,6
2026-01-28,7,一般,1,7,スポーツニッポン杯,晴,北西,4,3,逃げ,1-2-4,910,4,1-2,270,2,110,4528,01,1,1,6
2026-01-28,8,一般,0,7,スポーツニッポン杯,晴,北,4,3,逃げ,1-5-2,1690,5,1-5,610,2,170,5189,01,1,1,6
2026-01-28,9,一般特選,0,7,スポーツニッポン杯,晴,北,2,1,まくり差し,4-2-1,5570,21,4-2,2230,9,380,4470,03,4,5,6
2026-01-28,10,特別選抜戦,0,7,スポーツニッポン杯,晴,東,1,1,逃げ,1-3-2,1340,5,1-3,340,1,120,5208,01,1,1,6
2026-01-28,11,特別選抜戦,0,7,スポーツニッポン杯,晴,北東,1,1,逃げ,1-2-4,740,1,1-2,370,1,120,4251,01,1,1,6
2026-01-28,12,優勝戦,0,7,スポーツニッポン杯,晴,北東,2,1,逃げ,1-3-4,1440,9,1-3,350,2,110,4095,01,1,1,6
2026-02-19,1,予選,0,1,にっぽん未来プロジェクト競走ｉｎ大村　２ｎｄ,晴,北西,2,1,逃げ,1-4-5,5650,20,1-4,2830,9,120,3282,01,1,1,6
2026-02-19,2,予選,0,1,にっぽん未来プロジェクト競走ｉｎ大村　２ｎｄ,晴,北西,2,1,まくり差し,5-3-1,4760,19,5-3,2110,10,550,3773,03,5,5,6
2026-02-19,3,予選,0,1,にっぽん未来プロジェクト競走ｉｎ大村　２ｎｄ,晴,北西,1,1,逃げ,1-5-6,2020,7,1-5,850,4,100,4518,01,1,1,6
2026-02-19,4,予選,0,1,にっぽん未来プロジェクト競走ｉｎ大村　２ｎｄ,晴,北西,1,1,逃げ,1-4-5,1110,2,1-4,530,2,180,3482,01,1,1,6
2026-02-19,5,予選,0,1,にっぽん未来プロジェクト競走ｉｎ大村　２ｎｄ,晴,北西,1,1,逃げ,1-3-6,440,1,1-3,200,1,120,4264,01,1,1,6
2026-02-19,6,予選,0,1,にっぽん未来プロジェクト競走ｉｎ大村　２ｎｄ,晴,北西,2,1,まくり差し,3-1-2,8830,27,3-1,3900,13,840,5252,02,3,3,6
2026-02-19,7,予選,1,1,にっぽん未来プロジェクト競走ｉｎ大村　２ｎｄ,晴,北西,2,1,逃げ,1-2-4,940,4,1-2,330,1,160,4171,01,1,1,6
2026-02-19,8,予選,0,1,にっぽん未来プロジェクト競走ｉｎ大村　２ｎｄ,晴,北,2,1,逃げ,1-2-4,420,1,1-2,260,1,130,4754,01,1,1,6
2026-02-19,9,予選特賞,0,1,にっぽん未来プロジェクト競走ｉｎ大村　２ｎｄ,晴,北,2,1,まくり差し,5-1-3,10140,33,5-1,3820,11,700,3576,02,5,5,6
2026-02-19,10,予選特賞,0,1,にっぽん未来プロジェクト競走ｉｎ大村　２ｎｄ,晴,北西,1,1,抜き,1-3-6,1310,3,1-3,400,1,120,5250,01,1,1,6
2026-02-19,11,予選特選,0,1,にっぽん未来プロジェクト競走ｉｎ大村　２ｎｄ,晴,,0,1,逃げ,1-2-3,510,2,1-2,260,2,100,4772,01,1,1,6
2026-02-19,12,発祥地選抜,0,1,にっぽん未来プロジェクト競走ｉｎ大村　２ｎｄ,晴,,0,1,逃げ,1-3-4,2670,10,1-3,520,3,110,3623,01,1,1,6
2026-02-20,1,予選,0,2,にっぽん未来プロジェクト競走ｉｎ大村　２ｎｄ,晴,北西,1,1,差し,2-4-1,11080,39,2-4,3920,14,270,3973,03,2,2,6
2026-02-20,2,予選,0,2,にっぽん未来プロジェクト競走ｉｎ大村　２ｎｄ,晴,北西,1,1,差し,2-6-1,4270,12,2-6,2850,10,260,4388,03,2,2,6
2026-02-20,3,予選,0,2,にっぽん未来プロジェクト競走ｉｎ大村　２ｎｄ,晴,北西,2,1,まくり差し,5-1-3,2300,8,5-1,1250,6,560,3863,02,5,5,6
2026-02-20,4,予選,0,2,にっぽん未来プロジェクト競走ｉｎ大村　２ｎｄ,晴,北,2,1,逃げ,1-2-4,1160,1,1-2,480,1,210,4065,01,1,1,6
2026-02-20,5,予選,0,2,にっぽん未来プロジェクト競走ｉｎ大村　２ｎｄ,晴,北西,1,1,まくり差し,5-4-3,3000,9,5-4,950,4,410,3623,02,5,5,6
2026-02-20,6,予選,0,2,にっぽん未来プロジェクト競走ｉｎ大村　２ｎｄ,晴,北西,1,1,逃げ,1-3-6,1330,6,1-3,500,2,120,4607,01,1,1,6
2026-02-20,7,予選,1,2,にっぽん未来プロジェクト競走ｉｎ大村　２ｎｄ,晴,北西,1,1,逃げ,1-3-5,370,1,1-3,170,1,110,4700,01,1,1,6
2026-02-20,8,予選,0,2,にっぽん未来プロジェクト競走ｉｎ大村　２ｎｄ,晴,西,1,1,逃げ,1-6-4,14930,26,1-6,2080,6,140,4769,01,1,1,6
2026-02-20,9,予選特賞,0,2,にっぽん未来プロジェクト競走ｉｎ大村　２ｎｄ,晴,南,1,1,まくり差し,6-1-2,2320,9,6-1,1270,6,1760,4075,02,6,6,6
2026-02-20,10,予選特賞,0,2,にっぽん未来プロジェクト競走ｉｎ大村　２ｎｄ,晴,南,1,1,差し,2-1-5,3110,10,2-1,1500,4,670,4856,02,2,2,6
2026-02-20,11,予選特選,0,2,にっぽん未来プロジェクト競走ｉｎ大村　２ｎｄ,晴,南東,1,1,逃げ,1-2-4,620,1,1-2,240,1,150,4812,01,1,1,6
2026-02-20,12,予選特選,0,2,にっぽん未来プロジェクト競走ｉｎ大村　２ｎｄ,晴,南東,1,1,逃げ,1-2-4,600,1,1-2,250,1,100,3744,01,1,1,6
2026-02-21,1,予選,0,3,にっぽん未来プロジェクト競走ｉｎ大村　２ｎｄ,晴,南,3,2,抜き,2-1-6,1380,5,2-1,360,2,210,3769,02,2,2,6
2026-02-21,2,予選,0,3,にっぽん未来プロジェクト競走ｉｎ大村　２ｎｄ,晴,南,3,2,逃げ,1-3-6,820,1,1-3,550,2,190,4623,01,1,1,6
2026-02-21,3,予選,0,3,にっぽん未来プロジェクト競走ｉｎ大村　２ｎｄ,晴,南,3,2,差し,3-1-2,1840,5,3-1,670,2,190,4511,02,3,2,6
2026-02-21,4,予選,0,3,にっぽん未来プロジェクト競走ｉｎ大村　２ｎｄ,晴,南,3,2,逃げ,1-4-2,1410,4,1-4,420,1,150,5086,01,1,1,6
2026-02-21,5,予選,0,3,にっぽん未来プロジェクト競走ｉｎ大村　２ｎｄ,晴,南,3,2,逃げ,1-3-6,13890,36,1-3,390,1,280,3986,01,1,1,6
2026-02-21,6,予選,0,3,にっぽん未来プロジェクト競走ｉｎ大村　２ｎｄ,晴,南,3,2,逃げ,1-2-3,2550,9,1-2,1090,4,100,4036,01,1,1,6
2026-02-21,7,予選,1,3,にっぽん未来プロジェクト競走ｉｎ大村　２ｎｄ,晴,南東,1,1,逃げ,1-3-5,430,1,1-3,270,1,110,4761,01,1,1,6
2026-02-21,8,予選,0,3,にっぽん未来プロジェクト競走ｉｎ大村　２ｎｄ,晴,南,1,1,逃げ,1-2-4,660,2,1-2,370,2,120,4451,01,1,1,6
2026-02-21,9,予選特賞,0,3,にっぽん未来プロジェクト競走ｉｎ大村　２ｎｄ,晴,東,1,1,まくり差し,3-1-6,2680,9,3-1,880,3,390,4661,02,3,3,6
2026-02-21,10,予選特選,0,3,にっぽん未来プロジェクト競走ｉｎ大村　２ｎｄ,晴,東,1,1,逃げ,1-2-3,870,2,1-2,370,2,110,3813,01,1,1,6
2026-02-21,11,予選特選,0,3,にっぽん未来プロジェクト競走ｉｎ大村　２ｎｄ,晴,東,1,1,逃げ,1-4-6,1370,4,1-4,250,1,100,4685,01,1,1,6
2026-02-21,12,一般特賞,0,3,にっぽん未来プロジェクト競走ｉｎ大村　２ｎｄ,晴,北東,1,1,逃げ,1-2-6,1890,7,1-2,270,1,140,4856,01,1,1,6
2026-02-22,1,一般,0,4,にっぽん未来プロジェクト競走ｉｎ大村　２ｎｄ,晴,南西,3,2,差し,3-6-2,60520,77,3-6,8600,15,5100,4518,05,3,4,6
2026-02-22,2,一般,0,4,にっぽん未来プロジェクト競走ｉｎ大村　２ｎｄ,晴,南西,4,3,まくり,4-5-3,17310,25,4-5,4230,9,640,4264,05,4,4,6
2026-02-22,3,一般,0,4,にっぽん未来プロジェクト競走ｉｎ大村　２ｎｄ,晴,南西,5,4,逃げ,1-4-2,2170,8,1-4,420,2,110,3482,01,1,1,6
2026-02-22,4,一般,0,4,にっぽん未来プロジェクト競走ｉｎ大村　２ｎｄ,晴,南西,2,1,逃げ,1-2-3,1010,4,1-2,480,3,100,4812,01,1,1,6
2026-02-22,5,一般,0,4,にっぽん未来プロジェクト競走ｉｎ大村　２ｎｄ,晴,南西,3,2,逃げ,1-3-4,650,1,1-3,350,1,100,5047,01,1,1,6
2026-02-22,6,一般,0,4,にっぽん未来プロジェクト競走ｉｎ大村　２ｎｄ,晴,南西,2,1,まくり差し,4-1-2,2660,12,4-1,300,2,120,4388,02,4,4,6
2026-02-22,7,一般,1,4,にっぽん未来プロジェクト競走ｉｎ大村　２ｎｄ,晴,南西,3,2,逃げ,1-4-5,600,1,1-4,280,1,100,4075,01,1,1,6
2026-02-22,8,一般,0,4,にっぽん未来プロジェクト競走ｉｎ大村　２ｎｄ,晴,南西,4,3,まくり差し,6-3-2,13060,42,6-3,1870,6,510,4752,04,6,6,6
2026-02-22,9,準優勝戦,0,4,にっぽん未来プロジェクト競走ｉｎ大村　２ｎｄ,晴,南,3,2,逃げ,1-3-4,840,4,1-3,330,2,120,3623,01,1,1,6
2026-02-22,10,準優勝戦,0,4,にっぽん未来プロジェクト競走ｉｎ大村　２ｎｄ,晴,南,2,1,差し,2-4-1,6390,17,2-4,2760,8,710,3813,03,2,2,6
2026-02-22,11,準優勝戦,0,4,にっぽん未来プロジェクト競走ｉｎ大村　２ｎｄ,晴,南東,1,1,逃げ,1-2-4,1070,6,1-2,240,1,100,4685,01,1,1,6
2026-02-22,12,一般,0,4,にっぽん未来プロジェクト競走ｉｎ大村　２ｎｄ,晴,南西,2,1,逃げ,1-4-3,2560,12,1-4,640,4,100,3576,01,1,1,6
2026-02-23,1,一般,0,5,にっぽん未来プロジェクト競走ｉｎ大村　２ｎｄ,晴,南西,2,1,逃げ,1-3-4,1710,6,1-3,500,3,130,4661,01,1,1,6
2026-02-23,2,一般,0,5,にっぽん未来プロジェクト競走ｉｎ大村　２ｎｄ,晴,南西,1,1,逃げ,1-6-4,12110,28,1-6,1770,6,110,4171,01,1,1,6
2026-02-23,3,一般,0,5,にっぽん未来プロジェクト競走ｉｎ大村　２ｎｄ,晴,西,1,1,逃げ,1-5-2,720,3,1-5,420,3,100,4769,01,1,1,6
2026-02-23,4,一般,0,5,にっぽん未来プロジェクト競走ｉｎ大村　２ｎｄ,晴,北西,1,1,逃げ,1-2-5,490,1,1-2,220,1,160,5252,01,1,1,6
2026-02-23,5,一般,0,5,にっぽん未来プロジェクト競走ｉｎ大村　２ｎｄ,晴,北西,1,1,逃げ,1-2-6,2980,11,1-2,520,3,110,4607,01,1,1,6
2026-02-23,6,一般,0,5,にっぽん未来プロジェクト競走ｉｎ大村　２ｎｄ,晴,北西,1,1,逃げ,1-2-3,520,2,1-2,160,1,140,4754,01,1,1,6
2026-02-23,7,一般,1,5,にっぽん未来プロジェクト競走ｉｎ大村　２ｎｄ,晴,北西,1,1,逃げ,1-2-3,340,1,1-2,170,1,100,3744,01,1,1,6
2026-02-23,8,一般,0,5,にっぽん未来プロジェクト競走ｉｎ大村　２ｎｄ,晴,西,1,1,逃げ,1-2-3,410,1,1-2,170,1,140,4761,01,1,1,6
2026-02-23,9,一般特選,0,5,にっぽん未来プロジェクト競走ｉｎ大村　２ｎｄ,晴,南,1,1,逃げ,1-4-6,1110,6,1-4,270,2,100,4036,01,1,1,6
2026-02-23,10,特別選抜戦,0,5,にっぽん未来プロジェクト競走ｉｎ大村　２ｎｄ,晴,北,3,2,逃げ,1-2-6,3620,13,1-2,310,2,110,4700,01,1,1,6
2026-02-23,11,特別選抜戦,0,5,にっぽん未来プロジェクト競走ｉｎ大村　２ｎｄ,晴,北,3,2,差し,2-1-5,5380,17,2-1,1200,4,590,3813,02,2,2,6
2026-02-23,12,優勝戦,0,5,にっぽん未来プロジェクト競走ｉｎ大村　２ｎｄ,晴,南,1,1,逃げ,1-3-2,660,2,1-3,240,1,110,4685,01,1,1,6
2026-02-26,1,予選,1,1,ＲＳ第４戦　スカパー！・ＪＬＣ杯　オール進入固定,晴,北西,1,1,まくり,3-2-5,8270,20,3-2,4000,9,620,5276,04,3,3,6
2026-02-26,2,予選,1,1,ＲＳ第４戦　スカパー！・ＪＬＣ杯　オール進入固定,晴,北西,1,1,逃げ,1-3-4,620,1,1-3,370,2,280,5294,01,1,1,6
2026-02-26,3,予選,1,1,ＲＳ第４戦　スカパー！・ＪＬＣ杯　オール進入固定,晴,北西,1,1,まくり,2-5-4,2620,12,2-5,460,2,950,5355,05,2,2,6
2026-02-26,4,予選,1,1,ＲＳ第４戦　スカパー！・ＪＬＣ杯　オール進入固定,晴,南西,2,1,抜き,1-2-4,630,2,1-2,190,1,130,5311,01,1,1,6
2026-02-26,5,予選,1,1,ＲＳ第４戦　スカパー！・ＪＬＣ杯　オール進入固定,曇り,南西,2,1,逃げ,1-3-4,4330,17,1-3,1780,8,180,5301,01,1,1,6
2026-02-26,6,予選,1,1,ＲＳ第４戦　スカパー！・ＪＬＣ杯　オール進入固定,曇り,南西,2,1,まくり,4-1-3,1430,5,4-1,820,5,310,5212,02,4,4,6
2026-02-26,7,予選,1,1,ＲＳ第４戦　スカパー！・ＪＬＣ杯　オール進入固定,曇り,南西,2,1,まくり,3-2-1,26960,31,3-2,8690,12,930,5089,03,3,3,6
2026-02-26,8,予選,1,1,ＲＳ第４戦　スカパー！・ＪＬＣ杯　オール進入固定,曇り,南西,2,1,逃げ,1-4-6,450,1,1-4,280,1,130,5126,01,1,1,6
2026-02-26,9,予選特賞,1,1,ＲＳ第４戦　スカパー！・ＪＬＣ杯　オール進入固定,曇り,南西,2,1,逃げ,1-3-2,4360,13,1-3,2510,8,240,5286,01,1,1,6
2026-02-26,10,予選特賞,1,1,ＲＳ第４戦　スカパー！・ＪＬＣ杯　オール進入固定,曇り,南西,1,1,まくり差し,3-1-2,5900,17,3-1,1670,6,730,5160,02,3,3,6
2026-02-26,11,予選特選,1,1,ＲＳ第４戦　スカパー！・ＪＬＣ杯　オール進入固定,曇り,南西,2,1,逃げ,1-3-2,580,1,1-3,230,1,100,5158,01,1,1,6
2026-02-26,12,発祥地選抜,1,1,ＲＳ第４戦　スカパー！・ＪＬＣ杯　オール進入固定,曇り,南,1,1,まくり差し,3-4-2,30170,58,3-4,8880,16,880,5196,06,3,3,6
2026-02-27,1,予選,1,2,ＲＳ第４戦　スカパー！・ＪＬＣ杯　オール進入固定,雨,北西,1,1,まくり差し,4-5-6,25130,58,4-5,6950,16,610,5350,05,4,4,6
2026-02-27,2,予選,1,2,ＲＳ第４戦　スカパー！・ＪＬＣ杯　オール進入固定,雨,北西,1,1,逃げ,1-4-3,1920,9,1-4,510,3,100,5240,01,1,1,6
2026-02-27,3,予選,1,2,ＲＳ第４戦　スカパー！・ＪＬＣ杯　オール進入固定,雨,北,2,1,まくり差し,5-2-4,9580,37,5-2,4080,14,690,5369,05,5,5,6
2026-02-27,4,予選,1,2,ＲＳ第４戦　スカパー！・ＪＬＣ杯　オール進入固定,雨,北,2,1,差し,3-2-4,4210,15,3-2,2120,9,190,5292,04,3,3,6
2026-02-27,5,予選,1,2,ＲＳ第４戦　スカパー！・ＪＬＣ杯　オール進入固定,雨,,0,1,まくり差し,3-2-5,2340,6,3-2,700,2,160,5315,06,3,3,6
2026-02-27,6,予選,1,2,ＲＳ第４戦　スカパー！・ＪＬＣ杯　オール進入固定,雨,南,1,1,逃げ,1-2-5,620,1,1-2,320,1,190,5190,01,1,1,6
2026-02-27,7,予選,1,2,ＲＳ第４戦　スカパー！・ＪＬＣ杯　オール進入固定,雨,北,6,5,逃げ,1-3-6,3210,12,1-3,480,2,1020,5209,01,1,1,6
2026-02-27,8,予選,1,2,ＲＳ第４戦　スカパー！・ＪＬＣ杯　オール進入固定,曇り,北,5,4,逃げ,1-2-6,5480,16,1-2,600,3,100,5136,01,1,1,6
2026-02-27,9,予選特賞,1,2,ＲＳ第４戦　スカパー！・ＪＬＣ杯　オール進入固定,曇り,北西,4,3,逃げ,1-4-6,560,1,1-4,270,1,110,5139,01,1,1,6
2026-02-27,10,予選特賞,1,2,ＲＳ第４戦　スカパー！・ＪＬＣ杯　オール進入固定,曇り,北西,4,3,逃げ,1-2-3,380,1,1-2,130,1,110,5034,01,1,1,6
2026-02-27,11,予選特選,1,2,ＲＳ第４戦　スカパー！・ＪＬＣ杯　オール進入固定,曇り,北,5,4,逃げ,1-3-2,750,2,1-3,260,1,100,5220,01,1,1,6
2026-02-27,12,予選特選,1,2,ＲＳ第４戦　スカパー！・ＪＬＣ杯　オール進入固定,曇り,北,5,4,まくり,6-1-2,4960,14,6-1,1900,6,170,5278,02,6,6,6
2026-02-28,1,予選,1,3,ＲＳ第４戦　スカパー！・ＪＬＣ杯　オール進入固定,晴,南,1,1,差し,2-1-4,4770,18,2-1,1470,4,620,5261,02,2,2,6
2026-02-28,2,予選,1,3,ＲＳ第４戦　スカパー！・ＪＬＣ杯　オール進入固定,晴,南,2,1,差し,2-1-6,4000,15,2-1,630,2,250,5309,02,2,2,6
2026-02-28,3,予選,1,3,ＲＳ第４戦　スカパー！・ＪＬＣ杯　オール進入固定,晴,南西,2,1,まくり,2-1-3,1800,3,2-1,930,3,250,5336,02,2,2,6
2026-02-28,4,予選,1,3,ＲＳ第４戦　スカパー！・ＪＬＣ杯　オール進入固定,晴,北東,4,3,まくり,2-4-3,15870,42,2-4,5420,14,5500,5266,06,2,2,6
2026-02-28,5,予選,1,3,ＲＳ第４戦　スカパー！・ＪＬＣ杯　オール進入固定,晴,北西,3,2,逃げ,1-6-3,4280,14,1-6,1130,4,200,5356,01,1,1,6
2026-02-28,6,予選,1,3,ＲＳ第４戦　スカパー！・ＪＬＣ杯　オール進入固定,晴,北東,3,2,抜き,5-1-4,23550,49,5-1,1650,9,210,5206,02,5,5,6
2026-02-28,7,予選,1,3,ＲＳ第４戦　スカパー！・ＪＬＣ杯　オール進入固定,晴,北,4,3,逃げ,1-3-2,870,4,1-3,790,4,260,5207,01,1,1,6
2026-02-28,8,予選,1,3,ＲＳ第４戦　スカパー！・ＪＬＣ杯　オール進入固定,晴,北,3,2,逃げ,1-2-3,410,2,1-2,310,2,100,5114,01,1,1,6
2026-02-28,9,予選特賞,1,3,ＲＳ第４戦　スカパー！・ＪＬＣ杯　オール進入固定,晴,北,3,2,逃げ,1-4-5,6010,19,1-4,2740,6,170,5125,01,1,1,6
2026-02-28,10,予選特賞,1,3,ＲＳ第４戦　スカパー！・ＪＬＣ杯　オール進入固定,晴,北,2,1,逃げ,1-2-5,2860,15,1-2,400,1,110,5220,01,1,1,6
2026-02-28,11,予選特選,1,3,ＲＳ第４戦　スカパー！・ＪＬＣ杯　オール進入固定,晴,北東,1,1,逃げ,1-6-4,11330,24,1-6,3870,7,100,5126,01,1,1,6
2026-02-28,12,予選特選,1,3,ＲＳ第４戦　スカパー！・ＪＬＣ杯　オール進入固定,晴,北東,1,1,逃げ,1-3-6,1960,9,1-3,270,1,110,5196,01,1,1,6
2026-03-01,1,予選,1,4,ＲＳ第４戦　スカパー！・ＪＬＣ杯　オール進入固定,晴,北西,1,1,逃げ,1-3-6,2380,8,1-3,340,1,150,5285,01,1,1,6
2026-03-01,2,予選,1,4,ＲＳ第４戦　スカパー！・ＪＬＣ杯　オール進入固定,曇り,北西,1,1,逃げ,1-2-6,650,1,1-2,170,1,130,5154,01,1,1,6
2026-03-01,3,予選,1,4,ＲＳ第４戦　スカパー！・ＪＬＣ杯　オール進入固定,曇り,北西,1,1,まくり差し,4-1-3,15920,46,4-1,5570,15,2020,5236,02,4,4,6
2026-03-01,4,予選,1,4,ＲＳ第４戦　スカパー！・ＪＬＣ杯　オール進入固定,曇り,北西,1,1,逃げ,1-2-4,370,1,1-2,210,1,210,5299,01,1,1,6
2026-03-01,5,予選,1,4,ＲＳ第４戦　スカパー！・ＪＬＣ杯　オール進入固定,曇り,北西,1,1,まくり,4-5-2,3290,14,4-5,1370,8,570,5152,S1,4,4,6
2026-03-01,6,予選,1,4,ＲＳ第４戦　スカパー！・ＪＬＣ杯　オール進入固定,曇り,北西,1,1,逃げ,1-2-5,3550,15,1-2,480,2,280,5270,01,1,1,6
2026-03-01,7,予選,1,4,ＲＳ第４戦　スカパー！・ＪＬＣ杯　オール進入固定,曇り,北西,2,1,まくり,3-5-2,9370,47,3-5,2710,19,640,5290,05,3,3,6
2026-03-01,8,予選,1,4,ＲＳ第４戦　スカパー！・ＪＬＣ杯　オール進入固定,曇り,北西,1,1,逃げ,1-5-2,3060,10,1-5,680,4,200,5141,01,1,1,6
2026-03-01,9,予選特賞,1,4,ＲＳ第４戦　スカパー！・ＪＬＣ杯　オール進入固定,曇り,北西,1,1,逃げ,1-2-5,1000,5,1-2,190,1,100,5278,01,1,1,6
2026-03-01,10,予選特選,1,4,ＲＳ第４戦　スカパー！・ＪＬＣ杯　オール進入固定,曇り,南東,1,1,逃げ,1-4-2,970,3,1-4,470,2,180,5089,01,1,1,6
2026-03-01,11,予選特選,1,4,ＲＳ第４戦　スカパー！・ＪＬＣ杯　オール進入固定,曇り,南東,4,3,逃げ,1-2-5,5600,23,1-2,1440,6,100,5034,01,1,1,6
2026-03-01,12,一般特賞,1,4,ＲＳ第４戦　スカパー！・ＪＬＣ杯　オール進入固定,曇り,南東,1,1,逃げ,1-4-2,670,1,1-4,230,1,160,5160,01,1,1,6
2026-03-02,1,一般,1,5,ＲＳ第４戦　スカパー！・ＪＬＣ杯　オール進入固定,雨,南西,1,1,抜き,2-4-5,80250,94,2-4,8060,15,730,5286,06,2,2,6
2026-03-02,2,一般,1,5,ＲＳ第４戦　スカパー！・ＪＬＣ杯　オール進入固定,雨,,0,1,まくり,2-3-1,7210,18,2-3,3210,11,980,5311,03,2,2,6
2026-03-02,3,一般,1,5,ＲＳ第４戦　スカパー！・ＪＬＣ杯　オール進入固定,雨,南西,1,1,逃げ,1-5-6,1580,4,1-5,870,4,100,5114,01,1,1,6
2026-03-02,4,一般,1,5,ＲＳ第４戦　スカパー！・ＪＬＣ杯　オール進入固定,雨,,0,1,まくり差し,3-4-1,2230,9,3-4,1560,6,500,5154,03,3,3,6
2026-03-02,5,一般,1,5,ＲＳ第４戦　スカパー！・ＪＬＣ杯　オール進入固定,雨,南西,1,1,まくり差し,5-4-1,7460,24,5-4,3110,9,350,5034,03,5,5,6
2026-03-02,6,一般,1,5,ＲＳ第４戦　スカパー！・ＪＬＣ杯　オール進入固定,雨,西,2,1,逃げ,1-6-3,1010,4,1-6,380,1,130,5158,01,1,1,6
2026-03-02,7,一般,1,5,ＲＳ第４戦　スカパー！・ＪＬＣ杯　オール進入固定,雨,南西,1,1,まくり,4-6-2,6690,21,4-6,1220,6,460,5301,05,4,4,6
2026-03-02,8,一般,1,5,ＲＳ第４戦　スカパー！・ＪＬＣ杯　オール進入固定,雨,北西,1,1,逃げ,1-5-4,960,2,1-5,330,1,120,5136,01,1,1,6
2026-03-02,9,準優勝戦,1,5,ＲＳ第４戦　スカパー！・ＪＬＣ杯　オール進入固定,雨,北西,1,1,恵まれ,,,,2-3,120,1,100,5141,F,2,2,6
2026-03-02,10,準優勝戦,1,5,ＲＳ第４戦　スカパー！・ＪＬＣ杯　オール進入固定,曇り,南西,1,1,逃げ,1-3-2,590,2,1-3,260,2,100,5278,01,1,1,6
2026-03-02,11,準優勝戦,1,5,ＲＳ第４戦　スカパー！・ＪＬＣ杯　オール進入固定,曇り,北,1,1,逃げ,1-5-6,6830,19,1-5,1280,4,100,5126,01,1,1,6
2026-03-02,12,一般,1,5,ＲＳ第４戦　スカパー！・ＪＬＣ杯　オール進入固定,曇り,北東,1,1,差し,2-3-1,33340,38,2-3,19380,19,1620,5089,03,2,2,6
2026-03-03,1,一般,1,6,ＲＳ第４戦　スカパー！・ＪＬＣ杯　オール進入固定,晴,北,8,7,逃げ,1-2-6,1720,5,1-2,180,1,120,5285,01,1,1,6
2026-03-03,2,一般,1,6,ＲＳ第４戦　スカパー！・ＪＬＣ杯　オール進入固定,晴,北,7,6,逃げ,1-5-3,3400,13,1-5,890,2,150,5299,01,1,1,6
2026-03-03,3,一般,1,6,ＲＳ第４戦　スカパー！・ＪＬＣ杯　オール進入固定,晴,北,8,7,逃げ,1-2-3,390,1,1-2,210,1,100,5212,01,1,1,6
2026-03-03,4,一般,1,6,ＲＳ第４戦　スカパー！・ＪＬＣ杯　オール進入固定,曇り,北,7,6,逃げ,1-2-3,1140,2,1-2,470,1,170,5276,01,1,1,6
2026-03-03,5,一般,1,6,ＲＳ第４戦　スカパー！・ＪＬＣ杯　オール進入固定,曇り,北,7,6,逃げ,1-2-3,450,1,1-2,220,1,130,5207,01,1,1,6
2026-03-03,6,一般,1,6,ＲＳ第４戦　スカパー！・ＪＬＣ杯　オール進入固定,曇り,北,7,6,逃げ,1-2-4,800,4,1-2,190,1,100,5220,01,1,1,6
2026-03-03,7,一般,1,6,ＲＳ第４戦　スカパー！・ＪＬＣ杯　オール進入固定,曇り,北,7,6,まくり差し,6-1-2,8990,33,6-1,4190,14,780,5309,02,6,6,6
2026-03-03,8,一般,1,6,ＲＳ第４戦　スカパー！・ＪＬＣ杯　オール進入固定,曇り,北,7,6,まくり差し,3-4-5,25300,61,3-4,5510,16,510,5369,05,3,3,6
2026-03-03,9,一般特選,1,6,ＲＳ第４戦　スカパー！・ＪＬＣ杯　オール進入固定,曇り,北,7,6,逃げ,1-5-3,1920,7,1-5,580,3,120,5136,01,1,1,6
2026-03-03,10,特別選抜戦,1,6,ＲＳ第４戦　スカパー！・ＪＬＣ杯　オール進入固定,曇り,北,7,6,逃げ,1-5-2,3210,12,1-5,1550,7,160,5154,01,1,1,6
2026-03-03,11,特別選抜戦,1,6,ＲＳ第４戦　スカパー！・ＪＬＣ杯　オール進入固定,曇り,北,7,6,逃げ,1-2-3,460,1,1-2,210,1,100,5158,01,1,1,6
2026-03-03,12,優勝戦,1,6,ＲＳ第４戦　スカパー！・ＪＬＣ杯　オール進入固定,曇り,北,7,6,逃げ,1-4-5,3220,12,1-4,480,2,120,5126,01,1,1,6
2026-03-08,1,予選,0,1,開設７３周年記念　海の王者決定戦,晴,,0,1,差し,2-1-6,8810,27,2-1,1270,4,390,4391,02,2,2,6
2026-03-08,2,予選,0,1,開設７３周年記念　海の王者決定戦,晴,西,2,1,逃げ,1-6-2,12950,44,1-6,3260,14,260,4985,01,1,1,6
2026-03-08,3,予選,0,1,開設７３周年記念　海の王者決定戦,晴,北西,1,1,まくり差し,3-1-6,3200,14,3-1,790,4,370,4688,02,3,3,6
2026-03-08,4,予選,0,1,開設７３周年記念　海の王者決定戦,晴,北西,1,1,抜き,5-2-1,43020,76,5-2,14350,23,2600,4504,03,5,5,6
2026-03-08,5,予選,0,1,開設７３周年記念　海の王者決定戦,晴,北,2,1,まくり差し,3-1-2,2470,8,3-1,750,3,470,4928,02,3,3,6
2026-03-08,6,予選,0,1,開設７３周年記念　海の王者決定戦,晴,北西,1,1,抜き,2-1-4,4620,17,2-1,1170,4,480,4074,02,2,2,6
2026-03-08,7,予選,0,1,開設７３周年記念　海の王者決定戦,晴,北西,1,1,逃げ,1-2-4,1340,4,1-2,530,2,220,5028,01,1,1,6
2026-03-08,8,予選,0,1,開設７３周年記念　海の王者決定戦,晴,北西,1,1,逃げ,1-2-6,1120,2,1-2,330,1,130,4188,01,1,1,6
2026-03-08,9,予選,0,1,開設７３周年記念　海の王者決定戦,晴,北,2,1,逃げ,1-2-3,710,1,1-2,290,2,130,4659,01,1,1,6
2026-03-08,10,予選,0,1,開設７３周年記念　海の王者決定戦,晴,北,2,1,逃げ,1-3-5,1390,5,1-3,400,2,100,4686,01,1,1,6
2026-03-08,11,予選,0,1,開設７３周年記念　海の王者決定戦,晴,北,1,1,逃げ,1-3-2,1260,3,1-3,430,1,120,4344,01,1,1,6
2026-03-08,12,発祥地ＤＲ,0,1,開設７３周年記念　海の王者決定戦,晴,東,1,1,逃げ,1-2-3,530,1,1-2,250,1,120,3779,01,1,1,6
2026-03-09,1,予選,0,2,開設７３周年記念　海の王者決定戦,晴,北西,3,2,逃げ,1-2-3,850,1,1-2,270,1,110,5191,01,1,1,6
2026-03-09,2,予選,0,2,開設７３周年記念　海の王者決定戦,晴,北西,2,1,まくり,3-5-1,15300,31,3-5,6760,13,1300,4759,03,3,3,6
2026-03-09,3,予選,0,2,開設７３周年記念　海の王者決定戦,晴,北西,2,1,恵まれ,6-4-2,7700,49,6-4,2220,13,190,4342,F,6,5,6
2026-03-09,4,予選,0,2,開設７３周年記念　海の王者決定戦,晴,北西,3,2,逃げ,1-3-5,940,2,1-3,280,1,150,4910,01,1,1,6
2026-03-09,5,予選,0,2,開設７３周年記念　海の王者決定戦,晴,北,3,2,逃げ,1-4-2,1390,3,1-4,570,2,140,4732,01,1,1,6
2026-03-09,6,予選,0,2,開設７３周年記念　海の王者決定戦,晴,北西,4,3,まくり,2-3-5,3720,14,2-3,1610,6,280,4174,04,2,2,6
2026-03-09,7,予選,0,2,開設７３周年記念　海の王者決定戦,晴,北,5,4,逃げ,1-4-5,2630,14,1-4,720,4,110,3876,01,1,1,6
2026-03-09,8,予選,0,2,開設７３周年記念　海の王者決定戦,晴,北西,3,2,まくり差し,3-1-2,12160,34,3-1,2170,7,880,4907,02,3,3,6
2026-03-09,9,予選,0,2,開設７３周年記念　海の王者決定戦,晴,北,4,3,逃げ,1-2-3,1000,4,1-2,440,3,110,5121,01,1,1,6
2026-03-09,10,予選,0,2,開設７３周年記念　海の王者決定戦,晴,北西,2,1,逃げ,1-2-6,2850,7,1-2,410,1,130,3590,01,1,1,6
2026-03-09,11,予選,0,2,開設７３周年記念　海の王者決定戦,晴,北,3,2,まくり,5-2-3,17700,44,5-2,3650,11,890,3783,05,5,5,6
2026-03-09,12,龍神ＤＲ,0,2,開設７３周年記念　海の王者決定戦,晴,北,2,1,逃げ,1-4-3,1200,4,1-4,490,3,150,3897,01,1,1,6
2026-03-10,1,予選,0,3,開設７３周年記念　海の王者決定戦,晴,北西,2,1,逃げ,1-4-3,1550,6,1-4,610,3,150,4497,01,1,1,6
2026-03-10,2,予選,0,3,開設７３周年記念　海の王者決定戦,晴,北西,1,1,逃げ,1-5-4,3720,15,1-5,640,3,120,4824,01,1,1,6
2026-03-10,3,予選,0,3,開設７３周年記念　海の王者決定戦,晴,南西,2,1,逃げ,1-2-3,1090,3,1-2,310,1,160,4532,01,1,1,6
2026-03-10,4,予選,0,3,開設７３周年記念　海の王者決定戦,晴,南,2,1,逃げ,1-3-4,2020,7,1-3,590,2,200,4850,01,1,1,6
2026-03-10,5,予選,0,3,開設７３周年記念　海の王者決定戦,晴,南,1,1,逃げ,1-3-4,1370,4,1-3,400,1,180,4292,01,1,1,6
2026-03-10,6,予選,0,3,開設７３周年記念　海の王者決定戦,晴,南西,1,1,逃げ,1-2-6,1880,10,1-2,420,2,100,4168,01,1,1,6
2026-03-10,7,予選,0,3,開設７３周年記念　海の王者決定戦,晴,南,1,1,逃げ,1-5-2,1100,3,1-5,520,3,110,4757,01,1,1,6
2026-03-10,8,予選,0,3,開設７３周年記念　海の王者決定戦,晴,南東,1,1,抜き,2-5-1,26170,42,2-5,9700,21,570,3719,03,2,2,6
2026-03-10,9,予選,0,3,開設７３周年記念　海の王者決定戦,晴,東,2,1,差し,2-6-3,7050,25,2-6,3780,13,900,3716,06,2,2,6
2026-03-10,10,予選,0,3,開設７３周年記念　海の王者決定戦,晴,南東,1,1,まくり差し,5-6-1,53270,82,5-6,11920,24,3840,4024,03,5,5,6
2026-03-10,11,予選,0,3,開設７３周年記念　海の王者決定戦,晴,,0,1,逃げ,1-3-4,870,1,1-3,310,1,140,3960,01,1,1,6
2026-03-10,12,予選,0,3,開設７３周年記念　海の王者決定戦,晴,,0,1,逃げ,1-3-4,620,2,1-3,220,1,110,4320,01,1,1,6
2026-03-11,1,予選,0,4,開設７３周年記念　海の王者決定戦,晴,南西,1,1,逃げ,1-3-5,1110,3,1-3,310,1,150,4352,01,1,1,6
2026-03-11,2,予選,0,4,開設７３周年記念　海の王者決定戦,晴,西,2,1,逃げ,1-5-3,10510,39,1-5,2420,8,130,4715,01,1,1,6
2026-03-11,3,予選,0,4,開設７３周年記念　海の王者決定戦,晴,北西,1,1,差し,2-1-5,2180,6,2-1,570,2,450,4294,02,2,2,6
2026-03-11,4,予選,0,4,開設７３周年記念　海の王者決定戦,晴,北西,1,1,差し,2-1-5,2720,11,2-1,660,3,520,4547,02,2,2,6
2026-03-11,5,予選,0,4,開設７３周年記念　海の王者決定戦,晴,北西,2,1,逃げ,1-5-4,1620,6,1-5,740,4,140,4831,01,1,1,6
2026-03-11,6,予選,0,4,開設７３周年記念　海の王者決定戦,晴,北西,2,1,差し,2-1-3,1180,4,2-1,470,2,160,4832,02,2,2,6
2026-03-11,7,予選,0,4,開設７３周年記念　海の王者決定戦,晴,北西,2,1,まくり差し,6-1-3,174230,107,6-1,25550,25,2630,4645,02,6,6,6
2026-03-11,8,予選,0,4,開設７３周年記念　海の王者決定戦,晴,北東,3,2,逃げ,1-2-3,570,1,1-2,300,2,110,4262,01,1,1,6
2026-03-11,9,予選,0,4,開設７３周年記念　海の王者決定戦,晴,北,2,1,まくり差し,5-1-3,12260,38,5-1,2040,7,1220,3388,02,5,5,6
2026-03-11,10,予選,0,4,開設７３周年記念　海の王者決定戦,晴,北東,2,1,逃げ,1-5-6,7390,23,1-5,1170,5,140,4337,01,1,1,6
2026-03-11,11,予選,0,4,開設７３周年記念　海の王者決定戦,晴,北東,2,1,まくり差し,3-1-5,33190,42,3-1,4030,9,1450,4719,02,3,3,6
2026-03-11,12,一般,0,4,開設７３周年記念　海の王者決定戦,晴,北東,1,1,逃げ,1-5-2,11110,30,1-5,3960,10,120,4933,01,1,1,6
2026-03-12,1,一般,0,5,開設７３周年記念　海の王者決定戦,晴,北,7,6,まくり差し,4-1-5,20710,60,4-1,2800,10,600,4798,02,4,4,6
2026-03-12,2,一般,0,5,開設７３周年記念　海の王者決定戦,晴,北,6,5,まくり,3-1-2,4220,13,3-1,1110,5,660,5043,02,3,3,6
2026-03-12,3,一般,0,5,開設７３周年記念　海の王者決定戦,晴,北,8,7,逃げ,1-3-2,1180,2,1-3,340,1,100,3783,01,1,1,6
2026-03-12,4,一般,0,5,開設７３周年記念　海の王者決定戦,晴,北,7,6,まくり差し,4-1-6,6730,23,4-1,2100,7,360,4352,02,4,4,6
2026-03-12,5,一般,0,5,開設７３周年記念　海の王者決定戦,晴,北,7,6,まくり差し,3-2-1,3140,10,3-2,1360,5,240,5257,03,3,3,6
2026-03-12,6,一般,0,5,開設７３周年記念　海の王者決定戦,晴,北,7,6,逃げ,1-2-3,1570,2,1-2,450,1,150,5017,01,1,1,6
2026-03-12,7,一般,0,5,開設７３周年記念　海の王者決定戦,晴,北,7,6,差し,4-3-5,14280,46,4-3,3980,13,840,4024,05,4,4,6
2026-03-12,8,一般,0,5,開設７３周年記念　海の王者決定戦,晴,北,6,5,逃げ,1-3-2,1210,3,1-3,450,2,100,3719,01,1,1,6
2026-03-12,9,準優勝戦,0,5,開設７３周年記念　海の王者決定戦,晴,北,4,3,逃げ,1-2-3,620,1,1-2,250,1,110,4320,01,1,1,6
2026-03-12,10,準優勝戦,0,5,開設７３周年記念　海の王者決定戦,晴,北,7,6,逃げ,1-4-5,3630,13,1-4,780,3,100,4719,01,1,1,6
2026-03-12,11,準優勝戦,0,5,開設７３周年記念　海の王者決定戦,晴,北,4,3,差し,2-1-4,3500,13,2-1,1200,5,490,4344,02,2,2,6
2026-03-12,12,一般,0,5,開設７３周年記念　海の王者決定戦,晴,北西,2,1,逃げ,1-3-2,1020,4,1-3,370,2,110,4337,01,1,1,6
2026-03-13,1,一般,0,6,開設７３周年記念　海の王者決定戦,晴,北東,8,7,逃げ,1-3-2,820,2,1-3,340,2,150,4659,01,1,1,6
2026-03-13,2,一般,0,6,開設７３周年記念　海の王者決定戦,晴,北東,8,7,逃げ,1-2-5,800,1,1-2,280,1,130,3876,01,1,1,6
2026-03-13,3,一般,0,6,開設７３周年記念　海の王者決定戦,晴,北東,8,7,逃げ,1-2-4,670,1,1-2,300,1,110,4497,01,1,1,6
2026-03-13,4,一般,0,6,開設７３周年記念　海の王者決定戦,晴,北東,8,7,逃げ,1-2-5,2010,7,1-2,250,1,100,3960,01,1,1,6
2026-03-13,5,一般,0,6,開設７３周年記念　海の王者決定戦,晴,北東,8,7,逃げ,1-3-6,3430,14,1-3,340,1,120,3388,01,1,1,6
2026-03-13,6,一般,0,6,開設７３周年記念　海の王者決定戦,晴,北東,8,7,逃げ,1-4-5,1570,5,1-4,520,3,110,3779,01,1,1,6
2026-03-13,7,一般,0,6,開設７３周年記念　海の王者決定戦,晴,北東,8,7,差し,2-6-3,142250,101,2-6,15610,20,770,4168,06,2,2,6
2026-03-13,8,一般,0,6,開設７３周年記念　海の王者決定戦,晴,北東,8,7,逃げ,1-4-5,3870,12,1-4,450,2,100,4686,01,1,1,6
2026-03-13,9,発祥地選抜戦,0,6,開設７３周年記念　海の王者決定戦,晴,北東,8,7,逃げ,1-2-4,1080,1,1-2,370,1,220,4715,01,1,1,6
2026-03-13,10,特別選抜戦,0,6,開設７３周年記念　海の王者決定戦,晴,北東,8,7,逃げ,1-2-4,710,2,1-2,280,1,120,4262,01,1,1,6
2026-03-13,11,特別選抜戦,0,6,開設７３周年記念　海の王者決定戦,晴,北東,7,6,まくり,5-2-1,30310,64,5-2,8910,21,1340,4547,03,5,5,6
2026-03-13,12,優勝戦,0,6,開設７３周年記念　海の王者決定戦,晴,北東,7,6,逃げ,1-3-4,940,4,1-3,330,2,130,4719,01,1,1,6
2026-03-18,1,予選,0,1,ミッドナイトボートレースｉｎ大村　１２,雨,南西,4,3,逃げ,1-2-4,1720,7,1-2,350,1,150,4809,01,1,1,6
2026-03-18,2,予選,0,1,ミッドナイトボートレースｉｎ大村　１２,雨,南西,4,3,差し,4-6-2,10220,39,4-6,2420,9,370,3880,04,4,4,6
2026-03-18,3,予選,0,1,ミッドナイトボートレースｉｎ大村　１２,雨,南西,4,3,抜き,5-1-3,17500,46,5-1,2960,11,840,3807,02,5,5,6
2026-03-18,4,予選,0,1,ミッドナイトボートレースｉｎ大村　１２,雨,南西,2,1,逃げ,1-2-3,420,1,1-2,280,1,100,3757,01,1,1,6
2026-03-18,5,予選,0,1,ミッドナイトボートレースｉｎ大村　１２,雨,西,2,1,逃げ,1-6-4,17420,55,1-6,3380,12,170,3574,01,1,1,6
2026-03-18,6,予選,0,1,ミッドナイトボートレースｉｎ大村　１２,雨,西,2,1,逃げ,1-2-3,830,3,1-2,420,2,100,4953,01,1,1,6
2026-03-18,7,予選,1,1,ミッドナイトボートレースｉｎ大村　１２,雨,北西,2,1,逃げ,1-3-6,6220,10,1-3,460,2,110,4155,01,1,1,6
2026-03-18,8,予選,0,1,ミッドナイトボートレースｉｎ大村　１２,雨,北西,2,1,逃げ,1-3-6,3700,13,1-3,250,1,150,4009,01,1,1,6
2026-03-18,9,予選特賞,0,1,ミッドナイトボートレースｉｎ大村　１２,雨,北西,2,1,逃げ,1-2-3,1220,2,1-2,430,1,130,3741,01,1,1,6
2026-03-18,10,予選特選,0,1,ミッドナイトボートレースｉｎ大村　１２,雨,北西,2,1,逃げ,1-2-4,1030,3,1-2,450,2,140,4259,01,1,1,6
2026-03-18,11,発祥地選抜,0,1,ミッドナイトボートレースｉｎ大村　１２,雨,北,3,2,抜き,2-1-4,6080,17,2-1,1780,5,800,4096,02,2,2,6
2026-03-18,12,予選特賞,0,1,ミッドナイトボートレースｉｎ大村　１２,雨,北,3,2,まくり差し,3-1-5,2410,9,3-1,660,3,300,4248,02,3,3,6
2026-03-19,1,予選,0,2,ミッドナイトボートレースｉｎ大村　１２,晴,北西,4,3,逃げ,1-4-2,1360,2,1-4,530,1,320,3922,01,1,1,6
2026-03-19,2,予選,0,2,ミッドナイトボートレースｉｎ大村　１２,晴,北西,3,2,抜き,1-5-3,13300,35,1-5,4880,13,150,4452,01,1,1,6
2026-03-19,3,予選,0,2,ミッドナイトボートレースｉｎ大村　１２,晴,北,4,3,逃げ,1-2-3,560,1,1-2,320,1,160,4100,01,1,1,6
2026-03-19,4,予選,0,2,ミッドナイトボートレースｉｎ大村　１２,晴,北,4,3,抜き,1-6-3,1440,3,1-6,770,3,450,4343,01,1,1,6
2026-03-19,5,予選,0,2,ミッドナイトボートレースｉｎ大村　１２,晴,北,3,2,逃げ,1-4-3,16820,39,1-4,5590,13,100,3811,01,1,1,6
2026-03-19,6,予選,0,2,ミッドナイトボートレースｉｎ大村　１２,晴,北西,2,1,逃げ,1-3-4,1840,5,1-3,350,1,120,3981,01,1,1,6
2026-03-19,7,予選,1,2,ミッドナイトボートレースｉｎ大村　１２,晴,北,3,2,逃げ,1-2-3,530,2,1-2,180,1,100,4468,01,1,1,6
2026-03-19,8,予選,0,2,ミッドナイトボートレースｉｎ大村　１２,晴,北,1,1,まくり,2-3-5,8650,29,2-3,1630,7,330,4054,05,2,2,6
2026-03-19,9,予選特賞,0,2,ミッドナイトボートレースｉｎ大村　１２,晴,北西,1,1,まくり,4-3-6,90520,93,4-3,4960,17,1210,4381,04,4,4,6
2026-03-19,10,予選特選,0,2,ミッドナイトボートレースｉｎ大村　１２,晴,北,1,1,逃げ,1-2-3,520,1,1-2,260,1,110,4471,01,1,1,6
2026-03-19,11,予選特選,0,2,ミッドナイトボートレースｉｎ大村　１２,晴,,0,1,逃げ,1-4-5,1810,9,1-4,440,3,120,3737,01,1,1,6
2026-03-19,12,予選特賞,0,2,ミッドナイトボートレースｉｎ大村　１２,晴,北東,1,1,まくり差し,3-1-4,1860,5,3-1,870,4,310,5011,02,3,3,6
2026-03-20,1,予選,0,3,ミッドナイトボートレースｉｎ大村　１２,晴,北西,2,1,差し,2-4-1,13100,29,2-4,6770,18,800,4656,03,2,2,6
2026-03-20,2,予選,0,3,ミッドナイトボートレースｉｎ大村　１２,晴,北西,3,2,逃げ,1-2-5,3670,10,1-2,1390,4,330,4552,01,1,1,6
2026-03-20,3,予選,0,3,ミッドナイトボートレースｉｎ大村　１２,晴,北西,2,1,逃げ,1-2-3,1350,4,1-2,440,1,170,4423,01,1,1,6
2026-03-20,4,予選,0,3,ミッドナイトボートレースｉｎ大村　１２,晴,北西,2,1,まくり差し,5-1-3,1950,5,5-1,990,5,240,4665,02,5,5,6
2026-03-20,5,予選,0,3,ミッドナイトボートレースｉｎ大村　１２,晴,北西,2,1,まくり,2-3-6,5610,24,2-3,2910,17,370,4104,06,2,2,6
2026-03-20,6,予選,0,3,ミッドナイトボートレースｉｎ大村　１２,晴,北西,3,2,逃げ,1-2-4,430,1,1-2,230,1,130,5064,01,1,1,6
2026-03-20,7,予選,1,3,ミッドナイトボートレースｉｎ大村　１２,晴,北西,2,1,逃げ,1-2-5,470,2,1-2,160,1,120,3743,01,1,1,6
2026-03-20,8,予選,0,3,ミッドナイトボートレースｉｎ大村　１２,晴,北西,2,1,まくり差し,3-1-4,2580,10,3-1,820,4,500,4263,02,3,3,6
2026-03-20,9,予選特賞,0,3,ミッドナイトボートレースｉｎ大村　１２,晴,北西,1,1,逃げ,1-3-6,610,2,1-3,210,1,140,4991,01,1,1,6
2026-03-20,10,予選特選,0,3,ミッドナイトボートレースｉｎ大村　１２,晴,北,1,1,逃げ,1-3-5,1430,5,1-3,310,1,120,3966,01,1,1,6
2026-03-20,11,予選特選,0,3,ミッドナイトボートレースｉｎ大村　１２,晴,東,1,1,逃げ,1-2-3,670,3,1-2,310,2,130,4522,01,1,1,6
2026-03-20,12,一般特賞,0,3,ミッドナイトボートレースｉｎ大村　１２,晴,北西,1,1,逃げ,1-2-3,790,2,1-2,300,1,190,4259,01,1,1,6
2026-03-21,1,一般,0,4,ミッドナイトボートレースｉｎ大村　１２,晴,北西,1,1,逃げ,1-4-5,5130,19,1-4,1150,5,160,4976,01,1,1,6
2026-03-21,2,一般,0,4,ミッドナイトボートレースｉｎ大村　１２,晴,南西,2,1,逃げ,1-5-6,8510,31,1-5,3290,13,150,4656,01,1,1,6
2026-03-21,3,一般,0,4,ミッドナイトボートレースｉｎ大村　１２,晴,西,1,1,逃げ,1-4-5,520,1,1-4,350,2,130,4471,01,1,1,6
2026-03-21,4,一般,0,4,ミッドナイトボートレースｉｎ大村　１２,晴,北,2,1,逃げ,1-4-2,600,2,1-4,330,2,100,3743,01,1,1,6
2026-03-21,5,一般,0,4,ミッドナイトボートレースｉｎ大村　１２,晴,北西,1,1,逃げ,1-2-4,1290,6,1-2,480,3,100,4953,01,1,1,6
2026-03-21,6,一般,0,4,ミッドナイトボートレースｉｎ大村　１２,晴,北,2,1,逃げ,1-3-6,460,1,1-3,220,1,100,4155,01,1,1,6
2026-03-21,7,一般,1,4,ミッドナイトボートレースｉｎ大村　１２,晴,北,1,1,逃げ,1-2-5,870,3,1-2,390,3,110,4468,01,1,1,6
2026-03-21,8,一般,0,4,ミッドナイトボートレースｉｎ大村　１２,晴,南東,1,1,差し,3-4-1,2520,9,3-4,660,3,220,4693,03,3,3,6
2026-03-21,9,準優勝戦,0,4,ミッドナイトボートレースｉｎ大村　１２,晴,南,1,1,逃げ,1-3-2,670,3,1-3,230,1,140,4343,01,1,1,6
2026-03-21,10,準優勝戦,0,4,ミッドナイトボートレースｉｎ大村　１２,晴,南東,1,1,逃げ,1-5-6,3380,11,1-5,670,2,110,4009,01,1,1,6
2026-03-21,11,準優勝戦,0,4,ミッドナイトボートレースｉｎ大村　１２,晴,,0,1,逃げ,1-2-5,840,3,1-2,160,1,100,4096,01,1,1,6
2026-03-21,12,一般,0,4,ミッドナイトボートレースｉｎ大村　１２,晴,南東,1,1,差し,2-1-6,2630,8,2-1,870,4,770,3966,02,2,2,6
2026-03-22,1,一般,0,5,ミッドナイトボートレースｉｎ大村　１２,雨,南東,1,1,まくり差し,4-1-5,21740,35,4-1,4950,10,870,4423,02,4,4,6
2026-03-22,2,一般,0,5,ミッドナイトボートレースｉｎ大村　１２,雨,南東,1,1,まくり,5-2-1,19240,48,5-2,5110,14,840,4552,03,5,5,6
2026-03-22,3,一般,0,5,ミッドナイトボートレースｉｎ大村　１２,雨,南東,1,1,逃げ,1-4-2,1470,2,1-4,690,2,190,4691,01,1,1,6
2026-03-22,4,一般,0,5,ミッドナイトボートレースｉｎ大村　１２,雨,南東,1,1,差し,2-1-3,930,2,2-1,470,2,280,3807,02,2,2,6
2026-03-22,5,一般,0,5,ミッドナイトボートレースｉｎ大村　１２,雨,南東,1,1,まくり差し,5-4-6,7810,29,5-4,2660,9,800,4871,05,5,5,6
2026-03-22,6,一般,0,5,ミッドナイトボートレースｉｎ大村　１２,雨,南東,1,1,逃げ,1-3-2,2100,8,1-3,1330,6,140,4809,01,1,1,6
2026-03-22,7,一般,1,5,ミッドナイトボートレースｉｎ大村　１２,雨,,0,1,逃げ,1-3-2,420,2,1-3,320,2,100,3811,01,1,1,6
2026-03-22,8,一般,0,5,ミッドナイトボートレースｉｎ大村　１２,雨,南東,1,1,抜き,1-5-4,850,3,1-5,250,1,120,4991,01,1,1,6
2026-03-22,9,一般特選,0,5,ミッドナイトボートレースｉｎ大村　１２,雨,南西,1,1,逃げ,1-2-6,1060,4,1-2,220,1,100,4522,01,1,1,6
2026-03-22,10,特別選抜戦Ｂ,0,5,ミッドナイトボートレースｉｎ大村　１２,雨,南,1,1,逃げ,1-2-4,560,1,1-2,290,1,130,4259,01,1,1,6
2026-03-22,11,優勝戦,0,5,ミッドナイトボートレースｉｎ大村　１２,曇り,南,1,1,逃げ,1-5-6,4010,16,1-5,910,4,140,4096,01,1,1,6
2026-03-22,12,特別選抜戦Ａ,0,5,ミッドナイトボートレースｉｎ大村　１２,曇り,南,2,1,差し,2-3-1,5870,17,2-3,2670,9,390,4976,03,2,2,6
2026-03-28,1,予選,0,1,おおむら桜祭り競走　イオン大謝恩祭,晴,北西,1,1,差し,3-4-2,5620,23,3-4,1620,7,320,4708,04,3,3,6
2026-03-28,2,予選,0,1,おおむら桜祭り競走　イオン大謝恩祭,晴,北西,1,1,まくり差し,3-6-1,2870,12,3-6,1720,7,770,5054,03,3,4,6
2026-03-28,3,予選,0,1,おおむら桜祭り競走　イオン大謝恩祭,晴,北西,1,1,逃げ,1-3-4,1810,6,1-3,490,2,160,4329,01,1,1,6
2026-03-28,4,予選,0,1,おおむら桜祭り競走　イオン大謝恩祭,晴,北西,1,1,まくり,4-5-2,6180,20,4-5,1910,7,150,3054,S1,4,4,6
2026-03-28,5,予選,0,1,おおむら桜祭り競走　イオン大謝恩祭,晴,北,2,1,まくり差し,3-2-6,4080,19,3-2,850,3,290,3860,05,3,4,6
2026-03-28,6,予選,0,1,おおむら桜祭り競走　イオン大謝恩祭,晴,北,3,2,差し,4-5-1,820,1,4-5,290,1,130,4782,03,4,4,6
2026-03-28,7,予選,1,1,おおむら桜祭り競走　イオン大謝恩祭,晴,北,3,2,逃げ,1-4-2,490,1,1-4,200,1,100,4535,01,1,1,6
2026-03-28,8,予選,0,1,おおむら桜祭り競走　イオン大謝恩祭,晴,北,3,2,抜き,1-2-3,730,1,1-2,310,1,170,3933,01,1,1,6
2026-03-28,9,予選特賞,0,1,おおむら桜祭り競走　イオン大謝恩祭,晴,北,2,1,逃げ,1-3-2,360,1,1-3,250,2,100,4014,01,1,1,6
2026-03-28,10,予選特賞,0,1,おおむら桜祭り競走　イオン大謝恩祭,晴,北,2,1,逃げ,1-2-3,780,2,1-2,230,1,120,5092,01,1,1,6
2026-03-28,11,予選特選,0,1,おおむら桜祭り競走　イオン大謝恩祭,晴,北,2,1,逃げ,1-2-3,850,2,1-2,250,1,150,4949,01,1,1,6
2026-03-28,12,発祥地選抜,0,1,おおむら桜祭り競走　イオン大謝恩祭,晴,北,2,1,逃げ,1-3-2,1060,4,1-3,320,2,100,4503,01,1,1,6
2026-03-29,1,予選,0,2,おおむら桜祭り競走　イオン大謝恩祭,晴,西,2,1,抜き,1-6-3,1440,5,1-6,780,4,190,4164,01,1,1,6
2026-03-29,2,予選,0,2,おおむら桜祭り競走　イオン大謝恩祭,晴,西,2,1,まくり,3-1-4,2760,13,3-1,770,3,270,3776,02,3,3,6
2026-03-29,3,予選,0,2,おおむら桜祭り競走　イオン大謝恩祭,晴,西,2,1,逃げ,1-4-6,1450,6,1-4,420,3,120,4676,01,1,1,6
2026-03-29,4,予選,0,2,おおむら桜祭り競走　イオン大謝恩祭,晴,西,2,1,逃げ,1-2-3,2030,10,1-2,530,4,100,3629,01,1,1,6
2026-03-29,5,予選,0,2,おおむら桜祭り競走　イオン大謝恩祭,晴,西,1,1,逃げ,4-3-1,2420,7,4-3,400,1,300,3473,01,4,1,6
2026-03-29,6,予選,0,2,おおむら桜祭り競走　イオン大謝恩祭,晴,西,1,1,まくり,3-5-2,6300,21,3-5,1920,7,300,4572,05,3,3,6
2026-03-29,7,予選,1,2,おおむら桜祭り競走　イオン大謝恩祭,晴,北,2,1,逃げ,1-3-2,600,2,1-3,420,2,110,3822,01,1,1,6
2026-03-29,8,予選,0,2,おおむら桜祭り競走　イオン大謝恩祭,晴,西,1,1,逃げ,1-3-4,5240,21,1-3,2180,9,300,4152,01,1,1,6
2026-03-29,9,予選特賞,0,2,おおむら桜祭り競走　イオン大謝恩祭,晴,北西,1,1,まくり差し,6-1-4,1960,8,6-1,530,2,220,3848,02,6,5,6
2026-03-29,10,予選特賞,0,2,おおむら桜祭り競走　イオン大謝恩祭,晴,北西,1,1,逃げ,1-2-3,830,2,1-2,230,1,120,5087,01,1,1,6
2026-03-29,11,予選特選,0,2,おおむら桜祭り競走　イオン大謝恩祭,晴,,0,1,まくり差し,3-6-4,51080,83,3-6,9440,20,780,3473,04,3,3,6
2026-03-29,12,予選特選,0,2,おおむら桜祭り競走　イオン大謝恩祭,晴,北東,1,1,差し,2-1-6,53140,77,2-1,4240,12,1360,5026,02,2,2,6
2026-03-30,1,予選,0,3,おおむら桜祭り競走　イオン大謝恩祭,雨,南東,1,1,まくり,2-3-1,1690,7,2-3,490,2,190,2538,03,2,2,6
2026-03-30,2,予選,0,3,おおむら桜祭り競走　イオン大謝恩祭,雨,南東,1,1,まくり差し,6-1-4,5530,19,6-1,1030,6,340,3843,02,6,5,6
2026-03-30,3,予選,0,3,おおむら桜祭り競走　イオン大謝恩祭,雨,南東,3,2,差し,5-1-6,3050,7,5-1,1150,2,290,5376,02,5,2,6
2026-03-30,4,予選,0,3,おおむら桜祭り競走　イオン大謝恩祭,雨,南東,1,1,差し,2-1-4,1270,3,2-1,590,3,360,4895,02,2,2,6
2026-03-30,5,予選,0,3,おおむら桜祭り競走　イオン大謝恩祭,雨,南東,1,1,差し,2-1-5,1700,5,2-1,1040,5,460,3621,02,2,2,6
2026-03-30,6,予選,0,3,おおむら桜祭り競走　イオン大謝恩祭,雨,南東,2,1,逃げ,1-5-3,1500,5,1-5,580,3,130,4515,01,1,1,6
2026-03-30,7,予選,1,3,おおむら桜祭り競走　イオン大謝恩祭,雨,東,5,4,逃げ,1-5-3,2760,13,1-5,460,2,140,4958,01,1,1,6
2026-03-30,8,予選,0,3,おおむら桜祭り競走　イオン大謝恩祭,雨,東,5,4,逃げ,1-2-6,1400,4,1-2,280,1,140,4873,01,1,1,6
2026-03-30,9,予選特賞,0,3,おおむら桜祭り競走　イオン大謝恩祭,雨,南東,4,3,逃げ,1-2-5,1260,4,1-2,510,2,170,4345,01,1,1,6
2026-03-30,10,予選特賞,0,3,おおむら桜祭り競走　イオン大謝恩祭,雨,南東,4,3,逃げ,1-3-2,1340,5,1-3,850,4,130,4994,01,1,1,6
2026-03-30,11,予選特選,0,3,おおむら桜祭り競走　イオン大謝恩祭,雨,南東,3,2,逃げ,1-2-6,3430,11,1-2,460,2,230,4535,01,1,1,6
2026-03-30,12,予選特選,0,3,おおむら桜祭り競走　イオン大謝恩祭,雨,南東,2,1,逃げ,1-4-6,850,3,1-4,290,1,100,4503,01,1,1,6
2026-03-31,1,予選,0,4,おおむら桜祭り競走　イオン大謝恩祭,晴,北,3,2,逃げ,1-4-3,1530,5,1-4,740,3,160,5086,01,1,1,6
2026-03-31,2,予選,0,4,おおむら桜祭り競走　イオン大謝恩祭,晴,北,3,2,抜き,6-2-5,35730,66,6-2,1970,12,260,4103,04,6,5,6
2026-03-31,3,予選,0,4,おおむら桜祭り競走　イオン大謝恩祭,晴,北東,3,2,差し,4-3-6,6870,31,4-3,1770,9,340,5123,05,4,4,6
2026-03-31,4,予選,0,4,おおむら桜祭り競走　イオン大謝恩祭,晴,北,3,2,まくり差し,4-5-3,2600,8,4-5,700,2,210,4023,06,4,4,6
2026-03-31,5,予選,0,4,おおむら桜祭り競走　イオン大謝恩祭,晴,北東,4,3,まくり,4-1-2,4280,23,4-1,1050,4,210,5291,02,4,4,6
2026-03-31,6,予選,0,4,おおむら桜祭り競走　イオン大謝恩祭,晴,北東,4,3,まくり差し,5-1-2,7770,22,5-1,4340,10,1640,3564,02,5,5,6
2026-03-31,7,予選,1,4,おおむら桜祭り競走　イオン大謝恩祭,晴,北東,4,3,まくり,2-4-3,12650,32,2-4,3660,11,530,3473,04,2,2,6
2026-03-31,8,予選,0,4,おおむら桜祭り競走　イオン大謝恩祭,晴,北東,4,3,逃げ,1-5-6,3630,13,1-5,930,5,260,5049,01,1,1,6
2026-03-31,9,予選特賞,0,4,おおむら桜祭り競走　イオン大謝恩祭,晴,北,4,3,逃げ,1-5-2,1640,5,1-5,600,3,150,4555,01,1,1,6
2026-03-31,10,予選特選,0,4,おおむら桜祭り競走　イオン大謝恩祭,晴,北東,4,3,逃げ,1-2-5,960,1,1-2,420,1,220,4949,01,1,1,6
2026-03-31,11,予選特選,0,4,おおむら桜祭り競走　イオン大謝恩祭,晴,北東,3,2,逃げ,1-2-6,810,2,1-2,210,1,120,3822,01,1,1,6
2026-03-31,12,一般特賞,0,4,おおむら桜祭り競走　イオン大謝恩祭,晴,北,3,2,逃げ,1-3-2,350,1,1-3,170,1,110,4014,01,1,1,6
2026-04-01,1,一般,0,5,おおむら桜祭り競走　イオン大謝恩祭,雨,北西,2,1,逃げ,1-5-4,6950,23,1-5,3020,9,110,4676,01,1,1,6
2026-04-01,2,一般,0,5,おおむら桜祭り競走　イオン大謝恩祭,雨,北,3,2,逃げ,1-3-4,1200,4,1-3,570,2,210,4152,01,1,1,6
2026-04-01,3,一般,0,5,おおむら桜祭り競走　イオン大謝恩祭,雨,北西,3,2,抜き,3-1-6,1300,5,3-1,610,3,170,4555,02,3,3,6
2026-04-01,4,一般,0,5,おおむら桜祭り競走　イオン大謝恩祭,曇り,北西,2,1,差し,2-5-3,11540,23,2-5,3360,8,1180,4873,04,2,2,6
2026-04-01,5,一般,0,5,おおむら桜祭り競走　イオン大謝恩祭,曇り,北,3,2,逃げ,1-3-2,1850,5,1-3,240,1,130,3629,01,1,1,6
2026-04-01,6,一般,0,5,おおむら桜祭り競走　イオン大謝恩祭,曇り,北,4,3,逃げ,1-2-6,2830,9,1-2,350,2,150,4515,01,1,1,6
2026-04-01,7,一般,1,5,おおむら桜祭り競走　イオン大謝恩祭,曇り,北,3,2,逃げ,1-3-4,390,1,1-3,200,1,100,4994,01,1,1,6
2026-04-01,8,一般,0,5,おおむら桜祭り競走　イオン大謝恩祭,曇り,北,4,3,逃げ,1-2-3,510,1,1-2,290,1,110,4572,01,1,1,6
2026-04-01,9,準優勝戦,0,5,おおむら桜祭り競走　イオン大謝恩祭,曇り,北,4,3,逃げ,1-6-4,7090,22,1-6,1150,6,120,5092,01,1,1,6
2026-04-01,10,準優勝戦,0,5,おおむら桜祭り競走　イオン大謝恩祭,曇り,北,4,3,逃げ,1-2-3,610,1,1-2,230,1,120,4503,01,1,1,6
2026-04-01,11,準優勝戦,0,5,おおむら桜祭り競走　イオン大謝恩祭,曇り,北,2,1,逃げ,1-3-2,1010,3,1-3,360,2,140,4345,01,1,1,6
2026-04-01,12,一般,0,5,おおむら桜祭り競走　イオン大謝恩祭,曇り,北,2,1,逃げ,1-6-5,7000,24,1-6,790,4,120,5054,01,1,1,6
2026-04-02,1,一般,0,6,おおむら桜祭り競走　イオン大謝恩祭,晴,北西,2,1,逃げ,1-3-2,1320,5,1-3,370,2,140,3843,01,1,1,6
2026-04-02,2,一般,0,6,おおむら桜祭り競走　イオン大謝恩祭,晴,北西,2,1,差し,2-3-1,12910,22,2-3,5650,10,1550,3933,03,2,2,6
2026-04-02,3,一般,0,6,おおむら桜祭り競走　イオン大謝恩祭,晴,北西,2,1,まくり,6-5-2,7880,31,6-5,2080,11,260,4164,05,6,4,6
2026-04-02,4,一般,0,6,おおむら桜祭り競走　イオン大謝恩祭,晴,北西,2,1,逃げ,1-4-3,5300,20,1-4,1030,3,120,5086,01,1,1,6
2026-04-02,5,一般,0,6,おおむら桜祭り競走　イオン大謝恩祭,晴,北西,2,1,逃げ,1-3-6,1330,6,1-3,490,2,120,3848,01,1,1,6
2026-04-02,6,一般,0,6,おおむら桜祭り競走　イオン大謝恩祭,晴,西,2,1,まくり,4-1-5,13800,28,4-1,1290,5,990,3473,02,4,4,6
2026-04-02,7,一般,1,6,おおむら桜祭り競走　イオン大謝恩祭,晴,北西,2,1,逃げ,1-4-2,1900,6,1-4,660,3,100,4535,01,1,1,6
2026-04-02,8,一般,0,6,おおむら桜祭り競走　イオン大謝恩祭,晴,北西,2,1,逃げ,1-6-2,2910,19,1-6,800,5,140,4958,01,1,1,6
2026-04-02,9,一般特選,0,6,おおむら桜祭り競走　イオン大謝恩祭,晴,北西,2,1,逃げ,1-4-3,790,2,1-4,320,1,130,5049,01,1,1,6
2026-04-02,10,特別選抜戦,0,6,おおむら桜祭り競走　イオン大謝恩祭,晴,北西,2,1,逃げ,1-3-5,1720,7,1-3,400,2,120,4515,01,1,1,6
2026-04-02,11,特別選抜戦,0,6,おおむら桜祭り競走　イオン大謝恩祭,晴,西,2,1,逃げ,1-2-5,4410,16,1-2,620,2,120,5087,01,1,1,6
2026-04-02,12,優勝戦,0,6,おおむら桜祭り競走　イオン大謝恩祭,晴,北西,2,1,まくり差し,3-2-6,18870,42,3-2,3440,10,240,4503,02,3,3,6
2026-04-07,1,予選,0,1,ＢＴＳ鹿島開設１１周年記念　肥前鹿島干潟杯,晴,北,6,5,逃げ,1-3-4,880,2,1-3,430,2,240,4695,01,1,1,6
2026-04-07,2,予選,0,1,ＢＴＳ鹿島開設１１周年記念　肥前鹿島干潟杯,晴,北,7,6,まくり,4-5-2,860,1,4-5,280,1,140,3797,05,4,4,6
2026-04-07,3,予選,0,1,ＢＴＳ鹿島開設１１周年記念　肥前鹿島干潟杯,晴,北,7,6,まくり差し,2-4-1,4240,19,2-4,1020,5,940,5122,03,2,3,6
2026-04-07,4,予選,0,1,ＢＴＳ鹿島開設１１周年記念　肥前鹿島干潟杯,晴,北,6,5,逃げ,1-2-3,810,1,1-2,390,1,160,5009,01,1,1,6
2026-04-07,5,予選,0,1,ＢＴＳ鹿島開設１１周年記念　肥前鹿島干潟杯,晴,北,6,5,まくり差し,6-2-3,21890,71,6-2,4060,16,530,3458,06,6,6,6
2026-04-07,6,予選,0,1,ＢＴＳ鹿島開設１１周年記念　肥前鹿島干潟杯,晴,北,6,5,まくり差し,3-1-5,2240,7,3-1,670,2,180,5077,02,3,3,6
2026-04-07,7,予選,1,1,ＢＴＳ鹿島開設１１周年記念　肥前鹿島干潟杯,晴,北,6,5,逃げ,1-3-2,430,1,1-3,190,1,100,4771,01,1,1,6
2026-04-07,8,予選,0,1,ＢＴＳ鹿島開設１１周年記念　肥前鹿島干潟杯,晴,北,6,5,逃げ,1-5-3,14380,33,1-5,4320,12,180,3792,01,1,1,6
2026-04-07,9,予選特賞,0,1,ＢＴＳ鹿島開設１１周年記念　肥前鹿島干潟杯,晴,北,6,5,逃げ,1-2-3,720,1,1-2,290,1,110,3746,01,1,1,6
2026-04-07,10,予選特賞,0,1,ＢＴＳ鹿島開設１１周年記念　肥前鹿島干潟杯,晴,北,6,5,差し,2-1-5,1850,6,2-1,960,4,470,3711,02,2,2,6
2026-04-07,11,予選特選,0,1,ＢＴＳ鹿島開設１１周年記念　肥前鹿島干潟杯,晴,北,6,5,まくり,2-3-5,14890,26,2-3,4050,9,1040,4702,05,2,2,6
2026-04-07,12,発祥地選抜,0,1,ＢＴＳ鹿島開設１１周年記念　肥前鹿島干潟杯,晴,北,6,5,逃げ,1-2-4,1060,3,1-2,220,1,130,3908,01,1,1,6
2026-04-08,1,予選,0,2,ＢＴＳ鹿島開設１１周年記念　肥前鹿島干潟杯,晴,南西,2,1,差し,4-1-2,34040,54,4-1,11380,18,,4004,02,4,2,6
2026-04-08,2,予選,0,2,ＢＴＳ鹿島開設１１周年記念　肥前鹿島干潟杯,晴,西,2,1,逃げ,1-6-3,7300,25,1-6,2100,9,210,3793,01,1,1,6
2026-04-08,3,予選,0,2,ＢＴＳ鹿島開設１１周年記念　肥前鹿島干潟杯,晴,南西,2,1,まくり差し,3-1-4,820,2,3-1,450,2,130,4143,02,3,3,6
2026-04-08,4,予選,0,2,ＢＴＳ鹿島開設１１周年記念　肥前鹿島干潟杯,晴,南西,2,1,差し,4-3-1,20210,75,4-3,3820,15,920,3432,03,4,4,6
2026-04-08,5,予選,0,2,ＢＴＳ鹿島開設１１周年記念　肥前鹿島干潟杯,晴,南西,2,1,まくり,3-4-2,7630,32,3-4,2270,12,650,4105,06,3,3,6
2026-04-08,6,予選,0,2,ＢＴＳ鹿島開設１１周年記念　肥前鹿島干潟杯,晴,南西,2,1,差し,2-1-5,8230,25,2-1,3860,11,2140,3920,02,2,2,6
2026-04-08,7,予選,1,2,ＢＴＳ鹿島開設１１周年記念　肥前鹿島干潟杯,晴,南西,2,1,逃げ,1-3-5,1290,4,1-3,560,3,140,4171,01,1,1,6
2026-04-08,8,予選,0,2,ＢＴＳ鹿島開設１１周年記念　肥前鹿島干潟杯,晴,南西,2,1,差し,4-2-6,132000,97,4-2,15890,19,4330,5303,04,4,4,6
2026-04-08,9,予選特賞,0,2,ＢＴＳ鹿島開設１１周年記念　肥前鹿島干潟杯,晴,南西,2,1,差し,2-1-3,520,2,2-1,490,2,230,4159,02,2,2,6
2026-04-08,10,予選特賞,0,2,ＢＴＳ鹿島開設１１周年記念　肥前鹿島干潟杯,晴,南,1,1,逃げ,1-2-4,1000,3,1-2,530,2,150,4040,01,1,1,6
2026-04-08,11,予選特選,0,2,ＢＴＳ鹿島開設１１周年記念　肥前鹿島干潟杯,晴,南,2,1,逃げ,1-4-5,1240,4,1-4,420,2,110,4384,01,1,1,6
2026-04-08,12,予選特選,0,2,ＢＴＳ鹿島開設１１周年記念　肥前鹿島干潟杯,晴,南,2,1,逃げ,1-5-2,2540,11,1-5,760,4,130,4787,01,1,1,6
2026-04-09,1,予選,0,3,ＢＴＳ鹿島開設１１周年記念　肥前鹿島干潟杯,曇り,北東,3,2,逃げ,1-2-3,1190,3,1-2,220,1,160,3761,01,1,1,6
2026-04-09,2,予選,0,3,ＢＴＳ鹿島開設１１周年記念　肥前鹿島干潟杯,曇り,北東,3,2,まくり,2-3-6,10080,35,2-3,1940,8,330,3660,04,2,2,6
2026-04-09,3,予選,0,3,ＢＴＳ鹿島開設１１周年記念　肥前鹿島干潟杯,曇り,東,2,1,差し,4-2-1,16830,50,4-2,5770,17,1220,3581,03,4,4,6
2026-04-09,4,予選,0,3,ＢＴＳ鹿島開設１１周年記念　肥前鹿島干潟杯,曇り,南,2,1,まくり差し,5-3-2,5510,20,5-3,1370,6,500,4981,04,5,5,6
2026-04-09,5,予選,0,3,ＢＴＳ鹿島開設１１周年記念　肥前鹿島干潟杯,曇り,南,2,1,差し,2-1-3,5030,15,2-1,3080,11,910,4057,02,2,2,6
2026-04-09,6,予選,0,3,ＢＴＳ鹿島開設１１周年記念　肥前鹿島干潟杯,曇り,南,2,1,差し,4-6-3,6110,28,4-6,1560,9,470,3277,06,4,4,6
2026-04-09,7,予選,1,3,ＢＴＳ鹿島開設１１周年記念　肥前鹿島干潟杯,曇り,南,5,4,逃げ,1-4-5,2080,6,1-4,550,3,160,4120,01,1,1,6
2026-04-09,8,予選,0,3,ＢＴＳ鹿島開設１１周年記念　肥前鹿島干潟杯,雨,南,5,4,まくり差し,6-1-5,19000,55,6-1,2880,12,510,4293,02,6,4,6
2026-04-09,9,予選特賞,0,3,ＢＴＳ鹿島開設１１周年記念　肥前鹿島干潟杯,雨,南,6,5,差し,2-5-3,6180,21,2-5,1410,6,210,4887,04,2,2,6
2026-04-09,10,予選特賞,0,3,ＢＴＳ鹿島開設１１周年記念　肥前鹿島干潟杯,雨,南,6,5,逃げ,1-3-5,1230,2,1-3,380,1,170,4148,01,1,1,6
2026-04-09,11,予選特選,0,3,ＢＴＳ鹿島開設１１周年記念　肥前鹿島干潟杯,雨,南,7,6,逃げ,1-2-3,430,1,1-2,200,1,130,4614,01,1,1,6
2026-04-09,12,予選特選,0,3,ＢＴＳ鹿島開設１１周年記念　肥前鹿島干潟杯,雨,南,7,6,差し,4-2-1,12790,32,4-2,5750,14,1140,3952,03,4,4,6
2026-04-10,1,予選,0,4,ＢＴＳ鹿島開設１１周年記念　肥前鹿島干潟杯,雨,北,3,2,まくり差し,3-1-4,2440,7,3-1,1170,4,530,4062,02,3,3,6
2026-04-10,2,予選,0,4,ＢＴＳ鹿島開設１１周年記念　肥前鹿島干潟杯,雨,北,2,1,差し,2-1-3,1280,3,2-1,630,2,250,4660,02,2,2,6
2026-04-10,3,予選,0,4,ＢＴＳ鹿島開設１１周年記念　肥前鹿島干潟杯,雨,北,3,2,逃げ,1-4-5,2470,8,1-4,320,2,130,4171,01,1,1,6
2026-04-10,4,予選,0,4,ＢＴＳ鹿島開設１１周年記念　肥前鹿島干潟杯,曇り,北,3,2,逃げ,1-6-3,1990,7,1-6,1280,6,210,5107,01,1,1,6
2026-04-10,5,予選,0,4,ＢＴＳ鹿島開設１１周年記念　肥前鹿島干潟杯,曇り,北,3,2,まくり差し,3-1-6,2740,10,3-1,560,2,250,4557,02,3,3,6
2026-04-10,6,予選,0,4,ＢＴＳ鹿島開設１１周年記念　肥前鹿島干潟杯,曇り,北,2,1,まくり差し,5-1-4,12650,46,5-1,6800,20,690,4355,02,5,5,6
2026-04-10,7,予選,1,4,ＢＴＳ鹿島開設１１周年記念　肥前鹿島干潟杯,曇り,北,2,1,逃げ,1-2-4,6600,19,1-2,1100,5,270,4521,01,1,1,6
2026-04-10,8,予選,0,4,ＢＴＳ鹿島開設１１周年記念　肥前鹿島干潟杯,曇り,北,3,2,逃げ,1-3-5,530,1,1-3,330,1,160,4359,01,1,1,6
2026-04-10,9,予選特賞,0,4,ＢＴＳ鹿島開設１１周年記念　肥前鹿島干潟杯,曇り,北,2,1,逃げ,1-5-2,5720,19,1-5,2530,9,200,3284,01,1,1,6
2026-04-10,10,予選特選,0,4,ＢＴＳ鹿島開設１１周年記念　肥前鹿島干潟杯,曇り,北,3,2,まくり差し,5-3-2,49440,87,5-3,6590,18,690,4703,05,5,5,6
2026-04-10,11,予選特選,0,4,ＢＴＳ鹿島開設１１周年記念　肥前鹿島干潟杯,曇り,北,2,1,逃げ,1-5-6,1490,7,1-5,490,3,100,4366,01,1,1,6
2026-04-10,12,一般特賞,0,4,ＢＴＳ鹿島開設１１周年記念　肥前鹿島干潟杯,曇り,北西,2,1,逃げ,1-4-2,990,4,1-4,600,3,110,4771,01,1,1,6
2026-04-11,1,一般,0,5,ＢＴＳ鹿島開設１１周年記念　肥前鹿島干潟杯,晴,北,2,1,逃げ,1-3-4,790,2,1-3,470,1,160,5303,01,1,1,6
2026-04-11,2,一般,0,5,ＢＴＳ鹿島開設１１周年記念　肥前鹿島干潟杯,晴,北西,2,1,差し,2-3-5,2170,9,2-3,640,2,250,5107,F,2,2,6
2026-04-11,3,一般,0,5,ＢＴＳ鹿島開設１１周年記念　肥前鹿島干潟杯,晴,北西,2,1,逃げ,1-3-2,690,2,1-3,270,1,120,4384,01,1,1,6
2026-04-11,4,一般,0,5,ＢＴＳ鹿島開設１１周年記念　肥前鹿島干潟杯,曇り,北西,2,1,逃げ,1-4-2,2900,12,1-4,860,4,130,4702,01,1,1,6
2026-04-11,5,一般,0,5,ＢＴＳ鹿島開設１１周年記念　肥前鹿島干潟杯,曇り,北西,2,1,逃げ,1-3-5,830,3,1-3,240,1,110,4703,01,1,1,6
2026-04-11,6,一般,0,5,ＢＴＳ鹿島開設１１周年記念　肥前鹿島干潟杯,曇り,北西,2,1,まくり差し,6-1-3,9050,27,6-1,1080,6,780,3711,02,6,5,6
2026-04-11,7,一般,1,5,ＢＴＳ鹿島開設１１周年記念　肥前鹿島干潟杯,曇り,北,3,2,逃げ,1-3-4,750,3,1-3,190,1,120,3952,01,1,1,6
2026-04-11,8,準優進出戦,0,5,ＢＴＳ鹿島開設１１周年記念　肥前鹿島干潟杯,曇り,北,3,2,逃げ,1-4-5,3090,11,1-4,690,3,140,5009,01,1,1,6
2026-04-11,9,準優進出戦,0,5,ＢＴＳ鹿島開設１１周年記念　肥前鹿島干潟杯,曇り,北,2,1,差し,2-1-4,1340,4,2-1,610,3,370,4366,02,2,2,6
2026-04-11,10,準優進出戦,0,5,ＢＴＳ鹿島開設１１周年記念　肥前鹿島干潟杯,曇り,北,2,1,逃げ,1-2-3,500,1,1-2,330,2,150,3792,01,1,1,6
2026-04-11,11,準優進出戦,0,5,ＢＴＳ鹿島開設１１周年記念　肥前鹿島干潟杯,曇り,北,1,1,逃げ,1-2-3,420,1,1-2,230,1,120,3908,01,1,1,6
2026-04-11,12,一般,0,5,ＢＴＳ鹿島開設１１周年記念　肥前鹿島干潟杯,曇り,北,1,1,逃げ,1-2-4,1000,3,1-2,470,3,130,4521,01,1,1,6
2026-04-12,1,一般,0,6,ＢＴＳ鹿島開設１１周年記念　肥前鹿島干潟杯,曇り,西,1,1,逃げ,1-5-2,690,2,1-5,300,2,100,4120,01,1,1,6
2026-04-12,2,一般,0,6,ＢＴＳ鹿島開設１１周年記念　肥前鹿島干潟杯,曇り,南西,1,1,逃げ,1-4-3,4330,14,1-4,990,4,150,3746,01,1,1,6
2026-04-12,3,一般,0,6,ＢＴＳ鹿島開設１１周年記念　肥前鹿島干潟杯,曇り,南西,2,1,抜き,1-4-5,720,2,1-4,400,2,120,4159,01,1,1,6
2026-04-12,4,一般,0,6,ＢＴＳ鹿島開設１１周年記念　肥前鹿島干潟杯,曇り,南東,1,1,逃げ,1-3-6,820,3,1-3,370,2,110,4787,01,1,1,6
2026-04-12,5,一般,0,6,ＢＴＳ鹿島開設１１周年記念　肥前鹿島干潟杯,曇り,南,2,1,逃げ,1-2-4,380,1,1-2,140,1,100,4614,01,1,1,6
2026-04-12,6,一般,0,6,ＢＴＳ鹿島開設１１周年記念　肥前鹿島干潟杯,曇り,南,2,1,逃げ,1-2-5,470,1,1-2,220,1,210,3284,01,1,1,6
2026-04-12,7,一般,1,6,ＢＴＳ鹿島開設１１周年記念　肥前鹿島干潟杯,雨,南,2,1,逃げ,1-4-3,770,2,1-4,240,1,130,4040,01,1,1,6
2026-04-12,8,一般,0,6,ＢＴＳ鹿島開設１１周年記念　肥前鹿島干潟杯,雨,南,2,1,恵まれ,1-6-2,590,1,1-6,260,1,150,3581,01,1,1,6
2026-04-12,9,準優勝戦,0,6,ＢＴＳ鹿島開設１１周年記念　肥前鹿島干潟杯,雨,東,2,1,逃げ,1-2-3,700,2,1-2,330,1,280,5009,01,1,1,6
2026-04-12,10,準優勝戦,0,6,ＢＴＳ鹿島開設１１周年記念　肥前鹿島干潟杯,雨,南,1,1,逃げ,1-2-4,400,1,1-2,190,1,120,3792,01,1,1,6
2026-04-12,11,準優勝戦,0,6,ＢＴＳ鹿島開設１１周年記念　肥前鹿島干潟杯,曇り,南,2,1,逃げ,1-4-3,2290,7,1-4,990,3,100,3908,01,1,1,6
2026-04-12,12,一般,0,6,ＢＴＳ鹿島開設１１周年記念　肥前鹿島干潟杯,曇り,東,1,1,まくり差し,5-1-2,2550,10,5-1,960,5,190,4359,02,5,5,6
2026-04-13,1,一般,0,7,ＢＴＳ鹿島開設１１周年記念　肥前鹿島干潟杯,曇り,西,1,1,まくり差し,3-1-5,1280,4,3-1,750,3,360,3761,02,3,3,6
2026-04-13,2,一般,0,7,ＢＴＳ鹿島開設１１周年記念　肥前鹿島干潟杯,曇り,西,1,1,逃げ,1-2-6,640,3,1-2,160,1,100,4171,01,1,1,6
2026-04-13,3,一般,0,7,ＢＴＳ鹿島開設１１周年記念　肥前鹿島干潟杯,曇り,西,1,1,逃げ,1-2-4,370,1,1-2,280,1,100,4695,01,1,1,6
2026-04-13,4,一般,0,7,ＢＴＳ鹿島開設１１周年記念　肥前鹿島干潟杯,曇り,西,1,1,差し,2-1-6,1160,3,2-1,530,2,200,4660,02,2,2,6
2026-04-13,5,一般,0,7,ＢＴＳ鹿島開設１１周年記念　肥前鹿島干潟杯,曇り,南西,1,1,逃げ,1-4-6,1130,3,1-4,350,2,100,3952,01,1,1,6
2026-04-13,6,一般,0,7,ＢＴＳ鹿島開設１１周年記念　肥前鹿島干潟杯,曇り,南,1,1,まくり差し,4-1-2,1330,3,4-1,570,3,470,4384,02,4,4,6
2026-04-13,7,一般,1,7,ＢＴＳ鹿島開設１１周年記念　肥前鹿島干潟杯,曇り,南,1,1,逃げ,1-6-5,4630,16,1-6,460,4,100,4787,01,1,1,6
2026-04-13,8,一般,0,7,ＢＴＳ鹿島開設１１周年記念　肥前鹿島干潟杯,曇り,北,1,1,逃げ,1-2-5,3830,14,1-2,680,4,160,4057,01,1,1,6
2026-04-13,9,一般特選,0,7,ＢＴＳ鹿島開設１１周年記念　肥前鹿島干潟杯,曇り,南西,1,1,まくり差し,3-1-2,3340,12,3-1,900,5,670,3920,02,3,3,6
2026-04-13,10,特別選抜戦,0,7,ＢＴＳ鹿島開設１１周年記念　肥前鹿島干潟杯,曇り,南,1,1,逃げ,1-4-2,1960,5,1-4,880,5,150,3711,01,1,1,6
2026-04-13,11,特別選抜戦,0,7,ＢＴＳ鹿島開設１１周年記念　肥前鹿島干潟杯,曇り,北,1,1,逃げ,1-3-2,550,2,1-3,230,2,110,4614,01,1,1,6
2026-04-13,12,優勝戦,0,7,ＢＴＳ鹿島開設１１周年記念　肥前鹿島干潟杯,曇り,南,1,1,逃げ,1-5-6,2250,12,1-5,540,3,100,3908,01,1,1,6
2026-04-18,1,予選,1,1,ＲＳ第９戦　スカパー！・ＪＬＣ杯　オール進入固定,曇り,西,2,1,まくり,3-5-2,5420,23,3-5,2050,10,600,5309,05,3,3,6
2026-04-18,2,予選,1,1,ＲＳ第９戦　スカパー！・ＪＬＣ杯　オール進入固定,曇り,西,2,1,まくり,3-2-1,3470,18,3-2,930,4,310,5138,03,3,3,6
2026-04-18,3,予選,1,1,ＲＳ第９戦　スカパー！・ＪＬＣ杯　オール進入固定,曇り,北西,1,1,まくり,3-1-4,1830,6,3-1,420,2,140,5398,02,3,3,6
2026-04-18,4,予選,1,1,ＲＳ第９戦　スカパー！・ＪＬＣ杯　オール進入固定,曇り,西,1,1,逃げ,1-2-6,5140,17,1-2,510,3,150,5134,01,1,1,6
2026-04-18,5,予選,1,1,ＲＳ第９戦　スカパー！・ＪＬＣ杯　オール進入固定,雨,西,1,1,まくり,2-4-6,5590,21,2-4,3190,10,180,5127,06,2,2,6
2026-04-18,6,予選,1,1,ＲＳ第９戦　スカパー！・ＪＬＣ杯　オール進入固定,雨,西,1,1,まくり,3-6-1,1160,5,3-6,620,3,150,5369,03,3,3,6
2026-04-18,7,予選,1,1,ＲＳ第９戦　スカパー！・ＪＬＣ杯　オール進入固定,雨,南西,1,1,逃げ,1-4-2,690,2,1-4,270,1,110,5221,01,1,1,6
2026-04-18,8,予選,1,1,ＲＳ第９戦　スカパー！・ＪＬＣ杯　オール進入固定,雨,南西,2,1,逃げ,1-3-2,430,1,1-3,190,1,100,5016,01,1,1,6
2026-04-18,9,予選特賞,1,1,ＲＳ第９戦　スカパー！・ＪＬＣ杯　オール進入固定,雨,南,2,1,逃げ,1-3-2,1280,4,1-3,750,3,220,5345,01,1,1,6
2026-04-18,10,予選特賞,1,1,ＲＳ第９戦　スカパー！・ＪＬＣ杯　オール進入固定,雨,西,1,1,逃げ,1-5-2,3400,10,1-5,1630,5,130,5252,01,1,1,6
2026-04-18,11,予選特選,1,1,ＲＳ第９戦　スカパー！・ＪＬＣ杯　オール進入固定,雨,北,1,1,逃げ,1-3-5,540,2,1-3,170,1,100,5267,01,1,1,6
2026-04-18,12,発祥地選抜,1,1,ＲＳ第９戦　スカパー！・ＪＬＣ杯　オール進入固定,雨,北,1,1,逃げ,1-5-3,2190,12,1-5,710,4,110,5196,01,1,1,6
2026-04-19,1,予選,1,2,ＲＳ第９戦　スカパー！・ＪＬＣ杯　オール進入固定,曇り,北東,3,2,逃げ,1-5-3,2810,7,1-5,500,3,120,5302,01,1,1,6
2026-04-19,2,予選,1,2,ＲＳ第９戦　スカパー！・ＪＬＣ杯　オール進入固定,曇り,北東,3,2,逃げ,1-2-3,580,1,1-2,310,1,220,5316,01,1,1,6
2026-04-19,3,予選,1,2,ＲＳ第９戦　スカパー！・ＪＬＣ杯　オール進入固定,曇り,北東,3,2,差し,2-1-4,5460,18,2-1,1920,7,1810,5319,02,2,2,6
2026-04-19,4,予選,1,2,ＲＳ第９戦　スカパー！・ＪＬＣ杯　オール進入固定,曇り,北,3,2,まくり差し,3-4-5,3590,14,3-4,1020,5,220,5318,05,3,3,6
2026-04-19,5,予選,1,2,ＲＳ第９戦　スカパー！・ＪＬＣ杯　オール進入固定,曇り,北,2,1,まくり,4-1-2,2470,7,4-1,650,2,220,5286,02,4,4,6
2026-04-19,6,予選,1,2,ＲＳ第９戦　スカパー！・ＪＬＣ杯　オール進入固定,曇り,西,1,1,恵まれ,1-6-2,3750,11,1-6,1290,4,110,5220,01,1,1,6
2026-04-19,7,予選,1,2,ＲＳ第９戦　スカパー！・ＪＬＣ杯　オール進入固定,曇り,南,2,1,まくり,3-1-6,4020,19,3-1,790,4,100,5336,02,3,3,6
2026-04-19,8,予選,1,2,ＲＳ第９戦　スカパー！・ＪＬＣ杯　オール進入固定,雨,南,2,1,抜き,1-2-6,1160,3,1-2,540,3,390,5307,01,1,1,6
2026-04-19,9,予選特賞,1,2,ＲＳ第９戦　スカパー！・ＪＬＣ杯　オール進入固定,曇り,南,2,1,まくり差し,3-1-6,16010,33,3-1,5580,11,880,5081,02,3,3,6
2026-04-19,10,予選特賞,1,2,ＲＳ第９戦　スカパー！・ＪＬＣ杯　オール進入固定,雨,南,1,1,まくり差し,6-1-5,6570,23,6-1,650,3,180,5012,02,6,6,6
2026-04-19,11,予選特選,1,2,ＲＳ第９戦　スカパー！・ＪＬＣ杯　オール進入固定,雨,東,1,1,逃げ,1-2-6,770,2,1-2,210,1,110,5191,01,1,1,6
2026-04-19,12,予選特選,1,2,ＲＳ第９戦　スカパー！・ＪＬＣ杯　オール進入固定,曇り,北東,1,1,逃げ,1-5-4,2910,15,1-5,530,3,120,5034,01,1,1,6
2026-04-20,1,予選,1,3,ＲＳ第９戦　スカパー！・ＪＬＣ杯　オール進入固定,曇り,西,2,1,まくり,4-5-1,1830,7,4-5,1110,5,330,5208,03,4,4,6
2026-04-20,2,予選,1,3,ＲＳ第９戦　スカパー！・ＪＬＣ杯　オール進入固定,曇り,南西,2,1,逃げ,1-2-6,1150,2,1-2,400,1,170,5270,01,1,1,6
2026-04-20,3,予選,1,3,ＲＳ第９戦　スカパー！・ＪＬＣ杯　オール進入固定,曇り,南,2,1,逃げ,1-3-2,2660,10,1-3,750,4,130,5282,01,1,1,6
2026-04-20,4,予選,1,3,ＲＳ第９戦　スカパー！・ＪＬＣ杯　オール進入固定,曇り,西,4,3,まくり差し,3-1-6,620,2,3-1,380,2,280,5276,02,3,3,6
2026-04-20,5,予選,1,3,ＲＳ第９戦　スカパー！・ＪＬＣ杯　オール進入固定,曇り,南西,2,1,逃げ,1-3-2,2210,8,1-3,970,5,180,5351,01,1,1,6
2026-04-20,6,予選,1,3,ＲＳ第９戦　スカパー！・ＪＬＣ杯　オール進入固定,曇り,南西,1,1,差し,2-4-6,880,4,2-4,340,2,100,5185,F,2,2,6
2026-04-20,7,予選,1,3,ＲＳ第９戦　スカパー！・ＪＬＣ杯　オール進入固定,曇り,西,2,1,まくり差し,5-1-3,2180,8,5-1,1190,7,430,5170,02,5,5,6
2026-04-20,8,予選,1,3,ＲＳ第９戦　スカパー！・ＪＬＣ杯　オール進入固定,曇り,北西,2,1,抜き,1-2-4,540,1,1-2,280,2,100,5191,01,1,1,6
2026-04-20,9,予選特賞,1,3,ＲＳ第９戦　スカパー！・ＪＬＣ杯　オール進入固定,曇り,西,2,1,逃げ,1-3-2,740,3,1-3,190,1,190,5161,01,1,1,6
2026-04-20,10,予選特賞,1,3,ＲＳ第９戦　スカパー！・ＪＬＣ杯　オール進入固定,曇り,北,2,1,逃げ,1-3-2,1410,6,1-3,310,1,120,5145,01,1,1,6
2026-04-20,11,予選特選,1,3,ＲＳ第９戦　スカパー！・ＪＬＣ杯　オール進入固定,曇り,北,2,1,逃げ,1-3-5,490,2,1-3,180,1,110,5220,01,1,1,6
2026-04-20,12,予選特選,1,3,ＲＳ第９戦　スカパー！・ＪＬＣ杯　オール進入固定,曇り,北,2,1,逃げ,1-4-3,530,1,1-4,260,1,130,5016,01,1,1,6
2026-04-21,1,予選,1,4,ＲＳ第９戦　スカパー！・ＪＬＣ杯　オール進入固定,晴,東,3,2,差し,2-1-5,7080,21,2-1,1390,5,820,5258,02,2,2,6
2026-04-21,2,予選,1,4,ＲＳ第９戦　スカパー！・ＪＬＣ杯　オール進入固定,晴,北東,3,2,逃げ,1-3-2,610,2,1-3,500,2,220,5247,01,1,1,6
2026-04-21,3,予選,1,4,ＲＳ第９戦　スカパー！・ＪＬＣ杯　オール進入固定,晴,北西,1,1,抜き,3-5-4,7470,31,3-5,2680,9,100,5236,05,3,3,6
2026-04-21,4,予選,1,4,ＲＳ第９戦　スカパー！・ＪＬＣ杯　オール進入固定,晴,西,1,1,恵まれ,4-5-6,1500,8,4-5,1500,6,1330,5211,04,4,4,6
2026-04-21,5,予選,1,4,ＲＳ第９戦　スカパー！・ＪＬＣ杯　オール進入固定,晴,西,2,1,逃げ,1-2-3,1130,3,1-2,370,1,330,5246,01,1,1,6
2026-04-21,6,予選,1,4,ＲＳ第９戦　スカパー！・ＪＬＣ杯　オール進入固定,晴,西,2,1,逃げ,1-2-6,770,2,1-2,260,1,260,5244,01,1,1,6
2026-04-21,7,予選,1,4,ＲＳ第９戦　スカパー！・ＪＬＣ杯　オール進入固定,晴,南西,1,1,まくり差し,3-1-2,1060,4,3-1,370,2,140,5216,02,3,3,6
2026-04-21,8,予選,1,4,ＲＳ第９戦　スカパー！・ＪＬＣ杯　オール進入固定,晴,南西,2,1,逃げ,1-2-4,500,2,1-2,350,2,130,5222,01,1,1,6
2026-04-21,9,予選特賞,1,4,ＲＳ第９戦　スカパー！・ＪＬＣ杯　オール進入固定,晴,北東,3,2,逃げ,1-3-5,440,1,1-3,250,1,120,5034,01,1,1,6
2026-04-21,10,予選特選,1,4,ＲＳ第９戦　スカパー！・ＪＬＣ杯　オール進入固定,晴,東,2,1,まくり差し,5-1-3,12030,20,5-1,3070,6,2950,5221,02,5,5,6
2026-04-21,11,予選特選,1,4,ＲＳ第９戦　スカパー！・ＪＬＣ杯　オール進入固定,晴,南,2,1,逃げ,1-4-3,960,3,1-4,270,1,120,5196,01,1,1,6
2026-04-21,12,一般特賞,1,4,ＲＳ第９戦　スカパー！・ＪＬＣ杯　オール進入固定,晴,南,2,1,まくり差し,5-4-1,3510,11,5-4,2350,7,530,5267,03,5,5,6
2026-04-22,1,一般,1,5,ＲＳ第９戦　スカパー！・ＪＬＣ杯　オール進入固定,雨,南東,1,1,差し,2-1-5,3280,12,2-1,800,3,490,5208,02,2,2,6
2026-04-22,2,一般,1,5,ＲＳ第９戦　スカパー！・ＪＬＣ杯　オール進入固定,雨,南,2,1,逃げ,1-4-5,1880,5,1-4,580,3,100,5316,01,1,1,6
2026-04-22,3,一般,1,5,ＲＳ第９戦　スカパー！・ＪＬＣ杯　オール進入固定,雨,南東,1,1,まくり差し,5-4-1,11120,26,5-4,3920,10,260,5216,03,5,5,6
2026-04-22,4,一般,1,5,ＲＳ第９戦　スカパー！・ＪＬＣ杯　オール進入固定,雨,東,1,1,まくり差し,5-1-3,2430,8,5-1,800,5,280,5161,02,5,5,6
2026-04-22,5,一般,1,5,ＲＳ第９戦　スカパー！・ＪＬＣ杯　オール進入固定,雨,南西,1,1,逃げ,1-2-5,420,1,1-2,230,1,140,5016,01,1,1,6
2026-04-22,6,一般,1,5,ＲＳ第９戦　スカパー！・ＪＬＣ杯　オール進入固定,雨,東,1,1,まくり差し,5-2-6,35110,45,5-2,5090,12,260,5196,06,5,5,6
2026-04-22,7,一般,1,5,ＲＳ第９戦　スカパー！・ＪＬＣ杯　オール進入固定,雨,北,1,1,逃げ,1-2-4,2560,11,1-2,850,4,100,5252,01,1,1,6
2026-04-22,8,一般,1,5,ＲＳ第９戦　スカパー！・ＪＬＣ杯　オール進入固定,雨,北,1,1,逃げ,1-5-6,4610,14,1-5,930,3,130,5081,01,1,1,6
2026-04-22,9,準優勝戦,1,5,ＲＳ第９戦　スカパー！・ＪＬＣ杯　オール進入固定,雨,北,2,1,逃げ,1-2-4,1030,3,1-2,220,1,110,5222,01,1,1,6
2026-04-22,10,準優勝戦,1,5,ＲＳ第９戦　スカパー！・ＪＬＣ杯　オール進入固定,雨,南,1,1,逃げ,1-2-3,580,1,1-2,260,1,170,5034,01,1,1,6
2026-04-22,11,準優勝戦,1,5,ＲＳ第９戦　スカパー！・ＪＬＣ杯　オール進入固定,雨,南,1,1,逃げ,1-3-4,1300,6,1-3,330,2,100,5191,01,1,1,6
2026-04-22,12,一般,1,5,ＲＳ第９戦　スカパー！・ＪＬＣ杯　オール進入固定,雨,南,1,1,逃げ,1-6-2,1200,2,1-6,450,1,150,5369,01,1,1,6
2026-04-23,1,一般,1,6,ＲＳ第９戦　スカパー！・ＪＬＣ杯　オール進入固定,雨,南,2,1,逃げ,1-5-3,2080,10,1-5,500,3,110,5351,01,1,1,6
2026-04-23,2,一般,1,6,ＲＳ第９戦　スカパー！・ＪＬＣ杯　オール進入固定,雨,南,2,1,逃げ,1-2-4,620,2,1-2,200,1,110,5246,01,1,1,6
2026-04-23,3,一般,1,6,ＲＳ第９戦　スカパー！・ＪＬＣ杯　オール進入固定,曇り,南,1,1,逃げ,1-3-2,840,3,1-3,610,3,180,5208,01,1,1,6
2026-04-23,4,一般,1,6,ＲＳ第９戦　スカパー！・ＪＬＣ杯　オール進入固定,曇り,南,2,1,逃げ,1-3-2,2630,11,1-3,1450,7,160,5244,01,1,1,6
2026-04-23,5,一般,1,6,ＲＳ第９戦　スカパー！・ＪＬＣ杯　オール進入固定,曇り,北東,3,2,逃げ,1-2-3,960,4,1-2,340,2,120,5134,01,1,1,6
2026-04-23,6,一般,1,6,ＲＳ第９戦　スカパー！・ＪＬＣ杯　オール進入固定,曇り,北,3,2,逃げ,1-4-3,3120,12,1-4,370,1,120,5398,01,1,1,6
2026-04-23,7,一般,1,6,ＲＳ第９戦　スカパー！・ＪＬＣ杯　オール進入固定,曇り,北,3,2,逃げ,1-3-2,1020,3,1-3,290,2,100,5220,01,1,1,6
2026-04-23,8,一般,1,6,ＲＳ第９戦　スカパー！・ＪＬＣ杯　オール進入固定,曇り,北,3,2,逃げ,1-6-5,1210,3,1-6,280,1,160,5170,01,1,1,6
2026-04-23,9,一般特選,1,6,ＲＳ第９戦　スカパー！・ＪＬＣ杯　オール進入固定,曇り,北,3,2,まくり差し,5-1-6,11610,30,5-1,1650,5,1070,5258,02,5,5,6
2026-04-23,10,特別選抜戦,1,6,ＲＳ第９戦　スカパー！・ＪＬＣ杯　オール進入固定,曇り,北,3,2,まくり差し,3-2-1,8770,26,3-2,2850,10,250,5282,03,3,3,6
2026-04-23,11,特別選抜戦,1,6,ＲＳ第９戦　スカパー！・ＪＬＣ杯　オール進入固定,曇り,北,3,2,逃げ,1-2-4,790,4,1-2,220,1,100,5221,01,1,1,6
2026-04-23,12,優勝戦,1,6,ＲＳ第９戦　スカパー！・ＪＬＣ杯　オール進入固定,曇り,北,2,1,逃げ,1-5-3,2550,10,1-5,980,4,110,5191,01,1,1,6
2026-04-26,1,予選,0,1,ミッドナイトボートレースｉｎ大村　１,曇り,南,1,1,差し,2-1-3,2410,8,2-1,870,4,410,3527,02,2,2,6
2026-04-26,2,予選,0,1,ミッドナイトボートレースｉｎ大村　１,曇り,南,1,1,まくり,2-6-3,4280,16,2-6,1620,7,200,3461,05,2,2,6
2026-04-26,3,予選,0,1,ミッドナイトボートレースｉｎ大村　１,曇り,南,1,1,逃げ,1-4-3,1560,5,1-4,690,3,290,4580,01,1,1,6
2026-04-26,4,予選,0,1,ミッドナイトボートレースｉｎ大村　１,曇り,南,1,1,逃げ,1-4-5,950,1,1-4,370,1,270,5057,01,1,1,6
2026-04-26,5,予選,0,1,ミッドナイトボートレースｉｎ大村　１,曇り,南,2,1,逃げ,1-5-2,5180,23,1-5,1370,6,290,3584,01,1,1,6
2026-04-26,6,予選,0,1,ミッドナイトボートレースｉｎ大村　１,曇り,南,2,1,まくり,6-3-2,3180,15,6-3,960,5,130,4257,05,6,6,6
2026-04-26,7,予選,1,1,ミッドナイトボートレースｉｎ大村　１,曇り,南,1,1,逃げ,1-6-3,1300,5,1-6,880,4,100,4174,01,1,1,6
2026-04-26,8,予選,0,1,ミッドナイトボートレースｉｎ大村　１,曇り,西,1,1,まくり,4-2-1,8000,28,4-2,3030,10,790,5155,03,4,4,6
2026-04-26,9,予選特賞,0,1,ミッドナイトボートレースｉｎ大村　１,曇り,東,1,1,抜き,1-5-3,1850,8,1-5,1100,5,120,4594,01,1,1,6
2026-04-26,10,予選特賞,0,1,ミッドナイトボートレースｉｎ大村　１,曇り,東,1,1,逃げ,1-3-4,1020,1,1-3,410,1,120,4718,01,1,1,6
2026-04-26,11,予選特選,0,1,ミッドナイトボートレースｉｎ大村　１,曇り,東,1,1,逃げ,1-3-4,850,3,1-3,280,1,150,5055,01,1,1,6
2026-04-26,12,発祥地選抜,0,1,ミッドナイトボートレースｉｎ大村　１,曇り,東,1,1,抜き,1-6-5,12770,52,1-6,2760,11,210,4857,01,1,1,6
2026-04-27,1,予選,0,2,ミッドナイトボートレースｉｎ大村　１,晴,西,2,1,差し,2-1-3,1010,3,2-1,280,1,190,3906,02,2,2,6
2026-04-27,2,予選,0,2,ミッドナイトボートレースｉｎ大村　１,晴,西,2,1,差し,2-1-4,1010,4,2-1,590,3,160,3516,02,2,2,6
2026-04-27,3,予選,0,2,ミッドナイトボートレースｉｎ大村　１,晴,西,2,1,差し,6-2-5,7860,29,6-2,2640,10,690,5232,04,6,4,6
2026-04-27,4,予選,0,2,ミッドナイトボートレースｉｎ大村　１,晴,南西,1,1,差し,2-5-3,15270,45,2-5,5980,16,420,5236,05,2,2,6
2026-04-27,5,予選,0,2,ミッドナイトボートレースｉｎ大村　１,晴,南,2,1,まくり,3-5-4,1000,1,3-5,500,1,190,5128,05,3,3,6
2026-04-27,6,予選,0,2,ミッドナイトボートレースｉｎ大村　１,晴,南,1,1,まくり,2-1-3,1470,2,2-1,800,4,250,3294,02,2,2,6
2026-04-27,7,予選,1,2,ミッドナイトボートレースｉｎ大村　１,晴,南,1,1,まくり,4-1-5,840,2,4-1,220,1,130,4633,02,4,4,6
2026-04-27,8,予選,0,2,ミッドナイトボートレースｉｎ大村　１,晴,東,1,1,まくり差し,4-3-2,16350,50,4-3,3780,15,1230,3265,04,4,5,6
2026-04-27,9,予選特賞,0,2,ミッドナイトボートレースｉｎ大村　１,晴,東,1,1,抜き,1-4-5,7680,24,1-4,1170,5,150,4146,01,1,1,6
2026-04-27,10,予選特賞,0,2,ミッドナイトボートレースｉｎ大村　１,晴,東,1,1,差し,4-2-1,5620,18,4-2,2570,8,550,4259,03,4,4,6
2026-04-27,11,予選特選,0,2,ミッドナイトボートレースｉｎ大村　１,晴,東,1,1,逃げ,1-2-6,1910,10,1-2,310,2,140,4055,01,1,1,6
2026-04-27,12,予選特選,0,2,ミッドナイトボートレースｉｎ大村　１,晴,南東,1,1,逃げ,1-5-4,1630,8,1-5,450,2,150,4571,01,1,1,6
2026-04-28,1,予選,0,3,ミッドナイトボートレースｉｎ大村　１,曇り,西,1,1,逃げ,1-2-3,1770,6,1-2,420,2,100,4259,01,1,1,6
2026-04-28,2,予選,0,3,ミッドナイトボートレースｉｎ大村　１,曇り,南西,1,1,逃げ,1-3-2,680,2,1-3,340,1,230,3562,01,1,1,6
2026-04-28,3,予選,0,3,ミッドナイトボートレースｉｎ大村　１,曇り,南西,1,1,まくり差し,3-2-5,5140,21,3-2,2040,9,660,4744,04,3,3,6
2026-04-28,4,予選,0,3,ミッドナイトボートレースｉｎ大村　１,曇り,南,1,1,まくり,4-1-3,10890,36,4-1,1240,6,350,4232,02,4,4,6
2026-04-28,5,予選,0,3,ミッドナイトボートレースｉｎ大村　１,曇り,南西,1,1,逃げ,1-2-3,2650,9,1-2,2130,9,210,3870,01,1,1,6
2026-04-28,6,予選,0,3,ミッドナイトボートレースｉｎ大村　１,曇り,北西,1,1,まくり,3-2-1,7480,33,3-2,1830,9,850,3619,03,3,4,6
2026-04-28,7,予選,1,3,ミッドナイトボートレースｉｎ大村　１,雨,北西,2,1,差し,2-1-6,9250,22,2-1,1180,5,550,3703,02,2,2,6
2026-04-28,8,予選,0,3,ミッドナイトボートレースｉｎ大村　１,雨,北東,2,1,まくり,5-2-6,3250,16,5-2,1410,8,410,4785,05,5,4,6
2026-04-28,9,予選特賞,0,3,ミッドナイトボートレースｉｎ大村　１,曇り,北西,1,1,逃げ,1-2-5,1940,5,1-2,340,1,140,5079,01,1,1,6
2026-04-28,10,予選特賞,0,3,ミッドナイトボートレースｉｎ大村　１,曇り,北西,2,1,まくり,3-4-5,47820,71,3-4,10670,21,2750,4979,04,3,4,6
2026-04-28,11,予選特選,0,3,ミッドナイトボートレースｉｎ大村　１,曇り,北西,2,1,逃げ,1-4-3,740,3,1-4,210,1,130,4983,01,1,1,6
2026-04-28,12,予選特選,0,3,ミッドナイトボートレースｉｎ大村　１,曇り,西,1,1,逃げ,1-3-5,1020,1,1-3,550,2,230,3265,01,1,1,6
2026-04-29,1,予選,0,4,ミッドナイトボートレースｉｎ大村　１,雨,北,1,1,逃げ,2-3-5,1820,3,2-3,720,3,230,3265,01,2,1,6
2026-04-29,2,予選,0,4,ミッドナイトボートレースｉｎ大村　１,雨,北東,1,1,逃げ,1-5-3,8670,24,1-5,3170,9,230,4889,01,1,1,6
2026-04-29,3,予選,0,4,ミッドナイトボートレースｉｎ大村　１,雨,南西,1,1,まくり差し,3-4-2,50230,65,3-4,5610,14,1070,3912,05,3,3,6
2026-04-29,4,予選,0,4,ミッドナイトボートレースｉｎ大村　１,雨,西,1,1,逃げ,1-3-4,700,1,1-3,220,1,140,4839,01,1,1,6
2026-04-29,5,予選,0,4,ミッドナイトボートレースｉｎ大村　１,雨,北東,1,1,まくり,3-4-5,3580,15,3-4,2150,9,510,5384,06,3,4,6
2026-04-29,6,予選,0,4,ミッドナイトボートレースｉｎ大村　１,雨,東,1,1,まくり,4-6-5,3430,12,4-6,1170,6,200,4813,05,4,4,6
2026-04-29,7,予選,1,4,ミッドナイトボートレースｉｎ大村　１,雨,北西,1,1,逃げ,1-2-4,650,2,1-2,260,1,100,4571,01,1,1,6
2026-04-29,8,予選,0,4,ミッドナイトボートレースｉｎ大村　１,雨,東,1,1,抜き,2-4-6,940,2,2-4,420,2,120,4431,04,2,2,6
2026-04-29,9,予選特賞,0,4,ミッドナイトボートレースｉｎ大村　１,雨,東,1,1,まくり,6-3-4,2380,4,6-3,990,4,230,4954,04,6,3,6
2026-04-29,10,予選特選,0,4,ミッドナイトボートレースｉｎ大村　１,雨,東,1,1,まくり差し,6-5-2,31460,80,6-5,3920,16,490,5055,05,6,4,6
2026-04-29,11,予選特選,0,4,ミッドナイトボートレースｉｎ大村　１,雨,東,1,1,逃げ,1-3-4,1120,2,1-3,520,2,160,4174,01,1,1,6
2026-04-29,12,一般特賞,0,4,ミッドナイトボートレースｉｎ大村　１,雨,北東,1,1,抜き,3-1-2,1530,6,3-1,950,4,550,3527,02,3,3,6
2026-04-30,1,一般,0,5,ミッドナイトボートレースｉｎ大村　１,雨,北,1,1,まくり,4-2-5,6070,27,4-2,1950,10,450,4954,04,4,4,6
2026-04-30,2,一般,0,5,ミッドナイトボートレースｉｎ大村　１,雨,北,1,1,抜き,2-6-5,28890,51,2-6,3260,10,240,3516,06,2,2,6
2026-04-30,3,一般,0,5,ミッドナイトボートレースｉｎ大村　１,雨,北,1,1,差し,2-1-3,5370,20,2-1,2380,9,710,3703,02,2,2,6
2026-04-30,4,一般,0,5,ミッドナイトボートレースｉｎ大村　１,雨,北西,1,1,逃げ,1-2-4,1200,3,1-2,330,1,100,4174,01,1,1,6
2026-04-30,5,一般,0,5,ミッドナイトボートレースｉｎ大村　１,雨,西,1,1,抜き,5-2-3,37500,46,5-2,5860,12,380,4983,06,5,3,6
2026-04-30,6,一般,0,5,ミッドナイトボートレースｉｎ大村　１,雨,北西,1,1,まくり,4-3-1,42760,66,4-3,15380,20,3570,4889,03,4,4,6
2026-04-30,7,一般,1,5,ミッドナイトボートレースｉｎ大村　１,雨,西,2,1,まくり差し,4-5-1,10850,28,4-5,5790,13,610,4146,03,4,4,6
2026-04-30,8,一般,0,5,ミッドナイトボートレースｉｎ大村　１,雨,北,1,1,逃げ,1-2-4,1110,1,1-2,430,1,140,3265,01,1,1,6
2026-04-30,9,準優勝戦,0,5,ミッドナイトボートレースｉｎ大村　１,雨,北西,1,1,差し,2-1-3,1260,4,2-1,610,3,330,4055,02,2,2,6
2026-04-30,10,準優勝戦,0,5,ミッドナイトボートレースｉｎ大村　１,雨,北西,1,1,恵まれ,2-3-6,2890,12,2-3,550,1,270,4571,F,2,2,6
2026-04-30,11,準優勝戦,0,5,ミッドナイトボートレースｉｎ大村　１,雨,北西,1,1,まくり差し,4-2-6,43790,60,4-2,8360,14,1720,4718,04,4,4,6
2026-04-30,12,一般,0,5,ミッドナイトボートレースｉｎ大村　１,雨,北,1,1,逃げ,1-2-6,2190,8,1-2,580,3,200,3906,01,1,1,6
2026-05-01,1,一般,0,6,ミッドナイトボートレースｉｎ大村　１,晴,西,3,2,差し,2-1-5,4790,20,2-1,1870,7,660,3584,02,2,2,6
2026-05-01,2,一般,0,6,ミッドナイトボートレースｉｎ大村　１,晴,北西,2,1,まくり,3-1-4,13010,39,3-1,850,4,350,3870,02,3,4,6
2026-05-01,3,一般,0,6,ミッドナイトボートレースｉｎ大村　１,晴,北西,3,2,逃げ,1-2-6,950,3,1-2,540,3,150,4839,01,1,1,6
2026-05-01,4,一般,0,6,ミッドナイトボートレースｉｎ大村　１,晴,北西,2,1,恵まれ,6-1-2,510,3,6-1,370,2,600,3265,01,6,1,6
2026-05-01,5,一般,0,6,ミッドナイトボートレースｉｎ大村　１,晴,北西,2,1,逃げ,1-5-4,3920,16,1-5,1260,5,140,4232,01,1,1,6
2026-05-01,6,一般,0,6,ミッドナイトボートレースｉｎ大村　１,晴,西,2,1,まくり,2-4-1,7430,24,2-4,4580,11,490,5057,03,2,4,6
2026-05-01,7,一般,1,6,ミッドナイトボートレースｉｎ大村　１,晴,北西,1,1,逃げ,1-4-3,2580,10,1-4,1080,6,180,4594,01,1,1,6
2026-05-01,8,一般,0,6,ミッドナイトボートレースｉｎ大村　１,晴,北西,1,1,差し,5-1-3,1140,3,5-1,540,2,230,4979,02,5,2,6
2026-05-01,9,一般特選,0,6,ミッドナイトボートレースｉｎ大村　１,晴,北西,1,1,抜き,1-3-6,3480,14,1-3,440,2,150,3562,01,1,1,6
2026-05-01,10,特別選抜戦Ｂ,0,6,ミッドナイトボートレースｉｎ大村　１,晴,北,1,1,逃げ,1-2-3,1150,2,1-2,470,2,140,3703,01,1,1,6
2026-05-01,11,優勝戦,0,6,ミッドナイトボートレースｉｎ大村　１,晴,北,1,1,まくり差し,5-1-6,18420,37,5-1,3410,9,460,4983,02,5,5,6
2026-05-01,12,特別選抜戦Ａ,0,6,ミッドナイトボートレースｉｎ大村　１,晴,北,1,1,差し,2-1-5,6180,17,2-1,730,3,270,4174,02,2,2,6
2026-05-07,1,予選,0,1,長崎新聞社杯,晴,西,1,1,抜き,3-1-6,5000,19,3-1,990,4,220,3906,02,3,3,6
2026-05-07,2,予選,0,1,長崎新聞社杯,晴,南,2,1,抜き,4-1-2,16280,44,4-1,4110,13,970,4213,02,4,4,6
2026-05-07,3,予選,0,1,長崎新聞社杯,晴,西,1,1,差し,4-2-1,2410,7,4-2,620,3,320,4315,03,4,4,6
2026-05-07,4,予選,0,1,長崎新聞社杯,晴,西,2,1,まくり,4-1-5,10850,40,4-1,5710,17,1430,3523,02,4,4,6
2026-05-07,5,予選,0,1,長崎新聞社杯,晴,西,2,1,まくり,2-3-6,880,2,2-3,230,1,120,4408,06,2,2,6
2026-05-07,6,予選,0,1,長崎新聞社杯,晴,西,2,1,まくり,4-1-5,7680,26,4-1,520,2,200,4842,02,4,4,6
2026-05-07,7,予選,1,1,長崎新聞社杯,晴,西,2,1,抜き,1-2-3,650,2,1-2,160,1,140,3777,01,1,1,6
2026-05-07,8,予選,0,1,長崎新聞社杯,晴,西,2,1,まくり,4-2-6,8670,25,4-2,1330,5,400,4816,05,4,4,6
2026-05-07,9,予選,0,1,長崎新聞社杯,晴,南西,1,1,逃げ,1-3-6,730,3,1-3,240,1,100,5015,01,1,1,6
2026-05-07,10,予選,0,1,長崎新聞社杯,晴,南西,1,1,抜き,1-2-4,770,2,1-2,290,1,120,4499,01,1,1,6
2026-05-07,11,予選特選,0,1,長崎新聞社杯,晴,南西,1,1,逃げ,1-3-2,2080,6,1-3,280,1,180,4966,01,1,1,6
2026-05-07,12,予選特選,0,1,長崎新聞社杯,晴,南西,1,1,逃げ,1-2-3,600,1,1-2,310,2,110,3779,01,1,1,6
2026-05-08,1,予選,0,2,長崎新聞社杯,晴,西,5,4,まくり差し,5-3-1,20430,59,5-3,2150,11,470,4720,03,5,5,6
2026-05-08,2,予選,0,2,長崎新聞社杯,晴,北西,5,4,差し,3-4-5,14980,39,3-4,2940,10,920,4241,04,3,3,6
2026-05-08,3,予選,0,2,長崎新聞社杯,晴,北西,5,4,抜き,1-4-3,930,2,1-4,410,1,150,4549,01,1,1,6
2026-05-08,4,予選,0,2,長崎新聞社杯,晴,北西,5,4,逃げ,1-2-6,320,1,1-2,220,1,110,4695,01,1,1,6
2026-05-08,5,予選,0,2,長崎新聞社杯,晴,北西,5,4,まくり差し,4-3-6,1940,6,4-3,640,2,190,4562,04,4,4,6
2026-05-08,6,予選,0,2,長崎新聞社杯,晴,北西,5,4,逃げ,1-3-2,690,1,1-3,200,1,130,4498,01,1,1,6
2026-05-08,7,予選,1,2,長崎新聞社杯,晴,北西,5,4,逃げ,1-2-5,1910,7,1-2,410,2,150,4259,01,1,1,6
2026-05-08,8,予選,0,2,長崎新聞社杯,晴,北西,5,4,まくり,4-6-3,272180,110,4-6,33200,26,2650,3508,04,4,4,6
2026-05-08,9,予選,0,2,長崎新聞社杯,晴,北西,5,4,抜き,3-4-5,1150,4,3-4,370,2,140,4173,04,3,3,6
2026-05-08,10,予選,0,2,長崎新聞社杯,晴,北西,5,4,逃げ,1-6-2,21900,39,1-6,5880,12,110,3944,01,1,1,6
2026-05-08,11,予選特選,0,2,長崎新聞社杯,晴,西,5,4,まくり差し,5-1-2,5210,16,5-1,1010,4,480,3576,02,5,5,6
2026-05-08,12,予選特選,0,2,長崎新聞社杯,晴,北西,4,3,逃げ,1-4-3,550,2,1-4,290,2,100,4497,01,1,1,6
2026-05-09,1,予選,0,3,長崎新聞社杯,晴,西,2,1,逃げ,1-3-6,3100,9,1-3,450,2,130,4924,01,1,1,6
2026-05-09,2,予選,0,3,長崎新聞社杯,晴,西,2,1,まくり,2-5-3,3710,13,2-5,2360,8,250,4106,04,2,2,6
2026-05-09,3,予選,0,3,長崎新聞社杯,晴,南西,2,1,差し,2-4-3,9120,21,2-4,3390,10,760,5208,04,2,2,6
2026-05-09,4,予選,0,3,長崎新聞社杯,晴,南西,3,2,まくり,3-4-5,5720,25,3-4,970,3,250,3871,04,3,3,6
2026-05-09,5,予選,0,3,長崎新聞社杯,晴,南西,2,1,恵まれ,4-6-5,290,2,4-6,290,2,130,4919,F,4,4,6
2026-05-09,6,予選,0,3,長崎新聞社杯,晴,南西,2,1,差し,2-5-4,1930,7,2-5,620,3,140,4747,05,2,2,6
2026-05-09,7,予選,1,3,長崎新聞社杯,晴,西,2,1,逃げ,1-4-5,1950,6,1-4,310,2,110,4171,01,1,1,6
2026-05-09,8,予選,0,3,長崎新聞社杯,晴,西,2,1,逃げ,1-5-2,780,3,1-5,250,1,110,4072,01,1,1,6
2026-05-09,9,予選,0,3,長崎新聞社杯,晴,北西,2,1,まくり,3-4-1,1160,4,3-4,280,1,110,5250,03,3,3,6
2026-05-09,10,予選特選,0,3,長崎新聞社杯,晴,北西,2,1,逃げ,1-4-6,1520,6,1-4,210,1,170,4553,01,1,1,6
2026-05-09,11,予選特選,0,3,長崎新聞社杯,晴,北,3,2,逃げ,1-5-6,1040,5,1-5,430,2,100,4096,01,1,1,6
2026-05-09,12,一般,0,3,長崎新聞社杯,晴,北,2,1,まくり差し,3-1-5,18270,63,3-1,6760,22,1380,4764,02,3,3,6
2026-05-10,1,一般,0,4,長崎新聞社杯,晴,西,2,1,まくり,3-4-5,7220,24,3-4,2500,10,490,5261,04,3,3,6
2026-05-10,2,一般,0,4,長崎新聞社杯,晴,南西,2,1,抜き,3-1-5,1610,4,3-1,880,3,340,3523,02,3,3,6
2026-05-10,3,一般,0,4,長崎新聞社杯,晴,南,2,1,逃げ,1-5-2,1980,5,1-5,400,2,140,4498,01,1,1,6
2026-05-10,4,一般,0,4,長崎新聞社杯,晴,南西,2,1,逃げ,1-6-3,560,2,1-6,360,2,120,4966,01,1,1,6
2026-05-10,5,一般,0,4,長崎新聞社杯,晴,南西,1,1,まくり差し,3-2-4,35440,60,3-2,7250,16,560,4241,05,3,3,6
2026-05-10,6,一般,0,4,長崎新聞社杯,晴,南西,2,1,逃げ,1-5-2,1720,6,1-5,490,3,100,4096,01,1,1,6
2026-05-10,7,一般,1,4,長崎新聞社杯,晴,南西,1,1,逃げ,1-3-6,1000,4,1-3,470,3,100,4072,01,1,1,6
2026-05-10,8,一般,0,4,長崎新聞社杯,晴,南西,1,1,逃げ,1-4-2,5320,21,1-4,1720,10,190,5309,01,1,1,6
2026-05-10,9,準優勝戦,0,4,長崎新聞社杯,晴,南西,1,1,まくり,3-2-1,6980,21,3-2,3290,10,420,3576,03,3,5,6
2026-05-10,10,準優勝戦,0,4,長崎新聞社杯,晴,南,1,1,逃げ,1-2-6,2690,10,1-2,230,1,120,4497,01,1,1,6
2026-05-10,11,準優勝戦,0,4,長崎新聞社杯,晴,南東,1,1,逃げ,1-2-4,160,1,1-2,120,1,140,4695,01,1,1,6
2026-05-10,12,一般,0,4,長崎新聞社杯,晴,南東,1,1,逃げ,1-2-4,1640,6,1-2,500,2,110,4553,01,1,1,6
2026-05-11,1,一般,0,5,長崎新聞社杯,晴,南,2,1,まくり,4-3-6,4380,16,4-3,1460,8,500,5369,06,4,4,6
2026-05-11,2,一般,0,5,長崎新聞社杯,晴,南,2,1,逃げ,1-2-3,1620,5,1-2,650,3,160,4747,01,1,1,6
2026-05-11,3,一般,0,5,長崎新聞社杯,晴,西,2,1,まくり,2-4-3,9730,41,2-4,3400,14,510,4720,05,2,2,6
2026-05-11,4,一般,0,5,長崎新聞社杯,晴,西,2,1,まくり,4-6-3,30850,81,4-6,4140,15,650,5261,04,4,4,6
2026-05-11,5,一般,0,5,長崎新聞社杯,晴,西,2,1,まくり差し,3-1-6,1170,4,3-1,1030,4,310,4842,02,3,3,6
2026-05-11,6,一般,0,5,長崎新聞社杯,晴,西,1,1,逃げ,1-2-5,330,1,1-2,150,1,100,5015,01,1,1,6
2026-05-11,7,一般,1,5,長崎新聞社杯,晴,西,2,1,逃げ,1-3-5,450,1,1-3,230,1,100,4259,01,1,1,6
2026-05-11,8,一般,0,5,長崎新聞社杯,晴,南西,2,1,逃げ,1-6-4,2830,12,1-6,1000,5,110,4171,01,1,1,6
2026-05-11,9,一般,0,5,長崎新聞社杯,晴,北西,1,1,逃げ,1-6-2,3090,10,1-6,530,2,160,4816,01,1,1,6
2026-05-11,10,特別選抜戦Ｂ,0,5,長崎新聞社杯,晴,北西,1,1,まくり差し,5-1-4,13070,31,5-1,4920,11,890,4549,02,5,5,6
2026-05-11,11,特別選抜戦Ａ,0,5,長崎新聞社杯,晴,北,3,2,逃げ,1-2-4,470,2,1-2,190,1,100,3576,01,1,1,6
2026-05-11,12,優勝戦,0,5,長崎新聞社杯,晴,北,1,1,抜き,2-5-4,12610,32,2-5,3300,8,420,4695,06,2,2,6
2026-05-24,1,予選,0,1,ヴィーナスシリーズ　第４戦　スマホマクール杯,晴,北西,2,1,逃げ,1-4-2,7650,36,1-4,3720,17,700,4990,01,1,1,6
2026-05-24,2,予選,0,1,ヴィーナスシリーズ　第４戦　スマホマクール杯,晴,北西,1,1,まくり差し,3-6-2,23210,81,3-6,3250,16,450,4414,04,3,3,6
2026-05-24,3,予選,0,1,ヴィーナスシリーズ　第４戦　スマホマクール杯,晴,北西,2,1,まくり,2-6-5,9210,33,2-6,1010,4,190,5335,06,2,2,6
2026-05-24,4,予選,0,1,ヴィーナスシリーズ　第４戦　スマホマクール杯,晴,北西,1,1,まくり,3-4-5,3110,12,3-4,1660,8,240,4965,04,3,3,6
2026-05-24,5,予選,0,1,ヴィーナスシリーズ　第４戦　スマホマクール杯,曇り,北西,1,1,逃げ,1-5-2,2320,11,1-5,1140,6,290,4998,01,1,1,6
2026-05-24,6,予選,0,1,ヴィーナスシリーズ　第４戦　スマホマクール杯,曇り,北西,1,1,まくり差し,3-2-6,1530,3,3-2,830,4,430,5361,05,3,3,6
2026-05-24,7,予選,1,1,ヴィーナスシリーズ　第４戦　スマホマクール杯,曇り,北西,1,1,逃げ,1-2-4,430,1,1-2,230,1,130,5129,01,1,1,6
2026-05-24,8,予選,0,1,ヴィーナスシリーズ　第４戦　スマホマクール杯,曇り,北西,1,1,逃げ,1-5-3,13390,26,1-5,5930,11,120,5195,01,1,1,6
2026-05-24,9,予選特賞,0,1,ヴィーナスシリーズ　第４戦　スマホマクール杯,曇り,北西,1,1,抜き,6-3-1,15220,37,6-3,6290,18,830,4689,03,6,6,6
2026-05-24,10,予選特賞,0,1,ヴィーナスシリーズ　第４戦　スマホマクール杯,曇り,北西,1,1,まくり差し,4-3-5,29000,74,4-3,3510,14,500,4974,06,4,4,6
2026-05-24,11,予選特選,0,1,ヴィーナスシリーズ　第４戦　スマホマクール杯,曇り,北西,1,1,まくり,4-2-6,6290,26,4-2,1430,6,280,4927,04,4,4,6
2026-05-24,12,発祥地ドリー,0,1,ヴィーナスシリーズ　第４戦　スマホマクール杯,曇り,北西,1,1,逃げ,1-3-4,1530,3,1-3,410,1,180,4642,01,1,1,6
2026-05-25,1,予選,0,2,ヴィーナスシリーズ　第４戦　スマホマクール杯,晴,南,2,1,差し,2-1-5,1990,7,2-1,280,2,140,3871,02,2,2,6
2026-05-25,2,予選,0,2,ヴィーナスシリーズ　第４戦　スマホマクール杯,晴,南西,2,1,まくり,6-3-5,27130,56,6-3,10870,23,2170,5003,04,6,6,6
2026-05-25,3,予選,0,2,ヴィーナスシリーズ　第４戦　スマホマクール杯,晴,西,2,1,逃げ,1-5-4,8580,33,1-5,2020,9,160,4499,01,1,1,6
2026-05-25,4,予選,0,2,ヴィーナスシリーズ　第４戦　スマホマクール杯,晴,西,2,1,逃げ,1-2-4,1480,3,1-2,600,3,140,5078,01,1,1,6
2026-05-25,5,予選,0,2,ヴィーナスシリーズ　第４戦　スマホマクール杯,晴,北西,2,1,まくり,3-1-5,1400,3,3-1,830,4,260,4300,02,3,3,6
2026-05-25,6,予選,0,2,ヴィーナスシリーズ　第４戦　スマホマクール杯,晴,北西,2,1,まくり差し,5-6-1,11850,41,5-6,3300,14,1710,4893,03,5,5,6
2026-05-25,7,予選,1,2,ヴィーナスシリーズ　第４戦　スマホマクール杯,晴,北西,2,1,差し,2-5-1,3800,13,2-5,3280,7,500,4240,03,2,2,6
2026-05-25,8,予選,0,2,ヴィーナスシリーズ　第４戦　スマホマクール杯,晴,西,1,1,まくり差し,4-1-6,3760,11,4-1,570,2,290,4964,02,4,4,6
2026-05-25,9,予選特賞,0,2,ヴィーナスシリーズ　第４戦　スマホマクール杯,晴,北西,1,1,逃げ,1-2-3,950,4,1-2,200,1,230,4243,01,1,1,6
2026-05-25,10,予選特賞,0,2,ヴィーナスシリーズ　第４戦　スマホマクール杯,晴,北西,2,1,逃げ,1-6-2,1750,9,1-6,590,4,110,4804,01,1,1,6
2026-05-25,11,予選特選,0,2,ヴィーナスシリーズ　第４戦　スマホマクール杯,晴,北西,1,1,逃げ,1-2-3,1110,3,1-2,440,2,130,4347,01,1,1,6
2026-05-25,12,予選特選,0,2,ヴィーナスシリーズ　第４戦　スマホマクール杯,晴,北西,1,1,逃げ,1-3-5,3830,16,1-3,750,4,130,4994,01,1,1,6
2026-05-26,1,予選,0,3,ヴィーナスシリーズ　第４戦　スマホマクール杯,曇り,南,2,1,抜き,2-3-1,6730,28,2-3,2850,12,720,4924,03,2,2,6
2026-05-26,2,予選,0,3,ヴィーナスシリーズ　第４戦　スマホマクール杯,曇り,南東,2,1,逃げ,1-3-2,810,3,1-3,220,1,110,5173,01,1,1,6
2026-05-26,3,予選,0,3,ヴィーナスシリーズ　第４戦　スマホマクール杯,曇り,南東,1,1,まくり,3-2-4,23980,76,3-2,7910,22,580,5250,05,3,3,6
2026-05-26,4,予選,0,3,ヴィーナスシリーズ　第４戦　スマホマクール杯,曇り,南東,2,1,逃げ,1-3-2,4270,18,1-3,2150,10,320,4408,01,1,1,6
2026-05-26,5,予選,0,3,ヴィーナスシリーズ　第４戦　スマホマクール杯,曇り,南東,1,1,差し,2-1-3,7930,30,2-1,1810,7,530,4501,02,2,2,6
2026-05-26,6,予選,0,3,ヴィーナスシリーズ　第４戦　スマホマクール杯,曇り,東,2,1,まくり差し,5-2-3,32680,64,5-2,4110,10,1360,5305,05,5,5,6
2026-05-26,7,予選,1,3,ヴィーナスシリーズ　第４戦　スマホマクール杯,曇り,東,2,1,差し,2-1-3,850,2,2-1,490,2,240,4791,02,2,2,6
2026-05-26,8,予選,0,3,ヴィーナスシリーズ　第４戦　スマホマクール杯,曇り,北東,2,1,まくり,3-1-5,1370,6,3-1,410,2,180,5118,02,3,3,6
2026-05-26,9,予選特賞,0,3,ヴィーナスシリーズ　第４戦　スマホマクール杯,曇り,北東,2,1,差し,2-3-1,2770,9,2-3,370,1,120,5164,03,2,2,6
2026-05-26,10,予選特賞,0,3,ヴィーナスシリーズ　第４戦　スマホマクール杯,曇り,北東,2,1,逃げ,1-4-6,3690,13,1-4,1140,4,140,4443,01,1,1,6
2026-05-26,11,予選特選,0,3,ヴィーナスシリーズ　第４戦　スマホマクール杯,曇り,南東,1,1,逃げ,1-3-5,570,1,1-3,240,1,140,5045,01,1,1,6
2026-05-26,12,予選特選,0,3,ヴィーナスシリーズ　第４戦　スマホマクール杯,曇り,北東,2,1,逃げ,1-3-4,690,1,1-3,230,1,110,3999,01,1,1,6
2026-05-27,1,予選,0,4,ヴィーナスシリーズ　第４戦　スマホマクール杯,雨,東,2,1,逃げ,1-5-4,4080,15,1-5,430,2,140,4720,01,1,1,6
2026-05-27,2,予選,0,4,ヴィーナスシリーズ　第４戦　スマホマクール杯,雨,東,1,1,まくり差し,6-1-2,14810,41,6-1,2510,12,630,4479,02,6,6,6
2026-05-27,3,予選,0,4,ヴィーナスシリーズ　第４戦　スマホマクール杯,雨,南東,1,1,差し,2-1-5,3200,9,2-1,1160,4,440,5241,02,2,2,6
2026-05-27,4,予選,0,4,ヴィーナスシリーズ　第４戦　スマホマクール杯,雨,南,1,1,恵まれ,1-3-2,390,1,1-3,250,1,160,5277,01,1,1,6
2026-05-27,5,予選,0,4,ヴィーナスシリーズ　第４戦　スマホマクール杯,雨,南,1,1,抜き,1-5-4,5350,21,1-5,2490,9,240,4941,01,1,1,6
2026-05-27,6,予選,0,4,ヴィーナスシリーズ　第４戦　スマホマクール杯,雨,南,1,1,逃げ,1-3-6,11470,48,1-3,1870,8,500,5362,01,1,1,6
2026-05-27,7,予選,1,4,ヴィーナスシリーズ　第４戦　スマホマクール杯,雨,東,1,1,まくり,3-1-4,600,2,3-1,390,2,190,5213,02,3,3,6
2026-05-27,8,予選,0,4,ヴィーナスシリーズ　第４戦　スマホマクール杯,雨,南,1,1,逃げ,1-5-4,740,2,1-5,310,1,120,5129,01,1,1,6
2026-05-27,9,予選特賞,0,4,ヴィーナスシリーズ　第４戦　スマホマクール杯,曇り,南,1,1,逃げ,1-3-5,920,3,1-3,200,1,100,5218,01,1,1,6
2026-05-27,10,予選特選,0,4,ヴィーナスシリーズ　第４戦　スマホマクール杯,曇り,南東,1,1,逃げ,1-3-2,1030,3,1-3,380,2,110,4642,01,1,1,6
2026-05-27,11,予選特選,0,4,ヴィーナスシリーズ　第４戦　スマホマクール杯,雨,南東,1,1,逃げ,1-2-4,780,2,1-2,310,1,120,4938,01,1,1,6
2026-05-27,12,一般特賞,0,4,ヴィーナスシリーズ　第４戦　スマホマクール杯,曇り,東,1,1,まくり,3-1-5,10810,29,3-1,840,3,470,4804,02,3,3,6
2026-05-28,1,一般,0,5,ヴィーナスシリーズ　第４戦　スマホマクール杯,曇り,北,2,1,まくり差し,4-1-2,12310,34,4-1,3280,9,1710,4941,02,4,4,6
2026-05-28,2,一般,0,5,ヴィーナスシリーズ　第４戦　スマホマクール杯,曇り,北西,2,1,逃げ,1-4-6,2400,8,1-4,510,2,200,5078,01,1,1,6
2026-05-28,3,一般,0,5,ヴィーナスシリーズ　第４戦　スマホマクール杯,曇り,北西,2,1,逃げ,1-2-4,2890,9,1-2,430,2,140,4443,01,1,1,6
2026-05-28,4,一般,0,5,ヴィーナスシリーズ　第４戦　スマホマクール杯,曇り,北西,2,1,まくり,4-1-2,1940,7,4-1,790,3,390,5241,02,4,4,6
2026-05-28,5,一般,0,5,ヴィーナスシリーズ　第４戦　スマホマクール杯,曇り,北西,2,1,まくり差し,5-6-2,7410,23,5-6,3160,9,240,4347,05,5,5,6
2026-05-28,6,一般,0,5,ヴィーナスシリーズ　第４戦　スマホマクール杯,曇り,北,2,1,逃げ,1-6-3,770,3,1-6,410,2,140,3999,01,1,1,6
2026-05-28,7,一般,1,5,ヴィーナスシリーズ　第４戦　スマホマクール杯,曇り,北,3,2,差し,2-3-1,24720,32,2-3,9070,10,1160,4938,03,2,2,6
2026-05-28,8,一般,0,5,ヴィーナスシリーズ　第４戦　スマホマクール杯,曇り,北,3,2,逃げ,1-2-3,700,1,1-2,310,1,170,4243,01,1,1,6
2026-05-28,9,準優勝戦,0,5,ヴィーナスシリーズ　第４戦　スマホマクール杯,曇り,北,3,2,抜き,2-5-3,49260,80,2-5,10230,22,1400,4994,05,2,2,6
2026-05-28,10,準優勝戦,0,5,ヴィーナスシリーズ　第４戦　スマホマクール杯,曇り,北,3,2,恵まれ,,,,5-6,110,1,100,5218,F,5,5,6
2026-05-28,11,準優勝戦,0,5,ヴィーナスシリーズ　第４戦　スマホマクール杯,曇り,北,3,2,逃げ,1-2-4,840,3,1-2,240,1,140,5045,01,1,1,6
2026-05-28,12,一般,0,5,ヴィーナスシリーズ　第４戦　スマホマクール杯,曇り,北,3,2,差し,3-6-4,17170,52,3-6,3390,10,520,4974,06,3,3,6
2026-05-29,1,一般,0,6,ヴィーナスシリーズ　第４戦　スマホマクール杯,晴,北西,2,1,逃げ,1-3-4,560,1,1-3,300,1,140,4408,01,1,1,6
2026-05-29,2,一般,0,6,ヴィーナスシリーズ　第４戦　スマホマクール杯,晴,北西,2,1,逃げ,1-3-6,1250,5,1-3,370,2,110,5118,01,1,1,6
2026-05-29,3,一般,0,6,ヴィーナスシリーズ　第４戦　スマホマクール杯,晴,北西,2,1,まくり差し,4-1-5,11370,30,4-1,1000,4,370,4300,02,4,4,6
2026-05-29,4,一般,0,6,ヴィーナスシリーズ　第４戦　スマホマクール杯,晴,北西,2,1,逃げ,1-2-5,1380,3,1-2,360,1,150,4998,01,1,1,6
2026-05-29,5,一般,0,6,ヴィーナスシリーズ　第４戦　スマホマクール杯,晴,北西,2,1,抜き,1-4-6,2150,11,1-4,400,2,160,4240,01,1,1,6
2026-05-29,6,一般,0,6,ヴィーナスシリーズ　第４戦　スマホマクール杯,晴,北西,2,1,まくり差し,5-2-6,4490,16,5-2,2550,10,300,4791,04,5,5,6
2026-05-29,7,一般,1,6,ヴィーナスシリーズ　第４戦　スマホマクール杯,晴,北西,2,1,逃げ,1-4-6,840,3,1-4,330,2,150,4994,01,1,1,6
2026-05-29,8,一般,0,6,ヴィーナスシリーズ　第４戦　スマホマクール杯,晴,北西,2,1,逃げ,1-2-6,940,2,1-2,570,2,270,4924,01,1,1,6
2026-05-29,9,一般特選,0,6,ヴィーナスシリーズ　第４戦　スマホマクール杯,晴,北,2,1,まくり差し,5-1-6,2820,12,5-1,1160,5,420,4927,02,5,5,6
2026-05-29,10,特別選抜戦,0,6,ヴィーナスシリーズ　第４戦　スマホマクール杯,晴,北,3,2,逃げ,1-2-3,560,1,1-2,250,1,110,4642,01,1,1,6
2026-05-29,11,特別選抜戦,0,6,ヴィーナスシリーズ　第４戦　スマホマクール杯,晴,北,2,1,まくり差し,5-1-3,34270,64,5-1,5530,15,1080,5277,02,5,5,6
2026-05-29,12,優勝戦,0,6,ヴィーナスシリーズ　第４戦　スマホマクール杯,晴,北西,2,1,抜き,1-4-5,720,1,1-4,300,1,170,5045,01,1,1,6
2026-06-01,1,予選,0,1,ミッドナイトボートレースｉｎ大村　２,雨,東,1,1,まくり差し,6-2-1,36220,65,6-2,8880,17,5920,3637,03,6,6,6
2026-06-01,2,予選,0,1,ミッドナイトボートレースｉｎ大村　２,雨,南西,1,1,抜き,3-4-1,8680,33,3-4,2900,10,1030,3656,03,3,3,6
2026-06-01,3,予選,0,1,ミッドナイトボートレースｉｎ大村　２,雨,南東,1,1,まくり差し,6-4-1,8550,32,6-4,2490,8,1200,3319,03,6,6,6
2026-06-01,4,予選,0,1,ミッドナイトボートレースｉｎ大村　２,雨,南東,1,1,まくり,2-4-5,2190,4,2-4,440,1,130,3647,06,2,2,6
2026-06-01,5,予選,0,1,ミッドナイトボートレースｉｎ大村　２,曇り,東,2,1,差し,2-4-3,2420,9,2-4,580,3,200,3577,04,2,2,6
2026-06-01,6,予選,0,1,ミッドナイトボートレースｉｎ大村　２,曇り,南東,1,1,逃げ,1-4-3,580,1,1-4,340,2,130,4472,01,1,1,6
2026-06-01,7,予選,1,1,ミッドナイトボートレースｉｎ大村　２,曇り,南東,1,1,抜き,1-3-2,540,2,1-3,170,1,120,5278,01,1,1,6
2026-06-01,8,予選,0,1,ミッドナイトボートレースｉｎ大村　２,曇り,東,1,1,逃げ,1-6-2,1550,5,1-6,650,3,130,3905,01,1,1,6
2026-06-01,9,予選特賞,0,1,ミッドナイトボートレースｉｎ大村　２,曇り,南東,1,1,まくり差し,4-6-1,48770,85,4-6,15090,26,1640,3574,03,4,4,6
2026-06-01,10,予選特賞,0,1,ミッドナイトボートレースｉｎ大村　２,雨,南東,1,1,逃げ,1-6-4,7550,26,1-6,1460,4,210,3627,01,1,1,6
2026-06-01,11,予選特選,0,1,ミッドナイトボートレースｉｎ大村　２,曇り,,0,1,抜き,1-2-6,4240,16,1-2,380,2,120,3654,01,1,1,6
2026-06-01,12,龍神選抜,0,1,ミッドナイトボートレースｉｎ大村　２,曇り,北,1,1,逃げ,1-4-6,3350,15,1-4,480,2,140,4856,01,1,1,6
2026-06-02,1,予選,0,2,ミッドナイトボートレースｉｎ大村　２,晴,北西,6,5,まくり差し,2-5-1,4380,16,2-5,2510,9,710,4603,03,2,3,6
2026-06-02,2,予選,0,2,ミッドナイトボートレースｉｎ大村　２,晴,北,6,5,まくり差し,3-1-5,800,1,3-1,310,1,180,3708,02,3,3,6
2026-06-03,1,予選,0,3,ミッドナイトボートレースｉｎ大村　２,晴,北西,2,1,抜き,4-5-1,1310,1,4-5,520,1,150,4253,03,4,4,6
2026-06-03,2,予選,0,3,ミッドナイトボートレースｉｎ大村　２,晴,北西,1,1,逃げ,1-3-5,2010,7,1-3,450,2,190,3906,01,1,1,6
2026-06-03,3,予選,0,3,ミッドナイトボートレースｉｎ大村　２,晴,北西,1,1,差し,4-1-2,3390,12,4-1,1030,4,360,4003,02,4,4,6
2026-06-03,4,予選,0,3,ミッドナイトボートレースｉｎ大村　２,晴,北西,1,1,まくり差し,2-5-3,2820,10,2-5,1010,6,110,3977,06,2,4,6
2026-06-03,5,予選,0,3,ミッドナイトボートレースｉｎ大村　２,晴,北西,1,1,差し,2-1-3,8790,26,2-1,1940,7,990,4430,02,2,2,6
2026-06-03,6,予選,0,3,ミッドナイトボートレースｉｎ大村　２,晴,北西,1,1,差し,2-1-3,940,3,2-1,270,1,210,3784,02,2,2,6
2026-06-03,7,予選,1,3,ミッドナイトボートレースｉｎ大村　２,晴,西,2,1,逃げ,1-2-4,1430,5,1-2,770,3,150,4427,01,1,1,6
2026-06-03,8,予選,0,3,ミッドナイトボートレースｉｎ大村　２,晴,西,1,1,逃げ,1-2-6,1060,4,1-2,320,1,120,3744,01,1,1,6
2026-06-03,9,予選特賞,0,3,ミッドナイトボートレースｉｎ大村　２,晴,北西,1,1,まくり差し,5-4-2,17820,41,5-4,3800,11,1680,3514,06,5,5,6
2026-06-03,10,予選特賞,0,3,ミッドナイトボートレースｉｎ大村　２,晴,北西,1,1,まくり差し,6-3-1,2760,11,6-3,1040,6,330,4231,03,6,6,6
2026-06-03,11,予選特選,0,3,ミッドナイトボートレースｉｎ大村　２,晴,北西,1,1,逃げ,1-2-4,1920,7,1-2,550,3,130,5058,01,1,1,6
2026-06-03,12,予選特選,0,3,ミッドナイトボートレースｉｎ大村　２,晴,北西,1,1,逃げ,1-6-2,1140,4,1-6,440,2,120,5028,01,1,1,6
2026-06-04,1,一般,0,4,ミッドナイトボートレースｉｎ大村　２,雨,東,2,1,逃げ,1-3-5,1060,3,1-3,310,1,300,4393,01,1,1,6
2026-06-04,2,一般,0,4,ミッドナイトボートレースｉｎ大村　２,雨,北,1,1,逃げ,1-4-6,5150,18,1-4,490,2,150,4625,01,1,1,6
2026-06-04,3,一般,0,4,ミッドナイトボートレースｉｎ大村　２,雨,北東,1,1,まくり,2-4-3,11200,34,2-4,4400,13,400,4880,05,2,2,6
2026-06-04,4,一般,0,4,ミッドナイトボートレースｉｎ大村　２,雨,南西,3,2,まくり差し,3-1-4,10650,47,3-1,3660,19,870,5201,02,3,3,6
2026-06-04,5,一般,0,4,ミッドナイトボートレースｉｎ大村　２,雨,南西,2,1,抜き,3-5-1,3960,20,3-5,940,4,300,4339,03,3,3,6
2026-06-04,6,一般,0,4,ミッドナイトボートレースｉｎ大村　２,雨,北西,1,1,まくり,2-3-1,6080,18,2-3,2120,6,170,5050,03,2,2,6
2026-06-04,7,一般,1,4,ミッドナイトボートレースｉｎ大村　２,雨,南,1,1,まくり差し,3-1-4,2120,6,3-1,580,2,270,4561,02,3,3,6
2026-06-04,8,一般,0,4,ミッドナイトボートレースｉｎ大村　２,雨,南,1,1,逃げ,1-3-2,1020,2,1-3,520,1,210,4461,01,1,1,6
2026-06-04,9,一般特選,0,4,ミッドナイトボートレースｉｎ大村　２,曇り,南西,1,1,差し,2-1-5,16970,44,2-1,2120,6,1380,4538,02,2,2,6
2026-06-04,10,特別選抜戦Ｂ,0,4,ミッドナイトボートレースｉｎ大村　２,雨,南西,2,1,逃げ,1-4-2,1410,2,1-4,780,3,230,4638,01,1,1,6
2026-06-04,11,優勝戦,0,4,ミッドナイトボートレースｉｎ大村　２,雨,南西,2,1,まくり差し,3-1-4,10100,25,3-1,2230,6,820,5278,02,3,3,6
2026-06-04,12,特別選抜戦Ａ,0,4,ミッドナイトボートレースｉｎ大村　２,雨,南,1,1,逃げ,1-5-3,1590,4,1-5,740,3,210,5028,01,1,1,6
2026-06-06,1,予選,0,1,ミッドナイトボートレースｉｎ大村　３,曇り,北西,2,1,まくり差し,5-1-3,2920,12,5-1,1100,5,830,3303,02,5,5,6
2026-06-06,2,予選,0,1,ミッドナイトボートレースｉｎ大村　３,曇り,北,2,1,差し,4-2-5,2010,3,4-2,860,2,470,3297,04,4,2,6
2026-06-06,3,予選,0,1,ミッドナイトボートレースｉｎ大村　３,曇り,北,2,1,逃げ,1-2-4,7160,27,1-2,770,4,200,3282,01,1,1,6
2026-06-06,4,予選,0,1,ミッドナイトボートレースｉｎ大村　３,曇り,北,1,1,差し,2-1-3,6180,18,2-1,1570,7,660,5158,02,2,2,6
2026-06-06,5,予選,0,1,ミッドナイトボートレースｉｎ大村　３,曇り,北,1,1,まくり,3-2-4,1680,6,3-2,500,2,240,3895,06,3,3,6
2026-06-06,6,予選,0,1,ミッドナイトボートレースｉｎ大村　３,曇り,北,1,1,まくり差し,4-3-5,12160,31,4-3,3800,10,2080,5243,04,4,4,6
2026-06-06,7,予選,1,1,ミッドナイトボートレースｉｎ大村　３,曇り,北西,1,1,逃げ,1-5-2,4460,14,1-5,2590,10,170,3900,01,1,1,6
2026-06-06,8,予選,0,1,ミッドナイトボートレースｉｎ大村　３,曇り,西,1,1,逃げ,1-5-4,7120,24,1-5,930,4,110,4302,01,1,1,6
2026-06-06,9,予選特賞,0,1,ミッドナイトボートレースｉｎ大村　３,雨,南,1,1,逃げ,1-3-2,1450,3,1-3,560,2,170,3580,01,1,1,6
2026-06-06,10,予選特賞,0,1,ミッドナイトボートレースｉｎ大村　３,雨,北東,1,1,逃げ,1-5-2,2460,10,1-5,540,2,150,5238,01,1,1,6
2026-06-06,11,予選特選,0,1,ミッドナイトボートレースｉｎ大村　３,雨,東,1,1,逃げ,1-4-6,2970,10,1-4,1320,4,140,4379,01,1,1,6
2026-06-06,12,発祥地選抜,0,1,ミッドナイトボートレースｉｎ大村　３,雨,東,2,1,逃げ,1-2-3,790,1,1-2,290,1,150,4288,01,1,1,6
2026-06-07,1,予選,0,2,ミッドナイトボートレースｉｎ大村　３,晴,南西,1,1,まくり,5-1-6,3020,10,5-1,710,3,150,3212,02,5,5,6
2026-06-07,2,予選,0,2,ミッドナイトボートレースｉｎ大村　３,晴,南西,1,1,逃げ,1-4-2,1740,5,1-4,700,3,100,3454,01,1,1,6
2026-06-07,3,予選,0,2,ミッドナイトボートレースｉｎ大村　３,晴,南西,1,1,抜き,3-1-2,3510,14,3-1,1410,7,210,3297,04,3,4,6
2026-06-07,4,予選,0,2,ミッドナイトボートレースｉｎ大村　３,晴,南西,1,1,まくり差し,5-1-6,25030,43,5-1,3690,9,700,4172,02,5,5,6
2026-06-07,5,予選,0,2,ミッドナイトボートレースｉｎ大村　３,晴,南西,1,1,抜き,1-2-4,1280,3,1-2,270,1,220,4469,01,1,1,6
2026-06-07,6,予選,0,2,ミッドナイトボートレースｉｎ大村　３,晴,南西,1,1,まくり,3-5-6,6680,26,3-5,1710,9,430,4632,06,3,3,6
2026-06-07,7,予選,1,2,ミッドナイトボートレースｉｎ大村　３,晴,南西,1,1,差し,2-3-5,14400,31,2-3,3230,9,240,4163,05,2,2,6
2026-06-07,8,予選,0,2,ミッドナイトボートレースｉｎ大村　３,晴,南西,2,1,逃げ,1-5-4,4270,18,1-5,1880,7,120,4535,01,1,1,6
2026-06-07,9,予選特賞,0,2,ミッドナイトボートレースｉｎ大村　３,晴,南西,2,1,まくり,3-5-4,2260,6,3-5,610,2,210,3546,05,3,3,6
2026-06-07,10,予選特賞,0,2,ミッドナイトボートレースｉｎ大村　３,晴,南西,1,1,逃げ,1-3-2,930,2,1-3,300,1,160,4401,01,1,1,6
2026-06-07,11,予選特選,0,2,ミッドナイトボートレースｉｎ大村　３,晴,南,1,1,逃げ,1-2-3,1890,6,1-2,890,4,170,4298,01,1,1,6
2026-06-07,12,予選特選,0,2,ミッドナイトボートレースｉｎ大村　３,晴,南,1,1,逃げ,1-3-4,1120,4,1-3,350,2,130,4539,01,1,1,6
2026-06-08,1,予選,0,3,ミッドナイトボートレースｉｎ大村　３,雨,北,2,1,差し,2-3-5,2490,9,2-3,1140,7,390,4041,04,2,2,6
2026-06-08,2,予選,0,3,ミッドナイトボートレースｉｎ大村　３,雨,北,3,2,まくり差し,3-2-6,4290,17,3-2,1240,3,420,3631,06,3,4,6
2026-06-08,3,予選,0,3,ミッドナイトボートレースｉｎ大村　３,雨,北,2,1,まくり,4-5-6,10620,35,4-5,2800,10,1110,4315,04,4,4,6
2026-06-08,4,予選,0,3,ミッドナイトボートレースｉｎ大村　３,雨,北,2,1,逃げ,1-5-3,1240,5,1-5,1000,5,150,4527,01,1,1,6
2026-06-08,5,予選,0,3,ミッドナイトボートレースｉｎ大村　３,雨,北東,1,1,まくり差し,6-2-3,7620,32,6-2,4080,14,2720,4113,04,6,5,6
2026-06-08,6,予選,0,3,ミッドナイトボートレースｉｎ大村　３,雨,南,1,1,逃げ,1-2-4,2760,9,1-2,830,3,150,4496,01,1,1,6
2026-06-08,7,予選,1,3,ミッドナイトボートレースｉｎ大村　３,雨,北西,1,1,逃げ,1-4-2,480,2,1-4,210,1,110,4737,01,1,1,6
2026-06-08,8,予選,0,3,ミッドナイトボートレースｉｎ大村　３,雨,東,1,1,まくり,4-2-5,3100,12,4-2,1230,6,160,4950,04,4,4,6
2026-06-08,9,予選特賞,0,3,ミッドナイトボートレースｉｎ大村　３,雨,東,1,1,逃げ,1-2-3,890,3,1-2,560,3,150,4610,01,1,1,6
2026-06-08,10,予選特選,0,3,ミッドナイトボートレースｉｎ大村　３,雨,,0,1,まくり差し,6-1-2,8330,20,6-1,2730,7,740,4428,02,6,6,6
2026-06-08,11,予選特選,0,3,ミッドナイトボートレースｉｎ大村　３,雨,東,1,1,逃げ,1-2-3,720,1,1-2,340,2,140,4174,01,1,1,6
2026-06-08,12,一般特賞,0,3,ミッドナイトボートレースｉｎ大村　３,雨,,0,1,まくり差し,4-2-3,9010,30,4-2,2340,9,740,4784,05,4,4,6
2026-06-09,1,一般,0,4,ミッドナイトボートレースｉｎ大村　３,曇り,南,1,1,まくり差し,4-5-3,54420,78,4-5,12040,20,1800,5154,04,4,4,6
2026-06-09,2,一般,0,4,ミッドナイトボートレースｉｎ大村　３,曇り,南,1,1,逃げ,1-3-6,1180,3,1-3,270,1,150,5013,01,1,1,6
2026-06-09,3,一般,0,4,ミッドナイトボートレースｉｎ大村　３,晴,南,1,1,逃げ,1-2-3,1940,10,1-2,650,3,120,4379,01,1,1,6
2026-06-09,4,一般,0,4,ミッドナイトボートレースｉｎ大村　３,晴,南,1,1,差し,2-1-6,11890,39,2-1,1680,5,1060,4298,02,2,2,6
2026-06-09,5,一般,0,4,ミッドナイトボートレースｉｎ大村　３,晴,南,1,1,逃げ,1-4-5,640,1,1-4,220,1,100,4174,01,1,1,6
2026-06-09,6,一般,0,4,ミッドナイトボートレースｉｎ大村　３,晴,南,1,1,まくり,4-3-6,47660,67,4-3,19810,22,1010,4610,06,4,4,6
2026-06-09,7,一般,1,4,ミッドナイトボートレースｉｎ大村　３,晴,南,1,1,逃げ,1-6-2,1740,8,1-6,320,1,130,4496,01,1,1,6
2026-06-09,8,一般,0,4,ミッドナイトボートレースｉｎ大村　３,晴,南東,1,1,まくり,3-5-6,3100,5,3-5,640,1,220,4727,04,3,3,6
2026-06-09,9,準優勝戦,0,4,ミッドナイトボートレースｉｎ大村　３,晴,南東,1,1,まくり,6-2-3,10240,48,6-2,2910,13,660,3900,06,6,2,6
2026-06-09,10,準優勝戦,0,4,ミッドナイトボートレースｉｎ大村　３,晴,南,1,1,まくり,6-2-1,92640,99,6-2,26950,29,2030,4737,03,6,6,6
2026-06-09,11,準優勝戦,0,4,ミッドナイトボートレースｉｎ大村　３,晴,南,1,1,逃げ,1-2-3,1400,4,1-2,620,3,170,4288,01,1,1,6
2026-06-09,12,一般,0,4,ミッドナイトボートレースｉｎ大村　３,晴,南東,1,1,逃げ,1-2-4,2060,7,1-2,520,2,160,4876,01,1,1,6
2026-06-10,1,一般,0,5,ミッドナイトボートレースｉｎ大村　３,晴,北西,2,1,逃げ,1-3-5,1240,3,1-3,340,1,120,3282,01,1,1,6
2026-06-10,2,一般,0,5,ミッドナイトボートレースｉｎ大村　３,晴,北西,2,1,まくり,1-4-2,3850,15,1-4,1660,7,200,3297,04,1,2,6
2026-06-10,3,一般,0,5,ミッドナイトボートレースｉｎ大村　３,晴,北西,2,1,逃げ,1-4-6,1090,1,1-4,320,1,110,4469,01,1,1,6
2026-06-10,4,一般,0,5,ミッドナイトボートレースｉｎ大村　３,晴,北,2,1,まくり,5-1-6,1640,6,5-1,940,4,370,4401,02,5,5,6
2026-06-10,5,一般,0,5,ミッドナイトボートレースｉｎ大村　３,晴,北,2,1,まくり,5-1-6,3970,16,5-1,2560,12,760,5156,02,5,5,6
2026-06-10,6,一般,0,5,ミッドナイトボートレースｉｎ大村　３,晴,北,2,1,逃げ,1-2-5,450,1,1-2,210,1,130,4428,01,1,1,6
2026-06-10,7,一般,1,5,ミッドナイトボートレースｉｎ大村　３,晴,北,2,1,逃げ,1-2-6,660,1,1-2,230,1,110,5238,01,1,1,6
2026-06-10,8,一般,0,5,ミッドナイトボートレースｉｎ大村　３,晴,北,3,2,逃げ,1-5-3,920,4,1-5,230,1,100,4539,01,1,1,6
2026-06-10,9,一般特選,0,5,ミッドナイトボートレースｉｎ大村　３,晴,北,3,2,まくり,4-1-6,3590,13,4-1,720,4,490,5243,02,4,4,6
2026-06-10,10,特別選抜戦Ｂ,0,5,ミッドナイトボートレースｉｎ大村　３,晴,北,3,2,逃げ,1-2-5,510,2,1-2,150,1,110,5158,01,1,1,6
2026-06-10,11,優勝戦,0,5,ミッドナイトボートレースｉｎ大村　３,晴,北,3,2,恵まれ,4-1-2,4660,11,4-1,1750,6,760,4288,02,4,4,6
2026-06-10,12,特別選抜戦Ａ,0,5,ミッドナイトボートレースｉｎ大村　３,晴,北,2,1,逃げ,1-2-3,940,1,1-2,370,1,130,4737,01,1,1,6
2026-06-17,1,予選,0,1,ボートレース発祥地記念第３０回モーターボート誕生祭,晴,北,1,1,差し,3-2-4,15420,45,3-2,5680,17,1160,4171,04,3,3,6
2026-06-17,2,予選,0,1,ボートレース発祥地記念第３０回モーターボート誕生祭,晴,西,2,1,逃げ,1-2-4,900,1,1-2,340,1,140,4415,01,1,1,6
2026-06-17,3,予選,0,1,ボートレース発祥地記念第３０回モーターボート誕生祭,晴,北西,1,1,まくり差し,5-4-1,12950,49,5-4,3940,14,2110,4531,03,5,5,6
2026-06-17,4,予選,0,1,ボートレース発祥地記念第３０回モーターボート誕生祭,晴,北西,1,1,まくり差し,4-1-6,25110,54,4-1,7010,17,840,3961,02,4,4,6
2026-06-17,5,予選,0,1,ボートレース発祥地記念第３０回モーターボート誕生祭,晴,北西,1,1,まくり差し,3-1-2,3310,9,3-1,860,4,660,3984,02,3,3,6
2026-06-17,6,予選,0,1,ボートレース発祥地記念第３０回モーターボート誕生祭,晴,西,1,1,逃げ,1-6-4,3690,14,1-6,1630,6,210,4042,01,1,1,6
2026-06-17,7,予選,0,1,ボートレース発祥地記念第３０回モーターボート誕生祭,晴,西,2,1,まくり,2-5-3,17770,60,2-5,3020,12,260,4441,06,2,2,6
2026-06-17,8,予選,0,1,ボートレース発祥地記念第３０回モーターボート誕生祭,晴,北西,2,1,逃げ,1-3-2,690,1,1-3,290,1,130,5042,01,1,1,6
2026-06-17,9,予選,0,1,ボートレース発祥地記念第３０回モーターボート誕生祭,晴,北西,2,1,差し,2-1-3,2820,10,2-1,1790,5,780,4645,02,2,2,6
2026-06-17,10,予選,0,1,ボートレース発祥地記念第３０回モーターボート誕生祭,晴,北,2,1,抜き,1-3-5,1060,2,1-3,340,1,120,3908,01,1,1,6
2026-06-17,11,予選,0,1,ボートレース発祥地記念第３０回モーターボート誕生祭,晴,北西,2,1,逃げ,1-2-5,570,1,1-2,230,1,100,4939,01,1,1,6
2026-06-17,12,発祥地ＤＲ,0,1,ボートレース発祥地記念第３０回モーターボート誕生祭,晴,北,2,1,逃げ,1-4-2,610,2,1-4,260,2,100,3590,01,1,1,6
2026-06-18,1,予選,0,2,ボートレース発祥地記念第３０回モーターボート誕生祭,曇り,南,2,1,まくり差し,5-1-6,9140,45,5-1,3040,14,1050,4966,02,5,5,6
2026-06-18,2,予選,0,2,ボートレース発祥地記念第３０回モーターボート誕生祭,曇り,南西,1,1,逃げ,1-4-5,2370,9,1-4,840,3,120,4241,01,1,1,6
2026-06-18,3,予選,0,2,ボートレース発祥地記念第３０回モーターボート誕生祭,曇り,南西,1,1,逃げ,1-3-2,1080,3,1-3,260,1,100,4659,01,1,1,6
2026-06-18,4,予選,0,2,ボートレース発祥地記念第３０回モーターボート誕生祭,曇り,南,1,1,まくり差し,3-1-6,5550,20,3-1,690,3,370,3944,02,3,3,6
2026-06-18,5,予選,0,2,ボートレース発祥地記念第３０回モーターボート誕生祭,曇り,南,1,1,逃げ,1-5-2,2450,12,1-5,410,2,100,4290,01,1,1,6
2026-06-18,6,予選,0,2,ボートレース発祥地記念第３０回モーターボート誕生祭,曇り,南東,1,1,まくり差し,6-1-3,6110,19,6-1,2420,7,590,4989,02,6,6,6
2026-06-18,7,予選,0,2,ボートレース発祥地記念第３０回モーターボート誕生祭,曇り,南,1,1,逃げ,1-4-2,1710,7,1-4,830,3,130,4828,01,1,1,6
2026-06-18,8,予選,0,2,ボートレース発祥地記念第３０回モーターボート誕生祭,曇り,南東,2,1,逃げ,1-2-6,7100,26,1-2,550,2,180,5104,01,1,1,6
2026-06-18,9,予選,0,2,ボートレース発祥地記念第３０回モーターボート誕生祭,曇り,南東,3,2,逃げ,1-2-6,2090,6,1-2,300,1,130,4590,01,1,1,6
2026-06-18,10,予選,0,2,ボートレース発祥地記念第３０回モーターボート誕生祭,曇り,東,2,1,逃げ,1-3-2,1250,4,1-3,530,3,170,3942,01,1,1,6
2026-06-18,11,予選,0,2,ボートレース発祥地記念第３０回モーターボート誕生祭,曇り,南東,2,1,逃げ,1-3-5,930,1,1-3,310,1,150,3854,01,1,1,6
2026-06-18,12,予選,0,2,ボートレース発祥地記念第３０回モーターボート誕生祭,曇り,東,2,1,まくり差し,3-1-5,3220,12,3-1,1460,5,970,4477,02,3,3,6
2026-06-19,1,予選,0,3,ボートレース発祥地記念第３０回モーターボート誕生祭,雨,南,1,1,まくり,2-3-6,8210,34,2-3,1830,7,310,3777,04,2,2,6
2026-06-19,2,予選,0,3,ボートレース発祥地記念第３０回モーターボート誕生祭,雨,北東,1,1,逃げ,1-2-4,1700,5,1-2,300,1,110,5043,01,1,1,6
2026-06-19,3,予選,0,3,ボートレース発祥地記念第３０回モーターボート誕生祭,雨,東,1,1,抜き,1-2-6,3260,10,1-2,560,2,120,4804,01,1,1,6
2026-06-19,4,予選,0,3,ボートレース発祥地記念第３０回モーターボート誕生祭,雨,東,2,1,逃げ,1-4-5,2040,8,1-4,360,1,120,4704,01,1,1,6
2026-06-19,5,予選,0,3,ボートレース発祥地記念第３０回モーターボート誕生祭,雨,南東,3,2,逃げ,1-4-6,3810,15,1-4,1640,7,170,4420,01,1,1,6
2026-06-19,6,予選,0,3,ボートレース発祥地記念第３０回モーターボート誕生祭,雨,南西,3,2,まくり差し,3-2-4,10260,37,3-2,3190,12,870,5002,06,3,3,6
2026-06-19,7,予選,0,3,ボートレース発祥地記念第３０回モーターボート誕生祭,雨,南西,3,2,まくり差し,5-2-6,6270,22,5-2,2560,9,490,5075,05,5,5,6
2026-06-19,8,予選,0,3,ボートレース発祥地記念第３０回モーターボート誕生祭,雨,南西,3,2,逃げ,1-4-2,2400,5,1-4,850,2,100,5256,01,1,1,6
2026-06-19,9,予選,0,3,ボートレース発祥地記念第３０回モーターボート誕生祭,曇り,南西,3,2,逃げ,1-3-4,2120,8,1-3,640,3,120,4352,01,1,1,6
2026-06-19,10,予選,0,3,ボートレース発祥地記念第３０回モーターボート誕生祭,曇り,南西,4,3,まくり,3-4-6,13590,31,3-4,1470,7,300,4961,F,3,3,6
2026-06-19,11,予選,0,3,ボートレース発祥地記念第３０回モーターボート誕生祭,雨,南西,2,1,抜き,1-4-3,1610,6,1-4,520,3,120,3388,01,1,1,6
2026-06-19,12,予選,0,3,ボートレース発祥地記念第３０回モーターボート誕生祭,曇り,南西,2,1,逃げ,1-5-3,1650,5,1-5,740,3,160,4028,01,1,1,6
2026-06-20,1,予選,0,4,ボートレース発祥地記念第３０回モーターボート誕生祭,雨,南西,7,6,差し,4-3-1,16990,59,4-3,3010,13,850,5055,03,4,4,6
2026-06-20,2,予選,0,4,ボートレース発祥地記念第３０回モーターボート誕生祭,雨,南西,7,6,まくり差し,3-1-5,4740,14,3-1,1250,4,530,4227,02,3,3,6
2026-06-20,3,予選,0,4,ボートレース発祥地記念第３０回モーターボート誕生祭,雨,南西,7,6,恵まれ,2-3-5,950,1,2-3,560,1,230,4600,F,2,2,6
2026-06-20,4,予選,0,4,ボートレース発祥地記念第３０回モーターボート誕生祭,雨,南西,7,6,まくり差し,3-1-5,2310,8,3-1,1470,5,1380,4095,02,3,3,6
2026-06-20,5,予選,0,4,ボートレース発祥地記念第３０回モーターボート誕生祭,雨,南西,7,6,まくり,4-1-2,3390,9,4-1,1230,4,560,4370,02,4,5,6
2026-06-20,6,予選,0,4,ボートレース発祥地記念第３０回モーターボート誕生祭,雨,南西,7,6,逃げ,1-4-5,1380,6,1-4,290,1,110,4908,01,1,1,6
2026-06-20,7,予選,0,4,ボートレース発祥地記念第３０回モーターボート誕生祭,雨,南西,7,6,逃げ,1-3-2,720,2,1-3,370,2,140,4991,01,1,1,6
2026-06-20,8,予選,0,4,ボートレース発祥地記念第３０回モーターボート誕生祭,雨,南西,7,6,まくり,2-6-4,2480,9,2-6,1040,4,420,4409,06,2,2,6
2026-06-20,9,予選,0,4,ボートレース発祥地記念第３０回モーターボート誕生祭,雨,南西,6,5,逃げ,1-6-3,15780,32,1-6,2610,7,130,5142,01,1,1,6
2026-06-20,10,予選,0,4,ボートレース発祥地記念第３０回モーターボート誕生祭,雨,南西,5,4,逃げ,1-3-2,1670,6,1-3,520,3,130,4685,01,1,1,6
2026-06-20,11,予選,0,4,ボートレース発祥地記念第３０回モーターボート誕生祭,雨,南西,5,4,差し,3-6-1,37720,64,3-6,11850,24,660,3959,03,3,3,6
2026-06-20,12,一般,0,4,ボートレース発祥地記念第３０回モーターボート誕生祭,雨,南西,5,4,まくり差し,4-1-2,3990,11,4-1,1110,5,700,4352,02,4,4,6
2026-06-21,1,一般,0,5,ボートレース発祥地記念第３０回モーターボート誕生祭,晴,北西,1,1,まくり,4-1-5,14150,32,4-1,2860,8,450,5029,02,4,4,6
2026-06-21,2,一般,0,5,ボートレース発祥地記念第３０回モーターボート誕生祭,晴,北西,2,1,逃げ,1-5-4,4840,20,1-5,780,3,350,3984,01,1,1,6
2026-06-21,3,一般,0,5,ボートレース発祥地記念第３０回モーターボート誕生祭,晴,北西,2,1,逃げ,1-2-3,1090,3,1-2,330,1,140,5087,01,1,1,6
2026-06-21,4,一般,0,5,ボートレース発祥地記念第３０回モーターボート誕生祭,晴,北西,2,1,逃げ,1-3-4,940,1,1-3,360,1,110,5142,01,1,1,6
2026-06-21,5,一般,0,5,ボートレース発祥地記念第３０回モーターボート誕生祭,晴,北,2,1,まくり差し,3-6-4,8040,34,3-6,2970,14,200,4553,06,3,3,6
2026-06-21,6,一般,0,5,ボートレース発祥地記念第３０回モーターボート誕生祭,晴,北,2,1,逃げ,1-3-6,830,1,1-3,310,1,110,5043,01,1,1,6
2026-06-21,7,一般,0,5,ボートレース発祥地記念第３０回モーターボート誕生祭,晴,北西,2,1,逃げ,1-3-2,670,2,1-3,200,1,110,4685,01,1,1,6
2026-06-21,8,一般,0,5,ボートレース発祥地記念第３０回モーターボート誕生祭,晴,北西,2,1,逃げ,1-3-4,2200,10,1-3,550,3,120,4828,01,1,1,6
2026-06-21,9,準優勝戦,0,5,ボートレース発祥地記念第３０回モーターボート誕生祭,晴,北西,2,1,逃げ,1-2-3,620,2,1-2,210,1,120,4290,01,1,1,6
2026-06-21,10,準優勝戦,0,5,ボートレース発祥地記念第３０回モーターボート誕生祭,晴,北,2,1,逃げ,1-2-3,710,1,1-2,240,1,110,3590,01,1,1,6
2026-06-21,11,準優勝戦,0,5,ボートレース発祥地記念第３０回モーターボート誕生祭,晴,北,2,1,逃げ,1-2-3,520,1,1-2,210,1,100,4659,01,1,1,6
2026-06-21,12,一般,0,5,ボートレース発祥地記念第３０回モーターボート誕生祭,晴,北西,2,1,逃げ,1-5-6,2410,11,1-5,740,3,150,4590,01,1,1,6
2026-06-22,1,一般,0,6,ボートレース発祥地記念第３０回モーターボート誕生祭,雨,北,2,1,逃げ,1-2-3,1020,2,1-2,280,1,120,4241,01,1,1,6
2026-06-22,2,一般,0,6,ボートレース発祥地記念第３０回モーターボート誕生祭,雨,北,3,2,まくり,2-4-5,47250,58,2-4,13060,18,680,4095,04,2,2,6
2026-06-22,3,一般,0,6,ボートレース発祥地記念第３０回モーターボート誕生祭,雨,北,1,1,まくり差し,4-5-6,9350,25,4-5,5420,13,1210,5042,05,4,4,6
2026-06-22,4,一般,0,6,ボートレース発祥地記念第３０回モーターボート誕生祭,雨,北,1,1,逃げ,1-3-2,1060,2,1-3,400,1,170,4028,01,1,1,6
2026-06-22,5,一般,0,6,ボートレース発祥地記念第３０回モーターボート誕生祭,雨,西,1,1,逃げ,1-2-3,740,2,1-2,370,2,130,3908,01,1,1,6
2026-06-22,6,一般,0,6,ボートレース発祥地記念第３０回モーターボート誕生祭,雨,北,2,1,逃げ,1-4-5,1590,7,1-4,450,3,110,4477,01,1,1,6
2026-06-22,7,一般,0,6,ボートレース発祥地記念第３０回モーターボート誕生祭,雨,北東,1,1,逃げ,1-3-6,5720,17,1-3,460,3,100,4908,01,1,1,6
2026-06-22,8,一般,0,6,ボートレース発祥地記念第３０回モーターボート誕生祭,雨,北東,1,1,逃げ,1-4-5,1210,2,1-4,440,3,140,3388,01,1,1,6
2026-06-22,9,発祥地選抜戦,0,6,ボートレース発祥地記念第３０回モーターボート誕生祭,雨,西,1,1,逃げ,1-4-2,2460,8,1-4,860,3,140,4415,01,1,1,6
2026-06-22,10,特別選抜戦,0,6,ボートレース発祥地記念第３０回モーターボート誕生祭,雨,北東,1,1,逃げ,1-2-3,590,1,1-2,270,1,130,4991,01,1,1,6
2026-06-22,11,特別選抜戦,0,6,ボートレース発祥地記念第３０回モーターボート誕生祭,雨,南,1,1,逃げ,1-2-3,660,2,1-2,350,2,110,3837,01,1,1,6
2026-06-22,12,優勝戦,0,6,ボートレース発祥地記念第３０回モーターボート誕生祭,雨,南西,1,1,逃げ,1-4-5,2130,9,1-4,530,3,130,4659,01,1,1,6
2026-06-26,1,予選,0,1,スポーツ報知杯,雨,南,1,1,逃げ,1-6-3,2300,10,1-6,1260,4,230,4948,01,1,1,6
2026-06-26,2,予選,0,1,スポーツ報知杯,雨,南,1,1,差し,2-1-3,2370,9,2-1,990,4,540,3772,02,2,2,6
2026-06-26,3,予選,0,1,スポーツ報知杯,雨,南,1,1,差し,2-5-3,13990,38,2-5,1660,7,660,3381,04,2,2,6
2026-06-26,4,予選,0,1,スポーツ報知杯,雨,,0,1,抜き,4-2-3,2510,10,4-2,910,4,430,3859,04,4,4,6
2026-06-26,5,予選,0,1,スポーツ報知杯,雨,北,1,1,逃げ,1-2-4,710,2,1-2,230,1,160,3558,01,1,1,6
2026-06-26,6,予選,0,1,スポーツ報知杯,雨,北西,1,1,逃げ,1-2-6,10420,39,1-2,2610,11,250,3857,01,1,1,6
2026-06-26,7,予選,1,1,スポーツ報知杯,雨,北西,1,1,逃げ,1-3-4,850,2,1-3,270,1,100,4193,01,1,1,6
2026-06-26,8,予選,0,1,スポーツ報知杯,雨,南西,1,1,逃げ,1-2-3,1270,2,1-2,440,1,190,5266,01,1,1,6
2026-06-26,9,予選特賞,0,1,スポーツ報知杯,雨,西,1,1,逃げ,1-5-3,7000,27,1-5,2470,10,200,3951,01,1,1,6
2026-06-26,10,予選特賞,0,1,スポーツ報知杯,雨,北西,2,1,差し,2-5-4,61270,70,2-5,9100,17,600,4079,05,2,2,6
2026-06-26,11,予選特選,0,1,スポーツ報知杯,雨,北,1,1,逃げ,1-5-3,1580,5,1-5,630,3,100,4099,01,1,1,6
2026-06-26,12,発祥地選抜,0,1,スポーツ報知杯,雨,南,1,1,逃げ,1-3-5,1090,5,1-3,380,2,140,4497,01,1,1,6
2026-06-27,1,予選,0,2,スポーツ報知杯,曇り,北,1,1,差し,3-4-1,19640,54,3-4,7910,21,870,3964,03,3,3,6
2026-06-27,2,予選,0,2,スポーツ報知杯,曇り,北,1,1,逃げ,2-5-4,420,1,2-5,200,1,610,4497,01,2,1,6
2026-06-27,3,予選,0,2,スポーツ報知杯,曇り,北西,1,1,逃げ,1-2-3,2420,3,1-2,730,2,200,4724,01,1,1,6
2026-06-27,4,予選,0,2,スポーツ報知杯,曇り,北,2,1,逃げ,1-3-6,2320,8,1-3,650,3,460,3807,01,1,1,6
2026-06-27,5,予選,0,2,スポーツ報知杯,曇り,北,2,1,抜き,1-2-4,1720,5,1-2,1100,5,290,3771,01,1,1,6
2026-06-27,6,予選,0,2,スポーツ報知杯,曇り,北西,2,1,逃げ,1-6-3,1870,6,1-6,690,3,230,3892,01,1,1,6
2026-06-27,7,予選,1,2,スポーツ報知杯,曇り,北,3,2,差し,3-5-6,100810,78,3-5,13150,18,620,4375,04,3,3,6
2026-06-27,8,予選,0,2,スポーツ報知杯,曇り,北,3,2,逃げ,1-3-2,1450,4,1-3,520,1,100,3535,01,1,1,6
2026-06-27,9,予選特賞,0,2,スポーツ報知杯,曇り,北,2,1,逃げ,1-3-2,1310,6,1-3,380,1,130,4331,01,1,1,6
2026-06-27,10,予選特賞,0,2,スポーツ報知杯,曇り,北,1,1,逃げ,1-2-3,610,2,1-2,330,2,100,4073,01,1,1,6
2026-06-27,11,予選特選,0,2,スポーツ報知杯,曇り,北西,1,1,逃げ,1-3-2,1670,9,1-3,650,4,130,5112,01,1,1,6
2026-06-27,12,予選特選,0,2,スポーツ報知杯,曇り,,0,1,逃げ,1-3-4,520,1,1-3,230,1,140,4064,01,1,1,6
2026-06-28,1,予選,0,3,スポーツ報知杯,晴,西,1,1,逃げ,1-3-2,990,3,1-3,210,1,110,4209,01,1,1,6
2026-06-28,2,予選,0,3,スポーツ報知杯,晴,北西,2,1,抜き,2-4-1,6460,24,2-4,2010,9,610,4154,03,2,2,6
2026-06-28,3,予選,0,3,スポーツ報知杯,晴,北,1,1,まくり差し,3-1-2,1140,1,3-1,480,1,190,3434,02,3,3,6
2026-06-28,4,予選,0,3,スポーツ報知杯,晴,北西,2,1,逃げ,1-3-4,2800,10,1-3,740,3,300,5178,01,1,1,6
2026-06-28,5,予選,0,3,スポーツ報知杯,晴,北西,1,1,逃げ,1-2-3,1460,3,1-2,770,4,290,5312,01,1,1,6
2026-06-28,6,予選,0,3,スポーツ報知杯,晴,北西,1,1,逃げ,1-2-3,1230,5,1-2,690,3,220,3875,01,1,1,6
2026-06-28,7,予選,1,3,スポーツ報知杯,晴,西,2,1,逃げ,1-4-2,460,1,1-4,210,1,120,4608,01,1,1,6
2026-06-28,8,予選,0,3,スポーツ報知杯,晴,南西,1,1,逃げ,1-3-6,500,2,1-3,180,1,110,4640,01,1,1,6
2026-06-28,9,予選特賞,0,3,スポーツ報知杯,晴,西,1,1,逃げ,1-2-3,1450,6,1-2,590,3,100,4411,01,1,1,6
2026-06-28,10,予選特賞,0,3,スポーツ報知杯,晴,南西,1,1,逃げ,1-2-3,390,1,1-2,250,1,120,3898,01,1,1,6
2026-06-28,11,予選特選,0,3,スポーツ報知杯,晴,南西,1,1,まくり,4-2-3,27470,53,4-2,6160,13,1060,5089,05,4,4,6
2026-06-28,12,予選特選,0,3,スポーツ報知杯,晴,南西,1,1,抜き,1-3-4,1260,5,1-3,230,1,120,4269,01,1,1,6
2026-06-29,1,予選,0,4,スポーツ報知杯,晴,南西,2,1,抜き,3-2-1,13860,45,3-2,4000,17,2280,4164,03,3,3,6
2026-06-29,2,予選,0,4,スポーツ報知杯,晴,西,2,1,差し,2-1-5,2630,7,2-1,500,2,290,5098,02,2,2,6
2026-06-29,3,予選,0,4,スポーツ報知杯,晴,北西,1,1,抜き,1-2-5,1300,6,1-2,390,1,150,4092,01,1,1,6
2026-06-29,4,予選,0,4,スポーツ報知杯,晴,西,1,1,逃げ,1-3-5,580,1,1-3,240,1,160,4027,01,1,1,6
2026-06-29,5,予選,0,4,スポーツ報知杯,晴,北西,1,1,まくり,3-4-2,9110,24,3-4,1650,6,100,3863,05,3,3,6
2026-06-29,6,予選,0,4,スポーツ報知杯,晴,北,2,1,抜き,1-2-4,1030,4,1-2,520,3,160,4822,01,1,1,6
2026-06-29,7,予選,1,4,スポーツ報知杯,晴,北,1,1,逃げ,1-2-3,1120,3,1-2,340,1,110,3898,01,1,1,6
2026-06-29,8,予選,0,4,スポーツ報知杯,晴,北,1,1,逃げ,1-2-3,720,1,1-2,330,1,160,5323,01,1,1,6
2026-06-29,9,予選特賞,0,4,スポーツ報知杯,晴,南,1,1,差し,2-1-5,12540,34,2-1,5690,15,1470,5089,02,2,2,6
2026-06-29,10,予選特選,0,4,スポーツ報知杯,晴,南西,1,1,差し,2-1-6,12380,25,2-1,2050,5,1130,4064,02,2,2,6
2026-06-29,11,予選特選,0,4,スポーツ報知杯,晴,南西,1,1,逃げ,1-4-3,1680,6,1-4,260,2,110,4497,01,1,1,6
2026-06-29,12,一般特賞,0,4,スポーツ報知杯,晴,西,2,1,逃げ,1-3-2,1470,6,1-3,340,1,130,4193,01,1,1,6
2026-06-30,1,一般,0,5,スポーツ報知杯,雨,南,1,1,まくり差し,4-1-2,6980,23,4-1,1680,7,350,3434,02,4,4,6
2026-06-30,2,一般,0,5,スポーツ報知杯,曇り,南,1,1,まくり差し,5-1-4,5160,19,5-1,2540,9,580,4154,02,5,5,6
2026-06-30,3,一般,0,5,スポーツ報知杯,雨,南西,1,1,逃げ,1-3-4,870,2,1-3,470,2,110,3535,01,1,1,6
2026-06-30,4,一般,0,5,スポーツ報知杯,曇り,北,1,1,逃げ,1-4-3,2320,8,1-4,500,2,170,4092,01,1,1,6
2026-06-30,5,一般,0,5,スポーツ報知杯,曇り,北,1,1,逃げ,1-6-3,750,2,1-6,490,3,110,4640,01,1,1,6
2026-06-30,6,一般,0,5,スポーツ報知杯,雨,北東,1,1,逃げ,1-2-4,5450,21,1-2,660,2,190,4411,01,1,1,6
2026-06-30,7,一般,1,5,スポーツ報知杯,雨,東,1,1,逃げ,1-2-5,3460,12,1-2,620,3,100,4079,01,1,1,6
2026-06-30,8,準優進出戦,0,5,スポーツ報知杯,雨,東,1,1,逃げ,1-2-6,4230,12,1-2,310,1,140,4608,01,1,1,6
2026-06-30,9,準優進出戦,0,5,スポーツ報知杯,雨,東,1,1,逃げ,1-2-3,530,3,1-2,330,2,100,3898,01,1,1,6
2026-06-30,10,準優進出戦,0,5,スポーツ報知杯,雨,東,1,1,逃げ,1-2-3,550,1,1-2,240,1,130,4269,01,1,1,6
2026-06-30,11,準優進出戦,0,5,スポーツ報知杯,雨,東,1,1,逃げ,1-3-2,380,2,1-3,230,2,100,4497,01,1,1,6
2026-06-30,12,一般,0,5,スポーツ報知杯,雨,東,1,1,逃げ,1-5-2,1760,7,1-5,500,2,120,4375,01,1,1,6
2026-07-01,1,一般,0,6,スポーツ報知杯,雨,南西,8,7,抜き,1-2-4,710,1,1-2,360,1,140,4209,01,1,1,6
2026-07-01,2,一般,0,6,スポーツ報知杯,雨,南西,8,7,まくり差し,3-1-2,2040,6,3-1,670,3,210,3772,02,3,3,6
2026-07-01,3,一般,0,6,スポーツ報知杯,雨,南西,8,7,逃げ,1-2-3,1270,2,1-2,370,1,290,5323,01,1,1,6
2026-07-01,4,一般,0,6,スポーツ報知杯,雨,南西,6,5,逃げ,1-3-2,730,2,1-3,400,2,120,3875,01,1,1,6
2026-07-01,5,一般,0,6,スポーツ報知杯,雨,南西,6,5,逃げ,1-2-5,530,1,1-2,220,1,180,5112,01,1,1,6
2026-07-01,6,一般,0,6,スポーツ報知杯,雨,南西,6,5,逃げ,2-4-6,57030,84,2-4,5130,18,430,4411,01,2,1,6
2026-07-01,7,一般,1,6,スポーツ報知杯,雨,南西,8,7,逃げ,1-4-2,1090,4,1-4,580,3,110,4822,01,1,1,6
2026-07-01,8,一般,0,6,スポーツ報知杯,雨,南,6,5,逃げ,1-2-4,1330,6,1-2,510,3,130,5089,01,1,1,6
2026-07-01,9,準優勝戦,0,6,スポーツ報知杯,雨,南西,6,5,逃げ,1-3-2,420,2,1-3,240,1,100,3898,01,1,1,6
2026-07-01,10,準優勝戦,0,6,スポーツ報知杯,雨,南西,5,4,逃げ,1-2-3,630,2,1-2,360,2,150,4269,01,1,1,6
2026-07-01,11,準優勝戦,0,6,スポーツ報知杯,雨,南西,5,4,まくり差し,6-1-2,107160,65,6-1,21510,18,2700,4497,02,6,5,6
2026-07-01,12,一般,0,6,スポーツ報知杯,雨,南西,5,4,差し,5-2-6,114330,112,5-2,18760,30,1390,3558,04,5,5,6
2026-07-02,1,一般,0,7,スポーツ報知杯,曇り,西,1,1,差し,2-1-4,6730,22,2-1,1590,7,980,4948,02,2,2,6
2026-07-02,2,一般,0,7,スポーツ報知杯,曇り,西,2,1,差し,2-3-1,8510,34,2-3,2750,11,790,4164,03,2,2,6
2026-07-02,3,一般,0,7,スポーツ報知杯,曇り,西,2,1,差し,2-4-3,2590,10,2-4,780,4,460,3807,04,2,2,6
2026-07-02,4,一般,0,7,スポーツ報知杯,曇り,西,2,1,逃げ,1-3-2,860,2,1-3,240,1,200,3892,01,1,1,6
2026-07-02,5,一般,0,7,スポーツ報知杯,曇り,南西,2,1,まくり,5-6-4,27950,79,5-6,5100,20,810,3381,05,5,5,6
2026-07-02,6,一般,0,7,スポーツ報知杯,曇り,西,1,1,逃げ,1-2-6,680,1,1-2,260,1,130,4073,01,1,1,6
2026-07-02,7,一般,1,7,スポーツ報知杯,曇り,西,1,1,逃げ,1-3-2,910,3,1-3,370,2,110,3951,01,1,1,6
2026-07-02,8,一般,0,7,スポーツ報知杯,曇り,西,1,1,逃げ,1-2-4,810,3,1-2,230,1,140,3771,01,1,1,6
2026-07-02,9,一般特選,0,7,スポーツ報知杯,曇り,西,1,1,逃げ,1-2-4,1560,5,1-2,290,1,170,4027,01,1,1,6
2026-07-02,10,特別選抜戦,0,7,スポーツ報知杯,曇り,西,1,1,逃げ,1-3-2,780,3,1-3,390,2,110,4608,01,1,1,6
2026-07-02,11,特別選抜戦,0,7,スポーツ報知杯,曇り,南西,1,1,逃げ,1-2-4,550,2,1-2,190,1,130,3875,01,1,1,6
2026-07-02,12,優勝戦,0,7,スポーツ報知杯,曇り,西,1,1,差し,2-1-6,12250,34,2-1,1860,6,930,4269,02,2,2,6
2026-07-05,1,予選,0,1,ミッドナイトボートレースｉｎ大村　４,雨,東,1,1,まくり差し,4-1-6,28260,63,4-1,4570,16,1770,3850,02,4,5,6
2026-07-05,2,予選,0,1,ミッドナイトボートレースｉｎ大村　４,雨,東,1,1,逃げ,1-3-6,1550,5,1-3,440,2,150,4119,01,1,1,6
2026-07-05,3,予選,0,1,ミッドナイトボートレースｉｎ大村　４,雨,北東,1,1,逃げ,1-3-6,1590,2,1-3,530,2,260,3617,01,1,1,6
2026-07-05,4,予選,0,1,ミッドナイトボートレースｉｎ大村　４,雨,北東,1,1,まくり,4-5-6,17750,59,4-5,8370,23,610,3761,05,4,4,6
2026-07-05,5,予選,0,1,ミッドナイトボートレースｉｎ大村　４,雨,東,1,1,まくり,3-4-2,1020,1,3-4,420,1,160,3357,06,3,3,6
2026-07-05,6,予選,0,1,ミッドナイトボートレースｉｎ大村　４,雨,南西,5,4,逃げ,1-2-6,12160,57,1-2,1000,2,350,3583,01,1,1,6
2026-07-05,7,予選,1,1,ミッドナイトボートレースｉｎ大村　４,雨,南西,4,3,まくり差し,3-1-4,3100,14,3-1,960,5,460,3975,02,3,3,6
2026-07-05,8,予選,0,1,ミッドナイトボートレースｉｎ大村　４,雨,南西,3,2,逃げ,1-2-5,3050,10,1-2,630,3,130,3703,01,1,1,6
2026-07-05,9,予選特賞,0,1,ミッドナイトボートレースｉｎ大村　４,雨,南西,3,2,逃げ,1-6-2,420,1,1-6,270,1,110,3611,01,1,1,6
2026-07-05,10,予選特賞,0,1,ミッドナイトボートレースｉｎ大村　４,雨,南西,2,1,逃げ,1-4-2,870,3,1-4,370,2,100,3997,01,1,1,6
2026-07-05,11,予選特選,0,1,ミッドナイトボートレースｉｎ大村　４,雨,南西,1,1,逃げ,1-2-5,830,2,1-2,200,1,110,4757,01,1,1,6
2026-07-05,12,発祥地選抜,0,1,ミッドナイトボートレースｉｎ大村　４,雨,南,1,1,逃げ,1-3-2,1450,4,1-3,630,2,140,4019,01,1,1,6
2026-07-06,1,予選,0,2,ミッドナイトボートレースｉｎ大村　４,曇り,南西,1,1,まくり差し,3-1-4,1410,5,3-1,380,2,260,4213,02,3,3,6
2026-07-06,2,予選,0,2,ミッドナイトボートレースｉｎ大村　４,晴,南西,1,1,抜き,4-2-1,5250,21,4-2,2340,12,240,3581,03,4,4,6
2026-07-06,3,予選,0,2,ミッドナイトボートレースｉｎ大村　４,晴,南西,1,1,差し,2-1-4,2850,12,2-1,980,3,290,4592,02,2,2,6
2026-07-06,4,予選,0,2,ミッドナイトボートレースｉｎ大村　４,晴,南,1,1,まくり差し,3-1-2,1520,5,3-1,850,5,340,4552,02,3,3,6
2026-07-06,5,予選,0,2,ミッドナイトボートレースｉｎ大村　４,晴,南,1,1,逃げ,1-2-6,1470,4,1-2,350,1,240,3845,01,1,1,6
2026-07-06,6,予選,0,2,ミッドナイトボートレースｉｎ大村　４,晴,南,1,1,まくり,2-4-5,1780,6,2-4,390,1,190,4182,05,2,2,6
2026-07-06,7,予選,1,2,ミッドナイトボートレースｉｎ大村　４,晴,南,1,1,逃げ,1-3-5,2170,7,1-3,540,3,120,4402,01,1,1,6
2026-07-06,8,予選,0,2,ミッドナイトボートレースｉｎ大村　４,晴,南,1,1,逃げ,1-4-5,970,2,1-4,440,2,330,3566,01,1,1,6
2026-07-06,9,予選特賞,0,2,ミッドナイトボートレースｉｎ大村　４,晴,東,2,1,逃げ,1-3-6,900,3,1-3,200,1,100,3826,01,1,1,6
2026-07-06,10,予選特賞,0,2,ミッドナイトボートレースｉｎ大村　４,晴,東,2,1,逃げ,1-4-3,660,2,1-4,230,1,110,4123,01,1,1,6
2026-07-06,11,予選特選,0,2,ミッドナイトボートレースｉｎ大村　４,晴,東,1,1,まくり差し,6-3-1,124530,82,6-3,29630,24,1950,5280,03,6,6,6
2026-07-06,12,予選特選,0,2,ミッドナイトボートレースｉｎ大村　４,晴,東,2,1,逃げ,1-6-4,3260,13,1-6,470,3,130,5298,01,1,1,6
2026-07-07,1,予選,0,3,ミッドナイトボートレースｉｎ大村　４,晴,南,1,1,まくり,3-4-1,16940,59,3-4,4270,17,850,3353,03,3,3,6
2026-07-07,2,予選,0,3,ミッドナイトボートレースｉｎ大村　４,晴,西,2,1,逃げ,1-4-3,1160,3,1-4,520,2,140,4594,01,1,1,6
2026-07-07,3,予選,0,3,ミッドナイトボートレースｉｎ大村　４,晴,南,1,1,差し,2-5-4,1850,5,2-5,780,3,150,3207,04,2,2,6
2026-07-07,4,予選,0,3,ミッドナイトボートレースｉｎ大村　４,晴,南西,1,1,まくり差し,4-1-5,2360,9,4-1,910,4,200,4020,02,4,4,6
2026-07-07,5,予選,0,3,ミッドナイトボートレースｉｎ大村　４,晴,北東,1,1,逃げ,1-3-5,800,1,1-3,390,2,160,4447,01,1,1,6
2026-07-07,6,予選,0,3,ミッドナイトボートレースｉｎ大村　４,晴,北,1,1,差し,2-3-1,2250,9,2-3,420,2,180,3973,03,2,2,6
2026-07-07,7,予選,1,3,ミッドナイトボートレースｉｎ大村　４,晴,東,1,1,まくり,4-1-5,3310,11,4-1,690,4,400,4096,02,4,4,6
2026-07-07,8,予選,0,3,ミッドナイトボートレースｉｎ大村　４,晴,東,1,1,差し,2-1-5,1390,6,2-1,400,2,250,4276,02,2,2,6
2026-07-07,9,予選特賞,0,3,ミッドナイトボートレースｉｎ大村　４,晴,東,1,1,逃げ,1-2-3,770,2,1-2,300,1,130,4150,01,1,1,6
2026-07-07,10,予選特選,0,3,ミッドナイトボートレースｉｎ大村　４,晴,東,1,1,逃げ,1-3-4,830,4,1-3,230,1,150,4931,01,1,1,6
2026-07-07,11,予選特選,0,3,ミッドナイトボートレースｉｎ大村　４,晴,北東,1,1,逃げ,1-2-4,5170,17,1-2,1550,6,120,4960,01,1,1,6
2026-07-07,12,一般特賞,0,3,ミッドナイトボートレースｉｎ大村　４,晴,東,2,1,逃げ,1-2-3,2910,10,1-2,1070,5,450,5227,01,1,1,6
2026-07-08,1,一般,0,4,ミッドナイトボートレースｉｎ大村　４,晴,西,1,1,逃げ,1-2-6,900,3,1-2,190,1,140,4875,01,1,1,6
2026-07-08,2,一般,0,4,ミッドナイトボートレースｉｎ大村　４,晴,北西,1,1,まくり,2-5-1,4830,20,2-5,1140,5,260,4729,03,2,2,6
2026-07-08,3,一般,0,4,ミッドナイトボートレースｉｎ大村　４,晴,西,1,1,まくり差し,5-4-3,16420,43,5-4,4220,13,370,4486,04,5,5,6
2026-07-08,4,一般,0,4,ミッドナイトボートレースｉｎ大村　４,晴,南西,1,1,逃げ,1-5-2,1260,6,1-5,270,1,140,4019,01,1,1,6
2026-07-08,5,一般,0,4,ミッドナイトボートレースｉｎ大村　４,晴,南西,1,1,逃げ,1-4-3,1280,3,1-4,270,1,110,4096,01,1,1,6
2026-07-08,6,一般,0,4,ミッドナイトボートレースｉｎ大村　４,晴,南西,1,1,差し,5-2-4,7460,20,5-2,1520,7,490,4123,06,5,5,6
2026-07-08,7,一般,1,4,ミッドナイトボートレースｉｎ大村　４,晴,南西,1,1,まくり,4-5-1,7050,17,4-5,4500,7,440,3997,03,4,4,6
2026-07-08,8,一般,0,4,ミッドナイトボートレースｉｎ大村　４,晴,南西,1,1,逃げ,1-2-4,560,2,1-2,330,2,130,5289,01,1,1,6
2026-07-08,9,準優勝戦,0,4,ミッドナイトボートレースｉｎ大村　４,晴,南西,1,1,逃げ,1-2-6,3090,10,1-2,220,1,100,5298,01,1,1,6
2026-07-08,10,準優勝戦,0,4,ミッドナイトボートレースｉｎ大村　４,晴,東,1,1,逃げ,1-2-5,660,1,1-2,220,1,100,4960,01,1,1,6
2026-07-08,11,準優勝戦,0,4,ミッドナイトボートレースｉｎ大村　４,晴,南,1,1,逃げ,1-5-3,1980,8,1-5,650,3,100,4757,01,1,1,6
2026-07-08,12,一般,0,4,ミッドナイトボートレースｉｎ大村　４,晴,南西,1,1,逃げ,1-3-2,640,1,1-3,190,1,100,5280,01,1,1,6
2026-07-09,1,一般,0,5,ミッドナイトボートレースｉｎ大村　４,晴,南西,1,1,逃げ,1-3-4,1080,4,1-3,290,1,100,4873,01,1,1,6
2026-07-09,2,一般,0,5,ミッドナイトボートレースｉｎ大村　４,晴,西,1,1,逃げ,1-2-3,700,2,1-2,240,1,120,5011,01,1,1,6
2026-07-09,3,一般,0,5,ミッドナイトボートレースｉｎ大村　４,晴,南西,1,1,差し,2-1-3,9060,26,2-1,2860,8,1080,4750,02,2,2,6
2026-07-09,4,一般,0,5,ミッドナイトボートレースｉｎ大村　４,晴,南,1,1,逃げ,1-2-5,460,1,1-2,240,1,130,3975,01,1,1,6
2026-07-09,5,一般,0,5,ミッドナイトボートレースｉｎ大村　４,晴,北東,1,1,逃げ,1-5-6,4410,14,1-5,790,3,140,3611,01,1,1,6
2026-07-09,6,一般,0,5,ミッドナイトボートレースｉｎ大村　４,晴,,0,1,逃げ,1-3-2,1380,6,1-3,640,3,110,4150,01,1,1,6
2026-07-09,7,一般,1,5,ミッドナイトボートレースｉｎ大村　４,晴,南西,1,1,抜き,1-2-4,490,1,1-2,330,2,820,3703,01,1,1,6
2026-07-09,8,一般,0,5,ミッドナイトボートレースｉｎ大村　４,晴,北,1,1,逃げ,1-3-5,680,2,1-3,190,1,110,3826,01,1,1,6
2026-07-09,9,一般特選,0,5,ミッドナイトボートレースｉｎ大村　４,晴,,0,1,逃げ,1-3-4,1950,6,1-3,1070,4,210,5310,01,1,1,6
2026-07-09,10,特別選抜戦Ｂ,0,5,ミッドナイトボートレースｉｎ大村　４,晴,南西,1,1,逃げ,1-2-4,710,2,1-2,250,1,100,4096,01,1,1,6
2026-07-09,11,優勝戦,0,5,ミッドナイトボートレースｉｎ大村　４,晴,南東,1,1,まくり,3-4-2,3810,15,3-4,980,4,270,4757,05,3,4,6
2026-07-09,12,特別選抜戦Ａ,0,5,ミッドナイトボートレースｉｎ大村　４,晴,南西,1,1,抜き,1-3-4,1820,6,1-3,480,2,100,4931,01,1,1,6
2026-07-14,1,予選,0,1,ミッドナイトボートレースｉｎ大村　５,晴,南,3,2,差し,2-4-1,1180,3,2-4,490,2,210,3211,03,2,2,6
2026-07-14,2,予選,0,1,ミッドナイトボートレースｉｎ大村　５,晴,南,3,2,逃げ,1-6-3,55200,80,1-6,11040,21,1040,3967,01,1,1,6
2026-07-14,3,予選,0,1,ミッドナイトボートレースｉｎ大村　５,晴,南,2,1,差し,2-1-4,3820,17,2-1,840,3,190,4196,02,2,2,6
2026-07-14,4,予選,0,1,ミッドナイトボートレースｉｎ大村　５,晴,南,2,1,まくり,5-1-4,17680,45,5-1,5720,17,1510,4161,02,5,5,6
2026-07-14,5,予選,0,1,ミッドナイトボートレースｉｎ大村　５,晴,南,2,1,差し,4-5-6,22180,81,4-5,3290,15,280,4215,06,4,2,6
2026-07-14,6,予選,0,1,ミッドナイトボートレースｉｎ大村　５,晴,南,2,1,まくり,2-3-6,1800,4,2-3,500,1,130,3441,04,2,2,6
2026-07-14,7,予選,1,1,ミッドナイトボートレースｉｎ大村　５,晴,南,2,1,まくり,3-1-6,11940,28,3-1,1660,5,1210,4644,02,3,3,6
2026-07-14,8,予選,0,1,ミッドナイトボートレースｉｎ大村　５,晴,南,3,2,逃げ,1-2-6,590,2,1-2,360,2,100,4545,01,1,1,6
2026-07-14,9,予選特賞,0,1,ミッドナイトボートレースｉｎ大村　５,晴,南,2,1,逃げ,1-3-6,2760,11,1-3,260,1,160,4180,01,1,1,6
2026-07-14,10,予選特賞,0,1,ミッドナイトボートレースｉｎ大村　５,雨,南,2,1,差し,2-5-1,21780,56,2-5,7290,20,510,4179,03,2,2,6
2026-07-14,11,予選特選,0,1,ミッドナイトボートレースｉｎ大村　５,曇り,南,2,1,逃げ,1-3-2,1300,4,1-3,350,2,120,3740,01,1,1,6
2026-07-14,12,龍神選抜,0,1,ミッドナイトボートレースｉｎ大村　５,曇り,南,1,1,逃げ,1-4-3,2960,12,1-4,690,3,160,3623,01,1,1,6
2026-07-15,1,予選,0,2,ミッドナイトボートレースｉｎ大村　５,曇り,南西,1,1,差し,3-1-2,4600,18,3-1,760,2,250,5048,02,3,3,6
2026-07-15,2,予選,0,2,ミッドナイトボートレースｉｎ大村　５,曇り,南,1,1,逃げ,1-5-2,1070,2,1-5,470,1,210,4004,01,1,1,6
2026-07-15,3,予選,0,2,ミッドナイトボートレースｉｎ大村　５,曇り,南西,2,1,差し,5-3-6,14440,60,5-3,5290,23,530,3544,04,5,5,6
2026-07-15,4,予選,0,2,ミッドナイトボートレースｉｎ大村　５,曇り,南西,1,1,まくり差し,5-1-3,22190,52,5-1,5130,15,1500,3939,02,5,5,6
2026-07-15,5,予選,0,2,ミッドナイトボートレースｉｎ大村　５,曇り,南西,1,1,逃げ,1-5-4,560,1,1-5,220,1,140,4067,01,1,1,6
2026-07-15,6,予選,0,2,ミッドナイトボートレースｉｎ大村　５,曇り,南,1,1,まくり,4-6-2,2930,9,4-6,1380,6,270,3467,06,4,4,6
2026-07-15,7,予選,1,2,ミッドナイトボートレースｉｎ大村　５,曇り,南西,1,1,まくり差し,5-1-3,26510,42,5-1,2890,9,510,4786,02,5,5,6
2026-07-15,8,予選,0,2,ミッドナイトボートレースｉｎ大村　５,曇り,南西,1,1,逃げ,1-2-6,860,2,1-2,220,1,210,3956,01,1,1,6
2026-07-15,9,予選特賞,0,2,ミッドナイトボートレースｉｎ大村　５,曇り,南西,1,1,逃げ,1-4-3,810,4,1-4,290,2,120,4259,01,1,1,6
2026-07-15,10,予選特賞,0,2,ミッドナイトボートレースｉｎ大村　５,曇り,南西,1,1,まくり差し,5-1-2,6860,22,5-1,1860,6,830,4254,02,5,4,6
2026-07-15,11,予選特選,0,2,ミッドナイトボートレースｉｎ大村　５,曇り,南西,1,1,逃げ,1-5-6,8500,29,1-5,480,2,140,3918,01,1,1,6
2026-07-15,12,予選特選,0,2,ミッドナイトボートレースｉｎ大村　５,曇り,南西,1,1,逃げ,1-5-4,5960,16,1-5,2400,8,120,4797,01,1,1,6
2026-07-16,1,一般,0,3,ミッドナイトボートレースｉｎ大村　５,曇り,南西,1,1,逃げ,1-5-4,2870,11,1-5,460,2,120,5311,01,1,1,6
2026-07-16,2,一般,0,3,ミッドナイトボートレースｉｎ大村　５,曇り,南西,1,1,差し,2-3-1,4500,18,2-3,900,4,930,4626,03,2,2,6
2026-07-16,3,一般,0,3,ミッドナイトボートレースｉｎ大村　５,曇り,南西,1,1,逃げ,1-4-6,4050,12,1-4,1360,6,100,4575,01,1,1,6
2026-07-16,4,一般,0,3,ミッドナイトボートレースｉｎ大村　５,曇り,南西,1,1,逃げ,1-6-3,1530,5,1-6,230,1,150,4786,01,1,1,6
2026-07-16,5,一般,0,3,ミッドナイトボートレースｉｎ大村　５,曇り,南,1,1,まくり差し,5-1-2,3100,11,5-1,790,4,570,3918,02,5,5,6
2026-07-16,6,一般,0,3,ミッドナイトボートレースｉｎ大村　５,曇り,南西,1,1,逃げ,1-4-5,650,1,1-4,290,2,230,4545,01,1,1,6
2026-07-16,7,一般,1,3,ミッドナイトボートレースｉｎ大村　５,曇り,南,1,1,逃げ,1-3-2,590,2,1-3,280,2,130,4962,01,1,1,6
2026-07-16,8,一般,0,3,ミッドナイトボートレースｉｎ大村　５,曇り,東,1,1,逃げ,1-3-2,740,1,1-3,220,1,160,4560,01,1,1,6
2026-07-16,9,準優勝戦,0,3,ミッドナイトボートレースｉｎ大村　５,曇り,南東,1,1,逃げ,1-2-3,710,3,1-2,210,1,110,3623,01,1,1,6
2026-07-16,10,準優勝戦,0,3,ミッドナイトボートレースｉｎ大村　５,曇り,東,1,1,恵まれ,5-6-1,43710,37,5-6,16950,14,3900,4259,03,5,5,6
2026-07-16,11,準優勝戦,0,3,ミッドナイトボートレースｉｎ大村　５,曇り,南西,1,1,逃げ,1-3-2,610,2,1-3,320,2,140,4495,01,1,1,6
2026-07-16,12,一般,0,3,ミッドナイトボートレースｉｎ大村　５,曇り,東,1,1,まくり差し,3-4-1,19190,42,3-4,7400,17,150,4466,03,3,3,6
2026-07-17,1,一般,0,4,ミッドナイトボートレースｉｎ大村　５,曇り,南西,1,1,逃げ,1-3-2,800,3,1-3,320,1,110,4674,01,1,1,6
2026-07-17,2,一般,0,4,ミッドナイトボートレースｉｎ大村　５,曇り,南西,1,1,抜き,1-2-3,1200,3,1-2,520,2,650,4004,01,1,1,6
2026-07-17,3,一般,0,4,ミッドナイトボートレースｉｎ大村　５,曇り,西,1,1,逃げ,1-5-3,3520,12,1-5,820,4,230,4866,01,1,1,6
2026-07-17,4,一般,0,4,ミッドナイトボートレースｉｎ大村　５,曇り,南西,1,1,差し,2-1-4,10910,37,2-1,840,5,110,4440,02,2,2,6
2026-07-17,5,一般,0,4,ミッドナイトボートレースｉｎ大村　５,曇り,南西,1,1,逃げ,1-4-2,2060,8,1-4,930,4,280,4179,01,1,1,6
2026-07-17,6,一般,0,4,ミッドナイトボートレースｉｎ大村　５,曇り,南西,1,1,逃げ,1-2-3,830,3,1-2,460,2,160,4180,01,1,1,6
2026-07-17,7,一般,1,4,ミッドナイトボートレースｉｎ大村　５,曇り,南東,1,1,逃げ,1-2-3,720,1,1-2,300,2,110,3740,01,1,1,6
2026-07-17,8,一般,0,4,ミッドナイトボートレースｉｎ大村　５,曇り,南西,1,1,まくり差し,3-1-4,13950,25,3-1,4260,9,1300,4067,02,3,3,6
2026-07-17,9,一般特選,0,4,ミッドナイトボートレースｉｎ大村　５,曇り,東,1,1,まくり差し,5-3-1,17930,66,5-3,4000,17,810,4872,03,5,5,6
2026-07-17,10,特別選抜戦Ｂ,0,4,ミッドナイトボートレースｉｎ大村　５,曇り,東,1,1,まくり差し,3-1-2,17440,44,3-1,3400,10,2090,4786,02,3,3,6
2026-07-17,11,優勝戦,0,4,ミッドナイトボートレースｉｎ大村　５,曇り,東,1,1,まくり,3-1-5,4680,18,3-1,1150,6,800,4495,02,3,3,6
2026-07-17,12,特別選抜戦Ａ,0,4,ミッドナイトボートレースｉｎ大村　５,曇り,東,1,1,まくり差し,3-1-2,2420,10,3-1,770,3,340,4259,02,3,3,6
2026-07-22,1,予選,0,1,ミッドナイトボートレースｉｎ大村　６,晴,南西,1,1,逃げ,1-3-2,1260,4,1-3,270,1,230,3773,01,1,1,6
2026-07-22,2,予選,0,1,ミッドナイトボートレースｉｎ大村　６,晴,西,2,1,差し,3-5-4,9690,50,3-5,4810,16,350,3567,06,3,3,6
2026-07-22,3,予選,0,1,ミッドナイトボートレースｉｎ大村　６,晴,北西,2,1,恵まれ,1-2-6,10880,28,1-2,910,4,260,4232,01,1,1,6
2026-07-22,4,予選,0,1,ミッドナイトボートレースｉｎ大村　６,晴,北西,2,1,まくり,4-2-6,5410,21,4-2,740,3,250,3313,05,4,4,6
2026-07-22,5,予選,0,1,ミッドナイトボートレースｉｎ大村　６,晴,西,2,1,まくり差し,4-1-3,6560,23,4-1,1500,7,630,4357,02,4,5,6
2026-07-22,6,予選,0,1,ミッドナイトボートレースｉｎ大村　６,晴,西,2,1,まくり,6-2-3,24540,66,6-2,4290,20,850,3945,06,6,6,6
2026-07-22,7,予選,1,1,ミッドナイトボートレースｉｎ大村　６,晴,西,1,1,逃げ,1-2-3,270,2,1-2,240,2,100,4305,01,1,1,6
2026-07-22,8,予選,0,1,ミッドナイトボートレースｉｎ大村　６,晴,西,1,1,逃げ,1-2-4,1210,5,1-2,210,1,120,4675,01,1,1,6
2026-07-22,9,予選特賞,0,1,ミッドナイトボートレースｉｎ大村　６,晴,西,2,1,まくり,6-1-2,4670,17,6-1,1350,5,880,4171,02,6,6,6
2026-07-22,10,予選特賞,0,1,ミッドナイトボートレースｉｎ大村　６,晴,西,1,1,抜き,5-3-4,36450,85,5-3,4300,14,800,3888,05,5,5,6
2026-07-22,11,予選特選,0,1,ミッドナイトボートレースｉｎ大村　６,晴,西,1,1,逃げ,1-2-5,1410,4,1-2,360,1,100,4475,01,1,1,6
2026-07-22,12,龍神選抜,0,1,ミッドナイトボートレースｉｎ大村　６,晴,西,1,1,まくり差し,4-5-1,14290,59,4-5,5910,23,1850,4256,03,4,4,6
2026-07-23,1,予選,0,2,ミッドナイトボートレースｉｎ大村　６,晴,西,2,1,逃げ,1-2-5,3510,14,1-2,920,5,210,4301,01,1,1,6
2026-07-23,2,予選,0,2,ミッドナイトボートレースｉｎ大村　６,晴,北西,2,1,まくり差し,5-2-4,13080,38,5-2,2020,7,620,5261,06,5,5,6
2026-07-23,3,予選,0,2,ミッドナイトボートレースｉｎ大村　６,晴,北西,2,1,まくり,3-2-5,6590,31,3-2,2250,9,710,4245,05,3,3,6
2026-07-23,4,予選,0,2,ミッドナイトボートレースｉｎ大村　６,晴,北西,2,1,まくり差し,4-3-2,4300,20,4-3,1180,6,370,4329,06,4,4,6
2026-07-23,5,予選,0,2,ミッドナイトボートレースｉｎ大村　６,晴,北西,2,1,逃げ,1-4-2,2370,8,1-4,330,1,180,4679,01,1,1,6
2026-07-23,6,予選,0,2,ミッドナイトボートレースｉｎ大村　６,晴,北西,2,1,差し,3-5-6,4670,21,3-5,870,3,140,3974,04,3,3,6
2026-07-23,7,予選,1,2,ミッドナイトボートレースｉｎ大村　６,晴,西,2,1,まくり,4-1-2,5520,19,4-1,2010,7,540,4403,02,4,4,6
2026-07-23,8,予選,0,2,ミッドナイトボートレースｉｎ大村　６,晴,西,1,1,逃げ,1-2-6,970,4,1-2,230,1,110,4025,01,1,1,6
2026-07-23,9,予選特賞,0,2,ミッドナイトボートレースｉｎ大村　６,晴,北西,1,1,逃げ,1-2-4,880,1,1-2,450,2,110,4053,01,1,1,6
2026-07-23,10,予選特賞,0,2,ミッドナイトボートレースｉｎ大村　６,晴,北西,1,1,逃げ,1-3-4,2100,8,1-3,460,2,100,4437,01,1,1,6
2026-07-23,11,予選特選,0,2,ミッドナイトボートレースｉｎ大村　６,晴,北西,1,1,差し,2-1-4,3850,15,2-1,2450,9,960,3256,02,2,2,6
2026-07-23,12,予選特選,0,2,ミッドナイトボートレースｉｎ大村　６,晴,北西,1,1,逃げ,1-3-4,650,1,1-3,300,1,110,4518,01,1,1,6
2026-07-24,1,一般,0,3,ミッドナイトボートレースｉｎ大村　６,晴,北西,2,1,逃げ,1-4-6,1390,7,1-4,400,3,160,4623,01,1,1,6
2026-07-24,2,一般,0,3,ミッドナイトボートレースｉｎ大村　６,晴,北西,2,1,逃げ,1-3-6,1660,6,1-3,180,1,100,4808,01,1,1,6
2026-07-24,3,一般,0,3,ミッドナイトボートレースｉｎ大村　６,晴,北西,2,1,逃げ,1-5-3,4870,17,1-5,770,4,200,4981,01,1,1,6
2026-07-24,4,一般,0,3,ミッドナイトボートレースｉｎ大村　６,晴,北西,1,1,逃げ,1-2-5,440,1,1-2,190,1,120,4977,01,1,1,6
2026-07-24,5,一般,0,3,ミッドナイトボートレースｉｎ大村　６,晴,北西,2,1,差し,3-1-2,18040,31,3-1,6270,10,1380,5111,02,3,3,6
2026-07-24,6,一般,0,3,ミッドナイトボートレースｉｎ大村　６,晴,北西,3,2,逃げ,1-3-2,1480,6,1-3,250,1,140,4025,01,1,1,6
2026-07-24,7,一般,1,3,ミッドナイトボートレースｉｎ大村　６,晴,北西,1,1,まくり差し,5-1-2,4700,15,5-1,1320,4,450,4053,02,5,5,6
2026-07-24,8,一般,0,3,ミッドナイトボートレースｉｎ大村　６,晴,北西,2,1,まくり差し,3-1-6,1000,4,3-1,380,2,290,4684,02,3,3,6
2026-07-24,9,準優勝戦,0,3,ミッドナイトボートレースｉｎ大村　６,晴,北西,2,1,逃げ,1-2-3,470,1,1-2,250,1,130,3256,01,1,1,6
2026-07-24,10,準優勝戦,0,3,ミッドナイトボートレースｉｎ大村　６,晴,西,1,1,逃げ,1-4-5,1460,4,1-4,540,2,150,4518,01,1,1,6
2026-07-24,11,準優勝戦,0,3,ミッドナイトボートレースｉｎ大村　６,晴,西,1,1,まくり差し,3-1-2,5540,18,3-1,1530,5,900,4305,02,3,3,6
2026-07-24,12,一般,0,3,ミッドナイトボートレースｉｎ大村　６,晴,北西,1,1,逃げ,1-2-4,400,1,1-2,190,1,120,4357,01,1,1,6
2026-07-25,1,一般,0,4,ミッドナイトボートレースｉｎ大村　６,晴,北西,2,1,まくり,3-6-4,13140,39,3-6,2960,9,200,4898,04,3,3,6
2026-07-25,2,一般,0,4,ミッドナイトボートレースｉｎ大村　６,晴,北東,3,2,差し,4-1-5,3280,12,4-1,1200,5,1540,4583,02,4,4,6
2026-07-25,3,一般,0,4,ミッドナイトボートレースｉｎ大村　６,晴,北,2,1,逃げ,1-4-3,2480,9,1-4,960,5,130,5102,01,1,1,6
2026-07-25,4,一般,0,4,ミッドナイトボートレースｉｎ大村　６,晴,北西,1,1,逃げ,1-3-2,3410,9,1-3,1540,6,450,4803,01,1,1,6
2026-07-25,5,一般,0,4,ミッドナイトボートレースｉｎ大村　６,晴,北西,1,1,逃げ,1-5-6,4270,15,1-5,400,2,100,4403,01,1,1,6
2026-07-25,6,一般,0,4,ミッドナイトボートレースｉｎ大村　６,晴,西,1,1,まくり差し,6-1-4,74040,60,6-1,9460,12,4040,4475,02,6,6,6
2026-07-25,7,一般,1,4,ミッドナイトボートレースｉｎ大村　６,晴,西,1,1,逃げ,1-6-4,1910,7,1-6,520,2,100,3888,01,1,1,6
2026-07-25,8,一般,0,4,ミッドナイトボートレースｉｎ大村　６,晴,北西,1,1,逃げ,1-4-2,650,1,1-4,280,1,170,4171,01,1,1,6
2026-07-25,9,一般特選,0,4,ミッドナイトボートレースｉｎ大村　６,晴,西,1,1,逃げ,1-2-3,840,2,1-2,290,1,150,4821,01,1,1,6
2026-07-25,10,特別選抜戦Ｂ,0,4,ミッドナイトボートレースｉｎ大村　６,晴,北西,1,1,逃げ,1-3-5,3700,11,1-3,730,3,130,5111,01,1,1,6
2026-07-25,11,優勝戦,0,4,ミッドナイトボートレースｉｎ大村　６,晴,北,2,1,逃げ,1-3-6,2280,9,1-3,320,1,130,4518,01,1,1,6
2026-07-25,12,特別選抜戦Ａ,0,4,ミッドナイトボートレースｉｎ大村　６,晴,北,1,1,まくり差し,5-4-6,20670,44,5-4,4610,11,900,4675,05,5,5,6
2026-07-28,1,予選,0,1,にっぽん未来プロジェクト競走ｉｎ大村　１,晴,北西,2,1,まくり,5-6-4,5190,17,5-6,2530,13,430,3933,02,5,5,6
2026-07-28,2,予選,0,1,にっぽん未来プロジェクト競走ｉｎ大村　１,晴,北西,2,1,まくり,3-4-1,3040,6,3-4,500,1,240,3411,03,3,3,6
2026-07-28,3,予選,0,1,にっぽん未来プロジェクト競走ｉｎ大村　１,晴,北西,2,1,抜き,6-5-2,10070,51,6-5,2920,15,360,3787,05,6,2,6
2026-07-28,4,予選,0,1,にっぽん未来プロジェクト競走ｉｎ大村　１,晴,北,3,2,逃げ,1-4-6,1290,3,1-4,420,2,160,4596,01,1,1,6
2026-07-28,5,予選,0,1,にっぽん未来プロジェクト競走ｉｎ大村　１,晴,北,2,1,逃げ,1-2-3,1240,5,1-2,400,2,140,4137,01,1,1,6
2026-07-28,6,予選,0,1,にっぽん未来プロジェクト競走ｉｎ大村　１,晴,北西,2,1,まくり差し,3-1-6,700,2,3-1,480,2,190,4049,02,3,3,6
2026-07-28,7,予選,1,1,にっぽん未来プロジェクト競走ｉｎ大村　１,晴,北西,3,2,逃げ,1-2-4,590,3,1-2,100,1,110,4278,01,1,1,6
2026-07-28,8,予選,0,1,にっぽん未来プロジェクト競走ｉｎ大村　１,晴,北西,2,1,まくり,3-5-4,8470,28,3-5,1550,7,550,3327,04,3,4,6
2026-07-28,9,予選特賞,0,1,にっぽん未来プロジェクト競走ｉｎ大村　１,晴,北西,2,1,逃げ,1-3-6,470,1,1-3,150,1,110,4967,01,1,1,6
2026-07-28,10,予選特賞,0,1,にっぽん未来プロジェクト競走ｉｎ大村　１,晴,北西,2,1,まくり,3-2-5,5470,16,3-2,2770,8,580,3618,04,3,3,6
2026-07-28,11,予選特選,0,1,にっぽん未来プロジェクト競走ｉｎ大村　１,晴,北西,2,1,逃げ,1-2-3,1250,3,1-2,480,1,120,4748,01,1,1,6
2026-07-28,12,龍神選抜,0,1,にっぽん未来プロジェクト競走ｉｎ大村　１,晴,北,2,1,差し,4-1-5,14800,32,4-1,4330,9,640,4174,02,4,4,6
2026-07-29,1,予選,0,2,にっぽん未来プロジェクト競走ｉｎ大村　１,晴,北西,2,1,逃げ,1-3-4,860,1,1-3,570,2,390,4603,01,1,1,6
2026-07-29,2,予選,0,2,にっぽん未来プロジェクト競走ｉｎ大村　１,晴,北,2,1,まくり,2-3-6,1780,6,2-3,1520,6,150,3831,05,2,2,6
2026-07-29,3,予選,0,2,にっぽん未来プロジェクト競走ｉｎ大村　１,晴,北,3,2,差し,2-1-4,2130,5,2-1,720,3,400,3933,02,2,2,6
2026-07-29,4,予選,0,2,にっぽん未来プロジェクト競走ｉｎ大村　１,晴,北,2,1,逃げ,1-6-2,2560,10,1-6,760,3,130,4315,01,1,1,6
2026-07-29,5,予選,0,2,にっぽん未来プロジェクト競走ｉｎ大村　１,晴,北西,2,1,差し,3-1-6,2300,10,3-1,760,3,230,5257,02,3,4,6
2026-07-29,6,予選,0,2,にっぽん未来プロジェクト競走ｉｎ大村　１,晴,北西,1,1,まくり,3-4-1,18770,39,3-4,3930,12,950,4142,03,3,3,6
2026-07-29,7,予選,1,2,にっぽん未来プロジェクト競走ｉｎ大村　１,晴,西,2,1,逃げ,1-2-5,760,3,1-2,200,1,100,5028,01,1,1,6
2026-07-29,8,予選,0,2,にっぽん未来プロジェクト競走ｉｎ大村　１,晴,西,2,1,逃げ,1-2-4,1070,4,1-2,340,2,180,3304,01,1,1,6
2026-07-29,9,予選特賞,0,2,にっぽん未来プロジェクト競走ｉｎ大村　１,晴,北西,1,1,逃げ,1-6-2,630,2,1-6,330,2,270,3853,01,1,1,6
2026-07-29,10,予選特賞,0,2,にっぽん未来プロジェクト競走ｉｎ大村　１,晴,北西,2,1,逃げ,1-2-5,1380,4,1-2,340,2,130,5136,01,1,1,6
2026-07-29,11,予選特選,0,2,にっぽん未来プロジェクト競走ｉｎ大村　１,晴,北西,2,1,逃げ,1-3-5,560,2,1-3,210,1,110,4812,01,1,1,6
2026-07-29,12,予選特選,0,2,にっぽん未来プロジェクト競走ｉｎ大村　１,晴,北西,1,1,逃げ,1-3-2,710,2,1-3,320,2,110,5018,01,1,1,6
2026-07-30,1,一般,0,3,にっぽん未来プロジェクト競走ｉｎ大村　１,晴,北西,3,2,逃げ,1-4-5,2210,8,1-4,990,4,110,4447,01,1,1,6
2026-07-30,2,一般,0,3,にっぽん未来プロジェクト競走ｉｎ大村　１,晴,北西,2,1,まくり,4-6-3,5130,23,4-6,1170,6,350,3981,04,4,4,6
2026-07-30,3,一般,0,3,にっぽん未来プロジェクト競走ｉｎ大村　１,晴,北西,2,1,逃げ,1-2-3,360,1,1-2,330,2,170,5303,01,1,1,6
2026-07-30,4,一般,0,3,にっぽん未来プロジェクト競走ｉｎ大村　１,晴,北西,2,1,まくり差し,3-1-2,8640,28,3-1,3590,11,1310,4906,02,3,3,6
2026-07-30,5,一般,0,3,にっぽん未来プロジェクト競走ｉｎ大村　１,晴,北西,2,1,逃げ,1-3-5,480,1,1-3,180,1,140,5023,01,1,1,6
2026-07-30,6,一般,0,3,にっぽん未来プロジェクト競走ｉｎ大村　１,晴,北西,2,1,まくり差し,6-3-2,135720,106,6-3,27930,29,1650,4278,06,6,5,6
2026-07-30,7,一般,1,3,にっぽん未来プロジェクト競走ｉｎ大村　１,晴,北西,2,1,逃げ,1-4-2,3910,13,1-4,960,5,100,4635,01,1,1,6
2026-07-30,8,一般,0,3,にっぽん未来プロジェクト競走ｉｎ大村　１,晴,北西,2,1,逃げ,1-2-5,570,1,1-2,310,1,130,4761,01,1,1,6
2026-07-30,9,準優勝戦,0,3,にっぽん未来プロジェクト競走ｉｎ大村　１,晴,北西,2,1,逃げ,1-4-6,7030,21,1-4,570,3,110,4174,01,1,1,6
2026-07-30,10,準優勝戦,0,3,にっぽん未来プロジェクト競走ｉｎ大村　１,晴,北西,2,1,まくり差し,4-1-6,6960,20,4-1,1610,5,480,4812,02,4,4,6
2026-07-30,11,準優勝戦,0,3,にっぽん未来プロジェクト競走ｉｎ大村　１,晴,北西,2,1,逃げ,1-4-5,2740,10,1-4,710,4,120,5028,01,1,1,6
2026-07-30,12,一般,0,3,にっぽん未来プロジェクト競走ｉｎ大村　１,晴,北西,1,1,逃げ,1-2-5,1780,5,1-2,320,1,130,5205,01,1,1,6
2026-07-31,1,一般,0,4,にっぽん未来プロジェクト競走ｉｎ大村　１,晴,北西,1,1,逃げ,1-4-2,1070,3,1-4,460,2,120,4521,01,1,1,6
2026-07-31,2,一般,0,4,にっぽん未来プロジェクト競走ｉｎ大村　１,晴,北西,1,1,まくり差し,5-6-4,26070,79,5-6,9550,26,1630,4138,05,5,5,6
2026-07-31,3,一般,0,4,にっぽん未来プロジェクト競走ｉｎ大村　１,晴,北西,2,1,逃げ,1-2-4,1510,3,1-2,660,2,200,4093,01,1,1,6
2026-07-31,4,一般,0,4,にっぽん未来プロジェクト競走ｉｎ大村　１,晴,北西,2,1,逃げ,1-6-2,4450,19,1-6,1100,5,130,4173,01,1,1,6
2026-07-31,5,一般,0,4,にっぽん未来プロジェクト競走ｉｎ大村　１,晴,北西,1,1,逃げ,1-3-6,1540,7,1-3,360,2,120,5018,01,1,1,6
2026-07-31,6,一般,0,4,にっぽん未来プロジェクト競走ｉｎ大村　１,晴,北西,1,1,逃げ,1-3-5,370,1,1-3,200,1,200,4137,01,1,1,6
2026-07-31,7,一般,1,4,にっぽん未来プロジェクト競走ｉｎ大村　１,晴,北西,1,1,まくり差し,3-1-5,1640,5,3-1,460,3,350,4967,02,3,3,6
2026-07-31,8,一般,0,4,にっぽん未来プロジェクト競走ｉｎ大村　１,晴,北西,1,1,逃げ,1-4-3,3800,13,1-4,1460,6,110,3618,01,1,1,6
2026-07-31,9,一般特選,0,4,にっぽん未来プロジェクト競走ｉｎ大村　１,晴,北西,1,1,差し,2-4-6,85670,89,2-4,11760,19,820,4748,06,2,2,6
2026-07-31,10,特別選抜戦,0,4,にっぽん未来プロジェクト競走ｉｎ大村　１,晴,北西,2,1,逃げ,1-4-6,3160,10,1-4,410,1,190,4603,01,1,1,6
2026-07-31,11,特別選抜戦,0,4,にっぽん未来プロジェクト競走ｉｎ大村　１,晴,北西,2,1,まくり,6-3-5,42710,95,6-3,6120,22,1040,4447,06,6,2,6
2026-07-31,12,優勝戦,0,4,にっぽん未来プロジェクト競走ｉｎ大村　１,晴,北西,2,1,逃げ,1-3-4,1300,5,1-3,420,2,130,5028,01,1,1,6
2026-08-06,1,予選,0,1,ＢＯＡＴＲＡＣＥ振興会会長賞,晴,北東,8,7,差し,2-5-6,17610,60,2-5,3850,16,600,4299,04,2,2,6
2026-08-06,2,予選,0,1,ＢＯＡＴＲＡＣＥ振興会会長賞,晴,北東,7,6,逃げ,1-2-5,880,1,1-2,600,2,170,4092,01,1,1,6
2026-08-06,3,予選,0,1,ＢＯＡＴＲＡＣＥ振興会会長賞,晴,北東,7,6,差し,2-1-4,1000,2,2-1,440,2,190,3284,02,2,2,6
2026-08-06,4,予選,0,1,ＢＯＡＴＲＡＣＥ振興会会長賞,晴,北東,6,5,差し,4-1-2,2750,10,4-1,890,3,230,3224,02,4,4,6
2026-08-06,5,予選,0,1,ＢＯＡＴＲＡＣＥ振興会会長賞,晴,東,5,4,まくり,4-2-3,5450,22,4-2,2100,9,1380,4213,05,4,4,6
2026-08-06,6,予選,0,1,ＢＯＡＴＲＡＣＥ振興会会長賞,晴,北東,5,4,まくり差し,4-3-6,3420,13,4-3,1270,6,590,3964,05,4,4,6
2026-08-06,7,予選,1,1,ＢＯＡＴＲＡＣＥ振興会会長賞,晴,北東,5,4,抜き,5-1-4,10130,30,5-1,1580,6,760,3349,02,5,5,6
2026-08-06,8,予選,0,1,ＢＯＡＴＲＡＣＥ振興会会長賞,晴,北東,5,4,逃げ,1-2-4,6160,23,1-2,2000,8,140,4588,01,1,1,6
2026-08-06,9,予選,0,1,ＢＯＡＴＲＡＣＥ振興会会長賞,晴,東,5,4,まくり差し,5-1-6,3150,11,5-1,930,5,460,4259,02,5,5,6
2026-08-06,10,予選,0,1,ＢＯＡＴＲＡＣＥ振興会会長賞,晴,北東,5,4,逃げ,1-6-5,4770,17,1-6,650,2,220,4949,01,1,1,6
2026-08-06,11,予選特選,0,1,ＢＯＡＴＲＡＣＥ振興会会長賞,晴,北東,5,4,差し,4-1-3,2990,10,4-1,890,3,440,3576,02,4,4,6
2026-08-06,12,予選特選,0,1,ＢＯＡＴＲＡＣＥ振興会会長賞,晴,北東,5,4,逃げ,1-3-2,790,2,1-3,250,1,100,4497,01,1,1,6
2026-08-07,1,予選,0,2,ＢＯＡＴＲＡＣＥ振興会会長賞,晴,東,8,7,,,,,,,,,4966,F,,,6
2026-08-07,2,予選,0,2,ＢＯＡＴＲＡＣＥ振興会会長賞,晴,東,6,5,抜き,5-4-2,26400,61,5-4,7220,15,550,4287,04,5,2,6
2026-08-07,3,予選,0,2,ＢＯＡＴＲＡＣＥ振興会会長賞,晴,南東,5,4,逃げ,1-2-4,2390,9,1-2,750,4,340,4164,01,1,1,6
2026-08-07,4,予選,0,2,ＢＯＡＴＲＡＣＥ振興会会長賞,晴,南東,5,4,逃げ,1-2-4,570,1,1-2,250,1,140,5055,01,1,1,6
2026-08-07,5,予選,0,2,ＢＯＡＴＲＡＣＥ振興会会長賞,雨,南東,4,3,逃げ,1-2-4,1700,6,1-2,410,2,240,3892,01,1,1,6
2026-08-07,6,予選,0,2,ＢＯＡＴＲＡＣＥ振興会会長賞,雨,東,5,4,逃げ,1-3-4,6590,24,1-3,580,2,180,3527,01,1,1,6
2026-08-07,7,予選,1,2,ＢＯＡＴＲＡＣＥ振興会会長賞,曇り,北東,5,4,差し,2-1-3,1310,5,2-1,800,4,680,4241,02,2,2,6
2026-08-07,8,予選,0,2,ＢＯＡＴＲＡＣＥ振興会会長賞,曇り,北東,5,4,まくり,4-1-5,1740,6,4-1,540,2,340,4553,02,4,4,6
2026-08-07,9,予選,0,2,ＢＯＡＴＲＡＣＥ振興会会長賞,曇り,東,4,3,まくり差し,3-4-6,480,1,3-4,310,1,110,4248,04,3,3,6
2026-08-07,10,予選,0,2,ＢＯＡＴＲＡＣＥ振興会会長賞,曇り,東,4,3,まくり差し,3-1-2,12680,26,3-1,3560,9,930,4624,02,3,3,6
2026-08-07,11,予選特選,0,2,ＢＯＡＴＲＡＣＥ振興会会長賞,曇り,北東,6,5,逃げ,1-3-4,1400,4,1-3,380,2,130,3473,01,1,1,6
2026-08-07,12,予選特選,0,2,ＢＯＡＴＲＡＣＥ振興会会長賞,曇り,北東,5,4,逃げ,1-4-2,2860,12,1-4,710,4,110,4352,01,1,1,6
2026-08-08,1,予選,0,3,ＢＯＡＴＲＡＣＥ振興会会長賞,晴,北東,8,7,まくり差し,6-5-3,24820,54,6-5,9950,21,3070,3843,06,6,5,6
2026-08-08,2,予選,0,3,ＢＯＡＴＲＡＣＥ振興会会長賞,曇り,北東,8,7,逃げ,1-3-6,1100,3,1-3,540,2,170,5011,01,1,1,6
2026-08-08,3,予選,0,3,ＢＯＡＴＲＡＣＥ振興会会長賞,曇り,北東,7,6,差し,2-3-1,7510,40,2-3,2820,15,710,4004,03,2,2,6
2026-08-08,4,予選,0,3,ＢＯＡＴＲＡＣＥ振興会会長賞,曇り,北東,7,6,差し,2-3-4,3520,11,2-3,2420,8,930,4948,04,2,2,6
2026-08-08,5,予選,0,3,ＢＯＡＴＲＡＣＥ振興会会長賞,曇り,東,7,6,逃げ,1-2-5,980,1,1-2,410,1,160,4695,01,1,1,6
2026-08-08,6,予選,0,3,ＢＯＡＴＲＡＣＥ振興会会長賞,曇り,北東,6,5,まくり差し,3-1-2,1510,6,3-1,380,2,140,4171,02,3,3,6
2026-08-08,7,予選,1,3,ＢＯＡＴＲＡＣＥ振興会会長賞,曇り,北東,6,5,逃げ,1-2-4,650,2,1-2,170,1,110,4715,01,1,1,6
2026-08-08,8,予選,0,3,ＢＯＡＴＲＡＣＥ振興会会長賞,曇り,北東,5,4,逃げ,1-6-2,27740,58,1-6,3530,14,220,4969,01,1,1,6
2026-08-08,9,予選,0,3,ＢＯＡＴＲＡＣＥ振興会会長賞,曇り,北東,7,6,逃げ,1-3-2,1870,7,1-3,510,3,110,3777,01,1,1,6
2026-08-08,10,予選特選,0,3,ＢＯＡＴＲＡＣＥ振興会会長賞,曇り,北東,5,4,まくり差し,5-6-1,28280,83,5-6,5940,21,1340,3574,03,5,5,6
2026-08-08,11,予選特選,0,3,ＢＯＡＴＲＡＣＥ振興会会長賞,曇り,北東,5,4,逃げ,1-4-2,660,2,1-4,380,2,100,4096,01,1,1,6
2026-08-08,12,一般,0,3,ＢＯＡＴＲＡＣＥ振興会会長賞,曇り,北東,7,6,まくり,4-1-3,3390,13,4-1,580,3,140,5055,02,4,4,6
2026-08-09,1,一般,0,4,ＢＯＡＴＲＡＣＥ振興会会長賞,曇り,北東,3,2,逃げ,1-2-3,540,1,1-2,400,2,150,5048,01,1,1,6
2026-08-09,2,一般,0,4,ＢＯＡＴＲＡＣＥ振興会会長賞,曇り,東,2,1,逃げ,1-2-5,1240,5,1-2,480,3,140,5011,01,1,1,6
2026-08-09,3,一般,0,4,ＢＯＡＴＲＡＣＥ振興会会長賞,曇り,東,2,1,逃げ,1-4-3,1210,3,1-4,530,2,140,3284,01,1,1,6
2026-08-09,4,一般,0,4,ＢＯＡＴＲＡＣＥ振興会会長賞,曇り,北東,2,1,まくり差し,4-3-1,27230,40,4-3,12190,15,1380,4715,03,4,4,6
2026-08-09,5,一般,0,4,ＢＯＡＴＲＡＣＥ振興会会長賞,曇り,東,2,1,差し,3-1-4,1810,5,3-1,620,2,560,4624,02,3,2,6
2026-08-09,6,一般,0,4,ＢＯＡＴＲＡＣＥ振興会会長賞,曇り,東,2,1,逃げ,1-5-4,1120,4,1-5,360,1,120,4352,01,1,1,6
2026-08-09,7,一般,1,4,ＢＯＡＴＲＡＣＥ振興会会長賞,曇り,東,2,1,逃げ,1-2-3,670,3,1-2,390,2,130,4171,01,1,1,6
2026-08-09,8,一般,0,4,ＢＯＡＴＲＡＣＥ振興会会長賞,曇り,東,2,1,逃げ,1-2-3,620,2,1-2,200,1,130,4241,01,1,1,6
2026-08-09,9,準優勝戦,0,4,ＢＯＡＴＲＡＣＥ振興会会長賞,曇り,東,2,1,逃げ,1-2-3,520,2,1-2,210,1,100,4497,01,1,1,6
2026-08-09,10,準優勝戦,0,4,ＢＯＡＴＲＡＣＥ振興会会長賞,曇り,東,2,1,まくり,2-5-4,37820,50,2-5,6930,14,360,3473,04,2,2,6
2026-08-09,11,準優勝戦,0,4,ＢＯＡＴＲＡＣＥ振興会会長賞,曇り,東,2,1,逃げ,1-4-6,2480,10,1-4,450,3,100,4096,01,1,1,6
2026-08-09,12,一般,0,4,ＢＯＡＴＲＡＣＥ振興会会長賞,曇り,東,1,1,逃げ,1-2-6,5020,19,1-2,610,2,250,3574,01,1,1,6
2026-08-10,1,一般,0,5,ＢＯＡＴＲＡＣＥ振興会会長賞,曇り,南西,2,1,逃げ,1-2-3,390,1,1-2,300,2,130,3527,01,1,1,6
2026-08-10,2,一般,0,5,ＢＯＡＴＲＡＣＥ振興会会長賞,曇り,南西,2,1,逃げ,1-3-5,1060,5,1-3,300,1,100,4092,01,1,1,6
2026-08-10,3,一般,0,5,ＢＯＡＴＲＡＣＥ振興会会長賞,晴,南西,2,1,抜き,1-3-2,1020,4,1-3,250,1,120,4588,01,1,1,6
2026-08-10,4,一般,0,5,ＢＯＡＴＲＡＣＥ振興会会長賞,晴,南西,2,1,まくり,2-5-1,12740,36,2-5,5670,16,550,3349,03,2,3,6
2026-08-10,5,一般,0,5,ＢＯＡＴＲＡＣＥ振興会会長賞,晴,南,1,1,逃げ,1-2-3,390,1,1-2,230,1,100,4259,01,1,1,6
2026-08-10,6,一般,0,5,ＢＯＡＴＲＡＣＥ振興会会長賞,晴,南,1,1,差し,4-1-5,1500,5,4-1,540,3,370,4287,02,4,2,6
2026-08-10,7,一般,1,5,ＢＯＡＴＲＡＣＥ振興会会長賞,晴,南,1,1,逃げ,1-2-3,510,1,1-2,250,1,140,3576,01,1,1,6
2026-08-10,8,一般,0,5,ＢＯＡＴＲＡＣＥ振興会会長賞,晴,南,1,1,逃げ,1-4-2,3330,13,1-4,1530,5,190,5395,01,1,1,6
2026-08-10,9,一般,0,5,ＢＯＡＴＲＡＣＥ振興会会長賞,晴,北西,2,1,抜き,4-1-5,7360,20,4-1,2640,7,400,4695,02,4,4,6
2026-08-10,10,特別選抜戦Ｂ,0,5,ＢＯＡＴＲＡＣＥ振興会会長賞,晴,北東,3,2,まくり,4-6-1,12090,35,4-6,3700,10,540,4949,03,4,4,6
2026-08-10,11,特別選抜戦Ａ,0,5,ＢＯＡＴＲＡＣＥ振興会会長賞,晴,北東,3,2,逃げ,1-2-4,680,1,1-2,300,1,130,4553,01,1,1,6
2026-08-10,12,優勝戦,0,5,ＢＯＡＴＲＡＣＥ振興会会長賞,晴,北東,2,1,逃げ,1-2-3,620,1,1-2,280,2,120,4096,01,1,1,6
2026-08-12,1,予選,0,1,オールレディース競走,晴,西,3,2,まくり,2-5-6,8350,49,2-5,710,1,300,5346,06,2,2,6
2026-08-12,2,予選,0,1,オールレディース競走,晴,北西,3,2,逃げ,1-5-3,3130,10,1-5,1730,8,120,5213,01,1,1,6
2026-08-12,3,予選,0,1,オールレディース競走,晴,北西,3,2,差し,2-1-3,900,2,2-1,470,2,180,3474,02,2,2,6
2026-08-12,4,予選,0,1,オールレディース競走,晴,北西,4,3,まくり差し,4-3-5,3610,17,4-3,620,1,170,5358,05,4,4,6
2026-08-12,5,予選,0,1,オールレディース競走,晴,北西,4,3,逃げ,1-2-5,2210,9,1-2,330,1,120,4501,01,1,1,6
2026-08-12,6,予選,0,1,オールレディース競走,晴,北西,3,2,逃げ,1-5-4,2970,9,1-5,1420,5,230,4947,01,1,1,6
2026-08-12,7,予選,1,1,オールレディース競走,晴,北西,3,2,逃げ,1-3-2,260,1,1-3,180,1,120,4450,01,1,1,6
2026-08-12,8,予選,0,1,オールレディース競走,晴,北西,4,3,差し,2-1-4,760,2,2-1,380,2,170,3604,02,2,2,6
2026-08-12,9,予選,0,1,オールレディース競走,晴,北,2,1,差し,2-5-3,6390,26,2-5,580,2,210,5342,04,2,2,6
2026-08-12,10,予選特賞,0,1,オールレディース競走,晴,北,2,1,まくり差し,3-1-4,3570,13,3-1,520,2,310,4300,02,3,3,6
2026-08-12,11,予選特選,0,1,オールレディース競走,晴,北,2,1,まくり,2-1-5,1500,6,2-1,710,2,380,4286,02,2,2,6
2026-08-12,12,発祥地ドリー,0,1,オールレディース競走,晴,南,1,1,差し,2-1-3,2200,6,2-1,920,4,230,5129,02,2,2,6
2026-08-13,1,予選,0,2,オールレディース競走,晴,西,4,3,差し,2-4-1,6750,17,2-4,3130,8,170,4891,03,2,2,6
2026-08-13,2,予選,0,2,オールレディース競走,晴,西,4,3,逃げ,1-2-5,650,2,1-2,330,1,140,5272,01,1,1,6
2026-08-13,3,予選,0,2,オールレディース競走,晴,西,4,3,抜き,4-1-6,1440,4,4-1,640,2,110,4744,02,4,4,6
2026-08-13,4,予選,0,2,オールレディース競走,晴,西,4,3,逃げ,1-6-5,10420,33,1-6,3500,13,190,4534,01,1,1,6
2026-08-13,5,予選,0,2,オールレディース競走,晴,西,4,3,抜き,1-4-3,3360,13,1-4,1070,4,140,5069,01,1,1,6
2026-08-13,6,予選,0,2,オールレディース競走,晴,西,4,3,差し,4-1-2,5130,23,4-1,1250,7,280,5360,02,4,4,6
2026-08-13,7,予選,1,2,オールレディース競走,晴,西,3,2,まくり,4-2-1,4230,13,4-2,1770,5,900,4927,03,4,4,6
2026-08-13,8,予選,0,2,オールレディース競走,晴,南西,3,2,逃げ,1-3-4,1430,5,1-3,300,1,170,5056,01,1,1,6
2026-08-13,9,予選,0,2,オールレディース競走,晴,南西,3,2,逃げ,1-6-2,920,3,1-6,320,2,130,4589,01,1,1,6
2026-08-13,10,予選特賞,0,2,オールレディース競走,晴,南,2,1,まくり差し,5-2-4,25000,65,5-2,4990,16,1560,3579,04,5,5,6
2026-08-13,11,予選特選,0,2,オールレディース競走,晴,南,1,1,逃げ,1-2-3,2050,7,1-2,350,1,110,4627,01,1,1,6
2026-08-13,12,予選特選,0,2,オールレディース競走,晴,南,1,1,逃げ,1-4-6,3070,13,1-4,710,3,100,4464,01,1,1,6
2026-08-14,1,予選,0,3,オールレディース競走,晴,西,3,2,差し,2-1-5,1430,5,2-1,410,2,170,4924,02,2,2,6
2026-08-14,2,予選,0,3,オールレディース競走,晴,西,3,2,逃げ,1-3-2,2390,11,1-3,1110,5,640,5254,01,1,1,6
2026-08-14,3,予選,0,3,オールレディース競走,晴,北西,3,2,逃げ,1-4-3,2650,12,1-4,1200,6,190,5250,01,1,1,6
2026-08-14,4,予選,0,3,オールレディース競走,晴,西,4,3,逃げ,1-3-6,1210,3,1-3,290,1,150,3932,01,1,1,6
2026-08-14,5,予選,0,3,オールレディース競走,晴,西,4,3,抜き,3-5-2,1900,4,3-5,370,1,200,3943,04,3,3,6
2026-08-14,6,予選,0,3,オールレディース競走,晴,西,3,2,抜き,4-1-5,1780,7,4-1,470,2,240,4791,02,4,4,6
2026-08-14,7,予選,1,3,オールレディース競走,晴,南西,3,2,差し,2-3-4,1470,6,2-3,660,3,220,3334,04,2,2,6
2026-08-14,8,予選,0,3,オールレディース競走,晴,南西,2,1,まくり,3-1-2,2780,12,3-1,610,4,360,3993,02,3,3,6
2026-08-14,9,予選,0,3,オールレディース競走,晴,南西,2,1,まくり,3-1-5,1310,4,3-1,530,2,180,5335,02,3,3,6
2026-08-14,10,予選特賞,0,3,オールレディース競走,晴,南西,2,1,逃げ,1-5-2,890,3,1-5,460,2,130,4372,01,1,1,6
2026-08-14,11,予選特選,0,3,オールレディース競走,晴,南西,2,1,逃げ,1-2-4,930,3,1-2,360,2,110,4738,01,1,1,6
2026-08-14,12,予選特選,0,3,オールレディース競走,晴,南西,2,1,逃げ,1-2-3,480,1,1-2,290,2,120,4450,01,1,1,6
2026-08-15,1,予選,0,4,オールレディース競走,曇り,南西,1,1,逃げ,1-5-2,2730,10,1-5,920,4,170,5117,01,1,1,6
2026-08-15,2,予選,0,4,オールレディース競走,曇り,南西,3,2,逃げ,1-4-5,4260,21,1-4,1490,8,460,4246,01,1,1,6
2026-08-15,3,予選,0,4,オールレディース競走,曇り,南西,3,2,まくり差し,4-3-1,2690,9,4-3,370,1,220,5327,03,4,4,6
2026-08-15,4,予選,0,4,オールレディース競走,曇り,南西,2,1,逃げ,1-2-4,3650,19,1-2,1230,7,200,4408,01,1,1,6
2026-08-15,5,予選,0,4,オールレディース競走,曇り,南西,3,2,逃げ,1-2-3,2450,11,1-2,1270,7,410,5362,01,1,1,6
2026-08-15,6,予選,0,4,オールレディース競走,曇り,南西,3,2,差し,5-3-2,55820,71,5-3,13020,21,1680,3175,04,5,5,6
2026-08-15,7,予選,1,4,オールレディース競走,曇り,南西,3,2,逃げ,1-3-2,1460,7,1-3,360,2,130,4464,01,1,1,6
2026-08-15,8,予選,0,4,オールレディース競走,曇り,南西,1,1,差し,2-1-3,2140,6,2-1,880,4,200,4098,02,2,2,6
2026-08-15,9,予選,0,4,オールレディース競走,曇り,南西,2,1,逃げ,1-2-3,580,1,1-2,280,1,260,4065,01,1,1,6
2026-08-15,10,予選特選,0,4,オールレディース競走,曇り,南西,2,1,逃げ,1-6-5,8040,19,1-6,2020,5,110,5129,01,1,1,6
2026-08-15,11,予選特選,0,4,オールレディース競走,曇り,南西,1,1,差し,4-1-3,5210,13,4-1,2230,5,720,4627,02,4,4,6
2026-08-15,12,一般特賞,0,4,オールレディース競走,曇り,南西,2,1,差し,2-1-3,14930,39,2-1,5310,12,1050,4924,02,2,2,6
2026-08-16,1,一般,0,5,オールレディース競走,曇り,南,3,2,逃げ,1-2-3,690,2,1-2,290,1,190,5213,01,1,1,6
2026-08-16,2,一般,0,5,オールレディース競走,曇り,南,1,1,差し,2-3-6,30270,46,2-3,3130,8,390,4589,05,2,2,6
2026-08-16,3,一般,0,5,オールレディース競走,曇り,南,2,1,抜き,1-2-4,650,1,1-2,230,1,150,4065,01,1,1,6
2026-08-16,4,一般,0,5,オールレディース競走,曇り,南,3,2,抜き,1-3-5,510,1,1-3,260,1,120,4372,01,1,1,6
2026-08-16,5,一般,0,5,オールレディース競走,曇り,南,3,2,まくり差し,5-1-3,1610,5,5-1,800,3,430,5056,02,5,5,6
2026-08-16,6,一般,0,5,オールレディース競走,曇り,南,2,1,まくり差し,4-3-5,16670,36,4-3,8040,14,1270,4286,04,4,4,6
2026-08-16,7,一般,1,5,オールレディース競走,曇り,南,1,1,まくり差し,5-1-3,7440,16,5-1,2650,7,1310,4927,02,5,5,6
2026-08-16,8,一般,0,5,オールレディース競走,曇り,南東,2,1,逃げ,1-5-3,2160,7,1-5,1010,3,270,4408,01,1,1,6
2026-08-16,9,準優勝戦,0,5,オールレディース競走,曇り,南,2,1,差し,2-1-5,2670,10,2-1,700,3,520,4738,02,2,2,6
2026-08-16,10,準優勝戦,0,5,オールレディース競走,曇り,南,2,1,抜き,1-3-5,1620,7,1-3,360,2,100,4450,01,1,1,6
2026-08-16,11,準優勝戦,0,5,オールレディース競走,曇り,南,2,1,逃げ,1-5-6,5710,19,1-5,1030,5,120,4627,01,1,1,6
2026-08-16,12,一般,0,5,オールレディース競走,曇り,南西,4,3,差し,4-5-1,4740,15,4-5,2570,9,1060,3334,03,4,4,6
2026-08-17,1,一般,0,6,オールレディース競走,曇り,南,3,2,逃げ,1-2-3,370,1,1-2,260,1,120,4891,01,1,1,6
2026-08-17,2,一般,0,6,オールレディース競走,曇り,南西,3,2,逃げ,1-2-3,1400,4,1-2,360,1,140,4534,01,1,1,6
2026-08-17,3,一般,0,6,オールレディース競走,曇り,南西,3,2,まくり,2-3-4,2250,11,2-3,1520,8,190,3175,04,2,2,6
2026-08-17,4,一般,0,6,オールレディース競走,曇り,西,2,1,差し,2-4-3,10430,44,2-4,1840,9,260,3474,04,2,2,6
2026-08-17,5,一般,0,6,オールレディース競走,曇り,西,2,1,逃げ,1-2-3,700,1,1-2,310,2,170,4464,01,1,1,6
2026-08-17,6,一般,0,6,オールレディース競走,曇り,西,2,1,抜き,1-2-6,410,1,1-2,190,1,110,5129,01,1,1,6
2026-08-17,7,一般,1,6,オールレディース競走,曇り,南西,1,1,逃げ,1-2-3,690,3,1-2,430,2,120,4300,01,1,1,6
2026-08-17,8,一般,0,6,オールレディース競走,晴,南西,2,1,差し,2-5-1,3320,11,2-5,1950,6,390,5250,03,2,2,6
2026-08-17,9,一般,0,6,オールレディース競走,晴,西,1,1,まくり,4-2-5,7590,27,4-2,1950,7,1240,5335,05,4,4,6
2026-08-17,10,特別選抜戦,0,6,オールレディース競走,晴,西,1,1,逃げ,1-2-3,730,1,1-2,370,1,190,4791,01,1,1,6
2026-08-17,11,特別選抜戦,0,6,オールレディース競走,晴,南西,1,1,まくり,4-2-3,7580,27,4-2,2070,7,460,4065,04,4,4,6
2026-08-17,12,優勝戦,0,6,オールレディース競走,晴,西,1,1,逃げ,1-2-3,440,1,1-2,210,1,120,4450,01,1,1,6
2026-08-20,1,予選,0,1,ミッドナイトボートレースｉｎ大村　７,晴,北西,2,1,まくり,3-1-5,1170,1,3-1,820,3,210,4143,02,3,3,6
2026-08-20,2,予選,0,1,ミッドナイトボートレースｉｎ大村　７,晴,西,2,1,差し,3-4-6,350,1,3-4,350,2,170,3569,F,3,3,6
2026-08-20,3,予選,0,1,ミッドナイトボートレースｉｎ大村　７,晴,西,2,1,まくり,3-4-1,8040,30,3-4,2510,11,530,3315,03,3,4,6
2026-08-20,4,予選,0,1,ミッドナイトボートレースｉｎ大村　７,晴,北西,2,1,抜き,3-1-2,4200,20,3-1,1030,4,430,3542,02,3,4,6
2026-08-20,5,予選,0,1,ミッドナイトボートレースｉｎ大村　７,晴,西,2,1,まくり,4-5-1,2850,10,4-5,1540,6,180,4315,03,4,6,6
2026-08-20,6,予選,0,1,ミッドナイトボートレースｉｎ大村　７,晴,西,1,1,まくり差し,3-1-5,1190,5,3-1,350,2,210,4363,02,3,3,6
2026-08-20,7,予選,1,1,ミッドナイトボートレースｉｎ大村　７,晴,西,2,1,逃げ,1-3-2,780,2,1-3,250,1,100,5126,01,1,1,6
2026-08-20,8,予選,0,1,ミッドナイトボートレースｉｎ大村　７,晴,北西,2,1,逃げ,1-3-2,1200,4,1-3,500,2,150,4526,01,1,1,6
2026-08-20,9,予選特賞,0,1,ミッドナイトボートレースｉｎ大村　７,晴,北西,1,1,まくり,4-5-1,4530,23,4-5,2580,10,400,4381,03,4,4,6
2026-08-20,10,予選特賞,0,1,ミッドナイトボートレースｉｎ大村　７,晴,北西,1,1,まくり,3-1-5,12070,31,3-1,2170,8,1070,3747,02,3,3,6
2026-08-20,11,予選特選,0,1,ミッドナイトボートレースｉｎ大村　７,晴,北西,1,1,逃げ,1-5-3,4050,13,1-5,1410,5,120,4506,01,1,1,6
2026-08-20,12,龍神選抜,0,1,ミッドナイトボートレースｉｎ大村　７,晴,北西,1,1,逃げ,1-3-4,910,1,1-3,380,1,160,4932,01,1,1,6
2026-08-21,1,予選,0,2,ミッドナイトボートレースｉｎ大村　７,晴,北西,1,1,まくり,3-5-1,4560,16,3-5,2130,7,370,4515,03,3,4,6
2026-08-21,2,予選,0,2,ミッドナイトボートレースｉｎ大村　７,晴,北西,2,1,逃げ,1-4-5,2500,9,1-4,1390,5,270,3340,01,1,1,6
2026-08-21,3,予選,0,2,ミッドナイトボートレースｉｎ大村　７,晴,北西,2,1,逃げ,1-2-3,570,1,1-2,310,1,200,4100,01,1,1,6
2026-08-21,4,予選,0,2,ミッドナイトボートレースｉｎ大村　７,曇り,西,3,2,差し,3-2-5,14880,34,3-2,4530,9,270,4040,06,3,3,6
2026-08-21,5,予選,0,2,ミッドナイトボートレースｉｎ大村　７,雨,北,2,1,逃げ,1-2-4,1280,4,1-2,420,2,170,4603,01,1,1,6
2026-08-21,6,予選,0,2,ミッドナイトボートレースｉｎ大村　７,雨,北,2,1,まくり差し,4-2-5,3800,11,4-2,710,2,220,3458,05,4,4,6
2026-08-21,7,予選,1,2,ミッドナイトボートレースｉｎ大村　７,曇り,北,1,1,抜き,1-5-6,11410,19,1-5,840,4,100,4174,01,1,1,6
2026-08-21,8,予選,0,2,ミッドナイトボートレースｉｎ大村　７,曇り,南西,2,1,逃げ,1-3-5,1830,4,1-3,670,4,160,4077,01,1,1,6
2026-08-21,9,予選特賞,0,2,ミッドナイトボートレースｉｎ大村　７,曇り,南東,1,1,差し,3-4-2,1700,6,3-4,610,2,120,4176,06,3,3,6
2026-08-21,10,予選特賞,0,2,ミッドナイトボートレースｉｎ大村　７,曇り,南東,1,1,逃げ,1-3-2,720,2,1-3,280,1,120,4584,01,1,1,6
2026-08-21,11,予選特選,0,2,ミッドナイトボートレースｉｎ大村　７,曇り,南西,1,1,逃げ,1-2-6,3260,11,1-2,260,1,160,3612,01,1,1,6
2026-08-21,12,予選特選,0,2,ミッドナイトボートレースｉｎ大村　７,曇り,南西,1,1,まくり差し,6-4-1,48360,63,6-4,13590,21,1180,4736,03,6,6,6
2026-08-22,1,一般,0,3,ミッドナイトボートレースｉｎ大村　７,晴,北西,2,1,まくり,2-3-5,25300,67,2-3,2450,8,600,4879,04,2,2,6
2026-08-22,2,一般,0,3,ミッドナイトボートレースｉｎ大村　７,晴,北西,2,1,差し,2-1-6,1520,5,2-1,610,2,680,4697,02,2,2,6
2026-08-22,3,一般,0,3,ミッドナイトボートレースｉｎ大村　７,晴,北西,2,1,抜き,2-1-5,3920,14,2-1,1830,6,990,4174,02,2,2,6
2026-08-22,4,一般,0,3,ミッドナイトボートレースｉｎ大村　７,晴,西,2,1,逃げ,1-2-5,850,2,1-2,450,2,100,3612,01,1,1,6
2026-08-22,5,一般,0,3,ミッドナイトボートレースｉｎ大村　７,晴,西,2,1,逃げ,1-2-4,4880,22,1-2,360,1,180,5160,01,1,1,6
2026-08-22,6,一般,0,3,ミッドナイトボートレースｉｎ大村　７,晴,北西,2,1,逃げ,1-3-6,620,1,1-3,350,2,200,4633,01,1,1,6
2026-08-22,7,一般,1,3,ミッドナイトボートレースｉｎ大村　７,晴,北西,2,1,逃げ,1-3-4,380,1,1-3,190,1,110,4506,01,1,1,6
2026-08-22,8,一般,0,3,ミッドナイトボートレースｉｎ大村　７,晴,北,2,1,まくり,2-1-5,4980,19,2-1,1300,5,720,4630,02,2,2,6
2026-08-22,9,準優勝戦,0,3,ミッドナイトボートレースｉｎ大村　７,晴,北西,2,1,逃げ,1-2-5,1920,9,1-2,280,1,100,4584,01,1,1,6
2026-08-22,10,準優勝戦,0,3,ミッドナイトボートレースｉｎ大村　７,晴,北西,2,1,逃げ,1-4-3,810,2,1-4,400,2,110,3747,01,1,1,6
2026-08-22,11,準優勝戦,0,3,ミッドナイトボートレースｉｎ大村　７,晴,西,2,1,逃げ,1-3-2,560,2,1-3,290,2,120,4932,01,1,1,6
2026-08-22,12,一般,0,3,ミッドナイトボートレースｉｎ大村　７,晴,西,2,1,逃げ,1-4-6,7070,24,1-4,530,2,190,5096,01,1,1,6
2026-08-23,1,一般,0,4,ミッドナイトボートレースｉｎ大村　７,晴,北西,2,1,まくり,3-6-4,6330,26,3-6,1740,9,370,3542,05,3,4,6
2026-08-23,2,一般,0,4,ミッドナイトボートレースｉｎ大村　７,晴,北西,2,1,逃げ,1-2-5,650,1,1-2,260,1,170,4603,01,1,1,6
2026-08-23,3,一般,0,4,ミッドナイトボートレースｉｎ大村　７,晴,西,2,1,逃げ,1-2-3,770,2,1-2,310,1,260,4892,01,1,1,6
2026-08-23,4,一般,0,4,ミッドナイトボートレースｉｎ大村　７,晴,北西,2,1,抜き,1-4-6,7240,25,1-4,390,2,150,5102,01,1,1,6
2026-08-23,5,一般,0,4,ミッドナイトボートレースｉｎ大村　７,晴,北西,2,1,差し,2-1-5,6720,31,2-1,2360,12,1420,4527,02,2,2,6
2026-08-23,6,一般,0,4,ミッドナイトボートレースｉｎ大村　７,晴,西,2,1,逃げ,1-5-6,1740,7,1-5,450,3,100,4526,01,1,1,6
2026-08-23,7,一般,1,4,ミッドナイトボートレースｉｎ大村　７,晴,西,2,1,差し,2-1-4,3210,10,2-1,530,2,500,4077,02,2,2,6
2026-08-23,8,一般,0,4,ミッドナイトボートレースｉｎ大村　７,晴,西,1,1,差し,4-5-3,16650,42,4-5,3830,11,430,5160,04,4,3,6
2026-08-23,9,一般特選,0,4,ミッドナイトボートレースｉｎ大村　７,晴,西,2,1,まくり,4-6-2,6960,40,4-6,1750,8,260,4615,04,4,4,6
2026-08-23,10,特別選抜戦Ｂ,0,4,ミッドナイトボートレースｉｎ大村　７,晴,西,2,1,差し,5-1-3,11180,41,5-1,3290,13,920,4315,02,5,5,6
2026-08-23,11,優勝戦,0,4,ミッドナイトボートレースｉｎ大村　７,晴,西,2,1,差し,3-2-6,23540,44,3-2,3920,11,610,4932,04,3,3,6
2026-08-23,12,特別選抜戦Ａ,0,4,ミッドナイトボートレースｉｎ大村　７,晴,西,2,1,まくり差し,3-1-5,4840,17,3-1,1740,6,580,4506,02,3,3,6
2026-09-01,1,予選,0,1,ミッドナイトボートレースｉｎ大村　８,晴,北西,2,1,まくり,3-5-2,4520,15,3-5,920,1,340,3752,05,3,3,6
2026-09-01,2,予選,0,1,ミッドナイトボートレースｉｎ大村　８,晴,北西,2,1,逃げ,1-6-3,7620,30,1-6,1440,7,180,3339,01,1,1,6
2026-09-01,3,予選,0,1,ミッドナイトボートレースｉｎ大村　８,晴,北西,2,1,逃げ,1-2-4,6180,29,1-2,2270,12,580,3722,01,1,1,6
2026-09-01,4,予選,0,1,ミッドナイトボートレースｉｎ大村　８,晴,北西,2,1,まくり差し,3-1-5,4550,17,3-1,1550,5,720,4553,02,3,3,6
2026-09-01,5,予選,0,1,ミッドナイトボートレースｉｎ大村　８,晴,北西,1,1,まくり差し,3-1-5,2710,8,3-1,650,2,180,3538,02,3,3,6
2026-09-01,6,予選,0,1,ミッドナイトボートレースｉｎ大村　８,晴,西,1,1,逃げ,1-2-6,2310,7,1-2,700,3,190,5086,01,1,1,6
2026-09-01,7,予選,1,1,ミッドナイトボートレースｉｎ大村　８,晴,西,1,1,逃げ,1-3-4,860,3,1-3,270,1,120,5005,01,1,1,6
2026-09-01,8,予選,0,1,ミッドナイトボートレースｉｎ大村　８,晴,西,1,1,まくり,2-4-3,10750,27,2-4,2490,7,290,4463,04,2,2,6
2026-09-01,9,予選特賞,0,1,ミッドナイトボートレースｉｎ大村　８,晴,北西,1,1,差し,2-3-5,8230,27,2-3,2450,9,510,4550,04,2,2,6
2026-09-01,10,予選特賞,0,1,ミッドナイトボートレースｉｎ大村　８,晴,西,1,1,逃げ,1-3-6,620,1,1-3,230,1,140,4122,01,1,1,6
2026-09-01,11,予選特選,0,1,ミッドナイトボートレースｉｎ大村　８,晴,西,1,1,逃げ,1-2-3,2370,8,1-2,600,2,150,4058,01,1,1,6
2026-09-01,12,龍神選抜,0,1,ミッドナイトボートレースｉｎ大村　８,晴,西,1,1,逃げ,1-3-4,570,1,1-3,270,1,130,4288,01,1,1,6
2026-09-02,1,予選,0,2,ミッドナイトボートレースｉｎ大村　８,晴,北西,1,1,逃げ,1-4-6,7470,21,1-4,450,2,130,3771,01,1,1,6
2026-09-02,2,予選,0,2,ミッドナイトボートレースｉｎ大村　８,晴,西,2,1,差し,5-1-6,2460,7,5-1,1010,4,300,4498,02,5,2,6
2026-09-02,3,予選,0,2,ミッドナイトボートレースｉｎ大村　８,晴,西,2,1,逃げ,1-3-4,720,1,1-3,320,1,170,4540,01,1,1,6
2026-09-02,4,予選,0,2,ミッドナイトボートレースｉｎ大村　８,晴,北,3,2,逃げ,1-3-5,750,3,1-3,190,1,310,3841,01,1,1,6
2026-09-02,5,予選,0,2,ミッドナイトボートレースｉｎ大村　８,晴,北,3,2,まくり,4-5-6,24960,62,4-5,2510,14,390,4164,06,4,4,6
2026-09-02,6,予選,0,2,ミッドナイトボートレースｉｎ大村　８,晴,南,1,1,差し,2-1-4,2490,7,2-1,630,2,330,3790,02,2,2,6
2026-09-02,7,予選,1,2,ミッドナイトボートレースｉｎ大村　８,晴,南,2,1,逃げ,1-2-3,970,4,1-2,510,2,260,4089,01,1,1,6
2026-09-02,8,予選,0,2,ミッドナイトボートレースｉｎ大村　８,晴,南西,1,1,逃げ,1-2-3,590,1,1-2,190,1,110,4063,01,1,1,6
2026-09-02,9,予選特賞,0,2,ミッドナイトボートレースｉｎ大村　８,晴,南,1,1,まくり差し,3-1-6,15370,25,3-1,3360,7,2310,4236,02,3,3,6
2026-09-02,10,予選特賞,0,2,ミッドナイトボートレースｉｎ大村　８,晴,東,2,1,逃げ,1-6-3,7530,25,1-6,1380,6,150,4348,01,1,1,6
2026-09-02,11,予選特選,0,2,ミッドナイトボートレースｉｎ大村　８,晴,東,1,1,逃げ,1-3-2,530,2,1-3,280,2,130,4790,01,1,1,6
2026-09-02,12,予選特選,0,2,ミッドナイトボートレースｉｎ大村　８,晴,南,1,1,逃げ,1-2-6,2340,11,1-2,290,1,110,4983,01,1,1,6
2026-09-03,1,一般,0,3,ミッドナイトボートレースｉｎ大村　８,曇り,北西,1,1,まくり,2-3-4,9920,30,2-3,3080,11,500,4723,05,2,2,6
2026-09-03,2,一般,0,3,ミッドナイトボートレースｉｎ大村　８,曇り,北西,1,1,逃げ,1-2-5,3160,11,1-2,570,2,180,4782,01,1,1,6
2026-09-03,3,一般,0,3,ミッドナイトボートレースｉｎ大村　８,曇り,南西,1,1,まくり差し,4-1-5,6030,27,4-1,780,3,210,4211,02,4,5,6
2026-09-03,4,一般,0,3,ミッドナイトボートレースｉｎ大村　８,曇り,南西,1,1,まくり差し,3-4-6,1680,3,3-4,530,1,220,3949,04,3,3,6
2026-09-03,5,一般,0,3,ミッドナイトボートレースｉｎ大村　８,曇り,南西,2,1,抜き,3-2-1,3170,11,3-2,1690,6,340,5137,03,3,3,6
2026-09-03,6,一般,0,3,ミッドナイトボートレースｉｎ大村　８,曇り,西,1,1,抜き,2-1-3,2760,11,2-1,860,4,590,3841,02,2,2,6
2026-09-03,7,一般,1,3,ミッドナイトボートレースｉｎ大村　８,曇り,北西,1,1,逃げ,1-3-2,1220,4,1-3,820,3,110,5252,01,1,1,6
2026-09-03,8,一般,0,3,ミッドナイトボートレースｉｎ大村　８,曇り,南,1,1,逃げ,1-3-2,1450,4,1-3,280,1,160,4202,01,1,1,6
2026-09-03,9,準優勝戦,0,3,ミッドナイトボートレースｉｎ大村　８,曇り,南,1,1,逃げ,1-4-2,2500,7,1-4,1380,5,140,4063,01,1,1,6
2026-09-03,10,準優勝戦,0,3,ミッドナイトボートレースｉｎ大村　８,曇り,東,1,1,差し,2-1-3,760,3,2-1,510,3,320,4260,02,2,2,6
2026-09-03,11,準優勝戦,0,3,ミッドナイトボートレースｉｎ大村　８,曇り,南東,1,1,逃げ,1-3-4,760,4,1-3,340,2,130,4790,01,1,1,6
2026-09-03,12,一般,0,3,ミッドナイトボートレースｉｎ大村　８,曇り,北西,1,1,逃げ,1-5-3,2010,9,1-5,610,4,100,5220,01,1,1,6
2026-09-04,1,一般,0,4,ミッドナイトボートレースｉｎ大村　８,雨,東,3,2,逃げ,1-2-3,1030,1,1-2,390,2,150,4327,01,1,1,6
2026-09-04,2,一般,0,4,ミッドナイトボートレースｉｎ大村　８,雨,東,2,1,逃げ,1-4-2,2220,8,1-4,730,3,140,5086,01,1,1,6
2026-09-04,3,一般,0,4,ミッドナイトボートレースｉｎ大村　８,雨,東,2,1,逃げ,1-2-3,1550,4,1-2,1120,4,100,4122,01,1,1,6
2026-09-04,4,一般,0,4,ミッドナイトボートレースｉｎ大村　８,雨,東,1,1,逃げ,1-5-3,1740,7,1-5,590,3,130,5137,01,1,1,6
2026-09-04,5,一般,0,4,ミッドナイトボートレースｉｎ大村　８,雨,東,1,1,逃げ,1-3-5,660,2,1-3,280,1,120,5252,01,1,1,6
2026-09-04,6,一般,0,4,ミッドナイトボートレースｉｎ大村　８,雨,北東,1,1,差し,2-1-5,1140,2,2-1,630,3,240,4272,02,2,2,6
2026-09-04,7,一般,1,4,ミッドナイトボートレースｉｎ大村　８,雨,南東,1,1,差し,2-3-1,3860,10,2-3,3940,8,510,4540,03,2,2,6
2026-09-04,8,一般,0,4,ミッドナイトボートレースｉｎ大村　８,雨,南東,1,1,逃げ,1-3-4,1030,4,1-3,420,2,110,5005,01,1,1,6
2026-09-04,9,一般特選,0,4,ミッドナイトボートレースｉｎ大村　８,雨,南,1,1,まくり差し,6-1-3,235090,82,6-1,49540,22,3990,4288,02,6,6,6
2026-09-04,10,特別選抜戦Ｂ,0,4,ミッドナイトボートレースｉｎ大村　８,曇り,南,1,1,逃げ,1-3-4,1810,7,1-3,480,2,100,4236,01,1,1,6
2026-09-04,11,優勝戦,0,4,ミッドナイトボートレースｉｎ大村　８,曇り,北西,1,1,まくり,2-3-5,14700,35,2-3,3140,10,1350,4790,05,2,2,6
2026-09-04,12,特別選抜戦Ａ,0,4,ミッドナイトボートレースｉｎ大村　８,曇り,北西,1,1,逃げ,1-5-4,1580,5,1-5,740,3,150,4058,01,1,1,6
2026-09-07,1,予選,0,1,開設７４周年記念　海の王者決定戦,晴,北東,6,5,逃げ,1-3-2,930,2,1-3,420,2,100,4715,01,1,1,6
2026-09-07,2,予選,0,1,開設７４周年記念　海の王者決定戦,晴,北東,7,6,まくり差し,3-4-5,18550,68,3-4,4830,20,260,5088,06,3,3,6
2026-09-07,3,予選,0,1,開設７４周年記念　海の王者決定戦,晴,北東,7,6,逃げ,1-6-4,3030,9,1-6,560,2,140,4688,01,1,1,6
2026-09-07,4,予選,0,1,開設７４周年記念　海の王者決定戦,晴,北東,6,5,逃げ,1-3-5,1770,8,1-3,430,2,110,5191,01,1,1,6
2026-09-07,5,予選,0,1,開設７４周年記念　海の王者決定戦,晴,北東,6,5,逃げ,1-4-5,3170,11,1-4,1120,4,130,4961,01,1,1,6
2026-09-07,6,予選,0,1,開設７４周年記念　海の王者決定戦,晴,北東,5,4,逃げ,1-3-5,1700,4,1-3,500,2,100,5058,01,1,1,6
2026-09-07,7,予選,0,1,開設７４周年記念　海の王者決定戦,晴,北東,5,4,逃げ,1-2-5,1550,6,1-2,460,3,120,4188,01,1,1,6
2026-09-07,8,予選,0,1,開設７４周年記念　海の王者決定戦,晴,北東,5,4,まくり,4-3-6,18490,58,4-3,3420,10,660,3822,04,4,4,6
2026-09-07,9,予選,0,1,開設７４周年記念　海の王者決定戦,晴,北東,5,4,逃げ,1-3-5,1750,7,1-3,400,2,110,3590,01,1,1,6
2026-09-07,10,予選,0,1,開設７４周年記念　海の王者決定戦,晴,北東,5,4,逃げ,1-5-3,1310,6,1-5,470,3,100,3783,01,1,1,6
2026-09-07,11,予選,0,1,開設７４周年記念　海の王者決定戦,晴,北東,6,5,逃げ,1-2-3,1100,2,1-2,510,2,160,3983,01,1,1,6
2026-09-07,12,発祥地ＤＲ,0,1,開設７４周年記念　海の王者決定戦,晴,北東,5,4,逃げ,1-2-3,650,1,1-2,230,1,110,4238,01,1,1,6
2026-09-08,1,予選,0,2,開設７４周年記念　海の王者決定戦,曇り,北東,7,6,まくり,3-1-2,4490,17,3-1,1360,5,530,4352,02,3,3,6
2026-09-08,2,予選,0,2,開設７４周年記念　海の王者決定戦,晴,北東,9,8,逃げ,1-2-3,1860,1,1-2,540,1,140,5051,01,1,1,6
2026-09-08,3,予選,0,2,開設７４周年記念　海の王者決定戦,晴,北東,7,6,逃げ,1-3-5,1210,2,1-3,310,1,140,3952,01,1,1,6
2026-09-08,4,予選,0,2,開設７４周年記念　海の王者決定戦,晴,北東,6,5,逃げ,1-4-5,2770,9,1-4,1530,6,150,4075,01,1,1,6
2026-09-08,5,予選,0,2,開設７４周年記念　海の王者決定戦,晴,北東,7,6,逃げ,1-2-6,5850,19,1-2,260,1,140,5224,01,1,1,6
2026-09-08,6,予選,0,2,開設７４周年記念　海の王者決定戦,曇り,北東,7,6,まくり,4-1-5,13080,37,4-1,3350,10,1000,4482,02,4,4,6
2026-09-08,7,予選,0,2,開設７４周年記念　海の王者決定戦,曇り,北東,6,5,差し,2-1-4,4540,16,2-1,1280,4,440,4483,02,2,2,6
2026-09-08,8,予選,0,2,開設７４周年記念　海の王者決定戦,曇り,北東,6,5,逃げ,1-3-5,1620,6,1-3,350,1,160,3719,01,1,1,6
2026-09-08,9,予選,0,2,開設７４周年記念　海の王者決定戦,曇り,北東,6,5,逃げ,1-3-2,780,1,1-3,300,1,170,4543,01,1,1,6
2026-09-08,10,予選,0,2,開設７４周年記念　海の王者決定戦,曇り,北東,6,5,逃げ,1-3-2,810,3,1-3,230,1,100,4371,01,1,1,6
2026-09-08,11,予選,0,2,開設７４周年記念　海の王者決定戦,曇り,北東,6,5,まくり,3-2-4,27080,50,3-2,6560,14,900,3779,05,3,3,6
2026-09-08,12,龍神ＤＲ,0,2,開設７４周年記念　海の王者決定戦,曇り,北東,7,6,逃げ,1-2-3,500,2,1-2,210,1,130,4320,01,1,1,6
2026-09-09,1,予選,0,3,開設７４周年記念　海の王者決定戦,晴,北東,8,7,逃げ,1-2-3,740,1,1-2,320,1,140,4174,01,1,1,6
2026-09-09,2,予選,0,3,開設７４周年記念　海の王者決定戦,晴,北東,7,6,逃げ,1-3-2,680,2,1-3,260,1,130,4096,01,1,1,6
2026-09-09,3,予選,0,3,開設７４周年記念　海の王者決定戦,晴,北東,6,5,抜き,4-3-6,27970,75,4-3,6480,19,400,4704,04,4,4,6
2026-09-09,4,予選,0,3,開設７４周年記念　海の王者決定戦,晴,北東,7,6,逃げ,1-2-6,1410,4,1-2,300,1,100,4544,01,1,1,6
2026-09-09,5,予選,0,3,開設７４周年記念　海の王者決定戦,晴,北東,6,5,抜き,3-1-2,5650,18,3-1,1060,4,670,3909,02,3,3,6
2026-09-09,6,予選,0,3,開設７４周年記念　海の王者決定戦,晴,北東,6,5,差し,2-1-4,6100,23,2-1,1540,6,1150,3716,02,2,2,6
2026-09-09,7,予選,0,3,開設７４周年記念　海の王者決定戦,晴,北東,5,4,逃げ,1-2-4,910,1,1-2,490,2,130,4524,01,1,1,6
2026-09-09,8,予選,0,3,開設７４周年記念　海の王者決定戦,晴,北東,6,5,まくり差し,5-4-3,9080,40,5-4,3960,15,570,4571,06,5,5,6
2026-09-09,9,予選,0,3,開設７４周年記念　海の王者決定戦,晴,北東,6,5,逃げ,1-2-3,1290,3,1-2,350,1,180,3415,01,1,1,6
2026-09-09,10,予選,0,3,開設７４周年記念　海の王者決定戦,晴,北東,7,6,逃げ,1-6-2,7140,19,1-6,2350,7,120,4719,01,1,1,6
2026-09-09,11,予選,0,3,開設７４周年記念　海の王者決定戦,晴,北東,6,5,逃げ,1-2-3,680,2,1-2,280,1,170,4907,01,1,1,6
2026-09-09,12,予選,0,3,開設７４周年記念　海の王者決定戦,晴,北東,6,5,逃げ,1-5-3,2800,12,1-5,810,4,110,4686,01,1,1,6
2026-09-10,1,予選,0,4,開設７４周年記念　海の王者決定戦,曇り,南西,1,1,逃げ,1-5-6,16860,38,1-5,2640,7,100,5028,01,1,1,6
2026-09-10,2,予選,0,4,開設７４周年記念　海の王者決定戦,曇り,南西,1,1,差し,3-5-2,26210,92,3-5,6250,25,620,5026,05,3,3,6
2026-09-10,3,予選,0,4,開設７４周年記念　海の王者決定戦,曇り,,0,1,逃げ,1-3-5,2030,8,1-3,440,2,130,4910,01,1,1,6
2026-09-10,4,予選,0,4,開設７４周年記念　海の王者決定戦,曇り,南西,1,1,逃げ,1-2-5,770,1,1-2,340,1,160,4084,01,1,1,6
2026-09-10,5,予選,0,4,開設７４周年記念　海の王者決定戦,雨,南西,1,1,差し,3-1-4,4450,15,3-1,900,3,580,4335,02,3,3,6
2026-09-10,6,予選,0,4,開設７４周年記念　海の王者決定戦,雨,南西,1,1,逃げ,1-4-6,4550,15,1-4,420,2,110,4398,01,1,1,6
2026-09-10,7,予選,0,4,開設７４周年記念　海の王者決定戦,雨,南西,1,1,逃げ,1-2-6,2970,10,1-2,220,1,130,4494,01,1,1,6
2026-09-10,8,予選,0,4,開設７４周年記念　海の王者決定戦,雨,南西,1,1,逃げ,1-4-3,1150,3,1-4,360,2,140,4960,01,1,1,6
2026-09-10,9,予選,0,4,開設７４周年記念　海の王者決定戦,雨,,0,1,逃げ,1-3-4,820,2,1-3,360,2,120,4503,01,1,1,6
2026-09-10,10,予選,0,4,開設７４周年記念　海の王者決定戦,雨,南東,1,1,まくり差し,3-1-5,9580,25,3-1,2630,7,1180,4500,02,3,3,6
2026-09-10,11,予選,0,4,開設７４周年記念　海の王者決定戦,雨,,0,1,逃げ,1-2-6,3120,13,1-2,220,1,100,4262,01,1,1,6
2026-09-10,12,予選,0,4,開設７４周年記念　海の王者決定戦,雨,南東,1,1,逃げ,1-4-5,2740,11,1-4,590,3,120,4908,01,1,1,6
2026-09-11,1,一般,0,5,開設７４周年記念　海の王者決定戦,曇り,西,1,1,差し,2-3-4,30350,54,2-3,5200,13,2060,4483,04,2,2,6
2026-09-11,2,一般,0,5,開設７４周年記念　海の王者決定戦,曇り,西,1,1,逃げ,1-4-5,2720,10,1-4,720,4,100,5016,01,1,1,6
2026-09-11,3,一般,0,5,開設７４周年記念　海の王者決定戦,曇り,西,1,1,まくり差し,4-6-3,25310,59,4-6,5170,15,1670,4075,04,4,4,6
2026-09-11,4,一般,0,5,開設７４周年記念　海の王者決定戦,曇り,南,1,1,まくり差し,4-1-6,12340,31,4-1,2160,6,1190,4715,02,4,4,6
2026-09-11,5,一般,0,5,開設７４周年記念　海の王者決定戦,曇り,南,1,1,逃げ,1-5-3,7400,26,1-5,3070,9,130,4352,01,1,1,6
2026-09-11,6,一般,0,5,開設７４周年記念　海の王者決定戦,曇り,南,1,1,恵まれ,2-5-4,3840,21,2-5,1110,6,210,5224,F,2,2,6
2026-09-11,7,一般,0,5,開設７４周年記念　海の王者決定戦,曇り,南西,2,1,差し,2-3-1,6480,24,2-3,2430,8,250,5088,03,2,2,6
2026-09-11,8,一般,0,5,開設７４周年記念　海の王者決定戦,曇り,南東,2,1,逃げ,1-6-5,8530,31,1-6,1870,7,150,3779,01,1,1,6
2026-09-11,9,準優勝戦,0,5,開設７４周年記念　海の王者決定戦,曇り,北東,2,1,逃げ,1-2-3,700,1,1-2,330,1,120,4371,01,1,1,6
2026-09-11,10,準優勝戦,0,5,開設７４周年記念　海の王者決定戦,曇り,南,1,1,差し,2-3-1,5490,15,2-3,2600,7,270,4188,03,2,2,6
2026-09-11,11,準優勝戦,0,5,開設７４周年記念　海の王者決定戦,曇り,南西,1,1,逃げ,1-3-2,670,2,1-3,280,2,100,4262,01,1,1,6
2026-09-11,12,一般,0,5,開設７４周年記念　海の王者決定戦,曇り,,0,1,逃げ,1-6-3,14260,34,1-6,2550,8,110,3783,01,1,1,6
2026-09-12,1,一般,0,6,開設７４周年記念　海の王者決定戦,曇り,西,1,1,まくり,4-1-2,3220,8,4-1,1310,4,390,4494,02,4,4,6
2026-09-12,2,一般,0,6,開設７４周年記念　海の王者決定戦,曇り,西,1,1,恵まれ,5-2-4,58830,78,5-2,5510,11,1030,4084,S1,5,5,6
2026-09-12,3,一般,0,6,開設７４周年記念　海の王者決定戦,曇り,西,1,1,逃げ,1-3-6,1970,7,1-3,260,1,140,4096,01,1,1,6
2026-09-12,4,一般,0,6,開設７４周年記念　海の王者決定戦,晴,西,1,1,逃げ,1-2-3,700,1,1-2,300,1,110,3716,01,1,1,6
2026-09-12,5,一般,0,6,開設７４周年記念　海の王者決定戦,晴,西,1,1,まくり,5-6-4,14100,46,5-6,2950,12,410,4335,05,5,6,6
2026-09-12,6,一般,0,6,開設７４周年記念　海の王者決定戦,晴,西,1,1,逃げ,1-6-5,4920,20,1-6,1100,4,120,4503,01,1,1,6
2026-09-12,7,一般,0,6,開設７４周年記念　海の王者決定戦,晴,,0,1,逃げ,1-3-4,590,1,1-3,250,1,130,4686,01,1,1,6
2026-09-12,8,一般,0,6,開設７４周年記念　海の王者決定戦,晴,西,1,1,逃げ,1-4-2,990,2,1-4,400,2,140,4719,01,1,1,6
2026-09-12,9,発祥地選抜戦,0,6,開設７４周年記念　海の王者決定戦,晴,西,1,1,まくり差し,3-2-4,10980,34,3-2,2210,8,630,3415,06,3,3,6
2026-09-12,10,特別選抜戦,0,6,開設７４周年記念　海の王者決定戦,晴,北西,1,1,逃げ,1-3-4,1450,6,1-3,330,2,150,4174,01,1,1,6
2026-09-12,11,特別選抜戦,0,6,開設７４周年記念　海の王者決定戦,雨,,0,1,逃げ,1-3-4,990,4,1-3,310,2,110,4188,01,1,1,6
2026-09-12,12,優勝戦,0,6,開設７４周年記念　海の王者決定戦,曇り,南,1,1,逃げ,1-3-5,1000,4,1-3,210,1,110,4262,01,1,1,6
2026-09-17,1,予選,0,1,ミッドナイトボートレースｉｎ大村　９,晴,北東,3,2,抜き,5-4-2,3890,18,5-4,1060,6,340,3406,05,5,5,6
2026-09-17,2,予選,0,1,ミッドナイトボートレースｉｎ大村　９,晴,北東,2,1,まくり差し,5-1-3,1490,7,5-1,770,4,250,4299,02,5,5,6
2026-09-17,3,予選,0,1,ミッドナイトボートレースｉｎ大村　９,晴,東,2,1,まくり,3-1-5,6110,26,3-1,1410,5,390,3920,02,3,4,6
2026-09-17,4,予選,0,1,ミッドナイトボートレースｉｎ大村　９,晴,,0,1,逃げ,1-3-4,350,1,1-3,220,1,100,4471,01,1,1,6
2026-09-17,5,予選,0,1,ミッドナイトボートレースｉｎ大村　９,晴,南,1,1,差し,2-3-1,3770,16,2-3,800,4,230,3776,03,2,2,6
2026-09-17,6,予選,0,1,ミッドナイトボートレースｉｎ大村　９,晴,南東,1,1,まくり差し,4-1-5,2530,9,4-1,640,3,200,4512,02,4,4,6
2026-09-17,7,予選,1,1,ミッドナイトボートレースｉｎ大村　９,晴,南東,1,1,逃げ,1-2-4,690,2,1-2,240,1,130,4885,01,1,1,6
2026-09-17,8,予選,0,1,ミッドナイトボートレースｉｎ大村　９,晴,南東,1,1,まくり,3-1-6,12180,27,3-1,5030,11,4370,4788,02,3,3,6
2026-09-17,9,予選特賞,0,1,ミッドナイトボートレースｉｎ大村　９,晴,南,1,1,まくり,2-4-6,88880,85,2-4,15150,20,1490,4754,04,2,2,6
2026-09-17,10,予選特賞,0,1,ミッドナイトボートレースｉｎ大村　９,晴,南,1,1,差し,6-2-4,93430,109,6-2,11250,23,190,3265,04,6,6,6
2026-09-17,11,予選特選,0,1,ミッドナイトボートレースｉｎ大村　９,晴,南,1,1,逃げ,1-3-5,630,1,1-3,320,1,100,4958,01,1,1,6
2026-09-17,12,龍神選抜,0,1,ミッドナイトボートレースｉｎ大村　９,晴,南,1,1,逃げ,1-3-4,900,2,1-3,350,2,110,4350,01,1,1,6
2026-09-18,1,予選,0,2,ミッドナイトボートレースｉｎ大村　９,雨,東,1,1,まくり差し,1-4-6,560,1,1-4,270,1,100,5314,06,1,4,6
2026-09-18,2,予選,0,2,ミッドナイトボートレースｉｎ大村　９,雨,東,1,1,抜き,3-2-5,2090,6,3-2,880,3,360,3419,06,3,3,6
2026-09-18,3,予選,0,2,ミッドナイトボートレースｉｎ大村　９,雨,南東,1,1,差し,3-1-4,4760,16,3-1,1300,5,250,4041,02,3,4,6
2026-09-18,4,予選,0,2,ミッドナイトボートレースｉｎ大村　９,雨,南東,1,1,まくり,2-3-6,1680,4,2-3,1250,6,770,3976,06,2,2,6
2026-09-18,5,予選,0,2,ミッドナイトボートレースｉｎ大村　９,雨,南東,1,1,差し,2-1-3,15910,62,2-1,3150,13,1230,3878,02,2,2,6
2026-09-18,6,予選,0,2,ミッドナイトボートレースｉｎ大村　９,雨,南東,1,1,逃げ,1-4-6,980,3,1-4,240,1,160,4379,01,1,1,6
2026-09-18,7,予選,1,2,ミッドナイトボートレースｉｎ大村　９,雨,南,1,1,逃げ,1-2-3,490,1,1-2,180,1,130,3944,01,1,1,6
2026-09-18,8,予選,0,2,ミッドナイトボートレースｉｎ大村　９,雨,南,2,1,逃げ,1-2-5,3090,11,1-2,290,1,210,4549,01,1,1,6
2026-09-18,9,予選特賞,0,2,ミッドナイトボートレースｉｎ大村　９,雨,南西,1,1,まくり,2-6-5,10600,28,2-6,3030,8,100,4895,06,2,2,6
2026-09-18,10,予選特賞,0,2,ミッドナイトボートレースｉｎ大村　９,雨,南,1,1,まくり,3-1-2,4730,16,3-1,2060,9,680,4676,02,3,3,6
2026-09-18,11,予選特選,0,2,ミッドナイトボートレースｉｎ大村　９,雨,,0,1,まくり,3-4-6,25580,51,3-4,8770,17,490,4514,06,3,3,6
2026-09-18,12,予選特選,0,2,ミッドナイトボートレースｉｎ大村　９,雨,南西,1,1,逃げ,1-2-6,2010,9,1-2,570,3,120,4743,01,1,1,6
