date,race,rname,fixed,day_n,title,wdir,wspd,wave,kimarite,combo,payout,ninki,win_boat,win_course,g1,exp,inwin,resid
2025-09-19,1,予選,0,1,サンケイスポーツ杯,西,2,1,逃げ,1-2-3,750,1,1,1,B1,0.514,1,0.486
2025-09-19,2,予選,0,1,サンケイスポーツ杯,西,2,1,逃げ,1-2-3,670,1,1,1,B1,0.5615,1,0.4385
2025-09-19,3,予選,0,1,サンケイスポーツ杯,西,1,1,逃げ,1-2-5,670,1,1,1,B1,0.4456,1,0.5544
2025-09-19,4,予選,0,1,サンケイスポーツ杯,西,1,1,逃げ,1-3-2,820,2,1,1,B1,0.5015,1,0.4985
2025-09-19,5,予選,0,1,サンケイスポーツ杯,西,1,1,まくり差し,5-1-4,2850,12,5,5,A2,0.5868,0,-0.5868
2025-09-19,6,予選,0,1,サンケイスポーツ杯,西,1,1,逃げ,1-2-3,1040,4,1,1,B1,0.4269,1,0.5731
2025-09-19,7,予選,1,1,サンケイスポーツ杯,南西,1,1,まくり差し,5-1-2,18300,23,5,5,A1,0.6634,0,-0.6634
2025-09-19,8,予選,0,1,サンケイスポーツ杯,南西,1,1,逃げ,1-3-2,680,2,1,1,A1,0.6473,1,0.3527
2025-09-19,9,予選特賞,0,1,サンケイスポーツ杯,東,1,1,まくり,4-6-1,4460,17,4,4,A2,0.4574,0,-0.4574
2025-09-19,10,予選特賞,0,1,サンケイスポーツ杯,東,1,1,差し,2-1-4,4940,17,2,2,A2,0.6326,0,-0.6326
2025-09-19,11,予選特選,0,1,サンケイスポーツ杯,東,1,1,逃げ,1-3-2,830,4,1,1,A1,0.6533,1,0.3467
2025-09-19,12,発祥地選抜,0,1,サンケイスポーツ杯,南東,1,1,逃げ,1-5-3,2230,11,1,1,A1,0.7259,1,0.2741
2025-09-20,1,予選,0,2,サンケイスポーツ杯,南西,3,2,差し,2-5-3,73350,86,2,2,B1,0.5113,0,-0.5113
2025-09-20,2,予選,0,2,サンケイスポーツ杯,南西,4,3,逃げ,1-3-4,3910,16,1,1,B1,0.555,1,0.445
2025-09-20,3,予選,0,2,サンケイスポーツ杯,南西,3,2,逃げ,1-5-3,1250,2,1,1,B1,0.5897,1,0.4103
2025-09-20,4,予選,0,2,サンケイスポーツ杯,南西,3,2,逃げ,1-2-6,3730,11,1,1,A2,0.6725,1,0.3275
2025-09-20,5,予選,0,2,サンケイスポーツ杯,南西,1,1,逃げ,1-2-4,2280,7,1,1,A2,0.475,1,0.525
2025-09-20,6,予選,0,2,サンケイスポーツ杯,南,1,1,逃げ,1-5-4,8260,27,1,1,B2,0.4581,1,0.5419
2025-09-20,7,予選,1,2,サンケイスポーツ杯,南,2,1,逃げ,1-2-5,530,1,1,1,A1,0.6439,1,0.3561
2025-09-20,8,予選,0,2,サンケイスポーツ杯,南,2,1,逃げ,1-4-3,1060,3,1,1,B1,0.4683,1,0.5317
2025-09-20,9,予選特賞,0,2,サンケイスポーツ杯,北,4,3,逃げ,1-2-3,1180,3,1,1,B1,0.5016,1,0.4984
2025-09-20,10,予選特賞,0,2,サンケイスポーツ杯,北西,2,1,逃げ,1-3-5,1390,5,1,1,A2,0.5567,1,0.4433
2025-09-20,11,予選特選,0,2,サンケイスポーツ杯,北西,2,1,逃げ,1-3-4,1420,6,1,1,A1,0.5405,1,0.4595
2025-09-20,12,予選特選,0,2,サンケイスポーツ杯,北西,2,1,逃げ,1-3-4,830,2,1,1,A1,0.7296,1,0.2704
2025-09-21,1,予選,0,3,サンケイスポーツ杯,北,4,3,逃げ,1-5-2,1910,7,1,1,B1,0.4599,1,0.5401
2025-09-21,2,予選,0,3,サンケイスポーツ杯,北,4,3,逃げ,1-3-2,1450,3,1,1,B1,0.4408,1,0.5592
2025-09-21,3,予選,0,3,サンケイスポーツ杯,北,4,3,逃げ,1-3-5,1280,5,1,1,B1,0.4245,1,0.5755
2025-09-21,4,予選,0,3,サンケイスポーツ杯,北,4,3,逃げ,1-5-3,20650,41,1,1,B1,0.4323,1,0.5677
2025-09-21,5,予選,0,3,サンケイスポーツ杯,北,4,3,まくり差し,3-1-4,2280,6,3,3,B1,0.5015,0,-0.5015
2025-09-21,6,予選,0,3,サンケイスポーツ杯,北,4,3,差し,4-6-2,3620,15,4,4,B1,0.5674,0,-0.5674
2025-09-21,7,予選,1,3,サンケイスポーツ杯,北,4,3,逃げ,1-4-3,3130,10,1,1,A2,0.5346,1,0.4654
2025-09-21,8,予選,0,3,サンケイスポーツ杯,北,3,2,逃げ,1-3-2,510,1,1,1,A2,0.5931,1,0.4069
2025-09-21,9,予選特賞,0,3,サンケイスポーツ杯,北,2,1,抜き,1-6-3,1690,7,1,1,A2,0.7046,1,0.2954
2025-09-21,10,予選特賞,0,3,サンケイスポーツ杯,北,2,1,逃げ,1-3-2,540,1,1,1,A2,0.565,1,0.435
2025-09-21,11,予選特選,0,3,サンケイスポーツ杯,東,1,1,逃げ,1-2-6,1430,6,1,1,A1,0.6634,1,0.3366
2025-09-21,12,予選特選,0,3,サンケイスポーツ杯,北西,1,1,逃げ,1-3-4,590,3,1,1,A1,0.6799,1,0.3201
2025-09-22,1,予選,0,4,サンケイスポーツ杯,,0,1,差し,4-6-2,8140,34,4,4,B1,0.3633,0,-0.3633
2025-09-22,2,予選,0,4,サンケイスポーツ杯,西,1,1,まくり差し,4-5-6,26390,71,4,4,B1,0.4354,0,-0.4354
2025-09-22,3,予選,0,4,サンケイスポーツ杯,北,3,2,差し,2-1-3,3670,21,2,2,B1,0.4239,0,-0.4239
2025-09-22,4,予選,0,4,サンケイスポーツ杯,北,1,1,逃げ,1-5-2,2080,7,1,1,B1,0.3974,1,0.6026
2025-09-22,5,予選,0,4,サンケイスポーツ杯,北東,1,1,逃げ,1-4-6,980,5,1,1,A1,0.6634,1,0.3366
2025-09-22,6,予選,0,4,サンケイスポーツ杯,,0,1,まくり,3-4-1,40690,41,3,4,A1,0.7384,0,-0.7384
2025-09-22,7,予選,1,4,サンケイスポーツ杯,,0,1,逃げ,1-4-2,510,2,1,1,A2,0.6807,1,0.3193
2025-09-22,8,予選,0,4,サンケイスポーツ杯,南,1,1,逃げ,1-3-2,1170,3,1,1,B1,0.573,1,0.427
2025-09-22,9,予選特賞,0,4,サンケイスポーツ杯,南,1,1,まくり差し,3-1-4,3320,11,3,3,A2,0.6578,0,-0.6578
2025-09-22,10,予選特選,0,4,サンケイスポーツ杯,北東,1,1,まくり差し,3-2-6,47550,56,3,3,A1,0.6634,0,-0.6634
2025-09-22,11,予選特選,0,4,サンケイスポーツ杯,,0,1,逃げ,1-5-2,3840,13,1,1,A1,0.6473,1,0.3527
2025-09-22,12,一般特賞,0,4,サンケイスポーツ杯,南東,1,1,逃げ,1-4-3,970,2,1,1,A2,0.6194,1,0.3806
2025-09-23,1,一般,0,5,サンケイスポーツ杯,北西,1,1,逃げ,1-3-5,2680,4,1,1,B1,0.4269,1,0.5731
2025-09-23,2,一般,0,5,サンケイスポーツ杯,北西,2,1,逃げ,1-2-4,3280,12,1,1,B1,0.4683,1,0.5317
2025-09-23,3,一般,0,5,サンケイスポーツ杯,北西,1,1,逃げ,1-2-6,3960,13,1,1,A2,0.5725,1,0.4275
2025-09-23,4,一般,0,5,サンケイスポーツ杯,南西,2,1,抜き,1-3-4,910,3,1,1,A2,0.6807,1,0.3193
2025-09-23,5,一般,0,5,サンケイスポーツ杯,南西,1,1,抜き,6-2-5,12180,29,6,5,A1,0.6582,0,-0.6582
2025-09-23,6,一般,0,5,サンケイスポーツ杯,西,1,1,抜き,1-3-4,1310,3,1,1,A2,0.5567,1,0.4433
2025-09-23,7,一般,1,5,サンケイスポーツ杯,西,1,1,逃げ,1-3-5,1860,7,1,1,A2,0.5931,1,0.4069
2025-09-23,8,一般,0,5,サンケイスポーツ杯,南,1,1,逃げ,1-3-4,1070,4,1,1,B1,0.4323,1,0.5677
2025-09-23,9,準優勝戦,0,5,サンケイスポーツ杯,南東,1,1,逃げ,1-2-4,1030,5,1,1,A1,0.5405,1,0.4595
2025-09-23,10,準優勝戦,0,5,サンケイスポーツ杯,南西,1,1,逃げ,1-2-3,580,1,1,1,A1,0.6799,1,0.3201
2025-09-23,11,準優勝戦,0,5,サンケイスポーツ杯,南西,2,1,逃げ,1-2-3,730,3,1,1,A1,0.7259,1,0.2741
2025-09-23,12,一般,0,5,サンケイスポーツ杯,南西,2,1,逃げ,1-6-4,1140,3,1,1,A2,0.475,1,0.525
2025-09-24,1,一般,0,6,サンケイスポーツ杯,南,1,1,まくり,4-1-6,17220,40,4,4,B1,0.4615,0,-0.4615
2025-09-24,2,一般,0,6,サンケイスポーツ杯,南,2,1,逃げ,1-6-4,12270,31,1,1,B1,0.5897,1,0.4103
2025-09-24,3,一般,0,6,サンケイスポーツ杯,南西,1,1,まくり差し,5-2-1,12680,31,5,5,B1,0.5704,0,-0.5704
2025-09-24,4,一般,0,6,サンケイスポーツ杯,西,1,1,逃げ,1-4-3,930,3,1,1,A2,0.5931,1,0.4069
2025-09-24,5,一般,0,6,サンケイスポーツ杯,,0,1,逃げ,1-4-2,1970,9,1,1,A2,0.7046,1,0.2954
2025-09-24,6,一般,0,6,サンケイスポーツ杯,南,2,1,逃げ,1-4-3,1080,3,1,1,A1,0.6439,1,0.3561
2025-09-24,7,一般,1,6,サンケイスポーツ杯,南東,1,1,逃げ,1-3-4,480,1,1,1,A1,0.7296,1,0.2704
2025-09-24,8,一般,0,6,サンケイスポーツ杯,東,3,2,逃げ,1-2-3,1830,9,1,1,A1,0.6509,1,0.3491
2025-09-24,9,一般特選,0,6,サンケイスポーツ杯,東,1,1,差し,2-4-1,48070,51,2,2,A2,0.5512,0,-0.5512
2025-09-24,10,特別選抜戦,0,6,サンケイスポーツ杯,東,1,1,逃げ,1-6-2,2380,9,1,1,A2,0.6725,1,0.3275
2025-09-24,11,特別選抜戦,0,6,サンケイスポーツ杯,東,1,1,まくり差し,3-1-2,4810,15,3,3,A2,0.6995,0,-0.6995
2025-09-24,12,優勝戦,0,6,サンケイスポーツ杯,東,2,1,逃げ,1-6-5,8760,22,1,1,A1,0.7259,1,0.2741
2025-09-27,1,予選,0,1,オールレディース競走,北西,1,1,まくり,3-4-6,2210,2,3,3,B1,0.478,0,-0.478
2025-09-27,2,予選,0,1,オールレディース競走,,0,1,逃げ,1-3-4,13660,40,1,1,B1,0.4925,1,0.5075
2025-09-27,3,予選,0,1,オールレディース競走,,0,1,まくり,3-5-2,12940,40,3,3,B2,0.4508,0,-0.4508
2025-09-27,4,予選,0,1,オールレディース競走,,0,1,まくり差し,5-1-2,1260,3,5,5,B1,0.5732,0,-0.5732
2025-09-27,5,予選,0,1,オールレディース競走,南東,1,1,抜き,4-3-1,37620,81,4,4,B1,0.2905,0,-0.2905
2025-09-27,6,予選,0,1,オールレディース競走,,0,1,まくり,3-5-6,4790,17,3,3,B1,0.4328,0,-0.4328
2025-09-27,7,予選,1,1,オールレディース競走,南東,1,1,まくり差し,4-1-6,5470,20,4,4,A2,0.5726,0,-0.5726
2025-09-27,8,予選,0,1,オールレディース競走,東,1,1,まくり,3-1-5,4250,19,3,3,B1,0.4615,0,-0.4615
2025-09-27,9,予選,0,1,オールレディース競走,,0,1,逃げ,1-2-6,1070,4,1,1,A2,0.573,1,0.427
2025-09-27,10,予選特賞,0,1,オールレディース競走,,0,1,逃げ,1-3-4,530,1,1,1,A2,0.6893,1,0.3107
2025-09-27,11,予選特選,0,1,オールレディース競走,南東,1,1,逃げ,1-2-5,3110,11,1,1,A1,0.7599,1,0.2401
2025-09-27,12,発祥地ドリー,0,1,オールレディース競走,南東,1,1,差し,2-1-3,5030,20,2,2,A1,0.6753,0,-0.6753
2025-09-28,1,予選,0,2,オールレディース競走,南東,3,2,差し,2-4-1,6820,19,2,2,B1,0.4896,0,-0.4896
2025-09-28,2,予選,0,2,オールレディース競走,南西,2,1,逃げ,1-4-6,1400,4,1,1,B1,0.6415,1,0.3585
2025-09-28,3,予選,0,2,オールレディース競走,南西,3,2,まくり,2-3-5,620,1,2,2,B2,0.3534,0,-0.3534
2025-09-28,4,予選,0,2,オールレディース競走,西,3,2,まくり,2-4-1,1790,5,2,2,B1,0.3766,0,-0.3766
2025-09-28,5,予選,0,2,オールレディース競走,西,3,2,逃げ,1-2-5,1120,1,1,1,B1,0.662,1,0.338
2025-09-28,6,予選,0,2,オールレディース競走,北西,2,1,まくり差し,3-1-6,850,3,3,3,B1,0.3557,0,-0.3557
2025-09-28,7,予選,1,2,オールレディース競走,北西,2,1,逃げ,1-2-3,480,1,1,1,A2,0.6179,1,0.3821
2025-09-28,8,予選,0,2,オールレディース競走,南西,1,1,まくり差し,3-4-1,30090,64,3,3,A2,0.5959,0,-0.5959
2025-09-28,9,予選,0,2,オールレディース競走,南西,2,1,まくり差し,3-4-2,9380,26,3,3,A2,0.6533,0,-0.6533
2025-09-28,10,予選特賞,0,2,オールレディース競走,南西,1,1,逃げ,1-4-5,1140,4,1,1,A1,0.6984,1,0.3016
2025-09-28,11,予選特選,0,2,オールレディース競走,南東,1,1,逃げ,1-5-3,5520,18,1,1,A1,0.7343,1,0.2657
2025-09-28,12,龍神ドリーム,0,2,オールレディース競走,南東,1,1,逃げ,1-4-3,1570,7,1,1,A1,0.6677,1,0.3323
2025-09-29,1,予選,0,3,オールレディース競走,北西,2,1,抜き,1-3-6,4890,17,1,1,B1,0.4615,1,0.5385
2025-09-29,2,予選,0,3,オールレディース競走,北西,2,1,差し,2-3-1,690,2,2,2,B1,0.3712,0,-0.3712
2025-09-29,3,予選,0,3,オールレディース競走,北西,2,1,まくり,3-4-5,530,1,3,3,B1,0.4269,0,-0.4269
2025-09-29,4,予選,0,3,オールレディース競走,北西,3,2,逃げ,1-4-5,3320,11,1,1,A2,0.6187,1,0.3813
2025-09-29,5,予選,0,3,オールレディース競走,北,4,3,まくり,2-6-5,3180,13,2,2,B2,0.5809,0,-0.5809
2025-09-29,6,予選,0,3,オールレディース競走,北東,3,2,まくり差し,4-1-6,14300,71,4,4,B1,0.3519,0,-0.3519
2025-09-29,7,予選,1,3,オールレディース競走,北,4,3,逃げ,1-3-4,2390,9,1,1,A2,0.5775,1,0.4225
2025-09-29,8,予選,0,3,オールレディース競走,北東,3,2,抜き,5-2-1,3440,15,5,5,B1,0.4683,0,-0.4683
2025-09-29,9,予選,0,3,オールレディース競走,北東,4,3,逃げ,1-2-3,1600,6,1,1,A2,0.5288,1,0.4712
2025-09-29,10,予選特賞,0,3,オールレディース競走,北東,2,1,逃げ,1-3-6,780,4,1,1,A1,0.7204,1,0.2796
2025-09-29,11,予選特選,0,3,オールレディース競走,北東,2,1,まくり,3-5-1,4800,19,3,3,A1,0.6011,0,-0.6011
2025-09-29,12,予選特選,0,3,オールレディース競走,北,2,1,逃げ,1-4-5,2970,11,1,1,A1,0.6059,1,0.3941
2025-09-30,1,予選,0,4,オールレディース競走,北西,3,2,逃げ,1-3-2,620,2,1,1,B1,0.6266,1,0.3734
2025-09-30,2,予選,0,4,オールレディース競走,南西,2,1,まくり,3-4-1,2890,14,3,3,B1,0.3921,0,-0.3921
2025-09-30,3,予選,0,4,オールレディース競走,南,3,2,まくり差し,3-5-2,5500,20,3,3,B1,0.5384,0,-0.5384
2025-09-30,4,予選,0,4,オールレディース競走,南,1,1,まくり,3-5-4,70430,85,3,3,B1,0.5192,0,-0.5192
2025-09-30,5,予選,0,4,オールレディース競走,南東,2,1,差し,2-1-5,18970,47,2,2,B1,0.3893,0,-0.3893
2025-09-30,6,予選,0,4,オールレディース競走,南,2,1,差し,6-2-5,51610,76,6,6,B2,0.3845,0,-0.3845
2025-09-30,7,予選,1,4,オールレディース競走,南西,1,1,逃げ,1-3-2,680,2,1,1,A2,0.7172,1,0.2828
2025-09-30,8,予選,0,4,オールレディース競走,南東,1,1,まくり,2-3-5,3820,13,2,2,A2,0.4615,0,-0.4615
2025-09-30,9,予選,0,4,オールレディース競走,南,1,1,逃げ,1-3-5,4680,19,1,1,A2,0.6361,1,0.3639
2025-09-30,10,予選特選,0,4,オールレディース競走,北東,1,1,逃げ,1-2-3,500,2,1,1,A1,0.6637,1,0.3363
2025-09-30,11,予選特選,0,4,オールレディース競走,北東,1,1,逃げ,1-3-4,2180,9,1,1,A1,0.6677,1,0.3323
2025-09-30,12,一般特賞,0,4,オールレディース競走,南東,1,1,逃げ,1-5-2,550,2,1,1,A1,0.5868,1,0.4132
2025-10-01,1,一般,0,5,オールレディース競走,北西,2,1,逃げ,1-2-4,3930,17,1,1,B1,0.4021,1,0.5979
2025-10-01,2,一般,0,5,オールレディース競走,北西,2,1,まくり,3-6-4,193820,94,3,3,A2,0.5959,0,-0.5959
2025-10-01,3,一般,0,5,オールレディース競走,北西,2,1,逃げ,1-4-3,1760,5,1,1,B1,0.4461,1,0.5539
2025-10-01,4,一般,0,5,オールレディース競走,北西,2,1,まくり,4-1-2,25290,57,4,4,B1,0.5101,0,-0.5101
2025-10-01,5,一般,0,5,オールレディース競走,北西,3,2,逃げ,1-3-2,7130,19,1,1,A1,0.6059,1,0.3941
2025-10-01,6,一般,0,5,オールレディース競走,北西,3,2,まくり,2-4-5,12070,33,2,2,A2,0.6335,0,-0.6335
2025-10-01,7,一般,1,5,オールレディース競走,北西,2,1,逃げ,1-4-3,880,3,1,1,A2,0.6361,1,0.3639
2025-10-01,8,一般,0,5,オールレディース競走,北西,2,1,まくり,3-1-6,2760,9,3,3,A2,0.4615,0,-0.4615
2025-10-01,9,準優勝戦,0,5,オールレディース競走,北西,2,1,逃げ,1-3-2,570,2,1,1,A1,0.6637,1,0.3363
2025-10-01,10,準優勝戦,0,5,オールレディース競走,北東,2,1,逃げ,1-2-6,1450,4,1,1,A1,0.7599,1,0.2401
2025-10-01,11,準優勝戦,0,5,オールレディース競走,北東,1,1,抜き,1-5-3,4810,15,1,1,A1,0.7343,1,0.2657
2025-10-01,12,一般,0,5,オールレディース競走,北,1,1,逃げ,1-2-4,560,1,1,1,A2,0.7172,1,0.2828
2025-10-02,1,一般,0,6,オールレディース競走,北西,2,1,逃げ,1-5-3,5410,19,1,1,B1,0.6415,1,0.3585
2025-10-02,2,一般,0,6,オールレディース競走,北西,2,1,差し,4-2-3,16750,51,4,4,B1,0.2905,0,-0.2905
2025-10-02,3,一般,0,6,オールレディース競走,北西,2,1,まくり,3-1-4,3770,12,3,3,A2,0.5934,0,-0.5934
2025-10-02,4,一般,0,6,オールレディース競走,北,3,2,まくり差し,4-6-3,8540,30,4,4,A2,0.5427,0,-0.5427
2025-10-02,5,一般,0,6,オールレディース競走,北東,3,2,逃げ,1-6-5,5790,22,1,1,A2,0.5775,1,0.4225
2025-10-02,6,一般,0,6,オールレディース競走,北,3,2,逃げ,1-3-2,2680,9,1,1,A1,0.7204,1,0.2796
2025-10-02,7,一般,1,6,オールレディース競走,北,3,2,逃げ,1-2-3,860,4,1,1,A2,0.6388,1,0.3612
2025-10-02,8,一般,0,6,オールレディース競走,北,3,2,逃げ,1-6-3,4130,19,1,1,B1,0.4652,1,0.5348
2025-10-02,9,一般,0,6,オールレディース競走,北東,1,1,差し,3-2-1,5340,17,3,3,A2,0.6346,0,-0.6346
2025-10-02,10,特別選抜戦,0,6,オールレディース競走,南東,1,1,逃げ,1-2-3,440,1,1,1,A1,0.6984,1,0.3016
2025-10-02,11,特別選抜戦,0,6,オールレディース競走,南東,1,1,逃げ,1-2-4,650,1,1,1,A1,0.6677,1,0.3323
2025-10-02,12,優勝戦,0,6,オールレディース競走,南東,1,1,逃げ,1-3-6,2630,9,1,1,A1,0.7343,1,0.2657
2025-10-05,1,予選,0,1,長崎新聞社杯,北西,2,1,まくり,4-6-2,5400,21,4,3,B1,0.3893,0,-0.3893
2025-10-05,2,予選,0,1,長崎新聞社杯,北西,2,1,まくり差し,4-1-6,2020,5,4,4,B1,0.4378,0,-0.4378
2025-10-05,3,予選,0,1,長崎新聞社杯,北西,2,1,逃げ,1-5-4,4440,19,1,1,B1,0.4108,1,0.5892
2025-10-05,4,予選,0,1,長崎新聞社杯,北西,2,1,まくり,3-4-1,10410,29,3,3,A2,0.4709,0,-0.4709
2025-10-05,5,予選,0,1,長崎新聞社杯,北西,2,1,差し,2-1-3,1450,5,2,2,A1,0.6449,0,-0.6449
2025-10-05,6,予選,0,1,長崎新聞社杯,北,2,1,逃げ,1-3-2,980,3,1,1,A1,0.6759,1,0.3241
2025-10-05,7,予選,1,1,長崎新聞社杯,西,2,1,抜き,1-3-2,780,2,1,1,A2,0.6565,1,0.3435
2025-10-05,8,予選,0,1,長崎新聞社杯,北西,2,1,まくり,4-1-2,52500,75,4,4,A2,0.5309,0,-0.5309
2025-10-05,9,予選特賞,0,1,長崎新聞社杯,北西,2,1,まくり,3-5-1,3160,13,3,3,A2,0.5885,0,-0.5885
2025-10-05,10,予選特賞,0,1,長崎新聞社杯,北西,2,1,逃げ,1-4-5,5140,19,1,1,A2,0.5415,1,0.4585
2025-10-05,11,予選特選,0,1,長崎新聞社杯,北西,2,1,抜き,3-1-4,2240,8,3,3,A1,0.4497,0,-0.4497
2025-10-05,12,龍神選抜,0,1,長崎新聞社杯,北西,2,1,まくり,4-3-5,20070,62,4,4,A1,0.6679,0,-0.6679
2025-10-06,1,予選,0,2,長崎新聞社杯,西,2,1,抜き,3-1-4,1560,4,3,3,B1,0.3881,0,-0.3881
2025-10-06,2,予選,0,2,長崎新聞社杯,北西,1,1,逃げ,1-3-4,1090,3,1,1,B1,0.5815,1,0.4185
2025-10-06,3,予選,0,2,長崎新聞社杯,北西,1,1,逃げ,2-3-1,3000,14,2,1,B1,0.6759,1,0.3241
2025-10-06,4,予選,0,2,長崎新聞社杯,北西,2,1,差し,3-1-2,4850,25,3,2,A2,0.4864,0,-0.4864
2025-10-06,5,予選,0,2,長崎新聞社杯,西,1,1,まくり差し,4-1-6,2970,11,4,4,A2,0.447,0,-0.447
2025-10-06,6,予選,0,2,長崎新聞社杯,北西,2,1,逃げ,1-4-3,1340,4,1,1,A1,0.6078,1,0.3922
2025-10-06,7,予選,1,2,長崎新聞社杯,北,3,2,逃げ,1-3-2,400,1,1,1,A2,0.5346,1,0.4654
2025-10-06,8,予選,0,2,長崎新聞社杯,北,3,2,まくり差し,3-1-6,3580,12,3,3,A2,0.5983,0,-0.5983
2025-10-06,9,予選特賞,0,2,長崎新聞社杯,北,3,2,逃げ,1-3-5,3070,10,1,1,A1,0.5981,1,0.4019
2025-10-06,10,予選特選,0,2,長崎新聞社杯,北,2,1,逃げ,1-4-2,620,2,1,1,A1,0.6473,1,0.3527
2025-10-06,11,予選特選,0,2,長崎新聞社杯,北西,1,1,逃げ,1-4-5,2590,8,1,1,A1,0.6711,1,0.3289
2025-10-06,12,予選特賞,0,2,長崎新聞社杯,北,2,1,まくり差し,4-1-2,2780,10,4,5,A1,0.5875,0,-0.5875
2025-10-07,1,一般,0,3,長崎新聞社杯,西,1,1,逃げ,1-6-3,2850,10,1,1,B1,0.3653,1,0.6347
2025-10-07,2,一般,0,3,長崎新聞社杯,北西,1,1,まくり,5-2-6,3360,12,5,5,B1,0.3273,0,-0.3273
2025-10-07,3,一般,0,3,長崎新聞社杯,北西,1,1,まくり差し,5-1-4,8040,24,5,3,A2,0.5551,0,-0.5551
2025-10-07,4,一般,0,3,長崎新聞社杯,北西,1,1,逃げ,1-4-5,1850,5,1,1,A2,0.6223,1,0.3777
2025-10-07,5,一般,0,3,長崎新聞社杯,西,1,1,逃げ,1-6-4,4610,15,1,1,A1,0.5703,1,0.4297
2025-10-07,6,一般,0,3,長崎新聞社杯,北西,1,1,逃げ,1-5-4,1540,7,1,1,A1,0.6473,1,0.3527
2025-10-07,7,一般,1,3,長崎新聞社杯,北西,1,1,逃げ,1-3-5,450,2,1,1,A1,0.652,1,0.348
2025-10-07,8,一般,0,3,長崎新聞社杯,北,3,2,まくり,2-4-3,9810,38,2,2,B1,0.4271,0,-0.4271
2025-10-07,9,準優勝戦,0,3,長崎新聞社杯,北,2,1,逃げ,1-2-5,1740,5,1,1,A1,0.6312,1,0.3688
2025-10-07,10,準優勝戦,0,3,長崎新聞社杯,北東,2,1,逃げ,1-2-6,2230,8,1,1,A1,0.6711,1,0.3289
2025-10-07,11,準優勝戦,0,3,長崎新聞社杯,北西,1,1,逃げ,1-2-5,1590,7,1,1,A1,0.6759,1,0.3241
2025-10-07,12,一般,0,3,長崎新聞社杯,南西,1,1,抜き,1-3-2,910,2,1,1,A2,0.4334,1,0.5666
2025-10-08,1,一般,0,4,長崎新聞社杯,北,3,2,まくり差し,3-4-6,15700,47,3,3,B1,0.5849,0,-0.5849
2025-10-08,2,一般,0,4,長崎新聞社杯,北,3,2,逃げ,1-3-6,2680,8,1,1,A2,0.5415,1,0.4585
2025-10-08,3,一般,0,4,長崎新聞社杯,北,4,3,逃げ,1-5-3,1190,3,1,1,A2,0.4505,1,0.5495
2025-10-08,4,一般,0,4,長崎新聞社杯,北東,4,3,逃げ,1-2-6,1320,1,1,1,A2,0.6526,1,0.3474
2025-10-08,5,一般,0,4,長崎新聞社杯,北東,4,3,逃げ,1-2-6,8320,20,1,1,A2,0.5844,1,0.4156
2025-10-08,6,一般,0,4,長崎新聞社杯,北東,4,3,まくり,3-1-6,840,1,3,3,A1,0.6242,0,-0.6242
2025-10-08,7,一般,1,4,長崎新聞社杯,北,3,2,逃げ,1-3-4,2650,11,1,1,A1,0.4369,1,0.5631
2025-10-08,8,一般,0,4,長崎新聞社杯,北東,4,3,まくり差し,3-1-4,15230,24,3,3,A1,0.6131,0,-0.6131
2025-10-08,9,一般特選,0,4,長崎新聞社杯,北,3,2,逃げ,1-5-2,1560,8,1,1,A2,0.5422,1,0.4578
2025-10-08,10,特別選抜戦,0,4,長崎新聞社杯,北,3,2,逃げ,1-4-5,6330,32,1,1,A2,0.6223,1,0.3777
2025-10-08,11,特別選抜戦,0,4,長崎新聞社杯,北東,2,1,逃げ,1-4-2,2470,8,1,1,A1,0.652,1,0.348
2025-10-08,12,優勝戦,0,4,長崎新聞社杯,北東,4,3,逃げ,1-3-2,710,3,1,1,A1,0.6759,1,0.3241
2025-10-14,1,予選,0,1,ＢＴＳ鹿島開設１０周年記念〜しあわせ街道杯〜,南,2,1,まくり,5-3-1,19500,64,5,6,B1,0.3534,0,-0.3534
2025-10-14,2,予選,0,1,ＢＴＳ鹿島開設１０周年記念〜しあわせ街道杯〜,南西,2,1,逃げ,1-2-5,1060,1,1,1,B1,0.5163,1,0.4837
2025-10-14,3,予選,0,1,ＢＴＳ鹿島開設１０周年記念〜しあわせ街道杯〜,北西,4,3,差し,6-4-1,30000,63,6,6,A2,0.5525,0,-0.5525
2025-10-14,4,予選,0,1,ＢＴＳ鹿島開設１０周年記念〜しあわせ街道杯〜,北東,1,1,まくり差し,5-4-1,10360,22,5,5,A2,0.6728,0,-0.6728
2025-10-14,5,予選,0,1,ＢＴＳ鹿島開設１０周年記念〜しあわせ街道杯〜,南東,1,1,恵まれ,1-2-3,390,1,1,1,B1,0.4683,1,0.5317
2025-10-14,6,予選,0,1,ＢＴＳ鹿島開設１０周年記念〜しあわせ街道杯〜,北西,1,1,差し,2-6-1,18450,55,2,2,B1,0.4542,0,-0.4542
2025-10-14,7,予選,1,1,ＢＴＳ鹿島開設１０周年記念〜しあわせ街道杯〜,東,1,1,まくり,3-5-4,5530,20,3,3,A2,0.5934,0,-0.5934
2025-10-14,8,予選,0,1,ＢＴＳ鹿島開設１０周年記念〜しあわせ街道杯〜,南東,1,1,逃げ,1-5-3,4020,14,1,1,A1,0.5582,1,0.4418
2025-10-14,9,予選特賞,0,1,ＢＴＳ鹿島開設１０周年記念〜しあわせ街道杯〜,東,2,1,逃げ,1-2-3,560,2,1,1,A1,0.6574,1,0.3426
2025-10-14,10,予選特賞,0,1,ＢＴＳ鹿島開設１０周年記念〜しあわせ街道杯〜,南東,1,1,逃げ,1-3-6,14490,28,1,1,A2,0.6047,1,0.3953
2025-10-14,11,予選特選,0,1,ＢＴＳ鹿島開設１０周年記念〜しあわせ街道杯〜,南東,2,1,逃げ,1-2-5,770,2,1,1,A1,0.7472,1,0.2528
2025-10-14,12,発祥地選抜,0,1,ＢＴＳ鹿島開設１０周年記念〜しあわせ街道杯〜,東,1,1,まくり差し,3-1-4,11080,36,3,3,A1,0.794,0,-0.794
2025-10-15,1,予選,0,2,ＢＴＳ鹿島開設１０周年記念〜しあわせ街道杯〜,北西,1,1,まくり差し,4-3-6,25110,68,4,4,B1,0.5366,0,-0.5366
2025-10-15,2,予選,0,2,ＢＴＳ鹿島開設１０周年記念〜しあわせ街道杯〜,北西,1,1,まくり差し,4-6-3,3050,13,4,4,B1,0.5012,0,-0.5012
2025-10-15,3,予選,0,2,ＢＴＳ鹿島開設１０周年記念〜しあわせ街道杯〜,北西,1,1,まくり,2-3-5,3930,15,2,2,B1,0.4415,0,-0.4415
2025-10-15,4,予選,0,2,ＢＴＳ鹿島開設１０周年記念〜しあわせ街道杯〜,南西,1,1,逃げ,1-3-2,620,2,1,1,A2,0.5725,1,0.4275
2025-10-15,5,予選,0,2,ＢＴＳ鹿島開設１０周年記念〜しあわせ街道杯〜,西,1,1,逃げ,1-2-4,7160,21,1,1,A2,0.6349,1,0.3651
2025-10-15,6,予選,0,2,ＢＴＳ鹿島開設１０周年記念〜しあわせ街道杯〜,西,1,1,逃げ,1-4-6,109920,87,1,1,B1,0.5019,1,0.4981
2025-10-15,7,予選,1,2,ＢＴＳ鹿島開設１０周年記念〜しあわせ街道杯〜,,0,1,まくり,4-6-3,3340,14,4,4,A2,0.492,0,-0.492
2025-10-15,8,予選,0,2,ＢＴＳ鹿島開設１０周年記念〜しあわせ街道杯〜,南東,2,1,逃げ,1-6-2,920,3,1,1,A1,0.5396,1,0.4604
2025-10-15,9,予選特賞,0,2,ＢＴＳ鹿島開設１０周年記念〜しあわせ街道杯〜,南東,1,1,逃げ,1-3-2,640,1,1,1,A1,0.6955,1,0.3045
2025-10-15,10,予選特賞,0,2,ＢＴＳ鹿島開設１０周年記念〜しあわせ街道杯〜,東,1,1,まくり,4-5-1,1690,8,4,4,A2,0.3347,0,-0.3347
2025-10-15,11,予選特選,0,2,ＢＴＳ鹿島開設１０周年記念〜しあわせ街道杯〜,南東,1,1,抜き,3-2-1,11730,33,3,3,A1,0.6677,0,-0.6677
2025-10-15,12,予選特選,0,2,ＢＴＳ鹿島開設１０周年記念〜しあわせ街道杯〜,南東,1,1,逃げ,1-3-5,550,1,1,1,A1,0.6677,1,0.3323
2025-10-16,1,予選,0,3,ＢＴＳ鹿島開設１０周年記念〜しあわせ街道杯〜,南西,1,1,逃げ,1-5-3,890,3,1,1,B1,0.5901,1,0.4099
2025-10-16,2,予選,0,3,ＢＴＳ鹿島開設１０周年記念〜しあわせ街道杯〜,南西,1,1,恵まれ,2-6-1,16010,34,2,2,B1,0.4303,0,-0.4303
2025-10-16,3,予選,0,3,ＢＴＳ鹿島開設１０周年記念〜しあわせ街道杯〜,南西,1,1,差し,3-5-1,11460,37,3,3,A2,0.5452,0,-0.5452
2025-10-16,4,予選,0,3,ＢＴＳ鹿島開設１０周年記念〜しあわせ街道杯〜,南西,1,1,まくり,2-6-4,2700,11,2,3,B1,0.478,0,-0.478
2025-10-16,5,予選,0,3,ＢＴＳ鹿島開設１０周年記念〜しあわせ街道杯〜,西,1,1,逃げ,1-2-3,1700,6,1,1,B1,0.5815,1,0.4185
2025-10-16,6,予選,0,3,ＢＴＳ鹿島開設１０周年記念〜しあわせ街道杯〜,北,2,1,まくり,2-4-3,29550,43,2,2,A1,0.7296,0,-0.7296
2025-10-16,7,予選,1,3,ＢＴＳ鹿島開設１０周年記念〜しあわせ街道杯〜,北,2,1,逃げ,1-3-6,870,3,1,1,A2,0.6429,1,0.3571
2025-10-16,8,予選,0,3,ＢＴＳ鹿島開設１０周年記念〜しあわせ街道杯〜,北西,2,1,逃げ,1-3-2,390,1,1,1,A2,0.6718,1,0.3282
2025-10-16,9,予選特賞,0,3,ＢＴＳ鹿島開設１０周年記念〜しあわせ街道杯〜,北西,1,1,逃げ,1-3-4,900,2,1,1,A2,0.6399,1,0.3601
2025-10-16,10,予選特選,0,3,ＢＴＳ鹿島開設１０周年記念〜しあわせ街道杯〜,北西,1,1,逃げ,1-3-2,890,2,1,1,A2,0.6559,1,0.3441
2025-10-16,11,予選特選,0,3,ＢＴＳ鹿島開設１０周年記念〜しあわせ街道杯〜,北,2,1,逃げ,1-2-3,670,1,1,1,A1,0.5154,1,0.4846
2025-10-16,12,一般特賞,0,3,ＢＴＳ鹿島開設１０周年記念〜しあわせ街道杯〜,北,5,4,逃げ,1-6-3,10120,20,1,1,A1,0.7825,1,0.2175
2025-10-17,1,一般,0,4,ＢＴＳ鹿島開設１０周年記念〜しあわせ街道杯〜,西,1,1,逃げ,1-4-5,1010,3,1,1,B1,0.5134,1,0.4866
2025-10-17,2,一般,0,4,ＢＴＳ鹿島開設１０周年記念〜しあわせ街道杯〜,西,1,1,差し,2-1-5,1810,7,2,2,B1,0.5314,0,-0.5314
2025-10-17,3,一般,0,4,ＢＴＳ鹿島開設１０周年記念〜しあわせ街道杯〜,西,2,1,まくり差し,5-3-2,45920,59,5,5,A1,0.7094,0,-0.7094
2025-10-17,4,一般,0,4,ＢＴＳ鹿島開設１０周年記念〜しあわせ街道杯〜,西,2,1,逃げ,1-2-4,1970,8,1,1,A2,0.6399,1,0.3601
2025-10-17,5,一般,0,4,ＢＴＳ鹿島開設１０周年記念〜しあわせ街道杯〜,西,1,1,まくり,4-5-6,3970,15,4,4,A2,0.622,0,-0.622
2025-10-17,6,一般,0,4,ＢＴＳ鹿島開設１０周年記念〜しあわせ街道杯〜,南西,2,1,逃げ,1-2-4,1010,3,1,1,A1,0.5582,1,0.4418
2025-10-17,7,一般,1,4,ＢＴＳ鹿島開設１０周年記念〜しあわせ街道杯〜,南西,1,1,逃げ,1-3-2,320,1,1,1,A1,0.5154,1,0.4846
2025-10-17,8,一般,0,4,ＢＴＳ鹿島開設１０周年記念〜しあわせ街道杯〜,南東,1,1,まくり差し,6-1-3,18160,41,6,6,A2,0.5868,0,-0.5868
2025-10-17,9,準優勝戦,0,4,ＢＴＳ鹿島開設１０周年記念〜しあわせ街道杯〜,南東,1,1,逃げ,1-5-4,2850,15,1,1,A2,0.6718,1,0.3282
2025-10-17,10,準優勝戦,0,4,ＢＴＳ鹿島開設１０周年記念〜しあわせ街道杯〜,北東,1,1,逃げ,1-3-2,860,3,1,1,A2,0.6429,1,0.3571
2025-10-17,11,準優勝戦,0,4,ＢＴＳ鹿島開設１０周年記念〜しあわせ街道杯〜,東,1,1,逃げ,1-4-6,3460,14,1,1,A1,0.7472,1,0.2528
2025-10-17,12,一般,0,4,ＢＴＳ鹿島開設１０周年記念〜しあわせ街道杯〜,東,1,1,まくり,3-5-4,2920,9,3,3,B1,0.5384,0,-0.5384
2025-10-18,1,一般,0,5,ＢＴＳ鹿島開設１０周年記念〜しあわせ街道杯〜,,0,1,逃げ,1-2-5,2420,9,1,1,B1,0.6262,1,0.3738
2025-10-18,2,一般,0,5,ＢＴＳ鹿島開設１０周年記念〜しあわせ街道杯〜,南東,1,1,まくり差し,4-2-3,8080,30,4,4,A2,0.3347,0,-0.3347
2025-10-18,3,一般,0,5,ＢＴＳ鹿島開設１０周年記念〜しあわせ街道杯〜,南,1,1,逃げ,1-5-4,1170,4,1,1,B1,0.4215,1,0.5785
2025-10-18,4,一般,0,5,ＢＴＳ鹿島開設１０周年記念〜しあわせ街道杯〜,南,1,1,逃げ,1-3-4,1930,11,1,1,A1,0.5396,1,0.4604
2025-10-18,5,一般,0,5,ＢＴＳ鹿島開設１０周年記念〜しあわせ街道杯〜,南,1,1,逃げ,1-2-3,650,2,1,1,A1,0.6538,1,0.3462
2025-10-18,6,一般,0,5,ＢＴＳ鹿島開設１０周年記念〜しあわせ街道杯〜,南,1,1,逃げ,1-5-2,680,2,1,1,A2,0.6578,1,0.3422
2025-10-18,7,一般,1,5,ＢＴＳ鹿島開設１０周年記念〜しあわせ街道杯〜,南,1,1,逃げ,1-2-6,470,1,1,1,A1,0.6677,1,0.3323
2025-10-18,8,一般,0,5,ＢＴＳ鹿島開設１０周年記念〜しあわせ街道杯〜,南東,1,1,まくり差し,3-4-1,16010,43,3,3,A2,0.5452,0,-0.5452
2025-10-18,9,一般特選,0,5,ＢＴＳ鹿島開設１０周年記念〜しあわせ街道杯〜,北東,1,1,逃げ,1-6-5,3210,11,1,1,A1,0.7154,1,0.2846
2025-10-18,10,特別選抜戦,0,5,ＢＴＳ鹿島開設１０周年記念〜しあわせ街道杯〜,北東,1,1,まくり差し,3-1-5,4120,12,3,3,B1,0.6038,0,-0.6038
2025-10-18,11,特別選抜戦,0,5,ＢＴＳ鹿島開設１０周年記念〜しあわせ街道杯〜,南東,1,1,逃げ,1-3-4,700,1,1,1,A1,0.7825,1,0.2175
2025-10-18,12,優勝戦,0,5,ＢＴＳ鹿島開設１０周年記念〜しあわせ街道杯〜,南東,1,1,まくり差し,3-1-2,4520,17,3,3,A2,0.6845,0,-0.6845
2025-10-20,1,予選,0,1,デイリースポーツ杯,北,5,4,まくり,2-3-5,4040,17,2,2,A2,0.7037,0,-0.7037
2025-10-20,2,予選,0,1,デイリースポーツ杯,北,5,4,逃げ,1-6-2,1170,6,1,1,A2,0.7115,1,0.2885
2025-10-20,3,予選,0,1,デイリースポーツ杯,北,5,4,まくり,3-2-6,18820,86,3,3,B1,0.535,0,-0.535
2025-10-20,4,予選,0,1,デイリースポーツ杯,北,5,4,差し,2-1-6,1710,1,2,2,B1,0.4108,0,-0.4108
2025-10-20,5,予選,0,1,デイリースポーツ杯,北,5,4,逃げ,1-5-2,6300,23,1,1,B1,0.5399,1,0.4601
2025-10-20,6,予選,0,1,デイリースポーツ杯,北,5,4,逃げ,1-5-6,2900,12,1,1,A2,0.6632,1,0.3368
2025-10-20,7,予選,1,1,デイリースポーツ杯,北,5,4,逃げ,1-2-3,400,1,1,1,A1,0.601,1,0.399
2025-10-20,8,予選,0,1,デイリースポーツ杯,北,5,4,逃げ,1-2-5,820,2,1,1,A2,0.7296,1,0.2704
2025-10-20,9,予選特賞,0,1,デイリースポーツ杯,北,5,4,まくり差し,3-1-4,5490,18,3,3,A1,0.6503,0,-0.6503
2025-10-20,10,予選特賞,0,1,デイリースポーツ杯,北,5,4,まくり,6-1-3,3270,13,6,5,B1,0.565,0,-0.565
2025-10-20,11,予選特選,0,1,デイリースポーツ杯,北,5,4,逃げ,1-3-2,690,1,1,1,A1,0.7199,1,0.2801
2025-10-20,12,発祥地選抜,0,1,デイリースポーツ杯,北,5,4,逃げ,1-2-5,1280,2,1,1,A1,0.7371,1,0.2629
2025-10-21,1,予選,0,2,デイリースポーツ杯,北東,5,4,抜き,1-2-3,690,3,1,1,A2,0.6771,1,0.3229
2025-10-21,2,予選,0,2,デイリースポーツ杯,北東,5,4,まくり,2-1-3,21590,49,2,3,A2,0.6179,0,-0.6179
2025-10-21,3,予選,0,2,デイリースポーツ杯,北東,5,4,まくり,2-6-4,2400,6,2,2,B2,0.3273,0,-0.3273
2025-10-21,4,予選,0,2,デイリースポーツ杯,北東,5,4,まくり差し,5-1-4,2880,11,5,5,A2,0.5945,0,-0.5945
2025-10-21,5,予選,0,2,デイリースポーツ杯,北東,7,6,逃げ,1-4-6,4220,17,1,1,A2,0.5953,1,0.4047
2025-10-21,6,予選,0,2,デイリースポーツ杯,北東,7,6,まくり差し,6-1-5,176470,117,6,6,B1,0.4799,0,-0.4799
2025-10-21,7,予選,1,2,デイリースポーツ杯,北東,7,6,逃げ,1-3-4,1490,5,1,1,B1,0.492,1,0.508
2025-10-21,8,予選,0,2,デイリースポーツ杯,北東,6,5,逃げ,1-2-3,640,1,1,1,B1,0.5591,1,0.4409
2025-10-21,9,予選特賞,0,2,デイリースポーツ杯,北東,7,6,逃げ,1-2-6,2150,7,1,1,A1,0.6284,1,0.3716
2025-10-21,10,予選特賞,0,2,デイリースポーツ杯,北東,6,5,逃げ,1-2-3,370,1,1,1,A1,0.6763,1,0.3237
2025-10-21,11,予選特選,0,2,デイリースポーツ杯,北東,4,3,逃げ,1-3-5,1230,4,1,1,A1,0.7679,1,0.2321
2025-10-21,12,予選特選,0,2,デイリースポーツ杯,南西,3,2,逃げ,1-3-5,710,3,1,1,A1,0.5746,1,0.4254
2025-10-22,1,予選,0,3,デイリースポーツ杯,北,2,1,まくり差し,3-1-6,7630,24,3,3,B1,0.5803,0,-0.5803
2025-10-22,2,予選,0,3,デイリースポーツ杯,北東,2,1,逃げ,1-2-3,570,1,1,1,A2,0.5335,1,0.4665
2025-10-22,3,予選,0,3,デイリースポーツ杯,北東,3,2,まくり差し,4-1-2,28780,53,4,4,A2,0.4781,0,-0.4781
2025-10-22,4,予選,0,3,デイリースポーツ杯,東,2,1,まくり差し,5-3-1,2110,6,5,5,B1,0.484,0,-0.484
2025-10-22,5,予選,0,3,デイリースポーツ杯,東,2,1,差し,2-1-3,680,1,2,2,B1,0.4829,0,-0.4829
2025-10-22,6,予選,0,3,デイリースポーツ杯,南,1,1,逃げ,1-4-3,630,2,1,1,A2,0.6592,1,0.3408
2025-10-22,7,予選,1,3,デイリースポーツ杯,東,1,1,逃げ,1-2-3,550,1,1,1,A2,0.4774,1,0.5226
2025-10-22,8,予選,0,3,デイリースポーツ杯,,0,1,まくり,2-3-6,1200,2,2,2,B1,0.5863,0,-0.5863
2025-10-22,9,予選特賞,0,3,デイリースポーツ杯,北東,2,1,逃げ,1-2-5,460,1,1,1,A1,0.783,1,0.217
2025-10-22,10,予選特選,0,3,デイリースポーツ杯,北東,1,1,逃げ,1-2-3,680,2,1,1,A1,0.7445,1,0.2555
2025-10-22,11,予選特選,0,3,デイリースポーツ杯,,0,1,逃げ,1-2-3,550,1,1,1,A1,0.6552,1,0.3448
2025-10-22,12,一般特賞,0,3,デイリースポーツ杯,,0,1,まくり差し,3-1-6,1550,5,3,3,B1,0.4743,0,-0.4743
2025-10-23,1,一般,0,4,デイリースポーツ杯,西,1,1,逃げ,1-4-3,1000,6,1,1,A2,0.6632,1,0.3368
2025-10-23,2,一般,0,4,デイリースポーツ杯,,0,1,まくり,3-6-4,9310,45,3,3,B1,0.4408,0,-0.4408
2025-10-23,3,一般,0,4,デイリースポーツ杯,北東,4,3,恵まれ,2-1-3,1360,5,2,2,A2,0.6179,0,-0.6179
2025-10-23,4,一般,0,4,デイリースポーツ杯,北,4,3,まくり,4-1-6,2590,7,4,4,A1,0.6676,0,-0.6676
2025-10-23,5,一般,0,4,デイリースポーツ杯,北,3,2,まくり,3-1-2,5190,22,3,3,B1,0.5366,0,-0.5366
2025-10-23,6,一般,0,4,デイリースポーツ杯,北東,3,2,逃げ,1-3-5,930,3,1,1,A2,0.7115,1,0.2885
2025-10-23,7,一般,1,4,デイリースポーツ杯,北東,2,1,逃げ,1-3-5,1250,5,1,1,A1,0.7199,1,0.2801
2025-10-23,8,一般,0,4,デイリースポーツ杯,北,1,1,逃げ,1-6-4,5380,23,1,1,B1,0.4271,1,0.5729
2025-10-23,9,準優勝戦,0,4,デイリースポーツ杯,南東,1,1,逃げ,1-4-2,2160,7,1,1,A1,0.7445,1,0.2555
2025-10-23,10,準優勝戦,0,4,デイリースポーツ杯,東,1,1,逃げ,1-5-4,1870,10,1,1,A1,0.783,1,0.217
2025-10-23,11,準優勝戦,0,4,デイリースポーツ杯,東,1,1,逃げ,1-6-3,11600,25,1,1,A1,0.6763,1,0.3237
2025-10-23,12,一般,0,4,デイリースポーツ杯,北東,1,1,逃げ,1-4-6,4680,18,1,1,A1,0.601,1,0.399
2025-10-24,1,一般,0,5,デイリースポーツ杯,南,1,1,逃げ,1-2-3,600,1,1,1,B1,0.342,1,0.658
2025-10-24,2,一般,0,5,デイリースポーツ杯,北東,4,3,まくり差し,5-3-6,108090,83,5,5,B1,0.4271,0,-0.4271
2025-10-24,3,一般,0,5,デイリースポーツ杯,東,2,1,逃げ,1-2-6,1160,4,1,1,A2,0.4774,1,0.5226
2025-10-24,4,一般,0,5,デイリースポーツ杯,東,1,1,抜き,4-1-6,3740,11,4,4,B1,0.4799,0,-0.4799
2025-10-24,5,一般,0,5,デイリースポーツ杯,北東,4,3,逃げ,1-5-3,630,1,1,1,A1,0.6399,1,0.3601
2025-10-24,6,一般,0,5,デイリースポーツ杯,東,1,1,逃げ,1-2-6,440,1,1,1,A2,0.4627,1,0.5373
2025-10-24,7,一般,1,5,デイリースポーツ杯,東,1,1,逃げ,1-4-3,840,3,1,1,A2,0.6592,1,0.3408
2025-10-24,8,一般,0,5,デイリースポーツ杯,東,1,1,逃げ,1-2-6,1010,1,1,1,A2,0.5775,1,0.4225
2025-10-24,9,一般特選,0,5,デイリースポーツ杯,北東,1,1,逃げ,1-3-5,1180,5,1,1,A2,0.7296,1,0.2704
2025-10-24,10,特別選抜戦,0,5,デイリースポーツ杯,南東,1,1,まくり,4-6-1,14960,35,4,4,A1,0.6453,0,-0.6453
2025-10-24,11,特別選抜戦,0,5,デイリースポーツ杯,北東,1,1,逃げ,1-3-5,2110,7,1,1,A1,0.6552,1,0.3448
2025-10-24,12,優勝戦,0,5,デイリースポーツ杯,東,1,1,まくり差し,3-1-2,2430,7,3,3,A1,0.6893,0,-0.6893
2025-10-26,1,予選,0,1,マスターズリーグ第８戦,北,5,4,逃げ,1-5-6,3360,13,1,1,B1,0.4913,1,0.5087
2025-10-26,2,予選,0,1,マスターズリーグ第８戦,北東,5,4,逃げ,1-2-3,1320,3,1,1,B1,0.4437,1,0.5563
2025-10-26,3,予選,0,1,マスターズリーグ第８戦,北東,4,3,逃げ,1-2-5,7170,30,1,1,B1,0.3697,1,0.6303
2025-10-26,4,予選,0,1,マスターズリーグ第８戦,北東,5,4,まくり,2-1-4,2860,5,2,5,B1,0.4165,0,-0.4165
2025-10-26,5,予選,0,1,マスターズリーグ第８戦,北西,5,4,まくり差し,4-3-5,36240,83,4,5,B1,0.553,0,-0.553
2025-10-26,6,予選,0,1,マスターズリーグ第８戦,北西,5,4,まくり,3-1-5,1820,6,3,3,B2,0.6208,0,-0.6208
2025-10-26,7,予選,1,1,マスターズリーグ第８戦,北西,3,2,逃げ,1-2-4,690,2,1,1,A2,0.6067,1,0.3933
2025-10-26,8,予選,0,1,マスターズリーグ第８戦,北西,3,2,逃げ,1-3-5,1760,5,1,1,B1,0.3815,1,0.6185
2025-10-26,9,予選,0,1,マスターズリーグ第８戦,北西,3,2,抜き,1-3-2,1560,6,1,1,A2,0.5158,1,0.4842
2025-10-26,10,予選特賞,0,1,マスターズリーグ第８戦,北西,3,2,逃げ,1-2-5,1700,6,1,1,A1,0.6633,1,0.3367
2025-10-26,11,予選特選,0,1,マスターズリーグ第８戦,北,4,3,逃げ,1-2-3,820,2,1,1,A1,0.488,1,0.512
2025-10-26,12,発祥地ドリー,0,1,マスターズリーグ第８戦,北,3,2,逃げ,1-6-4,7490,23,1,1,A1,0.6243,1,0.3757
2025-10-27,1,予選,0,2,マスターズリーグ第８戦,北西,4,3,まくり,3-1-5,2580,8,3,3,B1,0.475,0,-0.475
2025-10-27,2,予選,0,2,マスターズリーグ第８戦,北西,4,3,逃げ,1-5-3,3270,13,1,1,B1,0.5519,1,0.4481
2025-10-27,3,予選,0,2,マスターズリーグ第８戦,北西,4,3,逃げ,1-3-4,3240,9,1,1,B1,0.5128,1,0.4872
2025-10-27,4,予選,0,2,マスターズリーグ第８戦,北西,4,3,逃げ,1-2-4,1420,2,1,1,B1,0.5505,1,0.4495
2025-10-27,5,予選,0,2,マスターズリーグ第８戦,北西,4,3,逃げ,1-4-3,2440,8,1,1,B1,0.4436,1,0.5564
2025-10-27,6,予選,0,2,マスターズリーグ第８戦,北西,4,3,まくり,4-1-2,4040,16,4,5,B1,0.4697,0,-0.4697
2025-10-27,7,予選,1,2,マスターズリーグ第８戦,北西,4,3,抜き,5-2-6,55710,92,5,5,A2,0.5746,0,-0.5746
2025-10-27,8,予選,0,2,マスターズリーグ第８戦,北西,4,3,まくり,3-2-4,13770,56,3,2,B1,0.5244,0,-0.5244
2025-10-27,9,予選,0,2,マスターズリーグ第８戦,北西,4,3,逃げ,1-2-3,490,1,1,1,A2,0.6627,1,0.3373
2025-10-27,10,予選特賞,0,2,マスターズリーグ第８戦,北西,4,3,逃げ,1-4-3,2680,11,1,1,A1,0.6479,1,0.3521
2025-10-27,11,予選特選,0,2,マスターズリーグ第８戦,北東,4,3,逃げ,1-3-4,930,3,1,1,A1,0.6334,1,0.3666
2025-10-27,12,予選特選,0,2,マスターズリーグ第８戦,北,4,3,逃げ,1-2-4,1300,5,1,1,A1,0.6072,1,0.3928
2025-10-28,1,予選,0,3,マスターズリーグ第８戦,北西,4,3,逃げ,1-2-5,1740,7,1,1,B1,0.4615,1,0.5385
2025-10-28,2,予選,0,3,マスターズリーグ第８戦,北西,4,3,逃げ,1-2-4,2880,11,1,1,A2,0.6388,1,0.3612
2025-10-28,3,予選,0,3,マスターズリーグ第８戦,北,4,3,まくり,2-3-5,3990,16,2,2,B1,0.479,0,-0.479
2025-10-28,4,予選,0,3,マスターズリーグ第８戦,北東,4,3,逃げ,1-3-4,1260,1,1,1,B1,0.5015,1,0.4985
2025-10-28,5,予選,0,3,マスターズリーグ第８戦,北,5,4,まくり,2-3-4,3000,6,2,3,B1,0.5023,0,-0.5023
2025-10-28,6,予選,0,3,マスターズリーグ第８戦,北,4,3,抜き,4-5-3,9040,45,4,4,B1,0.4635,0,-0.4635
2025-10-28,7,予選,1,3,マスターズリーグ第８戦,北東,4,3,逃げ,1-3-2,420,1,1,1,A2,0.6259,1,0.3741
2025-10-28,8,予選,0,3,マスターズリーグ第８戦,北,5,4,まくり,3-1-2,4930,17,3,3,B1,0.4524,0,-0.4524
2025-10-28,9,予選,0,3,マスターズリーグ第８戦,北,5,4,逃げ,1-3-4,1930,7,1,1,A2,0.4542,1,0.5458
2025-10-28,10,予選特賞,0,3,マスターズリーグ第８戦,北,4,3,逃げ,1-6-5,1100,2,1,1,A1,0.6503,1,0.3497
2025-10-28,11,予選特選,0,3,マスターズリーグ第８戦,北東,3,2,逃げ,1-2-3,370,1,1,1,A1,0.652,1,0.348
2025-10-28,12,予選特選,0,3,マスターズリーグ第８戦,北,2,1,まくり差し,4-6-5,53160,82,4,4,A1,0.5832,0,-0.5832
2025-10-29,1,予選,0,4,マスターズリーグ第８戦,南,2,1,差し,5-3-1,14090,56,5,2,B1,0.4182,0,-0.4182
2025-10-29,2,予選,0,4,マスターズリーグ第８戦,南,1,1,逃げ,1-2-6,3020,13,1,1,B1,0.5234,1,0.4766
2025-10-29,3,予選,0,4,マスターズリーグ第８戦,南東,1,1,差し,2-1-4,1430,3,2,2,A2,0.628,0,-0.628
2025-10-29,4,予選,0,4,マスターズリーグ第８戦,南東,2,1,抜き,4-6-3,8780,34,4,4,B1,0.4058,0,-0.4058
2025-10-29,5,予選,0,4,マスターズリーグ第８戦,南,1,1,逃げ,1-4-2,2420,4,1,1,B1,0.5224,1,0.4776
2025-10-29,6,予選,0,4,マスターズリーグ第８戦,南東,1,1,まくり差し,5-2-1,16410,38,5,5,A2,0.6737,0,-0.6737
2025-10-29,7,予選,1,4,マスターズリーグ第８戦,南東,1,1,抜き,2-3-1,15960,35,2,2,A1,0.6044,0,-0.6044
2025-10-29,8,予選,0,4,マスターズリーグ第８戦,南東,1,1,逃げ,1-4-5,3600,11,1,1,B1,0.4215,1,0.5785
2025-10-29,9,予選,0,4,マスターズリーグ第８戦,南東,1,1,逃げ,1-3-5,3250,12,1,1,A1,0.652,1,0.348
2025-10-29,10,予選特選,0,4,マスターズリーグ第８戦,南東,1,1,逃げ,1-4-3,1250,6,1,1,A1,0.6243,1,0.3757
2025-10-29,11,予選特選,0,4,マスターズリーグ第８戦,南東,1,1,逃げ,1-5-3,2920,11,1,1,A1,0.6515,1,0.3485
2025-10-29,12,一般特賞,0,4,マスターズリーグ第８戦,南東,1,1,抜き,1-3-6,790,1,1,1,A1,0.6334,1,0.3666
2025-10-30,1,一般,0,5,マスターズリーグ第８戦,南,1,1,まくり,4-2-5,12660,47,4,4,B1,0.4815,0,-0.4815
2025-10-30,2,一般,0,5,マスターズリーグ第８戦,南東,1,1,差し,4-1-2,7660,26,4,4,B1,0.4165,0,-0.4165
2025-10-30,3,一般,0,5,マスターズリーグ第８戦,西,1,1,逃げ,1-5-4,15730,55,1,1,B1,0.5128,1,0.4872
2025-10-30,4,一般,0,5,マスターズリーグ第８戦,,0,1,逃げ,1-3-4,750,2,1,1,B1,0.5519,1,0.4481
2025-10-30,5,一般,0,5,マスターズリーグ第８戦,,0,1,差し,2-1-5,4330,12,2,2,A1,0.6763,0,-0.6763
2025-10-30,6,一般,0,5,マスターズリーグ第８戦,北東,1,1,逃げ,1-3-5,5180,16,1,1,A1,0.5885,1,0.4115
2025-10-30,7,一般,1,5,マスターズリーグ第８戦,南東,1,1,差し,2-1-4,3190,9,2,2,A2,0.6208,0,-0.6208
2025-10-30,8,一般,0,5,マスターズリーグ第８戦,南東,1,1,逃げ,1-3-4,1120,3,1,1,A2,0.4542,1,0.5458
2025-10-30,9,準優勝戦,0,5,マスターズリーグ第８戦,南東,1,1,逃げ,3-2-6,11190,47,3,1,B1,0.4328,1,0.5672
2025-10-30,10,準優勝戦,0,5,マスターズリーグ第８戦,東,1,1,抜き,4-1-5,29700,59,4,4,A1,0.6635,0,-0.6635
2025-10-30,11,準優勝戦,0,5,マスターズリーグ第８戦,南東,1,1,逃げ,1-5-3,2040,8,1,1,A1,0.652,1,0.348
2025-10-30,12,一般,0,5,マスターズリーグ第８戦,南東,1,1,まくり差し,3-1-5,11430,32,3,3,A1,0.5832,0,-0.5832
2025-10-31,1,一般,0,6,マスターズリーグ第８戦,北西,2,1,まくり,3-1-5,1530,7,3,3,B1,0.475,0,-0.475
2025-10-31,2,一般,0,6,マスターズリーグ第８戦,北西,2,1,逃げ,1-5-6,19080,48,1,1,B2,0.6067,1,0.3933
2025-10-31,3,一般,0,6,マスターズリーグ第８戦,北西,1,1,差し,2-3-1,8670,32,2,2,A2,0.6737,0,-0.6737
2025-10-31,4,一般,0,6,マスターズリーグ第８戦,北西,1,1,逃げ,1-2-5,2930,11,1,1,A1,0.488,1,0.512
2025-10-31,5,一般,0,6,マスターズリーグ第８戦,北西,1,1,逃げ,1-3-2,560,2,1,1,A2,0.6259,1,0.3741
2025-10-31,6,一般,0,6,マスターズリーグ第８戦,北,1,1,抜き,6-5-1,33220,55,6,6,A1,0.6633,0,-0.6633
2025-10-31,7,一般,1,6,マスターズリーグ第８戦,北西,1,1,逃げ,1-3-2,590,2,1,1,A2,0.5599,1,0.4401
2025-10-31,8,一般,0,6,マスターズリーグ第８戦,北,1,1,逃げ,1-4-3,1280,5,1,1,A1,0.6479,1,0.3521
2025-10-31,9,一般,0,6,マスターズリーグ第８戦,南東,1,1,逃げ,1-3-4,660,1,1,1,A1,0.6072,1,0.3928
2025-10-31,10,特別選抜戦,0,6,マスターズリーグ第８戦,南東,1,1,逃げ,1-2-5,2010,10,1,1,A1,0.6243,1,0.3757
2025-10-31,11,特別選抜戦,0,6,マスターズリーグ第８戦,東,1,1,逃げ,1-2-3,1460,5,1,1,B1,0.3697,1,0.6303
2025-10-31,12,優勝戦,0,6,マスターズリーグ第８戦,東,2,1,逃げ,1-2-5,3110,12,1,1,A1,0.652,1,0.348
2025-11-03,1,予選,0,1,ＢＴＳオラレ志布志開設１６周年記念,北,3,2,逃げ,1-3-4,1890,5,1,1,B1,0.4436,1,0.5564
2025-11-03,2,予選,0,1,ＢＴＳオラレ志布志開設１６周年記念,北東,3,2,差し,2-1-3,4920,19,2,2,B1,0.4562,0,-0.4562
2025-11-03,3,予選,0,1,ＢＴＳオラレ志布志開設１６周年記念,北東,3,2,まくり差し,3-1-2,2910,7,3,3,B1,0.3893,0,-0.3893
2025-11-03,4,予選,0,1,ＢＴＳオラレ志布志開設１６周年記念,北東,2,1,まくり,2-4-1,3140,12,2,2,A2,0.4505,0,-0.4505
2025-11-03,5,予選,0,1,ＢＴＳオラレ志布志開設１６周年記念,北東,2,1,まくり,2-1-6,3040,11,2,2,A2,0.5926,0,-0.5926
2025-11-03,6,予選,0,1,ＢＴＳオラレ志布志開設１６周年記念,北東,3,2,逃げ,1-3-5,1160,4,1,1,A1,0.6678,1,0.3322
2025-11-03,7,予選,1,1,ＢＴＳオラレ志布志開設１６周年記念,北東,2,1,抜き,1-3-4,1270,5,1,1,A2,0.4276,1,0.5724
2025-11-03,8,予選,0,1,ＢＴＳオラレ志布志開設１６周年記念,東,2,1,逃げ,1-4-5,3770,13,1,1,A1,0.7026,1,0.2974
2025-11-03,9,予選特賞,0,1,ＢＴＳオラレ志布志開設１６周年記念,北東,2,1,逃げ,1-2-5,2540,10,1,1,A2,0.501,1,0.499
2025-11-03,10,予選特賞,0,1,ＢＴＳオラレ志布志開設１６周年記念,北東,1,1,まくり差し,4-3-1,28710,50,4,4,A2,0.6995,0,-0.6995
2025-11-03,11,予選特選,0,1,ＢＴＳオラレ志布志開設１６周年記念,,0,1,逃げ,1-3-4,1990,7,1,1,A1,0.5384,1,0.4616
2025-11-03,12,龍神選抜,0,1,ＢＴＳオラレ志布志開設１６周年記念,南東,1,1,逃げ,1-3-5,1050,4,1,1,A1,0.6582,1,0.3418
2025-11-04,1,予選,0,2,ＢＴＳオラレ志布志開設１６周年記念,北西,1,1,差し,4-1-2,3250,10,4,4,A2,0.5512,0,-0.5512
2025-11-04,2,予選,0,2,ＢＴＳオラレ志布志開設１６周年記念,,0,1,差し,4-1-2,3870,13,4,4,B1,0.391,0,-0.391
2025-11-04,3,予選,0,2,ＢＴＳオラレ志布志開設１６周年記念,南東,1,1,逃げ,1-2-4,800,2,1,1,A2,0.6474,1,0.3526
2025-11-04,4,予選,0,2,ＢＴＳオラレ志布志開設１６周年記念,南東,1,1,逃げ,1-4-2,1700,4,1,1,B1,0.4891,1,0.5109
2025-11-04,5,予選,0,2,ＢＴＳオラレ志布志開設１６周年記念,東,1,1,逃げ,1-3-5,530,1,1,1,A2,0.5832,1,0.4168
2025-11-04,6,予選,0,2,ＢＴＳオラレ志布志開設１６周年記念,東,1,1,逃げ,1-4-3,1520,6,1,1,B1,0.5505,1,0.4495
2025-11-04,7,予選,1,2,ＢＴＳオラレ志布志開設１６周年記念,南東,1,1,まくり,3-2-1,3450,12,3,3,A2,0.5335,0,-0.5335
2025-11-04,8,予選,0,2,ＢＴＳオラレ志布志開設１６周年記念,東,1,1,逃げ,1-5-4,1260,4,1,1,A2,0.6179,1,0.3821
2025-11-04,9,予選特賞,0,2,ＢＴＳオラレ志布志開設１６周年記念,東,1,1,逃げ,1-5-6,8320,22,1,1,A1,0.6154,1,0.3846
2025-11-04,10,予選特選,0,2,ＢＴＳオラレ志布志開設１６周年記念,南東,1,1,逃げ,1-5-4,2760,11,1,1,A1,0.5594,1,0.4406
2025-11-04,11,予選特選,0,2,ＢＴＳオラレ志布志開設１６周年記念,東,1,1,逃げ,1-3-6,2470,9,1,1,A1,0.561,1,0.439
2025-11-04,12,予選特賞,0,2,ＢＴＳオラレ志布志開設１６周年記念,東,1,1,逃げ,1-3-2,750,1,1,1,A1,0.5363,1,0.4637
2025-11-05,1,一般,0,3,ＢＴＳオラレ志布志開設１６周年記念,南,1,1,逃げ,1-3-2,870,2,1,1,B1,0.4913,1,0.5087
2025-11-05,2,一般,0,3,ＢＴＳオラレ志布志開設１６周年記念,南,1,1,まくり差し,4-5-3,10170,32,4,4,B1,0.4905,0,-0.4905
2025-11-05,3,一般,0,3,ＢＴＳオラレ志布志開設１６周年記念,南東,1,1,まくり,2-4-6,61960,101,2,2,A2,0.6319,0,-0.6319
2025-11-05,4,一般,0,3,ＢＴＳオラレ志布志開設１６周年記念,南東,1,1,まくり,3-4-2,28370,63,3,3,A2,0.6682,0,-0.6682
2025-11-05,5,一般,0,3,ＢＴＳオラレ志布志開設１６周年記念,北東,1,1,逃げ,1-3-2,1120,3,1,1,A1,0.561,1,0.439
2025-11-05,6,一般,0,3,ＢＴＳオラレ志布志開設１６周年記念,北東,1,1,逃げ,1-4-6,770,1,1,1,A1,0.6154,1,0.3846
2025-11-05,7,一般,1,3,ＢＴＳオラレ志布志開設１６周年記念,南東,1,1,逃げ,1-2-3,310,1,1,1,A2,0.7225,1,0.2775
2025-11-05,8,一般,0,3,ＢＴＳオラレ志布志開設１６周年記念,北,1,1,逃げ,1-3-2,1240,3,1,1,A2,0.5496,1,0.4504
2025-11-05,9,準優勝戦,0,3,ＢＴＳオラレ志布志開設１６周年記念,,0,1,逃げ,1-3-6,3580,12,1,1,A1,0.6582,1,0.3418
2025-11-05,10,準優勝戦,0,3,ＢＴＳオラレ志布志開設１６周年記念,南東,1,1,逃げ,1-2-4,800,2,1,1,A1,0.5594,1,0.4406
2025-11-05,11,準優勝戦,0,3,ＢＴＳオラレ志布志開設１６周年記念,南東,1,1,逃げ,1-3-4,710,3,1,1,A1,0.7026,1,0.2974
2025-11-05,12,一般,0,3,ＢＴＳオラレ志布志開設１６周年記念,北,1,1,逃げ,1-3-4,580,1,1,1,A1,0.5384,1,0.4616
2025-11-06,1,一般,0,4,ＢＴＳオラレ志布志開設１６周年記念,北,4,3,逃げ,1-3-5,1220,4,1,1,B1,0.4301,1,0.5699
2025-11-06,2,一般,0,4,ＢＴＳオラレ志布志開設１６周年記念,北,3,2,逃げ,1-2-4,410,1,1,1,B1,0.537,1,0.463
2025-11-06,3,一般,0,4,ＢＴＳオラレ志布志開設１６周年記念,北,3,2,まくり差し,4-1-5,1610,6,4,4,A2,0.5512,0,-0.5512
2025-11-06,4,一般,0,4,ＢＴＳオラレ志布志開設１６周年記念,北,3,2,逃げ,1-3-6,1790,6,1,1,A2,0.6165,1,0.3835
2025-11-06,5,一般,0,4,ＢＴＳオラレ志布志開設１６周年記念,北,3,2,抜き,2-1-4,6650,22,2,2,A2,0.5149,0,-0.5149
2025-11-06,6,一般,0,4,ＢＴＳオラレ志布志開設１６周年記念,北,3,2,逃げ,1-3-5,510,1,1,1,A2,0.7225,1,0.2775
2025-11-06,7,一般,1,4,ＢＴＳオラレ志布志開設１６周年記念,北,3,2,まくり,4-1-3,6020,22,4,4,B2,0.5683,0,-0.5683
2025-11-06,8,一般,0,4,ＢＴＳオラレ志布志開設１６周年記念,北,3,2,逃げ,1-5-2,3650,12,1,1,B1,0.5641,1,0.4359
2025-11-06,9,一般特選,0,4,ＢＴＳオラレ志布志開設１６周年記念,北,3,2,まくり差し,4-3-5,31140,64,4,4,A2,0.548,0,-0.548
2025-11-06,10,特別選抜戦,0,4,ＢＴＳオラレ志布志開設１６周年記念,南,1,1,逃げ,1-2-3,840,2,1,1,A2,0.5785,1,0.4215
2025-11-06,11,特別選抜戦,0,4,ＢＴＳオラレ志布志開設１６周年記念,南東,1,1,逃げ,1-5-3,2170,7,1,1,A2,0.6179,1,0.3821
2025-11-06,12,優勝戦,0,4,ＢＴＳオラレ志布志開設１６周年記念,南東,1,1,まくり差し,3-1-4,1840,7,3,3,A1,0.7175,0,-0.7175
2025-11-19,1,予選,0,1,ミッドナイトボートレースｉｎ大村８ＢＯＡＴＢｏｙ杯,北,1,1,抜き,1-2-6,3500,15,1,1,B1,0.3273,1,0.6727
2025-11-19,2,予選,0,1,ミッドナイトボートレースｉｎ大村８ＢＯＡＴＢｏｙ杯,北東,1,1,差し,2-1-4,1790,7,2,2,B1,0.5012,0,-0.5012
2025-11-19,3,予選,0,1,ミッドナイトボートレースｉｎ大村８ＢＯＡＴＢｏｙ杯,東,1,1,まくり差し,3-5-2,45130,61,3,3,A2,0.6464,0,-0.6464
2025-11-19,4,予選,0,1,ミッドナイトボートレースｉｎ大村８ＢＯＡＴＢｏｙ杯,東,1,1,まくり,4-6-5,27400,71,4,4,A2,0.5185,0,-0.5185
2025-11-19,5,予選,0,1,ミッドナイトボートレースｉｎ大村８ＢＯＡＴＢｏｙ杯,東,1,1,逃げ,1-2-3,8950,37,1,1,B1,0.335,1,0.665
2025-11-19,6,予選,0,1,ミッドナイトボートレースｉｎ大村８ＢＯＡＴＢｏｙ杯,南東,1,1,まくり差し,5-1-6,2360,7,5,5,A2,0.6868,0,-0.6868
2025-11-19,7,予選,1,1,ミッドナイトボートレースｉｎ大村８ＢＯＡＴＢｏｙ杯,東,1,1,逃げ,1-2-5,710,4,1,1,A1,0.7874,1,0.2126
2025-11-19,8,予選,0,1,ミッドナイトボートレースｉｎ大村８ＢＯＡＴＢｏｙ杯,東,1,1,逃げ,1-5-3,2080,8,1,1,A2,0.7364,1,0.2636
2025-11-19,9,予選特賞,0,1,ミッドナイトボートレースｉｎ大村８ＢＯＡＴＢｏｙ杯,南東,1,1,逃げ,1-4-2,650,1,1,1,A1,0.5877,1,0.4123
2025-11-19,10,予選特選,0,1,ミッドナイトボートレースｉｎ大村８ＢＯＡＴＢｏｙ杯,南東,1,1,逃げ,1-3-6,4790,16,1,1,A1,0.6509,1,0.3491
2025-11-19,11,龍神選抜,0,1,ミッドナイトボートレースｉｎ大村８ＢＯＡＴＢｏｙ杯,南東,1,1,逃げ,1-2-3,800,2,1,1,A1,0.6543,1,0.3457
2025-11-19,12,予選特賞,0,1,ミッドナイトボートレースｉｎ大村８ＢＯＡＴＢｏｙ杯,南東,1,1,まくり,3-5-2,9180,27,3,3,B1,0.3921,0,-0.3921
2025-11-20,1,予選,0,2,ミッドナイトボートレースｉｎ大村８ＢＯＡＴＢｏｙ杯,北東,2,1,逃げ,1-2-3,760,2,1,1,B1,0.4437,1,0.5563
2025-11-20,2,予選,0,2,ミッドナイトボートレースｉｎ大村８ＢＯＡＴＢｏｙ杯,北東,1,1,逃げ,1-4-2,640,2,1,1,A2,0.5525,1,0.4475
2025-11-20,3,予選,0,2,ミッドナイトボートレースｉｎ大村８ＢＯＡＴＢｏｙ杯,東,2,1,まくり差し,5-1-4,7330,23,5,5,B1,0.5784,0,-0.5784
2025-11-20,4,予選,0,2,ミッドナイトボートレースｉｎ大村８ＢＯＡＴＢｏｙ杯,南東,1,1,差し,4-2-1,2720,11,4,4,B1,0.6442,0,-0.6442
2025-11-20,5,予選,0,2,ミッドナイトボートレースｉｎ大村８ＢＯＡＴＢｏｙ杯,南東,1,1,逃げ,1-3-2,1530,7,1,1,A2,0.4917,1,0.5083
2025-11-20,6,予選,0,2,ミッドナイトボートレースｉｎ大村８ＢＯＡＴＢｏｙ杯,南東,1,1,まくり差し,4-1-5,1200,4,4,4,A1,0.6429,0,-0.6429
2025-11-20,7,予選,1,2,ミッドナイトボートレースｉｎ大村８ＢＯＡＴＢｏｙ杯,南東,1,1,逃げ,1-4-5,1820,7,1,1,A1,0.642,1,0.358
2025-11-20,8,予選,0,2,ミッドナイトボートレースｉｎ大村８ＢＯＡＴＢｏｙ杯,南東,1,1,逃げ,1-2-3,3290,13,1,1,A2,0.5704,1,0.4296
2025-11-20,9,予選特賞,0,2,ミッドナイトボートレースｉｎ大村８ＢＯＡＴＢｏｙ杯,南東,1,1,まくり差し,3-1-4,2670,11,3,3,A1,0.6445,0,-0.6445
2025-11-20,10,予選特選,0,2,ミッドナイトボートレースｉｎ大村８ＢＯＡＴＢｏｙ杯,南東,1,1,逃げ,1-3-2,650,2,1,1,A1,0.5949,1,0.4051
2025-11-20,11,予選特選,0,2,ミッドナイトボートレースｉｎ大村８ＢＯＡＴＢｏｙ杯,南東,1,1,逃げ,1-3-4,1450,3,1,1,A1,0.748,1,0.252
2025-11-20,12,予選特賞,0,2,ミッドナイトボートレースｉｎ大村８ＢＯＡＴＢｏｙ杯,南東,1,1,逃げ,1-3-5,970,3,1,1,B1,0.4065,1,0.5935
2025-11-21,1,一般,0,3,ミッドナイトボートレースｉｎ大村８ＢＯＡＴＢｏｙ杯,北西,3,2,逃げ,1-2-5,1200,4,1,1,B1,0.6103,1,0.3897
2025-11-21,2,一般,0,3,ミッドナイトボートレースｉｎ大村８ＢＯＡＴＢｏｙ杯,北西,2,1,逃げ,1-3-4,1250,4,1,1,A1,0.7874,1,0.2126
2025-11-21,3,一般,0,3,ミッドナイトボートレースｉｎ大村８ＢＯＡＴＢｏｙ杯,西,3,2,逃げ,1-3-2,4580,17,1,1,A2,0.6302,1,0.3698
2025-11-21,4,一般,0,3,ミッドナイトボートレースｉｎ大村８ＢＯＡＴＢｏｙ杯,北西,1,1,逃げ,1-3-2,750,3,1,1,B1,0.6681,1,0.3319
2025-11-21,5,一般,0,3,ミッドナイトボートレースｉｎ大村８ＢＯＡＴＢｏｙ杯,北,2,1,逃げ,1-2-3,800,1,1,1,A2,0.5945,1,0.4055
2025-11-21,6,一般,0,3,ミッドナイトボートレースｉｎ大村８ＢＯＡＴＢｏｙ杯,北東,2,1,逃げ,1-4-5,6550,22,1,1,A2,0.6681,1,0.3319
2025-11-21,7,一般,1,3,ミッドナイトボートレースｉｎ大村８ＢＯＡＴＢｏｙ杯,北東,1,1,逃げ,1-5-3,1380,7,1,1,A1,0.633,1,0.367
2025-11-21,8,一般,0,3,ミッドナイトボートレースｉｎ大村８ＢＯＡＴＢｏｙ杯,北東,2,1,逃げ,1-2-5,1230,2,1,1,A2,0.6837,1,0.3163
2025-11-21,9,準優勝戦,0,3,ミッドナイトボートレースｉｎ大村８ＢＯＡＴＢｏｙ杯,南東,1,1,逃げ,1-3-4,810,3,1,1,A2,0.4917,1,0.5083
2025-11-21,10,準優勝戦,0,3,ミッドナイトボートレースｉｎ大村８ＢＯＡＴＢｏｙ杯,南東,1,1,逃げ,1-2-3,480,1,1,1,A1,0.5949,1,0.4051
2025-11-21,11,準優勝戦,0,3,ミッドナイトボートレースｉｎ大村８ＢＯＡＴＢｏｙ杯,南東,1,1,逃げ,1-3-2,540,2,1,1,A1,0.6543,1,0.3457
2025-11-21,12,一般,0,3,ミッドナイトボートレースｉｎ大村８ＢＯＡＴＢｏｙ杯,南東,1,1,差し,2-1-6,1910,4,2,2,B1,0.3903,0,-0.3903
2025-11-22,1,一般,0,4,ミッドナイトボートレースｉｎ大村８ＢＯＡＴＢｏｙ杯,南,1,1,まくり差し,3-1-5,1880,7,3,3,B1,0.5572,0,-0.5572
2025-11-22,2,一般,0,4,ミッドナイトボートレースｉｎ大村８ＢＯＡＴＢｏｙ杯,南東,1,1,逃げ,1-4-6,1220,7,1,1,A2,0.5704,1,0.4296
2025-11-22,3,一般,0,4,ミッドナイトボートレースｉｎ大村８ＢＯＡＴＢｏｙ杯,南東,1,1,逃げ,1-3-4,960,3,1,1,B1,0.6266,1,0.3734
2025-11-22,4,一般,0,4,ミッドナイトボートレースｉｎ大村８ＢＯＡＴＢｏｙ杯,東,1,1,恵まれ,3-4-5,3370,17,3,3,B1,0.478,0,-0.478
2025-11-22,5,一般,0,4,ミッドナイトボートレースｉｎ大村８ＢＯＡＴＢｏｙ杯,南東,1,1,まくり,2-3-4,4610,15,2,3,A1,0.6429,0,-0.6429
2025-11-22,6,一般,0,4,ミッドナイトボートレースｉｎ大村８ＢＯＡＴＢｏｙ杯,南東,1,1,まくり差し,5-4-1,7870,34,5,5,B1,0.6093,0,-0.6093
2025-11-22,7,一般,1,4,ミッドナイトボートレースｉｎ大村８ＢＯＡＴＢｏｙ杯,南東,1,1,逃げ,1-4-2,2160,7,1,1,A1,0.6509,1,0.3491
2025-11-22,8,一般,0,4,ミッドナイトボートレースｉｎ大村８ＢＯＡＴＢｏｙ杯,南東,1,1,逃げ,1-2-3,590,2,1,1,A2,0.6725,1,0.3275
2025-11-22,9,一般特選,0,4,ミッドナイトボートレースｉｎ大村８ＢＯＡＴＢｏｙ杯,南東,1,1,逃げ,1-3-6,2300,9,1,1,A2,0.5525,1,0.4475
2025-11-22,10,特別選抜戦Ｂ,0,4,ミッドナイトボートレースｉｎ大村８ＢＯＡＴＢｏｙ杯,南東,1,1,逃げ,1-2-3,660,3,1,1,A2,0.5764,1,0.4236
2025-11-22,11,優勝戦,0,4,ミッドナイトボートレースｉｎ大村８ＢＯＡＴＢｏｙ杯,南東,1,1,逃げ,1-2-5,1640,9,1,1,A1,0.6543,1,0.3457
2025-11-22,12,特別選抜戦Ａ,0,4,ミッドナイトボートレースｉｎ大村８ＢＯＡＴＢｏｙ杯,南東,1,1,逃げ,1-2-3,530,1,1,1,A1,0.633,1,0.367
2025-11-25,1,予選,0,1,アサヒビールカップ,北西,6,5,まくり,4-6-5,11560,44,4,4,B1,0.4303,0,-0.4303
2025-11-25,2,予選,0,1,アサヒビールカップ,北西,8,7,差し,2-3-1,2260,7,2,2,B1,0.3113,0,-0.3113
2025-11-25,3,予選,0,1,アサヒビールカップ,北西,8,7,まくり差し,6-3-2,10820,41,6,5,B1,0.5017,0,-0.5017
2025-11-25,4,予選,0,1,アサヒビールカップ,北西,7,6,逃げ,1-2-4,750,1,1,1,B1,0.4905,1,0.5095
2025-11-25,5,予選,0,1,アサヒビールカップ,北西,7,6,逃げ,1-2-6,930,1,1,1,A2,0.6457,1,0.3543
2025-11-25,6,予選,0,1,アサヒビールカップ,北西,7,6,逃げ,1-5-4,14770,44,1,1,B1,0.3609,1,0.6391
2025-11-25,7,予選,1,1,アサヒビールカップ,北西,8,7,まくり,3-6-2,3440,14,3,3,A1,0.7046,0,-0.7046
2025-11-25,8,予選,0,1,アサヒビールカップ,北西,7,6,差し,2-4-1,2320,8,2,2,B1,0.6615,0,-0.6615
2025-11-25,9,予選,0,1,アサヒビールカップ,北西,7,6,まくり差し,3-1-2,5480,19,3,3,A2,0.707,0,-0.707
2025-11-25,10,予選特賞,0,1,アサヒビールカップ,北西,7,6,逃げ,1-4-2,970,4,1,1,A2,0.7407,1,0.2593
2025-11-25,11,予選特選,0,1,アサヒビールカップ,北西,7,6,逃げ,1-4-6,4200,17,1,1,A1,0.7307,1,0.2693
2025-11-25,12,発祥地ドリー,0,1,アサヒビールカップ,北西,7,6,まくり,3-1-6,25340,51,3,3,A1,0.6497,0,-0.6497
2025-11-26,1,予選,0,2,アサヒビールカップ,南西,1,1,抜き,5-4-6,18380,51,5,5,B1,0.4581,0,-0.4581
2025-11-26,2,予選,0,2,アサヒビールカップ,南西,1,1,差し,2-1-6,5390,18,2,2,B1,0.4391,0,-0.4391
2025-11-26,3,予選,0,2,アサヒビールカップ,,0,1,逃げ,1-4-5,2140,6,1,1,B1,0.573,1,0.427
2025-11-26,4,予選,0,2,アサヒビールカップ,北西,1,1,逃げ,1-2-4,550,1,1,1,B1,0.6543,1,0.3457
2025-11-26,5,予選,0,2,アサヒビールカップ,北西,1,1,まくり差し,6-1-4,10090,30,6,3,B1,0.475,0,-0.475
2025-11-26,6,予選,0,2,アサヒビールカップ,南西,1,1,まくり差し,3-1-2,2410,7,3,3,B1,0.5224,0,-0.5224
2025-11-26,7,予選,1,2,アサヒビールカップ,南西,1,1,抜き,1-2-6,1770,5,1,1,A2,0.5267,1,0.4733
2025-11-26,8,予選,0,2,アサヒビールカップ,南西,1,1,逃げ,1-3-6,2410,7,1,1,A2,0.4391,1,0.5609
2025-11-26,9,予選,0,2,アサヒビールカップ,北東,1,1,逃げ,1-5-3,1300,3,1,1,A2,0.6302,1,0.3698
2025-11-26,10,予選特賞,0,2,アサヒビールカップ,南東,1,1,逃げ,1-6-3,2130,8,1,1,A1,0.7061,1,0.2939
2025-11-26,11,予選特選,0,2,アサヒビールカップ,北東,1,1,逃げ,1-3-2,940,3,1,1,A1,0.6627,1,0.3373
2025-11-26,12,予選特選,0,2,アサヒビールカップ,南東,1,1,逃げ,1-2-3,640,1,1,1,A1,0.6373,1,0.3627
2025-11-27,1,予選,0,3,アサヒビールカップ,西,6,5,まくり,2-3-5,7480,29,2,2,B1,0.5122,0,-0.5122
2025-11-27,2,予選,0,3,アサヒビールカップ,西,6,5,差し,2-3-6,13080,46,2,2,B1,0.5234,0,-0.5234
2025-11-27,3,予選,0,3,アサヒビールカップ,西,6,5,差し,2-3-6,2990,12,2,2,B1,0.3544,0,-0.3544
2025-11-27,4,予選,0,3,アサヒビールカップ,西,7,6,差し,2-1-5,2460,8,2,2,B1,0.5267,0,-0.5267
2025-11-27,5,予選,0,3,アサヒビールカップ,北西,6,5,まくり,2-4-5,920,1,2,2,B1,0.4065,0,-0.4065
2025-11-27,6,予選,0,3,アサヒビールカップ,北西,8,7,逃げ,1-4-6,1610,4,1,1,B1,0.3976,1,0.6024
2025-11-27,7,予選,1,3,アサヒビールカップ,西,8,7,逃げ,1-2-6,1610,5,1,1,A2,0.5276,1,0.4724
2025-11-27,8,予選,0,3,アサヒビールカップ,西,8,7,抜き,5-1-3,3520,13,5,5,A2,0.6361,0,-0.6361
2025-11-27,9,予選,0,3,アサヒビールカップ,北西,8,7,逃げ,1-4-2,5800,18,1,1,A2,0.6565,1,0.3435
2025-11-27,10,予選特賞,0,3,アサヒビールカップ,北西,8,7,逃げ,1-3-4,510,1,1,1,A1,0.6933,1,0.3067
2025-11-27,11,予選特選,0,3,アサヒビールカップ,北西,8,7,逃げ,1-2-4,870,1,1,1,A1,0.5405,1,0.4595
2025-11-27,12,予選特選,0,3,アサヒビールカップ,西,8,7,逃げ,1-2-4,970,4,1,1,A1,0.7233,1,0.2767
2025-11-28,1,予選,0,4,アサヒビールカップ,西,2,1,逃げ,1-5-2,970,3,1,1,A2,0.6047,1,0.3953
2025-11-28,2,予選,0,4,アサヒビールカップ,西,2,1,逃げ,1-3-5,7060,31,1,1,B1,0.4909,1,0.5091
2025-11-28,3,予選,0,4,アサヒビールカップ,西,2,1,逃げ,1-2-5,3070,9,1,1,B1,0.4058,1,0.5942
2025-11-28,4,予選,0,4,アサヒビールカップ,南西,1,1,逃げ,1-5-2,10050,29,1,1,B1,0.6406,1,0.3594
2025-11-28,5,予選,0,4,アサヒビールカップ,北西,1,1,差し,2-1-3,840,2,2,2,B1,0.5606,0,-0.5606
2025-11-28,6,予選,0,4,アサヒビールカップ,北,1,1,まくり,2-3-6,7900,23,2,2,B1,0.4122,0,-0.4122
2025-11-28,7,予選,1,4,アサヒビールカップ,北東,2,1,逃げ,1-2-6,1520,6,1,1,A2,0.6578,1,0.3422
2025-11-28,8,予選,0,4,アサヒビールカップ,北,2,1,逃げ,1-3-2,2590,9,1,1,B1,0.5863,1,0.4137
2025-11-28,9,予選,0,4,アサヒビールカップ,北,2,1,逃げ,1-3-2,1370,4,1,1,A2,0.6067,1,0.3933
2025-11-28,10,予選特選,0,4,アサヒビールカップ,北,2,1,まくり差し,3-1-6,1150,5,3,3,A1,0.6085,0,-0.6085
2025-11-28,11,予選特選,0,4,アサヒビールカップ,北東,1,1,逃げ,1-2-6,1190,5,1,1,A1,0.7628,1,0.2372
2025-11-28,12,一般特賞,0,4,アサヒビールカップ,北東,1,1,逃げ,1-3-2,1130,4,1,1,A1,0.6627,1,0.3373
2025-11-29,1,一般,0,5,アサヒビールカップ,西,1,1,逃げ,1-5-3,4460,18,1,1,A2,0.6565,1,0.3435
2025-11-29,2,一般,0,5,アサヒビールカップ,西,1,1,まくり差し,3-5-6,53970,85,3,3,B1,0.657,0,-0.657
2025-11-29,3,一般,0,5,アサヒビールカップ,南西,1,1,逃げ,1-2-4,1520,5,1,1,B1,0.5016,1,0.4984
2025-11-29,4,一般,0,5,アサヒビールカップ,西,1,1,逃げ,1-2-3,1080,4,1,1,A1,0.7307,1,0.2693
2025-11-29,5,一般,0,5,アサヒビールカップ,西,1,1,逃げ,1-4-2,1800,9,1,1,A1,0.7061,1,0.2939
2025-11-29,6,一般,0,5,アサヒビールカップ,南西,1,1,逃げ,1-5-4,1280,5,1,1,A1,0.7628,1,0.2372
2025-11-29,7,一般,1,5,アサヒビールカップ,南,1,1,逃げ,1-2-6,1780,8,1,1,A1,0.6373,1,0.3627
2025-11-29,8,一般,0,5,アサヒビールカップ,南東,1,1,逃げ,1-6-5,2980,13,1,1,A2,0.6578,1,0.3422
2025-11-29,9,準優勝戦,0,5,アサヒビールカップ,南東,1,1,逃げ,1-3-2,840,3,1,1,A2,0.6457,1,0.3543
2025-11-29,10,準優勝戦,0,5,アサヒビールカップ,南東,1,1,逃げ,1-5-2,3510,13,1,1,A2,0.7407,1,0.2593
2025-11-29,11,準優勝戦,0,5,アサヒビールカップ,南東,1,1,逃げ,1-4-3,1920,7,1,1,A1,0.6627,1,0.3373
2025-11-29,12,一般,0,5,アサヒビールカップ,南東,1,1,逃げ,1-3-5,1640,7,1,1,A2,0.6047,1,0.3953
2025-11-30,1,一般,0,6,アサヒビールカップ,南西,2,1,逃げ,1-5-2,2230,9,1,1,B1,0.4574,1,0.5426
2025-11-30,2,一般,0,6,アサヒビールカップ,南東,1,1,差し,2-5-3,10670,33,2,2,B1,0.5606,0,-0.5606
2025-11-30,3,一般,0,6,アサヒビールカップ,南東,1,1,逃げ,1-6-4,2900,9,1,1,A2,0.6067,1,0.3933
2025-11-30,4,一般,0,6,アサヒビールカップ,南東,1,1,抜き,1-4-5,5940,16,1,1,B1,0.6543,1,0.3457
2025-11-30,5,一般,0,6,アサヒビールカップ,南東,1,1,逃げ,1-6-2,1820,9,1,1,A1,0.5959,1,0.4041
2025-11-30,6,一般,0,6,アサヒビールカップ,南東,1,1,逃げ,1-2-4,1250,5,1,1,A1,0.6361,1,0.3639
2025-11-30,7,一般,1,6,アサヒビールカップ,東,1,1,逃げ,1-2-3,810,2,1,1,A1,0.7233,1,0.2767
2025-11-30,8,一般,0,6,アサヒビールカップ,北東,2,1,逃げ,1-5-4,10360,28,1,1,A2,0.6226,1,0.3774
2025-11-30,9,一般,0,6,アサヒビールカップ,南東,1,1,差し,2-1-4,3200,12,2,2,A2,0.6464,0,-0.6464
2025-11-30,10,特別選抜戦,0,6,アサヒビールカップ,南東,1,1,逃げ,1-5-4,7170,18,1,1,A1,0.7628,1,0.2372
2025-11-30,11,特別選抜戦,0,6,アサヒビールカップ,南東,1,1,逃げ,1-2-6,2380,9,1,1,A1,0.7061,1,0.2939
2025-11-30,12,優勝戦,0,6,アサヒビールカップ,南東,1,1,逃げ,1-6-3,4850,17,1,1,A1,0.6627,1,0.3373
2025-12-03,1,予選,0,1,ＭＮボートレースｉｎ大村９ＢＴＳ長崎五島開設記念,北,8,7,まくり差し,6-2-4,98270,115,6,6,B1,0.284,0,-0.284
2025-12-03,2,予選,0,1,ＭＮボートレースｉｎ大村９ＢＴＳ長崎五島開設記念,北,8,7,まくり,2-4-5,7260,31,2,2,B1,0.5023,0,-0.5023
2025-12-03,3,予選,0,1,ＭＮボートレースｉｎ大村９ＢＴＳ長崎五島開設記念,北,8,7,逃げ,1-6-2,22880,63,1,1,B1,0.3738,1,0.6262
2025-12-03,4,予選,0,1,ＭＮボートレースｉｎ大村９ＢＴＳ長崎五島開設記念,北西,8,7,まくり,3-2-5,9650,39,3,3,B1,0.2683,0,-0.2683
2025-12-03,5,予選,0,1,ＭＮボートレースｉｎ大村９ＢＴＳ長崎五島開設記念,北,8,7,まくり,3-6-2,8150,40,3,3,B1,0.5017,0,-0.5017
2025-12-03,6,予選,0,1,ＭＮボートレースｉｎ大村９ＢＴＳ長崎五島開設記念,北,8,7,逃げ,1-3-4,750,2,1,1,A1,0.6923,1,0.3077
2025-12-03,7,予選,1,1,ＭＮボートレースｉｎ大村９ＢＴＳ長崎五島開設記念,北,8,7,逃げ,1-3-5,2100,11,1,1,A1,0.725,1,0.275
2025-12-03,8,予選,0,1,ＭＮボートレースｉｎ大村９ＢＴＳ長崎五島開設記念,北,8,7,逃げ,1-6-4,6290,25,1,1,A1,0.6473,1,0.3527
2025-12-03,9,予選特賞,0,1,ＭＮボートレースｉｎ大村９ＢＴＳ長崎五島開設記念,北西,8,7,逃げ,1-3-5,1160,3,1,1,A2,0.5567,1,0.4433
2025-12-03,10,予選特選,0,1,ＭＮボートレースｉｎ大村９ＢＴＳ長崎五島開設記念,北西,8,7,逃げ,1-2-3,860,1,1,1,A2,0.5821,1,0.4179
2025-12-03,11,龍神選抜,0,1,ＭＮボートレースｉｎ大村９ＢＴＳ長崎五島開設記念,北,8,7,逃げ,1-3-2,1160,2,1,1,A1,0.6078,1,0.3922
2025-12-03,12,予選特賞,0,1,ＭＮボートレースｉｎ大村９ＢＴＳ長崎五島開設記念,北,8,7,,,,,,,A2,0.5185,0,-0.5185
2025-12-04,1,予選,0,2,ＭＮボートレースｉｎ大村９ＢＴＳ長崎五島開設記念,北西,1,1,逃げ,1-3-2,1170,3,1,1,B1,0.3677,1,0.6323
2025-12-04,2,予選,0,2,ＭＮボートレースｉｎ大村９ＢＴＳ長崎五島開設記念,北,2,1,逃げ,1-5-2,610,2,1,1,B1,0.4925,1,0.5075
2025-12-04,3,予選,0,2,ＭＮボートレースｉｎ大村９ＢＴＳ長崎五島開設記念,北,3,2,抜き,2-5-4,3020,12,2,2,B1,0.3861,0,-0.3861
2025-12-04,4,予選,0,2,ＭＮボートレースｉｎ大村９ＢＴＳ長崎五島開設記念,北,2,1,まくり,3-4-6,3650,16,3,4,A2,0.514,0,-0.514
2025-12-04,5,予選,0,2,ＭＮボートレースｉｎ大村９ＢＴＳ長崎五島開設記念,東,1,1,差し,2-3-4,2800,11,2,2,A2,0.626,0,-0.626
2025-12-04,6,予選,0,2,ＭＮボートレースｉｎ大村９ＢＴＳ長崎五島開設記念,東,1,1,逃げ,1-4-3,5170,16,1,1,A1,0.7479,1,0.2521
2025-12-04,7,予選,1,2,ＭＮボートレースｉｎ大村９ＢＴＳ長崎五島開設記念,南東,1,1,逃げ,1-3-5,7570,19,1,1,A2,0.6627,1,0.3373
2025-12-04,8,予選,0,2,ＭＮボートレースｉｎ大村９ＢＴＳ長崎五島開設記念,東,1,1,逃げ,1-2-3,410,1,1,1,A1,0.663,1,0.337
2025-12-04,9,予選特賞,0,2,ＭＮボートレースｉｎ大村９ＢＴＳ長崎五島開設記念,東,1,1,まくり,4-6-1,8930,20,4,4,A1,0.5939,0,-0.5939
2025-12-04,10,予選特選,0,2,ＭＮボートレースｉｎ大村９ＢＴＳ長崎五島開設記念,東,1,1,逃げ,1-2-4,1640,5,1,1,A1,0.6543,1,0.3457
2025-12-04,11,予選特選,0,2,ＭＮボートレースｉｎ大村９ＢＴＳ長崎五島開設記念,東,1,1,差し,2-3-1,6710,24,2,2,A1,0.6716,0,-0.6716
2025-12-04,12,予選特賞,0,2,ＭＮボートレースｉｎ大村９ＢＴＳ長崎五島開設記念,東,1,1,まくり,3-2-5,30120,50,3,3,B1,0.5117,0,-0.5117
2025-12-05,1,一般,0,3,ＭＮボートレースｉｎ大村９ＢＴＳ長崎五島開設記念,北東,4,3,抜き,5-1-3,6620,25,5,4,B1,0.5014,0,-0.5014
2025-12-05,2,一般,0,3,ＭＮボートレースｉｎ大村９ＢＴＳ長崎五島開設記念,北東,3,2,差し,2-3-1,37860,54,2,2,A2,0.6781,0,-0.6781
2025-12-05,3,一般,0,3,ＭＮボートレースｉｎ大村９ＢＴＳ長崎五島開設記念,北,2,1,逃げ,1-5-3,850,2,1,1,A1,0.6594,1,0.3406
2025-12-05,4,一般,0,3,ＭＮボートレースｉｎ大村９ＢＴＳ長崎五島開設記念,北,2,1,逃げ,1-5-4,1950,12,1,1,A1,0.663,1,0.337
2025-12-05,5,一般,0,3,ＭＮボートレースｉｎ大村９ＢＴＳ長崎五島開設記念,東,1,1,逃げ,1-5-3,900,3,1,1,A2,0.5945,1,0.4055
2025-12-05,6,一般,0,3,ＭＮボートレースｉｎ大村９ＢＴＳ長崎五島開設記念,,0,1,逃げ,1-5-2,630,1,1,1,A2,0.6326,1,0.3674
2025-12-05,7,一般,1,3,ＭＮボートレースｉｎ大村９ＢＴＳ長崎五島開設記念,東,1,1,逃げ,1-2-3,490,1,1,1,A2,0.5821,1,0.4179
2025-12-05,8,一般,0,3,ＭＮボートレースｉｎ大村９ＢＴＳ長崎五島開設記念,東,1,1,逃げ,1-3-4,1820,7,1,1,B1,0.5286,1,0.4714
2025-12-05,9,準優勝戦,0,3,ＭＮボートレースｉｎ大村９ＢＴＳ長崎五島開設記念,南東,1,1,逃げ,1-3-4,1880,6,1,1,A1,0.7479,1,0.2521
2025-12-05,10,準優勝戦,0,3,ＭＮボートレースｉｎ大村９ＢＴＳ長崎五島開設記念,南東,1,1,逃げ,1-4-2,1150,3,1,1,A2,0.7743,1,0.2257
2025-12-05,11,準優勝戦,0,3,ＭＮボートレースｉｎ大村９ＢＴＳ長崎五島開設記念,南東,1,1,逃げ,1-3-2,810,3,1,1,B1,0.4925,1,0.5075
2025-12-05,12,一般,0,3,ＭＮボートレースｉｎ大村９ＢＴＳ長崎五島開設記念,南東,1,1,まくり,4-6-5,29770,69,4,4,B2,0.478,0,-0.478
2025-12-06,1,一般,0,4,ＭＮボートレースｉｎ大村９ＢＴＳ長崎五島開設記念,東,2,1,逃げ,1-3-2,780,2,1,1,B1,0.3865,1,0.6135
2025-12-06,2,一般,0,4,ＭＮボートレースｉｎ大村９ＢＴＳ長崎五島開設記念,東,1,1,逃げ,1-2-5,660,1,1,1,B1,0.4913,1,0.5087
2025-12-06,3,一般,0,4,ＭＮボートレースｉｎ大村９ＢＴＳ長崎五島開設記念,南東,1,1,逃げ,1-2-3,420,1,1,1,A2,0.5567,1,0.4433
2025-12-06,4,一般,0,4,ＭＮボートレースｉｎ大村９ＢＴＳ長崎五島開設記念,南東,1,1,差し,3-4-1,29470,60,3,3,B1,0.4053,0,-0.4053
2025-12-06,5,一般,0,4,ＭＮボートレースｉｎ大村９ＢＴＳ長崎五島開設記念,南東,1,1,まくり,2-4-3,9160,28,2,2,B1,0.4901,0,-0.4901
2025-12-06,6,一般,0,4,ＭＮボートレースｉｎ大村９ＢＴＳ長崎五島開設記念,南東,1,1,逃げ,1-4-5,1210,5,1,1,A1,0.6594,1,0.3406
2025-12-06,7,一般,1,4,ＭＮボートレースｉｎ大村９ＢＴＳ長崎五島開設記念,南,1,1,抜き,1-5-6,3520,15,1,1,A2,0.6326,1,0.3674
2025-12-06,8,一般,0,4,ＭＮボートレースｉｎ大村９ＢＴＳ長崎五島開設記念,南東,1,1,逃げ,1-2-4,600,2,1,1,A1,0.6543,1,0.3457
2025-12-06,9,一般特選,0,4,ＭＮボートレースｉｎ大村９ＢＴＳ長崎五島開設記念,南,1,1,逃げ,1-2-4,580,1,1,1,B1,0.5097,1,0.4903
2025-12-06,10,特別選抜戦Ｂ,0,4,ＭＮボートレースｉｎ大村９ＢＴＳ長崎五島開設記念,南,1,1,逃げ,1-3-2,1940,7,1,1,A2,0.6627,1,0.3373
2025-12-06,11,優勝戦,0,4,ＭＮボートレースｉｎ大村９ＢＴＳ長崎五島開設記念,南,1,1,逃げ,1-4-5,3980,14,1,1,B1,0.4925,1,0.5075
2025-12-06,12,特別選抜戦Ａ,0,4,ＭＮボートレースｉｎ大村９ＢＴＳ長崎五島開設記念,南東,1,1,逃げ,1-3-4,840,3,1,1,A2,0.5945,1,0.4055
2025-12-13,1,予選,0,1,日刊スポーツ杯＆ニッカン・コム杯,南,1,1,まくり,3-1-5,5500,21,3,3,B1,0.3689,0,-0.3689
2025-12-13,2,予選,0,1,日刊スポーツ杯＆ニッカン・コム杯,南東,2,1,まくり差し,3-1-5,1210,3,3,3,B1,0.3804,0,-0.3804
2025-12-13,3,予選,0,1,日刊スポーツ杯＆ニッカン・コム杯,南東,1,1,まくり,4-5-1,4220,16,4,4,B1,0.4019,0,-0.4019
2025-12-13,4,予選,0,1,日刊スポーツ杯＆ニッカン・コム杯,南東,1,1,差し,5-6-1,1060,2,5,2,B1,0.5128,0,-0.5128
2025-12-13,5,予選,0,1,日刊スポーツ杯＆ニッカン・コム杯,南東,1,1,まくり,4-1-5,5740,23,4,4,B1,0.3015,0,-0.3015
2025-12-13,6,予選,0,1,日刊スポーツ杯＆ニッカン・コム杯,南東,1,1,差し,2-1-4,4190,17,2,2,B1,0.5335,0,-0.5335
2025-12-13,7,予選,1,1,日刊スポーツ杯＆ニッカン・コム杯,南東,1,1,逃げ,1-3-5,2070,8,1,1,A2,0.7112,1,0.2888
2025-12-13,8,予選,0,1,日刊スポーツ杯＆ニッカン・コム杯,南東,1,1,逃げ,1-3-2,840,2,1,1,A2,0.514,1,0.486
2025-12-13,9,予選特賞,0,1,日刊スポーツ杯＆ニッカン・コム杯,南東,1,1,逃げ,1-5-6,2910,10,1,1,A2,0.6725,1,0.3275
2025-12-13,10,予選特賞,0,1,日刊スポーツ杯＆ニッカン・コム杯,南東,1,1,逃げ,1-2-4,570,2,1,1,A1,0.7154,1,0.2846
2025-12-13,11,予選特選,0,1,日刊スポーツ杯＆ニッカン・コム杯,東,1,1,逃げ,1-5-3,2990,12,1,1,A1,0.475,1,0.525
2025-12-13,12,発祥地選抜,0,1,日刊スポーツ杯＆ニッカン・コム杯,東,1,1,逃げ,1-2-3,680,1,1,1,A1,0.7115,1,0.2885
2025-12-14,1,予選,0,2,日刊スポーツ杯＆ニッカン・コム杯,北西,7,6,まくり,4-1-2,2630,11,4,4,B1,0.4378,0,-0.4378
2025-12-14,2,予選,0,2,日刊スポーツ杯＆ニッカン・コム杯,北西,7,6,逃げ,1-2-3,1420,5,1,1,B1,0.4335,1,0.5665
2025-12-14,3,予選,0,2,日刊スポーツ杯＆ニッカン・コム杯,北西,7,6,差し,5-4-3,4490,17,5,3,B1,0.5831,0,-0.5831
2025-12-14,4,予選,0,2,日刊スポーツ杯＆ニッカン・コム杯,北西,7,6,逃げ,1-2-3,2400,2,1,1,B1,0.3827,1,0.6173
2025-12-14,5,予選,0,2,日刊スポーツ杯＆ニッカン・コム杯,北西,7,6,逃げ,1-4-3,910,4,1,1,B1,0.6324,1,0.3676
2025-12-14,6,予選,0,2,日刊スポーツ杯＆ニッカン・コム杯,北,8,7,まくり差し,4-1-2,1410,4,4,4,B1,0.5207,0,-0.5207
2025-12-14,7,予選,1,2,日刊スポーツ杯＆ニッカン・コム杯,北,7,6,逃げ,1-2-4,400,1,1,1,A2,0.6072,1,0.3928
2025-12-14,8,予選,0,2,日刊スポーツ杯＆ニッカン・コム杯,北西,8,7,逃げ,1-6-5,810,3,1,1,A2,0.6114,1,0.3886
2025-12-14,9,予選特賞,0,2,日刊スポーツ杯＆ニッカン・コム杯,北西,7,6,差し,2-1-3,1260,4,2,2,A2,0.5579,0,-0.5579
2025-12-14,10,予選特賞,0,2,日刊スポーツ杯＆ニッカン・コム杯,北,8,7,抜き,1-2-3,630,2,1,1,A1,0.6799,1,0.3201
2025-12-14,11,予選特選,0,2,日刊スポーツ杯＆ニッカン・コム杯,北,6,5,逃げ,1-3-5,970,4,1,1,A1,0.6786,1,0.3214
2025-12-14,12,予選特選,0,2,日刊スポーツ杯＆ニッカン・コム杯,北,7,6,逃げ,1-3-4,900,2,1,1,A1,0.7194,1,0.2806
2025-12-15,1,予選,0,3,日刊スポーツ杯＆ニッカン・コム杯,北西,1,1,まくり,3-1-2,5810,18,3,3,B1,0.3738,0,-0.3738
2025-12-15,2,予選,0,3,日刊スポーツ杯＆ニッカン・コム杯,北西,2,1,差し,2-1-5,1260,4,2,2,B1,0.2875,0,-0.2875
2025-12-15,3,予選,0,3,日刊スポーツ杯＆ニッカン・コム杯,北西,1,1,逃げ,1-3-4,510,1,1,1,A2,0.6085,1,0.3915
2025-12-15,4,予選,0,3,日刊スポーツ杯＆ニッカン・コム杯,北西,1,1,逃げ,1-2-3,1540,5,1,1,B1,0.4273,1,0.5727
2025-12-15,5,予選,0,3,日刊スポーツ杯＆ニッカン・コム杯,北西,1,1,まくり差し,6-1-3,7970,41,6,5,B1,0.4683,0,-0.4683
2025-12-15,6,予選,0,3,日刊スポーツ杯＆ニッカン・コム杯,南,1,1,まくり,4-3-2,5750,22,4,4,B1,0.4853,0,-0.4853
2025-12-15,7,予選,1,3,日刊スポーツ杯＆ニッカン・コム杯,南東,1,1,逃げ,1-2-3,610,2,1,1,A2,0.475,1,0.525
2025-12-15,8,予選,0,3,日刊スポーツ杯＆ニッカン・コム杯,南東,1,1,恵まれ,1-2-3,140,1,1,1,A2,0.6012,1,0.3988
2025-12-15,9,予選特賞,0,3,日刊スポーツ杯＆ニッカン・コム杯,東,1,1,差し,2-1-4,1470,4,2,2,A2,0.4367,0,-0.4367
2025-12-15,10,予選特賞,0,3,日刊スポーツ杯＆ニッカン・コム杯,北東,1,1,逃げ,1-3-4,5320,17,1,1,A1,0.5868,1,0.4132
2025-12-15,11,予選特選,0,3,日刊スポーツ杯＆ニッカン・コム杯,南東,1,1,まくり,3-5-1,18930,47,3,3,A1,0.5743,0,-0.5743
2025-12-15,12,予選特選,0,3,日刊スポーツ杯＆ニッカン・コム杯,南東,1,1,逃げ,1-3-2,1570,7,1,1,A1,0.4717,1,0.5283
2025-12-16,1,予選,0,4,日刊スポーツ杯＆ニッカン・コム杯,南東,1,1,逃げ,1-4-2,1150,5,1,1,B1,0.5019,1,0.4981
2025-12-16,2,予選,0,4,日刊スポーツ杯＆ニッカン・コム杯,東,1,1,まくり,3-1-4,32330,81,3,4,B1,0.3827,0,-0.3827
2025-12-16,3,予選,0,4,日刊スポーツ杯＆ニッカン・コム杯,東,1,1,まくり差し,5-1-4,4070,16,5,5,B1,0.5016,0,-0.5016
2025-12-16,4,予選,0,4,日刊スポーツ杯＆ニッカン・コム杯,南東,1,1,逃げ,1-5-3,3940,12,1,1,A2,0.5415,1,0.4585
2025-12-16,5,予選,0,4,日刊スポーツ杯＆ニッカン・コム杯,南東,1,1,まくり,4-6-2,6730,34,4,4,B1,0.3929,0,-0.3929
2025-12-16,6,予選,0,4,日刊スポーツ杯＆ニッカン・コム杯,南東,1,1,まくり差し,5-1-3,41760,59,5,5,B1,0.3921,0,-0.3921
2025-12-16,7,予選,1,4,日刊スポーツ杯＆ニッカン・コム杯,南東,1,1,逃げ,1-2-4,480,1,1,1,A1,0.7194,1,0.2806
2025-12-16,8,予選,0,4,日刊スポーツ杯＆ニッカン・コム杯,南東,1,1,抜き,3-2-1,3180,11,3,3,A2,0.4437,0,-0.4437
2025-12-16,9,予選特賞,0,4,日刊スポーツ杯＆ニッカン・コム杯,南,1,1,逃げ,1-3-2,3720,12,1,1,A1,0.7154,1,0.2846
2025-12-16,10,予選特選,0,4,日刊スポーツ杯＆ニッカン・コム杯,南東,1,1,逃げ,1-3-4,490,2,1,1,A1,0.6799,1,0.3201
2025-12-16,11,予選特選,0,4,日刊スポーツ杯＆ニッカン・コム杯,南東,1,1,逃げ,1-2-4,570,1,1,1,A1,0.7115,1,0.2885
2025-12-16,12,一般特賞,0,4,日刊スポーツ杯＆ニッカン・コム杯,東,1,1,逃げ,1-2-6,1150,3,1,1,A1,0.561,1,0.439
2025-12-17,1,一般,0,5,日刊スポーツ杯＆ニッカン・コム杯,北西,4,3,まくり,6-2-4,5370,26,6,5,B1,0.4683,0,-0.4683
2025-12-17,2,一般,0,5,日刊スポーツ杯＆ニッカン・コム杯,北西,3,2,まくり,4-5-2,14530,50,4,4,B1,0.5128,0,-0.5128
2025-12-17,3,一般,0,5,日刊スポーツ杯＆ニッカン・コム杯,北西,3,2,差し,4-5-3,32380,62,4,2,A1,0.4864,0,-0.4864
2025-12-17,4,一般,0,5,日刊スポーツ杯＆ニッカン・コム杯,北西,4,3,差し,3-5-6,11340,41,3,3,A2,0.4367,0,-0.4367
2025-12-17,5,一般,0,5,日刊スポーツ杯＆ニッカン・コム杯,北西,4,3,まくり,4-1-6,9580,24,4,4,A1,0.4853,0,-0.4853
2025-12-17,6,一般,0,5,日刊スポーツ杯＆ニッカン・コム杯,北西,3,2,逃げ,1-3-4,1690,5,1,1,B1,0.5599,1,0.4401
2025-12-17,7,一般,1,5,日刊スポーツ杯＆ニッカン・コム杯,北西,2,1,逃げ,1-5-6,18310,31,1,1,A2,0.5452,1,0.4548
2025-12-17,8,準優進出戦,0,5,日刊スポーツ杯＆ニッカン・コム杯,北西,3,2,逃げ,1-5-6,9170,21,1,1,A2,0.6114,1,0.3886
2025-12-17,9,準優進出戦,0,5,日刊スポーツ杯＆ニッカン・コム杯,北西,2,1,逃げ,1-3-4,900,3,1,1,B1,0.6324,1,0.3676
2025-12-17,10,準優進出戦,0,5,日刊スポーツ杯＆ニッカン・コム杯,北,1,1,差し,2-1-4,7940,21,2,2,A1,0.7247,0,-0.7247
2025-12-17,11,準優進出戦,0,5,日刊スポーツ杯＆ニッカン・コム杯,北,1,1,逃げ,1-3-4,2400,9,1,1,A1,0.6799,1,0.3201
2025-12-17,12,一般,0,5,日刊スポーツ杯＆ニッカン・コム杯,北,1,1,まくり,4-2-1,14410,32,4,4,A1,0.6011,0,-0.6011
2025-12-18,1,一般,0,6,日刊スポーツ杯＆ニッカン・コム杯,西,1,1,逃げ,1-4-3,2180,9,1,1,B1,0.5122,1,0.4878
2025-12-18,2,一般,0,6,日刊スポーツ杯＆ニッカン・コム杯,西,1,1,逃げ,1-4-3,6160,22,1,1,B1,0.4273,1,0.5727
2025-12-18,3,一般,0,6,日刊スポーツ杯＆ニッカン・コム杯,南,1,1,まくり,5-6-1,9060,28,5,5,A2,0.4925,0,-0.4925
2025-12-18,4,一般,0,6,日刊スポーツ杯＆ニッカン・コム杯,南,1,1,逃げ,1-6-2,930,2,1,1,A2,0.6072,1,0.3928
2025-12-18,5,一般,0,6,日刊スポーツ杯＆ニッカン・コム杯,,0,1,逃げ,1-4-2,740,2,1,1,A2,0.6085,1,0.3915
2025-12-18,6,一般,0,6,日刊スポーツ杯＆ニッカン・コム杯,南東,1,1,逃げ,1-3-6,800,1,1,1,A2,0.6725,1,0.3275
2025-12-18,7,一般,1,6,日刊スポーツ杯＆ニッカン・コム杯,南東,1,1,逃げ,1-3-2,350,1,1,1,A1,0.7154,1,0.2846
2025-12-18,8,一般,0,6,日刊スポーツ杯＆ニッカン・コム杯,南東,1,1,まくり,3-6-1,11290,41,3,3,A2,0.4437,0,-0.4437
2025-12-18,9,準優勝戦,0,6,日刊スポーツ杯＆ニッカン・コム杯,東,1,1,差し,2-1-3,1840,7,2,2,A2,0.6243,0,-0.6243
2025-12-18,10,準優勝戦,0,6,日刊スポーツ杯＆ニッカン・コム杯,,0,1,逃げ,1-6-5,8670,25,1,1,B1,0.6324,1,0.3676
2025-12-18,11,準優勝戦,0,6,日刊スポーツ杯＆ニッカン・コム杯,南東,1,1,逃げ,1-5-3,3070,11,1,1,A1,0.6799,1,0.3201
2025-12-18,12,一般,0,6,日刊スポーツ杯＆ニッカン・コム杯,南東,1,1,逃げ,1-2-3,1280,4,1,1,A2,0.6012,1,0.3988
2025-12-19,1,一般,0,7,日刊スポーツ杯＆ニッカン・コム杯,南東,2,1,逃げ,1-3-6,3030,9,1,1,B1,0.4122,1,0.5878
2025-12-19,2,一般,0,7,日刊スポーツ杯＆ニッカン・コム杯,東,2,1,抜き,5-4-2,4940,23,5,5,B1,0.4562,0,-0.4562
2025-12-19,3,一般,0,7,日刊スポーツ杯＆ニッカン・コム杯,南東,1,1,まくり,3-6-4,65500,101,3,3,A2,0.5551,0,-0.5551
2025-12-19,4,一般,0,7,日刊スポーツ杯＆ニッカン・コム杯,東,2,1,まくり差し,5-1-4,3240,12,5,5,B1,0.5269,0,-0.5269
2025-12-19,5,一般,0,7,日刊スポーツ杯＆ニッカン・コム杯,南東,2,1,逃げ,1-3-5,13810,34,1,1,B1,0.5014,1,0.4986
2025-12-19,6,一般,0,7,日刊スポーツ杯＆ニッカン・コム杯,南東,2,1,差し,3-4-5,9370,32,3,3,B1,0.3015,0,-0.3015
2025-12-19,7,一般,1,7,日刊スポーツ杯＆ニッカン・コム杯,南,3,2,逃げ,1-5-4,6760,22,1,1,A2,0.4206,1,0.5794
2025-12-19,8,一般,0,7,日刊スポーツ杯＆ニッカン・コム杯,南,3,2,差し,2-1-4,6050,16,2,2,A1,0.6011,0,-0.6011
2025-12-19,9,一般特選,0,7,日刊スポーツ杯＆ニッカン・コム杯,南,2,1,逃げ,1-2-4,1720,6,1,1,A1,0.561,1,0.439
2025-12-19,10,特別選抜戦,0,7,日刊スポーツ杯＆ニッカン・コム杯,,0,1,逃げ,1-5-2,2730,13,1,1,A2,0.7112,1,0.2888
2025-12-19,11,特別選抜戦,0,7,日刊スポーツ杯＆ニッカン・コム杯,南,1,1,逃げ,1-4-2,1080,4,1,1,A1,0.7194,1,0.2806
2025-12-19,12,優勝戦,0,7,日刊スポーツ杯＆ニッカン・コム杯,,0,1,まくり,2-6-1,6240,25,2,4,A1,0.6923,0,-0.6923
2025-12-26,1,シリーズ戦予,0,1,第１４回クイーンズクライマックス／Ｇ３ＱＣシリーズ,北,5,4,まくり,3-2-1,14160,43,3,3,B1,0.6319,0,-0.6319
2025-12-26,2,シリーズ戦予,0,1,第１４回クイーンズクライマックス／Ｇ３ＱＣシリーズ,北,6,5,逃げ,1-3-6,2100,6,1,1,B1,0.6168,1,0.3832
2025-12-26,3,シリーズ戦予,0,1,第１４回クイーンズクライマックス／Ｇ３ＱＣシリーズ,北,6,5,抜き,1-2-4,1330,1,1,1,B1,0.5551,1,0.4449
2025-12-26,4,シリーズ戦予,0,1,第１４回クイーンズクライマックス／Ｇ３ＱＣシリーズ,北西,6,5,逃げ,1-2-5,2790,8,1,1,A2,0.5267,1,0.4733
2025-12-26,5,シリーズ戦予,0,1,第１４回クイーンズクライマックス／Ｇ３ＱＣシリーズ,北,7,6,差し,2-1-6,2130,7,2,2,A2,0.6175,0,-0.6175
2025-12-26,6,シリーズ戦予,0,1,第１４回クイーンズクライマックス／Ｇ３ＱＣシリーズ,北,6,5,まくり,2-3-1,3740,12,2,2,A2,0.5934,0,-0.5934
2025-12-26,7,シリーズ戦予,0,1,第１４回クイーンズクライマックス／Ｇ３ＱＣシリーズ,北,5,4,差し,2-4-3,9390,36,2,2,A2,0.4195,0,-0.4195
2025-12-26,8,シリーズ戦予,0,1,第１４回クイーンズクライマックス／Ｇ３ＱＣシリーズ,北,5,4,まくり,3-2-6,13400,49,3,3,A2,0.5703,0,-0.5703
2025-12-26,9,シリーズ戦予,0,1,第１４回クイーンズクライマックス／Ｇ３ＱＣシリーズ,北,3,2,逃げ,1-2-5,2150,8,1,1,A2,0.5657,1,0.4343
2025-12-26,10,シリーズ戦予,0,1,第１４回クイーンズクライマックス／Ｇ３ＱＣシリーズ,北,4,3,抜き,5-2-4,26980,84,5,5,A1,0.5657,0,-0.5657
2025-12-26,11,シリーズ戦予,0,1,第１４回クイーンズクライマックス／Ｇ３ＱＣシリーズ,北,3,2,逃げ,1-6-4,12340,51,1,1,A1,0.6085,1,0.3915
2025-12-26,12,Ｓ戦ドリーム,0,1,第１４回クイーンズクライマックス／Ｇ３ＱＣシリーズ,東,3,2,恵まれ,6-5-1,201340,115,6,6,A1,0.7326,0,-0.7326
2025-12-27,1,シリーズ戦予,0,2,第１４回クイーンズクライマックス／Ｇ３ＱＣシリーズ,北,3,2,抜き,3-2-4,2540,5,3,3,B1,0.5234,0,-0.5234
2025-12-27,2,シリーズ戦予,0,2,第１４回クイーンズクライマックス／Ｇ３ＱＣシリーズ,北西,3,2,逃げ,1-5-3,4370,12,1,1,A2,0.6179,1,0.3821
2025-12-27,3,シリーズ戦予,0,2,第１４回クイーンズクライマックス／Ｇ３ＱＣシリーズ,北,3,2,まくり差し,4-1-2,5620,20,4,4,B1,0.6195,0,-0.6195
2025-12-27,4,シリーズ戦予,0,2,第１４回クイーンズクライマックス／Ｇ３ＱＣシリーズ,北,3,2,差し,2-1-3,5800,22,2,2,A2,0.5726,0,-0.5726
2025-12-27,5,シリーズ戦予,0,2,第１４回クイーンズクライマックス／Ｇ３ＱＣシリーズ,北,4,3,差し,2-1-5,4330,14,2,2,A2,0.5945,0,-0.5945
2025-12-27,6,シリーズ戦予,0,2,第１４回クイーンズクライマックス／Ｇ３ＱＣシリーズ,北,3,2,まくり差し,4-5-6,19800,72,4,4,B1,0.6846,0,-0.6846
2025-12-27,7,シリーズ戦予,0,2,第１４回クイーンズクライマックス／Ｇ３ＱＣシリーズ,北西,2,1,逃げ,1-3-6,4040,13,1,1,A2,0.5775,1,0.4225
2025-12-27,8,シリーズ戦予,0,2,第１４回クイーンズクライマックス／Ｇ３ＱＣシリーズ,北,2,1,逃げ,1-2-3,1020,3,1,1,A2,0.6263,1,0.3737
2025-12-27,9,シリーズ戦予,0,2,第１４回クイーンズクライマックス／Ｇ３ＱＣシリーズ,東,2,1,差し,3-1-4,31800,64,3,3,A2,0.5893,0,-0.5893
2025-12-27,10,シリーズ戦予,0,2,第１４回クイーンズクライマックス／Ｇ３ＱＣシリーズ,北東,2,1,逃げ,1-4-2,1890,7,1,1,A2,0.6187,1,0.3813
2025-12-27,11,シリーズ戦予,0,2,第１４回クイーンズクライマックス／Ｇ３ＱＣシリーズ,東,1,1,逃げ,1-5-6,3850,15,1,1,A1,0.7172,1,0.2828
2025-12-27,12,シリーズ戦予,0,2,第１４回クイーンズクライマックス／Ｇ３ＱＣシリーズ,南東,1,1,逃げ,1-4-2,2490,11,1,1,A1,0.6033,1,0.3967
2025-12-28,1,シリーズ戦予,0,3,第１４回クイーンズクライマックス／Ｇ３ＱＣシリーズ,南西,2,1,逃げ,1-2-6,6130,21,1,1,B1,0.4937,1,0.5063
2025-12-28,2,シリーズ戦予,0,3,第１４回クイーンズクライマックス／Ｇ３ＱＣシリーズ,西,1,1,逃げ,1-3-6,2020,7,1,1,A2,0.7073,1,0.2927
2025-12-28,3,シリーズ戦予,0,3,第１４回クイーンズクライマックス／Ｇ３ＱＣシリーズ,北西,1,1,抜き,1-2-3,1050,3,1,1,A2,0.5985,1,0.4015
2025-12-28,4,シリーズ戦予,0,3,第１４回クイーンズクライマックス／Ｇ３ＱＣシリーズ,西,1,1,差し,2-1-4,3610,12,2,2,A2,0.4496,0,-0.4496
2025-12-28,5,シリーズ戦予,0,3,第１４回クイーンズクライマックス／Ｇ３ＱＣシリーズ,南西,1,1,差し,2-1-3,3990,13,2,2,B1,0.5906,0,-0.5906
2025-12-28,6,シリーズ戦予,0,3,第１４回クイーンズクライマックス／Ｇ３ＱＣシリーズ,東,1,1,逃げ,1-2-6,2240,10,1,1,A1,0.7204,1,0.2796
2025-12-28,7,シリーズ戦予,0,3,第１４回クイーンズクライマックス／Ｇ３ＱＣシリーズ,東,1,1,逃げ,1-2-4,950,2,1,1,A2,0.6361,1,0.3639
2025-12-28,8,シリーズ戦予,0,3,第１４回クイーンズクライマックス／Ｇ３ＱＣシリーズ,南東,1,1,差し,2-3-4,9410,41,2,2,A2,0.5427,0,-0.5427
2025-12-28,9,シリーズ戦予,0,3,第１４回クイーンズクライマックス／Ｇ３ＱＣシリーズ,東,1,1,逃げ,1-2-5,1570,6,1,1,A1,0.6072,1,0.3928
2025-12-28,10,シリーズ戦予,0,3,第１４回クイーンズクライマックス／Ｇ３ＱＣシリーズ,南東,2,1,まくり差し,3-1-4,2690,12,3,3,A2,0.5959,0,-0.5959
2025-12-28,11,トライアル,0,3,第１４回クイーンズクライマックス／Ｇ３ＱＣシリーズ,南東,2,1,逃げ,1-3-6,1770,9,1,1,A1,0.6677,1,0.3323
2025-12-28,12,トライアル,0,3,第１４回クイーンズクライマックス／Ｇ３ＱＣシリーズ,南東,1,1,逃げ,1-3-2,870,4,1,1,A1,0.6637,1,0.3363
2025-12-29,1,シリーズ戦予,0,4,第１４回クイーンズクライマックス／Ｇ３ＱＣシリーズ,南西,3,2,逃げ,1-5-6,9790,41,1,1,B1,0.4496,1,0.5504
2025-12-29,2,シリーズ戦予,0,4,第１４回クイーンズクライマックス／Ｇ３ＱＣシリーズ,南西,3,2,逃げ,1-2-3,1600,7,1,1,A2,0.6893,1,0.3107
2025-12-29,3,シリーズ戦予,0,4,第１４回クイーンズクライマックス／Ｇ３ＱＣシリーズ,南西,2,1,差し,2-1-4,1590,5,2,2,B1,0.6577,0,-0.6577
2025-12-29,4,シリーズ戦予,0,4,第１４回クイーンズクライマックス／Ｇ３ＱＣシリーズ,南,2,1,差し,4-1-3,18180,59,4,4,A2,0.5422,0,-0.5422
2025-12-29,5,シリーズ戦予,0,4,第１４回クイーンズクライマックス／Ｇ３ＱＣシリーズ,南西,2,1,逃げ,1-3-4,1930,6,1,1,A2,0.6047,1,0.3953
2025-12-29,6,シリーズ戦予,0,4,第１４回クイーンズクライマックス／Ｇ３ＱＣシリーズ,南西,1,1,逃げ,1-3-4,1570,6,1,1,A2,0.7172,1,0.2828
2025-12-29,7,シリーズ戦予,0,4,第１４回クイーンズクライマックス／Ｇ３ＱＣシリーズ,南東,1,1,逃げ,1-3-5,790,1,1,1,A2,0.5576,1,0.4424
2025-12-29,8,シリーズ戦予,0,4,第１４回クイーンズクライマックス／Ｇ３ＱＣシリーズ,南東,1,1,逃げ,1-3-5,2340,8,1,1,A2,0.4484,1,0.5516
2025-12-29,9,シリーズ戦予,0,4,第１４回クイーンズクライマックス／Ｇ３ＱＣシリーズ,北西,1,1,逃げ,1-5-4,4140,14,1,1,A1,0.6033,1,0.3967
2025-12-29,10,シリーズ戦予,0,4,第１４回クイーンズクライマックス／Ｇ３ＱＣシリーズ,南,1,1,逃げ,1-4-3,2470,8,1,1,A1,0.7172,1,0.2828
2025-12-29,11,トライアル,0,4,第１４回クイーンズクライマックス／Ｇ３ＱＣシリーズ,北東,1,1,逃げ,1-2-4,670,1,1,1,A1,0.7599,1,0.2401
2025-12-29,12,トライアル,0,4,第１４回クイーンズクライマックス／Ｇ３ＱＣシリーズ,北西,1,1,差し,2-1-6,16660,36,2,2,A1,0.7115,0,-0.7115
2025-12-30,1,Ｓ戦一般戦,0,5,第１４回クイーンズクライマックス／Ｇ３ＱＣシリーズ,北西,2,1,まくり,3-5-1,6530,22,3,3,B1,0.5686,0,-0.5686
2025-12-30,2,Ｓ戦一般戦,0,5,第１４回クイーンズクライマックス／Ｇ３ＱＣシリーズ,北西,2,1,逃げ,1-2-4,1330,5,1,1,B1,0.6233,1,0.3767
2025-12-30,3,Ｓ戦一般戦,0,5,第１４回クイーンズクライマックス／Ｇ３ＱＣシリーズ,北,3,2,逃げ,1-3-2,1070,3,1,1,B1,0.6014,1,0.3986
2025-12-30,4,Ｓ戦一般戦,0,5,第１４回クイーンズクライマックス／Ｇ３ＱＣシリーズ,北,3,2,逃げ,1-2-5,3330,13,1,1,B1,0.6679,1,0.3321
2025-12-30,5,Ｓ戦一般戦,0,5,第１４回クイーンズクライマックス／Ｇ３ＱＣシリーズ,北,3,2,逃げ,1-6-4,7410,21,1,1,A2,0.5746,1,0.4254
2025-12-30,6,Ｓ戦一般戦,0,5,第１４回クイーンズクライマックス／Ｇ３ＱＣシリーズ,北,4,3,抜き,3-1-2,7330,25,3,3,A2,0.5436,0,-0.5436
2025-12-30,7,Ｓ戦一般戦,0,5,第１４回クイーンズクライマックス／Ｇ３ＱＣシリーズ,北,5,4,逃げ,1-2-3,1730,5,1,1,A2,0.6361,1,0.3639
2025-12-30,8,Ｓ戦準優勝戦,0,5,第１４回クイーンズクライマックス／Ｇ３ＱＣシリーズ,北,4,3,逃げ,1-3-5,1290,4,1,1,A2,0.6047,1,0.3953
2025-12-30,9,Ｓ戦準優勝戦,0,5,第１４回クイーンズクライマックス／Ｇ３ＱＣシリーズ,北,3,2,逃げ,1-2-3,630,1,1,1,A1,0.7204,1,0.2796
2025-12-30,10,Ｓ戦準優勝戦,0,5,第１４回クイーンズクライマックス／Ｇ３ＱＣシリーズ,北,2,1,逃げ,1-2-3,810,1,1,1,A2,0.5985,1,0.4015
2025-12-30,11,トライアル,0,5,第１４回クイーンズクライマックス／Ｇ３ＱＣシリーズ,北東,1,1,逃げ,1-6-3,7770,22,1,1,A1,0.6967,1,0.3033
2025-12-30,12,トライアル,0,5,第１４回クイーンズクライマックス／Ｇ３ＱＣシリーズ,北東,1,1,逃げ,1-6-5,12310,44,1,1,A1,0.6442,1,0.3558
2025-12-31,1,Ｓ戦一般戦,0,6,第１４回クイーンズクライマックス／Ｇ３ＱＣシリーズ,北,4,3,逃げ,1-3-2,950,3,1,1,A2,0.6893,1,0.3107
2025-12-31,2,Ｓ戦一般戦,0,6,第１４回クイーンズクライマックス／Ｇ３ＱＣシリーズ,北,3,2,逃げ,1-2-5,1220,2,1,1,B1,0.6165,1,0.3835
2025-12-31,3,Ｓ戦一般戦,0,6,第１４回クイーンズクライマックス／Ｇ３ＱＣシリーズ,北,2,1,逃げ,1-2-5,750,1,1,1,A1,0.6033,1,0.3967
2025-12-31,4,Ｓ戦一般戦,0,6,第１４回クイーンズクライマックス／Ｇ３ＱＣシリーズ,北,4,3,抜き,1-2-3,610,1,1,1,A2,0.5258,1,0.4742
2025-12-31,5,Ｓ戦一般戦,0,6,第１４回クイーンズクライマックス／Ｇ３ＱＣシリーズ,北,3,2,逃げ,1-3-4,450,3,1,1,A2,0.553,1,0.447
2025-12-31,6,Ｓ戦一般戦,0,6,第１４回クイーンズクライマックス／Ｇ３ＱＣシリーズ,北,5,4,逃げ,1-3-6,2100,8,1,1,A2,0.7172,1,0.2828
2025-12-31,7,Ｓ戦一般戦,0,6,第１４回クイーンズクライマックス／Ｇ３ＱＣシリーズ,北,5,4,逃げ,1-3-6,4170,16,1,1,A2,0.5775,1,0.4225
2025-12-31,8,Ｓ戦特別選抜,0,6,第１４回クイーンズクライマックス／Ｇ３ＱＣシリーズ,北,6,5,逃げ,1-2-4,1300,4,1,1,A2,0.6187,1,0.3813
2025-12-31,9,Ｓ戦特別選抜,0,6,第１４回クイーンズクライマックス／Ｇ３ＱＣシリーズ,北,4,3,逃げ,1-4-2,3600,11,1,1,B1,0.4937,1,0.5063
2025-12-31,10,順位決定戦,0,6,第１４回クイーンズクライマックス／Ｇ３ＱＣシリーズ,北,3,2,逃げ,1-5-3,3500,13,1,1,A1,0.6442,1,0.3558
2025-12-31,11,Ｓ戦優勝戦,0,6,第１４回クイーンズクライマックス／Ｇ３ＱＣシリーズ,北,3,2,逃げ,1-4-5,1970,7,1,1,A2,0.5985,1,0.4015
2025-12-31,12,賞金女王決定,0,6,第１４回クイーンズクライマックス／Ｇ３ＱＣシリーズ,北,2,1,逃げ,1-5-3,5150,20,1,1,A1,0.6967,1,0.3033
2026-01-03,1,予選,0,1,ミッドナイトボートレースｉｎ大村１０新春感謝競走,北西,4,3,逃げ,1-3-5,2170,8,1,1,B1,0.6057,1,0.3943
2026-01-03,2,予選,0,1,ミッドナイトボートレースｉｎ大村１０新春感謝競走,北,5,4,逃げ,1-3-2,820,1,1,1,B1,0.4574,1,0.5426
2026-01-03,3,予選,0,1,ミッドナイトボートレースｉｎ大村１０新春感謝競走,北,4,3,抜き,1-3-4,1000,4,1,1,A2,0.652,1,0.348
2026-01-03,4,予選,0,1,ミッドナイトボートレースｉｎ大村１０新春感謝競走,北,3,2,逃げ,1-2-3,3120,10,1,1,A2,0.6012,1,0.3988
2026-01-03,5,予選,0,1,ミッドナイトボートレースｉｎ大村１０新春感謝競走,北,3,2,逃げ,1-3-6,7080,19,1,1,A2,0.5346,1,0.4654
2026-01-03,6,予選,0,1,ミッドナイトボートレースｉｎ大村１０新春感謝競走,北,3,2,逃げ,1-5-3,3690,13,1,1,B1,0.4408,1,0.5592
2026-01-03,7,予選,1,1,ミッドナイトボートレースｉｎ大村１０新春感謝競走,北,3,2,逃げ,1-3-4,700,1,1,1,A2,0.6509,1,0.3491
2026-01-03,8,予選,0,1,ミッドナイトボートレースｉｎ大村１０新春感謝競走,北東,1,1,逃げ,1-3-5,1160,4,1,1,B1,0.6266,1,0.3734
2026-01-03,9,予選,0,1,ミッドナイトボートレースｉｎ大村１０新春感謝競走,北東,1,1,抜き,4-1-2,15830,42,4,4,B1,0.5815,0,-0.5815
2026-01-03,10,予選特選,0,1,ミッドナイトボートレースｉｎ大村１０新春感謝競走,南東,1,1,逃げ,1-2-6,2810,10,1,1,A1,0.6627,1,0.3373
2026-01-03,11,予選特選,0,1,ミッドナイトボートレースｉｎ大村１０新春感謝競走,南東,1,1,逃げ,1-3-6,810,1,1,1,A1,0.633,1,0.367
2026-01-03,12,予選,0,1,ミッドナイトボートレースｉｎ大村１０新春感謝競走,南東,1,1,逃げ,1-6-2,12930,42,1,1,B1,0.4335,1,0.5665
2026-01-04,1,予選,0,2,ミッドナイトボートレースｉｎ大村１０新春感謝競走,北西,1,1,逃げ,1-6-2,3800,12,1,1,A2,0.6565,1,0.3435
2026-01-04,2,予選,0,2,ミッドナイトボートレースｉｎ大村１０新春感謝競走,北西,1,1,逃げ,1-3-2,730,2,1,1,A2,0.5901,1,0.4099
2026-01-04,3,予選,0,2,ミッドナイトボートレースｉｎ大村１０新春感謝競走,北東,2,1,まくり,2-5-4,2550,4,2,2,B2,0.4871,0,-0.4871
2026-01-04,4,予選,0,2,ミッドナイトボートレースｉｎ大村１０新春感謝競走,南東,1,1,差し,2-3-1,9320,36,2,2,B1,0.478,0,-0.478
2026-01-04,5,予選,0,2,ミッドナイトボートレースｉｎ大村１０新春感謝競走,東,1,1,まくり,4-5-3,10130,39,4,4,B1,0.5117,0,-0.5117
2026-01-04,6,予選,0,2,ミッドナイトボートレースｉｎ大村１０新春感謝競走,東,1,1,差し,4-2-1,2270,5,4,4,B1,0.4303,0,-0.4303
2026-01-04,7,予選,1,2,ミッドナイトボートレースｉｎ大村１０新春感謝競走,南東,1,1,逃げ,1-3-4,580,1,1,1,A2,0.5173,1,0.4827
2026-01-04,8,予選,0,2,ミッドナイトボートレースｉｎ大村１０新春感謝競走,南東,1,1,逃げ,1-2-4,1720,6,1,1,B1,0.4542,1,0.5458
2026-01-04,9,予選,0,2,ミッドナイトボートレースｉｎ大村１０新春感謝競走,南東,1,1,逃げ,1-2-5,430,1,1,1,A2,0.6116,1,0.3884
2026-01-04,10,予選特選,0,2,ミッドナイトボートレースｉｎ大村１０新春感謝競走,南東,1,1,まくり,6-5-3,77390,64,6,6,A1,0.6242,0,-0.6242
2026-01-04,11,予選特選,0,2,ミッドナイトボートレースｉｎ大村１０新春感謝競走,南東,1,1,抜き,1-3-4,1020,5,1,1,A1,0.7371,1,0.2629
2026-01-04,12,予選,0,2,ミッドナイトボートレースｉｎ大村１０新春感謝競走,南東,1,1,逃げ,1-6-2,2170,7,1,1,B1,0.4683,1,0.5317
2026-01-05,1,予選,0,3,ミッドナイトボートレースｉｎ大村１０新春感謝競走,北,2,1,逃げ,1-2-3,1540,3,1,1,B1,0.5546,1,0.4454
2026-01-05,2,予選,0,3,ミッドナイトボートレースｉｎ大村１０新春感謝競走,北,2,1,まくり差し,4-1-2,8550,32,4,4,B1,0.5117,0,-0.5117
2026-01-05,3,予選,0,3,ミッドナイトボートレースｉｎ大村１０新春感謝競走,北東,2,1,抜き,3-1-2,11760,37,3,3,A2,0.4589,0,-0.4589
2026-01-05,4,予選,0,3,ミッドナイトボートレースｉｎ大村１０新春感謝競走,北東,1,1,逃げ,1-6-3,4520,15,1,1,B1,0.4669,1,0.5331
2026-01-05,5,予選,0,3,ミッドナイトボートレースｉｎ大村１０新春感謝競走,北東,1,1,逃げ,1-2-3,1740,5,1,1,B1,0.5134,1,0.4866
2026-01-05,6,予選,0,3,ミッドナイトボートレースｉｎ大村１０新春感謝競走,北東,1,1,逃げ,1-5-4,4190,13,1,1,A2,0.592,1,0.408
2026-01-05,7,予選,1,3,ミッドナイトボートレースｉｎ大村１０新春感謝競走,北東,1,1,逃げ,1-3-4,1110,4,1,1,A2,0.6187,1,0.3813
2026-01-05,8,予選,0,3,ミッドナイトボートレースｉｎ大村１０新春感謝競走,北東,1,1,逃げ,1-3-6,1590,2,1,1,B1,0.4021,1,0.5979
2026-01-05,9,予選,0,3,ミッドナイトボートレースｉｎ大村１０新春感謝競走,北東,1,1,まくり差し,3-1-2,7100,24,3,3,A2,0.5512,0,-0.5512
2026-01-05,10,予選特選,0,3,ミッドナイトボートレースｉｎ大村１０新春感謝競走,,0,1,まくり差し,6-2-1,5230,20,6,5,A1,0.6445,0,-0.6445
2026-01-05,11,予選特選,0,3,ミッドナイトボートレースｉｎ大村１０新春感謝競走,,0,1,逃げ,1-2-3,580,1,1,1,A1,0.6078,1,0.3922
2026-01-05,12,予選,0,3,ミッドナイトボートレースｉｎ大村１０新春感謝競走,,0,1,まくり,5-1-2,12920,81,5,5,B1,0.3712,0,-0.3712
2026-01-06,1,予選,0,4,ミッドナイトボートレースｉｎ大村１０新春感謝競走,北,2,1,まくり差し,3-4-1,15900,50,3,3,B1,0.3967,0,-0.3967
2026-01-06,2,予選,0,4,ミッドナイトボートレースｉｎ大村１０新春感謝競走,北東,2,1,まくり差し,4-1-6,11520,35,4,4,B1,0.4896,0,-0.4896
2026-01-06,3,予選,0,4,ミッドナイトボートレースｉｎ大村１０新春感謝競走,北東,1,1,差し,2-1-5,970,2,2,2,B1,0.3653,0,-0.3653
2026-01-06,4,予選,0,4,ミッドナイトボートレースｉｎ大村１０新春感謝競走,南東,1,1,逃げ,1-4-3,820,1,1,1,B1,0.4122,1,0.5878
2026-01-06,5,予選,0,4,ミッドナイトボートレースｉｎ大村１０新春感謝競走,南東,1,1,逃げ,1-4-2,3690,14,1,1,B1,0.5699,1,0.4301
2026-01-06,6,予選,0,4,ミッドナイトボートレースｉｎ大村１０新春感謝競走,,0,1,まくり差し,3-2-1,4020,16,3,3,B1,0.5117,0,-0.5117
2026-01-06,7,予選,1,4,ミッドナイトボートレースｉｎ大村１０新春感謝競走,東,1,1,逃げ,1-3-4,480,1,1,1,A2,0.5599,1,0.4401
2026-01-06,8,予選,0,4,ミッドナイトボートレースｉｎ大村１０新春感謝競走,,0,1,抜き,2-3-5,4290,15,2,2,A2,0.5422,0,-0.5422
2026-01-06,9,予選,0,4,ミッドナイトボートレースｉｎ大村１０新春感謝競走,南東,1,1,逃げ,1-4-2,2620,11,1,1,A2,0.5346,1,0.4654
2026-01-06,10,予選特選,0,4,ミッドナイトボートレースｉｎ大村１０新春感謝競走,南東,1,1,逃げ,1-2-6,2960,9,1,1,A1,0.7371,1,0.2629
2026-01-06,11,予選特選,0,4,ミッドナイトボートレースｉｎ大村１０新春感謝競走,南東,1,1,逃げ,1-2-6,290,1,1,1,A1,0.6627,1,0.3373
2026-01-06,12,一般,0,4,ミッドナイトボートレースｉｎ大村１０新春感謝競走,南東,1,1,逃げ,1-3-5,680,1,1,1,A2,0.6187,1,0.3813
2026-01-07,1,一般,0,5,ミッドナイトボートレースｉｎ大村１０新春感謝競走,北西,4,3,逃げ,1-2-4,5010,18,1,1,B1,0.6266,1,0.3734
2026-01-07,2,一般,0,5,ミッドナイトボートレースｉｎ大村１０新春感謝競走,北西,3,2,逃げ,1-6-2,5150,19,1,1,B1,0.6057,1,0.3943
2026-01-07,3,一般,0,5,ミッドナイトボートレースｉｎ大村１０新春感謝競走,北西,4,3,逃げ,1-5-6,3610,13,1,1,B1,0.3426,1,0.6574
2026-01-07,4,一般,0,5,ミッドナイトボートレースｉｎ大村１０新春感謝競走,北西,6,5,まくり,4-5-1,5870,19,4,4,A2,0.6679,0,-0.6679
2026-01-07,5,一般,0,5,ミッドナイトボートレースｉｎ大村１０新春感謝競走,北西,6,5,抜き,3-2-6,23030,53,3,3,A2,0.6038,0,-0.6038
2026-01-07,6,一般,0,5,ミッドナイトボートレースｉｎ大村１０新春感謝競走,北西,5,4,逃げ,1-6-3,1520,6,1,1,A1,0.633,1,0.367
2026-01-07,7,一般,1,5,ミッドナイトボートレースｉｎ大村１０新春感謝競走,北西,4,3,逃げ,1-4-3,1130,5,1,1,A2,0.5346,1,0.4654
2026-01-07,8,一般,0,5,ミッドナイトボートレースｉｎ大村１０新春感謝競走,北西,4,3,逃げ,1-2-4,5260,21,1,1,A2,0.5258,1,0.4742
2026-01-07,9,準優勝戦,0,5,ミッドナイトボートレースｉｎ大村１０新春感謝競走,北西,6,5,逃げ,1-2-6,3620,11,1,1,A2,0.5599,1,0.4401
2026-01-07,10,準優勝戦,0,5,ミッドナイトボートレースｉｎ大村１０新春感謝競走,北西,6,5,逃げ,1-3-5,420,2,1,1,A1,0.7371,1,0.2629
2026-01-07,11,準優勝戦,0,5,ミッドナイトボートレースｉｎ大村１０新春感謝競走,北西,5,4,逃げ,1-2-3,520,1,1,1,A1,0.6627,1,0.3373
2026-01-07,12,一般,0,5,ミッドナイトボートレースｉｎ大村１０新春感謝競走,北西,5,4,まくり,4-6-1,5330,20,4,4,A2,0.5512,0,-0.5512
2026-01-08,1,一般,0,6,ミッドナイトボートレースｉｎ大村１０新春感謝競走,北,4,3,まくり,3-2-6,64220,82,3,3,B1,0.475,0,-0.475
2026-01-08,2,一般,0,6,ミッドナイトボートレースｉｎ大村１０新春感謝競走,北,3,2,まくり,2-4-3,10760,37,2,2,A2,0.4589,0,-0.4589
2026-01-08,3,一般,0,6,ミッドナイトボートレースｉｎ大村１０新春感謝競走,北東,3,2,逃げ,1-4-6,2990,12,1,1,A2,0.6509,1,0.3491
2026-01-08,4,一般,0,6,ミッドナイトボートレースｉｎ大村１０新春感謝競走,北東,3,2,逃げ,1-2-4,620,1,1,1,B1,0.5699,1,0.4301
2026-01-08,5,一般,0,6,ミッドナイトボートレースｉｎ大村１０新春感謝競走,北東,2,1,逃げ,1-3-2,1440,6,1,1,A2,0.6116,1,0.3884
2026-01-08,6,一般,0,6,ミッドナイトボートレースｉｎ大村１０新春感謝競走,北東,2,1,逃げ,1-2-4,1630,6,1,1,A2,0.5346,1,0.4654
2026-01-08,7,一般,1,6,ミッドナイトボートレースｉｎ大村１０新春感謝競走,南東,1,1,逃げ,1-2-4,580,1,1,1,A2,0.6012,1,0.3988
2026-01-08,8,一般,0,6,ミッドナイトボートレースｉｎ大村１０新春感謝競走,南東,1,1,逃げ,1-2-3,610,2,1,1,A2,0.592,1,0.408
2026-01-08,9,一般,0,6,ミッドナイトボートレースｉｎ大村１０新春感謝競走,,0,1,逃げ,1-6-3,4340,21,1,1,B1,0.4913,1,0.5087
2026-01-08,10,特別選抜戦Ｂ,0,6,ミッドナイトボートレースｉｎ大村１０新春感謝競走,東,1,1,差し,2-1-6,10230,39,2,2,B1,0.5117,0,-0.5117
2026-01-08,11,優勝戦,0,6,ミッドナイトボートレースｉｎ大村１０新春感謝競走,南東,1,1,逃げ,1-4-6,2320,12,1,1,A1,0.6627,1,0.3373
2026-01-08,12,特別選抜戦Ａ,0,6,ミッドナイトボートレースｉｎ大村１０新春感謝競走,南東,1,1,逃げ,1-3-5,2090,9,1,1,A2,0.6565,1,0.3435
2026-01-15,1,予選,0,1,ＭＮボートレースｉｎ大村１１,南西,2,1,抜き,4-5-3,3070,12,4,4,B1,0.3893,0,-0.3893
2026-01-15,2,予選,0,1,ＭＮボートレースｉｎ大村１１,南西,4,3,まくり差し,6-1-5,14340,59,6,6,B1,0.4097,0,-0.4097
2026-01-15,3,予選,0,1,ＭＮボートレースｉｎ大村１１,南西,4,3,差し,2-1-6,1580,4,2,2,B1,0.4303,0,-0.4303
2026-01-15,4,予選,0,1,ＭＮボートレースｉｎ大村１１,南西,1,1,逃げ,1-4-6,8040,26,1,1,B1,0.5017,1,0.4983
2026-01-15,5,予選,0,1,ＭＮボートレースｉｎ大村１１,北東,1,1,まくり差し,3-1-5,1790,7,3,3,B1,0.4436,0,-0.4436
2026-01-15,6,予選,0,1,ＭＮボートレースｉｎ大村１１,南東,1,1,まくり,5-2-4,14450,37,5,4,B1,0.3352,0,-0.3352
2026-01-15,7,予選,1,1,ＭＮボートレースｉｎ大村１１,北,2,1,逃げ,1-3-2,510,2,1,1,A2,0.4805,1,0.5195
2026-01-15,8,予選,0,1,ＭＮボートレースｉｎ大村１１,,0,1,まくり,4-3-6,3990,18,4,4,A2,0.5981,0,-0.5981
2026-01-15,9,予選特賞,0,1,ＭＮボートレースｉｎ大村１１,南東,1,1,逃げ,1-3-5,700,1,1,1,A1,0.5769,1,0.4231
2026-01-15,10,予選特選,0,1,ＭＮボートレースｉｎ大村１１,南西,1,1,逃げ,1-2-5,1490,5,1,1,A1,0.6877,1,0.3123
2026-01-15,11,発祥地選抜,0,1,ＭＮボートレースｉｎ大村１１,南東,1,1,逃げ,1-2-4,750,1,1,1,A1,0.739,1,0.261
2026-01-15,12,予選特賞,0,1,ＭＮボートレースｉｎ大村１１,北西,1,1,逃げ,1-4-3,3170,13,1,1,B1,0.3273,1,0.6727
2026-01-16,1,予選,0,2,ＭＮボートレースｉｎ大村１１,南西,1,1,恵まれ,5-2-4,12260,39,5,5,B1,0.4635,0,-0.4635
2026-01-16,2,予選,0,2,ＭＮボートレースｉｎ大村１１,南西,1,1,逃げ,1-3-2,1760,7,1,1,B1,0.4615,1,0.5385
2026-01-16,3,予選,0,2,ＭＮボートレースｉｎ大村１１,北西,1,1,差し,2-3-4,35170,61,2,2,B1,0.4652,0,-0.4652
2026-01-16,4,予選,0,2,ＭＮボートレースｉｎ大村１１,北,1,1,逃げ,1-2-5,2140,6,1,1,B1,0.4182,1,0.5818
2026-01-16,5,予選,0,2,ＭＮボートレースｉｎ大村１１,南西,1,1,逃げ,1-2-4,4310,15,1,1,B1,0.5014,1,0.4986
2026-01-16,6,予選,0,2,ＭＮボートレースｉｎ大村１１,東,1,1,逃げ,1-3-2,750,2,1,1,A2,0.5725,1,0.4275
2026-01-16,7,予選,1,2,ＭＮボートレースｉｎ大村１１,南東,1,1,逃げ,1-3-2,1080,5,1,1,A2,0.4496,1,0.5504
2026-01-16,8,予選,0,2,ＭＮボートレースｉｎ大村１１,北東,1,1,まくり差し,3-1-2,10030,27,3,3,A2,0.592,0,-0.592
2026-01-16,9,予選特賞,0,2,ＭＮボートレースｉｎ大村１１,南東,1,1,逃げ,1-3-5,980,3,1,1,A1,0.751,1,0.249
2026-01-16,10,予選特選,0,2,ＭＮボートレースｉｎ大村１１,,0,1,逃げ,1-3-6,1310,6,1,1,A1,0.7296,1,0.2704
2026-01-16,11,予選特選,0,2,ＭＮボートレースｉｎ大村１１,南東,1,1,まくり,3-1-2,5550,16,3,3,A1,0.6943,0,-0.6943
2026-01-16,12,予選特賞,0,2,ＭＮボートレースｉｎ大村１１,北東,1,1,逃げ,1-3-5,2690,13,1,1,B1,0.6807,1,0.3193
2026-01-17,1,予選,0,3,ＭＮボートレースｉｎ大村１１,北西,1,1,まくり差し,3-1-4,1880,6,3,3,B1,0.4378,0,-0.4378
2026-01-17,2,予選,0,3,ＭＮボートレースｉｎ大村１１,北西,1,1,逃げ,1-4-3,8180,34,1,1,B1,0.4853,1,0.5147
2026-01-17,3,予選,0,3,ＭＮボートレースｉｎ大村１１,南西,1,1,逃げ,1-5-4,1640,6,1,1,B1,0.5976,1,0.4024
2026-01-17,4,予選,0,3,ＭＮボートレースｉｎ大村１１,南東,1,1,逃げ,1-3-2,3050,11,1,1,B1,0.5637,1,0.4363
2026-01-17,5,予選,0,3,ＭＮボートレースｉｎ大村１１,東,1,1,逃げ,1-3-2,430,1,1,1,A2,0.6725,1,0.3275
2026-01-17,6,予選,0,3,ＭＮボートレースｉｎ大村１１,南東,1,1,差し,2-3-4,620,1,2,2,B2,0.5648,0,-0.5648
2026-01-17,7,予選,1,3,ＭＮボートレースｉｎ大村１１,東,1,1,逃げ,1-3-2,460,2,1,1,A2,0.6335,1,0.3665
2026-01-17,8,予選,0,3,ＭＮボートレースｉｎ大村１１,北東,1,1,差し,2-4-1,11770,32,2,2,A1,0.6296,0,-0.6296
2026-01-17,9,予選特賞,0,3,ＭＮボートレースｉｎ大村１１,北東,1,1,逃げ,1-2-4,390,1,1,1,A2,0.6678,1,0.3322
2026-01-17,10,予選特選,0,3,ＭＮボートレースｉｎ大村１１,南東,1,1,逃げ,1-3-4,1310,6,1,1,A1,0.6676,1,0.3324
2026-01-17,11,予選特選,0,3,ＭＮボートレースｉｎ大村１１,南東,1,1,逃げ,1-2-3,500,1,1,1,A1,0.7747,1,0.2253
2026-01-17,12,予選特賞,0,3,ＭＮボートレースｉｎ大村１１,北東,1,1,逃げ,1-4-5,1250,4,1,1,B1,0.5591,1,0.4409
2026-01-18,1,予選,0,4,ＭＮボートレースｉｎ大村１１,南西,1,1,まくり差し,5-1-4,3000,8,5,5,B1,0.5849,0,-0.5849
2026-01-18,2,予選,0,4,ＭＮボートレースｉｎ大村１１,北,1,1,まくり,2-4-6,1600,3,2,2,B1,0.4025,0,-0.4025
2026-01-18,3,予選,0,4,ＭＮボートレースｉｎ大村１１,南西,1,1,恵まれ,2-3-5,1980,7,2,2,B1,0.5299,0,-0.5299
2026-01-18,4,予選,0,4,ＭＮボートレースｉｎ大村１１,南西,1,1,まくり差し,3-1-6,660,1,3,3,A2,0.5346,0,-0.5346
2026-01-18,5,予選,0,4,ＭＮボートレースｉｎ大村１１,南東,1,1,まくり差し,6-1-3,6850,26,6,6,B1,0.3967,0,-0.3967
2026-01-18,6,予選,0,4,ＭＮボートレースｉｎ大村１１,南東,1,1,逃げ,1-4-2,1500,5,1,1,B1,0.3893,1,0.6107
2026-01-18,7,予選,1,4,ＭＮボートレースｉｎ大村１１,南西,1,1,まくり差し,3-1-2,1410,5,3,3,A2,0.5926,0,-0.5926
2026-01-18,8,予選,0,4,ＭＮボートレースｉｎ大村１１,南西,1,1,逃げ,1-3-4,2280,9,1,1,A2,0.622,1,0.378
2026-01-18,9,予選特賞,0,4,ＭＮボートレースｉｎ大村１１,東,1,1,まくり,4-5-3,4620,20,4,4,B1,0.463,0,-0.463
2026-01-18,10,予選特選,0,4,ＭＮボートレースｉｎ大村１１,南東,1,1,逃げ,1-3-2,1990,8,1,1,A1,0.739,1,0.261
2026-01-18,11,予選特選,0,4,ＭＮボートレースｉｎ大村１１,南東,1,1,逃げ,1-2-5,1140,5,1,1,A1,0.6676,1,0.3324
2026-01-18,12,一般特賞,0,4,ＭＮボートレースｉｎ大村１１,南西,1,1,逃げ,1-2-3,690,3,1,1,A1,0.7296,1,0.2704
2026-01-19,1,一般,0,5,ＭＮボートレースｉｎ大村１１,北西,3,2,まくり差し,5-1-2,7410,20,5,5,B1,0.6168,0,-0.6168
2026-01-19,2,一般,0,5,ＭＮボートレースｉｎ大村１１,北西,4,3,逃げ,1-2-3,4560,16,1,1,B1,0.5637,1,0.4363
2026-01-19,3,一般,0,5,ＭＮボートレースｉｎ大村１１,北西,4,3,逃げ,1-6-3,1210,5,1,1,A2,0.6678,1,0.3322
2026-01-19,4,一般,0,5,ＭＮボートレースｉｎ大村１１,北西,5,4,逃げ,1-2-5,780,3,1,1,A1,0.739,1,0.261
2026-01-19,5,一般,0,5,ＭＮボートレースｉｎ大村１１,北西,3,2,逃げ,1-2-4,4700,14,1,1,A2,0.5769,1,0.4231
2026-01-19,6,一般,0,5,ＭＮボートレースｉｎ大村１１,北西,3,2,逃げ,1-2-5,1050,3,1,1,A2,0.4805,1,0.5195
2026-01-19,7,一般,1,5,ＭＮボートレースｉｎ大村１１,北西,3,2,逃げ,1-3-4,590,3,1,1,A1,0.681,1,0.319
2026-01-19,8,一般,0,5,ＭＮボートレースｉｎ大村１１,北西,3,2,逃げ,1-3-2,460,2,1,1,A1,0.751,1,0.249
2026-01-19,9,準優勝戦,0,5,ＭＮボートレースｉｎ大村１１,北西,3,2,逃げ,1-2-5,1010,4,1,1,A1,0.7296,1,0.2704
2026-01-19,10,準優勝戦,0,5,ＭＮボートレースｉｎ大村１１,北西,3,2,逃げ,1-3-4,970,4,1,1,A1,0.7747,1,0.2253
2026-01-19,11,準優勝戦,0,5,ＭＮボートレースｉｎ大村１１,北西,3,2,逃げ,1-4-2,660,2,1,1,A1,0.6676,1,0.3324
2026-01-19,12,一般,0,5,ＭＮボートレースｉｎ大村１１,北西,3,2,逃げ,1-2-4,740,1,1,1,B1,0.6807,1,0.3193
2026-01-20,1,一般,0,6,ＭＮボートレースｉｎ大村１１,北,3,2,逃げ,1-3-2,660,3,1,1,A2,0.6335,1,0.3665
2026-01-20,2,一般,0,6,ＭＮボートレースｉｎ大村１１,北,4,3,逃げ,1-3-2,530,2,1,1,A2,0.622,1,0.378
2026-01-20,3,一般,0,6,ＭＮボートレースｉｎ大村１１,北,4,3,逃げ,1-3-5,1300,2,1,1,B1,0.3893,1,0.6107
2026-01-20,4,一般,0,6,ＭＮボートレースｉｎ大村１１,北,3,2,逃げ,1-2-6,6210,18,1,1,A2,0.4496,1,0.5504
2026-01-20,5,一般,0,6,ＭＮボートレースｉｎ大村１１,北,3,2,逃げ,1-2-5,740,1,1,1,A2,0.5785,1,0.4215
2026-01-20,6,一般,0,6,ＭＮボートレースｉｎ大村１１,北,4,3,逃げ,1-4-3,1200,5,1,1,A2,0.5725,1,0.4275
2026-01-20,7,一般,1,6,ＭＮボートレースｉｎ大村１１,北西,3,2,逃げ,1-4-2,420,2,1,1,A1,0.5769,1,0.4231
2026-01-20,8,一般,0,6,ＭＮボートレースｉｎ大村１１,北,3,2,逃げ,1-6-4,3460,14,1,1,A2,0.5832,1,0.4168
2026-01-20,9,一般特選,0,6,ＭＮボートレースｉｎ大村１１,北,3,2,差し,4-1-2,16490,36,4,4,A1,0.6296,0,-0.6296
2026-01-20,10,特別選抜戦Ｂ,0,6,ＭＮボートレースｉｎ大村１１,北,2,1,逃げ,1-2-6,2910,12,1,1,A2,0.6725,1,0.3275
2026-01-20,11,優勝戦,0,6,ＭＮボートレースｉｎ大村１１,北,1,1,逃げ,1-3-2,540,2,1,1,A1,0.6676,1,0.3324
2026-01-20,12,特別選抜戦Ａ,0,6,ＭＮボートレースｉｎ大村１１,北,2,1,逃げ,1-2-3,640,2,1,1,B1,0.5976,1,0.4024
2026-01-22,1,予選,0,1,スポーツニッポン杯,北西,4,3,まくり差し,3-1-6,5320,23,3,3,B1,0.3967,0,-0.3967
2026-01-22,2,予選,0,1,スポーツニッポン杯,北西,4,3,逃げ,1-5-6,15700,55,1,1,B1,0.3738,1,0.6262
2026-01-22,3,予選,0,1,スポーツニッポン杯,北西,4,3,差し,4-5-2,24390,69,4,4,B1,0.3861,0,-0.3861
2026-01-22,4,予選,0,1,スポーツニッポン杯,北西,4,3,まくり,6-1-3,4050,15,6,6,B1,0.4697,0,-0.4697
2026-01-22,5,予選,0,1,スポーツニッポン杯,北西,4,3,まくり差し,6-1-3,4700,22,6,3,B1,0.5432,0,-0.5432
2026-01-22,6,予選,0,1,スポーツニッポン杯,北西,4,3,まくり差し,5-1-3,3030,12,5,5,B1,0.578,0,-0.578
2026-01-22,7,予選,1,1,スポーツニッポン杯,北西,4,3,逃げ,1-2-4,790,2,1,1,A2,0.6429,1,0.3571
2026-01-22,8,予選,0,1,スポーツニッポン杯,北,5,4,差し,2-4-1,8590,28,2,2,B1,0.463,0,-0.463
2026-01-22,9,予選特賞,0,1,スポーツニッポン杯,北,6,5,まくり差し,3-1-2,2220,9,3,3,A2,0.6263,0,-0.6263
2026-01-22,10,予選特賞,0,1,スポーツニッポン杯,北,5,4,逃げ,1-5-4,1530,7,1,1,A2,0.6799,1,0.3201
2026-01-22,11,予選特選,0,1,スポーツニッポン杯,北,4,3,まくり,5-4-6,30900,68,5,4,A1,0.626,0,-0.626
2026-01-22,12,発祥地選抜,0,1,スポーツニッポン杯,北,4,3,逃げ,1-6-2,4310,15,1,1,A1,0.7296,1,0.2704
2026-01-23,1,予選,0,2,スポーツニッポン杯,北,3,2,逃げ,1-2-5,960,3,1,1,B1,0.5872,1,0.4128
2026-01-23,2,予選,0,2,スポーツニッポン杯,北西,2,1,逃げ,1-5-2,16730,66,1,1,B1,0.5335,1,0.4665
2026-01-23,3,予選,0,2,スポーツニッポン杯,北西,2,1,まくり,3-4-5,3990,16,3,3,B2,0.4218,0,-0.4218
2026-01-23,4,予選,0,2,スポーツニッポン杯,北,3,2,まくり,5-2-6,30650,52,5,5,B1,0.5017,0,-0.5017
2026-01-23,5,予選,0,2,スポーツニッポン杯,北,2,1,まくり,4-1-5,4110,17,4,4,B1,0.4461,0,-0.4461
2026-01-23,6,予選,0,2,スポーツニッポン杯,北,2,1,逃げ,1-4-2,530,1,1,1,A2,0.5011,1,0.4989
2026-01-23,7,予選,1,2,スポーツニッポン杯,北,1,1,差し,2-4-1,9600,28,2,2,A2,0.5868,0,-0.5868
2026-01-23,8,予選,0,2,スポーツニッポン杯,東,1,1,差し,2-3-1,1120,4,2,2,B1,0.4378,0,-0.4378
2026-01-23,9,予選特賞,0,2,スポーツニッポン杯,東,1,1,差し,3-2-1,15890,39,3,3,A2,0.4689,0,-0.4689
2026-01-23,10,予選特賞,0,2,スポーツニッポン杯,北東,1,1,逃げ,1-2-3,1680,7,1,1,A1,0.6131,1,0.3869
2026-01-23,11,予選特選,0,2,スポーツニッポン杯,東,1,1,逃げ,1-3-4,440,2,1,1,A1,0.6634,1,0.3366
2026-01-23,12,予選特選,0,2,スポーツニッポン杯,東,2,1,逃げ,1-5-3,1190,6,1,1,A1,0.7061,1,0.2939
2026-01-24,1,予選,0,3,スポーツニッポン杯,北西,4,3,逃げ,1-4-2,770,5,1,1,B1,0.4203,1,0.5797
2026-01-24,2,予選,0,3,スポーツニッポン杯,北西,4,3,逃げ,1-2-3,450,1,1,1,B1,0.4905,1,0.5095
2026-01-24,3,予選,0,3,スポーツニッポン杯,北西,4,3,逃げ,1-2-3,750,1,1,1,B1,0.5615,1,0.4385
2026-01-24,4,予選,0,3,スポーツニッポン杯,北西,3,2,逃げ,1-3-4,930,3,1,1,B1,0.4562,1,0.5438
2026-01-24,5,予選,0,3,スポーツニッポン杯,北西,4,3,恵まれ,5-4-3,3940,15,5,5,B2,0.4461,0,-0.4461
2026-01-24,6,予選,0,3,スポーツニッポン杯,北西,4,3,逃げ,1-5-4,5170,17,1,1,A2,0.6243,1,0.3757
2026-01-24,7,予選,1,3,スポーツニッポン杯,北西,5,4,逃げ,1-3-6,2620,9,1,1,A2,0.717,1,0.283
2026-01-24,8,予選,0,3,スポーツニッポン杯,北西,5,4,差し,2-1-4,4780,18,2,2,B1,0.4905,0,-0.4905
2026-01-24,9,予選特賞,0,3,スポーツニッポン杯,西,4,3,逃げ,1-2-3,360,1,1,1,A1,0.6277,1,0.3723
2026-01-24,10,予選特賞,0,3,スポーツニッポン杯,北西,4,3,逃げ,1-5-3,930,4,1,1,A2,0.662,1,0.338
2026-01-24,11,予選特選,0,3,スポーツニッポン杯,北西,4,3,まくり,4-3-6,13090,40,4,4,A1,0.6718,0,-0.6718
2026-01-24,12,予選特選,0,3,スポーツニッポン杯,北,3,2,逃げ,1-2-6,4840,15,1,1,A1,0.6515,1,0.3485
2026-01-25,1,予選,0,4,スポーツニッポン杯,北西,3,2,逃げ,1-2-4,2250,5,1,1,B1,0.4239,1,0.5761
2026-01-25,2,予選,0,4,スポーツニッポン杯,北西,2,1,逃げ,1-3-6,1490,1,1,1,A2,0.514,1,0.486
2026-01-25,3,予選,0,4,スポーツニッポン杯,北西,2,1,まくり,2-5-3,1350,3,2,2,B1,0.3589,0,-0.3589
2026-01-25,4,予選,0,4,スポーツニッポン杯,北西,2,1,逃げ,1-5-2,13730,52,1,1,B1,0.5486,1,0.4514
2026-01-25,5,予選,0,4,スポーツニッポン杯,北西,3,2,まくり差し,4-3-5,7000,31,4,4,B1,0.4669,0,-0.4669
2026-01-25,6,予選,0,4,スポーツニッポン杯,北,3,2,逃げ,1-3-4,1210,2,1,1,B1,0.4835,1,0.5165
2026-01-25,7,予選,1,4,スポーツニッポン杯,北,3,2,逃げ,1-2-3,290,1,1,1,A1,0.6277,1,0.3723
2026-01-25,8,予選,0,4,スポーツニッポン杯,北,4,3,逃げ,1-2-3,2620,9,1,1,B1,0.5906,1,0.4094
2026-01-25,9,予選特賞,0,4,スポーツニッポン杯,北東,3,2,逃げ,1-4-5,1800,6,1,1,A2,0.4758,1,0.5242
2026-01-25,10,予選特選,0,4,スポーツニッポン杯,北東,2,1,まくり差し,5-1-2,23780,36,5,5,A1,0.7061,0,-0.7061
2026-01-25,11,予選特選,0,4,スポーツニッポン杯,東,2,1,逃げ,1-4-2,640,2,1,1,A1,0.6473,1,0.3527
2026-01-25,12,一般特賞,0,4,スポーツニッポン杯,北東,2,1,逃げ,1-2-4,1400,5,1,1,A1,0.6592,1,0.3408
2026-01-26,1,一般,0,5,スポーツニッポン杯,北西,1,1,逃げ,1-2-3,1950,10,1,1,A2,0.5725,1,0.4275
2026-01-26,2,一般,0,5,スポーツニッポン杯,,0,1,逃げ,1-5-4,1560,6,1,1,A1,0.6473,1,0.3527
2026-01-26,3,一般,0,5,スポーツニッポン杯,,0,1,差し,4-6-5,48530,60,4,4,A1,0.628,0,-0.628
2026-01-26,4,一般,0,5,スポーツニッポン杯,南,1,1,まくり差し,5-6-1,23020,48,5,5,A2,0.6799,0,-0.6799
2026-01-26,5,一般,0,5,スポーツニッポン杯,南,1,1,逃げ,1-3-5,5360,19,1,1,A2,0.5011,1,0.4989
2026-01-26,6,一般,0,5,スポーツニッポン杯,東,1,1,逃げ,1-2-4,650,2,1,1,A1,0.6897,1,0.3103
2026-01-26,7,一般,1,5,スポーツニッポン杯,東,1,1,逃げ,1-2-3,320,1,1,1,A1,0.6515,1,0.3485
2026-01-26,8,準優進出戦,0,5,スポーツニッポン杯,南東,1,1,逃げ,1-2-3,410,1,1,1,A1,0.7061,1,0.2939
2026-01-26,9,準優進出戦,0,5,スポーツニッポン杯,東,1,1,逃げ,1-4-3,2120,8,1,1,A2,0.717,1,0.283
2026-01-26,10,準優進出戦,0,5,スポーツニッポン杯,南東,1,1,逃げ,1-5-3,1370,7,1,1,A1,0.6634,1,0.3366
2026-01-26,11,準優進出戦,0,5,スポーツニッポン杯,南東,1,1,逃げ,1-4-2,2120,7,1,1,A1,0.7296,1,0.2704
2026-01-26,12,一般,0,5,スポーツニッポン杯,南東,1,1,逃げ,1-5-2,1230,5,1,1,A2,0.6429,1,0.3571
2026-01-27,1,一般,0,6,スポーツニッポン杯,北西,2,1,抜き,4-6-1,39520,75,4,4,B1,0.463,0,-0.463
2026-01-27,2,一般,0,6,スポーツニッポン杯,北西,3,2,まくり,4-1-2,2690,9,4,4,B1,0.3971,0,-0.3971
2026-01-27,3,一般,0,6,スポーツニッポン杯,北西,3,2,まくり差し,3-1-5,900,3,3,3,B1,0.4436,0,-0.4436
2026-01-27,4,一般,0,6,スポーツニッポン杯,北西,3,2,逃げ,1-2-5,430,1,1,1,A2,0.6243,1,0.3757
2026-01-27,5,一般,0,6,スポーツニッポン杯,北西,3,2,逃げ,1-4-2,810,2,1,1,B1,0.5486,1,0.4514
2026-01-27,6,一般,0,6,スポーツニッポン杯,北,4,3,逃げ,1-3-2,620,2,1,1,A2,0.6799,1,0.3201
2026-01-27,7,一般,1,6,スポーツニッポン杯,北,4,3,抜き,3-2-1,14280,41,3,3,A2,0.6263,0,-0.6263
2026-01-27,8,一般,0,6,スポーツニッポン杯,北東,3,2,まくり,3-1-6,14950,43,3,3,A2,0.4928,0,-0.4928
2026-01-27,9,準優勝戦,0,6,スポーツニッポン杯,北東,2,1,逃げ,1-3-5,4450,11,1,1,A2,0.717,1,0.283
2026-01-27,10,準優勝戦,0,6,スポーツニッポン杯,北東,1,1,逃げ,1-2-6,1530,5,1,1,A1,0.6634,1,0.3366
2026-01-27,11,準優勝戦,0,6,スポーツニッポン杯,北東,1,1,抜き,5-1-2,10270,27,5,5,A1,0.7439,0,-0.7439
2026-01-27,12,一般,0,6,スポーツニッポン杯,東,1,1,逃げ,1-2-5,2380,8,1,1,A1,0.6121,1,0.3879
2026-01-28,1,一般,0,7,スポーツニッポン杯,北西,3,2,逃げ,1-4-5,1940,7,1,1,B1,0.4484,1,0.5516
2026-01-28,2,一般,0,7,スポーツニッポン杯,北西,4,3,逃げ,1-4-2,2030,8,1,1,A2,0.5725,1,0.4275
2026-01-28,3,一般,0,7,スポーツニッポン杯,北西,4,3,逃げ,1-4-2,2100,9,1,1,B1,0.4905,1,0.5095
2026-01-28,4,一般,0,7,スポーツニッポン杯,北西,4,3,逃げ,1-3-5,1640,4,1,1,A2,0.514,1,0.486
2026-01-28,5,一般,0,7,スポーツニッポン杯,北西,4,3,まくり差し,4-5-1,14050,35,4,4,B1,0.6116,0,-0.6116
2026-01-28,6,一般,0,7,スポーツニッポン杯,北西,4,3,逃げ,1-2-5,460,2,1,1,A1,0.6473,1,0.3527
2026-01-28,7,一般,1,7,スポーツニッポン杯,北西,4,3,逃げ,1-2-4,910,4,1,1,A1,0.6897,1,0.3103
2026-01-28,8,一般,0,7,スポーツニッポン杯,北,4,3,逃げ,1-5-2,1690,5,1,1,A2,0.4528,1,0.5472
2026-01-28,9,一般特選,0,7,スポーツニッポン杯,北,2,1,まくり差し,4-2-1,5570,21,4,5,A1,0.628,0,-0.628
2026-01-28,10,特別選抜戦,0,7,スポーツニッポン杯,東,1,1,逃げ,1-3-2,1340,5,1,1,B1,0.4203,1,0.5797
2026-01-28,11,特別選抜戦,0,7,スポーツニッポン杯,北東,1,1,逃げ,1-2-4,740,1,1,1,B1,0.4239,1,0.5761
2026-01-28,12,優勝戦,0,7,スポーツニッポン杯,北東,2,1,逃げ,1-3-4,1440,9,1,1,A1,0.6634,1,0.3366
2026-02-19,1,予選,0,1,にっぽん未来プロジェクト競走ｉｎ大村　２ｎｄ,北西,2,1,逃げ,1-4-5,5650,20,1,1,B1,0.4437,1,0.5563
2026-02-19,2,予選,0,1,にっぽん未来プロジェクト競走ｉｎ大村　２ｎｄ,北西,2,1,まくり差し,5-3-1,4760,19,5,5,B1,0.4581,0,-0.4581
2026-02-19,3,予選,0,1,にっぽん未来プロジェクト競走ｉｎ大村　２ｎｄ,北西,1,1,逃げ,1-5-6,2020,7,1,1,A2,0.6574,1,0.3426
2026-02-19,4,予選,0,1,にっぽん未来プロジェクト競走ｉｎ大村　２ｎｄ,北西,1,1,逃げ,1-4-5,1110,2,1,1,A2,0.4319,1,0.5681
2026-02-19,5,予選,0,1,にっぽん未来プロジェクト競走ｉｎ大村　２ｎｄ,北西,1,1,逃げ,1-3-6,440,1,1,1,A1,0.6473,1,0.3527
2026-02-19,6,予選,0,1,にっぽん未来プロジェクト競走ｉｎ大村　２ｎｄ,北西,2,1,まくり差し,3-1-2,8830,27,3,3,A2,0.548,0,-0.548
2026-02-19,7,予選,1,1,にっぽん未来プロジェクト競走ｉｎ大村　２ｎｄ,北西,2,1,逃げ,1-2-4,940,4,1,1,A2,0.6509,1,0.3491
2026-02-19,8,予選,0,1,にっぽん未来プロジェクト競走ｉｎ大村　２ｎｄ,北,2,1,逃げ,1-2-4,420,1,1,1,A1,0.673,1,0.327
2026-02-19,9,予選特賞,0,1,にっぽん未来プロジェクト競走ｉｎ大村　２ｎｄ,北,2,1,まくり差し,5-1-3,10140,33,5,5,A1,0.5724,0,-0.5724
2026-02-19,10,予選特賞,0,1,にっぽん未来プロジェクト競走ｉｎ大村　２ｎｄ,北西,1,1,抜き,1-3-6,1310,3,1,1,B1,0.4542,1,0.5458
2026-02-19,11,予選特選,0,1,にっぽん未来プロジェクト競走ｉｎ大村　２ｎｄ,,0,1,逃げ,1-2-3,510,2,1,1,A1,0.6868,1,0.3132
2026-02-19,12,発祥地選抜,0,1,にっぽん未来プロジェクト競走ｉｎ大村　２ｎｄ,,0,1,逃げ,1-3-4,2670,10,1,1,A1,0.6391,1,0.3609
2026-02-20,1,予選,0,2,にっぽん未来プロジェクト競走ｉｎ大村　２ｎｄ,北西,1,1,差し,2-4-1,11080,39,2,2,B1,0.3544,0,-0.3544
2026-02-20,2,予選,0,2,にっぽん未来プロジェクト競走ｉｎ大村　２ｎｄ,北西,1,1,差し,2-6-1,4270,12,2,2,A2,0.5868,0,-0.5868
2026-02-20,3,予選,0,2,にっぽん未来プロジェクト競走ｉｎ大村　２ｎｄ,北西,2,1,まくり差し,5-1-3,2300,8,5,5,B1,0.4391,0,-0.4391
2026-02-20,4,予選,0,2,にっぽん未来プロジェクト競走ｉｎ大村　２ｎｄ,北,2,1,逃げ,1-2-4,1160,1,1,1,B1,0.4913,1,0.5087
2026-02-20,5,予選,0,2,にっぽん未来プロジェクト競走ｉｎ大村　２ｎｄ,北西,1,1,まくり差し,5-4-3,3000,9,5,5,B1,0.6497,0,-0.6497
2026-02-20,6,予選,0,2,にっぽん未来プロジェクト競走ｉｎ大村　２ｎｄ,北西,1,1,逃げ,1-3-6,1330,6,1,1,A2,0.5415,1,0.4585
2026-02-20,7,予選,1,2,にっぽん未来プロジェクト競走ｉｎ大村　２ｎｄ,北西,1,1,逃げ,1-3-5,370,1,1,1,A2,0.5775,1,0.4225
2026-02-20,8,予選,0,2,にっぽん未来プロジェクト競走ｉｎ大村　２ｎｄ,西,1,1,逃げ,1-6-4,14930,26,1,1,A2,0.6439,1,0.3561
2026-02-20,9,予選特賞,0,2,にっぽん未来プロジェクト競走ｉｎ大村　２ｎｄ,南,1,1,まくり差し,6-1-2,2320,9,6,6,A1,0.6388,0,-0.6388
2026-02-20,10,予選特賞,0,2,にっぽん未来プロジェクト競走ｉｎ大村　２ｎｄ,南,1,1,差し,2-1-5,3110,10,2,2,A1,0.696,0,-0.696
2026-02-20,11,予選特選,0,2,にっぽん未来プロジェクト競走ｉｎ大村　２ｎｄ,南東,1,1,逃げ,1-2-4,620,1,1,1,A1,0.7371,1,0.2629
2026-02-20,12,予選特選,0,2,にっぽん未来プロジェクト競走ｉｎ大村　２ｎｄ,南東,1,1,逃げ,1-2-4,600,1,1,1,A1,0.7238,1,0.2762
2026-02-21,1,予選,0,3,にっぽん未来プロジェクト競走ｉｎ大村　２ｎｄ,南,3,2,抜き,2-1-6,1380,5,2,2,B1,0.5013,0,-0.5013
2026-02-21,2,予選,0,3,にっぽん未来プロジェクト競走ｉｎ大村　２ｎｄ,南,3,2,逃げ,1-3-6,820,1,1,1,B1,0.5192,1,0.4808
2026-02-21,3,予選,0,3,にっぽん未来プロジェクト競走ｉｎ大村　２ｎｄ,南,3,2,差し,3-1-2,1840,5,3,2,B1,0.4799,0,-0.4799
2026-02-21,4,予選,0,3,にっぽん未来プロジェクト競走ｉｎ大村　２ｎｄ,南,3,2,逃げ,1-4-2,1410,4,1,1,B1,0.5699,1,0.4301
2026-02-21,5,予選,0,3,にっぽん未来プロジェクト競走ｉｎ大村　２ｎｄ,南,3,2,逃げ,1-3-6,13890,36,1,1,B1,0.5404,1,0.4596
2026-02-21,6,予選,0,3,にっぽん未来プロジェクト競走ｉｎ大村　２ｎｄ,南,3,2,逃げ,1-2-3,2550,9,1,1,A1,0.6388,1,0.3612
2026-02-21,7,予選,1,3,にっぽん未来プロジェクト競走ｉｎ大村　２ｎｄ,南東,1,1,逃げ,1-3-5,430,1,1,1,A2,0.6349,1,0.3651
2026-02-21,8,予選,0,3,にっぽん未来プロジェクト競走ｉｎ大村　２ｎｄ,南,1,1,逃げ,1-2-4,660,2,1,1,A1,0.5959,1,0.4041
2026-02-21,9,予選特賞,0,3,にっぽん未来プロジェクト競走ｉｎ大村　２ｎｄ,東,1,1,まくり差し,3-1-6,2680,9,3,3,B1,0.4731,0,-0.4731
2026-02-21,10,予選特選,0,3,にっぽん未来プロジェクト競走ｉｎ大村　２ｎｄ,東,1,1,逃げ,1-2-3,870,2,1,1,A1,0.6538,1,0.3462
2026-02-21,11,予選特選,0,3,にっぽん未来プロジェクト競走ｉｎ大村　２ｎｄ,東,1,1,逃げ,1-4-6,1370,4,1,1,A1,0.7479,1,0.2521
2026-02-21,12,一般特賞,0,3,にっぽん未来プロジェクト競走ｉｎ大村　２ｎｄ,北東,1,1,逃げ,1-2-6,1890,7,1,1,A1,0.6838,1,0.3162
2026-02-22,1,一般,0,4,にっぽん未来プロジェクト競走ｉｎ大村　２ｎｄ,南西,3,2,差し,3-6-2,60520,77,3,4,A2,0.673,0,-0.673
2026-02-22,2,一般,0,4,にっぽん未来プロジェクト競走ｉｎ大村　２ｎｄ,南西,4,3,まくり,4-5-3,17310,25,4,4,A1,0.6594,0,-0.6594
2026-02-22,3,一般,0,4,にっぽん未来プロジェクト競走ｉｎ大村　２ｎｄ,南西,5,4,逃げ,1-4-2,2170,8,1,1,A2,0.4319,1,0.5681
2026-02-22,4,一般,0,4,にっぽん未来プロジェクト競走ｉｎ大村　２ｎｄ,南西,2,1,逃げ,1-2-3,1010,4,1,1,A1,0.7371,1,0.2629
2026-02-22,5,一般,0,4,にっぽん未来プロジェクト競走ｉｎ大村　２ｎｄ,南西,3,2,逃げ,1-3-4,650,1,1,1,B1,0.4807,1,0.5193
2026-02-22,6,一般,0,4,にっぽん未来プロジェクト競走ｉｎ大村　２ｎｄ,南西,2,1,まくり差し,4-1-2,2660,12,4,4,A2,0.5868,0,-0.5868
2026-02-22,7,一般,1,4,にっぽん未来プロジェクト競走ｉｎ大村　２ｎｄ,南西,3,2,逃げ,1-4-5,600,1,1,1,A1,0.6243,1,0.3757
2026-02-22,8,一般,0,4,にっぽん未来プロジェクト競走ｉｎ大村　２ｎｄ,南西,4,3,まくり差し,6-3-2,13060,42,6,6,B1,0.4065,0,-0.4065
2026-02-22,9,準優勝戦,0,4,にっぽん未来プロジェクト競走ｉｎ大村　２ｎｄ,南,3,2,逃げ,1-3-4,840,4,1,1,A1,0.6391,1,0.3609
2026-02-22,10,準優勝戦,0,4,にっぽん未来プロジェクト競走ｉｎ大村　２ｎｄ,南,2,1,差し,2-4-1,6390,17,2,2,A1,0.6677,0,-0.6677
2026-02-22,11,準優勝戦,0,4,にっぽん未来プロジェクト競走ｉｎ大村　２ｎｄ,南東,1,1,逃げ,1-2-4,1070,6,1,1,A1,0.7479,1,0.2521
2026-02-22,12,一般,0,4,にっぽん未来プロジェクト競走ｉｎ大村　２ｎｄ,南西,2,1,逃げ,1-4-3,2560,12,1,1,A1,0.5594,1,0.4406
2026-02-23,1,一般,0,5,にっぽん未来プロジェクト競走ｉｎ大村　２ｎｄ,南西,2,1,逃げ,1-3-4,1710,6,1,1,B1,0.4542,1,0.5458
2026-02-23,2,一般,0,5,にっぽん未来プロジェクト競走ｉｎ大村　２ｎｄ,南西,1,1,逃げ,1-6-4,12110,28,1,1,A2,0.6509,1,0.3491
2026-02-23,3,一般,0,5,にっぽん未来プロジェクト競走ｉｎ大村　２ｎｄ,西,1,1,逃げ,1-5-2,720,3,1,1,A2,0.6439,1,0.3561
2026-02-23,4,一般,0,5,にっぽん未来プロジェクト競走ｉｎ大村　２ｎｄ,北西,1,1,逃げ,1-2-5,490,1,1,1,A2,0.5324,1,0.4676
2026-02-23,5,一般,0,5,にっぽん未来プロジェクト競走ｉｎ大村　２ｎｄ,北西,1,1,逃げ,1-2-6,2980,11,1,1,A2,0.5415,1,0.4585
2026-02-23,6,一般,0,5,にっぽん未来プロジェクト競走ｉｎ大村　２ｎｄ,北西,1,1,逃げ,1-2-3,520,2,1,1,A1,0.673,1,0.327
2026-02-23,7,一般,1,5,にっぽん未来プロジェクト競走ｉｎ大村　２ｎｄ,北西,1,1,逃げ,1-2-3,340,1,1,1,A1,0.7238,1,0.2762
2026-02-23,8,一般,0,5,にっぽん未来プロジェクト競走ｉｎ大村　２ｎｄ,西,1,1,逃げ,1-2-3,410,1,1,1,A2,0.6349,1,0.3651
2026-02-23,9,一般特選,0,5,にっぽん未来プロジェクト競走ｉｎ大村　２ｎｄ,南,1,1,逃げ,1-4-6,1110,6,1,1,A1,0.6388,1,0.3612
2026-02-23,10,特別選抜戦,0,5,にっぽん未来プロジェクト競走ｉｎ大村　２ｎｄ,北,3,2,逃げ,1-2-6,3620,13,1,1,A2,0.5775,1,0.4225
2026-02-23,11,特別選抜戦,0,5,にっぽん未来プロジェクト競走ｉｎ大村　２ｎｄ,北,3,2,差し,2-1-5,5380,17,2,2,A1,0.6677,0,-0.6677
2026-02-23,12,優勝戦,0,5,にっぽん未来プロジェクト競走ｉｎ大村　２ｎｄ,南,1,1,逃げ,1-3-2,660,2,1,1,A1,0.7479,1,0.2521
2026-02-26,1,予選,1,1,ＲＳ第４戦　スカパー！・ＪＬＣ杯　オール進入固定,北西,1,1,まくり,3-2-5,8270,20,3,3,B1,0.4437,0,-0.4437
2026-02-26,2,予選,1,1,ＲＳ第４戦　スカパー！・ＪＬＣ杯　オール進入固定,北西,1,1,逃げ,1-3-4,620,1,1,1,B1,0.4335,1,0.5665
2026-02-26,3,予選,1,1,ＲＳ第４戦　スカパー！・ＪＬＣ杯　オール進入固定,北西,1,1,まくり,2-5-4,2620,12,2,2,B1,0.3692,0,-0.3692
2026-02-26,4,予選,1,1,ＲＳ第４戦　スカパー！・ＪＬＣ杯　オール進入固定,南西,2,1,抜き,1-2-4,630,2,1,1,B1,0.5525,1,0.4475
2026-02-26,5,予選,1,1,ＲＳ第４戦　スカパー！・ＪＬＣ杯　オール進入固定,南西,2,1,逃げ,1-3-4,4330,17,1,1,B1,0.5976,1,0.4024
2026-02-26,6,予選,1,1,ＲＳ第４戦　スカパー！・ＪＬＣ杯　オール進入固定,南西,2,1,まくり,4-1-3,1430,5,4,4,B1,0.6442,0,-0.6442
2026-02-26,7,予選,1,1,ＲＳ第４戦　スカパー！・ＪＬＣ杯　オール進入固定,南西,2,1,まくり,3-2-1,26960,31,3,3,A1,0.7189,0,-0.7189
2026-02-26,8,予選,1,1,ＲＳ第４戦　スカパー！・ＪＬＣ杯　オール進入固定,南西,2,1,逃げ,1-4-6,450,1,1,1,A1,0.6578,1,0.3422
2026-02-26,9,予選特賞,1,1,ＲＳ第４戦　スカパー！・ＪＬＣ杯　オール進入固定,南西,2,1,逃げ,1-3-2,4360,13,1,1,B1,0.4683,1,0.5317
2026-02-26,10,予選特賞,1,1,ＲＳ第４戦　スカパー！・ＪＬＣ杯　オール進入固定,南西,1,1,まくり差し,3-1-2,5900,17,3,3,A2,0.6375,0,-0.6375
2026-02-26,11,予選特選,1,1,ＲＳ第４戦　スカパー！・ＪＬＣ杯　オール進入固定,南西,2,1,逃げ,1-3-2,580,1,1,1,A2,0.6763,1,0.3237
2026-02-26,12,発祥地選抜,1,1,ＲＳ第４戦　スカパー！・ＪＬＣ杯　オール進入固定,南,1,1,まくり差し,3-4-2,30170,58,3,3,A1,0.6262,0,-0.6262
2026-02-27,1,予選,1,2,ＲＳ第４戦　スカパー！・ＪＬＣ杯　オール進入固定,北西,1,1,まくり差し,4-5-6,25130,58,4,4,B1,0.3929,0,-0.3929
2026-02-27,2,予選,1,2,ＲＳ第４戦　スカパー！・ＪＬＣ杯　オール進入固定,北西,1,1,逃げ,1-4-3,1920,9,1,1,B1,0.4909,1,0.5091
2026-02-27,3,予選,1,2,ＲＳ第４戦　スカパー！・ＪＬＣ杯　オール進入固定,北,2,1,まくり差し,5-2-4,9580,37,5,5,B1,0.3967,0,-0.3967
2026-02-27,4,予選,1,2,ＲＳ第４戦　スカパー！・ＪＬＣ杯　オール進入固定,北,2,1,差し,3-2-4,4210,15,3,3,B1,0.3827,0,-0.3827
2026-02-27,5,予選,1,2,ＲＳ第４戦　スカパー！・ＪＬＣ杯　オール進入固定,,0,1,まくり差し,3-2-5,2340,6,3,3,B1,0.3804,0,-0.3804
2026-02-27,6,予選,1,2,ＲＳ第４戦　スカパー！・ＪＬＣ杯　オール進入固定,南,1,1,逃げ,1-2-5,620,1,1,1,B1,0.4593,1,0.5407
2026-02-27,7,予選,1,2,ＲＳ第４戦　スカパー！・ＪＬＣ杯　オール進入固定,北,6,5,逃げ,1-3-6,3210,12,1,1,B2,0.3773,1,0.6227
2026-02-27,8,予選,1,2,ＲＳ第４戦　スカパー！・ＪＬＣ杯　オール進入固定,北,5,4,逃げ,1-2-6,5480,16,1,1,A2,0.6933,1,0.3067
2026-02-27,9,予選特賞,1,2,ＲＳ第４戦　スカパー！・ＪＬＣ杯　オール進入固定,北西,4,3,逃げ,1-4-6,560,1,1,1,A2,0.6302,1,0.3698
2026-02-27,10,予選特賞,1,2,ＲＳ第４戦　スカパー！・ＪＬＣ杯　オール進入固定,北西,4,3,逃げ,1-2-3,380,1,1,1,A1,0.6869,1,0.3131
2026-02-27,11,予選特選,1,2,ＲＳ第４戦　スカパー！・ＪＬＣ杯　オール進入固定,北,5,4,逃げ,1-3-2,750,2,1,1,A1,0.6634,1,0.3366
2026-02-27,12,予選特選,1,2,ＲＳ第４戦　スカパー！・ＪＬＣ杯　オール進入固定,北,5,4,まくり,6-1-2,4960,14,6,6,A1,0.7759,0,-0.7759
2026-02-28,1,予選,1,3,ＲＳ第４戦　スカパー！・ＪＬＣ杯　オール進入固定,南,1,1,差し,2-1-4,4770,18,2,2,B1,0.4901,0,-0.4901
2026-02-28,2,予選,1,3,ＲＳ第４戦　スカパー！・ＪＬＣ杯　オール進入固定,南,2,1,差し,2-1-6,4000,15,2,2,B2,0.4871,0,-0.4871
2026-02-28,3,予選,1,3,ＲＳ第４戦　スカパー！・ＪＬＣ杯　オール進入固定,南西,2,1,まくり,2-1-3,1800,3,2,2,B1,0.4307,0,-0.4307
2026-02-28,4,予選,1,3,ＲＳ第４戦　スカパー！・ＪＬＣ杯　オール進入固定,北東,4,3,まくり,2-4-3,15870,42,2,2,B1,0.5016,0,-0.5016
2026-02-28,5,予選,1,3,ＲＳ第４戦　スカパー！・ＪＬＣ杯　オール進入固定,北西,3,2,逃げ,1-6-3,4280,14,1,1,B1,0.5256,1,0.4744
2026-02-28,6,予選,1,3,ＲＳ第４戦　スカパー！・ＪＬＣ杯　オール進入固定,北東,3,2,抜き,5-1-4,23550,49,5,5,B1,0.4344,0,-0.4344
2026-02-28,7,予選,1,3,ＲＳ第４戦　スカパー！・ＪＬＣ杯　オール進入固定,北,4,3,逃げ,1-3-2,870,4,1,1,B1,0.566,1,0.434
2026-02-28,8,予選,1,3,ＲＳ第４戦　スカパー！・ＪＬＣ杯　オール進入固定,北,3,2,逃げ,1-2-3,410,2,1,1,A2,0.5981,1,0.4019
2026-02-28,9,予選特賞,1,3,ＲＳ第４戦　スカパー！・ＪＬＣ杯　オール進入固定,北,3,2,逃げ,1-4-5,6010,19,1,1,A2,0.6473,1,0.3527
2026-02-28,10,予選特賞,1,3,ＲＳ第４戦　スカパー！・ＪＬＣ杯　オール進入固定,北,2,1,逃げ,1-2-5,2860,15,1,1,A1,0.6634,1,0.3366
2026-02-28,11,予選特選,1,3,ＲＳ第４戦　スカパー！・ＪＬＣ杯　オール進入固定,北東,1,1,逃げ,1-6-4,11330,24,1,1,A1,0.6578,1,0.3422
2026-02-28,12,予選特選,1,3,ＲＳ第４戦　スカパー！・ＪＬＣ杯　オール進入固定,北東,1,1,逃げ,1-3-6,1960,9,1,1,A1,0.6105,1,0.3895
2026-03-01,1,予選,1,4,ＲＳ第４戦　スカパー！・ＪＬＣ杯　オール進入固定,北西,1,1,逃げ,1-3-6,2380,8,1,1,B1,0.3929,1,0.6071
2026-03-01,2,予選,1,4,ＲＳ第４戦　スカパー！・ＪＬＣ杯　オール進入固定,北西,1,1,逃げ,1-2-6,650,1,1,1,B1,0.4271,1,0.5729
2026-03-01,3,予選,1,4,ＲＳ第４戦　スカパー！・ＪＬＣ杯　オール進入固定,北西,1,1,まくり差し,4-1-3,15920,46,4,4,B1,0.3881,0,-0.3881
2026-03-01,4,予選,1,4,ＲＳ第４戦　スカパー！・ＪＬＣ杯　オール進入固定,北西,1,1,逃げ,1-2-4,370,1,1,1,B1,0.631,1,0.369
2026-03-01,5,予選,1,4,ＲＳ第４戦　スカパー！・ＪＬＣ杯　オール進入固定,北西,1,1,まくり,4-5-2,3290,14,4,4,B1,0.3189,0,-0.3189
2026-03-01,6,予選,1,4,ＲＳ第４戦　スカパー！・ＪＬＣ杯　オール進入固定,北西,1,1,逃げ,1-2-5,3550,15,1,1,B1,0.3827,1,0.6173
2026-03-01,7,予選,1,4,ＲＳ第４戦　スカパー！・ＪＬＣ杯　オール進入固定,北西,2,1,まくり,3-5-2,9370,47,3,3,B1,0.3506,0,-0.3506
2026-03-01,8,予選,1,4,ＲＳ第４戦　スカパー！・ＪＬＣ杯　オール進入固定,北西,1,1,逃げ,1-5-2,3060,10,1,1,A2,0.5953,1,0.4047
2026-03-01,9,予選特賞,1,4,ＲＳ第４戦　スカパー！・ＪＬＣ杯　オール進入固定,北西,1,1,逃げ,1-2-5,1000,5,1,1,A1,0.7634,1,0.2366
2026-03-01,10,予選特選,1,4,ＲＳ第４戦　スカパー！・ＪＬＣ杯　オール進入固定,南東,1,1,逃げ,1-4-2,970,3,1,1,A1,0.7061,1,0.2939
2026-03-01,11,予選特選,1,4,ＲＳ第４戦　スカパー！・ＪＬＣ杯　オール進入固定,南東,4,3,逃げ,1-2-5,5600,23,1,1,A1,0.6869,1,0.3131
2026-03-01,12,一般特賞,1,4,ＲＳ第４戦　スカパー！・ＪＬＣ杯　オール進入固定,南東,1,1,逃げ,1-4-2,670,1,1,1,A2,0.6223,1,0.3777
2026-03-02,1,一般,1,5,ＲＳ第４戦　スカパー！・ＪＬＣ杯　オール進入固定,南西,1,1,抜き,2-4-5,80250,94,2,2,B1,0.4905,0,-0.4905
2026-03-02,2,一般,1,5,ＲＳ第４戦　スカパー！・ＪＬＣ杯　オール進入固定,,0,1,まくり,2-3-1,7210,18,2,2,B1,0.573,0,-0.573
2026-03-02,3,一般,1,5,ＲＳ第４戦　スカパー！・ＪＬＣ杯　オール進入固定,南西,1,1,逃げ,1-5-6,1580,4,1,1,A2,0.5981,1,0.4019
2026-03-02,4,一般,1,5,ＲＳ第４戦　スカパー！・ＪＬＣ杯　オール進入固定,,0,1,まくり差し,3-4-1,2230,9,3,3,B1,0.4484,0,-0.4484
2026-03-02,5,一般,1,5,ＲＳ第４戦　スカパー！・ＪＬＣ杯　オール進入固定,南西,1,1,まくり差し,5-4-1,7460,24,5,5,A1,0.6985,0,-0.6985
2026-03-02,6,一般,1,5,ＲＳ第４戦　スカパー！・ＪＬＣ杯　オール進入固定,西,2,1,逃げ,1-6-3,1010,4,1,1,A2,0.6763,1,0.3237
2026-03-02,7,一般,1,5,ＲＳ第４戦　スカパー！・ＪＬＣ杯　オール進入固定,南西,1,1,まくり,4-6-2,6690,21,4,4,B1,0.6168,0,-0.6168
2026-03-02,8,一般,1,5,ＲＳ第４戦　スカパー！・ＪＬＣ杯　オール進入固定,北西,1,1,逃げ,1-5-4,960,2,1,1,A2,0.6933,1,0.3067
2026-03-02,9,準優勝戦,1,5,ＲＳ第４戦　スカパー！・ＪＬＣ杯　オール進入固定,北西,1,1,恵まれ,,,,2,2,A2,0.6098,0,-0.6098
2026-03-02,10,準優勝戦,1,5,ＲＳ第４戦　スカパー！・ＪＬＣ杯　オール進入固定,南西,1,1,逃げ,1-3-2,590,2,1,1,A1,0.7634,1,0.2366
2026-03-02,11,準優勝戦,1,5,ＲＳ第４戦　スカパー！・ＪＬＣ杯　オール進入固定,北,1,1,逃げ,1-5-6,6830,19,1,1,A1,0.6578,1,0.3422
2026-03-02,12,一般,1,5,ＲＳ第４戦　スカパー！・ＪＬＣ杯　オール進入固定,北東,1,1,差し,2-3-1,33340,38,2,2,A1,0.7189,0,-0.7189
2026-03-03,1,一般,1,6,ＲＳ第４戦　スカパー！・ＪＬＣ杯　オール進入固定,北,8,7,逃げ,1-2-6,1720,5,1,1,B1,0.3929,1,0.6071
2026-03-03,2,一般,1,6,ＲＳ第４戦　スカパー！・ＪＬＣ杯　オール進入固定,北,7,6,逃げ,1-5-3,3400,13,1,1,B1,0.631,1,0.369
2026-03-03,3,一般,1,6,ＲＳ第４戦　スカパー！・ＪＬＣ杯　オール進入固定,北,8,7,逃げ,1-2-3,390,1,1,1,B1,0.6263,1,0.3737
2026-03-03,4,一般,1,6,ＲＳ第４戦　スカパー！・ＪＬＣ杯　オール進入固定,北,7,6,逃げ,1-2-3,1140,2,1,1,B1,0.4245,1,0.5755
2026-03-03,5,一般,1,6,ＲＳ第４戦　スカパー！・ＪＬＣ杯　オール進入固定,北,7,6,逃げ,1-2-3,450,1,1,1,B1,0.566,1,0.434
2026-03-03,6,一般,1,6,ＲＳ第４戦　スカパー！・ＪＬＣ杯　オール進入固定,北,7,6,逃げ,1-2-4,800,4,1,1,A1,0.6634,1,0.3366
2026-03-03,7,一般,1,6,ＲＳ第４戦　スカパー！・ＪＬＣ杯　オール進入固定,北,7,6,まくり差し,6-1-2,8990,33,6,6,B2,0.4871,0,-0.4871
2026-03-03,8,一般,1,6,ＲＳ第４戦　スカパー！・ＪＬＣ杯　オール進入固定,北,7,6,まくり差し,3-4-5,25300,61,3,3,B1,0.3967,0,-0.3967
2026-03-03,9,一般特選,1,6,ＲＳ第４戦　スカパー！・ＪＬＣ杯　オール進入固定,北,7,6,逃げ,1-5-3,1920,7,1,1,A2,0.6933,1,0.3067
2026-03-03,10,特別選抜戦,1,6,ＲＳ第４戦　スカパー！・ＪＬＣ杯　オール進入固定,北,7,6,逃げ,1-5-2,3210,12,1,1,B1,0.4271,1,0.5729
2026-03-03,11,特別選抜戦,1,6,ＲＳ第４戦　スカパー！・ＪＬＣ杯　オール進入固定,北,7,6,逃げ,1-2-3,460,1,1,1,A2,0.6763,1,0.3237
2026-03-03,12,優勝戦,1,6,ＲＳ第４戦　スカパー！・ＪＬＣ杯　オール進入固定,北,7,6,逃げ,1-4-5,3220,12,1,1,A1,0.6578,1,0.3422
2026-03-08,1,予選,0,1,開設７３周年記念　海の王者決定戦,,0,1,差し,2-1-6,8810,27,2,2,A1,0.7153,0,-0.7153
2026-03-08,2,予選,0,1,開設７３周年記念　海の王者決定戦,西,2,1,逃げ,1-6-2,12950,44,1,1,A1,0.7117,1,0.2883
2026-03-08,3,予選,0,1,開設７３周年記念　海の王者決定戦,北西,1,1,まくり差し,3-1-6,3200,14,3,3,A1,0.7094,0,-0.7094
2026-03-08,4,予選,0,1,開設７３周年記念　海の王者決定戦,北西,1,1,抜き,5-2-1,43020,76,5,5,A1,0.6503,0,-0.6503
2026-03-08,5,予選,0,1,開設７３周年記念　海の王者決定戦,北,2,1,まくり差し,3-1-2,2470,8,3,3,A1,0.6131,0,-0.6131
2026-03-08,6,予選,0,1,開設７３周年記念　海の王者決定戦,北西,1,1,抜き,2-1-4,4620,17,2,2,A1,0.641,0,-0.641
2026-03-08,7,予選,0,1,開設７３周年記念　海の王者決定戦,北西,1,1,逃げ,1-2-4,1340,4,1,1,A1,0.7172,1,0.2828
2026-03-08,8,予選,0,1,開設７３周年記念　海の王者決定戦,北西,1,1,逃げ,1-2-6,1120,2,1,1,A1,0.7172,1,0.2828
2026-03-08,9,予選,0,1,開設７３周年記念　海の王者決定戦,北,2,1,逃げ,1-2-3,710,1,1,1,A1,0.7068,1,0.2932
2026-03-08,10,予選,0,1,開設７３周年記念　海の王者決定戦,北,2,1,逃げ,1-3-5,1390,5,1,1,A1,0.7109,1,0.2891
2026-03-08,11,予選,0,1,開設７３周年記念　海の王者決定戦,北,1,1,逃げ,1-3-2,1260,3,1,1,A1,0.6582,1,0.3418
2026-03-08,12,発祥地ＤＲ,0,1,開設７３周年記念　海の王者決定戦,東,1,1,逃げ,1-2-3,530,1,1,1,A1,0.6533,1,0.3467
2026-03-09,1,予選,0,2,開設７３周年記念　海の王者決定戦,北西,3,2,逃げ,1-2-3,850,1,1,1,A1,0.7443,1,0.2557
2026-03-09,2,予選,0,2,開設７３周年記念　海の王者決定戦,北西,2,1,まくり,3-5-1,15300,31,3,3,A1,0.7154,0,-0.7154
2026-03-09,3,予選,0,2,開設７３周年記念　海の王者決定戦,北西,2,1,恵まれ,6-4-2,7700,49,6,5,A1,0.6962,0,-0.6962
2026-03-09,4,予選,0,2,開設７３周年記念　海の王者決定戦,北西,3,2,逃げ,1-3-5,940,2,1,1,A1,0.761,1,0.239
2026-03-09,5,予選,0,2,開設７３周年記念　海の王者決定戦,北,3,2,逃げ,1-4-2,1390,3,1,1,A1,0.7098,1,0.2902
2026-03-09,6,予選,0,2,開設７３周年記念　海の王者決定戦,北西,4,3,まくり,2-3-5,3720,14,2,2,A1,0.6445,0,-0.6445
2026-03-09,7,予選,0,2,開設７３周年記念　海の王者決定戦,北,5,4,逃げ,1-4-5,2630,14,1,1,A1,0.6776,1,0.3224
2026-03-09,8,予選,0,2,開設７３周年記念　海の王者決定戦,北西,3,2,まくり差し,3-1-2,12160,34,3,3,A1,0.686,0,-0.686
2026-03-09,9,予選,0,2,開設７３周年記念　海の王者決定戦,北,4,3,逃げ,1-2-3,1000,4,1,1,A1,0.7154,1,0.2846
2026-03-09,10,予選,0,2,開設７３周年記念　海の王者決定戦,北西,2,1,逃げ,1-2-6,2850,7,1,1,A1,0.6373,1,0.3627
2026-03-09,11,予選,0,2,開設７３周年記念　海の王者決定戦,北,3,2,まくり,5-2-3,17700,44,5,5,A1,0.4942,0,-0.4942
2026-03-09,12,龍神ＤＲ,0,2,開設７３周年記念　海の王者決定戦,北,2,1,逃げ,1-4-3,1200,4,1,1,A1,0.6776,1,0.3224
2026-03-10,1,予選,0,3,開設７３周年記念　海の王者決定戦,北西,2,1,逃げ,1-4-3,1550,6,1,1,A1,0.7307,1,0.2693
2026-03-10,2,予選,0,3,開設７３周年記念　海の王者決定戦,北西,1,1,逃げ,1-5-4,3720,15,1,1,A1,0.663,1,0.337
2026-03-10,3,予選,0,3,開設７３周年記念　海の王者決定戦,南西,2,1,逃げ,1-2-3,1090,3,1,1,A1,0.6677,1,0.3323
2026-03-10,4,予選,0,3,開設７３周年記念　海の王者決定戦,南,2,1,逃げ,1-3-4,2020,7,1,1,A1,0.7112,1,0.2888
2026-03-10,5,予選,0,3,開設７３周年記念　海の王者決定戦,南,1,1,逃げ,1-3-4,1370,4,1,1,A1,0.5931,1,0.4069
2026-03-10,6,予選,0,3,開設７３周年記念　海の王者決定戦,南西,1,1,逃げ,1-2-6,1880,10,1,1,A1,0.6676,1,0.3324
2026-03-10,7,予選,0,3,開設７３周年記念　海の王者決定戦,南,1,1,逃げ,1-5-2,1100,3,1,1,A1,0.672,1,0.328
2026-03-10,8,予選,0,3,開設７３周年記念　海の王者決定戦,南東,1,1,抜き,2-5-1,26170,42,2,2,A1,0.6887,0,-0.6887
2026-03-10,9,予選,0,3,開設７３周年記念　海の王者決定戦,東,2,1,差し,2-6-3,7050,25,2,2,A1,0.6011,0,-0.6011
2026-03-10,10,予選,0,3,開設７３周年記念　海の王者決定戦,南東,1,1,まくり差し,5-6-1,53270,82,5,5,A1,0.5726,0,-0.5726
2026-03-10,11,予選,0,3,開設７３周年記念　海の王者決定戦,,0,1,逃げ,1-3-4,870,1,1,1,A1,0.6361,1,0.3639
2026-03-10,12,予選,0,3,開設７３周年記念　海の王者決定戦,,0,1,逃げ,1-3-4,620,2,1,1,A1,0.751,1,0.249
2026-03-11,1,予選,0,4,開設７３周年記念　海の王者決定戦,南西,1,1,逃げ,1-3-5,1110,3,1,1,A1,0.6627,1,0.3373
2026-03-11,2,予選,0,4,開設７３周年記念　海の王者決定戦,西,2,1,逃げ,1-5-3,10510,39,1,1,A1,0.6078,1,0.3922
2026-03-11,3,予選,0,4,開設７３周年記念　海の王者決定戦,北西,1,1,差し,2-1-5,2180,6,2,2,A1,0.6449,0,-0.6449
2026-03-11,4,予選,0,4,開設７３周年記念　海の王者決定戦,北西,1,1,差し,2-1-5,2720,11,2,2,A1,0.5154,0,-0.5154
2026-03-11,5,予選,0,4,開設７３周年記念　海の王者決定戦,北西,2,1,逃げ,1-5-4,1620,6,1,1,A1,0.6897,1,0.3103
2026-03-11,6,予選,0,4,開設７３周年記念　海の王者決定戦,北西,2,1,差し,2-1-3,1180,4,2,2,A1,0.6589,0,-0.6589
2026-03-11,7,予選,0,4,開設７３周年記念　海の王者決定戦,北西,2,1,まくり差し,6-1-3,174230,107,6,6,A1,0.6912,0,-0.6912
2026-03-11,8,予選,0,4,開設７３周年記念　海の王者決定戦,北東,3,2,逃げ,1-2-3,570,1,1,1,A1,0.6997,1,0.3003
2026-03-11,9,予選,0,4,開設７３周年記念　海の王者決定戦,北,2,1,まくり差し,5-1-3,12260,38,5,5,A1,0.6792,0,-0.6792
2026-03-11,10,予選,0,4,開設７３周年記念　海の王者決定戦,北東,2,1,逃げ,1-5-6,7390,23,1,1,A1,0.6759,1,0.3241
2026-03-11,11,予選,0,4,開設７３周年記念　海の王者決定戦,北東,2,1,まくり差し,3-1-5,33190,42,3,3,A1,0.8034,0,-0.8034
2026-03-11,12,一般,0,4,開設７３周年記念　海の王者決定戦,北東,1,1,逃げ,1-5-2,11110,30,1,1,A1,0.7061,1,0.2939
2026-03-12,1,一般,0,5,開設７３周年記念　海の王者決定戦,北,7,6,まくり差し,4-1-5,20710,60,4,4,A1,0.6852,0,-0.6852
2026-03-12,2,一般,0,5,開設７３周年記念　海の王者決定戦,北,6,5,まくり,3-1-2,4220,13,3,3,A1,0.6767,0,-0.6767
2026-03-12,3,一般,0,5,開設７３周年記念　海の王者決定戦,北,8,7,逃げ,1-3-2,1180,2,1,1,A1,0.4805,1,0.5195
2026-03-12,4,一般,0,5,開設７３周年記念　海の王者決定戦,北,7,6,まくり差し,4-1-6,6730,23,4,4,A1,0.6781,0,-0.6781
2026-03-12,5,一般,0,5,開設７３周年記念　海の王者決定戦,北,7,6,まくり差し,3-2-1,3140,10,3,3,A1,0.6552,0,-0.6552
2026-03-12,6,一般,0,5,開設７３周年記念　海の王者決定戦,北,7,6,逃げ,1-2-3,1570,2,1,1,A1,0.7296,1,0.2704
2026-03-12,7,一般,0,5,開設７３周年記念　海の王者決定戦,北,7,6,差し,4-3-5,14280,46,4,4,A1,0.5726,0,-0.5726
2026-03-12,8,一般,0,5,開設７３周年記念　海の王者決定戦,北,6,5,逃げ,1-3-2,1210,3,1,1,A1,0.673,1,0.327
2026-03-12,9,準優勝戦,0,5,開設７３周年記念　海の王者決定戦,北,4,3,逃げ,1-2-3,620,1,1,1,A1,0.751,1,0.249
2026-03-12,10,準優勝戦,0,5,開設７３周年記念　海の王者決定戦,北,7,6,逃げ,1-4-5,3630,13,1,1,A1,0.791,1,0.209
2026-03-12,11,準優勝戦,0,5,開設７３周年記念　海の王者決定戦,北,4,3,差し,2-1-4,3500,13,2,2,A1,0.6725,0,-0.6725
2026-03-12,12,一般,0,5,開設７３周年記念　海の王者決定戦,北西,2,1,逃げ,1-3-2,1020,4,1,1,A1,0.6759,1,0.3241
2026-03-13,1,一般,0,6,開設７３周年記念　海の王者決定戦,北東,8,7,逃げ,1-3-2,820,2,1,1,A1,0.7068,1,0.2932
2026-03-13,2,一般,0,6,開設７３周年記念　海の王者決定戦,北東,8,7,逃げ,1-2-5,800,1,1,1,A1,0.6776,1,0.3224
2026-03-13,3,一般,0,6,開設７３周年記念　海の王者決定戦,北東,8,7,逃げ,1-2-4,670,1,1,1,A1,0.7307,1,0.2693
2026-03-13,4,一般,0,6,開設７３周年記念　海の王者決定戦,北東,8,7,逃げ,1-2-5,2010,7,1,1,A1,0.6361,1,0.3639
2026-03-13,5,一般,0,6,開設７３周年記念　海の王者決定戦,北東,8,7,逃げ,1-3-6,3430,14,1,1,A1,0.6623,1,0.3377
2026-03-13,6,一般,0,6,開設７３周年記念　海の王者決定戦,北東,8,7,逃げ,1-4-5,1570,5,1,1,A1,0.6533,1,0.3467
2026-03-13,7,一般,0,6,開設７３周年記念　海の王者決定戦,北東,8,7,差し,2-6-3,142250,101,2,2,A1,0.6804,0,-0.6804
2026-03-13,8,一般,0,6,開設７３周年記念　海の王者決定戦,北東,8,7,逃げ,1-4-5,3870,12,1,1,A1,0.7109,1,0.2891
2026-03-13,9,発祥地選抜戦,0,6,開設７３周年記念　海の王者決定戦,北東,8,7,逃げ,1-2-4,1080,1,1,1,A1,0.6078,1,0.3922
2026-03-13,10,特別選抜戦,0,6,開設７３周年記念　海の王者決定戦,北東,8,7,逃げ,1-2-4,710,2,1,1,A1,0.6997,1,0.3003
2026-03-13,11,特別選抜戦,0,6,開設７３周年記念　海の王者決定戦,北東,7,6,まくり,5-2-1,30310,64,5,5,A1,0.5154,0,-0.5154
2026-03-13,12,優勝戦,0,6,開設７３周年記念　海の王者決定戦,北東,7,6,逃げ,1-3-4,940,4,1,1,A1,0.791,1,0.209
2026-03-18,1,予選,0,1,ミッドナイトボートレースｉｎ大村　１２,南西,4,3,逃げ,1-2-4,1720,7,1,1,A2,0.5875,1,0.4125
2026-03-18,2,予選,0,1,ミッドナイトボートレースｉｎ大村　１２,南西,4,3,差し,4-6-2,10220,39,4,4,B1,0.4015,0,-0.4015
2026-03-18,3,予選,0,1,ミッドナイトボートレースｉｎ大村　１２,南西,4,3,抜き,5-1-3,17500,46,5,5,B1,0.4354,0,-0.4354
2026-03-18,4,予選,0,1,ミッドナイトボートレースｉｎ大村　１２,南西,2,1,逃げ,1-2-3,420,1,1,1,B1,0.5014,1,0.4986
2026-03-18,5,予選,0,1,ミッドナイトボートレースｉｎ大村　１２,西,2,1,逃げ,1-6-4,17420,55,1,1,A2,0.6114,1,0.3886
2026-03-18,6,予選,0,1,ミッドナイトボートレースｉｎ大村　１２,西,2,1,逃げ,1-2-3,830,3,1,1,A1,0.7154,1,0.2846
2026-03-18,7,予選,1,1,ミッドナイトボートレースｉｎ大村　１２,北西,2,1,逃げ,1-3-6,6220,10,1,1,A1,0.5785,1,0.4215
2026-03-18,8,予選,0,1,ミッドナイトボートレースｉｎ大村　１２,北西,2,1,逃げ,1-3-6,3700,13,1,1,A2,0.5793,1,0.4207
2026-03-18,9,予選特賞,0,1,ミッドナイトボートレースｉｎ大村　１２,北西,2,1,逃げ,1-2-3,1220,2,1,1,B1,0.4436,1,0.5564
2026-03-18,10,予選特選,0,1,ミッドナイトボートレースｉｎ大村　１２,北西,2,1,逃げ,1-2-4,1030,3,1,1,A2,0.5901,1,0.4099
2026-03-18,11,発祥地選抜,0,1,ミッドナイトボートレースｉｎ大村　１２,北,3,2,抜き,2-1-4,6080,17,2,2,A1,0.751,0,-0.751
2026-03-18,12,予選特賞,0,1,ミッドナイトボートレースｉｎ大村　１２,北,3,2,まくり差し,3-1-5,2410,9,3,3,B1,0.4303,0,-0.4303
2026-03-19,1,予選,0,2,ミッドナイトボートレースｉｎ大村　１２,北西,4,3,逃げ,1-4-2,1360,2,1,1,B1,0.3815,1,0.6185
2026-03-19,2,予選,0,2,ミッドナイトボートレースｉｎ大村　１２,北西,3,2,抜き,1-5-3,13300,35,1,1,A2,0.4717,1,0.5283
2026-03-19,3,予選,0,2,ミッドナイトボートレースｉｎ大村　１２,北,4,3,逃げ,1-2-3,560,1,1,1,B1,0.5505,1,0.4495
2026-03-19,4,予選,0,2,ミッドナイトボートレースｉｎ大村　１２,北,4,3,抜き,1-6-3,1440,3,1,1,B1,0.3846,1,0.6154
2026-03-19,5,予選,0,2,ミッドナイトボートレースｉｎ大村　１２,北,3,2,逃げ,1-4-3,16820,39,1,1,A2,0.6194,1,0.3806
2026-03-19,6,予選,0,2,ミッドナイトボートレースｉｎ大村　１２,北西,2,1,逃げ,1-3-4,1840,5,1,1,B1,0.5641,1,0.4359
2026-03-19,7,予選,1,2,ミッドナイトボートレースｉｎ大村　１２,北,3,2,逃げ,1-2-3,530,2,1,1,A1,0.7512,1,0.2488
2026-03-19,8,予選,0,2,ミッドナイトボートレースｉｎ大村　１２,北,1,1,まくり,2-3-5,8650,29,2,2,B1,0.5108,0,-0.5108
2026-03-19,9,予選特賞,0,2,ミッドナイトボートレースｉｎ大村　１２,北西,1,1,まくり,4-3-6,90520,93,4,4,A2,0.5893,0,-0.5893
2026-03-19,10,予選特選,0,2,ミッドナイトボートレースｉｎ大村　１２,北,1,1,逃げ,1-2-3,520,1,1,1,A1,0.7825,1,0.2175
2026-03-19,11,予選特選,0,2,ミッドナイトボートレースｉｎ大村　１２,,0,1,逃げ,1-4-5,1810,9,1,1,A1,0.681,1,0.319
2026-03-19,12,予選特賞,0,2,ミッドナイトボートレースｉｎ大村　１２,北東,1,1,まくり差し,3-1-4,1860,5,3,3,B1,0.478,0,-0.478
2026-03-20,1,予選,0,3,ミッドナイトボートレースｉｎ大村　１２,北西,2,1,差し,2-4-1,13100,29,2,2,B1,0.4913,0,-0.4913
2026-03-20,2,予選,0,3,ミッドナイトボートレースｉｎ大村　１２,北西,3,2,逃げ,1-2-5,3670,10,1,1,B1,0.5525,1,0.4475
2026-03-20,3,予選,0,3,ミッドナイトボートレースｉｎ大村　１２,北西,2,1,逃げ,1-2-3,1350,4,1,1,B1,0.5615,1,0.4385
2026-03-20,4,予選,0,3,ミッドナイトボートレースｉｎ大村　１２,北西,2,1,まくり差し,5-1-3,1950,5,5,5,B1,0.3589,0,-0.3589
2026-03-20,5,予選,0,3,ミッドナイトボートレースｉｎ大村　１２,北西,2,1,まくり,2-3-6,5610,24,2,2,B1,0.479,0,-0.479
2026-03-20,6,予選,0,3,ミッドナイトボートレースｉｎ大村　１２,北西,3,2,逃げ,1-2-4,430,1,1,1,A2,0.6165,1,0.3835
2026-03-20,7,予選,1,3,ミッドナイトボートレースｉｎ大村　１２,北西,2,1,逃げ,1-2-5,470,2,1,1,A1,0.5405,1,0.4595
2026-03-20,8,予選,0,3,ミッドナイトボートレースｉｎ大村　１２,北西,2,1,まくり差し,3-1-4,2580,10,3,3,A2,0.6168,0,-0.6168
2026-03-20,9,予選特賞,0,3,ミッドナイトボートレースｉｎ大村　１２,北西,1,1,逃げ,1-3-6,610,2,1,1,A2,0.6302,1,0.3698
2026-03-20,10,予選特選,0,3,ミッドナイトボートレースｉｎ大村　１２,北,1,1,逃げ,1-3-5,1430,5,1,1,A1,0.6594,1,0.3406
2026-03-20,11,予選特選,0,3,ミッドナイトボートレースｉｎ大村　１２,東,1,1,逃げ,1-2-3,670,3,1,1,A1,0.751,1,0.249
2026-03-20,12,一般特賞,0,3,ミッドナイトボートレースｉｎ大村　１２,北西,1,1,逃げ,1-2-3,790,2,1,1,A2,0.5901,1,0.4099
2026-03-21,1,一般,0,4,ミッドナイトボートレースｉｎ大村　１２,北西,1,1,逃げ,1-4-5,5130,19,1,1,B2,0.4015,1,0.5985
2026-03-21,2,一般,0,4,ミッドナイトボートレースｉｎ大村　１２,南西,2,1,逃げ,1-5-6,8510,31,1,1,B1,0.4709,1,0.5291
2026-03-21,3,一般,0,4,ミッドナイトボートレースｉｎ大村　１２,西,1,1,逃げ,1-4-5,520,1,1,1,A1,0.7825,1,0.2175
2026-03-21,4,一般,0,4,ミッドナイトボートレースｉｎ大村　１２,北,2,1,逃げ,1-4-2,600,2,1,1,A1,0.5405,1,0.4595
2026-03-21,5,一般,0,4,ミッドナイトボートレースｉｎ大村　１２,北西,1,1,逃げ,1-2-4,1290,6,1,1,A1,0.7154,1,0.2846
2026-03-21,6,一般,0,4,ミッドナイトボートレースｉｎ大村　１２,北,2,1,逃げ,1-3-6,460,1,1,1,A1,0.5785,1,0.4215
2026-03-21,7,一般,1,4,ミッドナイトボートレースｉｎ大村　１２,北,1,1,逃げ,1-2-5,870,3,1,1,A1,0.7512,1,0.2488
2026-03-21,8,一般,0,4,ミッドナイトボートレースｉｎ大村　１２,南東,1,1,差し,3-4-1,2520,9,3,3,B1,0.342,0,-0.342
2026-03-21,9,準優勝戦,0,4,ミッドナイトボートレースｉｎ大村　１２,南,1,1,逃げ,1-3-2,670,3,1,1,B1,0.3846,1,0.6154
2026-03-21,10,準優勝戦,0,4,ミッドナイトボートレースｉｎ大村　１２,南東,1,1,逃げ,1-5-6,3380,11,1,1,A2,0.5793,1,0.4207
2026-03-21,11,準優勝戦,0,4,ミッドナイトボートレースｉｎ大村　１２,,0,1,逃げ,1-2-5,840,3,1,1,A1,0.7371,1,0.2629
2026-03-21,12,一般,0,4,ミッドナイトボートレースｉｎ大村　１２,南東,1,1,差し,2-1-6,2630,8,2,2,A1,0.6716,0,-0.6716
2026-03-22,1,一般,0,5,ミッドナイトボートレースｉｎ大村　１２,南東,1,1,まくり差し,4-1-5,21740,35,4,4,B1,0.5815,0,-0.5815
2026-03-22,2,一般,0,5,ミッドナイトボートレースｉｎ大村　１２,南東,1,1,まくり,5-2-1,19240,48,5,5,B1,0.573,0,-0.573
2026-03-22,3,一般,0,5,ミッドナイトボートレースｉｎ大村　１２,南東,1,1,逃げ,1-4-2,1470,2,1,1,B1,0.5155,1,0.4845
2026-03-22,4,一般,0,5,ミッドナイトボートレースｉｎ大村　１２,南東,1,1,差し,2-1-3,930,2,2,2,B1,0.4354,0,-0.4354
2026-03-22,5,一般,0,5,ミッドナイトボートレースｉｎ大村　１２,南東,1,1,まくり差し,5-4-6,7810,29,5,5,B1,0.4905,0,-0.4905
2026-03-22,6,一般,0,5,ミッドナイトボートレースｉｎ大村　１２,南東,1,1,逃げ,1-3-2,2100,8,1,1,A2,0.5875,1,0.4125
2026-03-22,7,一般,1,5,ミッドナイトボートレースｉｎ大村　１２,,0,1,逃げ,1-3-2,420,2,1,1,A2,0.6194,1,0.3806
2026-03-22,8,一般,0,5,ミッドナイトボートレースｉｎ大村　１２,南東,1,1,抜き,1-5-4,850,3,1,1,A2,0.6302,1,0.3698
2026-03-22,9,一般特選,0,5,ミッドナイトボートレースｉｎ大村　１２,南西,1,1,逃げ,1-2-6,1060,4,1,1,A1,0.751,1,0.249
2026-03-22,10,特別選抜戦Ｂ,0,5,ミッドナイトボートレースｉｎ大村　１２,南,1,1,逃げ,1-2-4,560,1,1,1,A2,0.5901,1,0.4099
2026-03-22,11,優勝戦,0,5,ミッドナイトボートレースｉｎ大村　１２,南,1,1,逃げ,1-5-6,4010,16,1,1,A1,0.7371,1,0.2629
2026-03-22,12,特別選抜戦Ａ,0,5,ミッドナイトボートレースｉｎ大村　１２,南,2,1,差し,2-3-1,5870,17,2,2,B2,0.4215,0,-0.4215
2026-03-28,1,予選,0,1,おおむら桜祭り競走　イオン大謝恩祭,北西,1,1,差し,3-4-2,5620,23,3,3,B1,0.4303,0,-0.4303
2026-03-28,2,予選,0,1,おおむら桜祭り競走　イオン大謝恩祭,北西,1,1,まくり差し,3-6-1,2870,12,3,4,A2,0.7692,0,-0.7692
2026-03-28,3,予選,0,1,おおむら桜祭り競走　イオン大謝恩祭,北西,1,1,逃げ,1-3-4,1810,6,1,1,B1,0.4271,1,0.5729
2026-03-28,4,予選,0,1,おおむら桜祭り競走　イオン大謝恩祭,北西,1,1,まくり,4-5-2,6180,20,4,4,B1,0.478,0,-0.478
2026-03-28,5,予選,0,1,おおむら桜祭り競走　イオン大謝恩祭,北,2,1,まくり差し,3-2-6,4080,19,3,4,B1,0.335,0,-0.335
2026-03-28,6,予選,0,1,おおむら桜祭り競走　イオン大謝恩祭,北,3,2,差し,4-5-1,820,1,4,4,B1,0.4891,0,-0.4891
2026-03-28,7,予選,1,1,おおむら桜祭り競走　イオン大謝恩祭,北,3,2,逃げ,1-4-2,490,1,1,1,A1,0.652,1,0.348
2026-03-28,8,予選,0,1,おおむら桜祭り競走　イオン大謝恩祭,北,3,2,抜き,1-2-3,730,1,1,1,B1,0.3976,1,0.6024
2026-03-28,9,予選特賞,0,1,おおむら桜祭り競走　イオン大謝恩祭,北,2,1,逃げ,1-3-2,360,1,1,1,A2,0.6187,1,0.3813
2026-03-28,10,予選特賞,0,1,おおむら桜祭り競走　イオン大謝恩祭,北,2,1,逃げ,1-2-3,780,2,1,1,A2,0.6406,1,0.3594
2026-03-28,11,予選特選,0,1,おおむら桜祭り競走　イオン大謝恩祭,北,2,1,逃げ,1-2-3,850,2,1,1,A1,0.601,1,0.399
2026-03-28,12,発祥地選抜,0,1,おおむら桜祭り競走　イオン大謝恩祭,北,2,1,逃げ,1-3-2,1060,4,1,1,A1,0.7567,1,0.2433
2026-03-29,1,予選,0,2,おおむら桜祭り競走　イオン大謝恩祭,西,2,1,抜き,1-6-3,1440,5,1,1,B1,0.3426,1,0.6574
2026-03-29,2,予選,0,2,おおむら桜祭り競走　イオン大謝恩祭,西,2,1,まくり,3-1-4,2760,13,3,3,B1,0.2637,0,-0.2637
2026-03-29,3,予選,0,2,おおむら桜祭り競走　イオン大謝恩祭,西,2,1,逃げ,1-4-6,1450,6,1,1,B1,0.5101,1,0.4899
2026-03-29,4,予選,0,2,おおむら桜祭り競走　イオン大謝恩祭,西,2,1,逃げ,1-2-3,2030,10,1,1,A2,0.6078,1,0.3922
2026-03-29,5,予選,0,2,おおむら桜祭り競走　イオン大謝恩祭,西,1,1,逃げ,4-3-1,2420,7,4,1,B1,0.488,1,0.512
2026-03-29,6,予選,0,2,おおむら桜祭り競走　イオン大謝恩祭,西,1,1,まくり,3-5-2,6300,21,3,3,A2,0.5704,0,-0.5704
2026-03-29,7,予選,1,2,おおむら桜祭り競走　イオン大謝恩祭,北,2,1,逃げ,1-3-2,600,2,1,1,A1,0.6243,1,0.3757
2026-03-29,8,予選,0,2,おおむら桜祭り競走　イオン大謝恩祭,西,1,1,逃げ,1-3-4,5240,21,1,1,B1,0.4923,1,0.5077
2026-03-29,9,予選特賞,0,2,おおむら桜祭り競走　イオン大謝恩祭,北西,1,1,まくり差し,6-1-4,1960,8,6,5,A2,0.4542,0,-0.4542
2026-03-29,10,予選特賞,0,2,おおむら桜祭り競走　イオン大謝恩祭,北西,1,1,逃げ,1-2-3,830,2,1,1,A2,0.6375,1,0.3625
2026-03-29,11,予選特選,0,2,おおむら桜祭り競走　イオン大謝恩祭,,0,1,まくり差し,3-6-4,51080,83,3,3,A1,0.4964,0,-0.4964
2026-03-29,12,予選特選,0,2,おおむら桜祭り競走　イオン大謝恩祭,北東,1,1,差し,2-1-6,53140,77,2,2,A1,0.7334,0,-0.7334
2026-03-30,1,予選,0,3,おおむら桜祭り競走　イオン大謝恩祭,南東,1,1,まくり,2-3-1,1690,7,2,2,B1,0.3041,0,-0.3041
2026-03-30,2,予選,0,3,おおむら桜祭り競走　イオン大謝恩祭,南東,1,1,まくり差し,6-1-4,5530,19,6,5,B1,0.4815,0,-0.4815
2026-03-30,3,予選,0,3,おおむら桜祭り競走　イオン大謝恩祭,南東,3,2,差し,5-1-6,3050,7,5,2,B1,0.6017,0,-0.6017
2026-03-30,4,予選,0,3,おおむら桜祭り競走　イオン大謝恩祭,南東,1,1,差し,2-1-4,1270,3,2,2,B1,0.4415,0,-0.4415
2026-03-30,5,予選,0,3,おおむら桜祭り競走　イオン大謝恩祭,南東,1,1,差し,2-1-5,1700,5,2,2,B1,0.478,0,-0.478
2026-03-30,6,予選,0,3,おおむら桜祭り競走　イオン大謝恩祭,南東,2,1,逃げ,1-5-3,1500,5,1,1,A2,0.6632,1,0.3368
2026-03-30,7,予選,1,3,おおむら桜祭り競走　イオン大謝恩祭,東,5,4,逃げ,1-5-3,2760,13,1,1,A2,0.5764,1,0.4236
2026-03-30,8,予選,0,3,おおむら桜祭り競走　イオン大謝恩祭,東,5,4,逃げ,1-2-6,1400,4,1,1,A2,0.4708,1,0.5292
2026-03-30,9,予選特賞,0,3,おおむら桜祭り競走　イオン大謝恩祭,南東,4,3,逃げ,1-2-5,1260,4,1,1,A2,0.5011,1,0.4989
2026-03-30,10,予選特賞,0,3,おおむら桜祭り競走　イオン大謝恩祭,南東,4,3,逃げ,1-3-2,1340,5,1,1,A1,0.5154,1,0.4846
2026-03-30,11,予選特選,0,3,おおむら桜祭り競走　イオン大謝恩祭,南東,3,2,逃げ,1-2-6,3430,11,1,1,A1,0.652,1,0.348
2026-03-30,12,予選特選,0,3,おおむら桜祭り競走　イオン大謝恩祭,南東,2,1,逃げ,1-4-6,850,3,1,1,A1,0.7567,1,0.2433
2026-03-31,1,予選,0,4,おおむら桜祭り競走　イオン大謝恩祭,北,3,2,逃げ,1-4-3,1530,5,1,1,B1,0.5699,1,0.4301
2026-03-31,2,予選,0,4,おおむら桜祭り競走　イオン大謝恩祭,北,3,2,抜き,6-2-5,35730,66,6,5,B1,0.3572,0,-0.3572
2026-03-31,3,予選,0,4,おおむら桜祭り競走　イオン大謝恩祭,北東,3,2,差し,4-3-6,6870,31,4,4,B1,0.5215,0,-0.5215
2026-03-31,4,予選,0,4,おおむら桜祭り競走　イオン大謝恩祭,北,3,2,まくり差し,4-5-3,2600,8,4,4,B1,0.4408,0,-0.4408
2026-03-31,5,予選,0,4,おおむら桜祭り競走　イオン大謝恩祭,北東,4,3,まくり,4-1-2,4280,23,4,4,B1,0.3827,0,-0.3827
2026-03-31,6,予選,0,4,おおむら桜祭り競走　イオン大謝恩祭,北東,4,3,まくり差し,5-1-2,7770,22,5,5,B1,0.4182,0,-0.4182
2026-03-31,7,予選,1,4,おおむら桜祭り競走　イオン大謝恩祭,北東,4,3,まくり,2-4-3,12650,32,2,2,A1,0.4964,0,-0.4964
2026-03-31,8,予選,0,4,おおむら桜祭り競走　イオン大謝恩祭,北東,4,3,逃げ,1-5-6,3630,13,1,1,A2,0.5849,1,0.4151
2026-03-31,9,予選特賞,0,4,おおむら桜祭り競走　イオン大謝恩祭,北,4,3,逃げ,1-5-2,1640,5,1,1,A2,0.5346,1,0.4654
2026-03-31,10,予選特選,0,4,おおむら桜祭り競走　イオン大謝恩祭,北東,4,3,逃げ,1-2-5,960,1,1,1,A1,0.601,1,0.399
2026-03-31,11,予選特選,0,4,おおむら桜祭り競走　イオン大謝恩祭,北東,3,2,逃げ,1-2-6,810,2,1,1,A1,0.6243,1,0.3757
2026-03-31,12,一般特賞,0,4,おおむら桜祭り競走　イオン大謝恩祭,北,3,2,逃げ,1-3-2,350,1,1,1,A2,0.6187,1,0.3813
2026-04-01,1,一般,0,5,おおむら桜祭り競走　イオン大謝恩祭,北西,2,1,逃げ,1-5-4,6950,23,1,1,B1,0.5101,1,0.4899
2026-04-01,2,一般,0,5,おおむら桜祭り競走　イオン大謝恩祭,北,3,2,逃げ,1-3-4,1200,4,1,1,B1,0.4923,1,0.5077
2026-04-01,3,一般,0,5,おおむら桜祭り競走　イオン大謝恩祭,北西,3,2,抜き,3-1-6,1300,5,3,3,A2,0.5512,0,-0.5512
2026-04-01,4,一般,0,5,おおむら桜祭り競走　イオン大謝恩祭,北西,2,1,差し,2-5-3,11540,23,2,2,A2,0.486,0,-0.486
2026-04-01,5,一般,0,5,おおむら桜祭り競走　イオン大謝恩祭,北,3,2,逃げ,1-3-2,1850,5,1,1,A2,0.6078,1,0.3922
2026-04-01,6,一般,0,5,おおむら桜祭り競走　イオン大謝恩祭,北,4,3,逃げ,1-2-6,2830,9,1,1,A2,0.6632,1,0.3368
2026-04-01,7,一般,1,5,おおむら桜祭り競走　イオン大謝恩祭,北,3,2,逃げ,1-3-4,390,1,1,1,A1,0.5154,1,0.4846
2026-04-01,8,一般,0,5,おおむら桜祭り競走　イオン大謝恩祭,北,4,3,逃げ,1-2-3,510,1,1,1,A2,0.555,1,0.445
2026-04-01,9,準優勝戦,0,5,おおむら桜祭り競走　イオン大謝恩祭,北,4,3,逃げ,1-6-4,7090,22,1,1,A2,0.6406,1,0.3594
2026-04-01,10,準優勝戦,0,5,おおむら桜祭り競走　イオン大謝恩祭,北,4,3,逃げ,1-2-3,610,1,1,1,A1,0.7567,1,0.2433
2026-04-01,11,準優勝戦,0,5,おおむら桜祭り競走　イオン大謝恩祭,北,2,1,逃げ,1-3-2,1010,3,1,1,A2,0.5011,1,0.4989
2026-04-01,12,一般,0,5,おおむら桜祭り競走　イオン大謝恩祭,北,2,1,逃げ,1-6-5,7000,24,1,1,A2,0.7513,1,0.2487
2026-04-02,1,一般,0,6,おおむら桜祭り競走　イオン大謝恩祭,北西,2,1,逃げ,1-3-2,1320,5,1,1,B1,0.4615,1,0.5385
2026-04-02,2,一般,0,6,おおむら桜祭り競走　イオン大謝恩祭,北西,2,1,差し,2-3-1,12910,22,2,2,B1,0.4165,0,-0.4165
2026-04-02,3,一般,0,6,おおむら桜祭り競走　イオン大謝恩祭,北西,2,1,まくり,6-5-2,7880,31,6,4,B1,0.3653,0,-0.3653
2026-04-02,4,一般,0,6,おおむら桜祭り競走　イオン大謝恩祭,北西,2,1,逃げ,1-4-3,5300,20,1,1,B1,0.5699,1,0.4301
2026-04-02,5,一般,0,6,おおむら桜祭り競走　イオン大謝恩祭,北西,2,1,逃げ,1-3-6,1330,6,1,1,A2,0.4354,1,0.5646
2026-04-02,6,一般,0,6,おおむら桜祭り競走　イオン大謝恩祭,西,2,1,まくり,4-1-5,13800,28,4,4,A1,0.4964,0,-0.4964
2026-04-02,7,一般,1,6,おおむら桜祭り競走　イオン大謝恩祭,北西,2,1,逃げ,1-4-2,1900,6,1,1,A1,0.652,1,0.348
2026-04-02,8,一般,0,6,おおむら桜祭り競走　イオン大謝恩祭,北西,2,1,逃げ,1-6-2,2910,19,1,1,A2,0.5764,1,0.4236
2026-04-02,9,一般特選,0,6,おおむら桜祭り競走　イオン大謝恩祭,北西,2,1,逃げ,1-4-3,790,2,1,1,A2,0.5849,1,0.4151
2026-04-02,10,特別選抜戦,0,6,おおむら桜祭り競走　イオン大謝恩祭,北西,2,1,逃げ,1-3-5,1720,7,1,1,A2,0.6632,1,0.3368
2026-04-02,11,特別選抜戦,0,6,おおむら桜祭り競走　イオン大謝恩祭,西,2,1,逃げ,1-2-5,4410,16,1,1,A2,0.6375,1,0.3625
2026-04-02,12,優勝戦,0,6,おおむら桜祭り競走　イオン大謝恩祭,北西,2,1,まくり差し,3-2-6,18870,42,3,3,A2,0.7683,0,-0.7683
2026-04-07,1,予選,0,1,ＢＴＳ鹿島開設１１周年記念　肥前鹿島干潟杯,北,6,5,逃げ,1-3-4,880,2,1,1,B1,0.5591,1,0.4409
2026-04-07,2,予選,0,1,ＢＴＳ鹿島開設１１周年記念　肥前鹿島干潟杯,北,7,6,まくり,4-5-2,860,1,4,4,B1,0.3349,0,-0.3349
2026-04-07,3,予選,0,1,ＢＴＳ鹿島開設１１周年記念　肥前鹿島干潟杯,北,7,6,まくり差し,2-4-1,4240,19,2,3,B2,0.5164,0,-0.5164
2026-04-07,4,予選,0,1,ＢＴＳ鹿島開設１１周年記念　肥前鹿島干潟杯,北,6,5,逃げ,1-2-3,810,1,1,1,B1,0.5199,1,0.4801
2026-04-07,5,予選,0,1,ＢＴＳ鹿島開設１１周年記念　肥前鹿島干潟杯,北,6,5,まくり差し,6-2-3,21890,71,6,6,B1,0.4108,0,-0.4108
2026-04-07,6,予選,0,1,ＢＴＳ鹿島開設１１周年記念　肥前鹿島干潟杯,北,6,5,まくり差し,3-1-5,2240,7,3,3,B2,0.3659,0,-0.3659
2026-04-07,7,予選,1,1,ＢＴＳ鹿島開設１１周年記念　肥前鹿島干潟杯,北,6,5,逃げ,1-3-2,430,1,1,1,A1,0.7271,1,0.2729
2026-04-07,8,予選,0,1,ＢＴＳ鹿島開設１１周年記念　肥前鹿島干潟杯,北,6,5,逃げ,1-5-3,14380,33,1,1,A2,0.5297,1,0.4703
2026-04-07,9,予選特賞,0,1,ＢＴＳ鹿島開設１１周年記念　肥前鹿島干潟杯,北,6,5,逃げ,1-2-3,720,1,1,1,A2,0.5877,1,0.4123
2026-04-07,10,予選特賞,0,1,ＢＴＳ鹿島開設１１周年記念　肥前鹿島干潟杯,北,6,5,差し,2-1-5,1850,6,2,2,A2,0.5145,0,-0.5145
2026-04-07,11,予選特選,0,1,ＢＴＳ鹿島開設１１周年記念　肥前鹿島干潟杯,北,6,5,まくり,2-3-5,14890,26,2,2,A1,0.652,0,-0.652
2026-04-07,12,発祥地選抜,0,1,ＢＴＳ鹿島開設１１周年記念　肥前鹿島干潟杯,北,6,5,逃げ,1-2-4,1060,3,1,1,A1,0.6059,1,0.3941
2026-04-08,1,予選,0,2,ＢＴＳ鹿島開設１１周年記念　肥前鹿島干潟杯,南西,2,1,差し,4-1-2,34040,54,4,2,B1,0.5117,0,-0.5117
2026-04-08,2,予選,0,2,ＢＴＳ鹿島開設１１周年記念　肥前鹿島干潟杯,西,2,1,逃げ,1-6-3,7300,25,1,1,B1,0.4108,1,0.5892
2026-04-08,3,予選,0,2,ＢＴＳ鹿島開設１１周年記念　肥前鹿島干潟杯,南西,2,1,まくり差し,3-1-4,820,2,3,3,B1,0.4378,0,-0.4378
2026-04-08,4,予選,0,2,ＢＴＳ鹿島開設１１周年記念　肥前鹿島干潟杯,南西,2,1,差し,4-3-1,20210,75,4,4,B1,0.4165,0,-0.4165
2026-04-08,5,予選,0,2,ＢＴＳ鹿島開設１１周年記念　肥前鹿島干潟杯,南西,2,1,まくり,3-4-2,7630,32,3,3,B1,0.3846,0,-0.3846
2026-04-08,6,予選,0,2,ＢＴＳ鹿島開設１１周年記念　肥前鹿島干潟杯,南西,2,1,差し,2-1-5,8230,25,2,2,A2,0.4524,0,-0.4524
2026-04-08,7,予選,1,2,ＢＴＳ鹿島開設１１周年記念　肥前鹿島干潟杯,南西,2,1,逃げ,1-3-5,1290,4,1,1,A2,0.6509,1,0.3491
2026-04-08,8,予選,0,2,ＢＴＳ鹿島開設１１周年記念　肥前鹿島干潟杯,南西,2,1,差し,4-2-6,132000,97,4,4,B1,0.565,0,-0.565
2026-04-08,9,予選特賞,0,2,ＢＴＳ鹿島開設１１周年記念　肥前鹿島干潟杯,南西,2,1,差し,2-1-3,520,2,2,2,A2,0.5877,0,-0.5877
2026-04-08,10,予選特賞,0,2,ＢＴＳ鹿島開設１１周年記念　肥前鹿島干潟杯,南,1,1,逃げ,1-2-4,1000,3,1,1,A2,0.6154,1,0.3846
2026-04-08,11,予選特選,0,2,ＢＴＳ鹿島開設１１周年記念　肥前鹿島干潟杯,南,2,1,逃げ,1-4-5,1240,4,1,1,A1,0.5984,1,0.4016
2026-04-08,12,予選特選,0,2,ＢＴＳ鹿島開設１１周年記念　肥前鹿島干潟杯,南,2,1,逃げ,1-5-2,2540,11,1,1,A1,0.7247,1,0.2753
2026-04-09,1,予選,0,3,ＢＴＳ鹿島開設１１周年記念　肥前鹿島干潟杯,北東,3,2,逃げ,1-2-3,1190,3,1,1,B1,0.5641,1,0.4359
2026-04-09,2,予選,0,3,ＢＴＳ鹿島開設１１周年記念　肥前鹿島干潟杯,北東,3,2,まくり,2-3-6,10080,35,2,2,B1,0.3921,0,-0.3921
2026-04-09,3,予選,0,3,ＢＴＳ鹿島開設１１周年記念　肥前鹿島干潟杯,東,2,1,差し,4-2-1,16830,50,4,4,B1,0.4923,0,-0.4923
2026-04-09,4,予選,0,3,ＢＴＳ鹿島開設１１周年記念　肥前鹿島干潟杯,南,2,1,まくり差し,5-3-2,5510,20,5,5,B1,0.5128,0,-0.5128
2026-04-09,5,予選,0,3,ＢＴＳ鹿島開設１１周年記念　肥前鹿島干潟杯,南,2,1,差し,2-1-3,5030,15,2,2,A2,0.592,0,-0.592
2026-04-09,6,予選,0,3,ＢＴＳ鹿島開設１１周年記念　肥前鹿島干潟杯,南,2,1,差し,4-6-3,6110,28,4,4,B1,0.4053,0,-0.4053
2026-04-09,7,予選,1,3,ＢＴＳ鹿島開設１１周年記念　肥前鹿島干潟杯,南,5,4,逃げ,1-4-5,2080,6,1,1,A2,0.6388,1,0.3612
2026-04-09,8,予選,0,3,ＢＴＳ鹿島開設１１周年記念　肥前鹿島干潟杯,南,5,4,まくり差し,6-1-5,19000,55,6,4,A2,0.4367,0,-0.4367
2026-04-09,9,予選特賞,0,3,ＢＴＳ鹿島開設１１周年記念　肥前鹿島干潟杯,南,6,5,差し,2-5-3,6180,21,2,2,B1,0.5934,0,-0.5934
2026-04-09,10,予選特賞,0,3,ＢＴＳ鹿島開設１１周年記念　肥前鹿島干潟杯,南,6,5,逃げ,1-3-5,1230,2,1,1,A2,0.5534,1,0.4466
2026-04-09,11,予選特選,0,3,ＢＴＳ鹿島開設１１周年記念　肥前鹿島干潟杯,南,7,6,逃げ,1-2-3,430,1,1,1,A1,0.6759,1,0.3241
2026-04-09,12,予選特選,0,3,ＢＴＳ鹿島開設１１周年記念　肥前鹿島干潟杯,南,7,6,差し,4-2-1,12790,32,4,4,A1,0.6163,0,-0.6163
2026-04-10,1,予選,0,4,ＢＴＳ鹿島開設１１周年記念　肥前鹿島干潟杯,北,3,2,まくり差し,3-1-4,2440,7,3,3,B1,0.4391,0,-0.4391
2026-04-10,2,予選,0,4,ＢＴＳ鹿島開設１１周年記念　肥前鹿島干潟杯,北,2,1,差し,2-1-3,1280,3,2,2,B2,0.4122,0,-0.4122
2026-04-10,3,予選,0,4,ＢＴＳ鹿島開設１１周年記念　肥前鹿島干潟杯,北,3,2,逃げ,1-4-5,2470,8,1,1,A2,0.6509,1,0.3491
2026-04-10,4,予選,0,4,ＢＴＳ鹿島開設１１周年記念　肥前鹿島干潟杯,北,3,2,逃げ,1-6-3,1990,7,1,1,B1,0.4756,1,0.5244
2026-04-10,5,予選,0,4,ＢＴＳ鹿島開設１１周年記念　肥前鹿島干潟杯,北,3,2,まくり差し,3-1-6,2740,10,3,3,B1,0.4182,0,-0.4182
2026-04-10,6,予選,0,4,ＢＴＳ鹿島開設１１周年記念　肥前鹿島干潟杯,北,2,1,まくり差し,5-1-4,12650,46,5,5,B1,0.4265,0,-0.4265
2026-04-10,7,予選,1,4,ＢＴＳ鹿島開設１１周年記念　肥前鹿島干潟杯,北,2,1,逃げ,1-2-4,6600,19,1,1,A1,0.5276,1,0.4724
2026-04-10,8,予選,0,4,ＢＴＳ鹿島開設１１周年記念　肥前鹿島干潟杯,北,3,2,逃げ,1-3-5,530,1,1,1,A2,0.4656,1,0.5344
2026-04-10,9,予選特賞,0,4,ＢＴＳ鹿島開設１１周年記念　肥前鹿島干潟杯,北,2,1,逃げ,1-5-2,5720,19,1,1,B1,0.5674,1,0.4326
2026-04-10,10,予選特選,0,4,ＢＴＳ鹿島開設１１周年記念　肥前鹿島干潟杯,北,3,2,まくり差し,5-3-2,49440,87,5,5,A2,0.6154,0,-0.6154
2026-04-10,11,予選特選,0,4,ＢＴＳ鹿島開設１１周年記念　肥前鹿島干潟杯,北,2,1,逃げ,1-5-6,1490,7,1,1,A1,0.6473,1,0.3527
2026-04-10,12,一般特賞,0,4,ＢＴＳ鹿島開設１１周年記念　肥前鹿島干潟杯,北西,2,1,逃げ,1-4-2,990,4,1,1,A1,0.7271,1,0.2729
2026-04-11,1,一般,0,5,ＢＴＳ鹿島開設１１周年記念　肥前鹿島干潟杯,北,2,1,逃げ,1-3-4,790,2,1,1,B1,0.5468,1,0.4532
2026-04-11,2,一般,0,5,ＢＴＳ鹿島開設１１周年記念　肥前鹿島干潟杯,北西,2,1,差し,2-3-5,2170,9,2,2,B1,0.502,0,-0.502
2026-04-11,3,一般,0,5,ＢＴＳ鹿島開設１１周年記念　肥前鹿島干潟杯,北西,2,1,逃げ,1-3-2,690,2,1,1,A1,0.5984,1,0.4016
2026-04-11,4,一般,0,5,ＢＴＳ鹿島開設１１周年記念　肥前鹿島干潟杯,北西,2,1,逃げ,1-4-2,2900,12,1,1,A1,0.6361,1,0.3639
2026-04-11,5,一般,0,5,ＢＴＳ鹿島開設１１周年記念　肥前鹿島干潟杯,北西,2,1,逃げ,1-3-5,830,3,1,1,A2,0.6011,1,0.3989
2026-04-11,6,一般,0,5,ＢＴＳ鹿島開設１１周年記念　肥前鹿島干潟杯,北西,2,1,まくり差し,6-1-3,9050,27,6,5,A2,0.5145,0,-0.5145
2026-04-11,7,一般,1,5,ＢＴＳ鹿島開設１１周年記念　肥前鹿島干潟杯,北,3,2,逃げ,1-3-4,750,3,1,1,A1,0.6035,1,0.3965
2026-04-11,8,準優進出戦,0,5,ＢＴＳ鹿島開設１１周年記念　肥前鹿島干潟杯,北,3,2,逃げ,1-4-5,3090,11,1,1,B1,0.5199,1,0.4801
2026-04-11,9,準優進出戦,0,5,ＢＴＳ鹿島開設１１周年記念　肥前鹿島干潟杯,北,2,1,差し,2-1-4,1340,4,2,2,A1,0.6594,0,-0.6594
2026-04-11,10,準優進出戦,0,5,ＢＴＳ鹿島開設１１周年記念　肥前鹿島干潟杯,北,2,1,逃げ,1-2-3,500,1,1,1,A2,0.5297,1,0.4703
2026-04-11,11,準優進出戦,0,5,ＢＴＳ鹿島開設１１周年記念　肥前鹿島干潟杯,北,1,1,逃げ,1-2-3,420,1,1,1,A1,0.6059,1,0.3941
2026-04-11,12,一般,0,5,ＢＴＳ鹿島開設１１周年記念　肥前鹿島干潟杯,北,1,1,逃げ,1-2-4,1000,3,1,1,A1,0.5276,1,0.4724
2026-04-12,1,一般,0,6,ＢＴＳ鹿島開設１１周年記念　肥前鹿島干潟杯,西,1,1,逃げ,1-5-2,690,2,1,1,A2,0.6388,1,0.3612
2026-04-12,2,一般,0,6,ＢＴＳ鹿島開設１１周年記念　肥前鹿島干潟杯,南西,1,1,逃げ,1-4-3,4330,14,1,1,A2,0.5877,1,0.4123
2026-04-12,3,一般,0,6,ＢＴＳ鹿島開設１１周年記念　肥前鹿島干潟杯,南西,2,1,抜き,1-4-5,720,2,1,1,A2,0.5743,1,0.4257
2026-04-12,4,一般,0,6,ＢＴＳ鹿島開設１１周年記念　肥前鹿島干潟杯,南東,1,1,逃げ,1-3-6,820,3,1,1,A1,0.7247,1,0.2753
2026-04-12,5,一般,0,6,ＢＴＳ鹿島開設１１周年記念　肥前鹿島干潟杯,南,2,1,逃げ,1-2-4,380,1,1,1,A1,0.6759,1,0.3241
2026-04-12,6,一般,0,6,ＢＴＳ鹿島開設１１周年記念　肥前鹿島干潟杯,南,2,1,逃げ,1-2-5,470,1,1,1,B1,0.5674,1,0.4326
2026-04-12,7,一般,1,6,ＢＴＳ鹿島開設１１周年記念　肥前鹿島干潟杯,南,2,1,逃げ,1-4-3,770,2,1,1,A2,0.6154,1,0.3846
2026-04-12,8,一般,0,6,ＢＴＳ鹿島開設１１周年記念　肥前鹿島干潟杯,南,2,1,恵まれ,1-6-2,590,1,1,1,B1,0.4741,1,0.5259
2026-04-12,9,準優勝戦,0,6,ＢＴＳ鹿島開設１１周年記念　肥前鹿島干潟杯,東,2,1,逃げ,1-2-3,700,2,1,1,B1,0.5199,1,0.4801
2026-04-12,10,準優勝戦,0,6,ＢＴＳ鹿島開設１１周年記念　肥前鹿島干潟杯,南,1,1,逃げ,1-2-4,400,1,1,1,A2,0.5297,1,0.4703
2026-04-12,11,準優勝戦,0,6,ＢＴＳ鹿島開設１１周年記念　肥前鹿島干潟杯,南,2,1,逃げ,1-4-3,2290,7,1,1,A1,0.6059,1,0.3941
2026-04-12,12,一般,0,6,ＢＴＳ鹿島開設１１周年記念　肥前鹿島干潟杯,東,1,1,まくり差し,5-1-2,2550,10,5,5,A2,0.4835,0,-0.4835
2026-04-13,1,一般,0,7,ＢＴＳ鹿島開設１１周年記念　肥前鹿島干潟杯,西,1,1,まくり差し,3-1-5,1280,4,3,3,B1,0.5849,0,-0.5849
2026-04-13,2,一般,0,7,ＢＴＳ鹿島開設１１周年記念　肥前鹿島干潟杯,西,1,1,逃げ,1-2-6,640,3,1,1,A2,0.6509,1,0.3491
2026-04-13,3,一般,0,7,ＢＴＳ鹿島開設１１周年記念　肥前鹿島干潟杯,西,1,1,逃げ,1-2-4,370,1,1,1,B1,0.5591,1,0.4409
2026-04-13,4,一般,0,7,ＢＴＳ鹿島開設１１周年記念　肥前鹿島干潟杯,西,1,1,差し,2-1-6,1160,3,2,2,B2,0.4122,0,-0.4122
2026-04-13,5,一般,0,7,ＢＴＳ鹿島開設１１周年記念　肥前鹿島干潟杯,南西,1,1,逃げ,1-4-6,1130,3,1,1,A1,0.6035,1,0.3965
2026-04-13,6,一般,0,7,ＢＴＳ鹿島開設１１周年記念　肥前鹿島干潟杯,南,1,1,まくり差し,4-1-2,1330,3,4,4,A1,0.6114,0,-0.6114
2026-04-13,7,一般,1,7,ＢＴＳ鹿島開設１１周年記念　肥前鹿島干潟杯,南,1,1,逃げ,1-6-5,4630,16,1,1,A1,0.7247,1,0.2753
2026-04-13,8,一般,0,7,ＢＴＳ鹿島開設１１周年記念　肥前鹿島干潟杯,北,1,1,逃げ,1-2-5,3830,14,1,1,A2,0.5769,1,0.4231
2026-04-13,9,一般特選,0,7,ＢＴＳ鹿島開設１１周年記念　肥前鹿島干潟杯,南西,1,1,まくり差し,3-1-2,3340,12,3,3,A2,0.4524,0,-0.4524
2026-04-13,10,特別選抜戦,0,7,ＢＴＳ鹿島開設１１周年記念　肥前鹿島干潟杯,南,1,1,逃げ,1-4-2,1960,5,1,1,A2,0.501,1,0.499
2026-04-13,11,特別選抜戦,0,7,ＢＴＳ鹿島開設１１周年記念　肥前鹿島干潟杯,北,1,1,逃げ,1-3-2,550,2,1,1,A1,0.6759,1,0.3241
2026-04-13,12,優勝戦,0,7,ＢＴＳ鹿島開設１１周年記念　肥前鹿島干潟杯,南,1,1,逃げ,1-5-6,2250,12,1,1,A1,0.6059,1,0.3941
2026-04-18,1,予選,1,1,ＲＳ第９戦　スカパー！・ＪＬＣ杯　オール進入固定,西,2,1,まくり,3-5-2,5420,23,3,3,B2,0.4871,0,-0.4871
2026-04-18,2,予選,1,1,ＲＳ第９戦　スカパー！・ＪＬＣ杯　オール進入固定,西,2,1,まくり,3-2-1,3470,18,3,3,B2,0.4615,0,-0.4615
2026-04-18,3,予選,1,1,ＲＳ第９戦　スカパー！・ＪＬＣ杯　オール進入固定,北西,1,1,まくり,3-1-4,1830,6,3,3,B1,0.5185,0,-0.5185
2026-04-18,4,予選,1,1,ＲＳ第９戦　スカパー！・ＪＬＣ杯　オール進入固定,西,1,1,逃げ,1-2-6,5140,17,1,1,B1,0.5769,1,0.4231
2026-04-18,5,予選,1,1,ＲＳ第９戦　スカパー！・ＪＬＣ杯　オール進入固定,西,1,1,まくり,2-4-6,5590,21,2,2,B1,0.4203,0,-0.4203
2026-04-18,6,予選,1,1,ＲＳ第９戦　スカパー！・ＪＬＣ杯　オール進入固定,西,1,1,まくり,3-6-1,1160,5,3,3,B1,0.3967,0,-0.3967
2026-04-18,7,予選,1,1,ＲＳ第９戦　スカパー！・ＪＬＣ杯　オール進入固定,南西,1,1,逃げ,1-4-2,690,2,1,1,A1,0.6274,1,0.3726
2026-04-18,8,予選,1,1,ＲＳ第９戦　スカパー！・ＪＬＣ杯　オール進入固定,南西,2,1,逃げ,1-3-2,430,1,1,1,A1,0.7296,1,0.2704
2026-04-18,9,予選特賞,1,1,ＲＳ第９戦　スカパー！・ＪＬＣ杯　オール進入固定,南,2,1,逃げ,1-3-2,1280,4,1,1,B1,0.414,1,0.586
2026-04-18,10,予選特賞,1,1,ＲＳ第９戦　スカパー！・ＪＬＣ杯　オール進入固定,西,1,1,逃げ,1-5-2,3400,10,1,1,A2,0.5324,1,0.4676
2026-04-18,11,予選特選,1,1,ＲＳ第９戦　スカパー！・ＪＬＣ杯　オール進入固定,北,1,1,逃げ,1-3-5,540,2,1,1,A1,0.6677,1,0.3323
2026-04-18,12,発祥地選抜,1,1,ＲＳ第９戦　スカパー！・ＪＬＣ杯　オール進入固定,北,1,1,逃げ,1-5-3,2190,12,1,1,A1,0.6105,1,0.3895
2026-04-19,1,予選,1,2,ＲＳ第９戦　スカパー！・ＪＬＣ杯　オール進入固定,北東,3,2,逃げ,1-5-3,2810,7,1,1,B1,0.4756,1,0.5244
2026-04-19,2,予選,1,2,ＲＳ第９戦　スカパー！・ＪＬＣ杯　オール進入固定,北東,3,2,逃げ,1-2-3,580,1,1,1,B1,0.5366,1,0.4634
2026-04-19,3,予選,1,2,ＲＳ第９戦　スカパー！・ＪＬＣ杯　オール進入固定,北東,3,2,差し,2-1-4,5460,18,2,2,B1,0.502,0,-0.502
2026-04-19,4,予選,1,2,ＲＳ第９戦　スカパー！・ＪＬＣ杯　オール進入固定,北,3,2,まくり差し,3-4-5,3590,14,3,3,B1,0.4019,0,-0.4019
2026-04-19,5,予選,1,2,ＲＳ第９戦　スカパー！・ＪＬＣ杯　オール進入固定,北,2,1,まくり,4-1-2,2470,7,4,4,B1,0.4905,0,-0.4905
2026-04-19,6,予選,1,2,ＲＳ第９戦　スカパー！・ＪＬＣ杯　オール進入固定,西,1,1,恵まれ,1-6-2,3750,11,1,1,A1,0.6634,1,0.3366
2026-04-19,7,予選,1,2,ＲＳ第９戦　スカパー！・ＪＬＣ杯　オール進入固定,南,2,1,まくり,3-1-6,4020,19,3,3,B1,0.4307,0,-0.4307
2026-04-19,8,予選,1,2,ＲＳ第９戦　スカパー！・ＪＬＣ杯　オール進入固定,南,2,1,抜き,1-2-6,1160,3,1,1,B1,0.5017,1,0.4983
2026-04-19,9,予選特賞,1,2,ＲＳ第９戦　スカパー！・ＪＬＣ杯　オール進入固定,南,2,1,まくり差し,3-1-6,16010,33,3,3,A2,0.5606,0,-0.5606
2026-04-19,10,予選特賞,1,2,ＲＳ第９戦　スカパー！・ＪＬＣ杯　オール進入固定,南,1,1,まくり差し,6-1-5,6570,23,6,6,A2,0.4377,0,-0.4377
2026-04-19,11,予選特選,1,2,ＲＳ第９戦　スカパー！・ＪＬＣ杯　オール進入固定,東,1,1,逃げ,1-2-6,770,2,1,1,A1,0.7443,1,0.2557
2026-04-19,12,予選特選,1,2,ＲＳ第９戦　スカパー！・ＪＬＣ杯　オール進入固定,北東,1,1,逃げ,1-5-4,2910,15,1,1,A1,0.6869,1,0.3131
2026-04-20,1,予選,1,3,ＲＳ第９戦　スカパー！・ＪＬＣ杯　オール進入固定,西,2,1,まくり,4-5-1,1830,7,4,4,B1,0.4436,0,-0.4436
2026-04-20,2,予選,1,3,ＲＳ第９戦　スカパー！・ＪＬＣ杯　オール進入固定,南西,2,1,逃げ,1-2-6,1150,2,1,1,B1,0.3827,1,0.6173
2026-04-20,3,予選,1,3,ＲＳ第９戦　スカパー！・ＪＬＣ杯　オール進入固定,南,2,1,逃げ,1-3-2,2660,10,1,1,B1,0.5207,1,0.4793
2026-04-20,4,予選,1,3,ＲＳ第９戦　スカパー！・ＪＬＣ杯　オール進入固定,西,4,3,まくり差し,3-1-6,620,2,3,3,B1,0.4437,0,-0.4437
2026-04-20,5,予選,1,3,ＲＳ第９戦　スカパー！・ＪＬＣ杯　オール進入固定,南西,2,1,逃げ,1-3-2,2210,8,1,1,B1,0.5256,1,0.4744
2026-04-20,6,予選,1,3,ＲＳ第９戦　スカパー！・ＪＬＣ杯　オール進入固定,南西,1,1,差し,2-4-6,880,4,2,2,B1,0.4909,0,-0.4909
2026-04-20,7,予選,1,3,ＲＳ第９戦　スカパー！・ＪＬＣ杯　オール進入固定,西,2,1,まくり差し,5-1-3,2180,8,5,5,B1,0.6615,0,-0.6615
2026-04-20,8,予選,1,3,ＲＳ第９戦　スカパー！・ＪＬＣ杯　オール進入固定,北西,2,1,抜き,1-2-4,540,1,1,1,A1,0.7443,1,0.2557
2026-04-20,9,予選特賞,1,3,ＲＳ第９戦　スカパー！・ＪＬＣ杯　オール進入固定,西,2,1,逃げ,1-3-2,740,3,1,1,A2,0.6504,1,0.3496
2026-04-20,10,予選特賞,1,3,ＲＳ第９戦　スカパー！・ＪＬＣ杯　オール進入固定,北,2,1,逃げ,1-3-2,1410,6,1,1,A2,0.6718,1,0.3282
2026-04-20,11,予選特選,1,3,ＲＳ第９戦　スカパー！・ＪＬＣ杯　オール進入固定,北,2,1,逃げ,1-3-5,490,2,1,1,A1,0.6634,1,0.3366
2026-04-20,12,予選特選,1,3,ＲＳ第９戦　スカパー！・ＪＬＣ杯　オール進入固定,北,2,1,逃げ,1-4-3,530,1,1,1,A1,0.7296,1,0.2704
2026-04-21,1,予選,1,4,ＲＳ第９戦　スカパー！・ＪＬＣ杯　オール進入固定,東,3,2,差し,2-1-5,7080,21,2,2,B1,0.5732,0,-0.5732
2026-04-21,2,予選,1,4,ＲＳ第９戦　スカパー！・ＪＬＣ杯　オール進入固定,北東,3,2,逃げ,1-3-2,610,2,1,1,B1,0.3572,1,0.6428
2026-04-21,3,予選,1,4,ＲＳ第９戦　スカパー！・ＪＬＣ杯　オール進入固定,北西,1,1,抜き,3-5-4,7470,31,3,3,B1,0.3881,0,-0.3881
2026-04-21,4,予選,1,4,ＲＳ第９戦　スカパー！・ＪＬＣ杯　オール進入固定,西,1,1,恵まれ,4-5-6,1500,8,4,4,B1,0.3704,0,-0.3704
2026-04-21,5,予選,1,4,ＲＳ第９戦　スカパー！・ＪＬＣ杯　オール進入固定,西,2,1,逃げ,1-2-3,1130,3,1,1,B1,0.492,1,0.508
2026-04-21,6,予選,1,4,ＲＳ第９戦　スカパー！・ＪＬＣ杯　オール進入固定,西,2,1,逃げ,1-2-6,770,2,1,1,B1,0.4635,1,0.5365
2026-04-21,7,予選,1,4,ＲＳ第９戦　スカパー！・ＪＬＣ杯　オール進入固定,南西,1,1,まくり差し,3-1-2,1060,4,3,3,A2,0.6114,0,-0.6114
2026-04-21,8,予選,1,4,ＲＳ第９戦　スカパー！・ＪＬＣ杯　オール進入固定,南西,2,1,逃げ,1-2-4,500,2,1,1,A2,0.6489,1,0.3511
2026-04-21,9,予選特賞,1,4,ＲＳ第９戦　スカパー！・ＪＬＣ杯　オール進入固定,北東,3,2,逃げ,1-3-5,440,1,1,1,A1,0.6869,1,0.3131
2026-04-21,10,予選特選,1,4,ＲＳ第９戦　スカパー！・ＪＬＣ杯　オール進入固定,東,2,1,まくり差し,5-1-3,12030,20,5,5,A1,0.6395,0,-0.6395
2026-04-21,11,予選特選,1,4,ＲＳ第９戦　スカパー！・ＪＬＣ杯　オール進入固定,南,2,1,逃げ,1-4-3,960,3,1,1,A1,0.6105,1,0.3895
2026-04-21,12,一般特賞,1,4,ＲＳ第９戦　スカパー！・ＪＬＣ杯　オール進入固定,南,2,1,まくり差し,5-4-1,3510,11,5,5,A1,0.681,0,-0.681
2026-04-22,1,一般,1,5,ＲＳ第９戦　スカパー！・ＪＬＣ杯　オール進入固定,南東,1,1,差し,2-1-5,3280,12,2,2,B1,0.4436,0,-0.4436
2026-04-22,2,一般,1,5,ＲＳ第９戦　スカパー！・ＪＬＣ杯　オール進入固定,南,2,1,逃げ,1-4-5,1880,5,1,1,B1,0.5366,1,0.4634
2026-04-22,3,一般,1,5,ＲＳ第９戦　スカパー！・ＪＬＣ杯　オール進入固定,南東,1,1,まくり差し,5-4-1,11120,26,5,5,A2,0.6114,0,-0.6114
2026-04-22,4,一般,1,5,ＲＳ第９戦　スカパー！・ＪＬＣ杯　オール進入固定,東,1,1,まくり差し,5-1-3,2430,8,5,5,A2,0.668,0,-0.668
2026-04-22,5,一般,1,5,ＲＳ第９戦　スカパー！・ＪＬＣ杯　オール進入固定,南西,1,1,逃げ,1-2-5,420,1,1,1,A1,0.7296,1,0.2704
2026-04-22,6,一般,1,5,ＲＳ第９戦　スカパー！・ＪＬＣ杯　オール進入固定,東,1,1,まくり差し,5-2-6,35110,45,5,5,A1,0.6262,0,-0.6262
2026-04-22,7,一般,1,5,ＲＳ第９戦　スカパー！・ＪＬＣ杯　オール進入固定,北,1,1,逃げ,1-2-4,2560,11,1,1,A2,0.5324,1,0.4676
2026-04-22,8,一般,1,5,ＲＳ第９戦　スカパー！・ＪＬＣ杯　オール進入固定,北,1,1,逃げ,1-5-6,4610,14,1,1,A2,0.5436,1,0.4564
2026-04-22,9,準優勝戦,1,5,ＲＳ第９戦　スカパー！・ＪＬＣ杯　オール進入固定,北,2,1,逃げ,1-2-4,1030,3,1,1,A2,0.6489,1,0.3511
2026-04-22,10,準優勝戦,1,5,ＲＳ第９戦　スカパー！・ＪＬＣ杯　オール進入固定,南,1,1,逃げ,1-2-3,580,1,1,1,A1,0.6869,1,0.3131
2026-04-22,11,準優勝戦,1,5,ＲＳ第９戦　スカパー！・ＪＬＣ杯　オール進入固定,南,1,1,逃げ,1-3-4,1300,6,1,1,A1,0.7443,1,0.2557
2026-04-22,12,一般,1,5,ＲＳ第９戦　スカパー！・ＪＬＣ杯　オール進入固定,南,1,1,逃げ,1-6-2,1200,2,1,1,B1,0.3704,1,0.6296
2026-04-23,1,一般,1,6,ＲＳ第９戦　スカパー！・ＪＬＣ杯　オール進入固定,南,2,1,逃げ,1-5-3,2080,10,1,1,B1,0.5256,1,0.4744
2026-04-23,2,一般,1,6,ＲＳ第９戦　スカパー！・ＪＬＣ杯　オール進入固定,南,2,1,逃げ,1-2-4,620,2,1,1,B1,0.492,1,0.508
2026-04-23,3,一般,1,6,ＲＳ第９戦　スカパー！・ＪＬＣ杯　オール進入固定,南,1,1,逃げ,1-3-2,840,3,1,1,B1,0.4203,1,0.5797
2026-04-23,4,一般,1,6,ＲＳ第９戦　スカパー！・ＪＬＣ杯　オール進入固定,南,2,1,逃げ,1-3-2,2630,11,1,1,B1,0.4635,1,0.5365
2026-04-23,5,一般,1,6,ＲＳ第９戦　スカパー！・ＪＬＣ杯　オール進入固定,北東,3,2,逃げ,1-2-3,960,4,1,1,B1,0.5769,1,0.4231
2026-04-23,6,一般,1,6,ＲＳ第９戦　スカパー！・ＪＬＣ杯　オール進入固定,北,3,2,逃げ,1-4-3,3120,12,1,1,B1,0.4863,1,0.5137
2026-04-23,7,一般,1,6,ＲＳ第９戦　スカパー！・ＪＬＣ杯　オール進入固定,北,3,2,逃げ,1-3-2,1020,3,1,1,A1,0.6634,1,0.3366
2026-04-23,8,一般,1,6,ＲＳ第９戦　スカパー！・ＪＬＣ杯　オール進入固定,北,3,2,逃げ,1-6-5,1210,3,1,1,B1,0.6415,1,0.3585
2026-04-23,9,一般特選,1,6,ＲＳ第９戦　スカパー！・ＪＬＣ杯　オール進入固定,北,3,2,まくり差し,5-1-6,11610,30,5,5,B1,0.5732,0,-0.5732
2026-04-23,10,特別選抜戦,1,6,ＲＳ第９戦　スカパー！・ＪＬＣ杯　オール進入固定,北,3,2,まくり差し,3-2-1,8770,26,3,3,B1,0.5399,0,-0.5399
2026-04-23,11,特別選抜戦,1,6,ＲＳ第９戦　スカパー！・ＪＬＣ杯　オール進入固定,北,3,2,逃げ,1-2-4,790,4,1,1,A1,0.6274,1,0.3726
2026-04-23,12,優勝戦,1,6,ＲＳ第９戦　スカパー！・ＪＬＣ杯　オール進入固定,北,2,1,逃げ,1-5-3,2550,10,1,1,A1,0.7443,1,0.2557
2026-04-26,1,予選,0,1,ミッドナイトボートレースｉｎ大村　１,南,1,1,差し,2-1-3,2410,8,2,2,B1,0.475,0,-0.475
2026-04-26,2,予選,0,1,ミッドナイトボートレースｉｎ大村　１,南,1,1,まくり,2-6-3,4280,16,2,2,B1,0.5023,0,-0.5023
2026-04-26,3,予選,0,1,ミッドナイトボートレースｉｎ大村　１,南,1,1,逃げ,1-4-3,1560,5,1,1,B1,0.5906,1,0.4094
2026-04-26,4,予選,0,1,ミッドナイトボートレースｉｎ大村　１,南,1,1,逃げ,1-4-5,950,1,1,1,B1,0.6681,1,0.3319
2026-04-26,5,予選,0,1,ミッドナイトボートレースｉｎ大村　１,南,2,1,逃げ,1-5-2,5180,23,1,1,B1,0.3668,1,0.6332
2026-04-26,6,予選,0,1,ミッドナイトボートレースｉｎ大村　１,南,2,1,まくり,6-3-2,3180,15,6,6,B1,0.5128,0,-0.5128
2026-04-26,7,予選,1,1,ミッドナイトボートレースｉｎ大村　１,南,1,1,逃げ,1-6-3,1300,5,1,1,A1,0.633,1,0.367
2026-04-26,8,予選,0,1,ミッドナイトボートレースｉｎ大村　１,西,1,1,まくり,4-2-1,8000,28,4,4,B1,0.5192,0,-0.5192
2026-04-26,9,予選特賞,0,1,ミッドナイトボートレースｉｎ大村　１,東,1,1,抜き,1-5-3,1850,8,1,1,A2,0.6153,1,0.3847
2026-04-26,10,予選特賞,0,1,ミッドナイトボートレースｉｎ大村　１,東,1,1,逃げ,1-3-4,1020,1,1,1,A2,0.5436,1,0.4564
2026-04-26,11,予選特選,0,1,ミッドナイトボートレースｉｎ大村　１,東,1,1,逃げ,1-3-4,850,3,1,1,A2,0.6012,1,0.3988
2026-04-26,12,発祥地選抜,0,1,ミッドナイトボートレースｉｎ大村　１,東,1,1,抜き,1-6-5,12770,52,1,1,A1,0.6897,1,0.3103
2026-04-27,1,予選,0,2,ミッドナイトボートレースｉｎ大村　１,西,2,1,差し,2-1-3,1010,3,2,2,B1,0.4562,0,-0.4562
2026-04-27,2,予選,0,2,ミッドナイトボートレースｉｎ大村　１,西,2,1,差し,2-1-4,1010,4,2,2,B1,0.3544,0,-0.3544
2026-04-27,3,予選,0,2,ミッドナイトボートレースｉｎ大村　１,西,2,1,差し,6-2-5,7860,29,6,4,B1,0.5548,0,-0.5548
2026-04-27,4,予選,0,2,ミッドナイトボートレースｉｎ大村　１,南西,1,1,差し,2-5-3,15270,45,2,2,B1,0.3881,0,-0.3881
2026-04-27,5,予選,0,2,ミッドナイトボートレースｉｎ大村　１,南,2,1,まくり,3-5-4,1000,1,3,3,B1,0.391,0,-0.391
2026-04-27,6,予選,0,2,ミッドナイトボートレースｉｎ大村　１,南,1,1,まくり,2-1-3,1470,2,2,2,B1,0.3494,0,-0.3494
2026-04-27,7,予選,1,2,ミッドナイトボートレースｉｎ大村　１,南,1,1,まくり,4-1-5,840,2,4,4,A2,0.5637,0,-0.5637
2026-04-27,8,予選,0,2,ミッドナイトボートレースｉｎ大村　１,東,1,1,まくり差し,4-3-2,16350,50,4,5,A2,0.4497,0,-0.4497
2026-04-27,9,予選特賞,0,2,ミッドナイトボートレースｉｎ大村　１,東,1,1,抜き,1-4-5,7680,24,1,1,B1,0.5606,1,0.4394
2026-04-27,10,予選特賞,0,2,ミッドナイトボートレースｉｎ大村　１,東,1,1,差し,4-2-1,5620,18,4,4,A2,0.6038,0,-0.6038
2026-04-27,11,予選特選,0,2,ミッドナイトボートレースｉｎ大村　１,東,1,1,逃げ,1-2-6,1910,10,1,1,A1,0.6439,1,0.3561
2026-04-27,12,予選特選,0,2,ミッドナイトボートレースｉｎ大村　１,南東,1,1,逃げ,1-5-4,1630,8,1,1,A1,0.5468,1,0.4532
2026-04-28,1,予選,0,3,ミッドナイトボートレースｉｎ大村　１,西,1,1,逃げ,1-2-3,1770,6,1,1,A2,0.5901,1,0.4099
2026-04-28,2,予選,0,3,ミッドナイトボートレースｉｎ大村　１,南西,1,1,逃げ,1-3-2,680,2,1,1,A2,0.5477,1,0.4523
2026-04-28,3,予選,0,3,ミッドナイトボートレースｉｎ大村　１,南西,1,1,まくり差し,3-2-5,5140,21,3,3,B1,0.4519,0,-0.4519
2026-04-28,4,予選,0,3,ミッドナイトボートレースｉｎ大村　１,南,1,1,まくり,4-1-3,10890,36,4,4,B1,0.4697,0,-0.4697
2026-04-28,5,予選,0,3,ミッドナイトボートレースｉｎ大村　１,南西,1,1,逃げ,1-2-3,2650,9,1,1,B1,0.4271,1,0.5729
2026-04-28,6,予選,0,3,ミッドナイトボートレースｉｎ大村　１,北西,1,1,まくり,3-2-1,7480,33,3,4,B1,0.4245,0,-0.4245
2026-04-28,7,予選,1,3,ミッドナイトボートレースｉｎ大村　１,北西,2,1,差し,2-1-6,9250,22,2,2,A2,0.5305,0,-0.5305
2026-04-28,8,予選,0,3,ミッドナイトボートレースｉｎ大村　１,北東,2,1,まくり,5-2-6,3250,16,5,4,B1,0.3273,0,-0.3273
2026-04-28,9,予選特賞,0,3,ミッドナイトボートレースｉｎ大村　１,北西,1,1,逃げ,1-2-5,1940,5,1,1,B1,0.4799,1,0.5201
2026-04-28,10,予選特賞,0,3,ミッドナイトボートレースｉｎ大村　１,北西,2,1,まくり,3-4-5,47820,71,3,4,A2,0.5906,0,-0.5906
2026-04-28,11,予選特選,0,3,ミッドナイトボートレースｉｎ大村　１,北西,2,1,逃げ,1-4-3,740,3,1,1,A1,0.6753,1,0.3247
2026-04-28,12,予選特選,0,3,ミッドナイトボートレースｉｎ大村　１,西,1,1,逃げ,1-3-5,1020,1,1,1,A1,0.4369,1,0.5631
2026-04-29,1,予選,0,4,ミッドナイトボートレースｉｎ大村　１,北,1,1,逃げ,2-3-5,1820,3,2,1,B1,0.4369,1,0.5631
2026-04-29,2,予選,0,4,ミッドナイトボートレースｉｎ大村　１,北東,1,1,逃げ,1-5-3,8670,24,1,1,B1,0.5366,1,0.4634
2026-04-29,3,予選,0,4,ミッドナイトボートレースｉｎ大村　１,南西,1,1,まくり差し,3-4-2,50230,65,3,3,A2,0.7355,0,-0.7355
2026-04-29,4,予選,0,4,ミッドナイトボートレースｉｎ大村　１,西,1,1,逃げ,1-3-4,700,1,1,1,A2,0.5179,1,0.4821
2026-04-29,5,予選,0,4,ミッドナイトボートレースｉｎ大村　１,北東,1,1,まくり,3-4-5,3580,15,3,4,B1,0.5537,0,-0.5537
2026-04-29,6,予選,0,4,ミッドナイトボートレースｉｎ大村　１,東,1,1,まくり,4-6-5,3430,12,4,4,B1,0.3633,0,-0.3633
2026-04-29,7,予選,1,4,ミッドナイトボートレースｉｎ大村　１,北西,1,1,逃げ,1-2-4,650,2,1,1,A1,0.5468,1,0.4532
2026-04-29,8,予選,0,4,ミッドナイトボートレースｉｎ大村　１,東,1,1,抜き,2-4-6,940,2,2,2,B1,0.5872,0,-0.5872
2026-04-29,9,予選特賞,0,4,ミッドナイトボートレースｉｎ大村　１,東,1,1,まくり,6-3-4,2380,4,6,3,B2,0.523,0,-0.523
2026-04-29,10,予選特選,0,4,ミッドナイトボートレースｉｎ大村　１,東,1,1,まくり差し,6-5-2,31460,80,6,4,A2,0.6179,0,-0.6179
2026-04-29,11,予選特選,0,4,ミッドナイトボートレースｉｎ大村　１,東,1,1,逃げ,1-3-4,1120,2,1,1,A1,0.633,1,0.367
2026-04-29,12,一般特賞,0,4,ミッドナイトボートレースｉｎ大村　１,北東,1,1,抜き,3-1-2,1530,6,3,3,B1,0.475,0,-0.475
2026-04-30,1,一般,0,5,ミッドナイトボートレースｉｎ大村　１,北,1,1,まくり,4-2-5,6070,27,4,4,B2,0.523,0,-0.523
2026-04-30,2,一般,0,5,ミッドナイトボートレースｉｎ大村　１,北,1,1,抜き,2-6-5,28890,51,2,2,B1,0.3544,0,-0.3544
2026-04-30,3,一般,0,5,ミッドナイトボートレースｉｎ大村　１,北,1,1,差し,2-1-3,5370,20,2,2,A2,0.5305,0,-0.5305
2026-04-30,4,一般,0,5,ミッドナイトボートレースｉｎ大村　１,北西,1,1,逃げ,1-2-4,1200,3,1,1,A1,0.633,1,0.367
2026-04-30,5,一般,0,5,ミッドナイトボートレースｉｎ大村　１,西,1,1,抜き,5-2-3,37500,46,5,3,A1,0.6869,0,-0.6869
2026-04-30,6,一般,0,5,ミッドナイトボートレースｉｎ大村　１,北西,1,1,まくり,4-3-1,42760,66,4,4,B1,0.5599,0,-0.5599
2026-04-30,7,一般,1,5,ミッドナイトボートレースｉｎ大村　１,西,2,1,まくり差し,4-5-1,10850,28,4,4,B1,0.5775,0,-0.5775
2026-04-30,8,一般,0,5,ミッドナイトボートレースｉｎ大村　１,北,1,1,逃げ,1-2-4,1110,1,1,1,A1,0.4369,1,0.5631
2026-04-30,9,準優勝戦,0,5,ミッドナイトボートレースｉｎ大村　１,北西,1,1,差し,2-1-3,1260,4,2,2,A1,0.6582,0,-0.6582
2026-04-30,10,準優勝戦,0,5,ミッドナイトボートレースｉｎ大村　１,北西,1,1,恵まれ,2-3-6,2890,12,2,2,A1,0.565,0,-0.565
2026-04-30,11,準優勝戦,0,5,ミッドナイトボートレースｉｎ大村　１,北西,1,1,まくり差し,4-2-6,43790,60,4,4,A2,0.5606,0,-0.5606
2026-04-30,12,一般,0,5,ミッドナイトボートレースｉｎ大村　１,北,1,1,逃げ,1-2-6,2190,8,1,1,B1,0.4335,1,0.5665
2026-05-01,1,一般,0,6,ミッドナイトボートレースｉｎ大村　１,西,3,2,差し,2-1-5,4790,20,2,2,B1,0.3861,0,-0.3861
2026-05-01,2,一般,0,6,ミッドナイトボートレースｉｎ大村　１,北西,2,1,まくり,3-1-4,13010,39,3,4,B1,0.4484,0,-0.4484
2026-05-01,3,一般,0,6,ミッドナイトボートレースｉｎ大村　１,北西,3,2,逃げ,1-2-6,950,3,1,1,A2,0.5179,1,0.4821
2026-05-01,4,一般,0,6,ミッドナイトボートレースｉｎ大村　１,北西,2,1,恵まれ,6-1-2,510,3,6,1,A2,0.4369,1,0.5631
2026-05-01,5,一般,0,6,ミッドナイトボートレースｉｎ大村　１,北西,2,1,逃げ,1-5-4,3920,16,1,1,B1,0.4484,1,0.5516
2026-05-01,6,一般,0,6,ミッドナイトボートレースｉｎ大村　１,西,2,1,まくり,2-4-1,7430,24,2,4,B1,0.6877,0,-0.6877
2026-05-01,7,一般,1,6,ミッドナイトボートレースｉｎ大村　１,北西,1,1,逃げ,1-4-3,2580,10,1,1,A2,0.6153,1,0.3847
2026-05-01,8,一般,0,6,ミッドナイトボートレースｉｎ大村　１,北西,1,1,差し,5-1-3,1140,3,5,2,A2,0.5906,0,-0.5906
2026-05-01,9,一般特選,0,6,ミッドナイトボートレースｉｎ大村　１,北西,1,1,抜き,1-3-6,3480,14,1,1,A2,0.5477,1,0.4523
2026-05-01,10,特別選抜戦Ｂ,0,6,ミッドナイトボートレースｉｎ大村　１,北,1,1,逃げ,1-2-3,1150,2,1,1,A2,0.5158,1,0.4842
2026-05-01,11,優勝戦,0,6,ミッドナイトボートレースｉｎ大村　１,北,1,1,まくり差し,5-1-6,18420,37,5,5,A1,0.6869,0,-0.6869
2026-05-01,12,特別選抜戦Ａ,0,6,ミッドナイトボートレースｉｎ大村　１,北,1,1,差し,2-1-5,6180,17,2,2,A1,0.6445,0,-0.6445
2026-05-07,1,予選,0,1,長崎新聞社杯,西,1,1,抜き,3-1-6,5000,19,3,3,B1,0.4562,0,-0.4562
2026-05-07,2,予選,0,1,長崎新聞社杯,南,2,1,抜き,4-1-2,16280,44,4,4,B1,0.3845,0,-0.3845
2026-05-07,3,予選,0,1,長崎新聞社杯,西,1,1,差し,4-2-1,2410,7,4,4,B1,0.4905,0,-0.4905
2026-05-07,4,予選,0,1,長崎新聞社杯,西,2,1,まくり,4-1-5,10850,40,4,4,B1,0.4303,0,-0.4303
2026-05-07,5,予選,0,1,長崎新聞社杯,西,2,1,まくり,2-3-6,880,2,2,2,B1,0.5809,0,-0.5809
2026-05-07,6,予選,0,1,長崎新聞社杯,西,2,1,まくり,4-1-5,7680,26,4,4,A2,0.5945,0,-0.5945
2026-05-07,7,予選,1,1,長崎新聞社杯,西,2,1,抜き,1-2-3,650,2,1,1,A2,0.5599,1,0.4401
2026-05-07,8,予選,0,1,長崎新聞社杯,西,2,1,まくり,4-2-6,8670,25,4,4,A2,0.6114,0,-0.6114
2026-05-07,9,予選,0,1,長崎新聞社杯,南西,1,1,逃げ,1-3-6,730,3,1,1,A1,0.7848,1,0.2152
2026-05-07,10,予選,0,1,長崎新聞社杯,南西,1,1,抜き,1-2-4,770,2,1,1,B1,0.4652,1,0.5348
2026-05-07,11,予選特選,0,1,長崎新聞社杯,南西,1,1,逃げ,1-3-2,2080,6,1,1,A2,0.5346,1,0.4654
2026-05-07,12,予選特選,0,1,長崎新聞社杯,南西,1,1,逃げ,1-2-3,600,1,1,1,A1,0.6533,1,0.3467
2026-05-08,1,予選,0,2,長崎新聞社杯,西,5,4,まくり差し,5-3-1,20430,59,5,5,B1,0.3921,0,-0.3921
2026-05-08,2,予選,0,2,長崎新聞社杯,北西,5,4,差し,3-4-5,14980,39,3,3,A2,0.5512,0,-0.5512
2026-05-08,3,予選,0,2,長崎新聞社杯,北西,5,4,抜き,1-4-3,930,2,1,1,B1,0.5013,1,0.4987
2026-05-08,4,予選,0,2,長崎新聞社杯,北西,5,4,逃げ,1-2-6,320,1,1,1,B1,0.5591,1,0.4409
2026-05-08,5,予選,0,2,長崎新聞社杯,北西,5,4,まくり差し,4-3-6,1940,6,4,4,B1,0.3349,0,-0.3349
2026-05-08,6,予選,0,2,長崎新聞社杯,北西,5,4,逃げ,1-3-2,690,1,1,1,B1,0.4871,1,0.5129
2026-05-08,7,予選,1,2,長崎新聞社杯,北西,5,4,逃げ,1-2-5,1910,7,1,1,A2,0.5901,1,0.4099
2026-05-08,8,予選,0,2,長崎新聞社杯,北西,5,4,まくり,4-6-3,272180,110,4,4,B1,0.6052,0,-0.6052
2026-05-08,9,予選,0,2,長崎新聞社杯,北西,5,4,抜き,3-4-5,1150,4,3,3,B1,0.5784,0,-0.5784
2026-05-08,10,予選,0,2,長崎新聞社杯,北西,5,4,逃げ,1-6-2,21900,39,1,1,A2,0.652,1,0.348
2026-05-08,11,予選特選,0,2,長崎新聞社杯,西,5,4,まくり差し,5-1-2,5210,16,5,5,A1,0.5724,0,-0.5724
2026-05-08,12,予選特選,0,2,長崎新聞社杯,北西,4,3,逃げ,1-4-3,550,2,1,1,A1,0.7307,1,0.2693
2026-05-09,1,予選,0,3,長崎新聞社杯,西,2,1,逃げ,1-3-6,3100,9,1,1,B1,0.3494,1,0.6506
2026-05-09,2,予選,0,3,長崎新聞社杯,西,2,1,まくり,2-5-3,3710,13,2,2,B1,0.3534,0,-0.3534
2026-05-09,3,予選,0,3,長崎新聞社杯,南西,2,1,差し,2-4-3,9120,21,2,2,B1,0.4436,0,-0.4436
2026-05-09,4,予選,0,3,長崎新聞社杯,南西,3,2,まくり,3-4-5,5720,25,3,3,B1,0.4885,0,-0.4885
2026-05-09,5,予選,0,3,長崎新聞社杯,南西,2,1,恵まれ,4-6-5,290,2,4,4,B1,0.414,0,-0.414
2026-05-09,6,予選,0,3,長崎新聞社杯,南西,2,1,差し,2-5-4,1930,7,2,2,B1,0.4269,0,-0.4269
2026-05-09,7,予選,1,3,長崎新聞社杯,西,2,1,逃げ,1-4-5,1950,6,1,1,A2,0.6509,1,0.3491
2026-05-09,8,予選,0,3,長崎新聞社杯,西,2,1,逃げ,1-5-2,780,3,1,1,A1,0.7154,1,0.2846
2026-05-09,9,予選,0,3,長崎新聞社杯,北西,2,1,まくり,3-4-1,1160,4,3,3,B1,0.478,0,-0.478
2026-05-09,10,予選特選,0,3,長崎新聞社杯,北西,2,1,逃げ,1-4-6,1520,6,1,1,A2,0.6565,1,0.3435
2026-05-09,11,予選特選,0,3,長崎新聞社杯,北,3,2,逃げ,1-5-6,1040,5,1,1,A1,0.7371,1,0.2629
2026-05-09,12,一般,0,3,長崎新聞社杯,北,2,1,まくり差し,3-1-5,18270,63,3,3,B1,0.5934,0,-0.5934
2026-05-10,1,一般,0,4,長崎新聞社杯,西,2,1,まくり,3-4-5,7220,24,3,3,B1,0.4901,0,-0.4901
2026-05-10,2,一般,0,4,長崎新聞社杯,南西,2,1,抜き,3-1-5,1610,4,3,3,B1,0.4303,0,-0.4303
2026-05-10,3,一般,0,4,長崎新聞社杯,南,2,1,逃げ,1-5-2,1980,5,1,1,B1,0.4871,1,0.5129
2026-05-10,4,一般,0,4,長崎新聞社杯,南西,2,1,逃げ,1-6-3,560,2,1,1,A2,0.5346,1,0.4654
2026-05-10,5,一般,0,4,長崎新聞社杯,南西,1,1,まくり差し,3-2-4,35440,60,3,3,A2,0.5512,0,-0.5512
2026-05-10,6,一般,0,4,長崎新聞社杯,南西,2,1,逃げ,1-5-2,1720,6,1,1,A1,0.7371,1,0.2629
2026-05-10,7,一般,1,4,長崎新聞社杯,南西,1,1,逃げ,1-3-6,1000,4,1,1,A1,0.7154,1,0.2846
2026-05-10,8,一般,0,4,長崎新聞社杯,南西,1,1,逃げ,1-4-2,5320,21,1,1,B2,0.4568,1,0.5432
2026-05-10,9,準優勝戦,0,4,長崎新聞社杯,南西,1,1,まくり,3-2-1,6980,21,3,5,A1,0.5724,0,-0.5724
2026-05-10,10,準優勝戦,0,4,長崎新聞社杯,南,1,1,逃げ,1-2-6,2690,10,1,1,A1,0.7307,1,0.2693
2026-05-10,11,準優勝戦,0,4,長崎新聞社杯,南東,1,1,逃げ,1-2-4,160,1,1,1,B1,0.5591,1,0.4409
2026-05-10,12,一般,0,4,長崎新聞社杯,南東,1,1,逃げ,1-2-4,1640,6,1,1,A2,0.6565,1,0.3435
2026-05-11,1,一般,0,5,長崎新聞社杯,南,2,1,まくり,4-3-6,4380,16,4,4,B1,0.3967,0,-0.3967
2026-05-11,2,一般,0,5,長崎新聞社杯,南,2,1,逃げ,1-2-3,1620,5,1,1,B1,0.4019,1,0.5981
2026-05-11,3,一般,0,5,長崎新聞社杯,西,2,1,まくり,2-4-3,9730,41,2,2,B1,0.3921,0,-0.3921
2026-05-11,4,一般,0,5,長崎新聞社杯,西,2,1,まくり,4-6-3,30850,81,4,4,B1,0.4901,0,-0.4901
2026-05-11,5,一般,0,5,長崎新聞社杯,西,2,1,まくり差し,3-1-6,1170,4,3,3,A2,0.5945,0,-0.5945
2026-05-11,6,一般,0,5,長崎新聞社杯,西,1,1,逃げ,1-2-5,330,1,1,1,A1,0.7848,1,0.2152
2026-05-11,7,一般,1,5,長崎新聞社杯,西,2,1,逃げ,1-3-5,450,1,1,1,A2,0.5901,1,0.4099
2026-05-11,8,一般,0,5,長崎新聞社杯,南西,2,1,逃げ,1-6-4,2830,12,1,1,A2,0.6509,1,0.3491
2026-05-11,9,一般,0,5,長崎新聞社杯,北西,1,1,逃げ,1-6-2,3090,10,1,1,A2,0.5945,1,0.4055
2026-05-11,10,特別選抜戦Ｂ,0,5,長崎新聞社杯,北西,1,1,まくり差し,5-1-4,13070,31,5,5,B1,0.5185,0,-0.5185
2026-05-11,11,特別選抜戦Ａ,0,5,長崎新聞社杯,北,3,2,逃げ,1-2-4,470,2,1,1,A1,0.5594,1,0.4406
2026-05-11,12,優勝戦,0,5,長崎新聞社杯,北,1,1,抜き,2-5-4,12610,32,2,2,B1,0.5784,0,-0.5784
2026-05-24,1,予選,0,1,ヴィーナスシリーズ　第４戦　スマホマクール杯,北西,2,1,逃げ,1-4-2,7650,36,1,1,B2,0.4025,1,0.5975
2026-05-24,2,予選,0,1,ヴィーナスシリーズ　第４戦　スマホマクール杯,北西,1,1,まくり差し,3-6-2,23210,81,3,3,B1,0.4769,0,-0.4769
2026-05-24,3,予選,0,1,ヴィーナスシリーズ　第４戦　スマホマクール杯,北西,2,1,まくり,2-6-5,9210,33,2,2,B1,0.4307,0,-0.4307
2026-05-24,4,予選,0,1,ヴィーナスシリーズ　第４戦　スマホマクール杯,北西,1,1,まくり,3-4-5,3110,12,3,3,B1,0.4165,0,-0.4165
2026-05-24,5,予選,0,1,ヴィーナスシリーズ　第４戦　スマホマクール杯,北西,1,1,逃げ,1-5-2,2320,11,1,1,B2,0.4863,1,0.5137
2026-05-24,6,予選,0,1,ヴィーナスシリーズ　第４戦　スマホマクール杯,北西,1,1,まくり差し,3-2-6,1530,3,3,3,B2,0.3955,0,-0.3955
2026-05-24,7,予選,1,1,ヴィーナスシリーズ　第４戦　スマホマクール杯,北西,1,1,逃げ,1-2-4,430,1,1,1,A2,0.5258,1,0.4742
2026-05-24,8,予選,0,1,ヴィーナスシリーズ　第４戦　スマホマクール杯,北西,1,1,逃げ,1-5-3,13390,26,1,1,B1,0.6266,1,0.3734
2026-05-24,9,予選特賞,0,1,ヴィーナスシリーズ　第４戦　スマホマクール杯,北西,1,1,抜き,6-3-1,15220,37,6,6,A2,0.4399,0,-0.4399
2026-05-24,10,予選特賞,0,1,ヴィーナスシリーズ　第４戦　スマホマクール杯,北西,1,1,まくり差し,4-3-5,29000,74,4,4,A1,0.484,0,-0.484
2026-05-24,11,予選特選,0,1,ヴィーナスシリーズ　第４戦　スマホマクール杯,北西,1,1,まくり,4-2-6,6290,26,4,4,A2,0.5427,0,-0.5427
2026-05-24,12,発祥地ドリー,0,1,ヴィーナスシリーズ　第４戦　スマホマクール杯,北西,1,1,逃げ,1-3-4,1530,3,1,1,A1,0.7172,1,0.2828
2026-05-25,1,予選,0,2,ヴィーナスシリーズ　第４戦　スマホマクール杯,南,2,1,差し,2-1-5,1990,7,2,2,B1,0.4885,0,-0.4885
2026-05-25,2,予選,0,2,ヴィーナスシリーズ　第４戦　スマホマクール杯,南西,2,1,まくり,6-3-5,27130,56,6,6,B1,0.5234,0,-0.5234
2026-05-25,3,予選,0,2,ヴィーナスシリーズ　第４戦　スマホマクール杯,西,2,1,逃げ,1-5-4,8580,33,1,1,B1,0.4652,1,0.5348
2026-05-25,4,予選,0,2,ヴィーナスシリーズ　第４戦　スマホマクール杯,西,2,1,逃げ,1-2-4,1480,3,1,1,B1,0.5451,1,0.4549
2026-05-25,5,予選,0,2,ヴィーナスシリーズ　第４戦　スマホマクール杯,北西,2,1,まくり,3-1-5,1400,3,3,3,B1,0.5101,0,-0.5101
2026-05-25,6,予選,0,2,ヴィーナスシリーズ　第４戦　スマホマクール杯,北西,2,1,まくり差し,5-6-1,11850,41,5,5,B1,0.5122,0,-0.5122
2026-05-25,7,予選,1,2,ヴィーナスシリーズ　第４戦　スマホマクール杯,北西,2,1,差し,2-5-1,3800,13,2,2,A2,0.5657,0,-0.5657
2026-05-25,8,予選,0,2,ヴィーナスシリーズ　第４戦　スマホマクール杯,西,1,1,まくり差し,4-1-6,3760,11,4,4,B2,0.6052,0,-0.6052
2026-05-25,9,予選特賞,0,2,ヴィーナスシリーズ　第４戦　スマホマクール杯,北西,1,1,逃げ,1-2-3,950,4,1,1,A2,0.5267,1,0.4733
2026-05-25,10,予選特賞,0,2,ヴィーナスシリーズ　第４戦　スマホマクール杯,北西,2,1,逃げ,1-6-2,1750,9,1,1,A1,0.6388,1,0.3612
2026-05-25,11,予選特選,0,2,ヴィーナスシリーズ　第４戦　スマホマクール杯,北西,1,1,逃げ,1-2-3,1110,3,1,1,A2,0.5949,1,0.4051
2026-05-25,12,予選特選,0,2,ヴィーナスシリーズ　第４戦　スマホマクール杯,北西,1,1,逃げ,1-3-5,3830,16,1,1,A1,0.5154,1,0.4846
2026-05-26,1,予選,0,3,ヴィーナスシリーズ　第４戦　スマホマクール杯,南,2,1,抜き,2-3-1,6730,28,2,2,B1,0.3712,0,-0.3712
2026-05-26,2,予選,0,3,ヴィーナスシリーズ　第４戦　スマホマクール杯,南東,2,1,逃げ,1-3-2,810,3,1,1,B1,0.6415,1,0.3585
2026-05-26,3,予選,0,3,ヴィーナスシリーズ　第４戦　スマホマクール杯,南東,1,1,まくり,3-2-4,23980,76,3,3,B1,0.478,0,-0.478
2026-05-26,4,予選,0,3,ヴィーナスシリーズ　第４戦　スマホマクール杯,南東,2,1,逃げ,1-3-2,4270,18,1,1,B1,0.5546,1,0.4454
2026-05-26,5,予選,0,3,ヴィーナスシリーズ　第４戦　スマホマクール杯,南東,1,1,差し,2-1-3,7930,30,2,2,A2,0.5818,0,-0.5818
2026-05-26,6,予選,0,3,ヴィーナスシリーズ　第４戦　スマホマクール杯,東,2,1,まくり差し,5-2-3,32680,64,5,5,B1,0.4086,0,-0.4086
2026-05-26,7,予選,1,3,ヴィーナスシリーズ　第４戦　スマホマクール杯,東,2,1,差し,2-1-3,850,2,2,2,A2,0.4195,0,-0.4195
2026-05-26,8,予選,0,3,ヴィーナスシリーズ　第４戦　スマホマクール杯,北東,2,1,まくり,3-1-5,1370,6,3,3,B1,0.5234,0,-0.5234
2026-05-26,9,予選特賞,0,3,ヴィーナスシリーズ　第４戦　スマホマクール杯,北東,2,1,差し,2-3-1,2770,9,2,2,B2,0.4086,0,-0.4086
2026-05-26,10,予選特賞,0,3,ヴィーナスシリーズ　第４戦　スマホマクール杯,北東,2,1,逃げ,1-4-6,3690,13,1,1,A2,0.4496,1,0.5504
2026-05-26,11,予選特選,0,3,ヴィーナスシリーズ　第４戦　スマホマクール杯,南東,1,1,逃げ,1-3-5,570,1,1,1,A2,0.4937,1,0.5063
2026-05-26,12,予選特選,0,3,ヴィーナスシリーズ　第４戦　スマホマクール杯,北東,2,1,逃げ,1-3-4,690,1,1,1,A1,0.6085,1,0.3915
2026-05-27,1,予選,0,4,ヴィーナスシリーズ　第４戦　スマホマクール杯,東,2,1,逃げ,1-5-4,4080,15,1,1,B1,0.3677,1,0.6323
2026-05-27,2,予選,0,4,ヴィーナスシリーズ　第４戦　スマホマクール杯,東,1,1,まくり差し,6-1-2,14810,41,6,6,B1,0.4743,0,-0.4743
2026-05-27,3,予選,0,4,ヴィーナスシリーズ　第４戦　スマホマクール杯,南東,1,1,差し,2-1-5,3200,9,2,2,B1,0.4203,0,-0.4203
2026-05-27,4,予選,0,4,ヴィーナスシリーズ　第４戦　スマホマクール杯,南,1,1,恵まれ,1-3-2,390,1,1,1,B1,0.4815,1,0.5185
2026-05-27,5,予選,0,4,ヴィーナスシリーズ　第４戦　スマホマクール杯,南,1,1,抜き,1-5-4,5350,21,1,1,B1,0.3846,1,0.6154
2026-05-27,6,予選,0,4,ヴィーナスシリーズ　第４戦　スマホマクール杯,南,1,1,逃げ,1-3-6,11470,48,1,1,B2,0.467,1,0.533
2026-05-27,7,予選,1,4,ヴィーナスシリーズ　第４戦　スマホマクール杯,東,1,1,まくり,3-1-4,600,2,3,3,A2,0.5906,0,-0.5906
2026-05-27,8,予選,0,4,ヴィーナスシリーズ　第４戦　スマホマクール杯,南,1,1,逃げ,1-5-4,740,2,1,1,A2,0.5258,1,0.4742
2026-05-27,9,予選特賞,0,4,ヴィーナスシリーズ　第４戦　スマホマクール杯,南,1,1,逃げ,1-3-5,920,3,1,1,A2,0.6361,1,0.3639
2026-05-27,10,予選特選,0,4,ヴィーナスシリーズ　第４戦　スマホマクール杯,南東,1,1,逃げ,1-3-2,1030,3,1,1,A1,0.7172,1,0.2828
2026-05-27,11,予選特選,0,4,ヴィーナスシリーズ　第４戦　スマホマクール杯,南東,1,1,逃げ,1-2-4,780,2,1,1,A1,0.6893,1,0.3107
2026-05-27,12,一般特賞,0,4,ヴィーナスシリーズ　第４戦　スマホマクール杯,東,1,1,まくり,3-1-5,10810,29,3,3,A1,0.6533,0,-0.6533
2026-05-28,1,一般,0,5,ヴィーナスシリーズ　第４戦　スマホマクール杯,北,2,1,まくり差し,4-1-2,12310,34,4,4,B1,0.4058,0,-0.4058
2026-05-28,2,一般,0,5,ヴィーナスシリーズ　第４戦　スマホマクール杯,北西,2,1,逃げ,1-4-6,2400,8,1,1,B1,0.5451,1,0.4549
2026-05-28,3,一般,0,5,ヴィーナスシリーズ　第４戦　スマホマクール杯,北西,2,1,逃げ,1-2-4,2890,9,1,1,A2,0.4496,1,0.5504
2026-05-28,4,一般,0,5,ヴィーナスシリーズ　第４戦　スマホマクール杯,北西,2,1,まくり,4-1-2,1940,7,4,4,B1,0.4203,0,-0.4203
2026-05-28,5,一般,0,5,ヴィーナスシリーズ　第４戦　スマホマクール杯,北西,2,1,まくり差し,5-6-2,7410,23,5,5,A2,0.6105,0,-0.6105
2026-05-28,6,一般,0,5,ヴィーナスシリーズ　第４戦　スマホマクール杯,北,2,1,逃げ,1-6-3,770,3,1,1,A1,0.6085,1,0.3915
2026-05-28,7,一般,1,5,ヴィーナスシリーズ　第４戦　スマホマクール杯,北,3,2,差し,2-3-1,24720,32,2,2,A1,0.7023,0,-0.7023
2026-05-28,8,一般,0,5,ヴィーナスシリーズ　第４戦　スマホマクール杯,北,3,2,逃げ,1-2-3,700,1,1,1,A2,0.5267,1,0.4733
2026-05-28,9,準優勝戦,0,5,ヴィーナスシリーズ　第４戦　スマホマクール杯,北,3,2,抜き,2-5-3,49260,80,2,2,A1,0.5296,0,-0.5296
2026-05-28,10,準優勝戦,0,5,ヴィーナスシリーズ　第４戦　スマホマクール杯,北,3,2,恵まれ,,,,5,5,A2,0.652,0,-0.652
2026-05-28,11,準優勝戦,0,5,ヴィーナスシリーズ　第４戦　スマホマクール杯,北,3,2,逃げ,1-2-4,840,3,1,1,A2,0.4937,1,0.5063
2026-05-28,12,一般,0,5,ヴィーナスシリーズ　第４戦　スマホマクール杯,北,3,2,差し,3-6-4,17170,52,3,3,A1,0.484,0,-0.484
2026-05-29,1,一般,0,6,ヴィーナスシリーズ　第４戦　スマホマクール杯,北西,2,1,逃げ,1-3-4,560,1,1,1,B1,0.5546,1,0.4454
2026-05-29,2,一般,0,6,ヴィーナスシリーズ　第４戦　スマホマクール杯,北西,2,1,逃げ,1-3-6,1250,5,1,1,B1,0.5016,1,0.4984
2026-05-29,3,一般,0,6,ヴィーナスシリーズ　第４戦　スマホマクール杯,北西,2,1,まくり差し,4-1-5,11370,30,4,4,B1,0.5101,0,-0.5101
2026-05-29,4,一般,0,6,ヴィーナスシリーズ　第４戦　スマホマクール杯,北西,2,1,逃げ,1-2-5,1380,3,1,1,B2,0.4863,1,0.5137
2026-05-29,5,一般,0,6,ヴィーナスシリーズ　第４戦　スマホマクール杯,北西,2,1,抜き,1-4-6,2150,11,1,1,A2,0.5496,1,0.4504
2026-05-29,6,一般,0,6,ヴィーナスシリーズ　第４戦　スマホマクール杯,北西,2,1,まくり差し,5-2-6,4490,16,5,5,A2,0.4195,0,-0.4195
2026-05-29,7,一般,1,6,ヴィーナスシリーズ　第４戦　スマホマクール杯,北西,2,1,逃げ,1-4-6,840,3,1,1,A1,0.5154,1,0.4846
2026-05-29,8,一般,0,6,ヴィーナスシリーズ　第４戦　スマホマクール杯,北西,2,1,逃げ,1-2-6,940,2,1,1,B1,0.3494,1,0.6506
2026-05-29,9,一般特選,0,6,ヴィーナスシリーズ　第４戦　スマホマクール杯,北,2,1,まくり差し,5-1-6,2820,12,5,5,A2,0.5427,0,-0.5427
2026-05-29,10,特別選抜戦,0,6,ヴィーナスシリーズ　第４戦　スマホマクール杯,北,3,2,逃げ,1-2-3,560,1,1,1,A1,0.7172,1,0.2828
2026-05-29,11,特別選抜戦,0,6,ヴィーナスシリーズ　第４戦　スマホマクール杯,北,2,1,まくり差し,5-1-3,34270,64,5,5,B1,0.5015,0,-0.5015
2026-05-29,12,優勝戦,0,6,ヴィーナスシリーズ　第４戦　スマホマクール杯,北西,2,1,抜き,1-4-5,720,1,1,1,A2,0.4937,1,0.5063
2026-06-01,1,予選,0,1,ミッドナイトボートレースｉｎ大村　２,東,1,1,まくり差し,6-2-1,36220,65,6,6,B1,0.3971,0,-0.3971
2026-06-01,2,予選,0,1,ミッドナイトボートレースｉｎ大村　２,南西,1,1,抜き,3-4-1,8680,33,3,3,B1,0.4182,0,-0.4182
2026-06-01,3,予選,0,1,ミッドナイトボートレースｉｎ大村　２,南東,1,1,まくり差し,6-4-1,8550,32,6,6,B1,0.484,0,-0.484
2026-06-01,4,予選,0,1,ミッドナイトボートレースｉｎ大村　２,南東,1,1,まくり,2-4-5,2190,4,2,2,B1,0.342,0,-0.342
2026-06-01,5,予選,0,1,ミッドナイトボートレースｉｎ大村　２,東,2,1,差し,2-4-3,2420,9,2,2,B1,0.4364,0,-0.4364
2026-06-01,6,予選,0,1,ミッドナイトボートレースｉｎ大村　２,南東,1,1,逃げ,1-4-3,580,1,1,1,A1,0.663,1,0.337
2026-06-01,7,予選,1,1,ミッドナイトボートレースｉｎ大村　２,南東,1,1,抜き,1-3-2,540,2,1,1,A1,0.7634,1,0.2366
2026-06-01,8,予選,0,1,ミッドナイトボートレースｉｎ大村　２,東,1,1,逃げ,1-6-2,1550,5,1,1,A2,0.5844,1,0.4156
2026-06-01,9,予選特賞,0,1,ミッドナイトボートレースｉｎ大村　２,南東,1,1,まくり差し,4-6-1,48770,85,4,4,A2,0.6243,0,-0.6243
2026-06-01,10,予選特賞,0,1,ミッドナイトボートレースｉｎ大村　２,南東,1,1,逃げ,1-6-4,7550,26,1,1,A2,0.4925,1,0.5075
2026-06-01,11,予選特選,0,1,ミッドナイトボートレースｉｎ大村　２,,0,1,抜き,1-2-6,4240,16,1,1,A1,0.628,1,0.372
2026-06-01,12,龍神選抜,0,1,ミッドナイトボートレースｉｎ大村　２,北,1,1,逃げ,1-4-6,3350,15,1,1,A1,0.6838,1,0.3162
2026-06-02,1,予選,0,2,ミッドナイトボートレースｉｎ大村　２,北西,6,5,まくり差し,2-5-1,4380,16,2,3,B1,0.6995,0,-0.6995
2026-06-02,2,予選,0,2,ミッドナイトボートレースｉｎ大村　２,北,6,5,まくり差し,3-1-5,800,1,3,3,B1,0.4829,0,-0.4829
2026-06-03,1,予選,0,3,ミッドナイトボートレースｉｎ大村　２,北西,2,1,抜き,4-5-1,1310,1,4,4,B1,0.5224,0,-0.5224
2026-06-03,2,予選,0,3,ミッドナイトボートレースｉｎ大村　２,北西,1,1,逃げ,1-3-5,2010,7,1,1,B1,0.4335,1,0.5665
2026-06-03,3,予選,0,3,ミッドナイトボートレースｉｎ大村　２,北西,1,1,差し,4-1-2,3390,12,4,4,B1,0.4391,0,-0.4391
2026-06-03,4,予選,0,3,ミッドナイトボートレースｉｎ大村　２,北西,1,1,まくり差し,2-5-3,2820,10,2,4,B1,0.4015,0,-0.4015
2026-06-03,5,予選,0,3,ミッドナイトボートレースｉｎ大村　２,北西,1,1,差し,2-1-3,8790,26,2,2,A2,0.4942,0,-0.4942
2026-06-03,6,予選,0,3,ミッドナイトボートレースｉｎ大村　２,北西,1,1,差し,2-1-3,940,3,2,2,B1,0.4697,0,-0.4697
2026-06-03,7,予選,1,3,ミッドナイトボートレースｉｎ大村　２,西,2,1,逃げ,1-2-4,1430,5,1,1,A1,0.6912,1,0.3088
2026-06-03,8,予選,0,3,ミッドナイトボートレースｉｎ大村　２,西,1,1,逃げ,1-2-6,1060,4,1,1,A1,0.7238,1,0.2762
2026-06-03,9,予選特賞,0,3,ミッドナイトボートレースｉｎ大村　２,北西,1,1,まくり差し,5-4-2,17820,41,5,5,A2,0.6208,0,-0.6208
2026-06-03,10,予選特賞,0,3,ミッドナイトボートレースｉｎ大村　２,北西,1,1,まくり差し,6-3-1,2760,11,6,6,A2,0.4139,0,-0.4139
2026-06-03,11,予選特選,0,3,ミッドナイトボートレースｉｎ大村　２,北西,1,1,逃げ,1-2-4,1920,7,1,1,A1,0.8011,1,0.1989
2026-06-03,12,予選特選,0,3,ミッドナイトボートレースｉｎ大村　２,北西,1,1,逃げ,1-6-2,1140,4,1,1,A1,0.7172,1,0.2828
2026-06-04,1,一般,0,4,ミッドナイトボートレースｉｎ大村　２,東,2,1,逃げ,1-3-5,1060,3,1,1,B1,0.5256,1,0.4744
2026-06-04,2,一般,0,4,ミッドナイトボートレースｉｎ大村　２,北,1,1,逃げ,1-4-6,5150,18,1,1,B1,0.6064,1,0.3936
2026-06-04,3,一般,0,4,ミッドナイトボートレースｉｎ大村　２,北東,1,1,まくり,2-4-3,11200,34,2,2,B1,0.4165,0,-0.4165
2026-06-04,4,一般,0,4,ミッドナイトボートレースｉｎ大村　２,南西,3,2,まくり差し,3-1-4,10650,47,3,3,B1,0.5155,0,-0.5155
2026-06-04,5,一般,0,4,ミッドナイトボートレースｉｎ大村　２,南西,2,1,抜き,3-5-1,3960,20,3,3,B1,0.4097,0,-0.4097
2026-06-04,6,一般,0,4,ミッドナイトボートレースｉｎ大村　２,北西,1,1,まくり,2-3-1,6080,18,2,2,A2,0.6329,0,-0.6329
2026-06-04,7,一般,1,4,ミッドナイトボートレースｉｎ大村　２,南,1,1,まくり差し,3-1-4,2120,6,3,3,A2,0.5875,0,-0.5875
2026-06-04,8,一般,0,4,ミッドナイトボートレースｉｎ大村　２,南,1,1,逃げ,1-3-2,1020,2,1,1,B1,0.374,1,0.626
2026-06-04,9,一般特選,0,4,ミッドナイトボートレースｉｎ大村　２,南西,1,1,差し,2-1-5,16970,44,2,2,A2,0.4917,0,-0.4917
2026-06-04,10,特別選抜戦Ｂ,0,4,ミッドナイトボートレースｉｎ大村　２,南西,2,1,逃げ,1-4-2,1410,2,1,1,B1,0.4913,1,0.5087
2026-06-04,11,優勝戦,0,4,ミッドナイトボートレースｉｎ大村　２,南西,2,1,まくり差し,3-1-4,10100,25,3,3,A1,0.7759,0,-0.7759
2026-06-04,12,特別選抜戦Ａ,0,4,ミッドナイトボートレースｉｎ大村　２,南,1,1,逃げ,1-5-3,1590,4,1,1,A1,0.7172,1,0.2828
2026-06-06,1,予選,0,1,ミッドナイトボートレースｉｎ大村　３,北西,2,1,まくり差し,5-1-3,2920,12,5,5,B1,0.4423,0,-0.4423
2026-06-06,2,予選,0,1,ミッドナイトボートレースｉｎ大村　３,北,2,1,差し,4-2-5,2010,3,4,2,B1,0.3544,0,-0.3544
2026-06-06,3,予選,0,1,ミッドナイトボートレースｉｎ大村　３,北,2,1,逃げ,1-2-4,7160,27,1,1,B1,0.4437,1,0.5563
2026-06-06,4,予選,0,1,ミッドナイトボートレースｉｎ大村　３,北,1,1,差し,2-1-3,6180,18,2,2,A2,0.6893,0,-0.6893
2026-06-06,5,予選,0,1,ミッドナイトボートレースｉｎ大村　３,北,1,1,まくり,3-2-4,1680,6,3,3,B1,0.4218,0,-0.4218
2026-06-06,6,予選,0,1,ミッドナイトボートレースｉｎ大村　３,北,1,1,まくり差し,4-3-5,12160,31,4,4,A2,0.5013,0,-0.5013
2026-06-06,7,予選,1,1,ミッドナイトボートレースｉｎ大村　３,北西,1,1,逃げ,1-5-2,4460,14,1,1,A1,0.5949,1,0.4051
2026-06-06,8,予選,0,1,ミッドナイトボートレースｉｎ大村　３,西,1,1,逃げ,1-5-4,7120,24,1,1,A2,0.717,1,0.283
2026-06-06,9,予選特賞,0,1,ミッドナイトボートレースｉｎ大村　３,南,1,1,逃げ,1-3-2,1450,3,1,1,B1,0.3557,1,0.6443
2026-06-06,10,予選特賞,0,1,ミッドナイトボートレースｉｎ大村　３,北東,1,1,逃げ,1-5-2,2460,10,1,1,A2,0.5097,1,0.4903
2026-06-06,11,予選特選,0,1,ミッドナイトボートレースｉｎ大村　３,東,1,1,逃げ,1-4-6,2970,10,1,1,A1,0.5582,1,0.4418
2026-06-06,12,発祥地選抜,0,1,ミッドナイトボートレースｉｎ大村　３,東,2,1,逃げ,1-2-3,790,1,1,1,A1,0.6711,1,0.3289
2026-06-07,1,予選,0,2,ミッドナイトボートレースｉｎ大村　３,南西,1,1,まくり,5-1-6,3020,10,5,5,B1,0.4132,0,-0.4132
2026-06-07,2,予選,0,2,ミッドナイトボートレースｉｎ大村　３,南西,1,1,逃げ,1-4-2,1740,5,1,1,B1,0.3697,1,0.6303
2026-06-07,3,予選,0,2,ミッドナイトボートレースｉｎ大村　３,南西,1,1,抜き,3-1-2,3510,14,3,4,B1,0.3544,0,-0.3544
2026-06-07,4,予選,0,2,ミッドナイトボートレースｉｎ大村　３,南西,1,1,まくり差し,5-1-6,25030,43,5,5,A2,0.5536,0,-0.5536
2026-06-07,5,予選,0,2,ミッドナイトボートレースｉｎ大村　３,南西,1,1,抜き,1-2-4,1280,3,1,1,A2,0.6361,1,0.3639
2026-06-07,6,予選,0,2,ミッドナイトボートレースｉｎ大村　３,南西,1,1,まくり,3-5-6,6680,26,3,3,B1,0.4652,0,-0.4652
2026-06-07,7,予選,1,2,ミッドナイトボートレースｉｎ大村　３,南西,1,1,差し,2-3-5,14400,31,2,2,A2,0.6361,0,-0.6361
2026-06-07,8,予選,0,2,ミッドナイトボートレースｉｎ大村　３,南西,2,1,逃げ,1-5-4,4270,18,1,1,A1,0.652,1,0.348
2026-06-07,9,予選特賞,0,2,ミッドナイトボートレースｉｎ大村　３,南西,2,1,まくり,3-5-4,2260,6,3,3,B1,0.3689,0,-0.3689
2026-06-07,10,予選特賞,0,2,ミッドナイトボートレースｉｎ大村　３,南西,1,1,逃げ,1-3-2,930,2,1,1,A2,0.6302,1,0.3698
2026-06-07,11,予選特選,0,2,ミッドナイトボートレースｉｎ大村　３,南,1,1,逃げ,1-2-3,1890,6,1,1,A1,0.4871,1,0.5129
2026-06-07,12,予選特選,0,2,ミッドナイトボートレースｉｎ大村　３,南,1,1,逃げ,1-3-4,1120,4,1,1,A1,0.7512,1,0.2488
2026-06-08,1,予選,0,3,ミッドナイトボートレースｉｎ大村　３,北,2,1,差し,2-3-5,2490,9,2,2,B2,0.3971,0,-0.3971
2026-06-08,2,予選,0,3,ミッドナイトボートレースｉｎ大村　３,北,3,2,まくり差し,3-2-6,4290,17,3,4,B1,0.4164,0,-0.4164
2026-06-08,3,予選,0,3,ミッドナイトボートレースｉｎ大村　３,北,2,1,まくり,4-5-6,10620,35,4,4,B1,0.4905,0,-0.4905
2026-06-08,4,予選,0,3,ミッドナイトボートレースｉｎ大村　３,北,2,1,逃げ,1-5-3,1240,5,1,1,B1,0.4542,1,0.5458
2026-06-08,5,予選,0,3,ミッドナイトボートレースｉｎ大村　３,北東,1,1,まくり差し,6-2-3,7620,32,6,5,B1,0.4829,0,-0.4829
2026-06-08,6,予選,0,3,ミッドナイトボートレースｉｎ大村　３,南,1,1,逃げ,1-2-4,2760,9,1,1,A2,0.5753,1,0.4247
2026-06-08,7,予選,1,3,ミッドナイトボートレースｉｎ大村　３,北西,1,1,逃げ,1-4-2,480,2,1,1,A2,0.6799,1,0.3201
2026-06-08,8,予選,0,3,ミッドナイトボートレースｉｎ大村　３,東,1,1,まくり,4-2-5,3100,12,4,4,A2,0.7088,0,-0.7088
2026-06-08,9,予選特賞,0,3,ミッドナイトボートレースｉｎ大村　３,東,1,1,逃げ,1-2-3,890,3,1,1,A2,0.6526,1,0.3474
2026-06-08,10,予選特選,0,3,ミッドナイトボートレースｉｎ大村　３,,0,1,まくり差し,6-1-2,8330,20,6,6,A1,0.6781,0,-0.6781
2026-06-08,11,予選特選,0,3,ミッドナイトボートレースｉｎ大村　３,東,1,1,逃げ,1-2-3,720,1,1,1,A1,0.633,1,0.367
2026-06-08,12,一般特賞,0,3,ミッドナイトボートレースｉｎ大村　３,,0,1,まくり差し,4-2-3,9010,30,4,4,B1,0.4743,0,-0.4743
2026-06-09,1,一般,0,4,ミッドナイトボートレースｉｎ大村　３,南,1,1,まくり差し,4-5-3,54420,78,4,4,B1,0.4484,0,-0.4484
2026-06-09,2,一般,0,4,ミッドナイトボートレースｉｎ大村　３,南,1,1,逃げ,1-3-6,1180,3,1,1,B1,0.6014,1,0.3986
2026-06-09,3,一般,0,4,ミッドナイトボートレースｉｎ大村　３,南,1,1,逃げ,1-2-3,1940,10,1,1,A1,0.5582,1,0.4418
2026-06-09,4,一般,0,4,ミッドナイトボートレースｉｎ大村　３,南,1,1,差し,2-1-6,11890,39,2,2,A1,0.501,0,-0.501
2026-06-09,5,一般,0,4,ミッドナイトボートレースｉｎ大村　３,南,1,1,逃げ,1-4-5,640,1,1,1,A1,0.633,1,0.367
2026-06-09,6,一般,0,4,ミッドナイトボートレースｉｎ大村　３,南,1,1,まくり,4-3-6,47660,67,4,4,A2,0.6678,0,-0.6678
2026-06-09,7,一般,1,4,ミッドナイトボートレースｉｎ大村　３,南,1,1,逃げ,1-6-2,1740,8,1,1,A2,0.5753,1,0.4247
2026-06-09,8,一般,0,4,ミッドナイトボートレースｉｎ大村　３,南東,1,1,まくり,3-5-6,3100,5,3,3,B1,0.5018,0,-0.5018
2026-06-09,9,準優勝戦,0,4,ミッドナイトボートレースｉｎ大村　３,南東,1,1,まくり,6-2-3,10240,48,6,2,A1,0.6105,0,-0.6105
2026-06-09,10,準優勝戦,0,4,ミッドナイトボートレースｉｎ大村　３,南,1,1,まくり,6-2-1,92640,99,6,6,A2,0.6923,0,-0.6923
2026-06-09,11,準優勝戦,0,4,ミッドナイトボートレースｉｎ大村　３,南,1,1,逃げ,1-2-3,1400,4,1,1,A1,0.6711,1,0.3289
2026-06-09,12,一般,0,4,ミッドナイトボートレースｉｎ大村　３,南東,1,1,逃げ,1-2-4,2060,7,1,1,B1,0.6215,1,0.3785
2026-06-10,1,一般,0,5,ミッドナイトボートレースｉｎ大村　３,北西,2,1,逃げ,1-3-5,1240,3,1,1,B1,0.4437,1,0.5563
2026-06-10,2,一般,0,5,ミッドナイトボートレースｉｎ大村　３,北西,2,1,まくり,1-4-2,3850,15,1,2,B1,0.3544,0,-0.3544
2026-06-10,3,一般,0,5,ミッドナイトボートレースｉｎ大村　３,北西,2,1,逃げ,1-4-6,1090,1,1,1,A2,0.6361,1,0.3639
2026-06-10,4,一般,0,5,ミッドナイトボートレースｉｎ大村　３,北,2,1,まくり,5-1-6,1640,6,5,5,A2,0.6464,0,-0.6464
2026-06-10,5,一般,0,5,ミッドナイトボートレースｉｎ大村　３,北,2,1,まくり,5-1-6,3970,16,5,5,B1,0.4542,0,-0.4542
2026-06-10,6,一般,0,5,ミッドナイトボートレースｉｎ大村　３,北,2,1,逃げ,1-2-5,450,1,1,1,A1,0.6627,1,0.3373
2026-06-10,7,一般,1,5,ミッドナイトボートレースｉｎ大村　３,北,2,1,逃げ,1-2-6,660,1,1,1,A2,0.5097,1,0.4903
2026-06-10,8,一般,0,5,ミッドナイトボートレースｉｎ大村　３,北,3,2,逃げ,1-5-3,920,4,1,1,A1,0.7512,1,0.2488
2026-06-10,9,一般特選,0,5,ミッドナイトボートレースｉｎ大村　３,北,3,2,まくり,4-1-6,3590,13,4,4,A2,0.5013,0,-0.5013
2026-06-10,10,特別選抜戦Ｂ,0,5,ミッドナイトボートレースｉｎ大村　３,北,3,2,逃げ,1-2-5,510,2,1,1,A2,0.6763,1,0.3237
2026-06-10,11,優勝戦,0,5,ミッドナイトボートレースｉｎ大村　３,北,3,2,恵まれ,4-1-2,4660,11,4,4,A1,0.6821,0,-0.6821
2026-06-10,12,特別選抜戦Ａ,0,5,ミッドナイトボートレースｉｎ大村　３,北,2,1,逃げ,1-2-3,940,1,1,1,A2,0.6799,1,0.3201
2026-06-17,1,予選,0,1,ボートレース発祥地記念第３０回モーターボート誕生祭,北,1,1,差し,3-2-4,15420,45,3,3,A2,0.6634,0,-0.6634
2026-06-17,2,予選,0,1,ボートレース発祥地記念第３０回モーターボート誕生祭,西,2,1,逃げ,1-2-4,900,1,1,1,A2,0.6629,1,0.3371
2026-06-17,3,予選,0,1,ボートレース発祥地記念第３０回モーターボート誕生祭,北西,1,1,まくり差し,5-4-1,12950,49,5,5,A2,0.6538,0,-0.6538
2026-06-17,4,予選,0,1,ボートレース発祥地記念第３０回モーターボート誕生祭,北西,1,1,まくり差し,4-1-6,25110,54,4,4,A2,0.6948,0,-0.6948
2026-06-17,5,予選,0,1,ボートレース発祥地記念第３０回モーターボート誕生祭,北西,1,1,まくり差し,3-1-2,3310,9,3,3,A2,0.6923,0,-0.6923
2026-06-17,6,予選,0,1,ボートレース発祥地記念第３０回モーターボート誕生祭,西,1,1,逃げ,1-6-4,3690,14,1,1,A2,0.6091,1,0.3909
2026-06-17,7,予選,0,1,ボートレース発祥地記念第３０回モーターボート誕生祭,西,2,1,まくり,2-5-3,17770,60,2,2,A2,0.6062,0,-0.6062
2026-06-17,8,予選,0,1,ボートレース発祥地記念第３０回モーターボート誕生祭,北西,2,1,逃げ,1-3-2,690,1,1,1,A1,0.6418,1,0.3582
2026-06-17,9,予選,0,1,ボートレース発祥地記念第３０回モーターボート誕生祭,北西,2,1,差し,2-1-3,2820,10,2,2,A1,0.6912,0,-0.6912
2026-06-17,10,予選,0,1,ボートレース発祥地記念第３０回モーターボート誕生祭,北,2,1,抜き,1-3-5,1060,2,1,1,A1,0.6059,1,0.3941
2026-06-17,11,予選,0,1,ボートレース発祥地記念第３０回モーターボート誕生祭,北西,2,1,逃げ,1-2-5,570,1,1,1,A1,0.7445,1,0.2555
2026-06-17,12,発祥地ＤＲ,0,1,ボートレース発祥地記念第３０回モーターボート誕生祭,北,2,1,逃げ,1-4-2,610,2,1,1,A1,0.6373,1,0.3627
2026-06-18,1,予選,0,2,ボートレース発祥地記念第３０回モーターボート誕生祭,南,2,1,まくり差し,5-1-6,9140,45,5,5,A2,0.5512,0,-0.5512
2026-06-18,2,予選,0,2,ボートレース発祥地記念第３０回モーターボート誕生祭,南西,1,1,逃げ,1-4-5,2370,9,1,1,A2,0.5346,1,0.4654
2026-06-18,3,予選,0,2,ボートレース発祥地記念第３０回モーターボート誕生祭,南西,1,1,逃げ,1-3-2,1080,3,1,1,A1,0.7068,1,0.2932
2026-06-18,4,予選,0,2,ボートレース発祥地記念第３０回モーターボート誕生祭,南,1,1,まくり差し,3-1-6,5550,20,3,3,A2,0.6679,0,-0.6679
2026-06-18,5,予選,0,2,ボートレース発祥地記念第３０回モーターボート誕生祭,南,1,1,逃げ,1-5-2,2450,12,1,1,A1,0.5844,1,0.4156
2026-06-18,6,予選,0,2,ボートレース発祥地記念第３０回モーターボート誕生祭,南東,1,1,まくり差し,6-1-3,6110,19,6,6,A2,0.6377,0,-0.6377
2026-06-18,7,予選,0,2,ボートレース発祥地記念第３０回モーターボート誕生祭,南,1,1,逃げ,1-4-2,1710,7,1,1,A1,0.5452,1,0.4548
2026-06-18,8,予選,0,2,ボートレース発祥地記念第３０回モーターボート誕生祭,南東,2,1,逃げ,1-2-6,7100,26,1,1,A2,0.6559,1,0.3441
2026-06-18,9,予選,0,2,ボートレース発祥地記念第３０回モーターボート誕生祭,南東,3,2,逃げ,1-2-6,2090,6,1,1,A1,0.5868,1,0.4132
2026-06-18,10,予選,0,2,ボートレース発祥地記念第３０回モーターボート誕生祭,東,2,1,逃げ,1-3-2,1250,4,1,1,A1,0.5907,1,0.4093
2026-06-18,11,予選,0,2,ボートレース発祥地記念第３０回モーターボート誕生祭,南東,2,1,逃げ,1-3-5,930,1,1,1,A1,0.5821,1,0.4179
2026-06-18,12,予選,0,2,ボートレース発祥地記念第３０回モーターボート誕生祭,東,2,1,まくり差し,3-1-5,3220,12,3,3,A1,0.7371,0,-0.7371
2026-06-19,1,予選,0,3,ボートレース発祥地記念第３０回モーターボート誕生祭,南,1,1,まくり,2-3-6,8210,34,2,2,A2,0.5746,0,-0.5746
2026-06-19,2,予選,0,3,ボートレース発祥地記念第３０回モーターボート誕生祭,北東,1,1,逃げ,1-2-4,1700,5,1,1,A1,0.6632,1,0.3368
2026-06-19,3,予選,0,3,ボートレース発祥地記念第３０回モーターボート誕生祭,東,1,1,抜き,1-2-6,3260,10,1,1,A1,0.6388,1,0.3612
2026-06-19,4,予選,0,3,ボートレース発祥地記念第３０回モーターボート誕生祭,東,2,1,逃げ,1-4-5,2040,8,1,1,A2,0.6543,1,0.3457
2026-06-19,5,予選,0,3,ボートレース発祥地記念第３０回モーターボート誕生祭,南東,3,2,逃げ,1-4-6,3810,15,1,1,A2,0.5011,1,0.4989
2026-06-19,6,予選,0,3,ボートレース発祥地記念第３０回モーターボート誕生祭,南西,3,2,まくり差し,3-2-4,10260,37,3,3,A2,0.6044,0,-0.6044
2026-06-19,7,予選,0,3,ボートレース発祥地記念第３０回モーターボート誕生祭,南西,3,2,まくり差し,5-2-6,6270,22,5,5,A2,0.486,0,-0.486
2026-06-19,8,予選,0,3,ボートレース発祥地記念第３０回モーターボート誕生祭,南西,3,2,逃げ,1-4-2,2400,5,1,1,A1,0.7649,1,0.2351
2026-06-19,9,予選,0,3,ボートレース発祥地記念第３０回モーターボート誕生祭,南西,3,2,逃げ,1-3-4,2120,8,1,1,A1,0.6627,1,0.3373
2026-06-19,10,予選,0,3,ボートレース発祥地記念第３０回モーターボート誕生祭,南西,4,3,まくり,3-4-6,13590,31,3,3,A1,0.6497,0,-0.6497
2026-06-19,11,予選,0,3,ボートレース発祥地記念第３０回モーターボート誕生祭,南西,2,1,抜き,1-4-3,1610,6,1,1,A1,0.6623,1,0.3377
2026-06-19,12,予選,0,3,ボートレース発祥地記念第３０回モーターボート誕生祭,南西,2,1,逃げ,1-5-3,1650,5,1,1,A1,0.6429,1,0.3571
2026-06-20,1,予選,0,4,ボートレース発祥地記念第３０回モーターボート誕生祭,南西,7,6,差し,4-3-1,16990,59,4,4,A2,0.6179,0,-0.6179
2026-06-20,2,予選,0,4,ボートレース発祥地記念第３０回モーターボート誕生祭,南西,7,6,まくり差し,3-1-5,4740,14,3,3,A2,0.6105,0,-0.6105
2026-06-20,3,予選,0,4,ボートレース発祥地記念第３０回モーターボート誕生祭,南西,7,6,恵まれ,2-3-5,950,1,2,2,A2,0.6319,0,-0.6319
2026-06-20,4,予選,0,4,ボートレース発祥地記念第３０回モーターボート誕生祭,南西,7,6,まくり差し,3-1-5,2310,8,3,3,A1,0.6759,0,-0.6759
2026-06-20,5,予選,0,4,ボートレース発祥地記念第３０回モーターボート誕生祭,南西,7,6,まくり,4-1-2,3390,9,4,5,A1,0.6515,0,-0.6515
2026-06-20,6,予選,0,4,ボートレース発祥地記念第３０回モーターボート誕生祭,南西,7,6,逃げ,1-4-5,1380,6,1,1,A1,0.818,1,0.182
2026-06-20,7,予選,0,4,ボートレース発祥地記念第３０回モーターボート誕生祭,南西,7,6,逃げ,1-3-2,720,2,1,1,A2,0.6302,1,0.3698
2026-06-20,8,予選,0,4,ボートレース発祥地記念第３０回モーターボート誕生祭,南西,7,6,まくり,2-6-4,2480,9,2,2,A2,0.7439,0,-0.7439
2026-06-20,9,予選,0,4,ボートレース発祥地記念第３０回モーターボート誕生祭,南西,6,5,逃げ,1-6-3,15780,32,1,1,A1,0.686,1,0.314
2026-06-20,10,予選,0,4,ボートレース発祥地記念第３０回モーターボート誕生祭,南西,5,4,逃げ,1-3-2,1670,6,1,1,A1,0.7479,1,0.2521
2026-06-20,11,予選,0,4,ボートレース発祥地記念第３０回モーターボート誕生祭,南西,5,4,差し,3-6-1,37720,64,3,3,A1,0.6399,0,-0.6399
2026-06-20,12,一般,0,4,ボートレース発祥地記念第３０回モーターボート誕生祭,南西,5,4,まくり差し,4-1-2,3990,11,4,4,A1,0.6781,0,-0.6781
2026-06-21,1,一般,0,5,ボートレース発祥地記念第３０回モーターボート誕生祭,北西,1,1,まくり,4-1-5,14150,32,4,4,A2,0.7037,0,-0.7037
2026-06-21,2,一般,0,5,ボートレース発祥地記念第３０回モーターボート誕生祭,北西,2,1,逃げ,1-5-4,4840,20,1,1,A2,0.6799,1,0.3201
2026-06-21,3,一般,0,5,ボートレース発祥地記念第３０回モーターボート誕生祭,北西,2,1,逃げ,1-2-3,1090,3,1,1,A2,0.6375,1,0.3625
2026-06-21,4,一般,0,5,ボートレース発祥地記念第３０回モーターボート誕生祭,北西,2,1,逃げ,1-3-4,940,1,1,1,A1,0.686,1,0.314
2026-06-21,5,一般,0,5,ボートレース発祥地記念第３０回モーターボート誕生祭,北,2,1,まくり差し,3-6-4,8040,34,3,3,A2,0.6737,0,-0.6737
2026-06-21,6,一般,0,5,ボートレース発祥地記念第３０回モーターボート誕生祭,北,2,1,逃げ,1-3-6,830,1,1,1,A1,0.6632,1,0.3368
2026-06-21,7,一般,0,5,ボートレース発祥地記念第３０回モーターボート誕生祭,北西,2,1,逃げ,1-3-2,670,2,1,1,A1,0.7479,1,0.2521
2026-06-21,8,一般,0,5,ボートレース発祥地記念第３０回モーターボート誕生祭,北西,2,1,逃げ,1-3-4,2200,10,1,1,A1,0.5452,1,0.4548
2026-06-21,9,準優勝戦,0,5,ボートレース発祥地記念第３０回モーターボート誕生祭,北西,2,1,逃げ,1-2-3,620,2,1,1,A1,0.5844,1,0.4156
2026-06-21,10,準優勝戦,0,5,ボートレース発祥地記念第３０回モーターボート誕生祭,北,2,1,逃げ,1-2-3,710,1,1,1,A1,0.6373,1,0.3627
2026-06-21,11,準優勝戦,0,5,ボートレース発祥地記念第３０回モーターボート誕生祭,北,2,1,逃げ,1-2-3,520,1,1,1,A1,0.7068,1,0.2932
2026-06-21,12,一般,0,5,ボートレース発祥地記念第３０回モーターボート誕生祭,北西,2,1,逃げ,1-5-6,2410,11,1,1,A1,0.5868,1,0.4132
2026-06-22,1,一般,0,6,ボートレース発祥地記念第３０回モーターボート誕生祭,北,2,1,逃げ,1-2-3,1020,2,1,1,A2,0.5346,1,0.4654
2026-06-22,2,一般,0,6,ボートレース発祥地記念第３０回モーターボート誕生祭,北,3,2,まくり,2-4-5,47250,58,2,2,A1,0.6759,0,-0.6759
2026-06-22,3,一般,0,6,ボートレース発祥地記念第３０回モーターボート誕生祭,北,1,1,まくり差し,4-5-6,9350,25,4,4,A1,0.6574,0,-0.6574
2026-06-22,4,一般,0,6,ボートレース発祥地記念第３０回モーターボート誕生祭,北,1,1,逃げ,1-3-2,1060,2,1,1,A1,0.6429,1,0.3571
2026-06-22,5,一般,0,6,ボートレース発祥地記念第３０回モーターボート誕生祭,西,1,1,逃げ,1-2-3,740,2,1,1,A1,0.6059,1,0.3941
2026-06-22,6,一般,0,6,ボートレース発祥地記念第３０回モーターボート誕生祭,北,2,1,逃げ,1-4-5,1590,7,1,1,A1,0.7233,1,0.2767
2026-06-22,7,一般,0,6,ボートレース発祥地記念第３０回モーターボート誕生祭,北東,1,1,逃げ,1-3-6,5720,17,1,1,A1,0.818,1,0.182
2026-06-22,8,一般,0,6,ボートレース発祥地記念第３０回モーターボート誕生祭,北東,1,1,逃げ,1-4-5,1210,2,1,1,A1,0.6623,1,0.3377
2026-06-22,9,発祥地選抜戦,0,6,ボートレース発祥地記念第３０回モーターボート誕生祭,西,1,1,逃げ,1-4-2,2460,8,1,1,A2,0.6629,1,0.3371
2026-06-22,10,特別選抜戦,0,6,ボートレース発祥地記念第３０回モーターボート誕生祭,北東,1,1,逃げ,1-2-3,590,1,1,1,A2,0.6302,1,0.3698
2026-06-22,11,特別選抜戦,0,6,ボートレース発祥地記念第３０回モーターボート誕生祭,南,1,1,逃げ,1-2-3,660,2,1,1,A2,0.6897,1,0.3103
2026-06-22,12,優勝戦,0,6,ボートレース発祥地記念第３０回モーターボート誕生祭,南西,1,1,逃げ,1-4-5,2130,9,1,1,A1,0.7068,1,0.2932
2026-06-26,1,予選,0,1,スポーツ報知杯,南,1,1,逃げ,1-6-3,2300,10,1,1,B1,0.4913,1,0.5087
2026-06-26,2,予選,0,1,スポーツ報知杯,南,1,1,差し,2-1-3,2370,9,2,2,B1,0.463,0,-0.463
2026-06-26,3,予選,0,1,スポーツ報知杯,南,1,1,差し,2-5-3,13990,38,2,2,B1,0.4524,0,-0.4524
2026-06-26,4,予選,0,1,スポーツ報知杯,,0,1,抜き,4-2-3,2510,10,4,4,B1,0.4097,0,-0.4097
2026-06-26,5,予選,0,1,スポーツ報知杯,北,1,1,逃げ,1-2-4,710,2,1,1,B1,0.4615,1,0.5385
2026-06-26,6,予選,0,1,スポーツ報知杯,北西,1,1,逃げ,1-2-6,10420,39,1,1,B1,0.4108,1,0.5892
2026-06-26,7,予選,1,1,スポーツ報知杯,北西,1,1,逃げ,1-3-4,850,2,1,1,A1,0.6349,1,0.3651
2026-06-26,8,予選,0,1,スポーツ報知杯,南西,1,1,逃げ,1-2-3,1270,2,1,1,B1,0.4807,1,0.5193
2026-06-26,9,予選特賞,0,1,スポーツ報知杯,西,1,1,逃げ,1-5-3,7000,27,1,1,A2,0.4399,1,0.5601
2026-06-26,10,予選特賞,0,1,スポーツ報知杯,北西,2,1,差し,2-5-4,61270,70,2,2,A2,0.6091,0,-0.6091
2026-06-26,11,予選特選,0,1,スポーツ報知杯,北,1,1,逃げ,1-5-3,1580,5,1,1,A1,0.6243,1,0.3757
2026-06-26,12,発祥地選抜,0,1,スポーツ報知杯,南,1,1,逃げ,1-3-5,1090,5,1,1,A1,0.7307,1,0.2693
2026-06-27,1,予選,0,2,スポーツ報知杯,北,1,1,差し,3-4-1,19640,54,3,3,B1,0.3506,0,-0.3506
2026-06-27,2,予選,0,2,スポーツ報知杯,北,1,1,逃げ,2-5-4,420,1,2,1,B2,0.7307,1,0.2693
2026-06-27,3,予選,0,2,スポーツ報知杯,北西,1,1,逃げ,1-2-3,2420,3,1,1,B2,0.3632,1,0.6368
2026-06-27,4,予選,0,2,スポーツ報知杯,北,2,1,逃げ,1-3-6,2320,8,1,1,B1,0.4165,1,0.5835
2026-06-27,5,予選,0,2,スポーツ報知杯,北,2,1,抜き,1-2-4,1720,5,1,1,B1,0.565,1,0.435
2026-06-27,6,予選,0,2,スポーツ報知杯,北西,2,1,逃げ,1-6-3,1870,6,1,1,B1,0.5615,1,0.4385
2026-06-27,7,予選,1,2,スポーツ報知杯,北,3,2,差し,3-5-6,100810,78,3,3,A2,0.626,0,-0.626
2026-06-27,8,予選,0,2,スポーツ報知杯,北,3,2,逃げ,1-3-2,1450,4,1,1,B1,0.4461,1,0.5539
2026-06-27,9,予選特賞,0,2,スポーツ報知杯,北,2,1,逃げ,1-3-2,1310,6,1,1,A2,0.6627,1,0.3373
2026-06-27,10,予選特賞,0,2,スポーツ報知杯,北,1,1,逃げ,1-2-3,610,2,1,1,A2,0.6632,1,0.3368
2026-06-27,11,予選特選,0,2,スポーツ報知杯,北西,1,1,逃げ,1-3-2,1670,9,1,1,A1,0.681,1,0.319
2026-06-27,12,予選特選,0,2,スポーツ報知杯,,0,1,逃げ,1-3-4,520,1,1,1,A1,0.739,1,0.261
2026-06-28,1,予選,0,3,スポーツ報知杯,西,1,1,逃げ,1-3-2,990,3,1,1,B1,0.5012,1,0.4988
2026-06-28,2,予選,0,3,スポーツ報知杯,北西,2,1,抜き,2-4-1,6460,24,2,2,B1,0.4925,0,-0.4925
2026-06-28,3,予選,0,3,スポーツ報知杯,北,1,1,まくり差し,3-1-2,1140,1,3,3,B1,0.492,0,-0.492
2026-06-28,4,予選,0,3,スポーツ報知杯,北西,2,1,逃げ,1-3-4,2800,10,1,1,B1,0.4415,1,0.5585
2026-06-28,5,予選,0,3,スポーツ報知杯,北西,1,1,逃げ,1-2-3,1460,3,1,1,B1,0.4378,1,0.5622
2026-06-28,6,予選,0,3,スポーツ報知杯,北西,1,1,逃げ,1-2-3,1230,5,1,1,B1,0.5641,1,0.4359
2026-06-28,7,予選,1,3,スポーツ報知杯,西,2,1,逃げ,1-4-2,460,1,1,1,A2,0.5599,1,0.4401
2026-06-28,8,予選,0,3,スポーツ報知杯,南西,1,1,逃げ,1-3-6,500,2,1,1,A2,0.5686,1,0.4314
2026-06-28,9,予選特賞,0,3,スポーツ報知杯,西,1,1,逃げ,1-2-3,1450,6,1,1,A2,0.6072,1,0.3928
2026-06-28,10,予選特賞,0,3,スポーツ報知杯,南西,1,1,逃げ,1-2-3,390,1,1,1,A1,0.739,1,0.261
2026-06-28,11,予選特選,0,3,スポーツ報知杯,南西,1,1,まくり,4-2-3,27470,53,4,4,A1,0.7189,0,-0.7189
2026-06-28,12,予選特選,0,3,スポーツ報知杯,南西,1,1,抜き,1-3-4,1260,5,1,1,A1,0.6085,1,0.3915
2026-06-29,1,予選,0,4,スポーツ報知杯,南西,2,1,抜き,3-2-1,13860,45,3,3,B1,0.3653,0,-0.3653
2026-06-29,2,予選,0,4,スポーツ報知杯,西,2,1,差し,2-1-5,2630,7,2,2,B1,0.4335,0,-0.4335
2026-06-29,3,予選,0,4,スポーツ報知杯,北西,1,1,抜き,1-2-5,1300,6,1,1,B1,0.6103,1,0.3897
2026-06-29,4,予選,0,4,スポーツ報知杯,西,1,1,逃げ,1-3-5,580,1,1,1,B1,0.5113,1,0.4887
2026-06-29,5,予選,0,4,スポーツ報知杯,北西,1,1,まくり,3-4-2,9110,24,3,3,B1,0.4391,0,-0.4391
2026-06-29,6,予選,0,4,スポーツ報知杯,北,2,1,抜き,1-2-4,1030,4,1,1,A2,0.6187,1,0.3813
2026-06-29,7,予選,1,4,スポーツ報知杯,北,1,1,逃げ,1-2-3,1120,3,1,1,A1,0.739,1,0.261
2026-06-29,8,予選,0,4,スポーツ報知杯,北,1,1,逃げ,1-2-3,720,1,1,1,B1,0.5147,1,0.4853
2026-06-29,9,予選特賞,0,4,スポーツ報知杯,南,1,1,差し,2-1-5,12540,34,2,2,A1,0.7189,0,-0.7189
2026-06-29,10,予選特選,0,4,スポーツ報知杯,南西,1,1,差し,2-1-6,12380,25,2,2,A1,0.7509,0,-0.7509
2026-06-29,11,予選特選,0,4,スポーツ報知杯,南西,1,1,逃げ,1-4-3,1680,6,1,1,A1,0.7307,1,0.2693
2026-06-29,12,一般特賞,0,4,スポーツ報知杯,西,2,1,逃げ,1-3-2,1470,6,1,1,A1,0.6349,1,0.3651
2026-06-30,1,一般,0,5,スポーツ報知杯,南,1,1,まくり差し,4-1-2,6980,23,4,4,B1,0.492,0,-0.492
2026-06-30,2,一般,0,5,スポーツ報知杯,南,1,1,まくり差し,5-1-4,5160,19,5,5,B1,0.4925,0,-0.4925
2026-06-30,3,一般,0,5,スポーツ報知杯,南西,1,1,逃げ,1-3-4,870,2,1,1,B1,0.4461,1,0.5539
2026-06-30,4,一般,0,5,スポーツ報知杯,北,1,1,逃げ,1-4-3,2320,8,1,1,B1,0.6103,1,0.3897
2026-06-30,5,一般,0,5,スポーツ報知杯,北,1,1,逃げ,1-6-3,750,2,1,1,A2,0.5686,1,0.4314
2026-06-30,6,一般,0,5,スポーツ報知杯,北東,1,1,逃げ,1-2-4,5450,21,1,1,A2,0.6072,1,0.3928
2026-06-30,7,一般,1,5,スポーツ報知杯,東,1,1,逃げ,1-2-5,3460,12,1,1,A2,0.5956,1,0.4044
2026-06-30,8,準優進出戦,0,5,スポーツ報知杯,東,1,1,逃げ,1-2-6,4230,12,1,1,A2,0.5599,1,0.4401
2026-06-30,9,準優進出戦,0,5,スポーツ報知杯,東,1,1,逃げ,1-2-3,530,3,1,1,A1,0.739,1,0.261
2026-06-30,10,準優進出戦,0,5,スポーツ報知杯,東,1,1,逃げ,1-2-3,550,1,1,1,A1,0.6085,1,0.3915
2026-06-30,11,準優進出戦,0,5,スポーツ報知杯,東,1,1,逃げ,1-3-2,380,2,1,1,A1,0.7307,1,0.2693
2026-06-30,12,一般,0,5,スポーツ報知杯,東,1,1,逃げ,1-5-2,1760,7,1,1,A2,0.6121,1,0.3879
2026-07-01,1,一般,0,6,スポーツ報知杯,南西,8,7,抜き,1-2-4,710,1,1,1,B1,0.5012,1,0.4988
2026-07-01,2,一般,0,6,スポーツ報知杯,南西,8,7,まくり差し,3-1-2,2040,6,3,3,B1,0.463,0,-0.463
2026-07-01,3,一般,0,6,スポーツ報知杯,南西,8,7,逃げ,1-2-3,1270,2,1,1,B1,0.5147,1,0.4853
2026-07-01,4,一般,0,6,スポーツ報知杯,南西,6,5,逃げ,1-3-2,730,2,1,1,B1,0.5641,1,0.4359
2026-07-01,5,一般,0,6,スポーツ報知杯,南西,6,5,逃げ,1-2-5,530,1,1,1,A1,0.681,1,0.319
2026-07-01,6,一般,0,6,スポーツ報知杯,南西,6,5,逃げ,2-4-6,57030,84,2,1,B1,0.6072,1,0.3928
2026-07-01,7,一般,1,6,スポーツ報知杯,南西,8,7,逃げ,1-4-2,1090,4,1,1,A2,0.6187,1,0.3813
2026-07-01,8,一般,0,6,スポーツ報知杯,南,6,5,逃げ,1-2-4,1330,6,1,1,A1,0.7061,1,0.2939
2026-07-01,9,準優勝戦,0,6,スポーツ報知杯,南西,6,5,逃げ,1-3-2,420,2,1,1,A1,0.739,1,0.261
2026-07-01,10,準優勝戦,0,6,スポーツ報知杯,南西,5,4,逃げ,1-2-3,630,2,1,1,A1,0.6085,1,0.3915
2026-07-01,11,準優勝戦,0,6,スポーツ報知杯,南西,5,4,まくり差し,6-1-2,107160,65,6,5,A1,0.7443,0,-0.7443
2026-07-01,12,一般,0,6,スポーツ報知杯,南西,5,4,差し,5-2-6,114330,112,5,5,B1,0.4815,0,-0.4815
2026-07-02,1,一般,0,7,スポーツ報知杯,西,1,1,差し,2-1-4,6730,22,2,2,B1,0.5117,0,-0.5117
2026-07-02,2,一般,0,7,スポーツ報知杯,西,2,1,差し,2-3-1,8510,34,2,2,B1,0.3653,0,-0.3653
2026-07-02,3,一般,0,7,スポーツ報知杯,西,2,1,差し,2-4-3,2590,10,2,2,B1,0.4354,0,-0.4354
2026-07-02,4,一般,0,7,スポーツ報知杯,西,2,1,逃げ,1-3-2,860,2,1,1,B1,0.5615,1,0.4385
2026-07-02,5,一般,0,7,スポーツ報知杯,南西,2,1,まくり,5-6-4,27950,79,5,5,B1,0.4524,0,-0.4524
2026-07-02,6,一般,0,7,スポーツ報知杯,西,1,1,逃げ,1-2-6,680,1,1,1,A2,0.6632,1,0.3368
2026-07-02,7,一般,1,7,スポーツ報知杯,西,1,1,逃げ,1-3-2,910,3,1,1,A2,0.4399,1,0.5601
2026-07-02,8,一般,0,7,スポーツ報知杯,西,1,1,逃げ,1-2-4,810,3,1,1,B1,0.565,1,0.435
2026-07-02,9,一般特選,0,7,スポーツ報知杯,西,1,1,逃げ,1-2-4,1560,5,1,1,B1,0.5113,1,0.4887
2026-07-02,10,特別選抜戦,0,7,スポーツ報知杯,西,1,1,逃げ,1-3-2,780,3,1,1,A2,0.5599,1,0.4401
2026-07-02,11,特別選抜戦,0,7,スポーツ報知杯,南西,1,1,逃げ,1-2-4,550,2,1,1,B1,0.5641,1,0.4359
2026-07-02,12,優勝戦,0,7,スポーツ報知杯,西,1,1,差し,2-1-6,12250,34,2,2,A1,0.6212,0,-0.6212
2026-07-05,1,予選,0,1,ミッドナイトボートレースｉｎ大村　４,東,1,1,まくり差し,4-1-6,28260,63,4,5,B1,0.5591,0,-0.5591
2026-07-05,2,予選,0,1,ミッドナイトボートレースｉｎ大村　４,東,1,1,逃げ,1-3-6,1550,5,1,1,B1,0.5013,1,0.4987
2026-07-05,3,予選,0,1,ミッドナイトボートレースｉｎ大村　４,北東,1,1,逃げ,1-3-6,1590,2,1,1,B1,0.479,1,0.521
2026-07-05,4,予選,0,1,ミッドナイトボートレースｉｎ大村　４,北東,1,1,まくり,4-5-6,17750,59,4,4,B1,0.5849,0,-0.5849
2026-07-05,5,予選,0,1,ミッドナイトボートレースｉｎ大村　４,東,1,1,まくり,3-4-2,1020,1,3,3,B1,0.3893,0,-0.3893
2026-07-05,6,予選,0,1,ミッドナイトボートレースｉｎ大村　４,南西,5,4,逃げ,1-2-6,12160,57,1,1,B1,0.3269,1,0.6731
2026-07-05,7,予選,1,1,ミッドナイトボートレースｉｎ大村　４,南西,4,3,まくり差し,3-1-4,3100,14,3,3,A2,0.6442,0,-0.6442
2026-07-05,8,予選,0,1,ミッドナイトボートレースｉｎ大村　４,南西,3,2,逃げ,1-2-5,3050,10,1,1,A2,0.5158,1,0.4842
2026-07-05,9,予選特賞,0,1,ミッドナイトボートレースｉｎ大村　４,南西,3,2,逃げ,1-6-2,420,1,1,1,A2,0.5567,1,0.4433
2026-07-05,10,予選特賞,0,1,ミッドナイトボートレースｉｎ大村　４,南西,2,1,逃げ,1-4-2,870,3,1,1,A1,0.6479,1,0.3521
2026-07-05,11,予選特選,0,1,ミッドナイトボートレースｉｎ大村　４,南西,1,1,逃げ,1-2-5,830,2,1,1,A1,0.672,1,0.328
2026-07-05,12,発祥地選抜,0,1,ミッドナイトボートレースｉｎ大村　４,南,1,1,逃げ,1-3-2,1450,4,1,1,A1,0.6543,1,0.3457
2026-07-06,1,予選,0,2,ミッドナイトボートレースｉｎ大村　４,南西,1,1,まくり差し,3-1-4,1410,5,3,3,B1,0.3845,0,-0.3845
2026-07-06,2,予選,0,2,ミッドナイトボートレースｉｎ大村　４,南西,1,1,抜き,4-2-1,5250,21,4,4,B1,0.4923,0,-0.4923
2026-07-06,3,予選,0,2,ミッドナイトボートレースｉｎ大村　４,南西,1,1,差し,2-1-4,2850,12,2,2,B1,0.3929,0,-0.3929
2026-07-06,4,予選,0,2,ミッドナイトボートレースｉｎ大村　４,南,1,1,まくり差し,3-1-2,1520,5,3,3,B1,0.573,0,-0.573
2026-07-06,5,予選,0,2,ミッドナイトボートレースｉｎ大村　４,南,1,1,逃げ,1-2-6,1470,4,1,1,A2,0.5335,1,0.4665
2026-07-06,6,予選,0,2,ミッドナイトボートレースｉｎ大村　４,南,1,1,まくり,2-4-5,1780,6,2,2,B1,0.4574,0,-0.4574
2026-07-06,7,予選,1,2,ミッドナイトボートレースｉｎ大村　４,南,1,1,逃げ,1-3-5,2170,7,1,1,A2,0.6335,1,0.3665
2026-07-06,8,予選,0,2,ミッドナイトボートレースｉｎ大村　４,南,1,1,逃げ,1-4-5,970,2,1,1,B1,0.4815,1,0.5185
2026-07-06,9,予選特賞,0,2,ミッドナイトボートレースｉｎ大村　４,東,2,1,逃げ,1-3-6,900,3,1,1,A2,0.5324,1,0.4676
2026-07-06,10,予選特賞,0,2,ミッドナイトボートレースｉｎ大村　４,東,2,1,逃げ,1-4-3,660,2,1,1,A1,0.6033,1,0.3967
2026-07-06,11,予選特選,0,2,ミッドナイトボートレースｉｎ大村　４,東,1,1,まくり差し,6-3-1,124530,82,6,6,A1,0.7692,0,-0.7692
2026-07-06,12,予選特選,0,2,ミッドナイトボートレースｉｎ大村　４,東,2,1,逃げ,1-6-4,3260,13,1,1,A1,0.7692,1,0.2308
2026-07-07,1,予選,0,3,ミッドナイトボートレースｉｎ大村　４,南,1,1,まくり,3-4-1,16940,59,3,3,B1,0.4086,0,-0.4086
2026-07-07,2,予選,0,3,ミッドナイトボートレースｉｎ大村　４,西,2,1,逃げ,1-4-3,1160,3,1,1,B1,0.6153,1,0.3847
2026-07-07,3,予選,0,3,ミッドナイトボートレースｉｎ大村　４,南,1,1,差し,2-5-4,1850,5,2,2,B1,0.3273,0,-0.3273
2026-07-07,4,予選,0,3,ミッドナイトボートレースｉｎ大村　４,南西,1,1,まくり差し,4-1-5,2360,9,4,4,B1,0.478,0,-0.478
2026-07-07,5,予選,0,3,ミッドナイトボートレースｉｎ大村　４,北東,1,1,逃げ,1-3-5,800,1,1,1,B1,0.4323,1,0.5677
2026-07-07,6,予選,0,3,ミッドナイトボートレースｉｎ大村　４,北,1,1,差し,2-3-1,2250,9,2,2,B1,0.3544,0,-0.3544
2026-07-07,7,予選,1,3,ミッドナイトボートレースｉｎ大村　４,東,1,1,まくり,4-1-5,3310,11,4,4,A1,0.751,0,-0.751
2026-07-07,8,予選,0,3,ミッドナイトボートレースｉｎ大村　４,東,1,1,差し,2-1-5,1390,6,2,2,A2,0.5949,0,-0.5949
2026-07-07,9,予選特賞,0,3,ミッドナイトボートレースｉｎ大村　４,東,1,1,逃げ,1-2-3,770,2,1,1,A2,0.5803,1,0.4197
2026-07-07,10,予選特選,0,3,ミッドナイトボートレースｉｎ大村　４,東,1,1,逃げ,1-3-4,830,4,1,1,A1,0.7225,1,0.2775
2026-07-07,11,予選特選,0,3,ミッドナイトボートレースｉｎ大村　４,北東,1,1,逃げ,1-2-4,5170,17,1,1,A1,0.7743,1,0.2257
2026-07-07,12,一般特賞,0,3,ミッドナイトボートレースｉｎ大村　４,東,2,1,逃げ,1-2-3,2910,10,1,1,B2,0.5448,1,0.4552
2026-07-08,1,一般,0,4,ミッドナイトボートレースｉｎ大村　４,西,1,1,逃げ,1-2-6,900,3,1,1,B1,0.3668,1,0.6332
2026-07-08,2,一般,0,4,ミッドナイトボートレースｉｎ大村　４,北西,1,1,まくり,2-5-1,4830,20,2,2,B1,0.4065,0,-0.4065
2026-07-08,3,一般,0,4,ミッドナイトボートレースｉｎ大村　４,西,1,1,まくり差し,5-4-3,16420,43,5,5,A2,0.5321,0,-0.5321
2026-07-08,4,一般,0,4,ミッドナイトボートレースｉｎ大村　４,南西,1,1,逃げ,1-5-2,1260,6,1,1,A1,0.6543,1,0.3457
2026-07-08,5,一般,0,4,ミッドナイトボートレースｉｎ大村　４,南西,1,1,逃げ,1-4-3,1280,3,1,1,A1,0.7371,1,0.2629
2026-07-08,6,一般,0,4,ミッドナイトボートレースｉｎ大村　４,南西,1,1,差し,5-2-4,7460,20,5,5,A1,0.6154,0,-0.6154
2026-07-08,7,一般,1,4,ミッドナイトボートレースｉｎ大村　４,南西,1,1,まくり,4-5-1,7050,17,4,4,A1,0.6597,0,-0.6597
2026-07-08,8,一般,0,4,ミッドナイトボートレースｉｎ大村　４,南西,1,1,逃げ,1-2-4,560,2,1,1,A2,0.5674,1,0.4326
2026-07-08,9,準優勝戦,0,4,ミッドナイトボートレースｉｎ大村　４,南西,1,1,逃げ,1-2-6,3090,10,1,1,A1,0.7692,1,0.2308
2026-07-08,10,準優勝戦,0,4,ミッドナイトボートレースｉｎ大村　４,東,1,1,逃げ,1-2-5,660,1,1,1,A1,0.7743,1,0.2257
2026-07-08,11,準優勝戦,0,4,ミッドナイトボートレースｉｎ大村　４,南,1,1,逃げ,1-5-3,1980,8,1,1,A1,0.672,1,0.328
2026-07-08,12,一般,0,4,ミッドナイトボートレースｉｎ大村　４,南西,1,1,逃げ,1-3-2,640,1,1,1,A1,0.7547,1,0.2453
2026-07-09,1,一般,0,5,ミッドナイトボートレースｉｎ大村　４,南西,1,1,逃げ,1-3-4,1080,4,1,1,B1,0.4708,1,0.5292
2026-07-09,2,一般,0,5,ミッドナイトボートレースｉｎ大村　４,西,1,1,逃げ,1-2-3,700,2,1,1,B1,0.4542,1,0.5458
2026-07-09,3,一般,0,5,ミッドナイトボートレースｉｎ大村　４,南西,1,1,差し,2-1-3,9060,26,2,2,B1,0.4683,0,-0.4683
2026-07-09,4,一般,0,5,ミッドナイトボートレースｉｎ大村　４,南,1,1,逃げ,1-2-5,460,1,1,1,A2,0.6263,1,0.3737
2026-07-09,5,一般,0,5,ミッドナイトボートレースｉｎ大村　４,北東,1,1,逃げ,1-5-6,4410,14,1,1,A2,0.5567,1,0.4433
2026-07-09,6,一般,0,5,ミッドナイトボートレースｉｎ大村　４,,0,1,逃げ,1-3-2,1380,6,1,1,A2,0.5803,1,0.4197
2026-07-09,7,一般,1,5,ミッドナイトボートレースｉｎ大村　４,南西,1,1,抜き,1-2-4,490,1,1,1,A2,0.5158,1,0.4842
2026-07-09,8,一般,0,5,ミッドナイトボートレースｉｎ大村　４,北,1,1,逃げ,1-3-5,680,2,1,1,A2,0.5324,1,0.4676
2026-07-09,9,一般特選,0,5,ミッドナイトボートレースｉｎ大村　４,,0,1,逃げ,1-3-4,1950,6,1,1,B1,0.4378,1,0.5622
2026-07-09,10,特別選抜戦Ｂ,0,5,ミッドナイトボートレースｉｎ大村　４,南西,1,1,逃げ,1-2-4,710,2,1,1,A1,0.7371,1,0.2629
2026-07-09,11,優勝戦,0,5,ミッドナイトボートレースｉｎ大村　４,南東,1,1,まくり,3-4-2,3810,15,3,4,A1,0.6852,0,-0.6852
2026-07-09,12,特別選抜戦Ａ,0,5,ミッドナイトボートレースｉｎ大村　４,南西,1,1,抜き,1-3-4,1820,6,1,1,A1,0.7225,1,0.2775
2026-07-14,1,予選,0,1,ミッドナイトボートレースｉｎ大村　５,南,3,2,差し,2-4-1,1180,3,2,2,B1,0.3689,0,-0.3689
2026-07-14,2,予選,0,1,ミッドナイトボートレースｉｎ大村　５,南,3,2,逃げ,1-6-3,55200,80,1,1,B1,0.4901,1,0.5099
2026-07-14,3,予選,0,1,ミッドナイトボートレースｉｎ大村　５,南,2,1,差し,2-1-4,3820,17,2,2,B1,0.5128,0,-0.5128
2026-07-14,4,予選,0,1,ミッドナイトボートレースｉｎ大村　５,南,2,1,まくり,5-1-4,17680,45,5,5,B1,0.5179,0,-0.5179
2026-07-14,5,予選,0,1,ミッドナイトボートレースｉｎ大村　５,南,2,1,差し,4-5-6,22180,81,4,2,A2,0.5149,0,-0.5149
2026-07-14,6,予選,0,1,ミッドナイトボートレースｉｎ大村　５,南,2,1,まくり,2-3-6,1800,4,2,2,B1,0.4015,0,-0.4015
2026-07-14,7,予選,1,1,ミッドナイトボートレースｉｎ大村　５,南,2,1,まくり,3-1-6,11940,28,3,3,A1,0.6262,0,-0.6262
2026-07-14,8,予選,0,1,ミッドナイトボートレースｉｎ大村　５,南,3,2,逃げ,1-2-6,590,2,1,1,A1,0.783,1,0.217
2026-07-14,9,予選特賞,0,1,ミッドナイトボートレースｉｎ大村　５,南,2,1,逃げ,1-3-6,2760,11,1,1,A2,0.575,1,0.425
2026-07-14,10,予選特賞,0,1,ミッドナイトボートレースｉｎ大村　５,南,2,1,差し,2-5-1,21780,56,2,2,A2,0.5496,0,-0.5496
2026-07-14,11,予選特選,0,1,ミッドナイトボートレースｉｎ大村　５,南,2,1,逃げ,1-3-2,1300,4,1,1,A1,0.561,1,0.439
2026-07-14,12,龍神選抜,0,1,ミッドナイトボートレースｉｎ大村　５,南,1,1,逃げ,1-4-3,2960,12,1,1,A1,0.6391,1,0.3609
2026-07-15,1,予選,0,2,ミッドナイトボートレースｉｎ大村　５,南西,1,1,差し,3-1-2,4600,18,3,3,B1,0.5147,0,-0.5147
2026-07-15,2,予選,0,2,ミッドナイトボートレースｉｎ大村　５,南,1,1,逃げ,1-5-2,1070,2,1,1,B1,0.4913,1,0.5087
2026-07-15,3,予選,0,2,ミッドナイトボートレースｉｎ大村　５,南西,2,1,差し,5-3-6,14440,60,5,5,B1,0.3277,0,-0.3277
2026-07-15,4,予選,0,2,ミッドナイトボートレースｉｎ大村　５,南西,1,1,まくり差し,5-1-3,22190,52,5,5,B2,0.5508,0,-0.5508
2026-07-15,5,予選,0,2,ミッドナイトボートレースｉｎ大村　５,南西,1,1,逃げ,1-5-4,560,1,1,1,A2,0.5518,1,0.4482
2026-07-15,6,予選,0,2,ミッドナイトボートレースｉｎ大村　５,南,1,1,まくり,4-6-2,2930,9,4,4,B1,0.3277,0,-0.3277
2026-07-15,7,予選,1,2,ミッドナイトボートレースｉｎ大村　５,南西,1,1,まくり差し,5-1-3,26510,42,5,5,A1,0.6594,0,-0.6594
2026-07-15,8,予選,0,2,ミッドナイトボートレースｉｎ大村　５,南西,1,1,逃げ,1-2-6,860,2,1,1,A2,0.5803,1,0.4197
2026-07-15,9,予選特賞,0,2,ミッドナイトボートレースｉｎ大村　５,南西,1,1,逃げ,1-4-3,810,4,1,1,A2,0.5901,1,0.4099
2026-07-15,10,予選特賞,0,2,ミッドナイトボートレースｉｎ大村　５,南西,1,1,まくり差し,5-1-2,6860,22,5,4,A2,0.5832,0,-0.5832
2026-07-15,11,予選特選,0,2,ミッドナイトボートレースｉｎ大村　５,南西,1,1,逃げ,1-5-6,8500,29,1,1,A1,0.5877,1,0.4123
2026-07-15,12,予選特選,0,2,ミッドナイトボートレースｉｎ大村　５,南西,1,1,逃げ,1-5-4,5960,16,1,1,A1,0.6681,1,0.3319
2026-07-16,1,一般,0,3,ミッドナイトボートレースｉｎ大村　５,南西,1,1,逃げ,1-5-4,2870,11,1,1,B1,0.5525,1,0.4475
2026-07-16,2,一般,0,3,ミッドナイトボートレースｉｎ大村　５,南西,1,1,差し,2-3-1,4500,18,2,2,B1,0.4669,0,-0.4669
2026-07-16,3,一般,0,3,ミッドナイトボートレースｉｎ大村　５,南西,1,1,逃げ,1-4-6,4050,12,1,1,A2,0.6559,1,0.3441
2026-07-16,4,一般,0,3,ミッドナイトボートレースｉｎ大村　５,南西,1,1,逃げ,1-6-3,1530,5,1,1,A1,0.6473,1,0.3527
2026-07-16,5,一般,0,3,ミッドナイトボートレースｉｎ大村　５,南,1,1,まくり差し,5-1-2,3100,11,5,5,A1,0.601,0,-0.601
2026-07-16,6,一般,0,3,ミッドナイトボートレースｉｎ大村　５,南西,1,1,逃げ,1-4-5,650,1,1,1,A1,0.783,1,0.217
2026-07-16,7,一般,1,3,ミッドナイトボートレースｉｎ大村　５,南,1,1,逃げ,1-3-2,590,2,1,1,A2,0.6388,1,0.3612
2026-07-16,8,一般,0,3,ミッドナイトボートレースｉｎ大村　５,東,1,1,逃げ,1-3-2,740,1,1,1,A2,0.5384,1,0.4616
2026-07-16,9,準優勝戦,0,3,ミッドナイトボートレースｉｎ大村　５,南東,1,1,逃げ,1-2-3,710,3,1,1,A1,0.6391,1,0.3609
2026-07-16,10,準優勝戦,0,3,ミッドナイトボートレースｉｎ大村　５,東,1,1,恵まれ,5-6-1,43710,37,5,5,A2,0.6038,0,-0.6038
2026-07-16,11,準優勝戦,0,3,ミッドナイトボートレースｉｎ大村　５,南西,1,1,逃げ,1-3-2,610,2,1,1,B2,0.6116,1,0.3884
2026-07-16,12,一般,0,3,ミッドナイトボートレースｉｎ大村　５,東,1,1,まくり差し,3-4-1,19190,42,3,3,A2,0.5803,0,-0.5803
2026-07-17,1,一般,0,4,ミッドナイトボートレースｉｎ大村　５,南西,1,1,逃げ,1-3-2,800,3,1,1,B1,0.592,1,0.408
2026-07-17,2,一般,0,4,ミッドナイトボートレースｉｎ大村　５,南西,1,1,抜き,1-2-3,1200,3,1,1,B1,0.4913,1,0.5087
2026-07-17,3,一般,0,4,ミッドナイトボートレースｉｎ大村　５,西,1,1,逃げ,1-5-3,3520,12,1,1,B1,0.4344,1,0.5656
2026-07-17,4,一般,0,4,ミッドナイトボートレースｉｎ大村　５,南西,1,1,差し,2-1-4,10910,37,2,2,B1,0.4335,0,-0.4335
2026-07-17,5,一般,0,4,ミッドナイトボートレースｉｎ大村　５,南西,1,1,逃げ,1-4-2,2060,8,1,1,A2,0.5335,1,0.4665
2026-07-17,6,一般,0,4,ミッドナイトボートレースｉｎ大村　５,南西,1,1,逃げ,1-2-3,830,3,1,1,A2,0.575,1,0.425
2026-07-17,7,一般,1,4,ミッドナイトボートレースｉｎ大村　５,南東,1,1,逃げ,1-2-3,720,1,1,1,A1,0.561,1,0.439
2026-07-17,8,一般,0,4,ミッドナイトボートレースｉｎ大村　５,南西,1,1,まくり差し,3-1-4,13950,25,3,3,A2,0.5663,0,-0.5663
2026-07-17,9,一般特選,0,4,ミッドナイトボートレースｉｎ大村　５,東,1,1,まくり差し,5-3-1,17930,66,5,5,B1,0.4909,0,-0.4909
2026-07-17,10,特別選抜戦Ｂ,0,4,ミッドナイトボートレースｉｎ大村　５,東,1,1,まくり差し,3-1-2,17440,44,3,3,A1,0.6594,0,-0.6594
2026-07-17,11,優勝戦,0,4,ミッドナイトボートレースｉｎ大村　５,東,1,1,まくり,3-1-5,4680,18,3,3,B2,0.636,0,-0.636
2026-07-17,12,特別選抜戦Ａ,0,4,ミッドナイトボートレースｉｎ大村　５,東,1,1,まくり差し,3-1-2,2420,10,3,3,A2,0.6038,0,-0.6038
2026-07-22,1,予選,0,1,ミッドナイトボートレースｉｎ大村　６,南西,1,1,逃げ,1-3-2,1260,4,1,1,B1,0.4364,1,0.5636
2026-07-22,2,予選,0,1,ミッドナイトボートレースｉｎ大村　６,西,2,1,差し,3-5-4,9690,50,3,3,B1,0.4519,0,-0.4519
2026-07-22,3,予選,0,1,ミッドナイトボートレースｉｎ大村　６,北西,2,1,恵まれ,1-2-6,10880,28,1,1,B1,0.4484,1,0.5516
2026-07-22,4,予選,0,1,ミッドナイトボートレースｉｎ大村　６,北西,2,1,まくり,4-2-6,5410,21,4,4,B1,0.4391,0,-0.4391
2026-07-22,5,予選,0,1,ミッドナイトボートレースｉｎ大村　６,西,2,1,まくり差し,4-1-3,6560,23,4,5,A1,0.6134,0,-0.6134
2026-07-22,6,予選,0,1,ミッドナイトボートレースｉｎ大村　６,西,2,1,まくり,6-2-3,24540,66,6,6,B1,0.4122,0,-0.4122
2026-07-22,7,予選,1,1,ミッドナイトボートレースｉｎ大村　６,西,1,1,逃げ,1-2-3,270,2,1,1,A1,0.7115,1,0.2885
2026-07-22,8,予選,0,1,ミッドナイトボートレースｉｎ大村　６,西,1,1,逃げ,1-2-4,1210,5,1,1,A2,0.4807,1,0.5193
2026-07-22,9,予選特賞,0,1,ミッドナイトボートレースｉｎ大村　６,西,2,1,まくり,6-1-2,4670,17,6,6,A2,0.6634,0,-0.6634
2026-07-22,10,予選特賞,0,1,ミッドナイトボートレースｉｎ大村　６,西,1,1,抜き,5-3-4,36450,85,5,5,A2,0.5981,0,-0.5981
2026-07-22,11,予選特選,0,1,ミッドナイトボートレースｉｎ大村　６,西,1,1,逃げ,1-2-5,1410,4,1,1,A1,0.5686,1,0.4314
2026-07-22,12,龍神選抜,0,1,ミッドナイトボートレースｉｎ大村　６,西,1,1,まくり差し,4-5-1,14290,59,4,4,A1,0.6335,0,-0.6335
2026-07-23,1,予選,0,2,ミッドナイトボートレースｉｎ大村　６,西,2,1,逃げ,1-2-5,3510,14,1,1,B1,0.4683,1,0.5317
2026-07-23,2,予選,0,2,ミッドナイトボートレースｉｎ大村　６,北西,2,1,まくり差し,5-2-4,13080,38,5,5,B1,0.4901,0,-0.4901
2026-07-23,3,予選,0,2,ミッドナイトボートレースｉｎ大村　６,北西,2,1,まくり,3-2-5,6590,31,3,3,B1,0.4271,0,-0.4271
2026-07-23,4,予選,0,2,ミッドナイトボートレースｉｎ大村　６,北西,2,1,まくり差し,4-3-2,4300,20,4,4,B1,0.4484,0,-0.4484
2026-07-23,5,予選,0,2,ミッドナイトボートレースｉｎ大村　６,北西,2,1,逃げ,1-4-2,2370,8,1,1,A2,0.6349,1,0.3651
2026-07-23,6,予選,0,2,ミッドナイトボートレースｉｎ大村　６,北西,2,1,差し,3-5-6,4670,21,3,3,B1,0.3881,0,-0.3881
2026-07-23,7,予選,1,2,ミッドナイトボートレースｉｎ大村　６,西,2,1,まくり,4-1-2,5520,19,4,4,A2,0.6792,0,-0.6792
2026-07-23,8,予選,0,2,ミッドナイトボートレースｉｎ大村　６,西,1,1,逃げ,1-2-6,970,4,1,1,A1,0.6442,1,0.3558
2026-07-23,9,予選特賞,0,2,ミッドナイトボートレースｉｎ大村　６,北西,1,1,逃げ,1-2-4,880,1,1,1,A2,0.5726,1,0.4274
2026-07-23,10,予選特賞,0,2,ミッドナイトボートレースｉｎ大村　６,北西,1,1,逃げ,1-3-4,2100,8,1,1,A2,0.6816,1,0.3184
2026-07-23,11,予選特選,0,2,ミッドナイトボートレースｉｎ大村　６,北西,1,1,差し,2-1-4,3850,15,2,2,A1,0.5296,0,-0.5296
2026-07-23,12,予選特選,0,2,ミッドナイトボートレースｉｎ大村　６,北西,1,1,逃げ,1-3-4,650,1,1,1,A1,0.6574,1,0.3426
2026-07-24,1,一般,0,3,ミッドナイトボートレースｉｎ大村　６,北西,2,1,逃げ,1-4-6,1390,7,1,1,B1,0.5192,1,0.4808
2026-07-24,2,一般,0,3,ミッドナイトボートレースｉｎ大村　６,北西,2,1,逃げ,1-3-6,1660,6,1,1,A2,0.6734,1,0.3266
2026-07-24,3,一般,0,3,ミッドナイトボートレースｉｎ大村　６,北西,2,1,逃げ,1-5-3,4870,17,1,1,B1,0.4905,1,0.5095
2026-07-24,4,一般,0,3,ミッドナイトボートレースｉｎ大村　６,北西,1,1,逃げ,1-2-5,440,1,1,1,A2,0.6047,1,0.3953
2026-07-24,5,一般,0,3,ミッドナイトボートレースｉｎ大村　６,北西,2,1,差し,3-1-2,18040,31,3,3,A2,0.5976,0,-0.5976
2026-07-24,6,一般,0,3,ミッドナイトボートレースｉｎ大村　６,北西,3,2,逃げ,1-3-2,1480,6,1,1,A1,0.6442,1,0.3558
2026-07-24,7,一般,1,3,ミッドナイトボートレースｉｎ大村　６,北西,1,1,まくり差し,5-1-2,4700,15,5,5,A2,0.5885,0,-0.5885
2026-07-24,8,一般,0,3,ミッドナイトボートレースｉｎ大村　６,北西,2,1,まくり差し,3-1-6,1000,4,3,3,B1,0.6078,0,-0.6078
2026-07-24,9,準優勝戦,0,3,ミッドナイトボートレースｉｎ大村　６,北西,2,1,逃げ,1-2-3,470,1,1,1,A1,0.5154,1,0.4846
2026-07-24,10,準優勝戦,0,3,ミッドナイトボートレースｉｎ大村　６,西,1,1,逃げ,1-4-5,1460,4,1,1,A1,0.6574,1,0.3426
2026-07-24,11,準優勝戦,0,3,ミッドナイトボートレースｉｎ大村　６,西,1,1,まくり差し,3-1-2,5540,18,3,3,A1,0.7247,0,-0.7247
2026-07-24,12,一般,0,3,ミッドナイトボートレースｉｎ大村　６,北西,1,1,逃げ,1-2-4,400,1,1,1,A1,0.6009,1,0.3991
2026-07-25,1,一般,0,4,ミッドナイトボートレースｉｎ大村　６,北西,2,1,まくり,3-6-4,13140,39,3,3,B1,0.3971,0,-0.3971
2026-07-25,2,一般,0,4,ミッドナイトボートレースｉｎ大村　６,北東,3,2,差し,4-1-5,3280,12,4,4,B1,0.5586,0,-0.5586
2026-07-25,3,一般,0,4,ミッドナイトボートレースｉｎ大村　６,北,2,1,逃げ,1-4-3,2480,9,1,1,B1,0.5973,1,0.4027
2026-07-25,4,一般,0,4,ミッドナイトボートレースｉｎ大村　６,北西,1,1,逃げ,1-3-2,3410,9,1,1,B1,0.3506,1,0.6494
2026-07-25,5,一般,0,4,ミッドナイトボートレースｉｎ大村　６,北西,1,1,逃げ,1-5-6,4270,15,1,1,A2,0.6623,1,0.3377
2026-07-25,6,一般,0,4,ミッドナイトボートレースｉｎ大村　６,西,1,1,まくり差し,6-1-4,74040,60,6,6,A1,0.5821,0,-0.5821
2026-07-25,7,一般,1,4,ミッドナイトボートレースｉｎ大村　６,西,1,1,逃げ,1-6-4,1910,7,1,1,A2,0.5832,1,0.4168
2026-07-25,8,一般,0,4,ミッドナイトボートレースｉｎ大村　６,北西,1,1,逃げ,1-4-2,650,1,1,1,A2,0.6509,1,0.3491
2026-07-25,9,一般特選,0,4,ミッドナイトボートレースｉｎ大村　６,西,1,1,逃げ,1-2-3,840,2,1,1,B1,0.4436,1,0.5564
2026-07-25,10,特別選抜戦Ｂ,0,4,ミッドナイトボートレースｉｎ大村　６,北西,1,1,逃げ,1-3-5,3700,11,1,1,A2,0.5784,1,0.4216
2026-07-25,11,優勝戦,0,4,ミッドナイトボートレースｉｎ大村　６,北,2,1,逃げ,1-3-6,2280,9,1,1,A1,0.6574,1,0.3426
2026-07-25,12,特別選抜戦Ａ,0,4,ミッドナイトボートレースｉｎ大村　６,北,1,1,まくり差し,5-4-6,20670,44,5,5,A2,0.5016,0,-0.5016
2026-07-28,1,予選,0,1,にっぽん未来プロジェクト競走ｉｎ大村　１,北西,2,1,まくり,5-6-4,5190,17,5,5,B1,0.4165,0,-0.4165
2026-07-28,2,予選,0,1,にっぽん未来プロジェクト競走ｉｎ大村　１,北西,2,1,まくり,3-4-1,3040,6,3,3,B1,0.3827,0,-0.3827
2026-07-28,3,予選,0,1,にっぽん未来プロジェクト競走ｉｎ大村　１,北西,2,1,抜き,6-5-2,10070,51,6,2,B1,0.4378,0,-0.4378
2026-07-28,4,予選,0,1,にっぽん未来プロジェクト競走ｉｎ大村　１,北,3,2,逃げ,1-4-6,1290,3,1,1,A2,0.5769,1,0.4231
2026-07-28,5,予選,0,1,にっぽん未来プロジェクト競走ｉｎ大村　１,北,2,1,逃げ,1-2-3,1240,5,1,1,A1,0.6893,1,0.3107
2026-07-28,6,予選,0,1,にっぽん未来プロジェクト競走ｉｎ大村　１,北西,2,1,まくり差し,3-1-6,700,2,3,3,A2,0.6763,0,-0.6763
2026-07-28,7,予選,1,1,にっぽん未来プロジェクト競走ｉｎ大村　１,北西,3,2,逃げ,1-2-4,590,3,1,1,A1,0.7747,1,0.2253
2026-07-28,8,予選,0,1,にっぽん未来プロジェクト競走ｉｎ大村　１,北西,2,1,まくり,3-5-4,8470,28,3,4,A2,0.6154,0,-0.6154
2026-07-28,9,予選特賞,0,1,にっぽん未来プロジェクト競走ｉｎ大村　１,北西,2,1,逃げ,1-3-6,470,1,1,1,A1,0.6439,1,0.3561
2026-07-28,10,予選特賞,0,1,にっぽん未来プロジェクト競走ｉｎ大村　１,北西,2,1,まくり,3-2-5,5470,16,3,3,A1,0.5959,0,-0.5959
2026-07-28,11,予選特選,0,1,にっぽん未来プロジェクト競走ｉｎ大村　１,北西,2,1,逃げ,1-2-3,1250,3,1,1,A1,0.6098,1,0.3902
2026-07-28,12,龍神選抜,0,1,にっぽん未来プロジェクト競走ｉｎ大村　１,北,2,1,差し,4-1-5,14800,32,4,4,A1,0.6445,0,-0.6445
2026-07-29,1,予選,0,2,にっぽん未来プロジェクト競走ｉｎ大村　１,北西,2,1,逃げ,1-3-4,860,1,1,1,B1,0.6807,1,0.3193
2026-07-29,2,予選,0,2,にっぽん未来プロジェクト競走ｉｎ大村　１,北,2,1,まくり,2-3-6,1780,6,2,2,B1,0.4721,0,-0.4721
2026-07-29,3,予選,0,2,にっぽん未来プロジェクト競走ｉｎ大村　１,北,3,2,差し,2-1-4,2130,5,2,2,B1,0.4165,0,-0.4165
2026-07-29,4,予選,0,2,にっぽん未来プロジェクト競走ｉｎ大村　１,北,2,1,逃げ,1-6-2,2560,10,1,1,B1,0.4683,1,0.5317
2026-07-29,5,予選,0,2,にっぽん未来プロジェクト競走ｉｎ大村　１,北西,2,1,差し,3-1-6,2300,10,3,4,A1,0.6552,0,-0.6552
2026-07-29,6,予選,0,2,にっぽん未来プロジェクト競走ｉｎ大村　１,北西,1,1,まくり,3-4-1,18770,39,3,3,A2,0.4774,0,-0.4774
2026-07-29,7,予選,1,2,にっぽん未来プロジェクト競走ｉｎ大村　１,西,2,1,逃げ,1-2-5,760,3,1,1,A1,0.7172,1,0.2828
2026-07-29,8,予選,0,2,にっぽん未来プロジェクト競走ｉｎ大村　１,西,2,1,逃げ,1-2-4,1070,4,1,1,A1,0.6243,1,0.3757
2026-07-29,9,予選特賞,0,2,にっぽん未来プロジェクト競走ｉｎ大村　１,北西,1,1,逃げ,1-6-2,630,2,1,1,A2,0.6923,1,0.3077
2026-07-29,10,予選特賞,0,2,にっぽん未来プロジェクト競走ｉｎ大村　１,北西,2,1,逃げ,1-2-5,1380,4,1,1,A1,0.6933,1,0.3067
2026-07-29,11,予選特選,0,2,にっぽん未来プロジェクト競走ｉｎ大村　１,北西,2,1,逃げ,1-3-5,560,2,1,1,A1,0.7371,1,0.2629
2026-07-29,12,予選特選,0,2,にっぽん未来プロジェクト競走ｉｎ大村　１,北西,1,1,逃げ,1-3-2,710,2,1,1,A1,0.7376,1,0.2624
2026-07-30,1,一般,0,3,にっぽん未来プロジェクト競走ｉｎ大村　１,北西,3,2,逃げ,1-4-5,2210,8,1,1,B1,0.4323,1,0.5677
2026-07-30,2,一般,0,3,にっぽん未来プロジェクト競走ｉｎ大村　１,北西,2,1,まくり,4-6-3,5130,23,4,4,B1,0.5849,0,-0.5849
2026-07-30,3,一般,0,3,にっぽん未来プロジェクト競走ｉｎ大村　１,北西,2,1,逃げ,1-2-3,360,1,1,1,A2,0.5468,1,0.4532
2026-07-30,4,一般,0,3,にっぽん未来プロジェクト競走ｉｎ大村　１,北西,2,1,まくり差し,3-1-2,8640,28,3,3,A2,0.5014,0,-0.5014
2026-07-30,5,一般,0,3,にっぽん未来プロジェクト競走ｉｎ大村　１,北西,2,1,逃げ,1-3-5,480,1,1,1,A2,0.5897,1,0.4103
2026-07-30,6,一般,0,3,にっぽん未来プロジェクト競走ｉｎ大村　１,北西,2,1,まくり差し,6-3-2,135720,106,6,5,A1,0.7866,0,-0.7866
2026-07-30,7,一般,1,3,にっぽん未来プロジェクト競走ｉｎ大村　１,北西,2,1,逃げ,1-4-2,3910,13,1,1,A2,0.6186,1,0.3814
2026-07-30,8,一般,0,3,にっぽん未来プロジェクト競走ｉｎ大村　１,北西,2,1,逃げ,1-2-5,570,1,1,1,A2,0.6349,1,0.3651
2026-07-30,9,準優勝戦,0,3,にっぽん未来プロジェクト競走ｉｎ大村　１,北西,2,1,逃げ,1-4-6,7030,21,1,1,A1,0.633,1,0.367
2026-07-30,10,準優勝戦,0,3,にっぽん未来プロジェクト競走ｉｎ大村　１,北西,2,1,まくり差し,4-1-6,6960,20,4,4,A1,0.751,0,-0.751
2026-07-30,11,準優勝戦,0,3,にっぽん未来プロジェクト競走ｉｎ大村　１,北西,2,1,逃げ,1-4-5,2740,10,1,1,A1,0.7172,1,0.2828
2026-07-30,12,一般,0,3,にっぽん未来プロジェクト競走ｉｎ大村　１,北西,1,1,逃げ,1-2-5,1780,5,1,1,A2,0.5775,1,0.4225
2026-07-31,1,一般,0,4,にっぽん未来プロジェクト競走ｉｎ大村　１,北西,1,1,逃げ,1-4-2,1070,3,1,1,B1,0.5276,1,0.4724
2026-07-31,2,一般,0,4,にっぽん未来プロジェクト競走ｉｎ大村　１,北西,1,1,まくり差し,5-6-4,26070,79,5,5,B1,0.4391,0,-0.4391
2026-07-31,3,一般,0,4,にっぽん未来プロジェクト競走ｉｎ大村　１,北西,2,1,逃げ,1-2-4,1510,3,1,1,B1,0.4058,1,0.5942
2026-07-31,4,一般,0,4,にっぽん未来プロジェクト競走ｉｎ大村　１,北西,2,1,逃げ,1-6-2,4450,19,1,1,B1,0.5591,1,0.4409
2026-07-31,5,一般,0,4,にっぽん未来プロジェクト競走ｉｎ大村　１,北西,1,1,逃げ,1-3-6,1540,7,1,1,A1,0.7376,1,0.2624
2026-07-31,6,一般,0,4,にっぽん未来プロジェクト競走ｉｎ大村　１,北西,1,1,逃げ,1-3-5,370,1,1,1,A1,0.6893,1,0.3107
2026-07-31,7,一般,1,4,にっぽん未来プロジェクト競走ｉｎ大村　１,北西,1,1,まくり差し,3-1-5,1640,5,3,3,A1,0.6582,0,-0.6582
2026-07-31,8,一般,0,4,にっぽん未来プロジェクト競走ｉｎ大村　１,北西,1,1,逃げ,1-4-3,3800,13,1,1,A1,0.5832,1,0.4168
2026-07-31,9,一般特選,0,4,にっぽん未来プロジェクト競走ｉｎ大村　１,北西,1,1,差し,2-4-6,85670,89,2,2,A1,0.6243,0,-0.6243
2026-07-31,10,特別選抜戦,0,4,にっぽん未来プロジェクト競走ｉｎ大村　１,北西,2,1,逃げ,1-4-6,3160,10,1,1,B1,0.6807,1,0.3193
2026-07-31,11,特別選抜戦,0,4,にっぽん未来プロジェクト競走ｉｎ大村　１,北西,2,1,まくり,6-3-5,42710,95,6,2,B1,0.4496,0,-0.4496
2026-07-31,12,優勝戦,0,4,にっぽん未来プロジェクト競走ｉｎ大村　１,北西,2,1,逃げ,1-3-4,1300,5,1,1,A1,0.7172,1,0.2828
2026-08-06,1,予選,0,1,ＢＯＡＴＲＡＣＥ振興会会長賞,北東,8,7,差し,2-5-6,17610,60,2,2,B1,0.4378,0,-0.4378
2026-08-06,2,予選,0,1,ＢＯＡＴＲＡＣＥ振興会会長賞,北東,7,6,逃げ,1-2-5,880,1,1,1,B1,0.6103,1,0.3897
2026-08-06,3,予選,0,1,ＢＯＡＴＲＡＣＥ振興会会長賞,北東,7,6,差し,2-1-4,1000,2,2,2,B1,0.5863,0,-0.5863
2026-08-06,4,予選,0,1,ＢＯＡＴＲＡＣＥ振興会会長賞,北東,6,5,差し,4-1-2,2750,10,4,4,B1,0.4335,0,-0.4335
2026-08-06,5,予選,0,1,ＢＯＡＴＲＡＣＥ振興会会長賞,東,5,4,まくり,4-2-3,5450,22,4,4,B1,0.3845,0,-0.3845
2026-08-06,6,予選,0,1,ＢＯＡＴＲＡＣＥ振興会会長賞,北東,5,4,まくり差し,4-3-6,3420,13,4,4,B1,0.3506,0,-0.3506
2026-08-06,7,予選,1,1,ＢＯＡＴＲＡＣＥ振興会会長賞,北東,5,4,抜き,5-1-4,10130,30,5,5,A1,0.5868,0,-0.5868
2026-08-06,8,予選,0,1,ＢＯＡＴＲＡＣＥ振興会会長賞,北東,5,4,逃げ,1-2-4,6160,23,1,1,A2,0.5832,1,0.4168
2026-08-06,9,予選,0,1,ＢＯＡＴＲＡＣＥ振興会会長賞,東,5,4,まくり差し,5-1-6,3150,11,5,5,A2,0.6038,0,-0.6038
2026-08-06,10,予選,0,1,ＢＯＡＴＲＡＣＥ振興会会長賞,北東,5,4,逃げ,1-6-5,4770,17,1,1,A2,0.601,1,0.399
2026-08-06,11,予選特選,0,1,ＢＯＡＴＲＡＣＥ振興会会長賞,北東,5,4,差し,4-1-3,2990,10,4,4,A1,0.5724,0,-0.5724
2026-08-06,12,予選特選,0,1,ＢＯＡＴＲＡＣＥ振興会会長賞,北東,5,4,逃げ,1-3-2,790,2,1,1,A1,0.7307,1,0.2693
2026-08-07,1,予選,0,2,ＢＯＡＴＲＡＣＥ振興会会長賞,東,8,7,,,,,,,B1,0.5512,0,-0.5512
2026-08-07,2,予選,0,2,ＢＯＡＴＲＡＣＥ振興会会長賞,東,6,5,抜き,5-4-2,26400,61,5,2,A2,0.6175,0,-0.6175
2026-08-07,3,予選,0,2,ＢＯＡＴＲＡＣＥ振興会会長賞,南東,5,4,逃げ,1-2-4,2390,9,1,1,B1,0.3426,1,0.6574
2026-08-07,4,予選,0,2,ＢＯＡＴＲＡＣＥ振興会会長賞,南東,5,4,逃げ,1-2-4,570,1,1,1,A2,0.6012,1,0.3988
2026-08-07,5,予選,0,2,ＢＯＡＴＲＡＣＥ振興会会長賞,南東,4,3,逃げ,1-2-4,1700,6,1,1,B1,0.5615,1,0.4385
2026-08-07,6,予選,0,2,ＢＯＡＴＲＡＣＥ振興会会長賞,東,5,4,逃げ,1-3-4,6590,24,1,1,B1,0.4574,1,0.5426
2026-08-07,7,予選,1,2,ＢＯＡＴＲＡＣＥ振興会会長賞,北東,5,4,差し,2-1-3,1310,5,2,2,A2,0.5512,0,-0.5512
2026-08-07,8,予選,0,2,ＢＯＡＴＲＡＣＥ振興会会長賞,北東,5,4,まくり,4-1-5,1740,6,4,4,A2,0.6737,0,-0.6737
2026-08-07,9,予選,0,2,ＢＯＡＴＲＡＣＥ振興会会長賞,東,4,3,まくり差し,3-4-6,480,1,3,3,B1,0.4303,0,-0.4303
2026-08-07,10,予選,0,2,ＢＯＡＴＲＡＣＥ振興会会長賞,東,4,3,まくり差し,3-1-2,12680,26,3,3,A1,0.6728,0,-0.6728
2026-08-07,11,予選特選,0,2,ＢＯＡＴＲＡＣＥ振興会会長賞,北東,6,5,逃げ,1-3-4,1400,4,1,1,A1,0.488,1,0.512
2026-08-07,12,予選特選,0,2,ＢＯＡＴＲＡＣＥ振興会会長賞,北東,5,4,逃げ,1-4-2,2860,12,1,1,A1,0.6627,1,0.3373
2026-08-08,1,予選,0,3,ＢＯＡＴＲＡＣＥ振興会会長賞,北東,8,7,まくり差し,6-5-3,24820,54,6,5,B1,0.4815,0,-0.4815
2026-08-08,2,予選,0,3,ＢＯＡＴＲＡＣＥ振興会会長賞,北東,8,7,逃げ,1-3-6,1100,3,1,1,B1,0.4542,1,0.5458
2026-08-08,3,予選,0,3,ＢＯＡＴＲＡＣＥ振興会会長賞,北東,7,6,差し,2-3-1,7510,40,2,2,B1,0.5117,0,-0.5117
2026-08-08,4,予選,0,3,ＢＯＡＴＲＡＣＥ振興会会長賞,北東,7,6,差し,2-3-4,3520,11,2,2,B1,0.5117,0,-0.5117
2026-08-08,5,予選,0,3,ＢＯＡＴＲＡＣＥ振興会会長賞,東,7,6,逃げ,1-2-5,980,1,1,1,A2,0.5591,1,0.4409
2026-08-08,6,予選,0,3,ＢＯＡＴＲＡＣＥ振興会会長賞,北東,6,5,まくり差し,3-1-2,1510,6,3,3,A2,0.6634,0,-0.6634
2026-08-08,7,予選,1,3,ＢＯＡＴＲＡＣＥ振興会会長賞,北東,6,5,逃げ,1-2-4,650,2,1,1,A1,0.6078,1,0.3922
2026-08-08,8,予選,0,3,ＢＯＡＴＲＡＣＥ振興会会長賞,北東,5,4,逃げ,1-6-2,27740,58,1,1,B1,0.5872,1,0.4128
2026-08-08,9,予選,0,3,ＢＯＡＴＲＡＣＥ振興会会長賞,北東,7,6,逃げ,1-3-2,1870,7,1,1,A2,0.5599,1,0.4401
2026-08-08,10,予選特選,0,3,ＢＯＡＴＲＡＣＥ振興会会長賞,北東,5,4,まくり差し,5-6-1,28280,83,5,5,A1,0.6243,0,-0.6243
2026-08-08,11,予選特選,0,3,ＢＯＡＴＲＡＣＥ振興会会長賞,北東,5,4,逃げ,1-4-2,660,2,1,1,A1,0.7371,1,0.2629
2026-08-08,12,一般,0,3,ＢＯＡＴＲＡＣＥ振興会会長賞,北東,7,6,まくり,4-1-3,3390,13,4,4,A2,0.6179,0,-0.6179
2026-08-09,1,一般,0,4,ＢＯＡＴＲＡＣＥ振興会会長賞,北東,3,2,逃げ,1-2-3,540,1,1,1,B1,0.4891,1,0.5109
2026-08-09,2,一般,0,4,ＢＯＡＴＲＡＣＥ振興会会長賞,東,2,1,逃げ,1-2-5,1240,5,1,1,B1,0.4542,1,0.5458
2026-08-09,3,一般,0,4,ＢＯＡＴＲＡＣＥ振興会会長賞,東,2,1,逃げ,1-4-3,1210,3,1,1,B1,0.5674,1,0.4326
2026-08-09,4,一般,0,4,ＢＯＡＴＲＡＣＥ振興会会長賞,北東,2,1,まくり差し,4-3-1,27230,40,4,4,A1,0.6242,0,-0.6242
2026-08-09,5,一般,0,4,ＢＯＡＴＲＡＣＥ振興会会長賞,東,2,1,差し,3-1-4,1810,5,3,2,A1,0.6728,0,-0.6728
2026-08-09,6,一般,0,4,ＢＯＡＴＲＡＣＥ振興会会長賞,東,2,1,逃げ,1-5-4,1120,4,1,1,A1,0.6627,1,0.3373
2026-08-09,7,一般,1,4,ＢＯＡＴＲＡＣＥ振興会会長賞,東,2,1,逃げ,1-2-3,670,3,1,1,A2,0.6509,1,0.3491
2026-08-09,8,一般,0,4,ＢＯＡＴＲＡＣＥ振興会会長賞,東,2,1,逃げ,1-2-3,620,2,1,1,A2,0.5346,1,0.4654
2026-08-09,9,準優勝戦,0,4,ＢＯＡＴＲＡＣＥ振興会会長賞,東,2,1,逃げ,1-2-3,520,2,1,1,A1,0.7307,1,0.2693
2026-08-09,10,準優勝戦,0,4,ＢＯＡＴＲＡＣＥ振興会会長賞,東,2,1,まくり,2-5-4,37820,50,2,2,A1,0.4964,0,-0.4964
2026-08-09,11,準優勝戦,0,4,ＢＯＡＴＲＡＣＥ振興会会長賞,東,2,1,逃げ,1-4-6,2480,10,1,1,A1,0.7371,1,0.2629
2026-08-09,12,一般,0,4,ＢＯＡＴＲＡＣＥ振興会会長賞,東,1,1,逃げ,1-2-6,5020,19,1,1,A1,0.6114,1,0.3886
2026-08-10,1,一般,0,5,ＢＯＡＴＲＡＣＥ振興会会長賞,南西,2,1,逃げ,1-2-3,390,1,1,1,B1,0.4574,1,0.5426
2026-08-10,2,一般,0,5,ＢＯＡＴＲＡＣＥ振興会会長賞,南西,2,1,逃げ,1-3-5,1060,5,1,1,B1,0.6103,1,0.3897
2026-08-10,3,一般,0,5,ＢＯＡＴＲＡＣＥ振興会会長賞,南西,2,1,抜き,1-3-2,1020,4,1,1,A2,0.5832,1,0.4168
2026-08-10,4,一般,0,5,ＢＯＡＴＲＡＣＥ振興会会長賞,南西,2,1,まくり,2-5-1,12740,36,2,3,A1,0.5868,0,-0.5868
2026-08-10,5,一般,0,5,ＢＯＡＴＲＡＣＥ振興会会長賞,南,1,1,逃げ,1-2-3,390,1,1,1,A2,0.5901,1,0.4099
2026-08-10,6,一般,0,5,ＢＯＡＴＲＡＣＥ振興会会長賞,南,1,1,差し,4-1-5,1500,5,4,2,A2,0.6175,0,-0.6175
2026-08-10,7,一般,1,5,ＢＯＡＴＲＡＣＥ振興会会長賞,南,1,1,逃げ,1-2-3,510,1,1,1,A1,0.5594,1,0.4406
2026-08-10,8,一般,0,5,ＢＯＡＴＲＡＣＥ振興会会長賞,南,1,1,逃げ,1-4-2,3330,13,1,1,B1,0.4815,1,0.5185
2026-08-10,9,一般,0,5,ＢＯＡＴＲＡＣＥ振興会会長賞,北西,2,1,抜き,4-1-5,7360,20,4,4,A2,0.5784,0,-0.5784
2026-08-10,10,特別選抜戦Ｂ,0,5,ＢＯＡＴＲＡＣＥ振興会会長賞,北東,3,2,まくり,4-6-1,12090,35,4,4,A2,0.6143,0,-0.6143
2026-08-10,11,特別選抜戦Ａ,0,5,ＢＯＡＴＲＡＣＥ振興会会長賞,北東,3,2,逃げ,1-2-4,680,1,1,1,A2,0.6565,1,0.3435
2026-08-10,12,優勝戦,0,5,ＢＯＡＴＲＡＣＥ振興会会長賞,北東,2,1,逃げ,1-2-3,620,1,1,1,A1,0.7371,1,0.2629
2026-08-12,1,予選,0,1,オールレディース競走,西,3,2,まくり,2-5-6,8350,49,2,2,B1,0.4164,0,-0.4164
2026-08-12,2,予選,0,1,オールレディース競走,北西,3,2,逃げ,1-5-3,3130,10,1,1,B1,0.5728,1,0.4272
2026-08-12,3,予選,0,1,オールレディース競走,北西,3,2,差し,2-1-3,900,2,2,2,B1,0.4328,0,-0.4328
2026-08-12,4,予選,0,1,オールレディース競走,北西,4,3,まくり差し,4-3-5,3610,17,4,4,B2,0.4025,0,-0.4025
2026-08-12,5,予選,0,1,オールレディース競走,北西,4,3,逃げ,1-2-5,2210,9,1,1,B1,0.5657,1,0.4343
2026-08-12,6,予選,0,1,オールレディース競走,北西,3,2,逃げ,1-5-4,2970,9,1,1,B1,0.4562,1,0.5438
2026-08-12,7,予選,1,1,オールレディース競走,北西,3,2,逃げ,1-3-2,260,1,1,1,A2,0.598,1,0.402
2026-08-12,8,予選,0,1,オールレディース競走,北西,4,3,差し,2-1-4,760,2,2,2,B1,0.5122,0,-0.5122
2026-08-12,9,予選,0,1,オールレディース競走,北,2,1,差し,2-5-3,6390,26,2,2,B2,0.483,0,-0.483
2026-08-12,10,予選特賞,0,1,オールレディース競走,北,2,1,まくり差し,3-1-4,3570,13,3,3,B1,0.5101,0,-0.5101
2026-08-12,11,予選特選,0,1,オールレディース競走,北,2,1,まくり,2-1-5,1500,6,2,2,A2,0.4615,0,-0.4615
2026-08-12,12,発祥地ドリー,0,1,オールレディース競走,南,1,1,差し,2-1-3,2200,6,2,2,A2,0.5422,0,-0.5422
2026-08-13,1,予選,0,2,オールレディース競走,西,4,3,差し,2-4-1,6750,17,2,2,B1,0.5234,0,-0.5234
2026-08-13,2,予選,0,2,オールレディース競走,西,4,3,逃げ,1-2-5,650,2,1,1,B1,0.5525,1,0.4475
2026-08-13,3,予選,0,2,オールレディース競走,西,4,3,抜き,4-1-6,1440,4,4,4,B1,0.4519,0,-0.4519
2026-08-13,4,予選,0,2,オールレディース競走,西,4,3,逃げ,1-6-5,10420,33,1,1,B1,0.4122,1,0.5878
2026-08-13,5,予選,0,2,オールレディース競走,西,4,3,抜き,1-4-3,3360,13,1,1,B1,0.4581,1,0.5419
2026-08-13,6,予選,0,2,オールレディース競走,西,4,3,差し,4-1-2,5130,23,4,4,B1,0.5185,0,-0.5185
2026-08-13,7,予選,1,2,オールレディース競走,西,3,2,まくり,4-2-1,4230,13,4,4,A2,0.5427,0,-0.5427
2026-08-13,8,予選,0,2,オールレディース競走,南西,3,2,逃げ,1-3-4,1430,5,1,1,B2,0.523,1,0.477
2026-08-13,9,予選,0,2,オールレディース競走,南西,3,2,逃げ,1-6-2,920,3,1,1,B1,0.5761,1,0.4239
2026-08-13,10,予選特賞,0,2,オールレディース競走,南,2,1,まくり差し,5-2-4,25000,65,5,5,B1,0.4378,0,-0.4378
2026-08-13,11,予選特選,0,2,オールレディース競走,南,1,1,逃げ,1-2-3,2050,7,1,1,A2,0.553,1,0.447
2026-08-13,12,予選特選,0,2,オールレディース競走,南,1,1,逃げ,1-4-6,3070,13,1,1,A1,0.5468,1,0.4532
2026-08-14,1,予選,0,3,オールレディース競走,西,3,2,差し,2-1-5,1430,5,2,2,B1,0.3712,0,-0.3712
2026-08-14,2,予選,0,3,オールレディース競走,西,3,2,逃げ,1-3-2,2390,11,1,1,B1,0.4728,1,0.5272
2026-08-14,3,予選,0,3,オールレディース競走,北西,3,2,逃げ,1-4-3,2650,12,1,1,B1,0.4542,1,0.5458
2026-08-14,4,予選,0,3,オールレディース競走,西,4,3,逃げ,1-3-6,1210,3,1,1,B1,0.5384,1,0.4616
2026-08-14,5,予選,0,3,オールレディース競走,西,4,3,抜き,3-5-2,1900,4,3,3,B2,0.4614,0,-0.4614
2026-08-14,6,予選,0,3,オールレディース競走,西,3,2,抜き,4-1-5,1780,7,4,4,B1,0.4195,0,-0.4195
2026-08-14,7,予選,1,3,オールレディース競走,南西,3,2,差し,2-3-4,1470,6,2,2,A2,0.5686,0,-0.5686
2026-08-14,8,予選,0,3,オールレディース競走,南西,2,1,まくり,3-1-2,2780,12,3,3,B1,0.4524,0,-0.4524
2026-08-14,9,予選,0,3,オールレディース競走,南西,2,1,まくり,3-1-5,1310,4,3,3,B1,0.4307,0,-0.4307
2026-08-14,10,予選特賞,0,3,オールレディース競走,南西,2,1,逃げ,1-5-2,890,3,1,1,A2,0.662,1,0.338
2026-08-14,11,予選特選,0,3,オールレディース競走,南西,2,1,逃げ,1-2-4,930,3,1,1,A2,0.6677,1,0.3323
2026-08-14,12,予選特選,0,3,オールレディース競走,南西,2,1,逃げ,1-2-3,480,1,1,1,A2,0.598,1,0.402
2026-08-15,1,予選,0,4,オールレディース競走,南西,1,1,逃げ,1-5-2,2730,10,1,1,B1,0.4593,1,0.5407
2026-08-15,2,予選,0,4,オールレディース競走,南西,3,2,逃げ,1-4-5,4260,21,1,1,B1,0.3284,1,0.6716
2026-08-15,3,予選,0,4,オールレディース競走,南西,3,2,まくり差し,4-3-1,2690,9,4,4,B2,0.3257,0,-0.3257
2026-08-15,4,予選,0,4,オールレディース競走,南西,2,1,逃げ,1-2-4,3650,19,1,1,B1,0.5546,1,0.4454
2026-08-15,5,予選,0,4,オールレディース競走,南西,3,2,逃げ,1-2-3,2450,11,1,1,B2,0.467,1,0.533
2026-08-15,6,予選,0,4,オールレディース競走,南西,3,2,差し,5-3-2,55820,71,5,5,B1,0.2905,0,-0.2905
2026-08-15,7,予選,1,4,オールレディース競走,南西,3,2,逃げ,1-3-2,1460,7,1,1,A1,0.5468,1,0.4532
2026-08-15,8,予選,0,4,オールレディース競走,南西,1,1,差し,2-1-3,2140,6,2,2,B1,0.4239,0,-0.4239
2026-08-15,9,予選,0,4,オールレディース競走,南西,2,1,逃げ,1-2-3,580,1,1,1,B1,0.4913,1,0.5087
2026-08-15,10,予選特選,0,4,オールレディース競走,南西,2,1,逃げ,1-6-5,8040,19,1,1,A2,0.5258,1,0.4742
2026-08-15,11,予選特選,0,4,オールレディース競走,南西,1,1,差し,4-1-3,5210,13,4,4,A2,0.5703,0,-0.5703
2026-08-15,12,一般特賞,0,4,オールレディース競走,南西,2,1,差し,2-1-3,14930,39,2,2,B1,0.3712,0,-0.3712
2026-08-16,1,一般,0,5,オールレディース競走,南,3,2,逃げ,1-2-3,690,2,1,1,B1,0.5728,1,0.4272
2026-08-16,2,一般,0,5,オールレディース競走,南,1,1,差し,2-3-6,30270,46,2,2,B1,0.5973,0,-0.5973
2026-08-16,3,一般,0,5,オールレディース競走,南,2,1,抜き,1-2-4,650,1,1,1,B1,0.4913,1,0.5087
2026-08-16,4,一般,0,5,オールレディース競走,南,3,2,抜き,1-3-5,510,1,1,1,A2,0.662,1,0.338
2026-08-16,5,一般,0,5,オールレディース競走,南,3,2,まくり差し,5-1-3,1610,5,5,5,B2,0.563,0,-0.563
2026-08-16,6,一般,0,5,オールレディース競走,南,2,1,まくり差し,4-3-5,16670,36,4,4,A2,0.4615,0,-0.4615
2026-08-16,7,一般,1,5,オールレディース競走,南,1,1,まくり差し,5-1-3,7440,16,5,5,A2,0.5427,0,-0.5427
2026-08-16,8,一般,0,5,オールレディース競走,南東,2,1,逃げ,1-5-3,2160,7,1,1,B1,0.5546,1,0.4454
2026-08-16,9,準優勝戦,0,5,オールレディース競走,南,2,1,差し,2-1-5,2670,10,2,2,A2,0.681,0,-0.681
2026-08-16,10,準優勝戦,0,5,オールレディース競走,南,2,1,抜き,1-3-5,1620,7,1,1,A2,0.598,1,0.402
2026-08-16,11,準優勝戦,0,5,オールレディース競走,南,2,1,逃げ,1-5-6,5710,19,1,1,A2,0.553,1,0.447
2026-08-16,12,一般,0,5,オールレディース競走,南西,4,3,差し,4-5-1,4740,15,4,4,A2,0.5686,0,-0.5686
2026-08-17,1,一般,0,6,オールレディース競走,南,3,2,逃げ,1-2-3,370,1,1,1,B1,0.5016,1,0.4984
2026-08-17,2,一般,0,6,オールレディース競走,南西,3,2,逃げ,1-2-3,1400,4,1,1,B1,0.4122,1,0.5878
2026-08-17,3,一般,0,6,オールレディース競走,南西,3,2,まくり,2-3-4,2250,11,2,2,B1,0.2905,0,-0.2905
2026-08-17,4,一般,0,6,オールレディース競走,西,2,1,差し,2-4-3,10430,44,2,2,B1,0.4328,0,-0.4328
2026-08-17,5,一般,0,6,オールレディース競走,西,2,1,逃げ,1-2-3,700,1,1,1,A1,0.5468,1,0.4532
2026-08-17,6,一般,0,6,オールレディース競走,西,2,1,抜き,1-2-6,410,1,1,1,A2,0.5258,1,0.4742
2026-08-17,7,一般,1,6,オールレディース競走,南西,1,1,逃げ,1-2-3,690,3,1,1,B1,0.4925,1,0.5075
2026-08-17,8,一般,0,6,オールレディース競走,南西,2,1,差し,2-5-1,3320,11,2,2,B1,0.478,0,-0.478
2026-08-17,9,一般,0,6,オールレディース競走,西,1,1,まくり,4-2-5,7590,27,4,4,B1,0.4307,0,-0.4307
2026-08-17,10,特別選抜戦,0,6,オールレディース競走,西,1,1,逃げ,1-2-3,730,1,1,1,B1,0.4014,1,0.5986
2026-08-17,11,特別選抜戦,0,6,オールレディース競走,南西,1,1,まくり,4-2-3,7580,27,4,4,B1,0.5117,0,-0.5117
2026-08-17,12,優勝戦,0,6,オールレディース競走,西,1,1,逃げ,1-2-3,440,1,1,1,A2,0.598,1,0.402
2026-08-20,1,予選,0,1,ミッドナイトボートレースｉｎ大村　７,北西,2,1,まくり,3-1-5,1170,1,3,3,B1,0.4378,0,-0.4378
2026-08-20,2,予選,0,1,ミッドナイトボートレースｉｎ大村　７,西,2,1,差し,3-4-6,350,1,3,3,B1,0.3015,0,-0.3015
2026-08-20,3,予選,0,1,ミッドナイトボートレースｉｎ大村　７,西,2,1,まくり,3-4-1,8040,30,3,4,B1,0.3921,0,-0.3921
2026-08-20,4,予選,0,1,ミッドナイトボートレースｉｎ大村　７,北西,2,1,抜き,3-1-2,4200,20,3,4,B1,0.3976,0,-0.3976
2026-08-20,5,予選,0,1,ミッドナイトボートレースｉｎ大村　７,西,2,1,まくり,4-5-1,2850,10,4,6,B1,0.4905,0,-0.4905
2026-08-20,6,予選,0,1,ミッドナイトボートレースｉｎ大村　７,西,1,1,まくり差し,3-1-5,1190,5,3,3,A2,0.592,0,-0.592
2026-08-20,7,予選,1,1,ミッドナイトボートレースｉｎ大村　７,西,2,1,逃げ,1-3-2,780,2,1,1,A1,0.6578,1,0.3422
2026-08-20,8,予選,0,1,ミッドナイトボートレースｉｎ大村　７,北西,2,1,逃げ,1-3-2,1200,4,1,1,A2,0.6085,1,0.3915
2026-08-20,9,予選特賞,0,1,ミッドナイトボートレースｉｎ大村　７,北西,1,1,まくり,4-5-1,4530,23,4,4,A2,0.5893,0,-0.5893
2026-08-20,10,予選特賞,0,1,ミッドナイトボートレースｉｎ大村　７,北西,1,1,まくり,3-1-5,12070,31,3,3,A2,0.5701,0,-0.5701
2026-08-20,11,予選特選,0,1,ミッドナイトボートレースｉｎ大村　７,北西,1,1,逃げ,1-5-3,4050,13,1,1,A1,0.6011,1,0.3989
2026-08-20,12,龍神選抜,0,1,ミッドナイトボートレースｉｎ大村　７,北西,1,1,逃げ,1-3-4,910,1,1,1,A1,0.7189,1,0.2811
2026-08-21,1,予選,0,2,ミッドナイトボートレースｉｎ大村　７,北西,1,1,まくり,3-5-1,4560,16,3,4,A2,0.6767,0,-0.6767
2026-08-21,2,予選,0,2,ミッドナイトボートレースｉｎ大村　７,北西,2,1,逃げ,1-4-5,2500,9,1,1,B1,0.4165,1,0.5835
2026-08-21,3,予選,0,2,ミッドナイトボートレースｉｎ大村　７,北西,2,1,逃げ,1-2-3,570,1,1,1,B1,0.5505,1,0.4495
2026-08-21,4,予選,0,2,ミッドナイトボートレースｉｎ大村　７,西,3,2,差し,3-2-5,14880,34,3,3,A2,0.6296,0,-0.6296
2026-08-21,5,予選,0,2,ミッドナイトボートレースｉｎ大村　７,北,2,1,逃げ,1-2-4,1280,4,1,1,B1,0.6807,1,0.3193
2026-08-21,6,予選,0,2,ミッドナイトボートレースｉｎ大村　７,北,2,1,まくり差し,4-2-5,3800,11,4,4,B1,0.4108,0,-0.4108
2026-08-21,7,予選,1,2,ミッドナイトボートレースｉｎ大村　７,北,1,1,抜き,1-5-6,11410,19,1,1,A1,0.633,1,0.367
2026-08-21,8,予選,0,2,ミッドナイトボートレースｉｎ大村　７,南西,2,1,逃げ,1-3-5,1830,4,1,1,A2,0.5358,1,0.4642
2026-08-21,9,予選特賞,0,2,ミッドナイトボートレースｉｎ大村　７,南東,1,1,差し,3-4-2,1700,6,3,3,B2,0.3736,0,-0.3736
2026-08-21,10,予選特賞,0,2,ミッドナイトボートレースｉｎ大村　７,南東,1,1,逃げ,1-3-2,720,2,1,1,A1,0.6312,1,0.3688
2026-08-21,11,予選特選,0,2,ミッドナイトボートレースｉｎ大村　７,南西,1,1,逃げ,1-2-6,3260,11,1,1,A1,0.5722,1,0.4278
2026-08-21,12,予選特選,0,2,ミッドナイトボートレースｉｎ大村　７,南西,1,1,まくり差し,6-4-1,48360,63,6,6,A1,0.6763,0,-0.6763
2026-08-22,1,一般,0,3,ミッドナイトボートレースｉｎ大村　７,北西,2,1,まくり,2-3-5,25300,67,2,2,B1,0.4364,0,-0.4364
2026-08-22,2,一般,0,3,ミッドナイトボートレースｉｎ大村　７,北西,2,1,差し,2-1-6,1520,5,2,2,B1,0.4271,0,-0.4271
2026-08-22,3,一般,0,3,ミッドナイトボートレースｉｎ大村　７,北西,2,1,抜き,2-1-5,3920,14,2,2,A1,0.6445,0,-0.6445
2026-08-22,4,一般,0,3,ミッドナイトボートレースｉｎ大村　７,西,2,1,逃げ,1-2-5,850,2,1,1,A1,0.5722,1,0.4278
2026-08-22,5,一般,0,3,ミッドナイトボートレースｉｎ大村　７,西,2,1,逃げ,1-2-4,4880,22,1,1,A2,0.6223,1,0.3777
2026-08-22,6,一般,0,3,ミッドナイトボートレースｉｎ大村　７,北西,2,1,逃げ,1-3-6,620,1,1,1,A2,0.548,1,0.452
2026-08-22,7,一般,1,3,ミッドナイトボートレースｉｎ大村　７,北西,2,1,逃げ,1-3-4,380,1,1,1,A1,0.6011,1,0.3989
2026-08-22,8,一般,0,3,ミッドナイトボートレースｉｎ大村　７,北,2,1,まくり,2-1-5,4980,19,2,2,A2,0.4928,0,-0.4928
2026-08-22,9,準優勝戦,0,3,ミッドナイトボートレースｉｎ大村　７,北西,2,1,逃げ,1-2-5,1920,9,1,1,A1,0.6312,1,0.3688
2026-08-22,10,準優勝戦,0,3,ミッドナイトボートレースｉｎ大村　７,北西,2,1,逃げ,1-4-3,810,2,1,1,A2,0.5505,1,0.4495
2026-08-22,11,準優勝戦,0,3,ミッドナイトボートレースｉｎ大村　７,西,2,1,逃げ,1-3-2,560,2,1,1,A1,0.7189,1,0.2811
2026-08-22,12,一般,0,3,ミッドナイトボートレースｉｎ大村　７,西,2,1,逃げ,1-4-6,7070,24,1,1,A2,0.5703,1,0.4297
2026-08-23,1,一般,0,4,ミッドナイトボートレースｉｎ大村　７,北西,2,1,まくり,3-6-4,6330,26,3,4,B1,0.3976,0,-0.3976
2026-08-23,2,一般,0,4,ミッドナイトボートレースｉｎ大村　７,北西,2,1,逃げ,1-2-5,650,1,1,1,B1,0.6807,1,0.3193
2026-08-23,3,一般,0,4,ミッドナイトボートレースｉｎ大村　７,西,2,1,逃げ,1-2-3,770,2,1,1,B1,0.479,1,0.521
2026-08-23,4,一般,0,4,ミッドナイトボートレースｉｎ大村　７,北西,2,1,抜き,1-4-6,7240,25,1,1,B1,0.5973,1,0.4027
2026-08-23,5,一般,0,4,ミッドナイトボートレースｉｎ大村　７,北西,2,1,差し,2-1-5,6720,31,2,2,B1,0.478,0,-0.478
2026-08-23,6,一般,0,4,ミッドナイトボートレースｉｎ大村　７,西,2,1,逃げ,1-5-6,1740,7,1,1,A2,0.6085,1,0.3915
2026-08-23,7,一般,1,4,ミッドナイトボートレースｉｎ大村　７,西,2,1,差し,2-1-4,3210,10,2,2,A2,0.553,0,-0.553
2026-08-23,8,一般,0,4,ミッドナイトボートレースｉｎ大村　７,西,1,1,差し,4-5-3,16650,42,4,3,A2,0.6375,0,-0.6375
2026-08-23,9,一般特選,0,4,ミッドナイトボートレースｉｎ大村　７,西,2,1,まくり,4-6-2,6960,40,4,4,B1,0.4408,0,-0.4408
2026-08-23,10,特別選抜戦Ｂ,0,4,ミッドナイトボートレースｉｎ大村　７,西,2,1,差し,5-1-3,11180,41,5,5,B1,0.4905,0,-0.4905
2026-08-23,11,優勝戦,0,4,ミッドナイトボートレースｉｎ大村　７,西,2,1,差し,3-2-6,23540,44,3,3,A1,0.7317,0,-0.7317
2026-08-23,12,特別選抜戦Ａ,0,4,ミッドナイトボートレースｉｎ大村　７,西,2,1,まくり差し,3-1-5,4840,17,3,3,A1,0.6165,0,-0.6165
2026-09-01,1,予選,0,1,ミッドナイトボートレースｉｎ大村　８,北西,2,1,まくり,3-5-2,4520,15,3,3,B1,0.3794,0,-0.3794
2026-09-01,2,予選,0,1,ミッドナイトボートレースｉｎ大村　８,北西,2,1,逃げ,1-6-3,7620,30,1,1,B1,0.3557,1,0.6443
2026-09-01,3,予選,0,1,ミッドナイトボートレースｉｎ大村　８,北西,2,1,逃げ,1-2-4,6180,29,1,1,B1,0.3189,1,0.6811
2026-09-01,4,予選,0,1,ミッドナイトボートレースｉｎ大村　８,北西,2,1,まくり差し,3-1-5,4550,17,3,3,A2,0.6737,0,-0.6737
2026-09-01,5,予選,0,1,ミッドナイトボートレースｉｎ大村　８,北西,1,1,まくり差し,3-1-5,2710,8,3,3,B2,0.4086,0,-0.4086
2026-09-01,6,予選,0,1,ミッドナイトボートレースｉｎ大村　８,西,1,1,逃げ,1-2-6,2310,7,1,1,B1,0.5699,1,0.4301
2026-09-01,7,予選,1,1,ミッドナイトボートレースｉｎ大村　８,西,1,1,逃げ,1-3-4,860,3,1,1,A1,0.5097,1,0.4903
2026-09-01,8,予選,0,1,ミッドナイトボートレースｉｎ大村　８,西,1,1,まくり,2-4-3,10750,27,2,2,A2,0.4781,0,-0.4781
2026-09-01,9,予選特賞,0,1,ミッドナイトボートレースｉｎ大村　８,北西,1,1,差し,2-3-5,8230,27,2,2,A2,0.4822,0,-0.4822
2026-09-01,10,予選特賞,0,1,ミッドナイトボートレースｉｎ大村　８,西,1,1,逃げ,1-3-6,620,1,1,1,A2,0.5415,1,0.4585
2026-09-01,11,予選特選,0,1,ミッドナイトボートレースｉｎ大村　８,西,1,1,逃げ,1-2-3,2370,8,1,1,A1,0.5854,1,0.4146
2026-09-01,12,龍神選抜,0,1,ミッドナイトボートレースｉｎ大村　８,西,1,1,逃げ,1-3-4,570,1,1,1,A1,0.6711,1,0.3289
2026-09-02,1,予選,0,2,ミッドナイトボートレースｉｎ大村　８,北西,1,1,逃げ,1-4-6,7470,21,1,1,B1,0.565,1,0.435
2026-09-02,2,予選,0,2,ミッドナイトボートレースｉｎ大村　８,西,2,1,差し,5-1-6,2460,7,5,2,B2,0.5174,0,-0.5174
2026-09-02,3,予選,0,2,ミッドナイトボートレースｉｎ大村　８,西,2,1,逃げ,1-3-4,720,1,1,1,A2,0.4846,1,0.5154
2026-09-02,4,予選,0,2,ミッドナイトボートレースｉｎ大村　８,北,3,2,逃げ,1-3-5,750,3,1,1,A2,0.5785,1,0.4215
2026-09-02,5,予選,0,2,ミッドナイトボートレースｉｎ大村　８,北,3,2,まくり,4-5-6,24960,62,4,4,B1,0.3653,0,-0.3653
2026-09-02,6,予選,0,2,ミッドナイトボートレースｉｎ大村　８,南,1,1,差し,2-1-4,2490,7,2,2,B1,0.4058,0,-0.4058
2026-09-02,7,予選,1,2,ミッドナイトボートレースｉｎ大村　８,南,2,1,逃げ,1-2-3,970,4,1,1,A2,0.6725,1,0.3275
2026-09-02,8,予選,0,2,ミッドナイトボートレースｉｎ大村　８,南西,1,1,逃げ,1-2-3,590,1,1,1,A1,0.6676,1,0.3324
2026-09-02,9,予選特賞,0,2,ミッドナイトボートレースｉｎ大村　８,南,1,1,まくり差し,3-1-6,15370,25,3,3,A1,0.7376,0,-0.7376
2026-09-02,10,予選特賞,0,2,ミッドナイトボートレースｉｎ大村　８,東,2,1,逃げ,1-6-3,7530,25,1,1,A2,0.4855,1,0.5145
2026-09-02,11,予選特選,0,2,ミッドナイトボートレースｉｎ大村　８,東,1,1,逃げ,1-3-2,530,2,1,1,A1,0.6725,1,0.3275
2026-09-02,12,予選特選,0,2,ミッドナイトボートレースｉｎ大村　８,南,1,1,逃げ,1-2-6,2340,11,1,1,A1,0.6753,1,0.3247
2026-09-03,1,一般,0,3,ミッドナイトボートレースｉｎ大村　８,北西,1,1,まくり,2-3-4,9920,30,2,2,B1,0.4065,0,-0.4065
2026-09-03,2,一般,0,3,ミッドナイトボートレースｉｎ大村　８,北西,1,1,逃げ,1-2-5,3160,11,1,1,B1,0.4635,1,0.5365
2026-09-03,3,一般,0,3,ミッドナイトボートレースｉｎ大村　８,南西,1,1,まくり差し,4-1-5,6030,27,4,5,B1,0.3903,0,-0.3903
2026-09-03,4,一般,0,3,ミッドナイトボートレースｉｎ大村　８,南西,1,1,まくり差し,3-4-6,1680,3,3,3,B1,0.2683,0,-0.2683
2026-09-03,5,一般,0,3,ミッドナイトボートレースｉｎ大村　８,南西,2,1,抜き,3-2-1,3170,11,3,3,A2,0.6015,0,-0.6015
2026-09-03,6,一般,0,3,ミッドナイトボートレースｉｎ大村　８,西,1,1,抜き,2-1-3,2760,11,2,2,A2,0.5926,0,-0.5926
2026-09-03,7,一般,1,3,ミッドナイトボートレースｉｎ大村　８,北西,1,1,逃げ,1-3-2,1220,4,1,1,A2,0.5324,1,0.4676
2026-09-03,8,一般,0,3,ミッドナイトボートレースｉｎ大村　８,南,1,1,逃げ,1-3-2,1450,4,1,1,B1,0.4909,1,0.5091
2026-09-03,9,準優勝戦,0,3,ミッドナイトボートレースｉｎ大村　８,南,1,1,逃げ,1-4-2,2500,7,1,1,A1,0.6676,1,0.3324
2026-09-03,10,準優勝戦,0,3,ミッドナイトボートレースｉｎ大村　８,東,1,1,差し,2-1-3,760,3,2,2,B1,0.5846,0,-0.5846
2026-09-03,11,準優勝戦,0,3,ミッドナイトボートレースｉｎ大村　８,南東,1,1,逃げ,1-3-4,760,4,1,1,A1,0.6725,1,0.3275
2026-09-03,12,一般,0,3,ミッドナイトボートレースｉｎ大村　８,北西,1,1,逃げ,1-5-3,2010,9,1,1,A2,0.6634,1,0.3366
2026-09-04,1,一般,0,4,ミッドナイトボートレースｉｎ大村　８,東,3,2,逃げ,1-2-3,1030,1,1,1,B1,0.4058,1,0.5942
2026-09-04,2,一般,0,4,ミッドナイトボートレースｉｎ大村　８,東,2,1,逃げ,1-4-2,2220,8,1,1,B1,0.5699,1,0.4301
2026-09-04,3,一般,0,4,ミッドナイトボートレースｉｎ大村　８,東,2,1,逃げ,1-2-3,1550,4,1,1,A2,0.5415,1,0.4585
2026-09-04,4,一般,0,4,ミッドナイトボートレースｉｎ大村　８,東,1,1,逃げ,1-5-3,1740,7,1,1,A2,0.5815,1,0.4185
2026-09-04,5,一般,0,4,ミッドナイトボートレースｉｎ大村　８,東,1,1,逃げ,1-3-5,660,2,1,1,A2,0.5324,1,0.4676
2026-09-04,6,一般,0,4,ミッドナイトボートレースｉｎ大村　８,北東,1,1,差し,2-1-5,1140,2,2,2,B1,0.4108,0,-0.4108
2026-09-04,7,一般,1,4,ミッドナイトボートレースｉｎ大村　８,南東,1,1,差し,2-3-1,3860,10,2,2,A2,0.5012,0,-0.5012
2026-09-04,8,一般,0,4,ミッドナイトボートレースｉｎ大村　８,南東,1,1,逃げ,1-3-4,1030,4,1,1,A1,0.5097,1,0.4903
2026-09-04,9,一般特選,0,4,ミッドナイトボートレースｉｎ大村　８,南,1,1,まくり差し,6-1-3,235090,82,6,6,A1,0.6821,0,-0.6821
2026-09-04,10,特別選抜戦Ｂ,0,4,ミッドナイトボートレースｉｎ大村　８,南,1,1,逃げ,1-3-4,1810,7,1,1,A1,0.7271,1,0.2729
2026-09-04,11,優勝戦,0,4,ミッドナイトボートレースｉｎ大村　８,北西,1,1,まくり,2-3-5,14700,35,2,2,A1,0.6868,0,-0.6868
2026-09-04,12,特別選抜戦Ａ,0,4,ミッドナイトボートレースｉｎ大村　８,北西,1,1,逃げ,1-5-4,1580,5,1,1,A1,0.5854,1,0.4146
2026-09-07,1,予選,0,1,開設７４周年記念　海の王者決定戦,北東,6,5,逃げ,1-3-2,930,2,1,1,A1,0.6078,1,0.3922
2026-09-07,2,予選,0,1,開設７４周年記念　海の王者決定戦,北東,7,6,まくり差し,3-4-5,18550,68,3,3,A1,0.6675,0,-0.6675
2026-09-07,3,予選,0,1,開設７４周年記念　海の王者決定戦,北東,7,6,逃げ,1-6-4,3030,9,1,1,A1,0.6955,1,0.3045
2026-09-07,4,予選,0,1,開設７４周年記念　海の王者決定戦,北東,6,5,逃げ,1-3-5,1770,8,1,1,A1,0.7443,1,0.2557
2026-09-07,5,予選,0,1,開設７４周年記念　海の王者決定戦,北東,6,5,逃げ,1-4-5,3170,11,1,1,A1,0.6361,1,0.3639
2026-09-07,6,予選,0,1,開設７４周年記念　海の王者決定戦,北東,5,4,逃げ,1-3-5,1700,4,1,1,A1,0.8011,1,0.1989
2026-09-07,7,予選,0,1,開設７４周年記念　海の王者決定戦,北東,5,4,逃げ,1-2-5,1550,6,1,1,A1,0.7172,1,0.2828
2026-09-07,8,予選,0,1,開設７４周年記念　海の王者決定戦,北東,5,4,まくり,4-3-6,18490,58,4,4,A1,0.6388,0,-0.6388
2026-09-07,9,予選,0,1,開設７４周年記念　海の王者決定戦,北東,5,4,逃げ,1-3-5,1750,7,1,1,A1,0.6373,1,0.3627
2026-09-07,10,予選,0,1,開設７４周年記念　海の王者決定戦,北東,5,4,逃げ,1-5-3,1310,6,1,1,A1,0.4805,1,0.5195
2026-09-07,11,予選,0,1,開設７４周年記念　海の王者決定戦,北東,6,5,逃げ,1-2-3,1100,2,1,1,A1,0.6072,1,0.3928
2026-09-07,12,発祥地ＤＲ,0,1,開設７４周年記念　海の王者決定戦,北東,5,4,逃げ,1-2-3,650,1,1,1,A1,0.7802,1,0.2198
2026-09-08,1,予選,0,2,開設７４周年記念　海の王者決定戦,北東,7,6,まくり,3-1-2,4490,17,3,3,A1,0.6781,0,-0.6781
2026-09-08,2,予選,0,2,開設７４周年記念　海の王者決定戦,北東,9,8,逃げ,1-2-3,1860,1,1,1,A1,0.6981,1,0.3019
2026-09-08,3,予選,0,2,開設７４周年記念　海の王者決定戦,北東,7,6,逃げ,1-3-5,1210,2,1,1,A1,0.6035,1,0.3965
2026-09-08,4,予選,0,2,開設７４周年記念　海の王者決定戦,北東,6,5,逃げ,1-4-5,2770,9,1,1,A1,0.6243,1,0.3757
2026-09-08,5,予選,0,2,開設７４周年記念　海の王者決定戦,北東,7,6,逃げ,1-2-6,5850,19,1,1,A1,0.6763,1,0.3237
2026-09-08,6,予選,0,2,開設７４周年記念　海の王者決定戦,北東,7,6,まくり,4-1-5,13080,37,4,4,A1,0.6816,0,-0.6816
2026-09-08,7,予選,0,2,開設７４周年記念　海の王者決定戦,北東,6,5,差し,2-1-4,4540,16,2,2,A1,0.6912,0,-0.6912
2026-09-08,8,予選,0,2,開設７４周年記念　海の王者決定戦,北東,6,5,逃げ,1-3-5,1620,6,1,1,A1,0.673,1,0.327
2026-09-08,9,予選,0,2,開設７４周年記念　海の王者決定戦,北東,6,5,逃げ,1-3-2,780,1,1,1,A1,0.6955,1,0.3045
2026-09-08,10,予選,0,2,開設７４周年記念　海の王者決定戦,北東,6,5,逃げ,1-3-2,810,3,1,1,A1,0.6897,1,0.3103
2026-09-08,11,予選,0,2,開設７４周年記念　海の王者決定戦,北東,6,5,まくり,3-2-4,27080,50,3,3,A1,0.6677,0,-0.6677
2026-09-08,12,龍神ＤＲ,0,2,開設７４周年記念　海の王者決定戦,北東,7,6,逃げ,1-2-3,500,2,1,1,A1,0.751,1,0.249
2026-09-09,1,予選,0,3,開設７４周年記念　海の王者決定戦,北東,8,7,逃げ,1-2-3,740,1,1,1,A1,0.633,1,0.367
2026-09-09,2,予選,0,3,開設７４周年記念　海の王者決定戦,北東,7,6,逃げ,1-3-2,680,2,1,1,A1,0.7371,1,0.2629
2026-09-09,3,予選,0,3,開設７４周年記念　海の王者決定戦,北東,6,5,抜き,4-3-6,27970,75,4,4,A1,0.6677,0,-0.6677
2026-09-09,4,予選,0,3,開設７４周年記念　海の王者決定戦,北東,7,6,逃げ,1-2-6,1410,4,1,1,A1,0.7376,1,0.2624
2026-09-09,5,予選,0,3,開設７４周年記念　海の王者決定戦,北東,6,5,抜き,3-1-2,5650,18,3,3,A1,0.7544,0,-0.7544
2026-09-09,6,予選,0,3,開設７４周年記念　海の王者決定戦,北東,6,5,差し,2-1-4,6100,23,2,2,A1,0.6011,0,-0.6011
2026-09-09,7,予選,0,3,開設７４周年記念　海の王者決定戦,北東,5,4,逃げ,1-2-4,910,1,1,1,A1,0.7026,1,0.2974
2026-09-09,8,予選,0,3,開設７４周年記念　海の王者決定戦,北東,6,5,まくり差し,5-4-3,9080,40,5,5,A1,0.565,0,-0.565
2026-09-09,9,予選,0,3,開設７４周年記念　海の王者決定戦,北東,6,5,逃げ,1-2-3,1290,3,1,1,A1,0.6912,1,0.3088
2026-09-09,10,予選,0,3,開設７４周年記念　海の王者決定戦,北東,7,6,逃げ,1-6-2,7140,19,1,1,A1,0.791,1,0.209
2026-09-09,11,予選,0,3,開設７４周年記念　海の王者決定戦,北東,6,5,逃げ,1-2-3,680,2,1,1,A1,0.6723,1,0.3277
2026-09-09,12,予選,0,3,開設７４周年記念　海の王者決定戦,北東,6,5,逃げ,1-5-3,2800,12,1,1,A1,0.7109,1,0.2891
2026-09-10,1,予選,0,4,開設７４周年記念　海の王者決定戦,南西,1,1,逃げ,1-5-6,16860,38,1,1,A1,0.7172,1,0.2828
2026-09-10,2,予選,0,4,開設７４周年記念　海の王者決定戦,南西,1,1,差し,3-5-2,26210,92,3,3,A1,0.7334,0,-0.7334
2026-09-10,3,予選,0,4,開設７４周年記念　海の王者決定戦,,0,1,逃げ,1-3-5,2030,8,1,1,A1,0.761,1,0.239
2026-09-10,4,予選,0,4,開設７４周年記念　海の王者決定戦,南西,1,1,逃げ,1-2-5,770,1,1,1,A1,0.6515,1,0.3485
2026-09-10,5,予選,0,4,開設７４周年記念　海の王者決定戦,南西,1,1,差し,3-1-4,4450,15,3,3,A1,0.6884,0,-0.6884
2026-09-10,6,予選,0,4,開設７４周年記念　海の王者決定戦,南西,1,1,逃げ,1-4-6,4550,15,1,1,A1,0.7702,1,0.2298
2026-09-10,7,予選,0,4,開設７４周年記念　海の王者決定戦,南西,1,1,逃げ,1-2-6,2970,10,1,1,A1,0.6284,1,0.3716
2026-09-10,8,予選,0,4,開設７４周年記念　海の王者決定戦,南西,1,1,逃げ,1-4-3,1150,3,1,1,A1,0.7743,1,0.2257
2026-09-10,9,予選,0,4,開設７４周年記念　海の王者決定戦,,0,1,逃げ,1-3-4,820,2,1,1,A1,0.7567,1,0.2433
2026-09-10,10,予選,0,4,開設７４周年記念　海の王者決定戦,南東,1,1,まくり差し,3-1-5,9580,25,3,3,A1,0.7788,0,-0.7788
2026-09-10,11,予選,0,4,開設７４周年記念　海の王者決定戦,,0,1,逃げ,1-2-6,3120,13,1,1,A1,0.6997,1,0.3003
2026-09-10,12,予選,0,4,開設７４周年記念　海の王者決定戦,南東,1,1,逃げ,1-4-5,2740,11,1,1,A1,0.818,1,0.182
2026-09-11,1,一般,0,5,開設７４周年記念　海の王者決定戦,西,1,1,差し,2-3-4,30350,54,2,2,A1,0.6912,0,-0.6912
2026-09-11,2,一般,0,5,開設７４周年記念　海の王者決定戦,西,1,1,逃げ,1-4-5,2720,10,1,1,A1,0.7296,1,0.2704
2026-09-11,3,一般,0,5,開設７４周年記念　海の王者決定戦,西,1,1,まくり差し,4-6-3,25310,59,4,4,A1,0.6388,0,-0.6388
2026-09-11,4,一般,0,5,開設７４周年記念　海の王者決定戦,南,1,1,まくり差し,4-1-6,12340,31,4,4,A1,0.6242,0,-0.6242
2026-09-11,5,一般,0,5,開設７４周年記念　海の王者決定戦,南,1,1,逃げ,1-5-3,7400,26,1,1,A1,0.6627,1,0.3373
2026-09-11,6,一般,0,5,開設７４周年記念　海の王者決定戦,南,1,1,恵まれ,2-5-4,3840,21,2,2,A1,0.6893,0,-0.6893
2026-09-11,7,一般,0,5,開設７４周年記念　海の王者決定戦,南西,2,1,差し,2-3-1,6480,24,2,2,A1,0.6675,0,-0.6675
2026-09-11,8,一般,0,5,開設７４周年記念　海の王者決定戦,南東,2,1,逃げ,1-6-5,8530,31,1,1,A1,0.6533,1,0.3467
2026-09-11,9,準優勝戦,0,5,開設７４周年記念　海の王者決定戦,北東,2,1,逃げ,1-2-3,700,1,1,1,A1,0.6897,1,0.3103
2026-09-11,10,準優勝戦,0,5,開設７４周年記念　海の王者決定戦,南,1,1,差し,2-3-1,5490,15,2,2,A1,0.7307,0,-0.7307
2026-09-11,11,準優勝戦,0,5,開設７４周年記念　海の王者決定戦,南西,1,1,逃げ,1-3-2,670,2,1,1,A1,0.6997,1,0.3003
2026-09-11,12,一般,0,5,開設７４周年記念　海の王者決定戦,,0,1,逃げ,1-6-3,14260,34,1,1,A1,0.4805,1,0.5195
2026-09-12,1,一般,0,6,開設７４周年記念　海の王者決定戦,西,1,1,まくり,4-1-2,3220,8,4,4,A1,0.6453,0,-0.6453
2026-09-12,2,一般,0,6,開設７４周年記念　海の王者決定戦,西,1,1,恵まれ,5-2-4,58830,78,5,5,A1,0.6635,0,-0.6635
2026-09-12,3,一般,0,6,開設７４周年記念　海の王者決定戦,西,1,1,逃げ,1-3-6,1970,7,1,1,A1,0.7371,1,0.2629
2026-09-12,4,一般,0,6,開設７４周年記念　海の王者決定戦,西,1,1,逃げ,1-2-3,700,1,1,1,A1,0.5868,1,0.4132
2026-09-12,5,一般,0,6,開設７４周年記念　海の王者決定戦,西,1,1,まくり,5-6-4,14100,46,5,6,A1,0.6884,0,-0.6884
2026-09-12,6,一般,0,6,開設７４周年記念　海の王者決定戦,西,1,1,逃げ,1-6-5,4920,20,1,1,A1,0.7567,1,0.2433
2026-09-12,7,一般,0,6,開設７４周年記念　海の王者決定戦,,0,1,逃げ,1-3-4,590,1,1,1,A1,0.7109,1,0.2891
2026-09-12,8,一般,0,6,開設７４周年記念　海の王者決定戦,西,1,1,逃げ,1-4-2,990,2,1,1,A1,0.791,1,0.209
2026-09-12,9,発祥地選抜戦,0,6,開設７４周年記念　海の王者決定戦,西,1,1,まくり差し,3-2-4,10980,34,3,3,A1,0.7053,0,-0.7053
2026-09-12,10,特別選抜戦,0,6,開設７４周年記念　海の王者決定戦,北西,1,1,逃げ,1-3-4,1450,6,1,1,A1,0.633,1,0.367
2026-09-12,11,特別選抜戦,0,6,開設７４周年記念　海の王者決定戦,,0,1,逃げ,1-3-4,990,4,1,1,A1,0.7172,1,0.2828
2026-09-12,12,優勝戦,0,6,開設７４周年記念　海の王者決定戦,南,1,1,逃げ,1-3-5,1000,4,1,1,A1,0.6997,1,0.3003
2026-09-17,1,予選,0,1,ミッドナイトボートレースｉｎ大村　９,北東,3,2,抜き,5-4-2,3890,18,5,5,B1,0.5567,0,-0.5567
2026-09-17,2,予選,0,1,ミッドナイトボートレースｉｎ大村　９,北東,2,1,まくり差し,5-1-3,1490,7,5,5,B1,0.4378,0,-0.4378
2026-09-17,3,予選,0,1,ミッドナイトボートレースｉｎ大村　９,東,2,1,まくり,3-1-5,6110,26,3,4,B1,0.4524,0,-0.4524
2026-09-17,4,予選,0,1,ミッドナイトボートレースｉｎ大村　９,,0,1,逃げ,1-3-4,350,1,1,1,A1,0.7825,1,0.2175
2026-09-17,5,予選,0,1,ミッドナイトボートレースｉｎ大村　９,南,1,1,差し,2-3-1,3770,16,2,2,B1,0.2637,0,-0.2637
2026-09-17,6,予選,0,1,ミッドナイトボートレースｉｎ大村　９,南東,1,1,まくり差し,4-1-5,2530,9,4,4,A1,0.7986,0,-0.7986
2026-09-17,7,予選,1,1,ミッドナイトボートレースｉｎ大村　９,南東,1,1,逃げ,1-2-4,690,2,1,1,A2,0.6623,1,0.3377
2026-09-17,8,予選,0,1,ミッドナイトボートレースｉｎ大村　９,南東,1,1,まくり,3-1-6,12180,27,3,3,A2,0.5503,0,-0.5503
2026-09-17,9,予選特賞,0,1,ミッドナイトボートレースｉｎ大村　９,南,1,1,まくり,2-4-6,88880,85,2,2,A2,0.6887,0,-0.6887
2026-09-17,10,予選特賞,0,1,ミッドナイトボートレースｉｎ大村　９,南,1,1,差し,6-2-4,93430,109,6,6,A2,0.4497,0,-0.4497
2026-09-17,11,予選特選,0,1,ミッドナイトボートレースｉｎ大村　９,南,1,1,逃げ,1-3-5,630,1,1,1,A1,0.5764,1,0.4236
2026-09-17,12,龍神選抜,0,1,ミッドナイトボートレースｉｎ大村　９,南,1,1,逃げ,1-3-4,900,2,1,1,A1,0.7825,1,0.2175
2026-09-18,1,予選,0,2,ミッドナイトボートレースｉｎ大村　９,東,1,1,まくり差し,1-4-6,560,1,1,4,A2,0.3921,0,-0.3921
2026-09-18,2,予選,0,2,ミッドナイトボートレースｉｎ大村　９,東,1,1,抜き,3-2-5,2090,6,3,3,B2,0.4025,0,-0.4025
2026-09-18,3,予選,0,2,ミッドナイトボートレースｉｎ大村　９,南東,1,1,差し,3-1-4,4760,16,3,4,B1,0.3971,0,-0.3971
2026-09-18,4,予選,0,2,ミッドナイトボートレースｉｎ大村　９,南東,1,1,まくり,2-3-6,1680,4,2,2,B1,0.4461,0,-0.4461
2026-09-18,5,予選,0,2,ミッドナイトボートレースｉｎ大村　９,南東,1,1,差し,2-1-3,15910,62,2,2,B1,0.3921,0,-0.3921
2026-09-18,6,予選,0,2,ミッドナイトボートレースｉｎ大村　９,南東,1,1,逃げ,1-4-6,980,3,1,1,A2,0.5582,1,0.4418
2026-09-18,7,予選,1,2,ミッドナイトボートレースｉｎ大村　９,南,1,1,逃げ,1-2-3,490,1,1,1,A1,0.652,1,0.348
2026-09-18,8,予選,0,2,ミッドナイトボートレースｉｎ大村　９,南,2,1,逃げ,1-2-5,3090,11,1,1,A2,0.5013,1,0.4987
2026-09-18,9,予選特賞,0,2,ミッドナイトボートレースｉｎ大村　９,南西,1,1,まくり,2-6-5,10600,28,2,2,A2,0.4415,0,-0.4415
2026-09-18,10,予選特賞,0,2,ミッドナイトボートレースｉｎ大村　９,南,1,1,まくり,3-1-2,4730,16,3,3,A2,0.5276,0,-0.5276
2026-09-18,11,予選特選,0,2,ミッドナイトボートレースｉｎ大村　９,,0,1,まくり,3-4-6,25580,51,3,3,A1,0.7046,0,-0.7046
2026-09-18,12,予選特選,0,2,ミッドナイトボートレースｉｎ大村　９,南西,1,1,逃げ,1-2-6,2010,9,1,1,A1,0.6384,1,0.3616
