regno,選手名,全国スローn,全国スローST,当地スローn,当地スローST,採用スローST,スロー源,スロー遅れ,スロー巧者,全国ダッシュn,全国ダッシュST,当地ダッシュn,当地ダッシュST,採用ダッシュST,ダッシュ源,ダッシュ遅れ,ダッシュ巧者
2538,高橋二朗,104,0.213,5,0.24,0.213,全国,●,,87,0.21,4,0.185,0.21,全国,●,
2878,富山弘幸,112,0.168,7,0.191,0.168,全国,,,93,0.18,3,0.17,0.18,全国,,
3024,西島義則,157,0.169,11,0.135,0.135,当地,,,3,0.137,0,,0.137,全国,,
3054,北川幸典,78,0.178,5,0.194,0.178,全国,,,73,0.195,4,0.235,0.195,全国,●,
3070,山室展弘,78,0.164,0,,0.164,全国,,,22,0.133,0,,0.133,全国,,
3072,西田靖,185,0.166,0,,0.166,全国,,,1,0.18,0,,0.18,全国,,
3075,中村裕将,104,0.132,0,,0.132,全国,,,94,0.126,0,,0.126,全国,,●
3081,岡本慎治,43,0.17,0,,0.17,全国,,,46,0.185,0,,0.185,全国,●,
3105,内山文典,101,0.172,0,,0.172,全国,,,92,0.164,0,,0.164,全国,,
3107,平岡重典,71,0.178,0,,0.178,全国,,,66,0.177,0,,0.177,全国,,
3156,金子良昭,112,0.17,0,,0.17,全国,,,59,0.183,0,,0.183,全国,●,
3158,島川光男,123,0.146,0,,0.146,全国,,,112,0.141,0,,0.141,全国,,
3159,江口晃生,148,0.151,0,,0.151,全国,,,0,,0,,,,,
3161,古場輝義,123,0.188,5,0.176,0.188,全国,●,,68,0.171,3,0.197,0.171,全国,,
3175,渡辺千草,93,0.156,9,0.149,0.156,全国,,,96,0.158,9,0.147,0.158,全国,,
3176,長谷川巌,43,0.182,0,,0.182,全国,●,,39,0.215,0,,0.215,全国,●,
3202,三品隆浩,108,0.183,0,,0.183,全国,●,,94,0.216,0,,0.216,全国,●,
3207,田村美和,72,0.203,7,0.18,0.203,全国,●,,68,0.162,7,0.174,0.162,全国,,
3211,北川敏弘,93,0.175,4,0.123,0.175,全国,,,94,0.165,10,0.145,0.145,当地,,
3212,亀本勇樹,116,0.173,3,0.183,0.173,全国,,,79,0.152,4,0.197,0.152,全国,,
3224,栗山繁洋,98,0.191,4,0.22,0.191,全国,●,,90,0.19,4,0.195,0.19,全国,●,
3226,浦田信義,101,0.18,7,0.153,0.18,全国,,,90,0.184,5,0.13,0.184,全国,●,
3232,山川美由紀,91,0.15,0,,0.15,全国,,,82,0.161,0,,0.161,全国,,
3233,小畑実成,96,0.157,0,,0.157,全国,,,94,0.172,0,,0.172,全国,,
3246,星野政彦,36,0.178,0,,0.178,全国,,,28,0.149,0,,0.149,全国,,
3251,平石和男,156,0.183,3,0.183,0.183,全国,●,,129,0.199,3,0.11,0.199,全国,●,
3256,三角哲男,136,0.136,4,0.203,0.136,全国,,,110,0.158,3,0.113,0.158,全国,,
3257,田頭実,185,0.136,0,,0.136,全国,,,4,0.168,0,,0.168,全国,,
3265,今村暢孝,186,0.141,21,0.119,0.119,当地,,●,0,,0,,,,,
3268,森竜也,136,0.155,0,,0.155,全国,,,83,0.174,0,,0.174,全国,,
3277,齋藤勇,110,0.172,5,0.132,0.172,全国,,,93,0.183,5,0.152,0.183,全国,●,
3282,池本輝明,114,0.175,12,0.178,0.178,当地,,,101,0.214,14,0.231,0.231,当地,●,
3284,渡邊伸太郎,110,0.175,16,0.158,0.158,当地,,,89,0.225,11,0.224,0.224,当地,●,
3286,坂東満,72,0.152,0,,0.152,全国,,,66,0.185,0,,0.185,全国,●,
3289,高橋淳美,55,0.177,3,0.197,0.177,全国,,,47,0.196,3,0.187,0.196,全国,●,
3293,宮内由紀英,91,0.186,0,,0.186,全国,●,,90,0.197,0,,0.197,全国,●,
3294,野中義生,72,0.177,2,0.19,0.177,全国,,,85,0.147,8,0.161,0.147,全国,,
3297,藤丸光一,140,0.203,11,0.165,0.165,当地,,,46,0.211,5,0.208,0.211,全国,●,
3300,川崎智幸,132,0.143,0,,0.143,全国,,,108,0.166,0,,0.166,全国,,
3302,谷川里江,76,0.174,0,,0.174,全国,,,65,0.173,0,,0.173,全国,,
3303,渡辺豊,133,0.188,5,0.15,0.188,全国,●,,129,0.208,8,0.208,0.208,全国,●,
3304,烏野賢太,148,0.169,3,0.147,0.169,全国,,,121,0.169,5,0.134,0.169,全国,,
3305,小野信樹,89,0.17,0,,0.17,全国,,,89,0.151,0,,0.151,全国,,
3306,武田正紀,95,0.152,0,,0.152,全国,,,92,0.155,0,,0.155,全国,,
3313,本吉正樹,101,0.171,2,0.215,0.171,全国,,,94,0.178,4,0.2,0.178,全国,,
3315,広瀬聖仁,75,0.148,7,0.127,0.148,全国,,,76,0.176,6,0.178,0.176,全国,,
3319,山崎義明,118,0.166,6,0.183,0.166,全国,,,118,0.157,7,0.151,0.157,全国,,
3327,野長瀬正孝,167,0.153,4,0.208,0.153,全国,,,86,0.188,2,0.16,0.188,全国,●,
3333,丸尾義孝,142,0.136,5,0.16,0.136,全国,,,128,0.16,5,0.152,0.16,全国,,
3334,角ひとみ,143,0.189,11,0.16,0.16,当地,,,114,0.204,9,0.17,0.204,全国,●,
3339,泉具巳,94,0.168,4,0.14,0.168,全国,,,90,0.156,3,0.143,0.156,全国,,
3340,池田雷太,110,0.184,3,0.19,0.184,全国,●,,104,0.185,3,0.193,0.185,全国,●,
3346,宮本裕之,27,0.163,0,,0.163,全国,,,26,0.174,0,,0.174,全国,,
3349,吉田一郎,156,0.16,20,0.152,0.152,当地,,,85,0.153,10,0.135,0.135,当地,,
3350,藤本佳史,98,0.141,0,,0.141,全国,,,94,0.192,0,,0.192,全国,●,
3352,小川晃司,0,,0,,,,,,197,0.167,9,0.153,0.167,全国,,
3353,前田光昭,51,0.186,4,0.122,0.186,全国,●,,70,0.145,3,0.11,0.145,全国,,
3355,橋谷田佳織,43,0.265,0,,0.265,全国,●,,35,0.256,0,,0.256,全国,●,
3357,福島陽子,104,0.197,8,0.159,0.197,全国,●,,97,0.2,8,0.203,0.2,全国,●,
3361,岡部浩,97,0.16,0,,0.16,全国,,,86,0.186,0,,0.186,全国,●,
3362,間嶋仁志,188,0.183,0,,0.183,全国,●,,33,0.191,0,,0.191,全国,●,
3370,坪内実,87,0.181,0,,0.181,全国,●,,79,0.192,0,,0.192,全国,●,
3372,加藤雅之,64,0.206,0,,0.206,全国,●,,66,0.215,0,,0.215,全国,●,
3377,塚田修二,81,0.227,0,,0.227,全国,●,,86,0.19,0,,0.19,全国,●,
3381,滝沢芳行,103,0.147,6,0.13,0.147,全国,,,101,0.136,5,0.136,0.136,全国,,
3385,渡邉睦広,114,0.156,0,,0.156,全国,,,101,0.153,0,,0.153,全国,,
3388,今垣光太郎,100,0.152,9,0.112,0.152,全国,,,77,0.164,8,0.104,0.164,全国,,
3391,鈴木茂正,13,0.189,0,,0.189,全国,●,,14,0.192,0,,0.192,全国,●,
3392,小森信雄,101,0.183,0,,0.183,全国,●,,92,0.21,0,,0.21,全国,●,
3401,上田隆章,112,0.193,5,0.214,0.193,全国,●,,103,0.227,5,0.236,0.227,全国,●,
3406,中里英夫,124,0.157,1,0.15,0.157,全国,,,116,0.184,2,0.18,0.184,全国,●,
3411,池上隆行,86,0.151,3,0.12,0.151,全国,,,92,0.173,3,0.147,0.173,全国,,
3412,鈴木博,146,0.156,5,0.12,0.156,全国,,,133,0.158,5,0.144,0.158,全国,,
3414,加瀬智宏,9,0.14,0,,0.14,全国,,,7,0.179,0,,0.179,全国,,
3415,松井繁,150,0.144,6,0.157,0.144,全国,,,96,0.141,4,0.17,0.141,全国,,
3419,栗原謙治,40,0.191,1,0.08,0.191,全国,●,,48,0.23,3,0.2,0.23,全国,●,
3422,服部幸男,139,0.152,0,,0.152,全国,,,117,0.151,0,,0.151,全国,,
3430,角浜修,108,0.159,0,,0.159,全国,,,110,0.174,0,,0.174,全国,,
3432,宮迫暢彦,87,0.149,5,0.14,0.149,全国,,,90,0.196,5,0.164,0.196,全国,●,
3434,松尾宣邦,100,0.178,6,0.147,0.178,全国,,,108,0.17,6,0.208,0.17,全国,,
3435,寺田千恵,126,0.159,2,0.175,0.159,全国,,,110,0.144,0,,0.144,全国,,
3436,柏野幸二,102,0.125,0,,0.125,全国,,●,89,0.143,0,,0.143,全国,,
3439,大平誉史明,127,0.156,0,,0.156,全国,,,110,0.153,0,,0.153,全国,,
3441,土屋太朗,111,0.177,2,0.24,0.177,全国,,,110,0.191,4,0.233,0.191,全国,●,
3442,宮武英司,84,0.154,0,,0.154,全国,,,94,0.16,0,,0.16,全国,,
3444,香月大介,57,0.164,0,,0.164,全国,,,52,0.164,0,,0.164,全国,,
3445,加藤高史,94,0.183,0,,0.183,全国,●,,93,0.182,0,,0.182,全国,●,
3448,高山秀雄,67,0.186,4,0.203,0.186,全国,●,,63,0.198,5,0.202,0.198,全国,●,
3454,井川大作,101,0.148,8,0.126,0.148,全国,,,95,0.16,10,0.154,0.154,当地,,
3455,谷本幸司,115,0.164,0,,0.164,全国,,,112,0.168,0,,0.168,全国,,
3458,東健介,92,0.151,11,0.112,0.112,当地,,●,77,0.177,5,0.186,0.177,全国,,
3459,中野和裕,88,0.159,3,0.143,0.159,全国,,,91,0.159,3,0.163,0.159,全国,,
3461,渡邊哲也,56,0.163,3,0.167,0.163,全国,,,66,0.214,5,0.248,0.214,全国,●,
3463,乙津康志,114,0.178,0,,0.178,全国,,,99,0.196,0,,0.196,全国,●,
3467,森弘行,89,0.205,3,0.253,0.205,全国,●,,84,0.164,3,0.177,0.164,全国,,
3470,新田芳美,95,0.166,0,,0.166,全国,,,79,0.176,0,,0.176,全国,,
3471,赤峰和也,88,0.165,0,,0.165,全国,,,91,0.178,0,,0.178,全国,,
3473,石川真二,275,0.137,29,0.127,0.127,当地,,●,0,,0,,,,,
3474,松瀬弘美,109,0.175,5,0.152,0.175,全国,,,100,0.184,4,0.193,0.184,全国,●,
3475,橋本久和,107,0.179,0,,0.179,全国,,,84,0.199,0,,0.199,全国,●,
3477,近藤稔也,97,0.184,5,0.134,0.184,全国,●,,95,0.186,4,0.2,0.186,全国,●,
3478,嶋田貴支,112,0.149,6,0.137,0.149,全国,,,103,0.174,4,0.19,0.174,全国,,
3482,金子猛志,132,0.149,5,0.106,0.149,全国,,,126,0.149,4,0.152,0.149,全国,,
3484,芝田浩治,134,0.159,0,,0.159,全国,,,110,0.181,0,,0.181,全国,●,
3489,大場敏,158,0.14,0,,0.14,全国,,,135,0.165,0,,0.165,全国,,
3497,後藤浩,95,0.168,0,,0.168,全国,,,89,0.175,0,,0.175,全国,,
3499,市川哲也,123,0.142,5,0.132,0.142,全国,,,91,0.153,4,0.13,0.153,全国,,
3502,渡邉英児,121,0.161,0,,0.161,全国,,,100,0.164,0,,0.164,全国,,
3503,堂原洋史,103,0.164,0,,0.164,全国,,,100,0.161,0,,0.161,全国,,
3505,山田竜一,130,0.143,0,,0.143,全国,,,107,0.145,0,,0.145,全国,,
3507,藤井徹,92,0.181,3,0.19,0.181,全国,●,,76,0.218,4,0.193,0.218,全国,●,
3508,久富政弘,113,0.172,8,0.155,0.172,全国,,,98,0.214,10,0.182,0.182,当地,●,
3509,池千夏,86,0.143,0,,0.143,全国,,,69,0.145,0,,0.145,全国,,
3514,山一鉄也,130,0.154,8,0.154,0.154,全国,,,119,0.177,6,0.187,0.177,全国,,
3516,吉原聖人,92,0.158,5,0.166,0.158,全国,,,86,0.189,4,0.117,0.189,全国,●,
3517,高橋勲,109,0.154,0,,0.154,全国,,,90,0.15,0,,0.15,全国,,
3518,倉田郁美,87,0.192,5,0.19,0.192,全国,●,,83,0.186,4,0.123,0.186,全国,●,
3519,冨田秀幸,83,0.168,0,,0.168,全国,,,93,0.177,0,,0.177,全国,,
3523,寳田亮治,83,0.189,9,0.222,0.189,全国,●,,83,0.185,9,0.15,0.185,全国,●,
3527,中嶋誠一郎,114,0.162,26,0.148,0.148,当地,,,109,0.168,21,0.168,0.168,当地,,
3528,笠野友紀恵,88,0.202,4,0.18,0.202,全国,●,,80,0.189,5,0.162,0.189,全国,●,
3532,柴田光,117,0.158,0,,0.158,全国,,,26,0.156,0,,0.156,全国,,
3535,渡修平,84,0.184,11,0.199,0.199,当地,●,,90,0.204,10,0.218,0.218,当地,●,
3538,菊池峰晴,54,0.209,2,0.225,0.209,全国,●,,57,0.219,4,0.19,0.219,全国,●,
3539,金子順一,125,0.176,6,0.18,0.176,全国,,,99,0.184,3,0.227,0.184,全国,●,
3541,三嶌誠司,142,0.167,0,,0.167,全国,,,114,0.161,0,,0.161,全国,,
3542,清水紀克,181,0.183,6,0.198,0.183,全国,●,,9,0.252,0,,0.252,全国,●,
3543,福田雅一,77,0.164,0,,0.164,全国,,,79,0.162,0,,0.162,全国,,
3544,豊田訓靖,96,0.196,2,0.185,0.196,全国,●,,97,0.188,3,0.19,0.188,全国,●,
3546,中里昌志,104,0.181,3,0.22,0.181,全国,●,,97,0.177,4,0.15,0.177,全国,,
3548,室田泰史,136,0.111,3,0.053,0.111,全国,,●,126,0.135,4,0.125,0.135,全国,,
3550,都築正治,129,0.152,5,0.18,0.152,全国,,,112,0.162,4,0.163,0.162,全国,,
3551,藤田美代,80,0.199,0,,0.199,全国,●,,79,0.167,0,,0.167,全国,,
3554,仲口博崇,215,0.174,8,0.149,0.174,全国,,,96,0.198,3,0.15,0.198,全国,●,
3556,田中信一郎,142,0.141,0,,0.141,全国,,,109,0.15,0,,0.15,全国,,
3557,太田和美,168,0.137,0,,0.137,全国,,,153,0.155,0,,0.155,全国,,
3558,山本浩次,100,0.16,9,0.141,0.16,全国,,,88,0.164,11,0.159,0.159,当地,,
3562,山下和彦,138,0.168,5,0.172,0.168,全国,,,118,0.165,5,0.196,0.165,全国,,
3563,堤昇,133,0.146,3,0.083,0.146,全国,,,97,0.16,4,0.143,0.16,全国,,
3564,桑原啓,107,0.167,4,0.18,0.167,全国,,,124,0.163,5,0.152,0.163,全国,,
3566,川添英正,112,0.18,4,0.198,0.18,全国,,,97,0.204,4,0.247,0.204,全国,●,
3567,吉岡誠,69,0.174,7,0.141,0.174,全国,,,71,0.182,9,0.18,0.182,全国,●,
3568,木村光宏,111,0.168,5,0.154,0.168,全国,,,86,0.163,4,0.153,0.163,全国,,
3569,増田進,97,0.166,6,0.173,0.166,全国,,,94,0.198,8,0.195,0.198,全国,●,
3572,安田政彦,126,0.174,6,0.202,0.174,全国,,,115,0.219,3,0.193,0.219,全国,●,
3574,大神康司,246,0.155,33,0.143,0.143,当地,,,7,0.226,0,,0.226,全国,●,
3576,白水勝也,144,0.156,17,0.141,0.141,当地,,,111,0.175,17,0.191,0.191,当地,●,
3577,向所浩二,84,0.167,2,0.24,0.167,全国,,,86,0.147,3,0.173,0.147,全国,,
3578,塩田雄一,56,0.188,3,0.177,0.188,全国,●,,63,0.177,3,0.153,0.177,全国,,
3579,中里優子,79,0.175,5,0.172,0.175,全国,,,76,0.18,4,0.15,0.18,全国,,
3580,水口由紀,99,0.185,8,0.195,0.185,全国,●,,98,0.192,8,0.199,0.192,全国,●,
3581,加木郁,111,0.188,8,0.159,0.188,全国,●,,104,0.187,9,0.177,0.187,全国,●,
3582,吉川昭男,221,0.162,6,0.097,0.162,全国,,,30,0.182,3,0.123,0.182,全国,●,
3583,齋藤智裕,78,0.193,3,0.26,0.193,全国,●,,87,0.187,4,0.178,0.187,全国,●,
3584,佐々木英樹,110,0.175,8,0.159,0.175,全国,,,103,0.173,8,0.2,0.173,全国,,
3587,武田信一,102,0.154,5,0.144,0.154,全国,,,101,0.162,4,0.198,0.162,全国,,
3589,西村勝,84,0.168,0,,0.168,全国,,,80,0.152,0,,0.152,全国,,
3590,濱野谷憲吾,144,0.133,9,0.083,0.133,全国,,,117,0.138,8,0.16,0.138,全国,,
3591,後藤孝義,66,0.171,0,,0.171,全国,,,56,0.216,0,,0.216,全国,●,
3596,河上年昭,75,0.165,0,,0.165,全国,,,75,0.168,0,,0.168,全国,,
3602,奥平拓也,85,0.184,0,,0.184,全国,●,,100,0.194,0,,0.194,全国,●,
3604,武藤綾子,95,0.191,5,0.198,0.191,全国,●,,88,0.192,4,0.193,0.192,全国,●,
3605,中村守成,96,0.186,0,,0.186,全国,●,,93,0.194,0,,0.194,全国,●,
3606,川北浩貴,122,0.151,0,,0.151,全国,,,110,0.175,0,,0.175,全国,,
3611,岩崎芳美,121,0.135,13,0.125,0.125,当地,,●,109,0.146,11,0.138,0.138,当地,,
3612,馬袋義則,183,0.145,11,0.18,0.18,当地,,,105,0.127,6,0.12,0.127,全国,,●
3613,角谷健吾,142,0.137,6,0.158,0.137,全国,,,122,0.161,5,0.206,0.161,全国,,
3614,谷勝幸,118,0.166,0,,0.166,全国,,,113,0.172,0,,0.172,全国,,
3615,横田茂,101,0.153,5,0.108,0.153,全国,,,102,0.157,4,0.138,0.157,全国,,
3616,中村真,88,0.152,0,,0.152,全国,,,91,0.162,0,,0.162,全国,,
3617,竹田広樹,98,0.187,7,0.226,0.187,全国,●,,85,0.197,6,0.185,0.197,全国,●,
3618,海野ゆかり,152,0.171,14,0.164,0.164,当地,,,116,0.192,12,0.207,0.207,当地,●,
3619,長谷川充,104,0.177,5,0.222,0.177,全国,,,101,0.195,5,0.17,0.195,全国,●,
3620,信濃由行,92,0.177,0,,0.177,全国,,,89,0.178,0,,0.178,全国,,
3621,天野晶夫,72,0.172,10,0.181,0.181,当地,●,,68,0.17,9,0.146,0.17,全国,,
3623,深川真二,247,0.143,15,0.141,0.141,当地,,,0,,0,,,,,
3627,井上恵一,123,0.182,6,0.115,0.182,全国,●,,83,0.192,5,0.18,0.192,全国,●,
3629,浅見昌克,111,0.137,6,0.13,0.137,全国,,,96,0.151,4,0.085,0.151,全国,,
3630,黒田誠司,70,0.171,0,,0.171,全国,,,71,0.155,0,,0.155,全国,,
3631,田添康介,39,0.194,3,0.163,0.194,全国,●,,45,0.195,4,0.138,0.195,全国,●,
3635,石田政吾,98,0.158,0,,0.158,全国,,,105,0.175,0,,0.175,全国,,
3637,齋藤和政,88,0.168,4,0.182,0.168,全国,,,86,0.198,6,0.255,0.198,全国,●,
3641,一瀬明,143,0.175,0,,0.175,全国,,,127,0.17,0,,0.17,全国,,
3642,大塚浩二,87,0.19,0,,0.19,全国,●,,77,0.2,0,,0.2,全国,●,
3643,米田隆弘,110,0.183,0,,0.183,全国,●,,95,0.172,0,,0.172,全国,,
3645,淺田千亜希,48,0.144,0,,0.144,全国,,,45,0.146,0,,0.146,全国,,
3647,伊藤雄二,95,0.159,3,0.19,0.159,全国,,,109,0.174,2,0.18,0.174,全国,,
3652,森下勇,80,0.154,5,0.122,0.154,全国,,,82,0.208,3,0.21,0.208,全国,●,
3653,品川賢次,54,0.216,0,,0.216,全国,●,,55,0.208,0,,0.208,全国,●,
3654,武田光史,124,0.156,3,0.183,0.156,全国,,,100,0.159,3,0.193,0.159,全国,,
3655,本橋克洋,132,0.178,0,,0.178,全国,,,109,0.187,0,,0.187,全国,●,
3656,伯母芳恒,89,0.169,8,0.174,0.169,全国,,,88,0.185,6,0.182,0.185,全国,●,
3659,藤生雄人,102,0.153,0,,0.153,全国,,,101,0.184,0,,0.184,全国,●,
3660,長谷川親王,85,0.193,4,0.18,0.193,全国,●,,84,0.206,6,0.192,0.206,全国,●,
3661,柳瀬興志,136,0.171,0,,0.171,全国,,,110,0.172,0,,0.172,全国,,
3662,大庭元明,115,0.157,0,,0.157,全国,,,113,0.174,0,,0.174,全国,,
3663,木山和幸,127,0.165,0,,0.165,全国,,,114,0.179,0,,0.179,全国,,
3664,鈴木賢一,92,0.144,0,,0.144,全国,,,91,0.204,0,,0.204,全国,●,
3679,飯島昌弘,131,0.14,4,0.18,0.14,全国,,,125,0.17,5,0.214,0.17,全国,,
3680,森林太,113,0.193,0,,0.193,全国,●,,106,0.206,0,,0.206,全国,●,
3681,山谷央,74,0.153,0,,0.153,全国,,,72,0.151,0,,0.151,全国,,
3684,清水攻二,109,0.158,0,,0.158,全国,,,95,0.204,0,,0.204,全国,●,
3685,荒井輝年,94,0.144,0,,0.144,全国,,,95,0.17,0,,0.17,全国,,
3686,鳥居塚孝博,131,0.141,5,0.096,0.141,全国,,,116,0.157,5,0.146,0.157,全国,,
3687,花田和明,138,0.155,0,,0.155,全国,,,58,0.17,0,,0.17,全国,,
3690,河合三弘,114,0.192,0,,0.192,全国,●,,108,0.182,0,,0.182,全国,●,
3692,竹腰正樹,110,0.147,5,0.116,0.147,全国,,,106,0.16,4,0.145,0.16,全国,,
3696,白井友晴,99,0.175,0,,0.175,全国,,,100,0.169,0,,0.169,全国,,
3699,富永正人,82,0.18,0,,0.18,全国,,,89,0.195,0,,0.195,全国,●,
3701,大西隆洋,83,0.169,2,0.165,0.169,全国,,,87,0.154,6,0.123,0.154,全国,,
3703,鳥飼眞,138,0.179,16,0.216,0.216,当地,●,,82,0.172,12,0.199,0.199,当地,●,
3704,本部めぐみ,65,0.225,0,,0.225,全国,●,,60,0.225,0,,0.225,全国,●,
3708,岡部貴司,101,0.146,7,0.114,0.146,全国,,,107,0.164,7,0.199,0.164,全国,,
3710,吉永泰弘,104,0.165,4,0.163,0.165,全国,,,100,0.179,5,0.158,0.179,全国,,
3711,江本真治,143,0.151,7,0.133,0.151,全国,,,131,0.157,5,0.144,0.157,全国,,
3712,淺香文武,98,0.143,3,0.157,0.143,全国,,,89,0.179,5,0.168,0.179,全国,,
3713,伊藤誠二,106,0.151,4,0.155,0.151,全国,,,106,0.165,4,0.158,0.165,全国,,
3714,梶原正,94,0.144,3,0.11,0.144,全国,,,100,0.161,7,0.199,0.161,全国,,
3715,倉尾大介,86,0.144,0,,0.144,全国,,,87,0.185,0,,0.185,全国,●,
3716,石渡鉄兵,122,0.129,8,0.191,0.129,全国,,●,118,0.118,10,0.105,0.105,当地,,●
3717,立間充宏,90,0.153,0,,0.153,全国,,,96,0.169,0,,0.169,全国,,
3718,伊達正利,101,0.161,3,0.123,0.161,全国,,,106,0.185,3,0.173,0.185,全国,●,
3719,辻栄蔵,113,0.145,6,0.078,0.145,全国,,,116,0.155,9,0.151,0.155,全国,,
3721,守田俊介,136,0.124,0,,0.124,全国,,●,104,0.116,0,,0.116,全国,,●
3722,西村秀樹,93,0.167,2,0.095,0.167,全国,,,93,0.193,4,0.15,0.193,全国,●,
3726,桂林寛,73,0.165,3,0.163,0.165,全国,,,71,0.16,6,0.125,0.16,全国,,
3730,塩崎優司,112,0.16,4,0.21,0.16,全国,,,108,0.172,6,0.17,0.172,全国,,
3731,高濱芳久,126,0.183,0,,0.183,全国,●,,80,0.179,0,,0.179,全国,,
3736,岡本猛,1,0.24,0,,0.24,全国,●,,1,0.27,0,,0.27,全国,●,
3737,上平真二,136,0.148,4,0.135,0.148,全国,,,102,0.183,4,0.133,0.183,全国,●,
3740,大澤普司,142,0.163,11,0.158,0.158,当地,,,122,0.176,8,0.159,0.176,全国,,
3741,松尾基成,89,0.161,10,0.115,0.115,当地,,●,98,0.179,13,0.197,0.197,当地,●,
3742,宮地秀祈,94,0.175,0,,0.175,全国,,,86,0.181,0,,0.181,全国,●,
3743,林美憲,166,0.143,5,0.118,0.143,全国,,,77,0.158,4,0.137,0.158,全国,,
3744,徳増秀樹,152,0.13,7,0.097,0.13,全国,,●,125,0.124,8,0.164,0.124,全国,,●
3745,橋本年光,91,0.162,0,,0.162,全国,,,82,0.183,0,,0.183,全国,●,
3746,岡瀬正人,147,0.161,6,0.128,0.161,全国,,,129,0.185,6,0.173,0.185,全国,●,
3747,國崎良春,103,0.164,7,0.116,0.164,全国,,,103,0.153,7,0.1,0.153,全国,,
3748,小黒竜吾,95,0.163,0,,0.163,全国,,,91,0.162,0,,0.162,全国,,
3752,宇土泰就,96,0.171,3,0.123,0.171,全国,,,95,0.153,3,0.127,0.153,全国,,
3757,畑和宏,98,0.16,4,0.148,0.16,全国,,,95,0.167,4,0.122,0.167,全国,,
3761,山本光雄,91,0.168,8,0.165,0.168,全国,,,96,0.162,9,0.161,0.162,全国,,
3769,佐竹恒彦,113,0.158,4,0.155,0.158,全国,,,92,0.178,4,0.16,0.178,全国,,
3771,折下寛法,116,0.139,10,0.107,0.107,当地,,●,108,0.146,8,0.126,0.146,全国,,
3772,一柳和孝,95,0.148,10,0.139,0.139,当地,,,97,0.149,8,0.139,0.149,全国,,
3773,津留浩一郎,91,0.157,11,0.154,0.154,当地,,,92,0.166,11,0.155,0.155,当地,,
3775,泉啓文,101,0.173,10,0.19,0.19,当地,●,,113,0.176,9,0.142,0.176,全国,,
3776,横井健太,88,0.19,6,0.182,0.19,全国,●,,103,0.188,5,0.176,0.188,全国,●,
3777,樋口亮,135,0.169,23,0.182,0.182,当地,●,,118,0.18,20,0.189,0.189,当地,●,
3778,安達美帆,64,0.209,0,,0.209,全国,●,,68,0.222,0,,0.222,全国,●,
3779,原田幸哉,121,0.112,12,0.118,0.118,当地,,●,106,0.117,13,0.097,0.097,当地,,●
3783,瓜生正義,140,0.151,9,0.097,0.151,全国,,,117,0.146,8,0.156,0.146,全国,,
3784,中島友和,97,0.151,7,0.151,0.151,全国,,,99,0.159,9,0.132,0.159,全国,,
3787,天野誠,75,0.192,5,0.196,0.192,全国,●,,70,0.204,5,0.206,0.204,全国,●,
3788,一宮稔弘,61,0.135,3,0.077,0.135,全国,,,63,0.122,7,0.093,0.122,全国,,●
3790,佐口達也,95,0.161,3,0.11,0.161,全国,,,94,0.205,3,0.12,0.205,全国,●,
3792,田中豪,99,0.161,6,0.108,0.161,全国,,,90,0.164,5,0.112,0.164,全国,,
3793,高橋真吾,77,0.168,7,0.187,0.168,全国,,,87,0.144,10,0.135,0.135,当地,,
3796,長野道臣,96,0.172,4,0.155,0.172,全国,,,102,0.166,5,0.2,0.166,全国,,
3797,岩井繁,107,0.197,4,0.158,0.197,全国,●,,108,0.208,6,0.172,0.208,全国,●,
3800,牧宏次,95,0.152,0,,0.152,全国,,,88,0.174,0,,0.174,全国,,
3801,五反田忍,78,0.169,0,,0.169,全国,,,70,0.175,0,,0.175,全国,,
3804,中渡修作,120,0.156,0,,0.156,全国,,,115,0.162,0,,0.162,全国,,
3805,高橋英之,105,0.134,4,0.12,0.134,全国,,,91,0.129,5,0.102,0.129,全国,,●
3807,岡部哲,116,0.156,14,0.164,0.164,当地,,,107,0.179,15,0.162,0.162,当地,,
3808,秋田健太郎,90,0.172,0,,0.172,全国,,,85,0.159,0,,0.159,全国,,
3809,吉田光,66,0.169,12,0.188,0.188,当地,●,,102,0.186,10,0.161,0.161,当地,,
3811,石田章央,135,0.157,10,0.144,0.144,当地,,,123,0.151,8,0.143,0.151,全国,,
3812,山崎聖司,94,0.159,2,0.16,0.159,全国,,,97,0.19,4,0.208,0.19,全国,●,
3813,佐藤大介,140,0.158,5,0.102,0.158,全国,,,97,0.177,4,0.167,0.177,全国,,
3814,金子貴志,111,0.185,0,,0.185,全国,●,,105,0.2,0,,0.2,全国,●,
3820,樫葉次郎,52,0.147,7,0.173,0.147,全国,,,45,0.162,7,0.177,0.162,全国,,
3822,平尾崇典,129,0.154,14,0.135,0.135,当地,,,101,0.145,10,0.116,0.116,当地,,●
3825,宮嵜隆太郎,82,0.133,6,0.127,0.133,全国,,,89,0.129,5,0.116,0.129,全国,,●
3826,村田修次,124,0.145,6,0.137,0.145,全国,,,103,0.159,3,0.193,0.159,全国,,
3827,今泉徹,98,0.174,0,,0.174,全国,,,99,0.172,0,,0.172,全国,,
3828,明石正之,87,0.157,0,,0.157,全国,,,101,0.182,0,,0.182,全国,●,
3831,安藤裕貴,107,0.136,3,0.09,0.136,全国,,,96,0.164,3,0.133,0.164,全国,,
3832,下田哲也,53,0.166,0,,0.166,全国,,,47,0.178,0,,0.178,全国,,
3833,中辻博訓,157,0.127,0,,0.127,全国,,●,115,0.129,0,,0.129,全国,,●
3834,細川明人,94,0.184,0,,0.184,全国,●,,102,0.185,0,,0.185,全国,●,
3837,秋山広一,117,0.152,5,0.136,0.152,全国,,,102,0.182,3,0.12,0.182,全国,●,
3838,伊藤啓三,90,0.147,3,0.15,0.147,全国,,,97,0.15,4,0.11,0.15,全国,,
3839,川合理司,93,0.159,0,,0.159,全国,,,112,0.199,0,,0.199,全国,●,
3841,佐々木和伸,146,0.148,9,0.093,0.148,全国,,,114,0.171,9,0.136,0.171,全国,,
3842,星野太郎,88,0.169,2,0.165,0.169,全国,,,89,0.199,4,0.217,0.199,全国,●,
3843,上之晃弘,110,0.157,15,0.167,0.167,当地,,,102,0.163,13,0.175,0.175,当地,,
3845,中谷朋子,91,0.191,4,0.24,0.191,全国,●,,67,0.202,2,0.205,0.202,全国,●,
3848,川上聡介,103,0.15,6,0.107,0.15,全国,,,116,0.148,6,0.122,0.148,全国,,
3849,中岡正彦,135,0.136,0,,0.136,全国,,,42,0.121,0,,0.121,全国,,●
3850,小川知行,119,0.136,6,0.153,0.136,全国,,,113,0.145,8,0.179,0.145,全国,,
3851,森田昭彦,27,0.163,0,,0.163,全国,,,37,0.19,0,,0.19,全国,●,
3852,澤大介,88,0.184,3,0.17,0.184,全国,●,,95,0.196,6,0.197,0.196,全国,●,
3853,岩崎正哉,132,0.168,8,0.143,0.168,全国,,,118,0.204,8,0.189,0.204,全国,●,
3854,吉川元浩,123,0.138,1,0.14,0.138,全国,,,109,0.149,5,0.136,0.149,全国,,
3857,阿波勝哉,85,0.185,5,0.174,0.185,全国,●,,138,0.195,6,0.198,0.195,全国,●,
3859,多羅尾達之,92,0.146,7,0.13,0.146,全国,,,87,0.154,6,0.183,0.154,全国,,
3860,松本浩貴,100,0.196,5,0.192,0.196,全国,●,,90,0.193,4,0.245,0.193,全国,●,
3863,海老澤泰行,107,0.153,9,0.133,0.153,全国,,,96,0.189,9,0.181,0.189,全国,●,
3866,木山誠一,84,0.131,0,,0.131,全国,,,90,0.155,0,,0.155,全国,,
3867,松浦勝,96,0.177,5,0.154,0.177,全国,,,98,0.173,5,0.232,0.173,全国,,
3868,尾形栄治,99,0.183,3,0.203,0.183,全国,●,,103,0.202,4,0.21,0.202,全国,●,
3869,井芹大志,86,0.181,5,0.2,0.181,全国,●,,81,0.181,5,0.144,0.181,全国,●,
3870,寺嶋雄,113,0.19,5,0.226,0.19,全国,●,,102,0.176,5,0.124,0.176,全国,,
3871,池田紫乃,75,0.184,14,0.196,0.196,当地,●,,74,0.184,13,0.165,0.165,当地,,
3872,岡田憲行,136,0.192,0,,0.192,全国,●,,98,0.178,0,,0.178,全国,,
3873,別府昌樹,72,0.16,1,0.11,0.16,全国,,,103,0.193,1,0.06,0.193,全国,●,
3874,山本寛久,125,0.148,0,,0.148,全国,,,108,0.167,0,,0.167,全国,,
3875,廣中良一,99,0.164,11,0.138,0.138,当地,,,110,0.181,10,0.196,0.196,当地,●,
3876,中辻崇人,104,0.16,5,0.142,0.16,全国,,,79,0.149,4,0.122,0.149,全国,,
3878,胡本悟志,91,0.158,5,0.126,0.158,全国,,,88,0.182,8,0.166,0.182,全国,●,
3880,浅見宗孝,93,0.188,8,0.185,0.188,全国,●,,96,0.185,9,0.153,0.185,全国,●,
3882,新田智彰,108,0.168,4,0.152,0.168,全国,,,109,0.167,5,0.102,0.167,全国,,
3885,久田武,127,0.158,0,,0.158,全国,,,111,0.184,0,,0.184,全国,●,
3888,山本英志,138,0.142,9,0.122,0.142,全国,,,123,0.148,8,0.164,0.148,全国,,
3889,須藤隆雄,95,0.159,0,,0.159,全国,,,89,0.171,0,,0.171,全国,,
3891,谷口健一,111,0.168,0,,0.168,全国,,,102,0.181,0,,0.181,全国,●,
3892,草場康幸,104,0.164,20,0.145,0.145,当地,,,101,0.16,18,0.149,0.149,当地,,
3893,汐崎正則,100,0.168,4,0.155,0.168,全国,,,102,0.166,5,0.212,0.166,全国,,
3895,堀本裕也,48,0.195,4,0.14,0.195,全国,●,,45,0.172,3,0.15,0.172,全国,,
3896,上田洋平,99,0.161,0,,0.161,全国,,,103,0.162,0,,0.162,全国,,
3897,白井英治,128,0.13,4,0.103,0.13,全国,,●,109,0.13,4,0.128,0.13,全国,,●
3898,平田忠則,139,0.135,7,0.093,0.135,全国,,,113,0.171,5,0.17,0.171,全国,,
3900,香川素子,125,0.169,5,0.17,0.169,全国,,,104,0.185,4,0.21,0.185,全国,●,
3901,松田憲幸,71,0.194,0,,0.194,全国,●,,70,0.223,0,,0.223,全国,●,
3904,森貴洋,82,0.16,0,,0.16,全国,,,81,0.179,0,,0.179,全国,,
3905,天野友和,142,0.154,6,0.18,0.154,全国,,,126,0.151,6,0.147,0.151,全国,,
3906,飯山晃三,111,0.179,23,0.159,0.159,当地,,,107,0.22,16,0.22,0.22,当地,●,
3907,村越篤,121,0.16,0,,0.16,全国,,,118,0.163,0,,0.163,全国,,
3908,重成一人,143,0.152,9,0.15,0.152,全国,,,115,0.139,10,0.118,0.118,当地,,●
3909,佐々木康幸,143,0.11,9,0.07,0.11,全国,,●,101,0.112,6,0.1,0.112,全国,,●
3910,松下知幸,101,0.162,0,,0.162,全国,,,92,0.185,0,,0.185,全国,●,
3911,鈴木猛,128,0.173,0,,0.173,全国,,,126,0.177,0,,0.177,全国,,
3912,川原正明,120,0.141,6,0.1,0.141,全国,,,123,0.142,4,0.15,0.142,全国,,
3915,繁野谷圭介,140,0.194,0,,0.194,全国,●,,118,0.176,0,,0.176,全国,,
3918,深井利寿,141,0.168,4,0.168,0.168,全国,,,124,0.167,3,0.12,0.167,全国,,
3920,正木聖賢,129,0.172,17,0.128,0.128,当地,,●,33,0.155,6,0.155,0.155,全国,,
3921,川村正輝,35,0.195,5,0.214,0.195,全国,●,,33,0.209,4,0.17,0.209,全国,●,
3922,菅沼佳昭,115,0.186,3,0.173,0.186,全国,●,,101,0.188,4,0.212,0.188,全国,●,
3928,林恵祐,109,0.165,3,0.147,0.165,全国,,,99,0.175,4,0.163,0.175,全国,,
3929,杢野誓良,102,0.158,0,,0.158,全国,,,102,0.162,0,,0.162,全国,,
3930,岸本隆,114,0.141,0,,0.141,全国,,,108,0.159,0,,0.159,全国,,
3931,黒崎竜也,97,0.149,0,,0.149,全国,,,102,0.145,0,,0.145,全国,,
3932,池田浩美,86,0.155,4,0.118,0.155,全国,,,72,0.186,5,0.156,0.186,全国,●,
3933,山地正樹,202,0.172,25,0.142,0.142,当地,,,16,0.177,2,0.17,0.177,全国,,
3934,鋤柄貴俊,121,0.167,0,,0.167,全国,,,117,0.16,0,,0.16,全国,,
3935,岩津徹郎,84,0.146,0,,0.146,全国,,,89,0.168,0,,0.168,全国,,
3939,渡辺真至,39,0.166,3,0.173,0.166,全国,,,40,0.16,4,0.173,0.16,全国,,
3940,飯山泰,157,0.145,0,,0.145,全国,,,129,0.14,0,,0.14,全国,,
3941,池田浩二,141,0.115,0,,0.115,全国,,●,114,0.13,0,,0.13,全国,,●
3942,寺田祥,132,0.146,3,0.13,0.146,全国,,,93,0.14,4,0.09,0.14,全国,,
3943,三松直美,26,0.169,4,0.173,0.169,全国,,,28,0.183,5,0.202,0.183,全国,●,
3944,山口裕二,125,0.153,22,0.142,0.142,当地,,,107,0.191,18,0.167,0.167,当地,,
3945,橋口真樹,77,0.195,3,0.147,0.195,全国,●,,84,0.201,3,0.173,0.201,全国,●,
3946,赤岩善生,243,0.143,0,,0.143,全国,,,43,0.162,0,,0.162,全国,,
3947,寺本昇平,106,0.18,0,,0.18,全国,,,104,0.185,0,,0.185,全国,●,
3948,大町利克,88,0.171,0,,0.171,全国,,,88,0.2,0,,0.2,全国,●,
3949,今出晋二,79,0.162,5,0.118,0.162,全国,,,90,0.183,7,0.227,0.183,全国,●,
3950,石川哲秀,91,0.15,6,0.16,0.15,全国,,,80,0.155,4,0.122,0.155,全国,,
3951,石川吉鎬,121,0.195,9,0.194,0.195,全国,●,,106,0.202,6,0.215,0.202,全国,●,
3952,中澤和志,142,0.145,10,0.104,0.104,当地,,●,118,0.129,11,0.111,0.111,当地,,●
3953,志道吉和,58,0.169,2,0.23,0.169,全国,,,65,0.22,5,0.304,0.22,全国,●,
3955,眞田英二,77,0.179,0,,0.179,全国,,,76,0.194,0,,0.194,全国,●,
3956,横澤剛治,115,0.17,3,0.147,0.17,全国,,,102,0.162,3,0.15,0.162,全国,,
3957,大谷直弘,121,0.186,0,,0.186,全国,●,,115,0.185,0,,0.185,全国,●,
3959,坪井康晴,127,0.13,4,0.1,0.13,全国,,●,115,0.15,4,0.145,0.15,全国,,
3960,菊地孝平,130,0.112,12,0.117,0.117,当地,,●,120,0.106,7,0.081,0.106,全国,,●
3961,谷村一哉,110,0.164,4,0.158,0.164,全国,,,98,0.174,5,0.154,0.174,全国,,
3963,原田秀弥,130,0.161,0,,0.161,全国,,,110,0.175,0,,0.175,全国,,
3964,宮地博士,102,0.196,19,0.219,0.219,当地,●,,100,0.205,16,0.198,0.198,当地,●,
3965,北中元樹,130,0.164,0,,0.164,全国,,,124,0.168,0,,0.168,全国,,
3966,作間章,155,0.171,9,0.134,0.171,全国,,,125,0.173,7,0.246,0.173,全国,,
3967,鈴木茂高,83,0.18,3,0.187,0.18,全国,,,99,0.209,3,0.277,0.209,全国,●,
3968,茶谷信次,114,0.158,0,,0.158,全国,,,103,0.193,0,,0.193,全国,●,
3973,崎利仁,112,0.191,7,0.184,0.191,全国,●,,112,0.2,8,0.212,0.2,全国,●,
3974,深山祐二,93,0.16,6,0.137,0.16,全国,,,87,0.163,6,0.185,0.163,全国,,
3975,小野寺智洋,106,0.137,10,0.152,0.152,当地,,,105,0.133,6,0.11,0.133,全国,,
3976,内田圭,97,0.17,5,0.142,0.17,全国,,,98,0.178,8,0.209,0.178,全国,,
3977,山本兼士,108,0.16,2,0.185,0.16,全国,,,117,0.177,3,0.117,0.177,全国,,
3978,齊藤仁,117,0.148,0,,0.148,全国,,,107,0.178,0,,0.178,全国,,
3981,今坂晃広,104,0.181,10,0.178,0.178,当地,,,119,0.196,10,0.14,0.14,当地,,
3982,福田理,100,0.17,0,,0.17,全国,,,91,0.165,0,,0.165,全国,,
3983,須藤博倫,144,0.135,11,0.125,0.125,当地,,●,132,0.147,8,0.192,0.147,全国,,
3984,坂口周,157,0.157,11,0.145,0.145,当地,,,128,0.166,9,0.146,0.166,全国,,
3986,沖島広和,57,0.163,4,0.115,0.163,全国,,,54,0.169,4,0.188,0.169,全国,,
3987,後藤正宗,121,0.176,0,,0.176,全国,,,124,0.144,0,,0.144,全国,,
3988,古川誠之,141,0.137,0,,0.137,全国,,,129,0.146,0,,0.146,全国,,
3989,熊本英一,83,0.192,4,0.233,0.192,全国,●,,90,0.225,5,0.202,0.225,全国,●,
3990,芹澤克彦,98,0.137,5,0.15,0.137,全国,,,102,0.154,2,0.115,0.154,全国,,
3992,関口智久,94,0.153,5,0.15,0.153,全国,,,90,0.138,2,0.115,0.138,全国,,
3993,永井聖美,102,0.16,4,0.168,0.16,全国,,,90,0.165,5,0.138,0.165,全国,,
3994,小野桜,101,0.181,0,,0.181,全国,●,,91,0.184,0,,0.184,全国,●,
3995,重野哲之,101,0.122,0,,0.122,全国,,●,89,0.118,0,,0.118,全国,,●
3997,北村征嗣,171,0.153,10,0.144,0.144,当地,,,132,0.165,9,0.18,0.165,全国,,
3998,冨成謙児,108,0.15,4,0.11,0.15,全国,,,101,0.19,2,0.18,0.19,全国,●,
3999,大瀧明日香,151,0.16,9,0.182,0.16,全国,,,120,0.161,9,0.17,0.161,全国,,
4000,松本博昭,157,0.165,5,0.176,0.165,全国,,,131,0.178,5,0.18,0.178,全国,,
4002,古結宏,144,0.142,4,0.138,0.142,全国,,,110,0.142,6,0.17,0.142,全国,,
4003,表憲一,99,0.166,3,0.09,0.166,全国,,,97,0.169,2,0.115,0.169,全国,,
4004,山本浩輔,100,0.17,19,0.156,0.156,当地,,,102,0.178,26,0.162,0.162,当地,,
4006,小野勇作,103,0.165,0,,0.165,全国,,,103,0.173,0,,0.173,全国,,
4007,榮田将彦,85,0.144,1,0.26,0.144,全国,,,82,0.129,5,0.188,0.129,全国,,●
4009,小林一樹,115,0.122,5,0.134,0.122,全国,,●,102,0.127,3,0.08,0.127,全国,,●
4010,越智照浩,87,0.162,0,,0.162,全国,,,88,0.169,0,,0.169,全国,,
4011,堀之内紀代子,101,0.166,3,0.153,0.166,全国,,,94,0.151,5,0.084,0.151,全国,,
4012,中村有裕,120,0.146,5,0.226,0.146,全国,,,94,0.156,5,0.118,0.156,全国,,
4013,中島孝平,128,0.132,0,,0.132,全国,,,124,0.144,0,,0.144,全国,,
4014,片岡恵里,119,0.166,13,0.175,0.175,当地,,,106,0.181,9,0.166,0.181,全国,●,
4015,前野竜一,144,0.154,10,0.199,0.199,当地,●,,126,0.16,10,0.151,0.151,当地,,
4016,西川新太郎,99,0.156,0,,0.156,全国,,,107,0.163,0,,0.163,全国,,
4017,向井美鈴,117,0.178,10,0.152,0.152,当地,,,103,0.2,7,0.194,0.2,全国,●,
4019,笠原亮,131,0.149,9,0.141,0.149,全国,,,118,0.178,6,0.19,0.178,全国,,
4020,川上清人,94,0.172,7,0.173,0.172,全国,,,102,0.186,7,0.26,0.186,全国,●,
4022,待鳥雄紀,86,0.159,4,0.27,0.159,全国,,,86,0.15,2,0.17,0.15,全国,,
4023,柴田友和,88,0.177,5,0.188,0.177,全国,,,94,0.179,4,0.142,0.179,全国,,
4024,井口佳典,122,0.158,4,0.188,0.158,全国,,,125,0.155,4,0.175,0.155,全国,,
4025,山本隆幸,99,0.176,4,0.163,0.176,全国,,,83,0.169,4,0.17,0.169,全国,,
4027,松江秀徳,92,0.166,8,0.15,0.166,全国,,,89,0.154,8,0.152,0.154,全国,,
4028,田村隆信,140,0.141,4,0.155,0.141,全国,,,101,0.17,4,0.165,0.17,全国,,
4030,森高一真,141,0.14,3,0.14,0.14,全国,,,127,0.139,5,0.148,0.139,全国,,
4031,飯島誠,104,0.161,0,,0.161,全国,,,97,0.173,0,,0.173,全国,,
4033,伊藤将吉,134,0.144,2,0.16,0.144,全国,,,114,0.144,2,0.13,0.144,全国,,
4034,西原明生,99,0.195,3,0.203,0.195,全国,●,,99,0.215,5,0.182,0.215,全国,●,
4035,杉江浩明,114,0.213,3,0.183,0.213,全国,●,,115,0.196,3,0.137,0.196,全国,●,
4036,金田諭,126,0.155,8,0.146,0.155,全国,,,112,0.159,10,0.177,0.177,当地,,
4039,村上功祐,116,0.154,4,0.193,0.154,全国,,,112,0.143,4,0.12,0.143,全国,,
4040,廣瀬将亨,148,0.15,10,0.138,0.138,当地,,,121,0.14,9,0.138,0.14,全国,,
4041,小林基樹,97,0.182,5,0.11,0.182,全国,●,,88,0.224,6,0.218,0.224,全国,●,
4042,丸岡正典,135,0.164,5,0.14,0.164,全国,,,115,0.188,3,0.17,0.188,全国,●,
4043,桐本康臣,134,0.157,5,0.128,0.157,全国,,,113,0.162,4,0.1,0.162,全国,,
4044,湯川浩司,129,0.136,5,0.168,0.136,全国,,,107,0.136,4,0.1,0.136,全国,,
4045,佐々木裕美,99,0.163,0,,0.163,全国,,,89,0.159,0,,0.159,全国,,
4047,吉永浩則,94,0.169,3,0.183,0.169,全国,,,87,0.196,6,0.163,0.196,全国,●,
4049,荒川健太,156,0.151,3,0.127,0.151,全国,,,111,0.186,3,0.153,0.186,全国,●,
4050,田口節子,128,0.145,6,0.142,0.145,全国,,,109,0.161,4,0.125,0.161,全国,,
4051,清水敦揮,97,0.163,4,0.175,0.163,全国,,,89,0.195,5,0.198,0.195,全国,●,
4052,興津藍,130,0.136,8,0.115,0.136,全国,,,115,0.176,8,0.171,0.176,全国,,
4053,芦澤望,127,0.158,4,0.138,0.158,全国,,,113,0.168,4,0.19,0.168,全国,,
4054,福嶋智之,102,0.155,2,0.16,0.155,全国,,,111,0.155,5,0.104,0.155,全国,,
4055,吉田俊彦,159,0.151,5,0.108,0.151,全国,,,129,0.16,5,0.182,0.16,全国,,
4056,小西英輝,13,0.158,0,,0.158,全国,,,10,0.153,0,,0.153,全国,,
4057,松井賢治,142,0.156,9,0.136,0.156,全国,,,124,0.157,9,0.126,0.157,全国,,
4058,野末智一,151,0.181,4,0.118,0.181,全国,●,,121,0.188,4,0.215,0.188,全国,●,
4059,入澤友治,82,0.165,0,,0.165,全国,,,97,0.159,0,,0.159,全国,,
4060,島田一生,107,0.149,0,,0.149,全国,,,98,0.176,0,,0.176,全国,,
4061,萩原秀人,148,0.128,0,,0.128,全国,,●,127,0.137,0,,0.137,全国,,
4062,後藤陽介,87,0.177,5,0.18,0.177,全国,,,93,0.181,5,0.188,0.181,全国,●,
4063,市橋卓士,158,0.125,12,0.113,0.113,当地,,●,124,0.133,5,0.106,0.133,全国,,
4064,原田篤志,152,0.151,13,0.164,0.164,当地,,,124,0.176,9,0.172,0.176,全国,,
4065,金田幸子,92,0.167,8,0.16,0.167,全国,,,93,0.177,10,0.185,0.185,当地,●,
4066,東本勝利,120,0.165,6,0.167,0.165,全国,,,118,0.172,5,0.134,0.172,全国,,
4067,永井源,141,0.168,4,0.14,0.168,全国,,,123,0.163,3,0.143,0.163,全国,,
4068,幸田智裕,107,0.152,5,0.218,0.152,全国,,,109,0.17,4,0.175,0.17,全国,,
4069,山本修一,128,0.146,5,0.156,0.146,全国,,,124,0.205,5,0.214,0.205,全国,●,
4071,古賀千晶,70,0.172,0,,0.172,全国,,,72,0.169,0,,0.169,全国,,
4072,森永淳,117,0.127,15,0.106,0.106,当地,,●,99,0.135,14,0.115,0.115,当地,,●
4073,大橋純一郎,142,0.137,6,0.123,0.137,全国,,,120,0.166,6,0.19,0.166,全国,,
4074,柳沢一,143,0.132,11,0.131,0.131,当地,,,122,0.137,9,0.147,0.137,全国,,
4075,中野次郎,133,0.119,10,0.11,0.11,当地,,●,126,0.133,9,0.153,0.133,全国,,
4076,杉田篤光,136,0.182,1,0.22,0.182,全国,●,,140,0.221,0,,0.221,全国,●,
4077,品田直樹,128,0.168,8,0.147,0.168,全国,,,111,0.196,8,0.214,0.196,全国,●,
4079,出畑孝典,142,0.172,5,0.136,0.172,全国,,,122,0.164,5,0.14,0.164,全国,,
4080,山崎哲司,23,0.14,0,,0.14,全国,,,16,0.152,0,,0.152,全国,,
4081,樋口範政,119,0.17,4,0.163,0.17,全国,,,119,0.19,3,0.173,0.19,全国,●,
4082,濱崎誠,100,0.156,0,,0.156,全国,,,113,0.196,0,,0.196,全国,●,
4083,福島勇樹,154,0.125,0,,0.125,全国,,●,115,0.143,0,,0.143,全国,,
4084,杉山正樹,161,0.147,16,0.134,0.134,当地,,,131,0.157,14,0.156,0.156,当地,,
4085,荻野裕介,71,0.19,0,,0.19,全国,●,,84,0.214,0,,0.214,全国,●,
4086,寺本重宣,123,0.133,3,0.143,0.133,全国,,,114,0.15,3,0.123,0.15,全国,,
4089,妹尾忠幸,140,0.146,15,0.137,0.137,当地,,,131,0.174,13,0.156,0.156,当地,,
4090,中村尊,87,0.139,0,,0.139,全国,,,89,0.17,0,,0.17,全国,,
4092,岡部大輔,97,0.146,12,0.174,0.174,当地,,,81,0.173,9,0.226,0.173,全国,,
4093,吉田宗弘,96,0.171,3,0.19,0.171,全国,,,87,0.19,3,0.25,0.19,全国,●,
4094,中島真二,90,0.166,3,0.16,0.166,全国,,,98,0.191,2,0.175,0.191,全国,●,
4095,福来剛,125,0.132,15,0.124,0.124,当地,,●,132,0.143,14,0.136,0.136,当地,,
4096,石橋道友,122,0.149,32,0.132,0.132,当地,,,103,0.145,24,0.143,0.143,当地,,
4097,貫地谷直人,81,0.198,0,,0.198,全国,●,,88,0.218,0,,0.218,全国,●,
4098,赤澤文香,87,0.191,5,0.232,0.191,全国,●,,84,0.204,4,0.255,0.204,全国,●,
4099,吉永則雄,128,0.171,4,0.17,0.171,全国,,,107,0.149,3,0.16,0.149,全国,,
4100,松田隆司,109,0.158,11,0.157,0.157,当地,,,111,0.169,14,0.172,0.172,当地,,
4102,益田啓司,137,0.141,3,0.12,0.141,全国,,,133,0.16,3,0.137,0.16,全国,,
4103,山崎善庸,87,0.209,6,0.197,0.209,全国,●,,86,0.236,5,0.272,0.236,全国,●,
4104,木下陽介,87,0.153,6,0.19,0.153,全国,,,96,0.134,10,0.159,0.159,当地,,
4105,松下直也,125,0.182,4,0.185,0.182,全国,●,,116,0.183,6,0.132,0.183,全国,●,
4106,坂井康嗣,86,0.193,7,0.189,0.193,全国,●,,84,0.176,10,0.173,0.173,当地,,
4108,吉村正明,115,0.14,0,,0.14,全国,,,116,0.135,0,,0.135,全国,,
4109,谷津幸宏,138,0.123,5,0.12,0.123,全国,,●,120,0.13,5,0.122,0.13,全国,,●
4110,小澤和也,99,0.162,0,,0.162,全国,,,87,0.18,0,,0.18,全国,,
4111,奥田誠,117,0.154,4,0.11,0.154,全国,,,108,0.169,2,0.14,0.169,全国,,
4112,大久保信一郎,95,0.15,5,0.15,0.15,全国,,,103,0.186,5,0.152,0.186,全国,●,
4113,木村浩士,110,0.18,3,0.177,0.18,全国,,,106,0.173,4,0.18,0.173,全国,,
4114,深澤達徳,83,0.195,0,,0.195,全国,●,,87,0.198,0,,0.198,全国,●,
4116,川田正人,94,0.181,2,0.165,0.181,全国,●,,108,0.181,4,0.142,0.181,全国,●,
4117,廣中智紗衣,128,0.201,0,,0.201,全国,●,,100,0.213,0,,0.213,全国,●,
4118,宇佐見淳,145,0.14,3,0.113,0.14,全国,,,135,0.16,4,0.115,0.16,全国,,
4119,泥谷一毅,121,0.175,4,0.158,0.175,全国,,,111,0.172,8,0.136,0.172,全国,,
4120,柘植政浩,131,0.158,6,0.1,0.158,全国,,,130,0.168,6,0.14,0.168,全国,,
4121,富永修一,116,0.14,4,0.13,0.14,全国,,,106,0.139,6,0.142,0.139,全国,,
4122,安東幸治,148,0.163,5,0.17,0.163,全国,,,130,0.17,8,0.125,0.17,全国,,
4123,細川裕子,148,0.182,12,0.172,0.172,当地,,,124,0.192,8,0.188,0.192,全国,●,
4124,池田雄一,134,0.163,8,0.135,0.163,全国,,,114,0.164,8,0.178,0.164,全国,,
4128,川口貴久,94,0.15,0,,0.15,全国,,,96,0.156,0,,0.156,全国,,
4129,宇野博之,91,0.176,0,,0.176,全国,,,100,0.185,0,,0.185,全国,●,
4131,原豊土,89,0.155,0,,0.155,全国,,,93,0.17,0,,0.17,全国,,
4133,高橋正男,131,0.154,0,,0.154,全国,,,108,0.166,0,,0.166,全国,,
4134,杉山貴博,119,0.151,5,0.142,0.151,全国,,,120,0.172,4,0.138,0.172,全国,,
4136,江夏満,101,0.15,0,,0.15,全国,,,92,0.184,0,,0.184,全国,●,
4137,君島秀三,154,0.133,4,0.138,0.133,全国,,,117,0.129,4,0.1,0.129,全国,,●
4138,中井俊祐,106,0.173,3,0.147,0.173,全国,,,99,0.144,3,0.08,0.144,全国,,
4139,丹下健,100,0.165,0,,0.165,全国,,,102,0.187,0,,0.187,全国,●,
4140,梶野学志,103,0.149,0,,0.149,全国,,,86,0.169,0,,0.169,全国,,
4142,平野和明,121,0.166,3,0.157,0.166,全国,,,104,0.183,3,0.243,0.183,全国,●,
4143,浦田晃嗣,85,0.153,9,0.162,0.153,全国,,,94,0.158,12,0.171,0.171,当地,,
4144,石塚久也,121,0.176,0,,0.176,全国,,,106,0.171,0,,0.171,全国,,
4145,小澤学,98,0.243,0,,0.243,全国,●,,100,0.265,0,,0.265,全国,●,
4146,柳橋宏紀,126,0.154,5,0.122,0.154,全国,,,114,0.146,4,0.115,0.146,全国,,
4148,枝尾賢,132,0.151,7,0.1,0.151,全国,,,117,0.136,9,0.161,0.136,全国,,
4150,山田雄太,124,0.141,5,0.084,0.141,全国,,,107,0.14,4,0.135,0.14,全国,,
4151,下河誉史,125,0.18,5,0.144,0.18,全国,,,100,0.196,3,0.223,0.196,全国,●,
4152,深水慎一郎,106,0.173,6,0.1,0.173,全国,,,93,0.172,4,0.12,0.172,全国,,
4154,森安弘雅,107,0.172,17,0.131,0.131,当地,,,102,0.195,16,0.197,0.197,当地,●,
4155,長野壮志郎,128,0.155,8,0.144,0.155,全国,,,107,0.151,8,0.159,0.151,全国,,
4156,浜野孝志,132,0.147,7,0.16,0.147,全国,,,123,0.164,5,0.2,0.164,全国,,
4158,木場雄二郎,102,0.17,0,,0.17,全国,,,99,0.154,0,,0.154,全国,,
4159,向後龍一,149,0.146,6,0.13,0.146,全国,,,125,0.172,6,0.09,0.172,全国,,
4161,黒柳浩孝,113,0.161,3,0.133,0.161,全国,,,104,0.151,3,0.2,0.151,全国,,
4162,竹本太樹,47,0.162,0,,0.162,全国,,,45,0.186,0,,0.186,全国,●,
4163,山崎裕司,148,0.161,9,0.121,0.161,全国,,,119,0.172,8,0.209,0.172,全国,,
4164,岩永節也,92,0.165,25,0.151,0.151,当地,,,85,0.203,23,0.187,0.187,当地,●,
4166,吉田拡郎,136,0.131,0,,0.131,全国,,,125,0.12,0,,0.12,全国,,●
4167,片岡秀樹,90,0.157,4,0.11,0.157,全国,,,99,0.153,5,0.164,0.153,全国,,
4168,石野貴之,152,0.142,5,0.114,0.142,全国,,,104,0.153,4,0.167,0.153,全国,,
4169,多田有佑,91,0.189,0,,0.189,全国,●,,94,0.221,0,,0.221,全国,●,
4171,榎幸司,146,0.167,47,0.17,0.17,当地,,,126,0.201,35,0.177,0.177,当地,,
4172,森定晃史,146,0.143,13,0.115,0.115,当地,,●,127,0.18,13,0.185,0.185,当地,●,
4173,岡谷健吾,109,0.172,9,0.17,0.172,全国,,,114,0.166,13,0.171,0.171,当地,,
4174,赤坂俊輔,167,0.149,46,0.148,0.148,当地,,,109,0.157,23,0.141,0.141,当地,,
4175,川尻泰輔,103,0.14,0,,0.14,全国,,,98,0.127,0,,0.127,全国,,●
4176,樋口喜彦,62,0.159,3,0.097,0.159,全国,,,68,0.171,3,0.13,0.171,全国,,
4177,萬正嗣,80,0.161,1,0.0,0.161,全国,,,83,0.168,0,,0.168,全国,,
4179,広次修,123,0.15,8,0.184,0.15,全国,,,118,0.164,7,0.156,0.164,全国,,
4180,上野秀和,118,0.165,4,0.122,0.165,全国,,,112,0.156,3,0.173,0.156,全国,,
4181,花本夏樹,99,0.176,6,0.183,0.176,全国,,,84,0.226,5,0.232,0.226,全国,●,
4182,吉田和仁,118,0.159,3,0.147,0.159,全国,,,116,0.198,4,0.182,0.198,全国,●,
4183,宇野弥生,90,0.14,4,0.12,0.14,全国,,,96,0.149,6,0.165,0.149,全国,,
4184,渡邊雄一郎,116,0.161,4,0.125,0.161,全国,,,96,0.157,3,0.183,0.157,全国,,
4186,小川時光,91,0.16,0,,0.16,全国,,,92,0.161,0,,0.161,全国,,
4188,久田敏之,127,0.124,9,0.068,0.124,全国,,●,111,0.115,9,0.104,0.115,全国,,●
4189,川上剛,170,0.166,0,,0.166,全国,,,112,0.183,0,,0.183,全国,●,
4190,長嶋万記,78,0.168,0,,0.168,全国,,,66,0.153,0,,0.153,全国,,
4191,赤羽克也,134,0.155,4,0.18,0.155,全国,,,96,0.161,3,0.187,0.161,全国,,
4193,郷原章平,155,0.132,7,0.113,0.132,全国,,,123,0.16,4,0.23,0.16,全国,,
4195,前川守嗣,102,0.148,6,0.143,0.148,全国,,,100,0.151,5,0.166,0.151,全国,,
4196,田中太一郎,101,0.18,8,0.165,0.18,全国,,,112,0.171,8,0.12,0.171,全国,,
4197,渥美卓郎,105,0.184,0,,0.184,全国,●,,94,0.189,0,,0.189,全国,●,
4199,北川潤二,234,0.148,0,,0.148,全国,,,77,0.157,0,,0.157,全国,,
4200,早川尚人,105,0.178,0,,0.178,全国,,,104,0.173,0,,0.173,全国,,
4201,佐竹友樹,85,0.167,0,,0.167,全国,,,96,0.162,0,,0.162,全国,,
4202,浮田圭浩,102,0.167,8,0.128,0.167,全国,,,98,0.202,7,0.149,0.202,全国,●,
4203,小倉康典,92,0.155,0,,0.155,全国,,,93,0.153,0,,0.153,全国,,
4204,柴田大輔,93,0.176,0,,0.176,全国,,,95,0.189,0,,0.189,全国,●,
4205,山口剛,121,0.129,0,,0.129,全国,,●,98,0.137,0,,0.137,全国,,
4207,松下一也,125,0.127,0,,0.127,全国,,●,106,0.125,0,,0.125,全国,,●
4208,三浦永理,145,0.157,13,0.177,0.177,当地,,,118,0.147,6,0.162,0.147,全国,,
4209,藤田竜弘,123,0.172,6,0.168,0.172,全国,,,107,0.168,5,0.138,0.168,全国,,
4210,松村康太,124,0.159,0,,0.159,全国,,,112,0.168,0,,0.168,全国,,
4211,村田敦,105,0.144,6,0.135,0.144,全国,,,102,0.136,6,0.082,0.136,全国,,
4213,重富伸也,61,0.168,14,0.142,0.142,当地,,,126,0.154,16,0.133,0.133,当地,,
4214,林祐介,104,0.156,2,0.085,0.156,全国,,,99,0.156,5,0.156,0.156,全国,,
4215,吉島祥之,135,0.153,5,0.118,0.153,全国,,,129,0.168,8,0.144,0.168,全国,,
4216,星栄爾,121,0.132,8,0.135,0.132,全国,,,124,0.16,10,0.147,0.147,当地,,
4218,吉川喜継,176,0.142,0,,0.142,全国,,,97,0.166,0,,0.166,全国,,
4219,本岡勝利,86,0.184,1,0.19,0.184,全国,●,,102,0.204,2,0.235,0.204,全国,●,
4220,深川和仁,97,0.17,4,0.235,0.17,全国,,,101,0.167,4,0.225,0.167,全国,,
4224,大橋栄里佳,115,0.196,7,0.171,0.196,全国,●,,106,0.198,5,0.198,0.198,全国,●,
4225,土屋千明,103,0.144,0,,0.144,全国,,,81,0.17,0,,0.17,全国,,
4226,村田浩司,113,0.159,4,0.182,0.159,全国,,,104,0.147,5,0.116,0.147,全国,,
4227,安達裕樹,123,0.152,8,0.1,0.152,全国,,,108,0.16,8,0.15,0.16,全国,,
4228,吉田慎二郎,126,0.178,0,,0.178,全国,,,119,0.156,0,,0.156,全国,,
4229,市川美宏,90,0.178,3,0.203,0.178,全国,,,81,0.191,3,0.217,0.191,全国,●,
4230,濱崎直矢,87,0.133,0,,0.133,全国,,,90,0.169,0,,0.169,全国,,
4231,鈴木裕隆,138,0.169,3,0.107,0.169,全国,,,120,0.176,3,0.193,0.176,全国,,
4232,笠雅雄,101,0.169,6,0.148,0.169,全国,,,100,0.173,10,0.138,0.138,当地,,
4233,亀山雅幸,133,0.152,0,,0.152,全国,,,124,0.189,0,,0.189,全国,●,
4234,野相弘司,89,0.152,0,,0.152,全国,,,90,0.194,0,,0.194,全国,●,
4236,松村敏,151,0.121,4,0.13,0.121,全国,,●,121,0.113,4,0.133,0.113,全国,,●
4237,大峯豊,147,0.138,6,0.17,0.138,全国,,,116,0.149,3,0.207,0.149,全国,,
4238,毒島誠,132,0.14,5,0.104,0.14,全国,,,68,0.144,3,0.14,0.144,全国,,
4239,竹田辰也,137,0.136,0,,0.136,全国,,,110,0.159,0,,0.159,全国,,
4240,今井裕梨,120,0.142,10,0.145,0.145,当地,,,99,0.149,8,0.12,0.149,全国,,
4241,大串重幸,128,0.158,30,0.152,0.152,当地,,,115,0.182,24,0.2,0.2,当地,●,
4243,西村歩,121,0.175,12,0.167,0.167,当地,,,101,0.183,11,0.185,0.185,当地,●,
4244,鈴木成美,61,0.14,0,,0.14,全国,,,63,0.148,0,,0.148,全国,,
4245,高橋直哉,98,0.187,6,0.167,0.187,全国,●,,95,0.182,6,0.155,0.182,全国,●,
4246,喜多那由夏,109,0.178,5,0.176,0.178,全国,,,100,0.186,4,0.182,0.186,全国,●,
4247,齊藤優,108,0.158,4,0.175,0.158,全国,,,99,0.158,5,0.14,0.158,全国,,
4248,岡本大,95,0.153,16,0.145,0.145,当地,,,100,0.183,16,0.17,0.17,当地,,
4251,川崎誠志,116,0.2,5,0.158,0.2,全国,●,,111,0.214,6,0.203,0.214,全国,●,
4252,松下哲也,94,0.167,4,0.102,0.167,全国,,,112,0.182,5,0.212,0.182,全国,●,
4253,西川真人,116,0.177,6,0.173,0.177,全国,,,111,0.18,8,0.182,0.18,全国,,
4254,川島圭司,95,0.136,6,0.143,0.136,全国,,,92,0.152,4,0.147,0.152,全国,,
4256,渡辺浩司,136,0.131,1,0.19,0.131,全国,,,115,0.142,1,0.14,0.142,全国,,
4257,古川健,95,0.148,3,0.157,0.148,全国,,,93,0.156,6,0.107,0.156,全国,,
4258,関根彰人,97,0.152,4,0.163,0.152,全国,,,95,0.202,5,0.176,0.202,全国,●,
4259,真庭明志,148,0.139,40,0.14,0.14,当地,,,120,0.159,27,0.143,0.143,当地,,
4260,中越博紀,123,0.162,3,0.127,0.162,全国,,,125,0.176,3,0.23,0.176,全国,,
4261,岡祐臣,146,0.153,10,0.18,0.18,当地,,,128,0.166,10,0.186,0.186,当地,●,
4262,馬場貴也,152,0.128,9,0.103,0.128,全国,,●,122,0.147,7,0.117,0.147,全国,,
4263,武重雄介,98,0.156,4,0.152,0.156,全国,,,98,0.202,4,0.215,0.202,全国,●,
4264,長尾章平,147,0.158,10,0.1,0.1,当地,,●,123,0.17,8,0.16,0.17,全国,,
4266,長田頼宗,133,0.139,0,,0.139,全国,,,108,0.162,0,,0.162,全国,,
4268,和合俊介,44,0.169,0,,0.169,全国,,,49,0.193,0,,0.193,全国,●,
4269,杉山裕也,148,0.148,7,0.136,0.148,全国,,,119,0.143,5,0.172,0.143,全国,,
4270,岸本雄貴,92,0.157,2,0.245,0.157,全国,,,96,0.19,4,0.153,0.19,全国,●,
4271,川崎公靖,95,0.159,0,,0.159,全国,,,100,0.163,0,,0.163,全国,,
4272,大場広孝,98,0.141,3,0.067,0.141,全国,,,101,0.174,3,0.117,0.174,全国,,
4273,佐藤旭,109,0.181,0,,0.181,全国,●,,106,0.191,0,,0.191,全国,●,
4274,長畑友輔,96,0.156,0,,0.156,全国,,,93,0.157,0,,0.157,全国,,
4275,菅野はやか,70,0.221,0,,0.221,全国,●,,68,0.194,0,,0.194,全国,●,
4276,鈴木勝博,114,0.165,2,0.18,0.165,全国,,,111,0.146,3,0.2,0.146,全国,,
4277,金田大輔,88,0.17,0,,0.17,全国,,,99,0.155,0,,0.155,全国,,
4278,藤岡俊介,155,0.111,11,0.1,0.1,当地,,●,126,0.131,7,0.12,0.131,全国,,
4281,大澤大夢,104,0.15,0,,0.15,全国,,,92,0.172,0,,0.172,全国,,
4283,石井裕美,91,0.172,0,,0.172,全国,,,83,0.178,0,,0.178,全国,,
4286,平田さやか,162,0.146,14,0.132,0.132,当地,,,132,0.157,15,0.138,0.138,当地,,
4287,今井貴士,134,0.159,4,0.138,0.159,全国,,,120,0.157,5,0.108,0.157,全国,,
4288,永田啓二,161,0.123,15,0.123,0.123,当地,,●,121,0.111,7,0.089,0.111,全国,,●
4289,落合直子,123,0.138,3,0.127,0.138,全国,,,108,0.141,6,0.147,0.141,全国,,
4290,稲田浩二,123,0.131,5,0.1,0.131,全国,,,110,0.115,2,0.195,0.115,全国,,●
4292,麻生慎介,141,0.139,10,0.129,0.129,当地,,●,119,0.134,8,0.106,0.134,全国,,
4293,鈴木智啓,124,0.169,12,0.147,0.147,当地,,,116,0.172,13,0.183,0.183,当地,●,
4294,古賀繁輝,139,0.144,4,0.092,0.144,全国,,,108,0.121,4,0.1,0.121,全国,,●
4295,小坂尚哉,162,0.139,0,,0.139,全国,,,129,0.135,0,,0.135,全国,,
4296,岡崎恭裕,97,0.135,0,,0.135,全国,,,83,0.147,0,,0.147,全国,,
4297,山田哲也,139,0.124,0,,0.124,全国,,●,118,0.097,0,,0.097,全国,,●
4298,宮下元胤,141,0.158,5,0.18,0.158,全国,,,114,0.175,4,0.215,0.175,全国,,
4299,中島浩哉,85,0.137,18,0.122,0.122,当地,,●,90,0.156,18,0.143,0.143,当地,,
4300,加藤綾,115,0.164,16,0.13,0.13,当地,,●,105,0.176,14,0.156,0.156,当地,,
4301,関裕也,89,0.176,8,0.159,0.176,全国,,,77,0.181,7,0.154,0.181,全国,●,
4302,西野翔太,182,0.141,14,0.137,0.137,当地,,,80,0.136,5,0.126,0.136,全国,,
4303,牧原崇,98,0.164,4,0.117,0.164,全国,,,96,0.182,2,0.18,0.182,全国,●,
4305,金子拓矢,125,0.143,10,0.11,0.11,当地,,●,112,0.147,9,0.138,0.147,全国,,
4306,畔柳俊吾,87,0.203,0,,0.203,全国,●,,89,0.192,0,,0.192,全国,●,
4308,河村了,145,0.152,6,0.122,0.152,全国,,,110,0.171,4,0.12,0.171,全国,,
4311,岡村仁,159,0.141,0,,0.141,全国,,,119,0.157,0,,0.157,全国,,
4313,西村美智子,101,0.146,0,,0.146,全国,,,93,0.151,0,,0.151,全国,,
4314,青木幸太郎,123,0.161,0,,0.161,全国,,,104,0.144,0,,0.144,全国,,
4315,山崎昂介,98,0.171,20,0.158,0.158,当地,,,100,0.171,20,0.137,0.137,当地,,
4317,木村紗友希,97,0.171,0,,0.171,全国,,,97,0.178,0,,0.178,全国,,
4318,桑原将光,111,0.155,5,0.116,0.155,全国,,,108,0.159,5,0.128,0.159,全国,,
4319,三宅潤,134,0.168,0,,0.168,全国,,,128,0.187,0,,0.187,全国,●,
4320,峰竜太,125,0.131,8,0.128,0.131,全国,,,79,0.128,4,0.09,0.128,全国,,●
4323,山田佑樹,99,0.158,4,0.188,0.158,全国,,,100,0.158,5,0.214,0.158,全国,,
4324,海野康志郎,207,0.125,0,,0.125,全国,,●,95,0.144,0,,0.144,全国,,
4325,新出浩司,88,0.153,0,,0.153,全国,,,85,0.165,0,,0.165,全国,,
4327,加藤翔,105,0.183,3,0.14,0.183,全国,●,,102,0.204,3,0.207,0.204,全国,●,
4329,小松卓司,92,0.156,10,0.131,0.131,当地,,,108,0.191,12,0.232,0.232,当地,●,
4330,奈須啓太,130,0.128,0,,0.128,全国,,●,110,0.124,0,,0.124,全国,,●
4331,三好勇人,122,0.133,4,0.12,0.133,全国,,,109,0.175,5,0.164,0.175,全国,,
4332,村上彰一,83,0.173,6,0.167,0.173,全国,,,86,0.213,4,0.148,0.213,全国,●,
4335,若林将,136,0.123,4,0.115,0.123,全国,,●,111,0.118,5,0.08,0.118,全国,,●
4336,松田竜馬,117,0.133,7,0.15,0.133,全国,,,109,0.157,4,0.11,0.157,全国,,
4337,平本真之,145,0.13,5,0.176,0.13,全国,,●,125,0.135,4,0.153,0.135,全国,,
4339,平瀬城啓,95,0.171,8,0.161,0.171,全国,,,91,0.19,7,0.216,0.19,全国,●,
4340,土性雅也,18,0.207,0,,0.207,全国,●,,34,0.222,0,,0.222,全国,●,
4342,谷野錬志,115,0.147,1,0.18,0.147,全国,,,106,0.145,6,0.195,0.145,全国,,
4343,村岡賢,109,0.165,5,0.15,0.165,全国,,,92,0.177,3,0.157,0.177,全国,,
4344,新田雄史,139,0.117,8,0.102,0.117,全国,,●,106,0.15,7,0.163,0.15,全国,,
4345,西舘健,128,0.147,6,0.103,0.147,全国,,,117,0.161,3,0.177,0.161,全国,,
4346,前田健太郎,101,0.163,0,,0.163,全国,,,112,0.171,0,,0.171,全国,,
4347,魚谷香織,118,0.173,4,0.165,0.173,全国,,,101,0.177,5,0.142,0.177,全国,,
4348,宮崎奨,130,0.157,3,0.117,0.157,全国,,,118,0.166,3,0.103,0.166,全国,,
4349,犬童千秋,74,0.163,4,0.11,0.163,全国,,,89,0.148,6,0.1,0.148,全国,,
4350,篠崎元志,147,0.125,8,0.131,0.125,全国,,●,113,0.141,6,0.11,0.141,全国,,
4351,里岡右貴,165,0.128,4,0.133,0.128,全国,,●,123,0.126,4,0.13,0.126,全国,,●
4352,下條雄太郎,106,0.136,33,0.131,0.131,当地,,,87,0.154,22,0.143,0.143,当地,,
4355,小川広大,51,0.189,5,0.136,0.189,全国,●,,60,0.23,5,0.17,0.23,全国,●,
4356,長岡良也,115,0.161,2,0.185,0.161,全国,,,108,0.168,3,0.193,0.168,全国,,
4357,田中和也,157,0.163,4,0.15,0.163,全国,,,108,0.171,3,0.097,0.171,全国,,
4358,松本庸平,93,0.202,0,,0.202,全国,●,,86,0.245,0,,0.245,全国,●,
4359,横川聖志,106,0.134,5,0.108,0.134,全国,,,88,0.133,5,0.106,0.133,全国,,
4360,庄司孝輔,122,0.178,0,,0.178,全国,,,113,0.169,0,,0.169,全国,,
4361,柳生泰二,123,0.135,0,,0.135,全国,,,104,0.152,0,,0.152,全国,,
4362,土屋智則,124,0.144,0,,0.144,全国,,,84,0.152,0,,0.152,全国,,
4363,大野芳顕,135,0.146,2,0.11,0.146,全国,,,131,0.17,4,0.152,0.17,全国,,
4364,池永太,134,0.126,6,0.105,0.126,全国,,●,111,0.137,3,0.133,0.137,全国,,
4365,盛本真輔,119,0.157,5,0.16,0.157,全国,,,103,0.19,4,0.155,0.19,全国,●,
4366,前沢丈史,154,0.144,13,0.131,0.131,当地,,,127,0.137,10,0.11,0.11,当地,,●
4367,山口修路,83,0.181,0,,0.181,全国,●,,90,0.228,0,,0.228,全国,●,
4368,山口隆史,86,0.169,0,,0.169,全国,,,85,0.225,0,,0.225,全国,●,
4369,丹下将,140,0.156,0,,0.156,全国,,,132,0.162,0,,0.162,全国,,
4370,山口達也,148,0.137,4,0.152,0.137,全国,,,90,0.149,5,0.206,0.149,全国,,
4371,西山貴浩,118,0.125,5,0.15,0.125,全国,,●,95,0.143,3,0.187,0.143,全国,,
4372,原田佑実,100,0.174,17,0.172,0.172,当地,,,90,0.149,14,0.155,0.155,当地,,
4373,若狭奈美子,139,0.162,6,0.157,0.162,全国,,,115,0.197,3,0.147,0.197,全国,●,
4374,永田義紘,102,0.151,4,0.13,0.151,全国,,,104,0.153,2,0.185,0.153,全国,,
4375,照屋厚仁,139,0.153,10,0.184,0.184,当地,●,,125,0.16,8,0.166,0.16,全国,,
4376,藤田靖弘,143,0.141,6,0.097,0.141,全国,,,137,0.167,6,0.167,0.167,全国,,
4377,濱本優一,141,0.135,0,,0.135,全国,,,127,0.153,0,,0.153,全国,,
4379,桑島和宏,143,0.148,10,0.158,0.158,当地,,,121,0.164,11,0.145,0.145,当地,,
4380,鈴木峻佑,115,0.159,0,,0.159,全国,,,104,0.167,0,,0.167,全国,,
4381,田路朋史,128,0.171,7,0.216,0.171,全国,,,108,0.164,6,0.155,0.164,全国,,
4382,高山智至,99,0.156,3,0.12,0.156,全国,,,109,0.185,3,0.193,0.185,全国,●,
4383,竹田吉行,109,0.171,0,,0.171,全国,,,106,0.179,0,,0.179,全国,,
4384,鶴本崇文,140,0.153,8,0.101,0.153,全国,,,115,0.184,4,0.147,0.184,全国,●,
4385,鈴木祐美子,55,0.197,4,0.17,0.197,全国,●,,52,0.215,3,0.23,0.215,全国,●,
4387,平山智加,144,0.15,7,0.139,0.15,全国,,,125,0.151,6,0.143,0.151,全国,,
4388,是澤孝宏,143,0.157,5,0.158,0.157,全国,,,140,0.173,4,0.177,0.173,全国,,
4389,伊藤喜智,108,0.174,5,0.198,0.174,全国,,,104,0.175,2,0.155,0.175,全国,,
4390,松本弓雄,109,0.198,0,,0.198,全国,●,,109,0.172,0,,0.172,全国,,
4391,松田祐季,135,0.149,4,0.085,0.149,全国,,,113,0.165,5,0.138,0.165,全国,,
4393,田中孝明,92,0.167,3,0.18,0.167,全国,,,89,0.22,2,0.2,0.22,全国,●,
4394,永嶋裕一,117,0.146,0,,0.146,全国,,,109,0.142,0,,0.142,全国,,
4395,下河雅史,115,0.17,0,,0.17,全国,,,116,0.178,0,,0.178,全国,,
4396,大田直弥,114,0.17,0,,0.17,全国,,,107,0.203,0,,0.203,全国,●,
4397,西村拓也,157,0.133,0,,0.133,全国,,,122,0.138,0,,0.138,全国,,
4398,船岡洋一郎,144,0.134,5,0.15,0.134,全国,,,132,0.144,4,0.12,0.144,全国,,
4400,加藤奈月,92,0.185,0,,0.185,全国,●,,90,0.184,0,,0.184,全国,●,
4401,小林泰,110,0.14,10,0.13,0.13,当地,,●,106,0.14,9,0.114,0.14,全国,,
4402,乙藤智史,117,0.157,9,0.148,0.157,全国,,,104,0.17,11,0.217,0.217,当地,●,
4403,木下大將,123,0.133,3,0.103,0.133,全国,,,113,0.151,4,0.125,0.151,全国,,
4404,岸蔭亮,88,0.193,4,0.185,0.193,全国,●,,87,0.188,5,0.1,0.188,全国,●,
4405,南野利騰,103,0.166,0,,0.166,全国,,,94,0.156,0,,0.156,全国,,
4406,幸野史明,101,0.155,0,,0.155,全国,,,120,0.159,0,,0.159,全国,,
4407,鹿島敏弘,121,0.156,0,,0.156,全国,,,114,0.186,0,,0.186,全国,●,
4408,仁科さやか,74,0.174,24,0.167,0.167,当地,,,82,0.202,21,0.182,0.182,当地,●,
4409,坂元浩仁,132,0.146,9,0.162,0.146,全国,,,108,0.158,7,0.151,0.158,全国,,
4410,井上大輔,113,0.158,6,0.223,0.158,全国,,,102,0.156,5,0.17,0.156,全国,,
4411,沢田昭宏,130,0.185,12,0.167,0.167,当地,,,123,0.182,12,0.169,0.169,当地,,
4413,水摩敦,165,0.173,5,0.154,0.173,全国,,,121,0.166,3,0.197,0.166,全国,,
4414,大澤真菜,91,0.166,5,0.18,0.166,全国,,,75,0.187,4,0.182,0.187,全国,●,
4415,下出卓矢,120,0.133,5,0.132,0.133,全国,,,122,0.15,4,0.12,0.15,全国,,
4416,三宅健太,111,0.165,4,0.175,0.165,全国,,,107,0.184,3,0.143,0.184,全国,●,
4417,服部剛,85,0.2,5,0.226,0.2,全国,●,,83,0.201,5,0.208,0.201,全国,●,
4418,茅原悠紀,128,0.124,0,,0.124,全国,,●,103,0.125,0,,0.125,全国,,●
4419,原加央理,98,0.152,0,,0.152,全国,,,89,0.16,0,,0.16,全国,,
4420,津久井拓也,145,0.153,4,0.15,0.153,全国,,,129,0.165,5,0.126,0.165,全国,,
4421,森作広大,67,0.159,3,0.11,0.159,全国,,,76,0.215,4,0.17,0.215,全国,●,
4422,永井亮次,97,0.156,3,0.173,0.156,全国,,,100,0.185,4,0.195,0.185,全国,●,
4423,坂口貴彦,105,0.156,5,0.154,0.156,全国,,,121,0.163,3,0.117,0.163,全国,,
4424,松尾昂明,146,0.152,4,0.222,0.152,全国,,,131,0.166,4,0.168,0.166,全国,,
4425,大井清貴,80,0.186,0,,0.186,全国,●,,79,0.175,0,,0.175,全国,,
4427,秦英悟,128,0.131,2,0.065,0.131,全国,,,109,0.141,3,0.153,0.141,全国,,
4428,有賀達也,133,0.129,10,0.107,0.107,当地,,●,116,0.136,6,0.127,0.136,全国,,
4429,豊田泰洋,93,0.162,0,,0.162,全国,,,99,0.207,0,,0.207,全国,●,
4430,永田秀二,141,0.154,8,0.146,0.154,全国,,,122,0.177,7,0.159,0.177,全国,,
4431,石塚裕介,78,0.143,6,0.142,0.143,全国,,,87,0.191,10,0.197,0.197,当地,●,
4432,黄金井力良,116,0.141,0,,0.141,全国,,,112,0.161,0,,0.161,全国,,
4433,川野芽唯,158,0.167,9,0.144,0.167,全国,,,119,0.183,4,0.25,0.183,全国,●,
4434,田中辰彦,128,0.157,5,0.152,0.157,全国,,,104,0.168,4,0.122,0.168,全国,,
4435,服部達哉,103,0.17,0,,0.17,全国,,,100,0.18,0,,0.18,全国,,
4436,渋谷明憲,129,0.157,0,,0.157,全国,,,108,0.159,0,,0.159,全国,,
4437,中田元泰,140,0.153,3,0.16,0.153,全国,,,125,0.163,3,0.197,0.163,全国,,
4438,森作雄大,128,0.129,3,0.073,0.129,全国,,●,123,0.115,3,0.12,0.115,全国,,●
4439,近藤友宝,93,0.176,0,,0.176,全国,,,85,0.176,0,,0.176,全国,,
4440,萩原知哉,92,0.154,3,0.137,0.154,全国,,,100,0.189,3,0.16,0.189,全国,●,
4441,末永由楽,145,0.122,3,0.143,0.122,全国,,●,122,0.134,6,0.137,0.134,全国,,
4442,松竹大輔,103,0.16,3,0.09,0.16,全国,,,99,0.17,4,0.087,0.17,全国,,
4443,津田裕絵,126,0.173,10,0.174,0.174,当地,,,117,0.197,9,0.183,0.197,全国,●,
4444,桐生順平,109,0.128,0,,0.128,全国,,●,100,0.139,0,,0.139,全国,,
4445,宮地元輝,115,0.117,0,,0.117,全国,,●,118,0.118,0,,0.118,全国,,●
4446,和田兼輔,146,0.133,0,,0.133,全国,,,124,0.139,0,,0.139,全国,,
4447,深川麻奈美,105,0.179,12,0.176,0.176,当地,,,112,0.182,13,0.155,0.155,当地,,
4448,青木玄太,133,0.146,0,,0.146,全国,,,124,0.159,0,,0.159,全国,,
4449,中嶋達也,83,0.173,0,,0.173,全国,,,94,0.161,0,,0.161,全国,,
4450,平高奈菜,116,0.166,7,0.133,0.166,全国,,,103,0.16,7,0.151,0.16,全国,,
4451,松崎祐太郎,145,0.143,8,0.133,0.143,全国,,,113,0.168,10,0.14,0.14,当地,,
4452,松尾祭,132,0.158,7,0.131,0.158,全国,,,123,0.184,6,0.175,0.184,全国,●,
4456,鎌倉涼,111,0.146,3,0.1,0.146,全国,,,99,0.174,1,0.14,0.174,全国,,
4457,神田達也,76,0.159,2,0.14,0.159,全国,,,85,0.17,1,0.21,0.17,全国,,
4458,抹香雄三,107,0.151,0,,0.151,全国,,,107,0.154,0,,0.154,全国,,
4459,片岡雅裕,120,0.129,0,,0.129,全国,,●,113,0.125,0,,0.125,全国,,●
4460,後藤翔之,134,0.14,6,0.147,0.14,全国,,,116,0.156,5,0.18,0.156,全国,,
4461,安田吉宏,103,0.166,3,0.113,0.166,全国,,,102,0.16,2,0.18,0.16,全国,,
4462,夏山亮平,81,0.145,0,,0.145,全国,,,93,0.158,0,,0.158,全国,,
4463,三苫晃幸,122,0.15,7,0.141,0.15,全国,,,113,0.167,8,0.18,0.167,全国,,
4464,山下友貴,102,0.172,10,0.159,0.159,当地,,,104,0.209,9,0.228,0.209,全国,●,
4465,大西賢,73,0.178,0,,0.178,全国,,,81,0.206,0,,0.206,全国,●,
4466,南佑典,117,0.16,3,0.133,0.16,全国,,,99,0.185,3,0.123,0.185,全国,●,
4467,渡邉俊介,136,0.135,5,0.084,0.135,全国,,,124,0.138,5,0.098,0.138,全国,,
4468,大池佑来,129,0.14,5,0.116,0.14,全国,,,113,0.151,4,0.117,0.151,全国,,
4469,土山卓也,116,0.161,4,0.125,0.161,全国,,,113,0.173,5,0.184,0.173,全国,,
4470,平田健之佑,131,0.132,7,0.126,0.132,全国,,,97,0.162,4,0.17,0.162,全国,,
4471,新田泰章,158,0.14,7,0.137,0.14,全国,,,134,0.163,5,0.114,0.163,全国,,
4472,尾嶋一広,150,0.154,8,0.14,0.154,全国,,,134,0.151,5,0.14,0.151,全国,,
4473,藤堂里香,74,0.176,0,,0.176,全国,,,87,0.179,0,,0.179,全国,,
4474,渡辺崇,100,0.166,3,0.17,0.166,全国,,,108,0.195,3,0.163,0.195,全国,●,
4475,末永祐輝,149,0.146,5,0.142,0.146,全国,,,111,0.155,3,0.073,0.155,全国,,
4477,篠崎仁志,137,0.131,11,0.12,0.12,当地,,●,114,0.14,7,0.14,0.14,全国,,
4478,櫻本あゆみ,121,0.147,5,0.16,0.147,全国,,,109,0.158,4,0.133,0.158,全国,,
4479,矢野真梨菜,75,0.18,7,0.186,0.18,全国,,,76,0.197,9,0.184,0.197,全国,●,
4482,守屋美穂,132,0.154,15,0.119,0.119,当地,,●,106,0.174,8,0.149,0.174,全国,,
4483,北野輝季,134,0.144,5,0.136,0.144,全国,,,121,0.14,5,0.136,0.14,全国,,
4484,稲生夏季,97,0.203,0,,0.203,全国,●,,95,0.198,0,,0.198,全国,●,
4485,楠原正剛,113,0.16,0,,0.16,全国,,,109,0.16,0,,0.16,全国,,
4486,野村誠,99,0.163,4,0.122,0.163,全国,,,115,0.177,5,0.12,0.177,全国,,
4487,三原司,107,0.176,7,0.186,0.176,全国,,,99,0.18,7,0.177,0.18,全国,,
4488,小山勉,123,0.165,0,,0.165,全国,,,107,0.17,0,,0.17,全国,,
4489,岩川仁士,106,0.136,5,0.142,0.136,全国,,,120,0.166,5,0.164,0.166,全国,,
4491,田中堅,94,0.184,0,,0.184,全国,●,,98,0.204,0,,0.204,全国,●,
4492,本多宏和,20,0.127,5,0.086,0.127,全国,,●,16,0.193,6,0.123,0.193,全国,●,
4494,河合佑樹,103,0.138,4,0.098,0.138,全国,,,99,0.162,5,0.144,0.162,全国,,
4495,森晋太郎,65,0.144,9,0.138,0.144,全国,,,78,0.154,7,0.124,0.154,全国,,
4496,内堀学,163,0.16,7,0.16,0.16,全国,,,104,0.144,2,0.115,0.144,全国,,
4497,桑原悠,132,0.134,29,0.111,0.111,当地,,●,98,0.152,25,0.152,0.152,当地,,
4498,宮本夏樹,59,0.165,10,0.161,0.161,当地,,,63,0.17,12,0.163,0.163,当地,,
4499,滝川真由子,86,0.179,16,0.166,0.166,当地,,,80,0.186,18,0.157,0.157,当地,,
4500,山田康二,145,0.122,4,0.103,0.122,全国,,●,108,0.14,4,0.12,0.14,全国,,
4501,樋口由加里,131,0.15,14,0.14,0.14,当地,,,118,0.153,13,0.122,0.122,当地,,●
4502,遠藤エミ,135,0.137,7,0.131,0.137,全国,,,121,0.141,6,0.103,0.141,全国,,
4503,上野真之介,137,0.112,9,0.112,0.112,全国,,●,128,0.119,8,0.115,0.119,全国,,●
4504,前田将太,137,0.154,10,0.156,0.156,当地,,,105,0.127,11,0.124,0.124,当地,,●
4505,島田賢人,116,0.145,1,0.07,0.145,全国,,,109,0.152,1,0.15,0.152,全国,,
4506,稗田聖也,120,0.136,5,0.122,0.136,全国,,,108,0.133,3,0.09,0.133,全国,,
4508,野間大樹,82,0.17,5,0.158,0.17,全国,,,89,0.193,6,0.127,0.193,全国,●,
4509,平見真彦,113,0.173,5,0.152,0.173,全国,,,108,0.184,5,0.16,0.184,全国,●,
4510,坂本奈央,47,0.228,0,,0.228,全国,●,,52,0.234,0,,0.234,全国,●,
4511,中岡健人,97,0.161,9,0.17,0.161,全国,,,103,0.183,8,0.175,0.183,全国,●,
4512,高野哲史,160,0.148,6,0.118,0.148,全国,,,141,0.151,6,0.152,0.151,全国,,
4513,河野真也,129,0.169,11,0.187,0.187,当地,●,,111,0.192,8,0.263,0.192,全国,●,
4514,上條嘉嗣,167,0.177,3,0.26,0.177,全国,,,109,0.208,7,0.197,0.208,全国,●,
4515,藤田浩人,149,0.162,13,0.165,0.165,当地,,,128,0.171,11,0.161,0.161,当地,,
4516,野口勝弘,126,0.148,0,,0.148,全国,,,111,0.16,0,,0.16,全国,,
4518,大須賀友,125,0.163,14,0.139,0.139,当地,,,95,0.188,9,0.168,0.188,全国,●,
4519,清水沙樹,59,0.164,4,0.132,0.164,全国,,,48,0.148,5,0.158,0.148,全国,,
4520,高倉孝太,122,0.142,0,,0.142,全国,,,102,0.14,0,,0.14,全国,,
4521,小池公生,105,0.181,11,0.174,0.174,当地,,,98,0.225,11,0.204,0.204,当地,●,
4522,古澤光紀,131,0.144,9,0.141,0.144,全国,,,109,0.149,9,0.122,0.149,全国,,
4523,中村辰也,110,0.151,5,0.136,0.151,全国,,,103,0.155,5,0.158,0.155,全国,,
4524,深谷知博,118,0.125,5,0.152,0.125,全国,,●,111,0.136,4,0.195,0.136,全国,,
4525,真子奈津実,91,0.146,7,0.153,0.146,全国,,,80,0.14,7,0.124,0.14,全国,,
4526,池田雄祐,103,0.151,9,0.134,0.151,全国,,,103,0.141,10,0.095,0.095,当地,,●
4527,高野心吾,88,0.15,6,0.14,0.15,全国,,,90,0.189,8,0.182,0.189,全国,●,
4528,黒井達矢,113,0.153,7,0.151,0.153,全国,,,109,0.165,5,0.158,0.165,全国,,
4529,嶋義信,111,0.123,0,,0.123,全国,,●,107,0.153,0,,0.153,全国,,
4530,小野生奈,136,0.138,8,0.128,0.138,全国,,,102,0.168,6,0.148,0.168,全国,,
4531,武富智亮,141,0.147,8,0.138,0.147,全国,,,127,0.161,8,0.18,0.161,全国,,
4532,秋元哲,136,0.124,4,0.068,0.124,全国,,●,99,0.14,5,0.114,0.14,全国,,
4533,峰重侑治,72,0.187,3,0.223,0.187,全国,●,,87,0.179,4,0.158,0.179,全国,,
4534,坂咲友理,79,0.21,5,0.2,0.21,全国,●,,68,0.188,5,0.14,0.188,全国,●,
4535,北山康介,93,0.157,11,0.151,0.151,当地,,,83,0.148,13,0.145,0.145,当地,,
4536,喜井つかさ,135,0.144,5,0.128,0.144,全国,,,123,0.167,5,0.186,0.167,全国,,
4537,渡邉和将,154,0.137,0,,0.137,全国,,,123,0.14,0,,0.14,全国,,
4538,笠置博之,70,0.171,3,0.167,0.171,全国,,,104,0.144,2,0.2,0.144,全国,,
4539,金子賢志,136,0.13,4,0.09,0.13,全国,,●,121,0.128,4,0.14,0.128,全国,,●
4540,相原利章,103,0.118,3,0.077,0.118,全国,,●,102,0.126,4,0.147,0.126,全国,,●
4543,重木輝彦,135,0.152,8,0.164,0.152,全国,,,110,0.192,10,0.179,0.179,当地,,
4544,松田大志郎,160,0.169,4,0.185,0.169,全国,,,117,0.164,4,0.142,0.164,全国,,
4545,岡村慶太,135,0.141,10,0.125,0.125,当地,,●,118,0.148,6,0.147,0.148,全国,,
4546,浜田亜理沙,98,0.159,3,0.157,0.159,全国,,,82,0.165,1,0.16,0.165,全国,,
4547,中田竜太,116,0.145,4,0.138,0.145,全国,,,123,0.165,4,0.13,0.165,全国,,
4548,篠木亜衣花,61,0.232,5,0.196,0.232,全国,●,,59,0.25,4,0.223,0.25,全国,●,
4549,小林文彦,105,0.172,8,0.154,0.172,全国,,,108,0.202,10,0.21,0.21,当地,●,
4550,石岡将太,118,0.161,3,0.133,0.161,全国,,,101,0.153,3,0.063,0.153,全国,,
4551,三川昂暁,125,0.163,0,,0.163,全国,,,121,0.166,0,,0.166,全国,,
4552,杉山勝匡,98,0.151,10,0.146,0.146,当地,,,105,0.151,13,0.156,0.156,当地,,
4553,坪口竜也,118,0.151,29,0.147,0.147,当地,,,111,0.164,27,0.16,0.16,当地,,
4555,富永大一,108,0.167,11,0.16,0.16,当地,,,103,0.186,8,0.156,0.186,全国,●,
4556,竹井奈美,116,0.155,0,,0.155,全国,,,96,0.162,0,,0.162,全国,,
4557,松尾光広,86,0.171,5,0.136,0.171,全国,,,98,0.22,5,0.248,0.22,全国,●,
4558,宮野仁,77,0.174,0,,0.174,全国,,,89,0.218,0,,0.218,全国,●,
4560,庄司樹良々,102,0.142,7,0.116,0.142,全国,,,101,0.155,6,0.155,0.155,全国,,
4561,藤山翔大,128,0.179,11,0.165,0.165,当地,,,85,0.218,3,0.203,0.218,全国,●,
4562,阪本勇介,108,0.19,4,0.185,0.19,全国,●,,120,0.193,4,0.247,0.193,全国,●,
4563,齋藤真之,86,0.154,0,,0.154,全国,,,85,0.192,0,,0.192,全国,●,
4564,山本景士郎,110,0.179,0,,0.179,全国,,,109,0.192,0,,0.192,全国,●,
4565,西村豪洋,100,0.171,0,,0.171,全国,,,107,0.171,0,,0.171,全国,,
4566,塩田北斗,112,0.146,0,,0.146,全国,,,113,0.129,0,,0.129,全国,,●
4567,上村慎太郎,90,0.213,3,0.187,0.213,全国,●,,74,0.25,3,0.237,0.25,全国,●,
4568,廣瀬真也,105,0.143,0,,0.143,全国,,,100,0.149,0,,0.149,全国,,
4569,中澤宏奈,82,0.16,0,,0.16,全国,,,88,0.174,0,,0.174,全国,,
4570,前田聖文,128,0.165,0,,0.165,全国,,,108,0.151,0,,0.151,全国,,
4571,菅章哉,94,0.14,7,0.169,0.14,全国,,,125,0.141,12,0.124,0.124,当地,,●
4572,渡部悟,118,0.143,8,0.155,0.143,全国,,,115,0.156,11,0.143,0.143,当地,,
4573,佐藤翼,113,0.138,0,,0.138,全国,,,111,0.139,0,,0.139,全国,,
4574,東潤樹,119,0.174,0,,0.174,全国,,,110,0.181,0,,0.181,全国,●,
4575,戸塚邦好,112,0.155,8,0.158,0.155,全国,,,104,0.154,7,0.113,0.154,全国,,
4578,藤山雅弘,116,0.15,0,,0.15,全国,,,103,0.19,0,,0.19,全国,●,
4579,中嶋健一郎,136,0.155,0,,0.155,全国,,,112,0.15,0,,0.15,全国,,
4580,長谷川雅和,114,0.157,11,0.115,0.115,当地,,●,114,0.167,9,0.202,0.167,全国,,
4581,吉村誠,148,0.144,4,0.098,0.144,全国,,,132,0.14,3,0.12,0.14,全国,,
4583,古田祐貴,134,0.131,7,0.11,0.131,全国,,,120,0.157,6,0.16,0.157,全国,,
4584,村岡賢人,119,0.121,8,0.131,0.121,全国,,●,113,0.123,6,0.102,0.123,全国,,●
4586,磯部誠,128,0.115,0,,0.115,全国,,●,124,0.128,0,,0.128,全国,,●
4587,木田峰由季,127,0.154,0,,0.154,全国,,,107,0.184,0,,0.184,全国,●,
4588,田中京介,131,0.124,7,0.131,0.124,全国,,●,137,0.155,8,0.146,0.155,全国,,
4589,塩崎桐加,88,0.158,5,0.078,0.158,全国,,,88,0.169,5,0.134,0.169,全国,,
4590,渡邉優美,131,0.145,14,0.144,0.144,当地,,,112,0.154,10,0.163,0.163,当地,,
4592,小林孝弘,103,0.15,10,0.125,0.125,当地,,●,101,0.157,7,0.129,0.157,全国,,
4593,小坂宗司,117,0.15,4,0.237,0.15,全国,,,112,0.172,2,0.205,0.172,全国,,
4594,谷川祐一,114,0.147,11,0.155,0.155,当地,,,104,0.165,7,0.134,0.165,全国,,
4596,葛原大陽,123,0.148,7,0.181,0.148,全国,,,117,0.15,10,0.149,0.149,当地,,
4598,加藤政彦,115,0.137,0,,0.137,全国,,,112,0.156,0,,0.156,全国,,
4600,井内将太郎,108,0.129,6,0.105,0.129,全国,,●,103,0.134,8,0.114,0.134,全国,,
4601,森野正弘,148,0.128,3,0.083,0.128,全国,,●,126,0.131,4,0.065,0.131,全国,,
4603,谷川将太,112,0.149,26,0.134,0.134,当地,,,108,0.17,18,0.175,0.175,当地,,
4604,岩瀬裕亮,149,0.13,0,,0.13,全国,,●,128,0.153,0,,0.153,全国,,
4607,鶴田勇雄,143,0.163,17,0.148,0.148,当地,,,138,0.175,11,0.188,0.188,当地,●,
4608,荒井翔伍,128,0.149,7,0.09,0.149,全国,,,111,0.169,6,0.135,0.169,全国,,
4610,佐藤大佑,124,0.153,6,0.157,0.153,全国,,,126,0.153,7,0.086,0.153,全国,,
4611,今井美亜,139,0.133,0,,0.133,全国,,,119,0.156,0,,0.156,全国,,
4614,石倉洋行,134,0.139,12,0.104,0.104,当地,,●,114,0.124,7,0.093,0.124,全国,,●
4615,板倉敦史,89,0.158,6,0.197,0.158,全国,,,90,0.202,7,0.19,0.202,全国,●,
4618,乃村康友,78,0.174,0,,0.174,全国,,,94,0.172,0,,0.172,全国,,
4619,伏田裕隆,72,0.172,0,,0.172,全国,,,142,0.161,0,,0.161,全国,,
4623,中北将史,119,0.14,7,0.11,0.14,全国,,,116,0.168,8,0.152,0.168,全国,,
4624,高田明,133,0.166,12,0.176,0.176,当地,,,114,0.159,8,0.134,0.159,全国,,
4625,渡邊裕貴,95,0.171,3,0.18,0.171,全国,,,91,0.167,2,0.18,0.167,全国,,
4626,伊藤紘章,90,0.181,9,0.173,0.181,全国,●,,88,0.233,8,0.255,0.233,全国,●,
4627,藤原菜希,109,0.144,10,0.141,0.141,当地,,,90,0.16,9,0.122,0.16,全国,,
4630,岩永雅人,102,0.186,8,0.186,0.186,全国,●,,99,0.185,9,0.191,0.185,全国,●,
4631,新井英孝,88,0.142,0,,0.142,全国,,,99,0.162,0,,0.162,全国,,
4632,長尾京志郎,90,0.173,13,0.167,0.167,当地,,,88,0.194,13,0.192,0.192,当地,●,
4633,森智也,123,0.145,8,0.147,0.145,全国,,,110,0.189,8,0.186,0.189,全国,●,
4635,峰重力也,91,0.129,7,0.086,0.129,全国,,●,87,0.117,5,0.14,0.117,全国,,●
4636,赤池修平,82,0.2,0,,0.2,全国,●,,88,0.183,0,,0.183,全国,●,
4637,中田友也,84,0.166,4,0.175,0.166,全国,,,90,0.181,4,0.188,0.181,全国,●,
4638,小林遼太,105,0.168,3,0.157,0.168,全国,,,103,0.192,2,0.17,0.192,全国,●,
4639,雑賀勇貴,102,0.155,0,,0.155,全国,,,106,0.17,0,,0.17,全国,,
4640,山ノ内雅人,153,0.145,6,0.122,0.145,全国,,,131,0.144,6,0.162,0.144,全国,,
4641,磯村匠,66,0.173,0,,0.173,全国,,,75,0.204,0,,0.204,全国,●,
4642,松尾夏海,141,0.16,10,0.169,0.169,当地,,,112,0.159,11,0.176,0.176,当地,,
4643,近江翔吾,115,0.131,6,0.163,0.131,全国,,,103,0.147,3,0.127,0.147,全国,,
4644,山田亮太,128,0.143,3,0.123,0.143,全国,,,116,0.137,4,0.118,0.137,全国,,
4645,上村純一,133,0.139,12,0.105,0.105,当地,,●,113,0.138,12,0.147,0.147,当地,,
4648,木村亮太,83,0.155,0,,0.155,全国,,,83,0.147,0,,0.147,全国,,
4649,和田操拓,135,0.13,3,0.143,0.13,全国,,●,129,0.125,3,0.077,0.125,全国,,●
4650,中山雄太,53,0.138,0,,0.138,全国,,,49,0.152,0,,0.152,全国,,
4651,佐藤大騎,75,0.168,0,,0.168,全国,,,93,0.176,0,,0.176,全国,,
4652,酒見峻介,103,0.164,0,,0.164,全国,,,92,0.181,3,0.183,0.181,全国,●,
4653,小野達哉,104,0.143,5,0.118,0.143,全国,,,77,0.149,3,0.203,0.149,全国,,
4654,篠田優也,122,0.155,3,0.197,0.155,全国,,,108,0.157,4,0.19,0.157,全国,,
4656,大崎翔,98,0.149,4,0.14,0.149,全国,,,100,0.157,4,0.135,0.157,全国,,
4659,木下翔太,159,0.143,9,0.124,0.143,全国,,,125,0.15,7,0.119,0.15,全国,,
4660,宇田川信一,76,0.188,5,0.13,0.188,全国,●,,83,0.197,5,0.16,0.197,全国,●,
4661,中島昂章,110,0.162,6,0.132,0.162,全国,,,99,0.192,3,0.173,0.192,全国,●,
4663,籾山佳岳,40,0.141,0,,0.141,全国,,,40,0.161,0,,0.161,全国,,
4664,東口晃,76,0.183,0,,0.183,全国,●,,74,0.204,0,,0.204,全国,●,
4665,加藤啓太,94,0.16,4,0.122,0.16,全国,,,104,0.177,8,0.189,0.177,全国,,
4666,日笠勝弘,76,0.155,0,,0.155,全国,,,73,0.159,0,,0.159,全国,,
4669,井上茂,93,0.142,2,0.145,0.142,全国,,,91,0.188,3,0.207,0.188,全国,●,
4672,守屋大地,102,0.186,0,,0.186,全国,●,,104,0.172,0,,0.172,全国,,
4674,池田剛規,125,0.145,8,0.105,0.145,全国,,,121,0.145,7,0.196,0.145,全国,,
4675,井手良太,80,0.138,3,0.143,0.138,全国,,,81,0.116,4,0.098,0.116,全国,,●
4676,後藤隼之,110,0.142,8,0.126,0.142,全国,,,96,0.187,5,0.134,0.187,全国,●,
4677,片橋幸貴,103,0.144,0,,0.144,全国,,,94,0.144,0,,0.144,全国,,
4678,水野望美,87,0.169,0,,0.169,全国,,,86,0.176,0,,0.176,全国,,
4679,植田太一,138,0.154,4,0.15,0.154,全国,,,120,0.161,3,0.163,0.161,全国,,
4680,後藤美翼,126,0.185,0,,0.185,全国,●,,101,0.214,0,,0.214,全国,●,
4681,太田潮,60,0.156,0,,0.156,全国,,,62,0.188,0,,0.188,全国,●,
4682,大上卓人,129,0.134,0,,0.134,全国,,,125,0.15,0,,0.15,全国,,
4683,向井田直弥,23,0.146,0,,0.146,全国,,,85,0.142,0,,0.142,全国,,
4684,楠原翔太,117,0.141,4,0.087,0.141,全国,,,103,0.145,6,0.12,0.145,全国,,
4685,島村隆幸,131,0.139,14,0.124,0.124,当地,,●,107,0.164,10,0.185,0.185,当地,●,
4686,丸野一樹,126,0.133,9,0.117,0.133,全国,,,108,0.124,8,0.101,0.124,全国,,●
4688,永井彪也,130,0.134,9,0.124,0.134,全国,,,115,0.128,9,0.133,0.128,全国,,●
4689,豊田結,96,0.152,3,0.17,0.152,全国,,,100,0.17,5,0.174,0.17,全国,,
4690,高石梨菜,30,0.169,0,,0.169,全国,,,25,0.176,0,,0.176,全国,,
4691,水原慎,64,0.153,4,0.13,0.153,全国,,,58,0.171,3,0.183,0.171,全国,,
4692,酒井俊弘,92,0.153,0,,0.153,全国,,,105,0.13,0,,0.13,全国,,●
4693,松下誉士,107,0.2,4,0.2,0.2,全国,●,,109,0.185,3,0.217,0.185,全国,●,
4694,高田綾,88,0.179,0,,0.179,全国,,,91,0.175,0,,0.175,全国,,
4695,尾崎雄二,103,0.148,24,0.161,0.161,当地,,,106,0.142,22,0.142,0.142,当地,,
4697,國弘翔平,101,0.148,7,0.144,0.148,全国,,,105,0.192,8,0.194,0.192,全国,●,
4700,金子和之,110,0.155,5,0.114,0.155,全国,,,104,0.151,4,0.165,0.151,全国,,
4702,三浦敬太,110,0.144,4,0.147,0.144,全国,,,100,0.132,6,0.115,0.132,全国,,
4703,森永隆,122,0.147,5,0.084,0.147,全国,,,113,0.149,5,0.128,0.149,全国,,
4704,河野大,164,0.129,13,0.103,0.103,当地,,●,133,0.136,13,0.118,0.118,当地,,●
4705,吉川勇作,86,0.135,10,0.139,0.139,当地,,,96,0.163,14,0.18,0.18,当地,,
4706,三浦洋次朗,124,0.165,0,,0.165,全国,,,120,0.174,0,,0.174,全国,,
4708,半田尚也,80,0.181,4,0.172,0.181,全国,●,,94,0.188,5,0.166,0.188,全国,●,
4709,岡村将也,106,0.155,5,0.102,0.155,全国,,,107,0.162,4,0.095,0.162,全国,,
4710,福田宗平,152,0.145,0,,0.145,全国,,,118,0.136,0,,0.136,全国,,
4711,前出達吉,114,0.148,0,,0.148,全国,,,117,0.155,0,,0.155,全国,,
4713,白神優,150,0.126,0,,0.126,全国,,●,137,0.132,0,,0.132,全国,,
4714,喜多須杏奈,93,0.142,5,0.144,0.142,全国,,,94,0.191,5,0.186,0.191,全国,●,
4715,村上遼,103,0.13,22,0.115,0.115,当地,,●,98,0.144,23,0.119,0.119,当地,,●
4718,北川太一,102,0.161,8,0.119,0.161,全国,,,99,0.148,2,0.08,0.148,全国,,
4719,上條暢嵩,138,0.13,10,0.134,0.134,当地,,,116,0.135,7,0.141,0.135,全国,,
4720,西澤日花里,87,0.199,16,0.196,0.196,当地,●,,85,0.186,17,0.154,0.154,当地,,
4723,寺島吉彦,71,0.181,8,0.191,0.181,全国,●,,101,0.161,7,0.149,0.161,全国,,
4724,吉田祐貴,70,0.181,6,0.113,0.181,全国,●,,76,0.182,5,0.15,0.182,全国,●,
4725,佐竹太一,107,0.18,8,0.159,0.18,全国,,,101,0.165,9,0.166,0.165,全国,,
4726,島田なぎさ,32,0.147,0,,0.147,全国,,,28,0.139,0,,0.139,全国,,
4727,安部慎一,90,0.149,6,0.145,0.149,全国,,,96,0.157,7,0.154,0.157,全国,,
4728,山口亮,86,0.181,4,0.173,0.181,全国,●,,87,0.194,4,0.2,0.194,全国,●,
4729,佐藤謙史朗,79,0.191,4,0.193,0.191,全国,●,,81,0.186,3,0.163,0.186,全国,●,
4730,土屋実沙希,95,0.145,0,,0.145,全国,,,88,0.176,0,,0.176,全国,,
4731,間野兼礼,87,0.177,3,0.287,0.177,全国,,,89,0.147,3,0.11,0.147,全国,,
4732,堀本和也,146,0.114,3,0.08,0.114,全国,,●,120,0.117,6,0.09,0.117,全国,,●
4733,赤井睦,80,0.148,5,0.144,0.148,全国,,,83,0.146,4,0.143,0.146,全国,,
4734,安河内将,135,0.141,1,0.12,0.141,全国,,,112,0.15,6,0.163,0.15,全国,,
4735,角山雄哉,100,0.147,6,0.113,0.147,全国,,,93,0.16,5,0.136,0.16,全国,,
4736,高倉和士,132,0.131,3,0.13,0.131,全国,,,122,0.129,4,0.105,0.129,全国,,●
4737,竹井貴史,142,0.167,17,0.178,0.178,当地,,,113,0.154,12,0.151,0.151,当地,,
4738,清埜翔子,149,0.156,5,0.154,0.156,全国,,,134,0.161,5,0.192,0.161,全国,,
4739,中村晃朋,152,0.145,0,,0.145,全国,,,114,0.143,0,,0.143,全国,,
4740,齋藤達希,93,0.156,5,0.138,0.156,全国,,,92,0.189,5,0.256,0.189,全国,●,
4743,木村仁紀,160,0.136,2,0.155,0.136,全国,,,140,0.142,2,0.14,0.142,全国,,
4744,伊藤玲奈,82,0.215,10,0.221,0.221,当地,●,,78,0.229,9,0.194,0.229,全国,●,
4746,大豆生田蒼,86,0.179,0,,0.179,全国,,,84,0.192,0,,0.192,全国,●,
4747,山戸信二,80,0.173,5,0.19,0.173,全国,,,81,0.175,10,0.19,0.19,当地,●,
4748,渡邉雄朗,126,0.144,3,0.213,0.144,全国,,,107,0.161,4,0.15,0.161,全国,,
4750,井上尚悟,90,0.156,3,0.157,0.156,全国,,,101,0.171,4,0.163,0.171,全国,,
4752,西尾亮輔,89,0.165,6,0.173,0.165,全国,,,98,0.177,13,0.14,0.14,当地,,
4753,森照夫,50,0.148,1,0.15,0.148,全国,,,58,0.152,3,0.187,0.152,全国,,
4754,松尾充,119,0.15,6,0.112,0.15,全国,,,109,0.159,6,0.158,0.159,全国,,
4757,山田祐也,137,0.135,9,0.123,0.135,全国,,,114,0.142,8,0.155,0.142,全国,,
4758,富樫麗加,29,0.135,5,0.138,0.135,全国,,,33,0.181,5,0.196,0.181,全国,●,
4759,今泉友吾,131,0.153,4,0.17,0.153,全国,,,116,0.163,5,0.16,0.163,全国,,
4760,山崎郡,164,0.14,0,,0.14,全国,,,137,0.134,0,,0.134,全国,,
4761,山田晃大,133,0.133,6,0.132,0.133,全国,,,124,0.137,8,0.152,0.137,全国,,
4762,藤原啓史朗,140,0.128,6,0.117,0.128,全国,,●,113,0.122,4,0.138,0.122,全国,,●
4764,小池礼乃,100,0.155,12,0.169,0.169,当地,,,87,0.182,13,0.179,0.179,当地,,
4765,野田部宏子,81,0.137,1,0.02,0.137,全国,,,92,0.128,5,0.178,0.128,全国,,●
4766,石井孝之,72,0.141,0,,0.141,全国,,,79,0.116,0,,0.116,全国,,●
4769,馬場剛,121,0.114,4,0.083,0.114,全国,,●,120,0.118,4,0.113,0.118,全国,,●
4771,下寺秀和,140,0.144,7,0.136,0.144,全国,,,111,0.168,4,0.15,0.168,全国,,
4772,石丸海渡,126,0.113,3,0.103,0.113,全国,,●,109,0.107,5,0.098,0.107,全国,,●
4773,中川りな,142,0.171,4,0.2,0.171,全国,,,118,0.182,6,0.182,0.182,全国,●,
4775,千葉真弥,94,0.139,6,0.165,0.139,全国,,,85,0.155,5,0.196,0.155,全国,,
4776,竹田和哉,154,0.141,3,0.13,0.141,全国,,,124,0.164,2,0.265,0.164,全国,,
4778,堤啓輔,88,0.16,0,,0.16,全国,,,68,0.167,0,,0.167,全国,,
4779,伊倉光,97,0.154,3,0.193,0.154,全国,,,98,0.165,3,0.203,0.165,全国,,
4781,西舘果里,27,0.159,0,,0.159,全国,,,29,0.207,0,,0.207,全国,●,
4782,浜崎準也,70,0.174,8,0.125,0.174,全国,,,79,0.208,7,0.169,0.208,全国,●,
4784,向井田真紀,61,0.19,4,0.212,0.19,全国,●,,63,0.22,3,0.19,0.22,全国,●,
4785,木幡純也,93,0.179,7,0.251,0.179,全国,,,89,0.205,5,0.2,0.205,全国,●,
4786,佐藤博亮,160,0.136,9,0.119,0.136,全国,,,134,0.132,6,0.137,0.132,全国,,
4787,椎名豊,142,0.13,8,0.13,0.13,全国,,●,109,0.14,4,0.125,0.14,全国,,
4788,小池哲也,149,0.144,4,0.175,0.144,全国,,,124,0.154,4,0.163,0.154,全国,,
4789,古賀智之,109,0.156,0,,0.156,全国,,,105,0.167,0,,0.167,全国,,
4790,柳内敬太,124,0.148,12,0.171,0.171,当地,,,117,0.17,12,0.151,0.151,当地,,
4791,黒澤めぐみ,112,0.184,16,0.206,0.206,当地,●,,98,0.189,13,0.184,0.184,当地,●,
4792,杉村賢也,68,0.136,3,0.133,0.136,全国,,,62,0.18,3,0.18,0.18,全国,,
4793,金子萌,126,0.128,0,,0.128,全国,,●,120,0.13,0,,0.13,全国,,●
4794,和田拓也,115,0.141,4,0.155,0.141,全国,,,93,0.131,3,0.107,0.131,全国,,
4796,春園功太,141,0.148,0,,0.148,全国,,,115,0.135,0,,0.135,全国,,
4797,中山将,97,0.135,5,0.13,0.135,全国,,,107,0.157,7,0.124,0.157,全国,,
4798,浜先真範,143,0.121,4,0.153,0.121,全国,,●,121,0.132,4,0.12,0.132,全国,,
4803,飯田庄吾,88,0.178,13,0.204,0.204,当地,●,,83,0.199,10,0.172,0.172,当地,,
4804,高田ひかる,128,0.191,15,0.195,0.195,当地,●,,116,0.176,14,0.176,0.176,当地,,
4808,松尾拓,118,0.157,3,0.19,0.157,全国,,,118,0.173,3,0.107,0.173,全国,,
4809,外崎悟,103,0.161,5,0.186,0.161,全国,,,103,0.154,4,0.165,0.154,全国,,
4811,向井田佑紀,120,0.155,0,,0.155,全国,,,111,0.167,0,,0.167,全国,,
4812,西野雄貴,123,0.131,9,0.122,0.131,全国,,,97,0.143,7,0.114,0.143,全国,,
4813,宮内直哉,87,0.184,9,0.187,0.184,全国,●,,86,0.198,9,0.188,0.198,全国,●,
4815,伏島祐介,66,0.19,6,0.2,0.19,全国,●,,82,0.191,13,0.21,0.21,当地,●,
4816,村松修二,110,0.145,8,0.159,0.145,全国,,,111,0.166,5,0.194,0.166,全国,,
4817,渡邉翼,115,0.134,6,0.135,0.134,全国,,,86,0.153,3,0.14,0.153,全国,,
4818,伏見俊介,14,0.159,0,,0.159,全国,,,61,0.136,0,,0.136,全国,,
4819,蜂須瑞生,96,0.155,0,,0.155,全国,,,98,0.181,0,,0.181,全国,●,
4821,妻鳥晋也,98,0.191,6,0.177,0.191,全国,●,,107,0.173,6,0.168,0.173,全国,,
4822,百武翔,137,0.145,10,0.128,0.128,当地,,●,119,0.183,11,0.161,0.161,当地,,
4823,中村桃佳,122,0.14,0,,0.14,全国,,,104,0.146,0,,0.146,全国,,
4824,松井洪弥,142,0.126,4,0.078,0.126,全国,,●,123,0.119,4,0.138,0.119,全国,,●
4825,倉持莉々,128,0.136,0,,0.136,全国,,,106,0.129,0,,0.129,全国,,●
4826,井上一輝,156,0.127,6,0.077,0.127,全国,,●,121,0.135,5,0.108,0.135,全国,,
4828,松山将吾,112,0.143,4,0.135,0.143,全国,,,107,0.174,5,0.17,0.174,全国,,
4831,羽野直也,103,0.143,5,0.136,0.143,全国,,,102,0.148,4,0.19,0.148,全国,,
4832,権藤俊光,142,0.142,9,0.129,0.142,全国,,,117,0.146,8,0.14,0.146,全国,,
4834,浜本裕己,146,0.137,5,0.108,0.137,全国,,,132,0.152,4,0.19,0.152,全国,,
4835,橋本明,110,0.154,6,0.108,0.154,全国,,,118,0.151,6,0.132,0.151,全国,,
4836,大谷健太,101,0.186,0,,0.186,全国,●,,95,0.147,0,,0.147,全国,,
4837,酒井陽祐,91,0.157,2,0.035,0.157,全国,,,94,0.156,4,0.165,0.156,全国,,
4839,四宮与寛,110,0.135,5,0.112,0.135,全国,,,101,0.142,6,0.15,0.142,全国,,
4840,鈴木秀茉,102,0.156,0,,0.156,全国,,,111,0.169,0,,0.169,全国,,
4842,山下昂大,109,0.159,9,0.13,0.159,全国,,,106,0.165,9,0.131,0.165,全国,,
4843,深尾巴恵,78,0.168,0,,0.168,全国,,,76,0.153,0,,0.153,全国,,
4844,村上奈穂,122,0.163,4,0.203,0.163,全国,,,108,0.197,5,0.148,0.197,全国,●,
4845,前田紗希,98,0.143,5,0.144,0.143,全国,,,89,0.154,4,0.19,0.154,全国,,
4846,佐藤駿介,96,0.158,6,0.135,0.158,全国,,,99,0.184,7,0.149,0.184,全国,●,
4847,佐藤隆太郎,115,0.136,0,,0.136,全国,,,98,0.152,0,,0.152,全国,,
4848,仲谷颯仁,132,0.139,0,,0.139,全国,,,110,0.162,0,,0.162,全国,,
4850,野中一平,135,0.12,11,0.103,0.103,当地,,●,122,0.113,10,0.074,0.074,当地,,●
4851,関浩哉,132,0.133,0,,0.133,全国,,,112,0.128,0,,0.128,全国,,●
4852,川原祐明,155,0.144,3,0.117,0.144,全国,,,129,0.146,4,0.182,0.146,全国,,
4853,前原哉,87,0.18,2,0.25,0.18,全国,,,82,0.227,6,0.28,0.227,全国,●,
4854,大橋由珠,50,0.188,0,,0.188,全国,●,,56,0.15,0,,0.15,全国,,
4856,豊田健士郎,160,0.135,8,0.121,0.135,全国,,,142,0.141,6,0.118,0.141,全国,,
4857,加藤翔馬,112,0.145,3,0.127,0.145,全国,,,103,0.172,1,0.31,0.172,全国,,
4861,田中宏樹,113,0.156,0,,0.156,全国,,,109,0.167,0,,0.167,全国,,
4863,三浦裕貴,68,0.172,0,,0.172,全国,,,82,0.162,0,,0.162,全国,,
4864,小川日紀太,83,0.162,0,,0.162,全国,,,84,0.165,0,,0.165,全国,,
4865,立具敬司,50,0.165,5,0.18,0.165,全国,,,48,0.182,5,0.174,0.182,全国,●,
4866,橋本英一,76,0.158,3,0.143,0.158,全国,,,83,0.182,7,0.184,0.182,全国,●,
4871,菊池宏志,88,0.164,3,0.177,0.164,全国,,,89,0.175,4,0.155,0.175,全国,,
4872,山下流心,102,0.162,3,0.2,0.162,全国,,,101,0.196,3,0.233,0.196,全国,●,
4873,蒲原健太,141,0.181,7,0.137,0.181,全国,●,,113,0.194,9,0.187,0.194,全国,●,
4874,池田奈津美,168,0.15,0,,0.15,全国,,,6,0.16,0,,0.16,全国,,
4875,大塚康雅,100,0.161,9,0.189,0.161,全国,,,98,0.193,9,0.212,0.193,全国,●,
4876,梅木敬太,113,0.161,3,0.117,0.161,全国,,,116,0.166,4,0.122,0.166,全国,,
4877,鈴谷一平,126,0.136,0,,0.136,全国,,,110,0.142,0,,0.142,全国,,
4878,西岡育未,79,0.166,0,,0.166,全国,,,77,0.177,0,,0.177,全国,,
4879,山崎鉄平,94,0.166,5,0.218,0.166,全国,,,103,0.175,2,0.185,0.175,全国,,
4880,澤崎雄哉,82,0.16,3,0.197,0.16,全国,,,95,0.17,8,0.191,0.17,全国,,
4882,瀧川千依,53,0.201,0,,0.201,全国,●,,63,0.23,0,,0.23,全国,●,
4883,岡部大輝,102,0.157,0,,0.157,全国,,,101,0.154,0,,0.154,全国,,
4884,勝浦真帆,48,0.114,4,0.135,0.114,全国,,●,41,0.147,5,0.18,0.147,全国,,
4885,大山千広,105,0.142,2,0.135,0.142,全国,,,72,0.148,2,0.16,0.148,全国,,
4886,入海馨,114,0.139,0,,0.139,全国,,,113,0.153,0,,0.153,全国,,
4887,富澤祐作,98,0.128,8,0.133,0.128,全国,,●,93,0.135,7,0.129,0.135,全国,,
4888,金児隆太,110,0.199,3,0.22,0.199,全国,●,,96,0.167,5,0.21,0.167,全国,,
4889,後藤盛也,72,0.14,6,0.147,0.14,全国,,,69,0.148,4,0.12,0.148,全国,,
4890,石川諒,115,0.14,5,0.102,0.14,全国,,,109,0.126,2,0.095,0.126,全国,,●
4891,寺島美里,91,0.148,10,0.126,0.126,当地,,●,96,0.171,9,0.206,0.171,全国,,
4892,柴田直哉,92,0.165,7,0.109,0.165,全国,,,108,0.194,6,0.178,0.194,全国,●,
4893,渡邉真奈美,91,0.157,4,0.17,0.157,全国,,,84,0.141,5,0.18,0.141,全国,,
4894,原村拓也,107,0.176,0,,0.176,全国,,,113,0.19,0,,0.19,全国,●,
4895,門間雄大,102,0.14,11,0.145,0.145,当地,,,102,0.14,10,0.103,0.103,当地,,●
4896,花本剛,89,0.183,5,0.14,0.183,全国,●,,96,0.186,5,0.198,0.186,全国,●,
4897,深見亜由美,97,0.194,3,0.123,0.194,全国,●,,97,0.2,3,0.287,0.2,全国,●,
4898,菊地敬介,78,0.16,9,0.157,0.16,全国,,,94,0.145,9,0.087,0.145,全国,,
4899,占部一真,96,0.155,0,,0.155,全国,,,83,0.151,0,,0.151,全国,,
4900,中田夕貴,119,0.168,4,0.177,0.168,全国,,,100,0.183,4,0.115,0.183,全国,●,
4901,出口舞有子,90,0.171,0,,0.171,全国,,,98,0.158,0,,0.158,全国,,
4902,山川雄大,106,0.188,3,0.22,0.188,全国,●,,109,0.191,3,0.227,0.191,全国,●,
4903,吉田凌太朗,131,0.143,11,0.1,0.1,当地,,●,114,0.156,11,0.125,0.125,当地,,●
4904,松本一毅,137,0.168,5,0.142,0.168,全国,,,127,0.162,5,0.13,0.162,全国,,
4905,土井祥伍,86,0.186,3,0.08,0.186,全国,●,,99,0.2,3,0.167,0.2,全国,●,
4906,鈴木雅希,104,0.156,4,0.145,0.156,全国,,,106,0.168,3,0.143,0.168,全国,,
4907,小池修平,131,0.14,7,0.119,0.14,全国,,,113,0.14,8,0.147,0.14,全国,,
4908,上田龍星,135,0.121,10,0.081,0.081,当地,,●,109,0.154,8,0.15,0.154,全国,,
4909,薮内瑞希,98,0.159,0,,0.159,全国,,,92,0.17,0,,0.17,全国,,
4910,中村泰平,134,0.138,7,0.13,0.138,全国,,,113,0.149,10,0.166,0.166,当地,,
4911,片岡大地,88,0.149,0,,0.149,全国,,,89,0.145,0,,0.145,全国,,
4914,吉田裕平,110,0.116,0,,0.116,全国,,●,122,0.133,0,,0.133,全国,,
4917,岩橋裕馬,102,0.168,0,,0.168,全国,,,95,0.145,0,,0.145,全国,,
4918,川島拓郎,100,0.147,2,0.105,0.147,全国,,,105,0.163,4,0.11,0.163,全国,,
4919,吉田翔悟,56,0.153,2,0.23,0.153,全国,,,73,0.174,11,0.161,0.161,当地,,
4924,中北涼,107,0.168,26,0.148,0.148,当地,,,105,0.18,20,0.171,0.171,当地,,
4925,森悠稀,120,0.141,1,0.09,0.141,全国,,,109,0.142,3,0.193,0.142,全国,,
4926,吉川貴仁,99,0.146,6,0.108,0.146,全国,,,78,0.149,4,0.13,0.149,全国,,
4927,関野文,145,0.152,22,0.148,0.148,当地,,,117,0.155,17,0.159,0.159,当地,,
4928,栗城匠,134,0.143,8,0.106,0.143,全国,,,107,0.141,8,0.16,0.141,全国,,
4930,佐藤悠,115,0.14,0,,0.14,全国,,,119,0.156,0,,0.156,全国,,
4931,木谷賢太,147,0.129,9,0.121,0.129,全国,,●,130,0.164,8,0.148,0.164,全国,,
4932,新開航,132,0.141,4,0.12,0.141,全国,,,119,0.154,3,0.127,0.154,全国,,
4933,板橋侑我,113,0.123,10,0.117,0.117,当地,,●,102,0.15,9,0.15,0.15,全国,,
4934,佐々木翔斗,122,0.161,0,,0.161,全国,,,113,0.176,0,,0.176,全国,,
4936,戸敷晃美,104,0.162,0,,0.162,全国,,,109,0.177,0,,0.177,全国,,
4938,小芦るり華,158,0.135,17,0.123,0.123,当地,,●,116,0.163,11,0.154,0.154,当地,,
4939,宮之原輝紀,134,0.129,9,0.117,0.129,全国,,●,110,0.131,7,0.137,0.131,全国,,
4940,白石有美,35,0.156,3,0.103,0.156,全国,,,38,0.161,4,0.158,0.161,全国,,
4941,孫崎百世,104,0.203,5,0.196,0.203,全国,●,,104,0.21,4,0.198,0.21,全国,●,
4942,柴田朋哉,105,0.158,0,,0.158,全国,,,104,0.142,0,,0.142,全国,,
4943,八木治樹,80,0.142,0,,0.142,全国,,,83,0.151,0,,0.151,全国,,
4944,田代達也,97,0.161,5,0.186,0.161,全国,,,98,0.164,5,0.12,0.164,全国,,
4945,上村宏太,86,0.186,7,0.176,0.186,全国,●,,106,0.165,7,0.189,0.165,全国,,
4947,間庭菜摘,96,0.181,5,0.166,0.181,全国,●,,94,0.175,4,0.122,0.175,全国,,
4948,木場悠介,108,0.152,19,0.144,0.144,当地,,,101,0.147,19,0.142,0.142,当地,,
4949,横田貴満,135,0.15,14,0.154,0.154,当地,,,112,0.161,13,0.161,0.161,当地,,
4950,高岡竜也,125,0.154,3,0.17,0.154,全国,,,119,0.161,5,0.16,0.161,全国,,
4951,新田洋一,99,0.156,0,,0.156,全国,,,95,0.144,0,,0.144,全国,,
4952,吉武真也,80,0.163,0,,0.163,全国,,,90,0.197,0,,0.197,全国,●,
4953,尾上雅也,140,0.16,4,0.205,0.16,全国,,,118,0.152,4,0.125,0.152,全国,,
4954,内山峻輔,34,0.159,4,0.158,0.159,全国,,,89,0.175,7,0.133,0.175,全国,,
4956,齊藤大将,42,0.163,0,,0.163,全国,,,41,0.194,0,,0.194,全国,●,
4957,竹之内極,112,0.148,5,0.15,0.148,全国,,,117,0.173,5,0.12,0.173,全国,,
4958,溝口海義也,140,0.142,10,0.112,0.112,当地,,●,136,0.137,11,0.129,0.129,当地,,●
4959,井上忠政,152,0.144,0,,0.144,全国,,,121,0.145,0,,0.145,全国,,
4960,黒野元基,142,0.138,13,0.119,0.119,当地,,●,122,0.133,9,0.123,0.133,全国,,
4961,西橋奈未,132,0.131,6,0.102,0.131,全国,,,114,0.157,14,0.131,0.131,当地,,
4962,畑竜生,136,0.16,4,0.118,0.16,全国,,,121,0.159,3,0.163,0.159,全国,,
4963,實森美祐,119,0.135,1,0.13,0.135,全国,,,112,0.159,3,0.14,0.159,全国,,
4964,土屋南,101,0.138,4,0.163,0.138,全国,,,99,0.15,5,0.13,0.15,全国,,
4965,福岡泉水,90,0.184,4,0.19,0.184,全国,●,,90,0.166,4,0.185,0.166,全国,,
4966,田川大貴,107,0.156,21,0.134,0.134,当地,,,114,0.154,20,0.167,0.167,当地,,
4967,中村魁生,127,0.147,3,0.15,0.147,全国,,,112,0.136,4,0.175,0.136,全国,,
4969,町田洸希,87,0.155,9,0.142,0.155,全国,,,90,0.2,10,0.222,0.222,当地,●,
4973,栗原直也,104,0.169,0,,0.169,全国,,,104,0.188,0,,0.188,全国,●,
4974,安井瑞紀,118,0.178,4,0.195,0.178,全国,,,107,0.165,5,0.188,0.165,全国,,
4976,金山立樹,107,0.193,8,0.199,0.193,全国,●,,98,0.2,6,0.15,0.2,全国,●,
4977,馬野耀,120,0.155,9,0.141,0.155,全国,,,100,0.15,7,0.124,0.15,全国,,
4978,山田和佐,117,0.166,9,0.194,0.166,全国,,,112,0.171,11,0.162,0.162,当地,,
4979,中野夢斗,107,0.159,6,0.17,0.159,全国,,,105,0.173,5,0.15,0.173,全国,,
4980,佐々木完太,136,0.139,0,,0.139,全国,,,118,0.161,0,,0.161,全国,,
4981,牧山敦也,86,0.176,14,0.139,0.139,当地,,,100,0.181,12,0.179,0.179,当地,,
4982,中村将隆,88,0.143,6,0.122,0.143,全国,,,87,0.18,5,0.18,0.18,全国,,
4983,前田篤哉,161,0.145,12,0.124,0.124,当地,,●,121,0.151,5,0.132,0.151,全国,,
4984,森下愛梨,89,0.188,7,0.237,0.188,全国,●,,91,0.214,6,0.2,0.214,全国,●,
4985,井本昌也,157,0.136,5,0.13,0.136,全国,,,116,0.143,4,0.152,0.143,全国,,
4987,島倉都,94,0.157,0,,0.157,全国,,,94,0.177,0,,0.177,全国,,
4988,牟田奨太,97,0.137,10,0.131,0.131,当地,,,98,0.151,10,0.113,0.113,当地,,●
4989,石原翼,108,0.143,4,0.078,0.143,全国,,,104,0.153,4,0.13,0.153,全国,,
4990,田中博子,49,0.224,5,0.218,0.224,全国,●,,49,0.187,4,0.158,0.187,全国,●,
4991,宗行治哉,117,0.158,15,0.123,0.123,当地,,●,95,0.187,10,0.175,0.175,当地,,
4992,廣瀬篤哉,95,0.146,0,,0.146,全国,,,107,0.157,0,,0.157,全国,,
4994,山本梨菜,133,0.16,13,0.148,0.148,当地,,,114,0.184,7,0.139,0.184,全国,●,
4995,田邉亮蔵,92,0.177,4,0.202,0.177,全国,,,95,0.199,5,0.214,0.199,全国,●,
4997,濱崎寿里矢,48,0.173,2,0.115,0.173,全国,,,53,0.187,3,0.113,0.187,全国,●,
4998,中村かなえ,46,0.127,6,0.152,0.127,全国,,●,56,0.12,6,0.118,0.12,全国,,●
5000,岡本翔太郎,92,0.124,4,0.093,0.124,全国,,●,98,0.128,2,0.14,0.128,全国,,●
5002,上田健太,110,0.166,4,0.185,0.166,全国,,,110,0.161,4,0.162,0.161,全国,,
5003,来田衣織,110,0.173,4,0.16,0.173,全国,,,104,0.155,5,0.108,0.155,全国,,
5004,河野主樹,118,0.14,0,,0.14,全国,,,118,0.161,0,,0.161,全国,,
5005,石田貴洋,105,0.16,9,0.147,0.16,全国,,,110,0.136,8,0.12,0.136,全国,,
5006,久保原秀人,89,0.199,2,0.23,0.199,全国,●,,92,0.19,1,0.13,0.19,全国,●,
5007,近藤雄一郎,92,0.17,9,0.182,0.17,全国,,,95,0.191,7,0.133,0.191,全国,●,
5008,羽野諒,90,0.152,0,,0.152,全国,,,90,0.132,0,,0.132,全国,,
5009,大賀龍之介,115,0.164,6,0.108,0.164,全国,,,110,0.171,5,0.164,0.171,全国,,
5010,宇留田翔平,138,0.142,6,0.155,0.142,全国,,,127,0.138,5,0.154,0.138,全国,,
5011,高木圭大,94,0.15,21,0.139,0.139,当地,,,99,0.16,20,0.171,0.171,当地,,
5012,加倉侑征,100,0.129,1,0.21,0.129,全国,,●,98,0.15,5,0.17,0.15,全国,,
5013,山下夏鈴,113,0.155,10,0.13,0.13,当地,,●,107,0.172,8,0.221,0.172,全国,,
5014,梶山涼斗,80,0.146,3,0.09,0.146,全国,,,90,0.139,4,0.09,0.139,全国,,
5015,高橋竜矢,138,0.127,5,0.128,0.127,全国,,●,107,0.14,4,0.133,0.14,全国,,
5016,宮田龍馬,127,0.135,16,0.124,0.124,当地,,●,112,0.15,12,0.127,0.127,当地,,●
5017,澤田尚也,132,0.124,4,0.15,0.124,全国,,●,121,0.132,4,0.177,0.132,全国,,
5018,竹下大樹,177,0.14,5,0.154,0.14,全国,,,135,0.149,3,0.14,0.149,全国,,
5019,柴田百恵,68,0.167,0,,0.167,全国,,,64,0.162,0,,0.162,全国,,
5020,宮村勇哉,74,0.162,2,0.14,0.162,全国,,,90,0.183,1,0.18,0.183,全国,●,
5022,伊藤尚汰,79,0.17,0,,0.17,全国,,,91,0.17,0,,0.17,全国,,
5023,久永祥平,105,0.14,4,0.13,0.14,全国,,,101,0.173,2,0.115,0.173,全国,,
5026,安河内健,133,0.144,14,0.145,0.145,当地,,,118,0.168,12,0.169,0.169,当地,,
5027,重冨勇哉,85,0.186,5,0.148,0.186,全国,●,,94,0.194,4,0.253,0.194,全国,●,
5028,原田才一郎,133,0.142,15,0.091,0.091,当地,,●,110,0.182,14,0.159,0.159,当地,,
5029,中亮太,139,0.136,5,0.14,0.136,全国,,,122,0.138,4,0.135,0.138,全国,,
5031,渡辺空依,106,0.156,8,0.139,0.156,全国,,,104,0.196,5,0.148,0.196,全国,●,
5032,谷口知優,115,0.149,0,,0.149,全国,,,109,0.161,0,,0.161,全国,,
5033,藤原孝斗,98,0.175,7,0.17,0.175,全国,,,89,0.184,5,0.186,0.184,全国,●,
5034,若林義人,176,0.124,12,0.138,0.138,当地,,,128,0.141,6,0.147,0.141,全国,,
5035,櫻井優,115,0.17,7,0.174,0.17,全国,,,116,0.163,5,0.176,0.163,全国,,
5036,福田翔吾,120,0.161,0,,0.161,全国,,,124,0.149,0,,0.149,全国,,
5037,田頭虎親,89,0.166,4,0.122,0.166,全国,,,97,0.185,4,0.188,0.185,全国,●,
5038,金田智博,115,0.149,0,,0.149,全国,,,97,0.144,0,,0.144,全国,,
5039,倉田茂将,87,0.157,0,,0.157,全国,,,94,0.147,0,,0.147,全国,,
5041,荒牧凪沙,76,0.182,0,,0.182,全国,●,,88,0.191,0,,0.191,全国,●,
5042,畑田汰一,119,0.117,4,0.07,0.117,全国,,●,109,0.13,4,0.105,0.13,全国,,●
5043,中村日向,137,0.126,8,0.119,0.126,全国,,●,129,0.137,9,0.119,0.137,全国,,
5044,渡邉健,91,0.139,4,0.135,0.139,全国,,,93,0.147,2,0.11,0.147,全国,,
5045,平川香織,134,0.189,11,0.175,0.175,当地,,,127,0.212,8,0.233,0.212,全国,●,
5046,松山裕基,77,0.171,0,,0.171,全国,,,92,0.186,0,,0.186,全国,●,
5047,國分将太郎,98,0.143,4,0.1,0.143,全国,,,96,0.186,3,0.13,0.186,全国,●,
5048,眞鳥康太,57,0.169,11,0.147,0.147,当地,,,129,0.201,20,0.16,0.16,当地,,
5049,松井友汰,86,0.168,5,0.176,0.168,全国,,,91,0.188,4,0.18,0.188,全国,●,
5050,木下雄介,118,0.158,3,0.133,0.158,全国,,,104,0.158,3,0.157,0.158,全国,,
5051,松本純平,126,0.148,3,0.09,0.148,全国,,,111,0.161,6,0.103,0.161,全国,,
5052,赤井星璃菜,65,0.141,0,,0.141,全国,,,61,0.173,0,,0.173,全国,,
5053,山口広樹,75,0.169,0,,0.169,全国,,,92,0.192,0,,0.192,全国,●,
5054,佐々木大河,99,0.124,5,0.108,0.124,全国,,●,97,0.142,4,0.16,0.142,全国,,
5055,眞鳥章太,122,0.147,32,0.15,0.15,当地,,,113,0.154,28,0.13,0.13,当地,,●
5056,西岡成美,16,0.167,5,0.214,0.167,全国,,,18,0.138,5,0.168,0.138,全国,,
5057,上田紗奈,110,0.153,7,0.134,0.153,全国,,,96,0.162,10,0.154,0.154,当地,,
5058,前原大道,138,0.156,7,0.141,0.156,全国,,,126,0.164,7,0.143,0.164,全国,,
5060,数原魁,124,0.156,7,0.144,0.156,全国,,,115,0.174,4,0.195,0.174,全国,,
5061,中村駿平,69,0.171,4,0.237,0.171,全国,,,79,0.168,4,0.205,0.168,全国,,
5063,大塚雅治,83,0.181,8,0.154,0.181,全国,●,,97,0.185,8,0.136,0.185,全国,●,
5064,品川二千翔,120,0.157,4,0.2,0.157,全国,,,120,0.171,4,0.155,0.171,全国,,
5065,伊久間陽優,86,0.123,0,,0.123,全国,,●,91,0.116,0,,0.116,全国,,●
5066,鈴木孝明,128,0.164,4,0.207,0.164,全国,,,123,0.156,4,0.158,0.156,全国,,
5067,山田真聖,89,0.149,4,0.122,0.149,全国,,,102,0.157,3,0.123,0.157,全国,,
5068,前田滉,138,0.14,0,,0.14,全国,,,106,0.14,0,,0.14,全国,,
5069,山崎小葉音,90,0.154,5,0.118,0.154,全国,,,82,0.17,4,0.165,0.17,全国,,
5070,中島航,85,0.181,0,,0.181,全国,●,,78,0.214,0,,0.214,全国,●,
5071,野見山拓己,87,0.115,0,,0.115,全国,,●,92,0.147,0,,0.147,全国,,
5072,吉田杏美,27,0.224,0,,0.224,全国,●,,25,0.185,0,,0.185,全国,●,
5073,上原健次郎,120,0.183,5,0.16,0.183,全国,●,,106,0.176,5,0.132,0.176,全国,,
5074,大澤誠也,84,0.182,3,0.15,0.182,全国,●,,98,0.186,3,0.16,0.186,全国,●,
5075,中島秀治,134,0.165,4,0.165,0.165,全国,,,126,0.157,5,0.164,0.157,全国,,
5076,石原光,104,0.156,0,,0.156,全国,,,103,0.17,0,,0.17,全国,,
5077,滝沢崚,54,0.184,4,0.21,0.184,全国,●,,66,0.178,5,0.204,0.178,全国,,
5078,山川波乙,94,0.17,5,0.168,0.17,全国,,,97,0.201,5,0.22,0.201,全国,●,
5079,大石真央,104,0.169,3,0.177,0.169,全国,,,101,0.177,7,0.163,0.177,全国,,
5081,篠原飛翔,104,0.179,6,0.152,0.179,全国,,,96,0.175,5,0.146,0.175,全国,,
5082,一色凌雅,120,0.187,0,,0.187,全国,●,,122,0.191,0,,0.191,全国,●,
5083,柳瀬幹太,81,0.178,5,0.132,0.178,全国,,,83,0.155,4,0.095,0.155,全国,,
5084,末永和也,108,0.13,0,,0.13,全国,,●,90,0.137,0,,0.137,全国,,
5085,中村栄治,111,0.189,0,,0.189,全国,●,,102,0.211,0,,0.211,全国,●,
5086,本村大,79,0.197,18,0.177,0.177,当地,,,93,0.196,21,0.169,0.169,当地,,
5087,佐藤航,119,0.15,10,0.106,0.106,当地,,●,121,0.155,9,0.147,0.155,全国,,
5088,高憧四季,160,0.144,6,0.08,0.144,全国,,,136,0.161,7,0.104,0.161,全国,,
5089,前田翔,137,0.145,12,0.131,0.131,当地,,,102,0.172,10,0.191,0.191,当地,●,
5090,生方靖亜,74,0.141,1,0.18,0.141,全国,,,86,0.171,5,0.224,0.171,全国,,
5091,為本智也,85,0.158,0,,0.158,全国,,,77,0.159,0,,0.159,全国,,
5092,篠原晟弥,109,0.137,10,0.103,0.103,当地,,●,101,0.138,10,0.122,0.122,当地,,●
5093,浦野海,97,0.155,0,,0.155,全国,,,96,0.207,0,,0.207,全国,●,
5095,小原聡将,107,0.152,6,0.15,0.152,全国,,,93,0.147,4,0.138,0.147,全国,,
5096,上原崚,119,0.138,3,0.143,0.138,全国,,,128,0.145,3,0.117,0.145,全国,,
5098,大江純,96,0.132,6,0.09,0.132,全国,,,104,0.147,5,0.142,0.147,全国,,
5100,栗原一馬,77,0.16,0,,0.16,全国,,,83,0.183,0,,0.183,全国,●,
5101,表健太,68,0.183,0,,0.183,全国,●,,86,0.202,0,,0.202,全国,●,
5102,原田雄次,106,0.165,7,0.151,0.165,全国,,,109,0.216,6,0.202,0.216,全国,●,
5103,芝田京介,63,0.188,5,0.138,0.188,全国,●,,80,0.201,5,0.264,0.201,全国,●,
5104,山田丈,86,0.143,5,0.188,0.143,全国,,,87,0.173,4,0.2,0.173,全国,,
5105,富田恕生,108,0.188,5,0.188,0.188,全国,●,,106,0.167,5,0.176,0.167,全国,,
5106,山崎祥,101,0.176,0,,0.176,全国,,,95,0.187,0,,0.187,全国,●,
5107,松本真広,74,0.176,3,0.153,0.176,全国,,,78,0.184,5,0.188,0.184,全国,●,
5108,柴田愛梨,51,0.26,0,,0.26,全国,●,,57,0.252,0,,0.252,全国,●,
5109,川崎智稔,117,0.144,0,,0.144,全国,,,109,0.131,0,,0.131,全国,,
5110,杉山喜一,108,0.152,0,,0.152,全国,,,102,0.158,0,,0.158,全国,,
5111,三村岳人,106,0.159,5,0.108,0.159,全国,,,105,0.149,2,0.195,0.149,全国,,
5112,砂長知輝,148,0.137,13,0.15,0.15,当地,,,120,0.17,9,0.181,0.17,全国,,
5113,黒明花夢,32,0.202,0,,0.202,全国,●,,35,0.179,0,,0.179,全国,,
5114,小林孝彰,147,0.157,7,0.127,0.157,全国,,,120,0.173,3,0.217,0.173,全国,,
5115,香川颯太,80,0.136,0,,0.136,全国,,,86,0.155,0,,0.155,全国,,
5117,冨名腰桃奈,64,0.171,5,0.102,0.171,全国,,,63,0.183,4,0.17,0.183,全国,●,
5118,野田なづき,79,0.187,5,0.164,0.187,全国,●,,71,0.186,4,0.16,0.186,全国,●,
5120,山本稔太朗,83,0.15,5,0.132,0.15,全国,,,73,0.168,5,0.146,0.168,全国,,
5121,定松勇樹,139,0.136,5,0.128,0.136,全国,,,113,0.132,3,0.073,0.132,全国,,
5122,相馬翔,60,0.159,4,0.128,0.159,全国,,,71,0.201,5,0.248,0.201,全国,●,
5123,福山恵里奈,98,0.159,4,0.198,0.159,全国,,,103,0.164,5,0.098,0.164,全国,,
5124,上瀧絢也,80,0.174,8,0.161,0.174,全国,,,88,0.155,5,0.114,0.155,全国,,
5125,高井雄基,118,0.169,6,0.102,0.169,全国,,,109,0.205,5,0.158,0.205,全国,●,
5126,山下大輝,122,0.145,12,0.149,0.149,当地,,,115,0.156,13,0.188,0.188,当地,●,
5127,沼田大都,94,0.198,5,0.248,0.198,全国,●,,94,0.218,4,0.205,0.218,全国,●,
5128,坪井爽佑,71,0.181,3,0.193,0.181,全国,●,,85,0.173,6,0.2,0.173,全国,,
5129,山口真喜子,110,0.159,22,0.15,0.15,当地,,,100,0.152,19,0.194,0.194,当地,●,
5130,上野拓馬,111,0.168,4,0.13,0.168,全国,,,99,0.18,2,0.15,0.18,全国,,
5131,江藤敦宏,87,0.188,0,,0.188,全国,●,,92,0.167,0,,0.167,全国,,
5132,中野希一,160,0.135,3,0.103,0.135,全国,,,118,0.131,4,0.198,0.131,全国,,
5133,堀越雄貴,85,0.201,0,,0.201,全国,●,,82,0.206,0,,0.206,全国,●,
5134,大原祥昌,127,0.144,5,0.086,0.144,全国,,,115,0.156,4,0.152,0.156,全国,,
5135,仲航太,96,0.142,0,,0.142,全国,,,102,0.197,0,,0.197,全国,●,
5136,濱野斗馬,162,0.136,13,0.125,0.125,当地,,●,128,0.156,13,0.144,0.144,当地,,
5137,川原涼,93,0.164,4,0.152,0.164,全国,,,99,0.167,3,0.137,0.167,全国,,
5138,村本大成,71,0.18,5,0.118,0.18,全国,,,67,0.188,4,0.155,0.188,全国,●,
5139,大場恒季,132,0.154,5,0.128,0.154,全国,,,93,0.158,3,0.18,0.158,全国,,
5140,吉田彩乃,77,0.171,0,,0.171,全国,,,78,0.191,0,,0.191,全国,●,
5141,大澤風葵,124,0.146,4,0.12,0.146,全国,,,98,0.127,4,0.155,0.127,全国,,●
5142,常住蓮,143,0.134,4,0.07,0.134,全国,,,110,0.137,5,0.106,0.137,全国,,
5143,常盤海心,110,0.186,5,0.23,0.186,全国,●,,110,0.193,6,0.185,0.193,全国,●,
5144,中尾彩香,103,0.158,0,,0.158,全国,,,100,0.169,0,,0.169,全国,,
5145,島川海輝,163,0.148,11,0.128,0.128,当地,,●,129,0.159,9,0.139,0.159,全国,,
5146,野田彩加,99,0.153,0,,0.153,全国,,,91,0.171,0,,0.171,全国,,
5147,田中勇輔,74,0.142,6,0.157,0.142,全国,,,77,0.152,7,0.201,0.152,全国,,
5148,松本怜,69,0.174,3,0.123,0.174,全国,,,73,0.187,3,0.183,0.187,全国,●,
5150,坂本雄紀,108,0.149,0,,0.149,全国,,,101,0.134,0,,0.134,全国,,
5151,山下奈緒,97,0.201,4,0.205,0.201,全国,●,,91,0.241,5,0.216,0.241,全国,●,
5152,丸山祐也,89,0.208,5,0.244,0.208,全国,●,,80,0.237,4,0.265,0.237,全国,●,
5153,佐藤ほのか,104,0.182,0,,0.182,全国,●,,94,0.156,0,,0.156,全国,,
5154,村松栄太,108,0.163,12,0.125,0.125,当地,,●,109,0.179,9,0.189,0.179,全国,,
5155,内山七海,112,0.141,4,0.138,0.141,全国,,,107,0.149,4,0.232,0.149,全国,,
5156,坂野さくら,92,0.171,4,0.147,0.171,全国,,,85,0.179,4,0.183,0.179,全国,,
5157,市川健太,108,0.171,1,0.02,0.171,全国,,,107,0.163,2,0.08,0.163,全国,,
5158,宮脇遼太,142,0.145,10,0.106,0.106,当地,,●,124,0.155,9,0.14,0.155,全国,,
5160,藤森陸斗,145,0.149,13,0.142,0.142,当地,,,125,0.147,10,0.137,0.137,当地,,
5161,登玉隼百,108,0.143,8,0.114,0.143,全国,,,110,0.147,5,0.15,0.147,全国,,
5162,松尾怜実,37,0.165,0,,0.165,全国,,,27,0.186,0,,0.186,全国,●,
5163,清水愛海,116,0.153,0,,0.153,全国,,,114,0.182,0,,0.182,全国,●,
5164,森田梨湖,51,0.21,5,0.174,0.21,全国,●,,46,0.203,4,0.24,0.203,全国,●,
5165,小林愛実,102,0.165,0,,0.165,全国,,,99,0.173,0,,0.173,全国,,
5166,仲道大輔,119,0.152,4,0.195,0.152,全国,,,112,0.174,3,0.16,0.174,全国,,
5167,小川竜太朗,95,0.161,0,,0.161,全国,,,88,0.155,0,,0.155,全国,,
5169,堀本翔太,57,0.198,3,0.187,0.198,全国,●,,62,0.187,3,0.17,0.187,全国,●,
5170,佐藤太亮,116,0.154,9,0.107,0.154,全国,,,99,0.158,9,0.104,0.158,全国,,
5171,清水未唯,4,0.212,0,,0.212,全国,●,,4,0.18,0,,0.18,全国,,
5172,田村慶,105,0.198,0,,0.198,全国,●,,103,0.18,0,,0.18,全国,,
5173,谷口佳蓮,96,0.145,9,0.144,0.145,全国,,,102,0.161,9,0.129,0.161,全国,,
5174,川井萌,52,0.181,1,0.18,0.181,全国,●,,52,0.185,2,0.14,0.185,全国,●,
5175,島崎丈一朗,68,0.159,0,,0.159,全国,,,76,0.178,0,,0.178,全国,,
5176,石倉拓美,44,0.182,7,0.184,0.182,全国,●,,44,0.164,5,0.142,0.164,全国,,
5177,松井貫太,110,0.2,0,,0.2,全国,●,,108,0.199,0,,0.199,全国,●,
5178,成貞琳平,116,0.171,6,0.115,0.171,全国,,,116,0.201,5,0.22,0.201,全国,●,
5179,藤本元輝,58,0.181,0,,0.181,全国,●,,76,0.199,0,,0.199,全国,●,
5180,藤本紗弥香,44,0.202,4,0.158,0.202,全国,●,,56,0.201,6,0.217,0.201,全国,●,
5181,森智哉,93,0.164,0,,0.164,全国,,,93,0.169,0,,0.169,全国,,
5182,宮崎安奈,100,0.156,0,,0.156,全国,,,85,0.142,0,,0.142,全国,,
5183,中野孝二,91,0.152,0,,0.152,全国,,,94,0.161,0,,0.161,全国,,
5184,飯塚響,38,0.205,0,,0.205,全国,●,,43,0.19,0,,0.19,全国,●,
5185,加藤優弥,94,0.121,1,0.05,0.121,全国,,●,99,0.146,5,0.126,0.146,全国,,
5186,遠藤圭吾,90,0.17,0,,0.17,全国,,,85,0.174,0,,0.174,全国,,
5187,小坂風太,56,0.202,0,,0.202,全国,●,,55,0.208,0,,0.208,全国,●,
5188,武井莉里佳,126,0.169,9,0.18,0.169,全国,,,112,0.15,9,0.148,0.15,全国,,
5189,藤原早菜,129,0.207,5,0.23,0.207,全国,●,,124,0.186,5,0.2,0.186,全国,●,
5190,大月遊雅,82,0.163,7,0.121,0.163,全国,,,93,0.186,8,0.141,0.186,全国,●,
5191,飛田江己,152,0.117,15,0.109,0.109,当地,,●,134,0.12,13,0.094,0.094,当地,,●
5192,中尾優香,71,0.192,10,0.186,0.186,当地,●,,77,0.189,9,0.137,0.189,全国,●,
5193,米丸乃絵,135,0.147,11,0.136,0.136,当地,,,118,0.166,8,0.165,0.166,全国,,
5194,大久保佑香,100,0.169,0,,0.169,全国,,,101,0.169,0,,0.169,全国,,
5195,北村寧々,92,0.148,14,0.121,0.121,当地,,●,90,0.142,17,0.109,0.109,当地,,●
5196,鰐部太空海,125,0.162,11,0.141,0.141,当地,,,117,0.171,8,0.164,0.171,全国,,
5197,中野仁照,49,0.158,0,,0.158,全国,,,61,0.175,0,,0.175,全国,,
5198,奥村明日香,83,0.196,1,0.24,0.196,全国,●,,89,0.191,2,0.17,0.191,全国,●,
5199,垂水悠,91,0.117,0,,0.117,全国,,●,94,0.108,0,,0.108,全国,,●
5200,筒井美琴,42,0.213,2,0.22,0.213,全国,●,,54,0.187,3,0.3,0.187,全国,●,
5201,村上宗太郎,52,0.182,3,0.207,0.182,全国,●,,66,0.205,2,0.125,0.205,全国,●,
5203,神里琴音,104,0.154,0,,0.154,全国,,,97,0.153,0,,0.153,全国,,
5204,宇恵有香,61,0.175,4,0.228,0.175,全国,,,65,0.159,4,0.175,0.159,全国,,
5205,刑部亜里紗,117,0.157,10,0.13,0.13,当地,,●,119,0.184,15,0.236,0.236,当地,●,
5206,梅原祥平,71,0.14,5,0.142,0.14,全国,,,69,0.145,4,0.245,0.145,全国,,
5207,高山敬悟,79,0.173,7,0.164,0.173,全国,,,88,0.163,9,0.141,0.163,全国,,
5208,屋良龍紀,83,0.151,16,0.107,0.107,当地,,●,92,0.165,15,0.133,0.133,当地,,
5209,小野京平,68,0.192,8,0.217,0.192,全国,●,,81,0.199,7,0.251,0.199,全国,●,
5210,藤井公人,107,0.14,0,,0.14,全国,,,114,0.151,0,,0.151,全国,,
5211,高井駿弥,86,0.173,7,0.116,0.173,全国,,,90,0.153,8,0.117,0.153,全国,,
5212,西川拓利,126,0.123,6,0.113,0.123,全国,,●,120,0.135,4,0.145,0.135,全国,,
5213,湯淺紀香,114,0.171,13,0.158,0.158,当地,,,114,0.205,15,0.185,0.185,当地,●,
5214,田中宏典,111,0.172,9,0.158,0.172,全国,,,101,0.18,6,0.128,0.18,全国,,
5216,長谷川晴哉,158,0.161,5,0.118,0.161,全国,,,121,0.158,5,0.116,0.158,全国,,
5217,藤原碧生,117,0.153,4,0.138,0.153,全国,,,113,0.175,4,0.203,0.175,全国,,
5218,山田理央,112,0.149,12,0.123,0.123,当地,,●,115,0.152,16,0.131,0.131,当地,,
5219,森口和紀,88,0.184,5,0.172,0.184,全国,●,,97,0.168,6,0.108,0.168,全国,,
5220,青木蓮,146,0.125,18,0.102,0.102,当地,,●,129,0.113,10,0.126,0.126,当地,,●
5221,竹間隆晟,154,0.144,6,0.13,0.144,全国,,,128,0.154,5,0.126,0.154,全国,,
5222,津田陸翔,144,0.166,5,0.138,0.166,全国,,,117,0.176,4,0.152,0.176,全国,,
5223,森清友翔,121,0.151,0,,0.151,全国,,,121,0.166,0,,0.166,全国,,
5224,西岡顕心,140,0.139,7,0.127,0.139,全国,,,119,0.15,8,0.171,0.15,全国,,
5226,藤田俊祐,86,0.142,0,,0.142,全国,,,73,0.17,0,,0.17,全国,,
5227,川原愛未,18,0.143,3,0.21,0.143,全国,,,29,0.183,5,0.208,0.183,全国,●,
5228,若林樹蘭,111,0.157,0,,0.157,全国,,,102,0.168,0,,0.168,全国,,
5229,吉川晴人,119,0.174,0,,0.174,全国,,,107,0.156,0,,0.156,全国,,
5230,石原凪紗,89,0.191,0,,0.191,全国,●,,94,0.195,0,,0.195,全国,●,
5231,寺田空詩,94,0.153,1,0.1,0.153,全国,,,79,0.17,0,,0.17,全国,,
5232,樅山拓馬,94,0.163,6,0.182,0.163,全国,,,94,0.149,9,0.149,0.149,全国,,
5234,塚越海斗,160,0.147,0,,0.147,全国,,,127,0.138,0,,0.138,全国,,
5235,岩田凌,61,0.177,0,,0.177,全国,,,60,0.179,0,,0.179,全国,,
5236,小宮涼雅,103,0.151,11,0.167,0.167,当地,,,120,0.18,15,0.175,0.175,当地,,
5237,永松良教,61,0.123,0,,0.123,全国,,●,78,0.181,0,,0.181,全国,●,
5238,笹木香吾,118,0.154,9,0.136,0.154,全国,,,113,0.14,7,0.114,0.14,全国,,
5239,上野俊樹,96,0.16,0,,0.16,全国,,,92,0.159,0,,0.159,全国,,
5240,高橋龍治,96,0.17,4,0.127,0.17,全国,,,95,0.169,5,0.182,0.169,全国,,
5241,門田栞,86,0.181,9,0.162,0.181,全国,●,,90,0.167,9,0.138,0.167,全国,,
5242,高山弘斗,86,0.178,6,0.135,0.178,全国,,,89,0.192,9,0.173,0.192,全国,●,
5243,三馬崇史,105,0.144,4,0.135,0.144,全国,,,111,0.169,4,0.148,0.169,全国,,
5244,黒田剛,84,0.143,6,0.127,0.143,全国,,,86,0.17,3,0.093,0.17,全国,,
5245,倉富大誠,86,0.177,2,0.18,0.177,全国,,,96,0.165,1,0.08,0.165,全国,,
5246,楠将太郎,112,0.163,7,0.136,0.163,全国,,,106,0.172,3,0.2,0.172,全国,,
5247,大森翼,112,0.182,9,0.164,0.182,全国,●,,105,0.156,5,0.134,0.156,全国,,
5248,本田愛,82,0.195,0,,0.195,全国,●,,99,0.182,0,,0.182,全国,●,
5249,三木晴斗,98,0.155,0,,0.155,全国,,,99,0.161,0,,0.161,全国,,
5250,嶋田有里,96,0.17,29,0.164,0.164,当地,,,91,0.183,32,0.18,0.18,当地,,
5251,沼田七華,52,0.176,0,,0.176,全国,,,49,0.176,0,,0.176,全国,,
5252,荒木颯斗,134,0.131,15,0.135,0.135,当地,,,110,0.15,11,0.143,0.143,当地,,
5253,藤井太雅,48,0.233,0,,0.233,全国,●,,59,0.24,0,,0.24,全国,●,
5254,羽田妃希,71,0.235,7,0.256,0.235,全国,●,,86,0.211,9,0.182,0.211,全国,●,
5255,藤原仙二,130,0.186,0,,0.186,全国,●,,125,0.18,0,,0.18,全国,,
5256,中山翔太,127,0.13,5,0.116,0.13,全国,,●,108,0.127,4,0.098,0.127,全国,,●
5257,西丸侑太朗,159,0.154,13,0.149,0.149,当地,,,132,0.151,10,0.162,0.162,当地,,
5258,仲本舜,81,0.145,5,0.14,0.145,全国,,,92,0.172,4,0.2,0.172,全国,,
5259,野田昇吾,57,0.148,0,,0.148,全国,,,68,0.178,0,,0.178,全国,,
5261,岡暢祐,91,0.155,19,0.126,0.126,当地,,●,86,0.18,14,0.142,0.142,当地,,
5262,鈴木章司,85,0.169,0,,0.169,全国,,,84,0.22,0,,0.22,全国,●,
5263,花田凱成,105,0.166,3,0.15,0.166,全国,,,104,0.181,2,0.19,0.181,全国,●,
5264,登みひ果,112,0.16,0,,0.16,全国,,,112,0.168,0,,0.168,全国,,
5265,大廣咲季,106,0.15,0,,0.15,全国,,,111,0.166,0,,0.166,全国,,
5266,石田勇斗,97,0.15,10,0.16,0.16,当地,,,102,0.151,10,0.139,0.139,当地,,
5267,石本裕武,148,0.149,4,0.117,0.149,全国,,,129,0.147,4,0.128,0.147,全国,,
5268,山本幸也,70,0.161,0,,0.161,全国,,,98,0.227,0,,0.227,全国,●,
5269,山口晃朋,109,0.134,0,,0.134,全国,,,108,0.139,0,,0.139,全国,,
5270,小玉啓太,90,0.161,13,0.109,0.109,当地,,●,101,0.167,11,0.132,0.132,当地,,
5271,杉山太陽,97,0.158,4,0.103,0.158,全国,,,98,0.181,2,0.15,0.181,全国,●,
5272,松田真実,95,0.186,4,0.177,0.186,全国,●,,97,0.188,5,0.132,0.188,全国,●,
5273,山下拓巳,107,0.166,0,,0.166,全国,,,104,0.192,0,,0.192,全国,●,
5274,城間盛渚,75,0.172,0,,0.172,全国,,,88,0.188,0,,0.188,全国,●,
5275,松田淳平,129,0.127,4,0.11,0.127,全国,,●,109,0.126,4,0.147,0.126,全国,,●
5276,大島隆乃介,114,0.156,14,0.154,0.154,当地,,,103,0.165,13,0.138,0.138,当地,,
5277,井上未都,101,0.146,5,0.124,0.146,全国,,,110,0.151,5,0.192,0.151,全国,,
5278,田中駿兵,143,0.136,8,0.14,0.136,全国,,,118,0.147,6,0.143,0.147,全国,,
5279,石渡翔一郎,119,0.155,0,,0.155,全国,,,95,0.158,0,,0.158,全国,,
5280,廣瀬凜,139,0.141,4,0.152,0.141,全国,,,127,0.171,4,0.203,0.171,全国,,
5281,井上遥妃,106,0.135,4,0.107,0.135,全国,,,100,0.143,6,0.192,0.143,全国,,
5282,中本大樹,112,0.15,6,0.135,0.15,全国,,,114,0.165,4,0.092,0.165,全国,,
5283,植木美帆,48,0.202,2,0.21,0.202,全国,●,,62,0.204,5,0.142,0.204,全国,●,
5284,嘉手苅徹哉,71,0.143,9,0.147,0.143,全国,,,85,0.177,11,0.177,0.177,当地,,
5285,若林麗,92,0.185,5,0.2,0.185,全国,●,,101,0.183,4,0.182,0.183,全国,●,
5286,坂井滉哉,106,0.16,11,0.134,0.134,当地,,,99,0.15,8,0.144,0.15,全国,,
5287,滝沢織寧,83,0.164,0,,0.164,全国,,,90,0.163,0,,0.163,全国,,
5288,尾道佳諭,90,0.145,0,,0.145,全国,,,93,0.149,0,,0.149,全国,,
5289,佃來紀,109,0.157,4,0.215,0.157,全国,,,111,0.148,4,0.152,0.148,全国,,
5290,坂本一真,93,0.165,5,0.22,0.165,全国,,,93,0.175,4,0.093,0.175,全国,,
5291,三嶌こころ,94,0.187,4,0.173,0.187,全国,●,,116,0.243,5,0.228,0.243,全国,●,
5292,佐藤右京,106,0.199,4,0.185,0.199,全国,●,,96,0.204,5,0.258,0.204,全国,●,
5293,眞崎武蔵,59,0.197,0,,0.197,全国,●,,79,0.195,0,,0.195,全国,●,
5294,豊田祥生,88,0.164,5,0.122,0.164,全国,,,97,0.162,4,0.107,0.162,全国,,
5295,田上凜,46,0.172,0,,0.172,全国,,,117,0.178,0,,0.178,全国,,
5296,永田楽,76,0.198,4,0.172,0.198,全国,●,,95,0.197,4,0.122,0.197,全国,●,
5297,南彩寧,99,0.198,0,,0.198,全国,●,,100,0.219,0,,0.219,全国,●,
5298,水谷理人,130,0.141,4,0.122,0.141,全国,,,124,0.151,4,0.07,0.151,全国,,
5299,西丸敦基,111,0.146,5,0.174,0.146,全国,,,119,0.138,5,0.162,0.138,全国,,
5300,横田海人,74,0.18,2,0.19,0.18,全国,,,76,0.182,3,0.2,0.182,全国,●,
5301,岩下巧斗,113,0.157,7,0.126,0.157,全国,,,92,0.155,3,0.127,0.155,全国,,
5302,秋末秦悟,78,0.16,6,0.148,0.16,全国,,,76,0.165,3,0.14,0.165,全国,,
5303,土井歩夢,108,0.16,8,0.145,0.16,全国,,,110,0.162,8,0.141,0.162,全国,,
5304,井田涼介,38,0.206,0,,0.206,全国,●,,74,0.206,0,,0.206,全国,●,
5305,伊藤栞,66,0.172,9,0.13,0.172,全国,,,69,0.166,8,0.163,0.166,全国,,
5306,河内悠利杏,88,0.203,0,,0.203,全国,●,,86,0.185,0,,0.185,全国,●,
5307,富永夏哉人,104,0.176,14,0.189,0.189,当地,●,,103,0.191,10,0.164,0.164,当地,,
5308,藤森拓海,98,0.168,3,0.107,0.168,全国,,,108,0.167,4,0.225,0.167,全国,,
5309,森雄利,71,0.149,19,0.159,0.159,当地,,,83,0.158,16,0.127,0.127,当地,,●
5310,土屋蘭,74,0.182,12,0.168,0.168,当地,,,87,0.179,11,0.154,0.154,当地,,
5311,小林京平,110,0.168,8,0.131,0.168,全国,,,99,0.177,6,0.172,0.177,全国,,
5312,川辺郭人,88,0.171,10,0.136,0.136,当地,,,95,0.171,15,0.167,0.167,当地,,
5313,鈴木唯央,80,0.145,3,0.223,0.145,全国,,,100,0.173,3,0.17,0.173,全国,,
5314,中曽瑠華,77,0.176,2,0.41,0.176,全国,,,91,0.184,1,0.16,0.184,全国,●,
5315,浅井翼,71,0.181,2,0.09,0.181,全国,●,,90,0.203,2,0.22,0.203,全国,●,
5316,村松将平,84,0.154,6,0.177,0.154,全国,,,110,0.142,4,0.17,0.142,全国,,
5317,長尾萌加,102,0.153,2,0.115,0.153,全国,,,116,0.164,4,0.163,0.164,全国,,
5318,河内一馬,91,0.172,5,0.156,0.172,全国,,,102,0.174,4,0.098,0.174,全国,,
5319,近藤颯斗,59,0.156,5,0.124,0.156,全国,,,64,0.14,7,0.104,0.14,全国,,
5320,岩崎麗子,85,0.181,0,,0.181,全国,●,,87,0.15,0,,0.15,全国,,
5321,一色颯輝,79,0.194,0,,0.194,全国,●,,80,0.195,0,,0.195,全国,●,
5322,根岸真優,91,0.186,0,,0.186,全国,●,,92,0.157,0,,0.157,全国,,
5323,香川陽太,72,0.167,6,0.115,0.167,全国,,,89,0.164,4,0.185,0.164,全国,,
5324,畑田希咲,66,0.197,0,,0.197,全国,●,,77,0.214,0,,0.214,全国,●,
5325,澁川夏,102,0.155,4,0.165,0.155,全国,,,120,0.158,2,0.075,0.158,全国,,
5326,三嶌さらら,119,0.174,3,0.14,0.174,全国,,,126,0.18,13,0.185,0.185,当地,●,
5327,西田和加,63,0.187,4,0.145,0.187,全国,●,,83,0.196,5,0.22,0.196,全国,●,
5328,井上慧人,78,0.174,0,,0.174,全国,,,88,0.172,0,,0.172,全国,,
5329,金子龍斗,80,0.153,0,,0.153,全国,,,102,0.172,0,,0.172,全国,,
5330,安河内鈴之介,128,0.136,0,,0.136,全国,,,113,0.159,0,,0.159,全国,,
5331,佐藤永梧,92,0.136,4,0.062,0.136,全国,,,88,0.153,2,0.205,0.153,全国,,
5332,村松遥輝,99,0.171,2,0.195,0.171,全国,,,108,0.154,3,0.207,0.154,全国,,
5333,山下智己,63,0.19,4,0.205,0.19,全国,●,,61,0.2,2,0.145,0.2,全国,●,
5334,樫葉新心,87,0.186,0,,0.186,全国,●,,101,0.203,0,,0.203,全国,●,
5335,森陽多,71,0.188,17,0.188,0.188,当地,●,,93,0.166,21,0.126,0.126,当地,,●
5336,瀬川大地,82,0.151,9,0.141,0.151,全国,,,84,0.178,9,0.156,0.178,全国,,
5337,出畑孝成,1,0.31,0,,0.31,全国,●,,195,0.19,18,0.177,0.177,当地,,
5338,香月大輝,56,0.148,4,0.143,0.148,全国,,,133,0.152,4,0.128,0.152,全国,,
5339,石井伸長,69,0.18,0,,0.18,全国,,,91,0.159,4,0.158,0.159,全国,,
5340,樋江井舞,73,0.169,0,,0.169,全国,,,140,0.153,0,,0.153,全国,,
5341,山道諄也,27,0.159,0,,0.159,全国,,,119,0.194,0,,0.194,全国,●,
5342,原村百那,32,0.174,4,0.165,0.174,全国,,,135,0.17,13,0.178,0.178,当地,,
5343,小林礼央,39,0.175,2,0.195,0.175,全国,,,154,0.153,13,0.122,0.122,当地,,●
5344,谷口丞,76,0.15,0,,0.15,全国,,,110,0.142,0,,0.142,全国,,
5345,牧村俊輝,70,0.163,11,0.154,0.154,当地,,,130,0.202,13,0.178,0.178,当地,,
5346,中村紋夕梨,36,0.198,5,0.218,0.198,全国,●,,132,0.206,11,0.17,0.17,当地,,
5347,井澤聖奈,12,0.244,0,,0.244,全国,●,,143,0.2,7,0.137,0.2,全国,●,
5348,小林甘寧,28,0.175,0,,0.175,全国,,,155,0.152,9,0.188,0.152,全国,,
5349,宮崎奏磨,22,0.222,0,,0.222,全国,●,,126,0.195,0,,0.195,全国,●,
5350,網代良芽,98,0.156,6,0.107,0.156,全国,,,108,0.156,7,0.136,0.156,全国,,
5351,齊藤廉,92,0.159,9,0.136,0.159,全国,,,116,0.157,8,0.131,0.157,全国,,
5352,西岡蒼志,98,0.168,6,0.178,0.168,全国,,,104,0.17,5,0.156,0.17,全国,,
5353,草川壮良,29,0.17,0,,0.17,全国,,,109,0.179,0,,0.179,全国,,
5354,渡邊雄斗,39,0.158,3,0.13,0.158,全国,,,157,0.187,3,0.127,0.187,全国,●,
5355,萩原丈太朗,61,0.182,5,0.19,0.182,全国,●,,108,0.177,4,0.128,0.177,全国,,
5356,長谷川暖,86,0.156,5,0.122,0.156,全国,,,82,0.165,4,0.17,0.165,全国,,
5357,田中瀬里奈,49,0.194,0,,0.194,全国,●,,105,0.177,0,,0.177,全国,,
5358,増本杏珠,53,0.2,4,0.247,0.2,全国,●,,87,0.204,12,0.26,0.26,当地,●,
5359,佐藤世那,81,0.155,0,,0.155,全国,,,83,0.174,0,,0.174,全国,,
5360,高木茉白,51,0.184,4,0.203,0.184,全国,●,,106,0.183,5,0.206,0.183,全国,●,
5361,植竹玲奈,39,0.213,5,0.262,0.213,全国,●,,116,0.214,11,0.197,0.197,当地,●,
5362,中嶋世奈,37,0.215,9,0.17,0.215,全国,●,,103,0.213,9,0.206,0.213,全国,●,
5363,山本凱立,1,0.13,0,,0.13,全国,,●,74,0.197,0,,0.197,全国,●,
5364,金子怜央,8,0.143,0,,0.143,全国,,,181,0.156,0,,0.156,全国,,
5365,石村日奈那,31,0.217,0,,0.217,全国,●,,129,0.197,0,,0.197,全国,●,
5366,塩嶋泰空,24,0.185,0,,0.185,全国,●,,116,0.187,0,,0.187,全国,●,
5367,赤松咲香,9,0.182,1,0.12,0.182,全国,●,,104,0.185,5,0.246,0.185,全国,●,
5368,宮崎心之介,61,0.142,0,,0.142,全国,,,111,0.167,0,,0.167,全国,,
5369,岡崎凪汰,79,0.166,19,0.195,0.195,当地,●,,96,0.165,17,0.168,0.168,当地,,
5370,日隈茜,7,0.121,0,,0.121,全国,,●,120,0.191,0,,0.191,全国,●,
5371,早川颯太,3,0.183,0,,0.183,全国,●,,153,0.205,0,,0.205,全国,●,
5372,上岡巧汰,0,,0,,,,,,137,0.166,15,0.13,0.13,当地,,●
5373,諏訪玲奈,17,0.262,0,,0.262,全国,●,,98,0.196,7,0.169,0.196,全国,●,
5374,木山大聖,0,,0,,,,,,159,0.146,25,0.12,0.12,当地,,●
5375,庄島潤成,0,,0,,,,,,191,0.181,16,0.148,0.148,当地,,
5376,吉田一心,98,0.153,4,0.168,0.153,全国,,,114,0.173,4,0.162,0.173,全国,,
5377,鳥居塚嶺王,26,0.148,0,,0.148,全国,,,143,0.167,10,0.145,0.145,当地,,
5378,鈴木結平太,12,0.172,0,,0.172,全国,,,147,0.21,0,,0.21,全国,●,
5379,廣部大明,62,0.181,0,,0.181,全国,●,,97,0.176,0,,0.176,全国,,
5380,野田亜湖,0,,0,,,,,,160,0.271,15,0.279,0.279,当地,●,
5381,有山望,35,0.158,3,0.243,0.158,全国,,,123,0.172,3,0.15,0.172,全国,,
5382,山下心一,18,0.179,1,0.17,0.179,全国,,,146,0.179,7,0.214,0.179,全国,,
5383,中村楓,4,0.245,0,,0.245,全国,●,,176,0.166,0,,0.166,全国,,
5384,八戸琉楓,12,0.245,6,0.29,0.245,全国,●,,149,0.212,33,0.21,0.21,当地,●,
5385,鈴木柊介,14,0.135,0,,0.135,全国,,,141,0.142,6,0.13,0.142,全国,,
5386,米玉利大悟,71,0.159,0,,0.159,全国,,,115,0.179,0,,0.179,全国,,
5387,戸田海咲音,0,,0,,,,,,116,0.203,8,0.182,0.203,全国,●,
5388,佐野優都,4,0.11,0,,0.11,全国,,●,161,0.165,9,0.152,0.165,全国,,
5389,恵良琴美,0,,0,,,,,,180,0.175,9,0.24,0.175,全国,,
5390,高橋涼夏,0,,0,,,,,,135,0.163,0,,0.163,全国,,
5391,出穂和鼓,0,,0,,,,,,135,0.201,0,,0.201,全国,●,
5392,安武一也,0,,0,,,,,,163,0.18,14,0.182,0.182,当地,●,
5393,藤原駿,0,,0,,,,,,156,0.208,0,,0.208,全国,●,
5394,福西広太郎,11,0.17,0,,0.17,全国,,,185,0.186,10,0.205,0.205,当地,●,
5395,日高龍之介,16,0.175,4,0.158,0.175,全国,,,137,0.188,34,0.204,0.204,当地,●,
5396,近藤来希,8,0.171,0,,0.171,全国,,,141,0.205,0,,0.205,全国,●,
5397,寺田夢生,0,,0,,,,,,154,0.182,8,0.177,0.182,全国,●,
5398,鐘ヶ江真司,52,0.16,7,0.146,0.16,全国,,,151,0.185,8,0.136,0.185,全国,●,
5399,長野未来,0,,0,,,,,,130,0.235,0,,0.235,全国,●,
5400,高村諒,23,0.153,0,,0.153,全国,,,144,0.171,0,,0.171,全国,,
5401,谷海夏人,0,,0,,,,,,76,0.21,10,0.176,0.176,当地,,
5402,塚越陸斗,0,,0,,,,,,120,0.208,0,,0.208,全国,●,
5403,藤山湧太,0,,0,,,,,,145,0.179,12,0.171,0.171,当地,,
5404,内田壮,1,0.05,0,,0.05,全国,,●,155,0.188,6,0.272,0.188,全国,●,
5405,竹内来,1,0.24,0,,0.24,全国,●,,155,0.185,6,0.19,0.185,全国,●,
5406,小畑楓夏,0,,0,,,,,,166,0.182,10,0.257,0.257,当地,●,
5407,中岡駿,13,0.244,0,,0.244,全国,●,,141,0.181,9,0.158,0.181,全国,●,
5408,中山鷹輔,0,,0,,,,,,46,0.212,0,,0.212,全国,●,
5409,宮本琉正,2,0.02,0,,0.02,全国,,●,140,0.155,20,0.102,0.102,当地,,●
5410,今泉澪,0,,0,,,,,,121,0.165,0,,0.165,全国,,
5411,木下虎之輔,0,,0,,,,,,154,0.167,0,,0.167,全国,,
5412,久保田凪紗,4,0.065,0,,0.065,全国,,●,150,0.185,0,,0.185,全国,●,
5413,宮城那菜,0,,0,,,,,,146,0.138,6,0.107,0.138,全国,,
5414,中澤英里,0,,0,,,,,,17,0.216,0,,0.216,全国,●,
5415,阿部未侑,0,,0,,,,,,107,0.241,0,,0.241,全国,●,
5416,龍田真白,0,,0,,,,,,148,0.143,0,,0.143,全国,,
5417,小柳勝希,12,0.141,0,,0.141,全国,,,139,0.191,9,0.198,0.191,全国,●,
5418,堀内亜海,0,,0,,,,,,144,0.201,0,,0.201,全国,●,
5419,櫻井隼,0,,0,,,,,,146,0.235,0,,0.235,全国,●,
5420,吉原快誓,0,,0,,,,,,140,0.165,17,0.121,0.121,当地,,●
5421,原田朱理,0,,0,,,,,,107,0.232,0,,0.232,全国,●,
5422,真田聖也,0,,0,,,,,,93,0.153,0,,0.153,全国,,
5423,高橋嗣穏,0,,0,,,,,,99,0.215,7,0.153,0.215,全国,●,
5424,熊倉幹太,0,,0,,,,,,106,0.201,0,,0.201,全国,●,
5425,西山育,0,,0,,,,,,118,0.232,0,,0.232,全国,●,
5426,甲斐貴大,0,,0,,,,,,134,0.189,14,0.165,0.165,当地,,
5427,港理樹,0,,0,,,,,,169,0.214,0,,0.214,全国,●,
5428,古園井綾南,0,,0,,,,,,110,0.193,9,0.176,0.193,全国,●,
5429,吉川颯汰,0,,0,,,,,,113,0.213,7,0.199,0.213,全国,●,
5430,鳥本智史,0,,0,,,,,,108,0.173,0,,0.173,全国,,
5431,得山大輝,0,,0,,,,,,107,0.167,10,0.143,0.143,当地,,
5432,安藤瑠希,0,,0,,,,,,152,0.156,0,,0.156,全国,,
5433,米本圭佑,0,,0,,,,,,129,0.228,0,,0.228,全国,●,
5434,藤田康生,0,,0,,,,,,155,0.158,0,,0.158,全国,,
5435,中西月輝,0,,0,,,,,,109,0.224,7,0.193,0.224,全国,●,
5436,市川瑚幸,0,,0,,,,,,137,0.21,0,,0.21,全国,●,
5437,中澤里桜,0,,0,,,,,,88,0.225,0,,0.225,全国,●,
5438,星田夢結,0,,0,,,,,,126,0.197,16,0.145,0.145,当地,,
5439,志賀美優,0,,0,,,,,,134,0.207,0,,0.207,全国,●,
5440,薗頭心,0,,0,,,,,,119,0.183,0,,0.183,全国,●,
5441,鈴木雄登,0,,0,,,,,,144,0.179,0,,0.179,全国,,
5442,池田美優,0,,0,,,,,,118,0.207,8,0.152,0.207,全国,●,
5443,西村仁吾,0,,0,,,,,,115,0.228,22,0.217,0.217,当地,●,
5444,林風音,0,,0,,,,,,120,0.204,0,,0.204,全国,●,
5445,一ノ木匠,0,,0,,,,,,48,0.153,0,,0.153,全国,,
5446,長嶺真李愛,0,,0,,,,,,43,0.227,0,,0.227,全国,●,
5447,岡本亜子,0,,0,,,,,,53,0.188,0,,0.188,全国,●,
5448,福田柊人,0,,0,,,,,,56,0.207,0,,0.207,全国,●,
5449,堀井涼平,0,,0,,,,,,44,0.166,0,,0.166,全国,,
5450,藤本遼磨,0,,0,,,,,,55,0.2,0,,0.2,全国,●,
5451,知念伶奈,0,,0,,,,,,37,0.292,0,,0.292,全国,●,
5452,上馬場風依,0,,0,,,,,,50,0.188,0,,0.188,全国,●,
5453,久保翔耶,0,,0,,,,,,60,0.166,0,,0.166,全国,,
5454,谷島咲希,0,,0,,,,,,59,0.214,0,,0.214,全国,●,
5455,澁澤周羽,0,,0,,,,,,65,0.194,0,,0.194,全国,●,
5456,今村天次朗,0,,0,,,,,,63,0.14,0,,0.14,全国,,
5457,山田陽翔,0,,0,,,,,,62,0.204,26,0.202,0.202,当地,●,
5458,田中大輝,0,,0,,,,,,59,0.2,0,,0.2,全国,●,
5459,田中きら,0,,0,,,,,,45,0.209,0,,0.209,全国,●,
5460,早川理稀,0,,0,,,,,,77,0.185,0,,0.185,全国,●,
5461,板頭里緒,0,,0,,,,,,48,0.194,0,,0.194,全国,●,
5462,山浦槙,0,,0,,,,,,49,0.221,0,,0.221,全国,●,
5463,出口飛龍,0,,0,,,,,,54,0.205,0,,0.205,全国,●,
5464,宮田栞,0,,0,,,,,,47,0.216,0,,0.216,全国,●,
5465,直江健成,0,,0,,,,,,40,0.227,0,,0.227,全国,●,
5466,成田華音,0,,0,,,,,,48,0.189,0,,0.189,全国,●,
5467,野村羽玖,0,,0,,,,,,57,0.193,0,,0.193,全国,●,
5468,山口隼人,0,,0,,,,,,58,0.197,0,,0.197,全国,●,
5469,今泉博人,0,,0,,,,,,58,0.22,0,,0.22,全国,●,
5470,坂口諒宗,0,,0,,,,,,46,0.222,0,,0.222,全国,●,
5471,田中結,0,,0,,,,,,70,0.173,0,,0.173,全国,,
5472,中川海虹,0,,0,,,,,,48,0.245,0,,0.245,全国,●,
