regno,選手名,全国外n,全国外3着率,当地外n,当地外3着率,採用外3着率,外3着源,n1c,負け,残し率,残し有効,型,n6,6コ2着率,6コ3着率,6残し有効,艇番5乗艇,艇番5_3連対率,艇番6乗艇,艇番6_3連対率,6ヒモ外し候補,艇番5低率
2538,高橋二朗,87,0.069,4,0.0,0.069,全国,24,22,0.136,,,25,0.0,0.04,,30,0.167,23,0.087,●,●
2878,富山弘幸,93,0.172,3,0.333,0.172,全国,39,24,0.292,,,17,0.176,0.059,,36,0.472,30,0.3,,
3024,西島義則,3,0.0,0,,0.0,全国,78,42,0.31,●,飛ぶ型,1,0.0,0.0,,21,0.571,31,0.71,,
3054,北川幸典,75,0.24,4,0.0,0.24,全国,23,14,0.357,,,27,0.037,0.111,,21,0.476,31,0.194,●,
3070,山室展弘,22,0.227,0,,0.227,全国,18,8,0.5,,,1,0.0,0.0,,19,0.526,11,0.364,,
3072,西田靖,1,1.0,0,,1.0,全国,43,30,0.267,●,飛ぶ型,,,,,32,0.375,24,0.417,,
3075,中村裕将,94,0.138,0,,0.138,全国,31,22,0.182,,,26,0.038,0.115,,31,0.323,27,0.259,,
3081,岡本慎治,46,0.109,0,,0.109,全国,14,10,0.2,,,19,0.0,0.105,,16,0.188,18,0.167,●,●
3105,内山文典,92,0.25,0,,0.25,全国,32,18,0.444,,,33,0.0,0.242,,32,0.406,32,0.281,,
3107,平岡重典,66,0.136,0,,0.136,全国,21,16,0.125,,,16,0.0,0.25,,26,0.154,16,0.188,●,●
3156,金子良昭,60,0.133,0,,0.133,全国,28,24,0.458,,,15,0.0,0.133,,27,0.185,28,0.107,●,●
3158,島川光男,112,0.196,0,,0.196,全国,52,19,0.526,,,34,0.088,0.147,,32,0.406,37,0.297,,
3159,江口晃生,0,,0,,,,50,22,0.591,●,残す型,,,,,20,0.8,19,0.579,,
3161,古場輝義,68,0.25,3,0.0,0.25,全国,35,28,0.393,,,,,,,33,0.485,25,0.48,,
3175,渡辺千草,96,0.156,9,0.111,0.156,全国,26,24,0.333,,,24,0.042,0.083,,35,0.257,27,0.111,●,
3176,長谷川巌,39,0.154,0,,0.154,全国,14,11,0.364,,,16,0.0,0.062,,11,0.364,18,0.056,●,
3202,三品隆浩,94,0.085,0,,0.085,全国,35,26,0.308,,,31,0.097,0.097,,34,0.206,30,0.233,●,●
3207,田村美和,68,0.074,7,0.143,0.074,全国,24,21,0.19,,,21,0.0,0.048,,22,0.136,18,0.056,●,●
3211,北川敏弘,94,0.096,10,0.1,0.096,全国,30,23,0.348,,,28,0.036,0.071,,28,0.107,30,0.167,●,●
3212,亀本勇樹,79,0.165,4,0.0,0.165,全国,32,22,0.273,,,13,0.077,0.077,,29,0.241,32,0.281,,●
3224,栗山繁洋,91,0.132,4,0.25,0.132,全国,25,17,0.353,,,20,0.0,0.05,,33,0.212,23,0.13,●,●
3226,浦田信義,90,0.167,5,0.0,0.167,全国,35,22,0.409,,,26,0.077,0.077,,34,0.382,27,0.222,●,
3232,山川美由紀,82,0.293,0,,0.293,全国,36,14,0.357,,,26,0.038,0.385,,29,0.241,27,0.481,,●
3233,小畑実成,94,0.149,0,,0.149,全国,28,19,0.263,,,26,0.0,0.115,,27,0.148,31,0.097,●,●
3246,星野政彦,31,0.065,0,,0.065,全国,8,5,0.2,,,5,0.0,0.0,,12,0.25,11,0.0,,
3251,平石和男,129,0.233,3,0.0,0.233,全国,55,33,0.394,●,,38,0.079,0.263,,43,0.349,43,0.349,,
3256,三角哲男,110,0.227,3,0.0,0.227,全国,51,25,0.56,●,,32,0.031,0.281,,34,0.529,36,0.417,,
3257,田頭実,5,0.2,0,,0.2,全国,48,11,0.545,,,,,,,26,0.692,41,0.61,,
3265,今村暢孝,0,,0,,,,59,35,0.371,●,飛ぶ型,,,,,24,0.542,30,0.533,,
3268,森竜也,83,0.133,0,,0.133,全国,33,15,0.467,,,4,0.0,0.0,,37,0.189,27,0.222,●,●
3277,齋藤勇,93,0.118,5,0.2,0.118,全国,33,23,0.217,,,24,0.042,0.083,,35,0.257,26,0.115,●,
3282,池本輝明,101,0.198,14,0.143,0.198,全国,33,20,0.45,,,25,0.0,0.2,,37,0.162,25,0.24,●,●
3284,渡邊伸太郎,90,0.178,11,0.182,0.178,全国,34,14,0.5,,,15,0.0,0.2,,36,0.333,30,0.267,,
3286,坂東満,66,0.152,0,,0.152,全国,23,13,0.385,,,26,0.0,0.115,,21,0.286,25,0.12,●,
3289,高橋淳美,48,0.021,3,0.0,0.021,全国,18,16,0.125,,,12,0.0,0.0,,18,0.0,14,0.0,,●
3293,宮内由紀英,90,0.222,0,,0.222,全国,28,25,0.28,,,27,0.074,0.148,,31,0.194,27,0.296,,●
3294,野中義生,86,0.209,8,0.25,0.209,全国,27,22,0.318,,,32,0.125,0.25,,26,0.385,32,0.406,,
3297,藤丸光一,46,0.109,5,0.0,0.109,全国,32,25,0.4,,,2,0.0,0.0,,29,0.31,24,0.375,,
3300,川崎智幸,108,0.231,0,,0.231,全国,51,19,0.368,,,39,0.154,0.256,,38,0.447,39,0.385,,
3302,谷川里江,66,0.106,0,,0.106,全国,25,14,0.429,,,20,0.15,0.05,,19,0.316,22,0.182,●,
3303,渡辺豊,129,0.147,8,0.25,0.147,全国,49,30,0.367,●,飛ぶ型,37,0.027,0.027,,39,0.282,41,0.146,●,
3304,烏野賢太,121,0.248,5,0.6,0.248,全国,58,20,0.45,●,,35,0.086,0.114,,39,0.487,43,0.279,,
3305,小野信樹,89,0.079,0,,0.079,全国,29,16,0.25,,,25,0.04,0.0,,29,0.172,25,0.04,●,●
3306,武田正紀,92,0.141,0,,0.141,全国,32,28,0.429,,,25,0.08,0.04,,32,0.156,22,0.227,●,●
3313,本吉正樹,94,0.117,4,0.25,0.117,全国,29,19,0.211,,,28,0.036,0.071,,31,0.226,26,0.115,●,●
3315,広瀬聖仁,76,0.184,6,0.167,0.184,全国,22,17,0.176,,,23,0.087,0.174,,26,0.346,22,0.318,,
3319,山崎義明,118,0.203,7,0.286,0.203,全国,39,22,0.273,,,34,0.029,0.176,,39,0.436,35,0.286,,
3327,野長瀬正孝,87,0.23,2,0.0,0.23,全国,51,19,0.316,,,6,0.167,0.333,,33,0.545,38,0.605,,
3333,丸尾義孝,128,0.266,5,0.4,0.266,全国,61,21,0.619,●,残す型,30,0.1,0.3,,40,0.475,37,0.432,,
3334,角ひとみ,114,0.211,9,0.222,0.211,全国,55,24,0.25,●,飛ぶ型,33,0.03,0.121,,36,0.306,41,0.244,●,
3339,泉具巳,90,0.089,3,0.333,0.089,全国,29,22,0.5,,,26,0.115,0.077,,31,0.161,25,0.24,●,●
3340,池田雷太,104,0.096,3,0.0,0.096,全国,34,22,0.091,,,29,0.034,0.103,,39,0.256,28,0.143,●,
3346,宮本裕之,26,0.115,0,,0.115,全国,7,6,0.333,,,8,0.0,0.125,,11,0.273,7,0.0,,
3349,吉田一郎,85,0.2,10,0.1,0.2,全国,51,21,0.524,●,,7,0.0,0.0,,30,0.333,32,0.469,,
3350,藤本佳史,94,0.17,0,,0.17,全国,34,13,0.385,,,27,0.037,0.148,,27,0.37,30,0.233,●,
3352,小川晃司,197,0.284,9,0.333,0.284,全国,,,,,,191,0.115,0.283,●,61,0.41,124,0.403,,
3353,前田光昭,71,0.099,3,0.0,0.099,全国,13,11,0.091,,,22,0.0,0.0,,22,0.091,20,0.05,●,●
3355,橋谷田佳織,35,0.086,0,,0.086,全国,11,10,0.0,,,9,0.0,0.111,,14,0.143,11,0.091,,
3357,福島陽子,97,0.113,8,0.0,0.113,全国,30,22,0.318,,,26,0.0,0.077,,34,0.206,27,0.037,●,●
3361,岡部浩,86,0.116,0,,0.116,全国,28,21,0.286,,,31,0.0,0.097,,29,0.172,26,0.115,●,●
3362,間嶋仁志,33,0.091,0,,0.091,全国,41,24,0.5,●,,,,,,33,0.455,34,0.441,,
3370,坪内実,80,0.113,0,,0.113,全国,23,17,0.176,,,20,0.1,0.05,,28,0.214,20,0.1,●,●
3372,加藤雅之,66,0.061,0,,0.061,全国,17,13,0.231,,,21,0.048,0.048,,19,0.0,22,0.091,●,●
3377,塚田修二,86,0.14,0,,0.14,全国,28,27,0.148,,,23,0.087,0.174,,32,0.312,25,0.28,,
3381,滝沢芳行,101,0.129,5,0.0,0.129,全国,32,20,0.35,,,20,0.15,0.05,,38,0.474,26,0.269,,
3385,渡邉睦広,101,0.218,0,,0.218,全国,39,21,0.286,,,29,0.103,0.207,,36,0.444,32,0.406,,
3388,今垣光太郎,80,0.2,8,0.375,0.2,全国,40,11,0.455,,,19,0.105,0.211,,26,0.577,28,0.429,,
3391,鈴木茂正,14,0.0,0,,0.0,全国,4,4,0.0,,,5,0.0,0.0,,4,0.0,5,0.0,,
3392,小森信雄,92,0.13,0,,0.13,全国,34,23,0.174,,,28,0.036,0.071,,36,0.222,29,0.103,●,●
3401,上田隆章,103,0.126,5,0.0,0.126,全国,28,13,0.231,,,30,0.0,0.067,,36,0.361,25,0.08,●,
3406,中里英夫,116,0.216,2,0.0,0.216,全国,44,20,0.6,●,残す型,30,0.1,0.267,,36,0.278,34,0.441,,
3411,池上隆行,92,0.13,3,0.0,0.13,全国,23,18,0.222,,,19,0.0,0.053,,30,0.267,26,0.115,●,
3412,鈴木博,133,0.233,5,0.0,0.233,全国,58,17,0.588,,,41,0.195,0.244,●,42,0.548,40,0.55,,
3414,加瀬智宏,7,0.143,0,,0.143,全国,2,2,0.0,,,3,0.0,0.0,,2,0.0,3,0.0,,
3415,松井繁,96,0.24,4,0.0,0.24,全国,52,13,0.615,,,12,0.0,0.333,,40,0.25,31,0.452,,
3419,栗原謙治,48,0.021,3,0.0,0.021,全国,11,10,0.2,,,17,0.0,0.059,,14,0.0,15,0.067,●,
3422,服部幸男,117,0.137,0,,0.137,全国,56,20,0.45,●,,25,0.08,0.2,,34,0.382,44,0.409,,
3430,角浜修,110,0.118,0,,0.118,全国,30,16,0.375,,,25,0.04,0.04,,38,0.316,30,0.1,●,
3432,宮迫暢彦,90,0.156,5,0.2,0.156,全国,22,16,0.25,,,23,0.087,0.174,,30,0.167,25,0.24,●,●
3434,松尾宣邦,108,0.157,6,0.167,0.157,全国,34,19,0.316,,,36,0.028,0.111,,37,0.324,34,0.176,●,
3435,寺田千恵,110,0.236,0,,0.236,全国,53,18,0.556,,,30,0.033,0.267,,33,0.364,34,0.353,,
3436,柏野幸二,90,0.233,0,,0.233,全国,38,17,0.529,,,23,0.0,0.043,,29,0.483,31,0.161,●,
3439,大平誉史明,110,0.173,0,,0.173,全国,51,23,0.565,●,,32,0.094,0.219,,38,0.421,37,0.351,,
3441,土屋太朗,110,0.236,4,0.25,0.236,全国,31,22,0.5,,,18,0.056,0.111,,40,0.325,30,0.267,,
3442,宮武英司,94,0.191,0,,0.191,全国,24,14,0.286,,,24,0.0,0.167,,33,0.273,25,0.12,●,
3444,香月大介,53,0.094,0,,0.094,全国,13,7,0.143,,,17,0.059,0.059,,24,0.25,14,0.143,,
3445,加藤高史,94,0.213,0,,0.213,全国,31,18,0.444,,,26,0.038,0.192,,30,0.4,30,0.333,,
3448,高山秀雄,64,0.156,5,0.2,0.156,全国,20,13,0.308,,,17,0.059,0.176,,22,0.273,17,0.235,●,
3454,井川大作,95,0.158,10,0.3,0.158,全国,38,27,0.481,,,35,0.029,0.086,,29,0.517,35,0.114,●,
3455,谷本幸司,112,0.196,0,,0.196,全国,37,19,0.368,,,36,0.083,0.083,,34,0.412,37,0.162,●,
3458,東健介,78,0.103,5,0.2,0.103,全国,25,18,0.333,,,25,0.0,0.0,,29,0.241,25,0.0,●,●
3459,中野和裕,92,0.087,3,0.0,0.087,全国,20,20,0.3,,,23,0.0,0.087,,33,0.121,22,0.091,●,●
3461,渡邊哲也,66,0.03,5,0.0,0.03,全国,13,8,0.375,,,31,0.0,0.0,,19,0.053,23,0.0,●,●
3463,乙津康志,99,0.212,0,,0.212,全国,35,26,0.231,,,19,0.0,0.158,,40,0.25,24,0.25,,
3467,森弘行,84,0.155,3,0.0,0.155,全国,27,23,0.217,,,24,0.125,0.042,,24,0.292,25,0.24,●,
3470,新田芳美,79,0.203,0,,0.203,全国,27,19,0.158,,,27,0.037,0.222,,27,0.333,22,0.273,,
3471,赤峰和也,91,0.132,0,,0.132,全国,26,21,0.286,,,23,0.0,0.13,,31,0.323,24,0.125,●,
3473,石川真二,0,,0,,,,100,52,0.365,●,飛ぶ型,,,,,37,0.622,47,0.66,,
3474,松瀬弘美,100,0.17,4,0.5,0.17,全国,32,21,0.381,,,29,0.0,0.103,,35,0.343,27,0.148,●,
3475,橋本久和,84,0.143,0,,0.143,全国,42,21,0.238,●,飛ぶ型,24,0.083,0.208,,28,0.429,31,0.323,,
3477,近藤稔也,96,0.177,4,0.5,0.177,全国,27,21,0.19,,,27,0.037,0.0,,28,0.286,34,0.118,●,
3478,嶋田貴支,103,0.175,4,0.0,0.175,全国,32,12,0.5,,,29,0.069,0.207,,40,0.275,32,0.281,,
3482,金子猛志,126,0.198,4,0.25,0.198,全国,46,28,0.429,●,,41,0.098,0.171,●,42,0.452,39,0.282,,
3484,芝田浩治,110,0.164,0,,0.164,全国,54,23,0.522,●,,30,0.033,0.133,,37,0.324,35,0.229,●,
3489,大場敏,135,0.207,0,,0.207,全国,55,15,0.533,,,41,0.024,0.171,●,41,0.439,48,0.312,,
3497,後藤浩,89,0.112,0,,0.112,全国,30,12,0.25,,,27,0.0,0.037,,29,0.138,26,0.077,●,●
3499,市川哲也,92,0.228,4,0.5,0.228,全国,46,13,0.308,,,24,0.083,0.208,,28,0.357,37,0.324,,
3502,渡邉英児,100,0.25,0,,0.25,全国,39,21,0.524,,,8,0.0,0.125,,33,0.455,31,0.452,,
3503,堂原洋史,100,0.08,0,,0.08,全国,27,20,0.35,,,29,0.0,0.069,,34,0.206,27,0.074,●,●
3505,山田竜一,107,0.131,0,,0.131,全国,45,19,0.421,,,33,0.03,0.061,,40,0.275,35,0.143,●,
3507,藤井徹,76,0.118,4,0.25,0.118,全国,26,18,0.389,,,6,0.0,0.167,,29,0.276,25,0.16,●,
3508,久富政弘,98,0.224,10,0.4,0.224,全国,34,13,0.385,,,30,0.0,0.167,,35,0.257,28,0.286,,
3509,池千夏,69,0.101,0,,0.101,全国,20,16,0.375,,,17,0.059,0.118,,21,0.238,21,0.19,●,●
3514,山一鉄也,119,0.168,6,0.0,0.168,全国,52,19,0.368,,,39,0.077,0.128,,29,0.345,45,0.267,,
3516,吉原聖人,87,0.069,4,0.0,0.069,全国,32,25,0.36,,,26,0.038,0.077,,31,0.161,29,0.069,●,●
3517,高橋勲,91,0.176,0,,0.176,全国,29,15,0.467,,,13,0.154,0.077,,30,0.533,33,0.394,,
3518,倉田郁美,83,0.157,4,0.25,0.157,全国,21,18,0.389,,,23,0.13,0.0,,30,0.267,21,0.143,●,
3519,冨田秀幸,93,0.161,0,,0.161,全国,24,19,0.263,,,29,0.0,0.172,,28,0.25,28,0.179,●,
3523,寳田亮治,83,0.181,9,0.222,0.181,全国,23,16,0.75,,,28,0.071,0.143,,32,0.344,26,0.231,●,
3527,中嶋誠一郎,109,0.202,21,0.095,0.202,全国,38,22,0.545,,,29,0.103,0.172,,38,0.289,34,0.353,,
3528,笠野友紀恵,80,0.212,5,0.4,0.212,全国,29,23,0.174,,,20,0.05,0.2,,26,0.192,23,0.261,,●
3532,柴田光,27,0.296,0,,0.296,全国,32,12,0.167,,,4,0.0,0.0,,18,0.556,25,0.36,,
3535,渡修平,90,0.078,10,0.1,0.078,全国,26,16,0.25,,,26,0.0,0.0,,30,0.233,25,0.04,●,●
3538,菊池峰晴,57,0.158,4,0.25,0.158,全国,13,11,0.273,,,14,0.071,0.214,,19,0.263,15,0.2,●,
3539,金子順一,99,0.121,3,0.0,0.121,全国,30,22,0.318,,,16,0.0,0.0,,38,0.211,30,0.1,●,●
3541,三嶌誠司,114,0.263,0,,0.263,全国,53,23,0.435,●,,34,0.059,0.206,,38,0.5,39,0.359,,
3542,清水紀克,9,0.0,0,,0.0,全国,34,24,0.25,,,,,,,32,0.25,28,0.107,●,
3543,福田雅一,79,0.177,0,,0.177,全国,24,11,0.455,,,19,0.105,0.368,,28,0.25,20,0.4,,
3544,豊田訓靖,97,0.103,3,0.0,0.103,全国,27,23,0.174,,,27,0.074,0.0,,35,0.286,22,0.045,●,
3546,中里昌志,97,0.206,4,0.0,0.206,全国,30,23,0.174,,,22,0.045,0.227,,29,0.172,28,0.286,,●
3548,室田泰史,126,0.198,4,0.0,0.198,全国,55,22,0.455,●,,36,0.028,0.167,,44,0.295,40,0.2,●,
3550,都築正治,112,0.17,4,0.25,0.17,全国,41,20,0.45,●,,33,0.061,0.121,,40,0.5,36,0.194,●,
3551,藤田美代,79,0.089,0,,0.089,全国,20,15,0.267,,,17,0.0,0.118,,24,0.167,19,0.105,●,●
3554,仲口博崇,96,0.167,3,0.333,0.167,全国,79,27,0.593,●,残す型,4,0.0,0.25,,47,0.66,44,0.5,,
3556,田中信一郎,109,0.22,0,,0.22,全国,65,15,0.533,,,32,0.094,0.219,,34,0.529,39,0.41,,
3557,太田和美,153,0.222,0,,0.222,全国,70,30,0.767,●,残す型,46,0.13,0.196,●,50,0.58,55,0.418,,
3558,山本浩次,88,0.193,11,0.273,0.193,全国,31,18,0.222,,,20,0.0,0.15,,28,0.357,31,0.258,,
3562,山下和彦,118,0.178,5,0.4,0.178,全国,56,25,0.4,●,,34,0.147,0.147,,39,0.538,44,0.341,,
3563,堤昇,97,0.165,4,0.25,0.165,全国,45,24,0.417,●,,15,0.133,0.0,,38,0.395,37,0.162,●,
3564,桑原啓,124,0.129,5,0.2,0.129,全国,29,20,0.5,,,26,0.0,0.038,,42,0.214,33,0.212,●,●
3566,川添英正,97,0.155,4,0.0,0.155,全国,31,17,0.235,,,21,0.0,0.143,,39,0.308,26,0.115,●,
3567,吉岡誠,72,0.028,9,0.111,0.028,全国,21,14,0.286,,,26,0.0,0.0,,23,0.13,23,0.0,●,●
3568,木村光宏,86,0.093,4,0.0,0.093,全国,29,17,0.529,,,14,0.071,0.0,,32,0.188,25,0.08,●,●
3569,増田進,94,0.16,8,0.25,0.16,全国,31,27,0.444,,,29,0.0,0.207,,35,0.229,30,0.267,,●
3572,安田政彦,115,0.165,3,0.0,0.165,全国,44,24,0.458,●,,25,0.04,0.0,,41,0.171,36,0.139,●,●
3574,大神康司,7,0.0,0,,0.0,全国,58,21,0.381,●,飛ぶ型,,,,,36,0.639,41,0.39,,
3576,白水勝也,111,0.369,17,0.412,0.369,全国,58,25,0.64,●,残す型,29,0.103,0.414,,37,0.649,45,0.556,,
3577,向所浩二,86,0.105,3,0.0,0.105,全国,27,18,0.278,,,31,0.129,0.032,,29,0.172,28,0.179,●,●
3578,塩田雄一,63,0.127,3,0.0,0.127,全国,17,14,0.286,,,16,0.0,0.125,,22,0.273,18,0.167,●,
3579,中里優子,76,0.132,4,0.0,0.132,全国,20,14,0.5,,,21,0.0,0.048,,28,0.286,23,0.087,●,
3580,水口由紀,98,0.133,8,0.125,0.133,全国,29,22,0.318,,,28,0.0,0.071,,33,0.182,27,0.074,●,●
3581,加木郁,104,0.154,9,0.222,0.154,全国,36,20,0.35,,,27,0.074,0.037,,38,0.421,34,0.206,●,
3582,吉川昭男,30,0.2,3,0.0,0.2,全国,52,19,0.421,,,,,,,39,0.513,39,0.385,,
3583,齋藤智裕,87,0.092,4,0.25,0.092,全国,21,18,0.5,,,28,0.0,0.036,,28,0.214,24,0.042,●,●
3584,佐々木英樹,103,0.214,8,0.0,0.214,全国,33,24,0.417,,,26,0.077,0.192,,38,0.368,27,0.296,,
3587,武田信一,101,0.168,4,0.0,0.168,全国,28,20,0.25,,,36,0.028,0.083,,34,0.235,30,0.133,●,●
3589,西村勝,81,0.099,0,,0.099,全国,24,11,0.273,,,25,0.04,0.0,,30,0.3,23,0.087,●,
3590,濱野谷憲吾,117,0.179,8,0.125,0.179,全国,58,19,0.316,,,36,0.111,0.25,,35,0.571,38,0.421,,
3591,後藤孝義,56,0.054,0,,0.054,全国,19,14,0.214,,,14,0.0,0.0,,20,0.05,16,0.125,●,●
3596,河上年昭,75,0.16,0,,0.16,全国,19,10,0.0,,,24,0.0,0.167,,26,0.308,22,0.136,●,
3602,奥平拓也,100,0.24,0,,0.24,全国,27,22,0.182,,,29,0.069,0.172,,36,0.389,29,0.241,●,
3604,武藤綾子,88,0.148,4,0.0,0.148,全国,28,15,0.2,,,31,0.0,0.097,,31,0.129,28,0.179,●,●
3605,中村守成,93,0.097,0,,0.097,全国,27,16,0.25,,,25,0.0,0.08,,31,0.129,27,0.111,●,●
3606,川北浩貴,110,0.218,0,,0.218,全国,43,30,0.6,●,残す型,31,0.0,0.161,,35,0.486,34,0.206,●,
3611,岩崎芳美,109,0.229,11,0.182,0.229,全国,44,19,0.421,,,33,0.152,0.242,,36,0.333,36,0.389,,
3612,馬袋義則,105,0.181,6,0.0,0.181,全国,72,30,0.633,●,残す型,14,0.071,0.214,,43,0.465,42,0.429,,
3613,角谷健吾,122,0.221,5,0.0,0.221,全国,53,19,0.526,,,40,0.075,0.15,●,34,0.441,45,0.267,,
3614,谷勝幸,113,0.088,0,,0.088,全国,30,24,0.333,,,24,0.0,0.0,,40,0.225,27,0.148,●,●
3615,横田茂,102,0.069,4,0.25,0.069,全国,31,20,0.6,,,27,0.0,0.037,,32,0.156,32,0.062,●,●
3616,中村真,91,0.264,0,,0.264,全国,26,15,0.267,,,26,0.154,0.231,,30,0.467,28,0.429,,
3617,竹田広樹,86,0.07,6,0.167,0.07,全国,25,14,0.143,,,19,0.0,0.0,,33,0.152,22,0.045,●,●
3618,海野ゆかり,116,0.181,12,0.167,0.181,全国,60,24,0.458,●,,38,0.053,0.105,,35,0.486,38,0.237,●,
3619,長谷川充,101,0.158,5,0.0,0.158,全国,33,22,0.409,,,28,0.071,0.071,,32,0.312,30,0.133,●,
3620,信濃由行,89,0.09,0,,0.09,全国,26,18,0.167,,,22,0.0,0.091,,30,0.133,25,0.12,●,●
3621,天野晶夫,68,0.221,9,0.0,0.221,全国,23,14,0.643,,,19,0.053,0.211,,21,0.381,25,0.4,,
3623,深川真二,0,,0,,,,75,25,0.48,●,,,,,,29,0.793,40,0.725,,
3627,井上恵一,83,0.096,5,0.2,0.096,全国,38,20,0.6,,,6,0.0,0.0,,32,0.094,33,0.242,●,●
3629,浅見昌克,98,0.224,4,0.0,0.224,全国,42,15,0.533,,,23,0.0,0.348,,31,0.387,34,0.353,,
3630,黒田誠司,71,0.085,0,,0.085,全国,20,18,0.278,,,24,0.042,0.125,,25,0.04,22,0.091,●,●
3631,田添康介,45,0.089,4,0.0,0.089,全国,10,9,0.111,,,13,0.0,0.0,,17,0.176,12,0.0,,●
3635,石田政吾,105,0.143,0,,0.143,全国,34,16,0.5,,,39,0.026,0.154,,27,0.296,40,0.225,●,
3637,齋藤和政,86,0.116,6,0.167,0.116,全国,24,18,0.278,,,28,0.036,0.107,,33,0.152,23,0.13,●,●
3641,一瀬明,127,0.213,0,,0.213,全国,47,16,0.438,,,27,0.074,0.148,,43,0.512,35,0.257,,
3642,大塚浩二,78,0.141,0,,0.141,全国,18,12,0.083,,,18,0.0,0.111,,27,0.148,20,0.15,●,●
3643,米田隆弘,95,0.2,0,,0.2,全国,34,15,0.333,,,31,0.032,0.065,,35,0.4,31,0.065,●,
3645,淺田千亜希,46,0.13,0,,0.13,全国,12,8,0.25,,,16,0.125,0.125,,16,0.312,15,0.333,,
3647,伊藤雄二,109,0.156,2,0.0,0.156,全国,28,23,0.435,,,32,0.0,0.094,,40,0.1,27,0.074,●,●
3652,森下勇,82,0.11,3,0.333,0.11,全国,21,11,0.455,,,20,0.05,0.05,,27,0.222,19,0.105,●,●
3653,品川賢次,55,0.236,0,,0.236,全国,19,15,0.267,,,20,0.05,0.2,,17,0.235,18,0.278,,●
3654,武田光史,100,0.16,3,0.333,0.16,全国,48,16,0.375,,,20,0.1,0.1,,30,0.667,36,0.389,,
3655,本橋克洋,109,0.202,0,,0.202,全国,49,25,0.56,●,,28,0.036,0.143,,39,0.41,37,0.243,●,
3656,伯母芳恒,88,0.205,6,0.167,0.205,全国,29,20,0.65,,,27,0.074,0.111,,30,0.333,26,0.231,●,
3659,藤生雄人,101,0.257,0,,0.257,全国,33,14,0.5,,,26,0.038,0.192,,30,0.467,31,0.323,,
3660,長谷川親王,85,0.129,6,0.167,0.129,全国,22,17,0.176,,,26,0.0,0.038,,33,0.152,22,0.091,●,●
3661,柳瀬興志,110,0.164,0,,0.164,全国,46,25,0.44,●,,37,0.081,0.189,,35,0.257,42,0.238,●,
3662,大庭元明,114,0.132,0,,0.132,全国,39,21,0.571,,,44,0.091,0.136,●,37,0.405,41,0.22,●,
3663,木山和幸,114,0.246,0,,0.246,全国,42,19,0.737,,,33,0.091,0.303,,36,0.306,37,0.378,,
3664,鈴木賢一,91,0.187,0,,0.187,全国,30,18,0.389,,,28,0.071,0.036,,32,0.312,27,0.148,●,
3679,飯島昌弘,125,0.264,5,0.0,0.264,全国,48,12,0.5,,,33,0.061,0.273,,37,0.297,40,0.425,,
3680,森林太,106,0.151,0,,0.151,全国,31,26,0.462,,,34,0.0,0.059,,34,0.382,33,0.03,●,
3681,山谷央,73,0.164,0,,0.164,全国,25,13,0.385,,,23,0.0,0.13,,24,0.292,24,0.125,●,
3684,清水攻二,95,0.158,0,,0.158,全国,37,18,0.611,,,29,0.034,0.138,,26,0.346,33,0.182,●,
3685,荒井輝年,96,0.208,0,,0.208,全国,28,14,0.143,,,36,0.056,0.222,,30,0.533,33,0.333,,
3686,鳥居塚孝博,117,0.231,5,0.2,0.231,全国,48,17,0.529,,,35,0.171,0.229,,36,0.528,41,0.39,,
3687,花田和明,58,0.155,0,,0.155,全国,32,13,0.462,,,2,0.0,0.0,,27,0.37,27,0.296,,
3690,河合三弘,108,0.148,0,,0.148,全国,34,24,0.417,,,37,0.054,0.135,,38,0.316,32,0.188,●,
3692,竹腰正樹,107,0.187,4,0.25,0.187,全国,39,23,0.435,,,37,0.027,0.189,,30,0.267,39,0.205,●,
3696,白井友晴,100,0.26,0,,0.26,全国,28,19,0.474,,,29,0.0,0.207,,38,0.421,27,0.185,●,
3699,富永正人,89,0.191,0,,0.191,全国,20,17,0.412,,,33,0.03,0.273,,28,0.321,28,0.357,,
3701,大西隆洋,89,0.124,7,0.0,0.124,全国,19,15,0.267,,,25,0.04,0.08,,29,0.207,25,0.16,●,●
3703,鳥飼眞,82,0.195,12,0.417,0.195,全国,49,24,0.417,●,,13,0.077,0.0,,26,0.385,36,0.444,,
3704,本部めぐみ,61,0.098,0,,0.098,全国,17,12,0.333,,,16,0.062,0.0,,22,0.136,19,0.053,●,●
3708,岡部貴司,107,0.168,7,0.0,0.168,全国,35,20,0.5,,,33,0.061,0.03,,35,0.343,34,0.147,●,
3710,吉永泰弘,100,0.14,5,0.4,0.14,全国,29,19,0.421,,,25,0.12,0.04,,37,0.27,28,0.25,,
3711,江本真治,132,0.22,5,0.2,0.22,全国,55,28,0.5,●,,43,0.093,0.163,●,45,0.489,46,0.348,,
3712,淺香文武,89,0.09,5,0.0,0.09,全国,30,12,0.5,,,25,0.08,0.16,,29,0.241,27,0.222,●,●
3713,伊藤誠二,106,0.151,4,0.25,0.151,全国,38,16,0.562,,,34,0.029,0.147,,34,0.382,36,0.222,●,
3714,梶原正,100,0.12,7,0.143,0.12,全国,26,13,0.462,,,27,0.0,0.111,,35,0.343,24,0.042,●,
3715,倉尾大介,87,0.241,0,,0.241,全国,30,19,0.368,,,25,0.2,0.2,,28,0.321,25,0.44,,
3716,石渡鉄兵,118,0.161,10,0.2,0.161,全国,51,20,0.4,●,,34,0.118,0.118,,38,0.474,36,0.278,,
3717,立間充宏,96,0.188,0,,0.188,全国,30,14,0.357,,,37,0.054,0.135,,30,0.433,37,0.243,●,
3718,伊達正利,106,0.113,3,0.0,0.113,全国,31,12,0.25,,,35,0.0,0.057,,35,0.2,30,0.067,●,●
3719,辻栄蔵,118,0.254,10,0.2,0.254,全国,45,12,0.417,,,36,0.139,0.306,,40,0.525,43,0.442,,
3721,守田俊介,104,0.135,0,,0.135,全国,51,12,0.5,,,19,0.0,0.105,,34,0.412,41,0.39,,
3722,西村秀樹,93,0.151,4,0.25,0.151,全国,22,19,0.316,,,29,0.034,0.138,,33,0.121,27,0.185,●,●
3726,桂林寛,72,0.111,6,0.0,0.111,全国,23,21,0.333,,,21,0.0,0.095,,25,0.32,21,0.143,●,
3730,塩崎優司,108,0.102,6,0.0,0.102,全国,31,16,0.312,,,29,0.0,0.103,,43,0.302,28,0.071,●,
3731,高濱芳久,80,0.163,0,,0.163,全国,32,24,0.458,,,14,0.214,0.143,,34,0.324,32,0.5,,
3736,岡本猛,1,0.0,0,,0.0,全国,,,,,,,,,,1,0.0,0,,,
3737,上平真二,102,0.304,4,0.5,0.304,全国,56,15,0.533,,,30,0.067,0.233,,33,0.636,35,0.343,,
3740,大澤普司,122,0.197,8,0.0,0.197,全国,56,24,0.583,●,残す型,39,0.103,0.179,,40,0.5,39,0.462,,
3741,松尾基成,98,0.041,13,0.0,0.041,全国,24,15,0.333,,,20,0.0,0.0,,33,0.091,25,0.0,●,●
3742,宮地秀祈,86,0.151,0,,0.151,全国,27,16,0.312,,,21,0.048,0.095,,32,0.344,25,0.16,●,
3743,林美憲,77,0.208,4,0.25,0.208,全国,57,26,0.5,●,,5,0.0,0.0,,38,0.5,32,0.5,,
3744,徳増秀樹,125,0.128,8,0.125,0.128,全国,64,14,0.429,,,14,0.071,0.0,,42,0.31,40,0.4,,
3745,橋本年光,83,0.253,0,,0.253,全国,26,13,0.308,,,22,0.136,0.182,,33,0.424,26,0.346,,
3746,岡瀬正人,129,0.256,6,0.333,0.256,全国,56,22,0.409,●,,38,0.053,0.237,,35,0.429,45,0.311,,
3747,國崎良春,103,0.223,7,0.143,0.223,全国,32,14,0.5,,,36,0.167,0.222,,34,0.471,33,0.485,,
3748,小黒竜吾,92,0.098,0,,0.098,全国,20,15,0.333,,,27,0.074,0.074,,33,0.242,23,0.174,●,●
3752,宇土泰就,95,0.147,3,0.667,0.147,全国,26,20,0.25,,,27,0.037,0.148,,32,0.281,25,0.16,●,
3757,畑和宏,95,0.137,4,0.0,0.137,全国,33,17,0.176,,,23,0.13,0.043,,32,0.406,29,0.31,,
3761,山本光雄,97,0.144,9,0.111,0.144,全国,29,12,0.333,,,30,0.033,0.1,,32,0.438,32,0.094,●,
3769,佐竹恒彦,92,0.185,4,0.0,0.185,全国,39,21,0.333,,,25,0.04,0.2,,39,0.179,31,0.258,,●
3771,折下寛法,108,0.241,8,0.25,0.241,全国,36,15,0.4,,,25,0.04,0.28,,43,0.256,26,0.346,,
3772,一柳和孝,97,0.268,8,0.375,0.268,全国,33,20,0.55,,,29,0.069,0.138,,32,0.438,30,0.267,,
3773,津留浩一郎,92,0.163,11,0.0,0.163,全国,27,17,0.353,,,23,0.0,0.174,,34,0.176,27,0.074,●,●
3775,泉啓文,113,0.088,9,0.0,0.088,全国,28,22,0.455,,,36,0.028,0.083,,41,0.22,30,0.1,●,●
3776,横井健太,103,0.068,5,0.0,0.068,全国,23,23,0.043,,,34,0.0,0.0,,34,0.235,31,0.0,●,●
3777,樋口亮,120,0.175,21,0.19,0.175,全国,49,21,0.381,●,飛ぶ型,43,0.07,0.116,●,36,0.472,44,0.273,,
3778,安達美帆,68,0.044,0,,0.044,全国,17,15,0.133,,,17,0.0,0.0,,26,0.077,17,0.0,●,●
3779,原田幸哉,106,0.179,13,0.308,0.179,全国,50,15,0.2,,,31,0.161,0.161,,30,0.3,44,0.386,,
3783,瓜生正義,117,0.222,8,0.0,0.222,全国,54,29,0.414,●,,30,0.1,0.233,,43,0.419,39,0.333,,
3784,中島友和,99,0.182,9,0.111,0.182,全国,28,17,0.471,,,30,0.0,0.133,,33,0.333,30,0.133,●,
3787,天野誠,70,0.071,5,0.0,0.071,全国,20,14,0.214,,,19,0.0,0.105,,24,0.083,22,0.136,●,●
3788,一宮稔弘,64,0.109,7,0.286,0.109,全国,21,9,0.333,,,17,0.118,0.118,,24,0.292,18,0.167,●,
3790,佐口達也,94,0.191,3,0.0,0.191,全国,28,20,0.35,,,30,0.067,0.1,,30,0.367,31,0.194,●,
3792,田中豪,90,0.222,5,0.0,0.222,全国,34,16,0.75,,,28,0.071,0.286,,33,0.394,31,0.387,,
3793,高橋真吾,87,0.115,10,0.0,0.115,全国,25,17,0.471,,,34,0.0,0.059,,29,0.31,25,0.08,●,
3796,長野道臣,103,0.155,5,0.6,0.155,全国,28,17,0.765,,,42,0.048,0.095,●,33,0.273,33,0.152,●,
3797,岩井繁,108,0.139,6,0.0,0.139,全国,29,24,0.375,,,28,0.0,0.107,,34,0.206,30,0.167,●,●
3800,牧宏次,88,0.136,0,,0.136,全国,32,19,0.316,,,31,0.032,0.097,,26,0.423,33,0.152,●,
3801,五反田忍,70,0.114,0,,0.114,全国,23,13,0.154,,,18,0.167,0.056,,23,0.217,20,0.25,,●
3804,中渡修作,115,0.157,0,,0.157,全国,33,19,0.526,,,32,0.094,0.125,,40,0.3,32,0.281,,
3805,高橋英之,91,0.209,5,0.2,0.209,全国,34,23,0.348,,,28,0.071,0.071,,27,0.407,36,0.222,●,
3807,岡部哲,107,0.14,15,0.267,0.14,全国,34,22,0.545,,,31,0.065,0.065,,35,0.143,30,0.233,●,●
3808,秋田健太郎,85,0.118,0,,0.118,全国,24,17,0.412,,,24,0.042,0.0,,32,0.25,22,0.045,●,
3809,吉田光,103,0.233,10,0.3,0.233,全国,13,8,0.125,,,36,0.028,0.194,,33,0.394,35,0.257,,
3811,石田章央,123,0.146,8,0.25,0.146,全国,57,20,0.6,●,残す型,44,0.159,0.114,●,34,0.441,51,0.333,,
3812,山崎聖司,97,0.258,4,0.25,0.258,全国,30,22,0.182,,,29,0.0,0.103,,31,0.29,28,0.071,●,
3813,佐藤大介,97,0.309,4,0.25,0.309,全国,53,16,0.438,,,29,0.103,0.276,,35,0.6,36,0.444,,
3814,金子貴志,105,0.2,0,,0.2,全国,29,20,0.2,,,28,0.036,0.179,,40,0.325,28,0.214,●,
3820,樫葉次郎,46,0.043,8,0.0,0.043,全国,11,10,0.4,,,12,0.083,0.083,,17,0.0,20,0.15,●,●
3822,平尾崇典,101,0.158,10,0.1,0.158,全国,50,17,0.353,,,29,0.103,0.103,,37,0.622,39,0.41,,
3825,宮嵜隆太郎,90,0.089,5,0.2,0.089,全国,25,16,0.188,,,37,0.027,0.027,,27,0.259,31,0.065,●,
3826,村田修次,104,0.231,3,0.333,0.231,全国,45,21,0.619,●,残す型,25,0.12,0.24,,35,0.543,33,0.424,,
3827,今泉徹,99,0.121,0,,0.121,全国,28,22,0.318,,,27,0.0,0.074,,35,0.286,26,0.115,●,
3828,明石正之,101,0.238,0,,0.238,全国,28,17,0.353,,,27,0.037,0.111,,33,0.242,30,0.233,●,●
3831,安藤裕貴,96,0.167,3,0.0,0.167,全国,32,19,0.421,,,27,0.037,0.037,,29,0.276,31,0.129,●,
3832,下田哲也,47,0.106,0,,0.106,全国,12,11,0.091,,,21,0.0,0.048,,16,0.125,16,0.125,●,●
3833,中辻博訓,115,0.191,0,,0.191,全国,66,18,0.556,,,27,0.185,0.111,,34,0.471,41,0.341,,
3834,細川明人,102,0.127,0,,0.127,全国,26,17,0.529,,,25,0.08,0.04,,36,0.194,25,0.08,●,●
3837,秋山広一,103,0.204,3,0.333,0.204,全国,42,10,0.2,,,32,0.156,0.188,,35,0.543,34,0.324,,
3838,伊藤啓三,97,0.144,4,0.0,0.144,全国,30,18,0.556,,,33,0.061,0.121,,32,0.344,31,0.226,●,
3839,川合理司,112,0.098,0,,0.098,全国,27,24,0.208,,,40,0.025,0.075,●,37,0.108,32,0.156,●,●
3841,佐々木和伸,114,0.237,9,0.444,0.237,全国,52,21,0.619,●,残す型,40,0.1,0.275,●,35,0.4,39,0.41,,
3842,星野太郎,89,0.169,4,0.0,0.169,全国,30,16,0.375,,,23,0.0,0.13,,34,0.353,24,0.125,●,
3843,上之晃弘,102,0.127,13,0.154,0.127,全国,31,18,0.333,,,27,0.0,0.074,,35,0.257,29,0.172,●,
3845,中谷朋子,67,0.224,2,0.0,0.224,全国,28,13,0.385,,,8,0.0,0.375,,26,0.462,25,0.28,,
3848,川上聡介,116,0.172,6,0.0,0.172,全国,34,21,0.476,,,46,0.109,0.109,●,34,0.382,35,0.286,,
3849,中岡正彦,42,0.238,0,,0.238,全国,50,11,0.727,,,5,0.0,0.6,,26,0.654,34,0.706,,
3850,小川知行,113,0.159,8,0.125,0.159,全国,33,15,0.4,,,30,0.0,0.233,,38,0.263,30,0.267,,
3851,森田昭彦,37,0.027,0,,0.027,全国,9,8,0.0,,,14,0.0,0.0,,14,0.0,12,0.0,,
3852,澤大介,95,0.147,6,0.0,0.147,全国,29,14,0.214,,,28,0.107,0.179,,33,0.333,28,0.393,,
3853,岩崎正哉,118,0.169,8,0.375,0.169,全国,49,12,0.583,,,33,0.03,0.182,,39,0.231,43,0.233,●,●
3854,吉川元浩,109,0.266,5,0.6,0.266,全国,55,22,0.182,●,飛ぶ型,25,0.04,0.28,,34,0.529,38,0.5,,
3857,阿波勝哉,138,0.145,6,0.167,0.145,全国,25,17,0.176,,,69,0.116,0.087,●,39,0.282,33,0.333,,
3859,多羅尾達之,87,0.115,6,0.0,0.115,全国,30,21,0.429,,,28,0.036,0.071,,29,0.172,27,0.111,●,●
3860,松本浩貴,90,0.111,4,0.0,0.111,全国,26,22,0.182,,,28,0.036,0.071,,37,0.108,28,0.179,●,●
3863,海老澤泰行,96,0.177,9,0.111,0.177,全国,29,19,0.316,,,24,0.042,0.042,,32,0.375,29,0.069,●,
3866,木山誠一,92,0.141,0,,0.141,全国,27,19,0.421,,,26,0.038,0.038,,29,0.345,27,0.111,●,
3867,松浦勝,98,0.112,5,0.0,0.112,全国,23,19,0.211,,,27,0.0,0.074,,32,0.094,26,0.115,●,●
3868,尾形栄治,103,0.126,4,0.0,0.126,全国,27,16,0.438,,,29,0.034,0.138,,36,0.194,25,0.2,●,●
3869,井芹大志,82,0.146,5,0.2,0.146,全国,21,11,0.545,,,22,0.0,0.091,,35,0.2,21,0.048,●,●
3870,寺嶋雄,102,0.108,5,0.0,0.108,全国,28,18,0.278,,,30,0.0,0.067,,37,0.324,29,0.103,●,
3871,池田紫乃,74,0.095,13,0.0,0.095,全国,18,11,0.273,,,20,0.0,0.1,,24,0.208,22,0.136,●,●
3872,岡田憲行,98,0.143,0,,0.143,全国,56,25,0.2,●,飛ぶ型,30,0.067,0.167,,35,0.514,43,0.326,,
3873,別府昌樹,104,0.163,2,0.0,0.163,全国,22,11,0.273,,,54,0.093,0.111,●,31,0.387,35,0.286,,
3874,山本寛久,108,0.25,0,,0.25,全国,49,14,0.643,,,33,0.152,0.212,,31,0.548,37,0.378,,
3875,廣中良一,110,0.109,10,0.2,0.109,全国,29,12,0.167,,,24,0.083,0.083,,35,0.086,28,0.214,●,●
3876,中辻崇人,80,0.212,4,0.25,0.212,全国,49,13,0.385,,,33,0.091,0.182,,26,0.615,34,0.441,,
3878,胡本悟志,88,0.136,8,0.25,0.136,全国,22,17,0.353,,,29,0.034,0.172,,32,0.281,25,0.2,●,
3880,浅見宗孝,96,0.208,9,0.333,0.208,全国,31,22,0.273,,,34,0.029,0.176,,30,0.367,37,0.324,,
3882,新田智彰,109,0.211,5,0.2,0.211,全国,31,16,0.375,,,26,0.038,0.115,,45,0.356,27,0.222,●,
3885,久田武,111,0.198,0,,0.198,全国,40,18,0.333,,,36,0.028,0.083,,34,0.353,39,0.128,●,
3888,山本英志,123,0.163,8,0.125,0.163,全国,48,19,0.368,,,40,0.1,0.175,●,38,0.289,42,0.357,,
3889,須藤隆雄,89,0.101,0,,0.101,全国,27,18,0.333,,,26,0.0,0.115,,31,0.129,27,0.111,●,●
3891,谷口健一,102,0.078,0,,0.078,全国,27,19,0.053,,,22,0.0,0.182,,40,0.2,24,0.042,●,●
3892,草場康幸,101,0.149,18,0.111,0.149,全国,31,13,0.385,,,28,0.0,0.036,,35,0.314,30,0.067,●,
3893,汐崎正則,102,0.176,5,0.0,0.176,全国,27,14,0.714,,,32,0.031,0.125,,34,0.294,29,0.207,●,
3895,堀本裕也,45,0.089,3,0.0,0.089,全国,12,10,0.3,,,11,0.0,0.091,,18,0.278,11,0.091,,
3896,上田洋平,103,0.233,0,,0.233,全国,30,15,0.267,,,27,0.074,0.259,,32,0.375,31,0.29,,
3897,白井英治,109,0.193,4,0.0,0.193,全国,49,13,0.385,,,29,0.103,0.276,,36,0.389,37,0.486,,
3898,平田忠則,113,0.257,5,0.2,0.257,全国,65,13,0.615,,,37,0.243,0.189,,39,0.641,43,0.581,,
3900,香川素子,106,0.208,4,0.75,0.208,全国,45,17,0.471,,,31,0.161,0.161,,39,0.513,30,0.333,,
3901,松田憲幸,70,0.157,0,,0.157,全国,18,4,0.25,,,18,0.056,0.111,,24,0.25,17,0.118,●,
3904,森貴洋,81,0.148,0,,0.148,全国,26,16,0.5,,,22,0.0,0.227,,30,0.333,23,0.217,●,
3905,天野友和,126,0.262,6,0.333,0.262,全国,53,21,0.667,●,残す型,40,0.1,0.275,●,37,0.514,41,0.463,,
3906,飯山晃三,107,0.103,16,0.062,0.103,全国,25,16,0.5,,,31,0.161,0.097,,39,0.308,28,0.25,,
3907,村越篤,118,0.178,0,,0.178,全国,43,14,0.357,,,38,0.026,0.105,,40,0.4,38,0.132,●,
3908,重成一人,115,0.2,10,0.4,0.2,全国,62,23,0.348,●,飛ぶ型,40,0.1,0.2,●,45,0.444,40,0.45,,
3909,佐々木康幸,101,0.178,6,0.167,0.178,全国,54,10,0.6,,,8,0.25,0.0,,33,0.515,37,0.541,,
3910,松下知幸,92,0.109,0,,0.109,全国,27,18,0.111,,,29,0.034,0.103,,35,0.143,26,0.154,●,●
3911,鈴木猛,126,0.119,0,,0.119,全国,42,22,0.364,●,飛ぶ型,32,0.0,0.156,,45,0.378,34,0.176,●,
3912,川原正明,123,0.154,4,0.25,0.154,全国,45,9,0.444,,,33,0.03,0.121,,37,0.27,42,0.214,●,
3915,繁野谷圭介,118,0.203,0,,0.203,全国,50,18,0.5,,,37,0.081,0.108,,39,0.513,40,0.2,●,
3918,深井利寿,124,0.339,3,0.333,0.339,全国,56,22,0.545,●,,38,0.079,0.316,,32,0.594,41,0.439,,
3920,正木聖賢,33,0.212,6,0.333,0.212,全国,32,20,0.45,,,,,,,26,0.269,24,0.458,,
3921,川村正輝,33,0.03,4,0.0,0.03,全国,10,6,0.0,,,9,0.0,0.0,,12,0.083,10,0.0,,
3922,菅沼佳昭,101,0.139,4,0.0,0.139,全国,31,22,0.227,,,21,0.0,0.095,,44,0.25,23,0.174,●,
3928,林恵祐,99,0.121,4,0.0,0.121,全国,26,13,0.385,,,26,0.0,0.115,,38,0.211,24,0.042,●,●
3929,杢野誓良,102,0.167,0,,0.167,全国,32,21,0.476,,,29,0.034,0.138,,34,0.324,29,0.207,●,
3930,岸本隆,108,0.176,0,,0.176,全国,35,14,0.429,,,29,0.034,0.172,,31,0.226,32,0.281,,●
3931,黒崎竜也,102,0.245,0,,0.245,全国,36,14,0.429,,,44,0.114,0.25,●,32,0.375,40,0.425,,
3932,池田浩美,72,0.069,5,0.0,0.069,全国,22,10,0.6,,,25,0.08,0.04,,26,0.269,23,0.13,●,
3933,山地正樹,16,0.375,2,1.0,0.375,全国,34,23,0.435,,,,,,,31,0.613,29,0.586,,
3934,鋤柄貴俊,117,0.205,0,,0.205,全国,35,21,0.19,,,29,0.103,0.069,,43,0.302,31,0.29,,
3935,岩津徹郎,89,0.225,0,,0.225,全国,26,14,0.571,,,34,0.088,0.206,,32,0.312,28,0.321,,
3939,渡辺真至,41,0.146,4,0.5,0.146,全国,12,6,0.5,,,12,0.0,0.083,,13,0.385,11,0.091,,
3940,飯山泰,129,0.233,0,,0.233,全国,65,24,0.75,●,残す型,39,0.128,0.231,,44,0.545,42,0.405,,
3941,池田浩二,114,0.289,0,,0.289,全国,63,11,0.455,,,30,0.033,0.267,,39,0.59,38,0.395,,
3942,寺田祥,93,0.237,4,0.0,0.237,全国,59,23,0.522,●,,16,0.0,0.188,,33,0.545,29,0.345,,
3943,三松直美,28,0.0,5,0.0,0.0,全国,5,5,0.0,,,12,0.0,0.0,,9,0.0,6,0.0,,
3944,山口裕二,108,0.213,18,0.222,0.213,全国,44,13,0.692,,,28,0.179,0.143,,31,0.419,37,0.405,,
3945,橋口真樹,84,0.143,3,0.333,0.143,全国,20,15,0.267,,,22,0.091,0.091,,31,0.129,22,0.227,●,●
3946,赤岩善生,43,0.209,0,,0.209,全国,71,21,0.476,●,,5,0.4,0.2,,41,0.585,45,0.667,,
3947,寺本昇平,104,0.212,0,,0.212,全国,34,23,0.174,,,30,0.1,0.167,,36,0.306,32,0.312,,
3948,大町利克,88,0.068,0,,0.068,全国,19,15,0.333,,,29,0.0,0.034,,27,0.259,30,0.067,●,
3949,今出晋二,91,0.099,7,0.143,0.099,全国,26,25,0.24,,,27,0.0,0.074,,29,0.069,31,0.129,●,●
3950,石川哲秀,80,0.125,4,0.25,0.125,全国,23,22,0.227,,,23,0.13,0.0,,31,0.194,23,0.13,●,●
3951,石川吉鎬,106,0.217,6,0.333,0.217,全国,38,23,0.304,,,27,0.0,0.148,,35,0.371,30,0.167,●,
3952,中澤和志,118,0.297,11,0.364,0.297,全国,59,22,0.5,●,,30,0.067,0.233,,43,0.581,37,0.405,,
3953,志道吉和,66,0.091,5,0.2,0.091,全国,17,9,0.222,,,23,0.043,0.0,,21,0.143,19,0.053,●,●
3955,眞田英二,76,0.237,0,,0.237,全国,20,12,0.5,,,20,0.0,0.2,,27,0.259,21,0.19,●,
3956,横澤剛治,102,0.216,3,0.0,0.216,全国,38,15,0.4,,,26,0.077,0.154,,32,0.438,36,0.361,,
3957,大谷直弘,115,0.209,0,,0.209,全国,35,23,0.391,,,28,0.107,0.179,,46,0.304,30,0.367,,
3959,坪井康晴,115,0.191,4,0.25,0.191,全国,53,18,0.611,,,29,0.034,0.103,,41,0.537,37,0.324,,
3960,菊地孝平,121,0.157,7,0.0,0.157,全国,55,18,0.389,,,32,0.094,0.094,,36,0.5,42,0.333,,
3961,谷村一哉,98,0.306,5,0.4,0.306,全国,43,11,0.545,,,34,0.147,0.353,,31,0.516,36,0.583,,
3963,原田秀弥,110,0.182,0,,0.182,全国,44,20,0.35,●,飛ぶ型,32,0.031,0.219,,39,0.436,35,0.286,,
3964,宮地博士,100,0.17,16,0.188,0.17,全国,24,20,0.4,,,26,0.038,0.115,,36,0.278,26,0.115,●,
3965,北中元樹,125,0.184,0,,0.184,全国,47,19,0.526,,,43,0.07,0.256,●,35,0.486,45,0.356,,
3966,作間章,125,0.264,7,0.286,0.264,全国,63,19,0.316,,,36,0.083,0.278,,40,0.525,41,0.439,,
3967,鈴木茂高,100,0.11,3,0.0,0.11,全国,24,13,0.462,,,31,0.0,0.065,,33,0.182,26,0.077,●,●
3968,茶谷信次,103,0.33,0,,0.33,全国,38,14,0.5,,,37,0.054,0.27,,31,0.548,45,0.333,,
3973,崎利仁,112,0.161,8,0.125,0.161,全国,32,25,0.28,,,34,0.059,0.147,,38,0.342,32,0.219,●,
3974,深山祐二,87,0.161,6,0.167,0.161,全国,25,19,0.474,,,23,0.0,0.13,,30,0.2,23,0.217,●,●
3975,小野寺智洋,105,0.248,6,0.167,0.248,全国,37,12,0.417,,,34,0.059,0.265,,36,0.278,32,0.25,,
3976,内田圭,98,0.071,8,0.0,0.071,全国,26,17,0.235,,,27,0.037,0.0,,31,0.258,28,0.036,●,
3977,山本兼士,117,0.171,3,0.0,0.171,全国,31,22,0.136,,,34,0.088,0.0,,35,0.229,31,0.161,●,●
3978,齊藤仁,107,0.215,0,,0.215,全国,44,14,0.214,,,37,0.081,0.243,,33,0.455,38,0.342,,
3981,今坂晃広,119,0.134,10,0.0,0.134,全国,29,12,0.167,,,36,0.028,0.083,,38,0.263,29,0.138,●,
3982,福田理,91,0.099,0,,0.099,全国,29,21,0.333,,,23,0.0,0.0,,32,0.188,25,0.04,●,●
3983,須藤博倫,132,0.205,8,0.25,0.205,全国,47,17,0.529,,,37,0.135,0.189,,42,0.595,41,0.366,,
3984,坂口周,128,0.289,9,0.222,0.289,全国,62,17,0.588,,,33,0.0,0.242,,41,0.561,44,0.341,,
3986,沖島広和,54,0.185,4,0.5,0.185,全国,20,9,0.778,,,22,0.0,0.091,,18,0.389,22,0.136,●,
3987,後藤正宗,124,0.218,0,,0.218,全国,45,16,0.375,,,40,0.1,0.175,●,33,0.576,42,0.333,,
3988,古川誠之,129,0.248,0,,0.248,全国,54,19,0.632,,,40,0.05,0.3,●,37,0.514,49,0.367,,
3989,熊本英一,90,0.122,5,0.2,0.122,全国,22,14,0.214,,,31,0.065,0.097,,26,0.192,25,0.2,●,●
3990,芹澤克彦,102,0.118,2,0.5,0.118,全国,26,15,0.2,,,27,0.037,0.074,,36,0.25,28,0.143,●,
3992,関口智久,91,0.143,2,0.0,0.143,全国,30,14,0.214,,,32,0.094,0.156,,32,0.219,27,0.407,,●
3993,永井聖美,90,0.222,5,0.2,0.222,全国,32,20,0.1,,,20,0.05,0.25,,31,0.387,22,0.318,,
3994,小野桜,91,0.209,0,,0.209,全国,30,19,0.316,,,20,0.05,0.1,,36,0.25,23,0.217,●,
3995,重野哲之,89,0.258,0,,0.258,全国,40,9,0.556,,,27,0.074,0.222,,29,0.586,30,0.333,,
3997,北村征嗣,132,0.288,9,0.111,0.288,全国,66,21,0.429,●,,29,0.103,0.241,,53,0.547,37,0.405,,
3998,冨成謙児,101,0.069,2,0.0,0.069,全国,30,19,0.579,,,26,0.0,0.0,,41,0.244,26,0.0,●,●
3999,大瀧明日香,120,0.283,9,0.222,0.283,全国,60,22,0.545,●,,35,0.086,0.286,,38,0.342,40,0.425,,
4000,松本博昭,131,0.298,5,0.4,0.298,全国,60,27,0.63,●,残す型,35,0.057,0.371,,41,0.415,43,0.419,,
4002,古結宏,110,0.236,6,0.167,0.236,全国,58,18,0.389,,,23,0.087,0.522,,37,0.541,37,0.595,,
4003,表憲一,97,0.247,2,0.0,0.247,全国,29,19,0.211,,,31,0.161,0.194,,31,0.419,31,0.387,,
4004,山本浩輔,102,0.216,26,0.346,0.346,当地,30,16,0.625,,,22,0.091,0.091,,35,0.371,27,0.222,●,
4006,小野勇作,103,0.136,0,,0.136,全国,30,19,0.474,,,27,0.0,0.148,,34,0.324,27,0.185,●,
4007,榮田将彦,83,0.193,6,0.167,0.193,全国,25,13,0.462,,,32,0.0,0.125,,29,0.379,30,0.133,●,
4009,小林一樹,103,0.175,3,0.667,0.175,全国,45,18,0.333,,,23,0.087,0.13,,32,0.344,34,0.265,,
4010,越智照浩,88,0.216,0,,0.216,全国,22,11,0.091,,,21,0.0,0.095,,29,0.138,21,0.19,●,●
4011,堀之内紀代子,95,0.221,5,0.6,0.221,全国,33,11,0.545,,,32,0.125,0.25,,29,0.31,32,0.531,,
4012,中村有裕,94,0.181,5,0.2,0.181,全国,39,11,0.364,,,18,0.0,0.278,,38,0.447,32,0.312,,
4013,中島孝平,125,0.208,0,,0.208,全国,58,10,0.2,,,42,0.19,0.095,●,43,0.558,42,0.31,,
4014,片岡恵里,106,0.17,9,0.111,0.17,全国,49,17,0.353,,,32,0.062,0.156,,31,0.355,37,0.243,●,
4015,前野竜一,127,0.213,10,0.1,0.213,全国,51,21,0.381,●,飛ぶ型,43,0.093,0.233,●,38,0.447,40,0.325,,
4016,西川新太郎,107,0.159,0,,0.159,全国,30,19,0.316,,,33,0.091,0.121,,32,0.375,36,0.222,●,
4017,向井美鈴,103,0.233,7,0.429,0.233,全国,39,14,0.5,,,35,0.0,0.2,,34,0.471,33,0.212,●,
4019,笠原亮,118,0.178,6,0.167,0.178,全国,56,17,0.588,,,39,0.128,0.154,,40,0.525,40,0.35,,
4020,川上清人,102,0.098,7,0.0,0.098,全国,23,14,0.143,,,33,0.091,0.061,,34,0.176,27,0.185,●,●
4022,待鳥雄紀,87,0.103,2,0.0,0.103,全国,24,14,0.071,,,21,0.048,0.095,,27,0.259,25,0.16,●,
4023,柴田友和,94,0.096,4,0.25,0.096,全国,22,15,0.267,,,26,0.0,0.0,,36,0.306,23,0.0,●,
4024,井口佳典,125,0.208,4,0.0,0.208,全国,44,19,0.316,,,36,0.028,0.167,,40,0.475,45,0.333,,
4025,山本隆幸,83,0.169,4,0.25,0.169,全国,37,11,0.455,,,20,0.1,0.15,,28,0.429,27,0.481,,
4027,松江秀徳,90,0.144,9,0.222,0.144,全国,32,16,0.312,,,19,0.053,0.105,,28,0.393,25,0.16,●,
4028,田村隆信,101,0.198,4,0.0,0.198,全国,48,15,0.4,,,26,0.038,0.308,,36,0.389,31,0.419,,
4030,森高一真,127,0.244,5,0.2,0.244,全国,49,20,0.4,●,,35,0.057,0.143,,46,0.457,36,0.194,●,
4031,飯島誠,97,0.144,0,,0.144,全国,29,19,0.474,,,33,0.061,0.03,,34,0.294,29,0.103,●,
4033,伊藤将吉,115,0.226,2,0.0,0.226,全国,49,12,0.583,,,38,0.105,0.316,,36,0.444,38,0.421,,
4034,西原明生,100,0.05,5,0.2,0.05,全国,25,18,0.556,,,23,0.0,0.043,,38,0.158,23,0.043,●,●
4035,杉江浩明,115,0.087,3,0.0,0.087,全国,30,22,0.182,,,31,0.032,0.129,,45,0.2,27,0.222,●,●
4036,金田諭,112,0.25,10,0.3,0.25,全国,50,16,0.5,,,38,0.105,0.342,,34,0.559,44,0.477,,
4039,村上功祐,112,0.188,4,0.0,0.188,全国,41,22,0.409,●,,36,0.056,0.139,,36,0.444,39,0.179,●,
4040,廣瀬将亨,121,0.207,9,0.0,0.207,全国,51,18,0.389,,,45,0.067,0.133,●,34,0.5,44,0.182,●,
4041,小林基樹,88,0.182,6,0.333,0.182,全国,24,18,0.222,,,18,0.0,0.111,,37,0.243,22,0.136,●,●
4042,丸岡正典,115,0.217,3,0.0,0.217,全国,55,20,0.4,●,,44,0.136,0.136,●,33,0.576,42,0.357,,
4043,桐本康臣,114,0.316,4,0.5,0.316,全国,51,25,0.48,●,,31,0.097,0.226,,39,0.615,37,0.405,,
4044,湯川浩司,107,0.28,4,0.75,0.28,全国,50,14,0.643,,,26,0.077,0.346,,35,0.314,34,0.412,,
4045,佐々木裕美,89,0.067,0,,0.067,全国,30,20,0.4,,,19,0.053,0.105,,34,0.176,21,0.143,●,●
4047,吉永浩則,87,0.069,6,0.167,0.069,全国,27,13,0.538,,,28,0.0,0.036,,30,0.233,25,0.04,●,●
4049,荒川健太,111,0.288,3,0.333,0.288,全国,58,17,0.529,,,21,0.048,0.143,,36,0.472,38,0.342,,
4050,田口節子,109,0.239,4,0.0,0.239,全国,56,11,0.727,,,39,0.179,0.205,,33,0.606,40,0.45,,
4051,清水敦揮,89,0.326,5,0.4,0.326,全国,40,13,0.308,,,26,0.192,0.192,,29,0.621,28,0.5,,
4052,興津藍,116,0.207,8,0.125,0.207,全国,47,13,0.538,,,40,0.025,0.075,●,41,0.415,42,0.119,●,
4053,芦澤望,113,0.221,4,0.25,0.221,全国,44,18,0.444,,,37,0.054,0.162,,36,0.583,37,0.216,●,
4054,福嶋智之,111,0.135,5,0.0,0.135,全国,34,18,0.222,,,44,0.068,0.045,●,34,0.412,40,0.125,●,
4055,吉田俊彦,129,0.209,5,0.2,0.209,全国,51,16,0.562,,,21,0.095,0.095,,48,0.562,38,0.395,,
4056,小西英輝,10,0.4,0,,0.4,全国,3,2,0.5,,,2,0.0,0.0,,3,0.667,3,0.0,,
4057,松井賢治,124,0.177,9,0.111,0.177,全国,47,19,0.789,,,34,0.059,0.147,,36,0.306,41,0.244,●,
4058,野末智一,121,0.289,4,0.5,0.289,全国,58,23,0.522,●,,33,0.061,0.182,,39,0.564,40,0.35,,
4059,入澤友治,99,0.121,0,,0.121,全国,30,18,0.389,,,31,0.129,0.097,,27,0.407,34,0.265,,
4060,島田一生,99,0.131,0,,0.131,全国,29,16,0.375,,,33,0.03,0.091,,37,0.216,31,0.194,●,●
4061,萩原秀人,127,0.252,0,,0.252,全国,64,16,0.5,,,44,0.159,0.159,●,36,0.583,48,0.5,,
4062,後藤陽介,93,0.108,5,0.0,0.108,全国,29,19,0.158,,,29,0.0,0.034,,28,0.179,27,0.111,●,●
4063,市橋卓士,124,0.29,5,0.2,0.29,全国,65,19,0.526,,,29,0.069,0.207,,44,0.636,42,0.452,,
4064,原田篤志,124,0.274,9,0.222,0.274,全国,65,13,0.462,,,36,0.167,0.222,,37,0.568,45,0.467,,
4065,金田幸子,93,0.14,10,0.3,0.14,全国,30,16,0.438,,,28,0.036,0.214,,28,0.393,27,0.296,,
4066,東本勝利,118,0.339,5,0.4,0.339,全国,44,17,0.529,,,40,0.1,0.3,●,37,0.514,38,0.421,,
4067,永井源,123,0.195,3,0.333,0.195,全国,50,22,0.455,●,,30,0.167,0.267,,41,0.561,35,0.4,,
4068,幸田智裕,109,0.303,4,0.5,0.303,全国,33,20,0.35,,,28,0.071,0.179,,42,0.333,28,0.286,,
4069,山本修一,124,0.29,5,0.4,0.29,全国,51,20,0.45,●,,35,0.2,0.257,,43,0.372,38,0.474,,
4071,古賀千晶,73,0.096,0,,0.096,全国,20,11,0.455,,,16,0.062,0.188,,27,0.111,20,0.25,,●
4072,森永淳,99,0.172,14,0.143,0.172,全国,51,11,0.273,,,20,0.0,0.2,,38,0.579,23,0.435,,
4073,大橋純一郎,120,0.208,6,0.167,0.208,全国,55,16,0.5,,,37,0.27,0.135,,37,0.432,40,0.475,,
4074,柳沢一,122,0.287,9,0.333,0.287,全国,56,19,0.316,,,33,0.121,0.212,,36,0.556,38,0.421,,
4075,中野次郎,126,0.206,9,0.444,0.206,全国,50,17,0.529,,,38,0.132,0.132,,40,0.475,39,0.308,,
4076,杉田篤光,140,0.229,0,,0.229,全国,47,24,0.542,●,,38,0.026,0.105,,45,0.289,37,0.216,●,
4077,品田直樹,111,0.162,8,0.125,0.162,全国,39,18,0.167,,,36,0.028,0.139,,40,0.25,35,0.2,●,
4079,出畑孝典,122,0.205,5,0.2,0.205,全国,55,21,0.476,●,,40,0.1,0.125,●,40,0.4,45,0.267,,
4080,山崎哲司,16,0.25,0,,0.25,全国,11,1,0.0,,,4,0.25,0.25,,8,0.5,5,0.8,,
4081,樋口範政,119,0.143,3,0.333,0.143,全国,34,21,0.429,,,32,0.031,0.094,,40,0.175,31,0.194,●,●
4082,濱崎誠,113,0.186,0,,0.186,全国,32,16,0.562,,,37,0.135,0.162,,38,0.342,37,0.324,,
4083,福島勇樹,115,0.235,0,,0.235,全国,59,12,0.667,,,25,0.12,0.32,,45,0.711,39,0.538,,
4084,杉山正樹,131,0.221,14,0.214,0.221,全国,64,20,0.5,●,,45,0.133,0.156,●,41,0.585,49,0.327,,
4085,荻野裕介,84,0.238,0,,0.238,全国,18,10,0.6,,,30,0.067,0.233,,28,0.536,26,0.346,,
4086,寺本重宣,114,0.175,3,0.0,0.175,全国,44,18,0.278,,,35,0.029,0.143,,37,0.432,38,0.184,●,
4089,妹尾忠幸,132,0.333,13,0.385,0.333,全国,51,14,0.429,,,44,0.068,0.295,●,36,0.694,46,0.391,,
4090,中村尊,89,0.202,0,,0.202,全国,33,12,0.5,,,34,0.147,0.206,,31,0.387,32,0.375,,
4092,岡部大輔,81,0.16,9,0.111,0.16,全国,27,9,0.0,,,30,0.1,0.1,,30,0.3,28,0.214,●,
4093,吉田宗弘,87,0.115,3,0.0,0.115,全国,28,19,0.158,,,19,0.053,0.0,,36,0.167,23,0.087,●,●
4094,中島真二,98,0.184,2,0.0,0.184,全国,28,15,0.533,,,23,0.0,0.174,,32,0.156,27,0.222,●,●
4095,福来剛,133,0.203,14,0.357,0.203,全国,61,18,0.444,,,38,0.289,0.158,,40,0.575,41,0.585,,
4096,石橋道友,104,0.212,24,0.125,0.212,全国,53,10,0.4,,,31,0.097,0.355,,37,0.405,35,0.543,,
4097,貫地谷直人,88,0.125,0,,0.125,全国,18,17,0.235,,,26,0.038,0.115,,32,0.219,23,0.13,●,●
4098,赤澤文香,84,0.131,4,0.0,0.131,全国,26,18,0.167,,,20,0.05,0.2,,27,0.185,26,0.269,,●
4099,吉永則雄,107,0.234,3,0.0,0.234,全国,50,17,0.353,,,28,0.143,0.214,,32,0.312,41,0.463,,
4100,松田隆司,111,0.162,14,0.071,0.162,全国,32,14,0.357,,,30,0.033,0.1,,32,0.344,31,0.161,●,
4102,益田啓司,133,0.188,3,0.333,0.188,全国,49,9,0.667,,,44,0.159,0.205,●,42,0.595,39,0.385,,
4103,山崎善庸,86,0.174,5,0.0,0.174,全国,26,21,0.095,,,27,0.0,0.111,,28,0.214,25,0.16,●,●
4104,木下陽介,96,0.156,10,0.0,0.156,全国,25,15,0.467,,,25,0.08,0.04,,27,0.333,27,0.148,●,
4105,松下直也,117,0.248,6,0.333,0.248,全国,41,29,0.345,●,飛ぶ型,32,0.062,0.156,,35,0.371,39,0.282,,
4106,坂井康嗣,84,0.095,10,0.1,0.095,全国,18,16,0.375,,,17,0.0,0.059,,31,0.323,21,0.048,●,
4108,吉村正明,116,0.155,0,,0.155,全国,41,10,0.7,,,31,0.129,0.226,,36,0.444,37,0.378,,
4109,谷津幸宏,121,0.215,5,0.0,0.215,全国,51,16,0.625,,,37,0.081,0.216,,38,0.395,42,0.357,,
4110,小澤和也,87,0.138,0,,0.138,全国,26,17,0.294,,,21,0.048,0.143,,32,0.344,22,0.227,●,
4111,奥田誠,108,0.167,2,0.0,0.167,全国,36,17,0.529,,,31,0.065,0.194,,36,0.389,32,0.281,,
4112,大久保信一郎,104,0.221,5,0.4,0.221,全国,29,10,0.4,,,26,0.077,0.231,,35,0.343,28,0.321,,
4113,木村浩士,106,0.179,4,0.0,0.179,全国,35,20,0.2,,,26,0.115,0.077,,37,0.243,27,0.259,,●
4114,深澤達徳,87,0.195,0,,0.195,全国,22,14,0.286,,,24,0.042,0.208,,31,0.29,25,0.24,●,
4116,川田正人,109,0.22,4,0.5,0.22,全国,30,19,0.263,,,32,0.031,0.125,,31,0.613,34,0.118,●,
4117,廣中智紗衣,100,0.27,0,,0.27,全国,48,28,0.464,●,,28,0.179,0.286,,33,0.485,30,0.533,,
4118,宇佐見淳,136,0.243,4,0.0,0.243,全国,56,22,0.591,●,残す型,40,0.05,0.225,●,45,0.467,43,0.302,,
4119,泥谷一毅,111,0.216,8,0.25,0.216,全国,39,20,0.25,,,24,0.125,0.292,,39,0.231,33,0.394,,●
4120,柘植政浩,130,0.2,6,0.167,0.2,全国,50,16,0.625,,,40,0.05,0.1,●,40,0.5,44,0.159,●,
4121,富永修一,106,0.198,6,0.167,0.198,全国,46,19,0.526,,,41,0.024,0.22,●,31,0.355,41,0.317,,
4122,安東幸治,130,0.262,8,0.125,0.262,全国,55,25,0.4,●,,40,0.075,0.225,●,46,0.391,42,0.333,,
4123,細川裕子,124,0.298,8,0.375,0.298,全国,64,24,0.5,●,,39,0.103,0.231,,40,0.575,40,0.5,,
4124,池田雄一,115,0.313,8,0.375,0.313,全国,51,18,0.278,,,38,0.026,0.368,,36,0.444,45,0.4,,
4128,川口貴久,96,0.208,0,,0.208,全国,30,17,0.235,,,33,0.0,0.152,,38,0.526,32,0.188,●,
4129,宇野博之,102,0.098,0,,0.098,全国,29,25,0.2,,,27,0.037,0.0,,33,0.212,31,0.097,●,●
4131,原豊土,93,0.204,0,,0.204,全国,32,11,0.455,,,30,0.1,0.133,,31,0.419,29,0.276,,
4133,高橋正男,108,0.222,0,,0.222,全国,48,21,0.429,●,,36,0.139,0.25,,32,0.375,37,0.459,,
4134,杉山貴博,120,0.2,4,0.0,0.2,全国,46,21,0.476,●,,35,0.229,0.2,,38,0.421,37,0.432,,
4136,江夏満,92,0.304,0,,0.304,全国,43,14,0.571,,,33,0.152,0.303,,28,0.536,33,0.485,,
4137,君島秀三,117,0.239,4,0.25,0.239,全国,58,15,0.6,,,38,0.132,0.158,,35,0.457,40,0.4,,
4138,中井俊祐,99,0.091,3,0.0,0.091,全国,29,19,0.316,,,28,0.143,0.071,,36,0.278,26,0.192,●,
4139,丹下健,103,0.136,0,,0.136,全国,28,15,0.467,,,29,0.0,0.103,,32,0.344,28,0.107,●,
4140,梶野学志,87,0.207,0,,0.207,全国,41,10,0.4,,,24,0.0,0.25,,30,0.367,30,0.333,,
4142,平野和明,104,0.269,3,0.0,0.269,全国,44,25,0.52,●,,28,0.071,0.107,,37,0.324,32,0.188,●,
4143,浦田晃嗣,94,0.096,12,0.25,0.096,全国,20,14,0.429,,,20,0.0,0.05,,33,0.152,21,0.095,●,●
4144,石塚久也,106,0.198,0,,0.198,全国,38,12,0.417,,,29,0.034,0.31,,37,0.486,35,0.343,,
4145,小澤学,100,0.2,0,,0.2,全国,26,24,0.208,,,24,0.0,0.083,,34,0.176,24,0.083,●,●
4146,柳橋宏紀,114,0.184,4,0.25,0.184,全国,40,17,0.706,,,38,0.105,0.158,,40,0.45,33,0.242,●,
4148,枝尾賢,117,0.256,9,0.111,0.256,全国,48,21,0.571,●,残す型,30,0.1,0.267,,39,0.385,43,0.558,,
4150,山田雄太,107,0.215,4,0.0,0.215,全国,38,15,0.467,,,33,0.03,0.152,,35,0.4,33,0.212,●,
4151,下河誉史,100,0.19,3,0.0,0.19,全国,38,18,0.389,,,12,0.083,0.167,,38,0.289,31,0.387,,
4152,深水慎一郎,93,0.108,4,0.0,0.108,全国,36,19,0.421,,,25,0.08,0.12,,28,0.25,32,0.25,,
4154,森安弘雅,102,0.176,16,0.125,0.176,全国,38,21,0.286,,,30,0.033,0.067,,32,0.469,33,0.091,●,
4155,長野壮志郎,107,0.168,8,0.375,0.168,全国,52,21,0.524,●,,34,0.118,0.147,,39,0.385,34,0.412,,
4156,浜野孝志,124,0.21,5,0.0,0.21,全国,51,26,0.385,●,,38,0.026,0.237,,37,0.405,38,0.263,,
4158,木場雄二郎,99,0.222,0,,0.222,全国,29,10,0.1,,,33,0.03,0.212,,37,0.27,30,0.367,,
4159,向後龍一,125,0.24,6,0.167,0.24,全国,56,23,0.565,●,,34,0.088,0.118,,43,0.512,40,0.3,,
4161,黒柳浩孝,104,0.192,3,0.0,0.192,全国,41,21,0.476,●,,32,0.156,0.219,,33,0.333,33,0.394,,
4162,竹本太樹,45,0.089,0,,0.089,全国,14,11,0.182,,,10,0.0,0.0,,13,0.462,11,0.091,,
4163,山崎裕司,119,0.185,8,0.125,0.185,全国,55,19,0.421,,,29,0.0,0.034,,45,0.422,39,0.103,●,
4164,岩永節也,85,0.165,23,0.217,0.165,全国,25,20,0.1,,,19,0.053,0.053,,29,0.276,24,0.125,●,
4166,吉田拡郎,125,0.232,0,,0.232,全国,64,13,0.846,,,40,0.1,0.275,●,38,0.474,45,0.422,,
4167,片岡秀樹,100,0.22,5,0.0,0.22,全国,28,19,0.105,,,37,0.054,0.027,,29,0.379,34,0.088,●,
4168,石野貴之,104,0.173,4,0.5,0.173,全国,59,17,0.529,,,27,0.074,0.259,,45,0.644,38,0.395,,
4169,多田有佑,95,0.084,0,,0.084,全国,28,21,0.286,,,27,0.037,0.037,,32,0.156,27,0.074,●,●
4171,榎幸司,126,0.23,35,0.086,0.086,当地,61,19,0.421,,,46,0.109,0.261,●,38,0.368,49,0.449,,
4172,森定晃史,127,0.244,13,0.077,0.244,全国,57,26,0.615,●,残す型,39,0.077,0.282,,41,0.585,41,0.366,,
4173,岡谷健吾,114,0.149,13,0.077,0.149,全国,33,14,0.429,,,29,0.172,0.103,,37,0.243,30,0.367,,●
4174,赤坂俊輔,109,0.229,23,0.217,0.229,全国,68,23,0.261,●,飛ぶ型,11,0.091,0.091,,41,0.439,39,0.513,,
4175,川尻泰輔,98,0.204,0,,0.204,全国,38,9,0.444,,,26,0.192,0.115,,32,0.5,27,0.296,,
4176,樋口喜彦,68,0.147,3,0.333,0.147,全国,16,14,0.143,,,13,0.0,0.0,,25,0.2,16,0.0,●,●
4177,萬正嗣,83,0.133,0,,0.133,全国,27,11,0.364,,,31,0.032,0.097,,21,0.238,28,0.143,●,●
4179,広次修,118,0.305,7,0.286,0.305,全国,43,20,0.25,●,飛ぶ型,35,0.086,0.257,,40,0.525,38,0.395,,
4180,上野秀和,112,0.223,3,0.333,0.223,全国,42,17,0.353,,,31,0.032,0.258,,37,0.351,36,0.306,,
4181,花本夏樹,85,0.129,5,0.2,0.129,全国,23,17,0.294,,,10,0.1,0.2,,32,0.062,22,0.227,●,●
4182,吉田和仁,116,0.19,4,0.25,0.19,全国,38,23,0.391,,,31,0.0,0.097,,35,0.429,34,0.118,●,
4183,宇野弥生,98,0.143,6,0.0,0.143,全国,32,6,0.333,,,34,0.029,0.088,,29,0.138,32,0.156,●,●
4184,渡邊雄一郎,96,0.312,3,0.667,0.312,全国,48,11,0.545,,,23,0.087,0.435,,29,0.724,28,0.643,,
4186,小川時光,92,0.098,0,,0.098,全国,26,18,0.333,,,22,0.0,0.045,,32,0.062,23,0.043,●,●
4188,久田敏之,112,0.179,9,0.444,0.179,全国,55,12,0.5,,,31,0.129,0.29,,39,0.615,39,0.667,,
4189,川上剛,113,0.257,0,,0.257,全国,61,22,0.227,●,飛ぶ型,24,0.042,0.333,,35,0.371,42,0.524,,
4190,長嶋万記,67,0.269,0,,0.269,全国,30,8,0.5,,,18,0.111,0.222,,25,0.6,21,0.476,,
4191,赤羽克也,96,0.208,3,0.333,0.208,全国,43,14,0.429,,,26,0.154,0.115,,31,0.581,32,0.344,,
4193,郷原章平,123,0.203,4,0.0,0.203,全国,52,17,0.412,,,34,0.059,0.118,,42,0.31,39,0.205,●,
4195,前川守嗣,100,0.14,5,0.0,0.14,全国,33,21,0.095,,,30,0.1,0.067,,37,0.27,29,0.31,,
4196,田中太一郎,112,0.125,8,0.25,0.125,全国,26,14,0.286,,,29,0.0,0.069,,40,0.225,28,0.071,●,●
4197,渥美卓郎,94,0.074,0,,0.074,全国,29,19,0.211,,,21,0.0,0.143,,37,0.135,26,0.154,●,●
4199,北川潤二,77,0.221,0,,0.221,全国,68,17,0.529,,,,,,,41,0.439,42,0.619,,
4200,早川尚人,104,0.125,0,,0.125,全国,31,20,0.2,,,30,0.067,0.2,,35,0.2,28,0.286,,●
4201,佐竹友樹,96,0.177,0,,0.177,全国,27,18,0.222,,,27,0.074,0.111,,34,0.441,27,0.148,●,
4202,浮田圭浩,98,0.153,7,0.0,0.153,全国,28,15,0.333,,,32,0.031,0.094,,35,0.171,32,0.156,●,●
4203,小倉康典,93,0.118,0,,0.118,全国,28,19,0.263,,,28,0.071,0.143,,33,0.182,26,0.231,●,●
4204,柴田大輔,96,0.083,0,,0.083,全国,27,17,0.471,,,29,0.034,0.069,,34,0.265,28,0.143,●,
4205,山口剛,98,0.214,0,,0.214,全国,51,11,0.545,,,33,0.152,0.212,,29,0.724,36,0.444,,
4207,松下一也,106,0.16,0,,0.16,全国,49,20,0.4,●,,38,0.132,0.158,,36,0.306,41,0.415,,
4208,三浦永理,118,0.288,6,0.333,0.288,全国,63,14,0.5,,,34,0.118,0.147,,41,0.756,36,0.417,,
4209,藤田竜弘,107,0.262,5,0.4,0.262,全国,45,23,0.348,●,飛ぶ型,30,0.0,0.267,,39,0.385,35,0.343,,
4210,松村康太,112,0.375,0,,0.375,全国,49,25,0.48,●,,30,0.1,0.233,,36,0.444,37,0.514,,
4211,村田敦,102,0.137,6,0.0,0.137,全国,35,25,0.32,,,39,0.026,0.103,,38,0.263,26,0.115,●,
4213,重富伸也,128,0.086,17,0.118,0.086,全国,15,13,0.385,,,65,0.077,0.062,●,41,0.39,45,0.289,,
4214,林祐介,99,0.253,5,0.4,0.253,全国,41,14,0.429,,,29,0.103,0.241,,35,0.286,34,0.353,,
4215,吉島祥之,129,0.202,8,0.125,0.202,全国,53,27,0.296,●,飛ぶ型,42,0.119,0.262,●,38,0.605,49,0.388,,
4216,星栄爾,124,0.185,10,0.0,0.185,全国,44,19,0.684,,,39,0.051,0.128,,44,0.341,33,0.182,●,
4218,吉川喜継,98,0.214,0,,0.214,全国,53,13,0.538,,,2,0.0,0.5,,40,0.5,45,0.556,,
4219,本岡勝利,102,0.176,2,0.5,0.176,全国,17,13,0.154,,,23,0.043,0.13,,41,0.22,21,0.19,●,●
4220,深川和仁,102,0.108,4,0.25,0.108,全国,28,6,0.167,,,22,0.045,0.091,,33,0.242,29,0.172,●,●
4224,大橋栄里佳,106,0.236,5,0.0,0.236,全国,34,18,0.333,,,34,0.147,0.118,,35,0.343,36,0.278,,
4225,土屋千明,83,0.217,0,,0.217,全国,39,16,0.688,,,26,0.115,0.154,,27,0.333,33,0.364,,
4226,村田浩司,104,0.135,5,0.2,0.135,全国,33,17,0.353,,,29,0.069,0.034,,40,0.25,28,0.143,●,
4227,安達裕樹,109,0.193,8,0.25,0.193,全国,45,17,0.471,,,31,0.065,0.226,,39,0.385,35,0.314,,
4228,吉田慎二郎,120,0.275,0,,0.275,全国,48,20,0.5,●,,41,0.122,0.293,●,32,0.344,42,0.476,,
4229,市川美宏,81,0.21,3,0.0,0.21,全国,25,19,0.211,,,25,0.04,0.24,,31,0.226,25,0.28,,●
4230,濱崎直矢,91,0.209,0,,0.209,全国,33,8,0.5,,,30,0.1,0.267,,32,0.469,30,0.467,,
4231,鈴木裕隆,120,0.217,3,0.333,0.217,全国,44,29,0.414,●,,34,0.088,0.206,,41,0.366,35,0.314,,
4232,笠雅雄,100,0.17,10,0.4,0.17,全国,28,17,0.235,,,26,0.077,0.154,,36,0.444,29,0.276,,
4233,亀山雅幸,124,0.234,0,,0.234,全国,49,20,0.35,●,飛ぶ型,38,0.079,0.316,,44,0.455,42,0.429,,
4234,野相弘司,90,0.189,0,,0.189,全国,23,10,0.5,,,25,0.0,0.04,,35,0.2,23,0.043,●,●
4236,松村敏,121,0.38,4,0.75,0.38,全国,76,17,0.588,,,30,0.133,0.367,,40,0.775,38,0.605,,
4237,大峯豊,116,0.259,3,0.667,0.259,全国,62,19,0.474,,,29,0.103,0.241,,39,0.513,41,0.463,,
4238,毒島誠,68,0.338,3,0.333,0.338,全国,58,8,0.25,,,10,0.0,0.3,,27,0.778,29,0.759,,
4239,竹田辰也,110,0.145,0,,0.145,全国,58,16,0.75,,,30,0.033,0.133,,34,0.559,39,0.256,,
4240,今井裕梨,99,0.212,8,0.125,0.212,全国,43,19,0.474,,,30,0.133,0.067,,34,0.471,35,0.286,,
4241,大串重幸,115,0.235,24,0.083,0.235,全国,41,19,0.421,,,34,0.118,0.235,,40,0.45,36,0.361,,
4243,西村歩,101,0.188,11,0.0,0.188,全国,40,19,0.474,,,34,0.147,0.118,,37,0.432,31,0.258,,
4244,鈴木成美,63,0.048,0,,0.048,全国,16,9,0.333,,,20,0.0,0.05,,27,0.148,18,0.056,●,●
4245,高橋直哉,95,0.126,6,0.0,0.126,全国,28,19,0.316,,,33,0.061,0.152,,31,0.161,31,0.258,,●
4246,喜多那由夏,100,0.1,4,0.0,0.1,全国,33,26,0.269,,,28,0.0,0.036,,35,0.2,29,0.069,●,●
4247,齊藤優,99,0.232,5,0.2,0.232,全国,29,18,0.444,,,27,0.074,0.148,,34,0.441,29,0.207,●,
4248,岡本大,100,0.17,16,0.125,0.17,全国,23,16,0.438,,,20,0.05,0.15,,37,0.27,22,0.227,●,
4251,川崎誠志,111,0.144,6,0.333,0.144,全国,26,17,0.529,,,34,0.029,0.176,,45,0.333,28,0.179,●,
4252,松下哲也,112,0.205,5,0.2,0.205,全国,29,20,0.3,,,34,0.029,0.118,,37,0.378,27,0.074,●,
4253,西川真人,111,0.198,8,0.375,0.198,全国,29,15,0.4,,,23,0.0,0.043,,40,0.225,24,0.083,●,●
4254,川島圭司,93,0.204,4,0.25,0.204,全国,36,15,0.533,,,27,0.037,0.259,,32,0.281,29,0.31,,
4256,渡辺浩司,116,0.319,2,0.0,0.319,全国,49,17,0.765,,,42,0.214,0.262,●,35,0.6,44,0.5,,
4257,古川健,93,0.129,6,0.167,0.129,全国,26,14,0.357,,,26,0.038,0.038,,30,0.4,23,0.13,●,
4258,関根彰人,95,0.126,5,0.2,0.126,全国,29,19,0.421,,,26,0.038,0.192,,30,0.167,26,0.269,,●
4259,真庭明志,120,0.258,27,0.259,0.259,当地,54,21,0.571,●,残す型,34,0.029,0.265,,40,0.425,37,0.324,,
4260,中越博紀,125,0.136,3,0.0,0.136,全国,41,17,0.647,,,42,0.119,0.143,●,44,0.364,38,0.263,,
4261,岡祐臣,128,0.227,10,0.3,0.227,全国,60,18,0.556,,,44,0.159,0.182,●,39,0.41,48,0.396,,
4262,馬場貴也,122,0.197,7,0.143,0.197,全国,64,16,0.188,,,39,0.103,0.256,,38,0.474,44,0.364,,
4263,武重雄介,99,0.141,4,0.0,0.141,全国,33,12,0.417,,,34,0.059,0.0,,30,0.333,32,0.062,●,
4264,長尾章平,123,0.252,8,0.125,0.252,全国,63,20,0.3,●,飛ぶ型,33,0.212,0.212,,33,0.667,41,0.561,,
4266,長田頼宗,108,0.213,0,,0.213,全国,57,11,0.455,,,30,0.133,0.167,,35,0.457,35,0.343,,
4268,和合俊介,50,0.14,0,,0.14,全国,10,8,0.0,,,14,0.071,0.0,,18,0.222,14,0.143,,●
4269,杉山裕也,120,0.217,5,0.2,0.217,全国,60,22,0.636,●,残す型,33,0.091,0.242,,41,0.61,44,0.409,,
4270,岸本雄貴,96,0.167,4,0.25,0.167,全国,29,12,0.5,,,27,0.148,0.074,,33,0.273,25,0.24,●,
4271,川崎公靖,100,0.17,0,,0.17,全国,27,21,0.381,,,19,0.105,0.053,,35,0.343,23,0.261,,
4272,大場広孝,101,0.178,3,0.0,0.178,全国,25,18,0.556,,,32,0.062,0.156,,33,0.303,29,0.241,●,
4273,佐藤旭,106,0.198,0,,0.198,全国,32,16,0.25,,,36,0.028,0.083,,39,0.333,33,0.182,●,
4274,長畑友輔,93,0.194,0,,0.194,全国,24,17,0.412,,,30,0.033,0.067,,31,0.29,26,0.154,●,
4275,菅野はやか,68,0.059,0,,0.059,全国,20,18,0.167,,,19,0.053,0.0,,25,0.08,20,0.15,●,●
4276,鈴木勝博,111,0.171,3,0.667,0.171,全国,45,18,0.333,,,34,0.147,0.176,,32,0.562,41,0.366,,
4277,金田大輔,100,0.14,0,,0.14,全国,27,11,0.364,,,31,0.032,0.065,,30,0.333,28,0.179,●,
4278,藤岡俊介,126,0.19,7,0.429,0.19,全国,65,10,0.6,,,36,0.25,0.111,,39,0.359,44,0.455,,
4281,大澤大夢,92,0.207,0,,0.207,全国,29,13,0.462,,,22,0.0,0.136,,34,0.353,25,0.2,●,
4283,石井裕美,84,0.131,0,,0.131,全国,26,24,0.167,,,24,0.042,0.167,,30,0.133,21,0.238,●,●
4286,平田さやか,132,0.197,15,0.133,0.197,全国,57,33,0.697,●,残す型,35,0.086,0.143,,42,0.405,43,0.326,,
4287,今井貴士,120,0.233,5,0.0,0.233,全国,54,20,0.6,●,残す型,45,0.178,0.267,●,36,0.333,45,0.444,,
4288,永田啓二,121,0.207,7,0.571,0.207,全国,72,21,0.619,●,残す型,36,0.139,0.389,,40,0.675,37,0.649,,
4289,落合直子,109,0.202,6,0.5,0.202,全国,46,16,0.5,,,30,0.0,0.2,,37,0.351,31,0.226,●,
4290,稲田浩二,110,0.236,2,0.5,0.236,全国,53,21,0.429,●,,35,0.029,0.257,,37,0.541,34,0.353,,
4292,麻生慎介,120,0.258,8,0.0,0.258,全国,57,22,0.455,●,,31,0.226,0.097,,38,0.553,40,0.425,,
4293,鈴木智啓,116,0.155,13,0.077,0.155,全国,43,27,0.481,●,,41,0.049,0.146,●,36,0.361,39,0.256,,
4294,古賀繁輝,109,0.22,4,0.0,0.22,全国,54,18,0.333,,,34,0.118,0.176,,30,0.567,36,0.5,,
4295,小坂尚哉,129,0.264,0,,0.264,全国,70,15,0.467,,,36,0.111,0.361,,47,0.596,42,0.548,,
4296,岡崎恭裕,83,0.217,0,,0.217,全国,41,12,0.667,,,22,0.227,0.182,,27,0.407,26,0.462,,
4297,山田哲也,118,0.169,0,,0.169,全国,52,15,0.6,,,32,0.031,0.25,,39,0.513,38,0.421,,
4298,宮下元胤,114,0.272,4,0.25,0.272,全国,53,28,0.5,●,,29,0.207,0.207,,37,0.378,36,0.5,,
4299,中島浩哉,90,0.178,18,0.0,0.178,全国,20,14,0.286,,,24,0.042,0.083,,36,0.333,22,0.136,●,
4300,加藤綾,105,0.2,14,0.286,0.2,全国,38,20,0.55,,,29,0.034,0.172,,35,0.343,32,0.188,●,
4301,関裕也,77,0.169,7,0.143,0.169,全国,26,15,0.533,,,8,0.0,0.125,,32,0.469,25,0.32,,
4302,西野翔太,80,0.15,5,0.0,0.15,全国,62,14,0.357,,,1,0.0,0.0,,39,0.487,33,0.697,,
4303,牧原崇,96,0.188,2,1.0,0.188,全国,32,17,0.471,,,27,0.0,0.148,,32,0.281,31,0.161,●,
4305,金子拓矢,112,0.232,9,0.333,0.232,全国,57,13,0.615,,,38,0.237,0.263,,31,0.742,42,0.571,,
4306,畔柳俊吾,90,0.167,0,,0.167,全国,33,26,0.346,,,25,0.04,0.0,,31,0.355,30,0.1,●,
4308,河村了,110,0.327,4,0.25,0.327,全国,62,15,0.333,,,33,0.091,0.394,,37,0.595,37,0.568,,
4311,岡村仁,120,0.208,0,,0.208,全国,67,18,0.444,,,39,0.179,0.205,,33,0.455,44,0.477,,
4313,西村美智子,94,0.181,0,,0.181,全国,33,12,0.583,,,37,0.054,0.216,,27,0.333,36,0.25,,
4314,青木幸太郎,106,0.151,0,,0.151,全国,46,14,0.5,,,36,0.028,0.167,,32,0.281,38,0.316,,
4315,山崎昂介,100,0.16,20,0.25,0.16,全国,26,15,0.2,,,26,0.038,0.0,,38,0.395,25,0.04,●,
4317,木村紗友希,97,0.113,0,,0.113,全国,29,13,0.308,,,25,0.0,0.12,,36,0.222,27,0.148,●,●
4318,桑原将光,108,0.315,5,0.0,0.315,全国,40,19,0.316,,,36,0.056,0.25,,33,0.515,34,0.324,,
4319,三宅潤,128,0.227,0,,0.227,全国,45,21,0.476,●,,39,0.128,0.154,,51,0.471,39,0.282,,
4320,峰竜太,79,0.329,4,0.25,0.329,全国,53,9,0.444,,,23,0.087,0.522,,28,0.643,29,0.655,,
4323,山田佑樹,100,0.19,5,0.2,0.19,全国,30,12,0.667,,,30,0.0,0.367,,34,0.412,29,0.345,,
4324,海野康志郎,95,0.126,0,,0.126,全国,81,19,0.474,,,16,0.188,0.188,,48,0.542,45,0.578,,
4325,新出浩司,86,0.221,0,,0.221,全国,27,19,0.158,,,30,0.033,0.133,,29,0.345,26,0.154,●,
4327,加藤翔,102,0.206,3,0.333,0.206,全国,28,19,0.421,,,27,0.037,0.148,,32,0.25,29,0.172,●,
4329,小松卓司,108,0.222,12,0.25,0.222,全国,28,18,0.667,,,28,0.0,0.143,,36,0.25,28,0.107,●,
4330,奈須啓太,110,0.209,0,,0.209,全国,49,16,0.438,,,28,0.0,0.143,,38,0.632,37,0.162,●,
4331,三好勇人,109,0.202,5,0.0,0.202,全国,46,13,0.385,,,23,0.043,0.13,,39,0.308,32,0.312,,
4332,村上彰一,86,0.151,4,0.25,0.151,全国,21,16,0.438,,,27,0.074,0.111,,28,0.214,23,0.174,●,●
4335,若林将,111,0.234,5,0.0,0.234,全国,61,17,0.529,,,39,0.179,0.179,,31,0.613,40,0.425,,
4336,松田竜馬,109,0.11,4,0.5,0.11,全国,33,12,0.333,,,38,0.105,0.079,,34,0.206,37,0.189,●,●
4337,平本真之,125,0.224,4,0.25,0.224,全国,61,17,0.647,,,27,0.074,0.296,,47,0.638,40,0.475,,
4339,平瀬城啓,91,0.22,7,0.286,0.22,全国,30,21,0.238,,,23,0.043,0.174,,36,0.139,25,0.16,●,●
4340,土性雅也,34,0.029,0,,0.029,全国,4,3,0.333,,,11,0.091,0.0,,10,0.1,9,0.111,,
4342,谷野錬志,106,0.236,6,0.0,0.236,全国,40,10,0.4,,,30,0.067,0.133,,29,0.586,33,0.333,,
4343,村岡賢,92,0.163,3,0.0,0.163,全国,28,20,0.3,,,24,0.0,0.083,,34,0.294,29,0.138,●,
4344,新田雄史,106,0.217,7,0.286,0.217,全国,51,15,0.667,,,30,0.067,0.267,,31,0.581,37,0.514,,
4345,西舘健,119,0.16,3,0.0,0.16,全国,47,24,0.542,●,,43,0.233,0.047,●,34,0.382,44,0.273,,
4346,前田健太郎,113,0.124,0,,0.124,全国,33,16,0.188,,,43,0.047,0.186,●,36,0.306,37,0.189,●,
4347,魚谷香織,101,0.238,5,0.0,0.238,全国,45,17,0.471,,,34,0.059,0.324,,31,0.419,38,0.368,,
4348,宮崎奨,118,0.246,3,0.0,0.246,全国,45,24,0.5,●,,37,0.081,0.216,,36,0.472,38,0.316,,
4349,犬童千秋,90,0.089,6,0.0,0.089,全国,18,12,0.417,,,21,0.048,0.143,,35,0.171,23,0.217,●,●
4350,篠崎元志,113,0.221,6,0.167,0.221,全国,68,10,0.7,,,27,0.074,0.333,,42,0.476,40,0.55,,
4351,里岡右貴,124,0.274,4,0.25,0.274,全国,78,26,0.423,●,,49,0.122,0.265,●,36,0.667,56,0.482,,
4352,下條雄太郎,87,0.241,22,0.136,0.241,全国,46,13,0.538,,,30,0.1,0.233,,23,0.565,33,0.394,,
4355,小川広大,60,0.05,5,0.0,0.05,全国,14,11,0.182,,,24,0.0,0.042,,20,0.05,20,0.05,●,●
4356,長岡良也,109,0.193,4,0.0,0.193,全国,43,11,0.545,,,24,0.0,0.083,,35,0.543,34,0.206,●,
4357,田中和也,108,0.269,3,0.0,0.269,全国,61,23,0.609,●,残す型,29,0.103,0.241,,39,0.821,45,0.444,,
4358,松本庸平,86,0.105,0,,0.105,全国,27,20,0.45,,,20,0.0,0.05,,30,0.2,28,0.071,●,●
4359,横川聖志,89,0.202,5,0.0,0.202,全国,37,21,0.429,,,30,0.1,0.167,,31,0.355,31,0.355,,
4360,庄司孝輔,113,0.212,0,,0.212,全国,39,19,0.263,,,36,0.167,0.278,,39,0.41,35,0.486,,
4361,柳生泰二,104,0.231,0,,0.231,全国,57,11,0.455,,,32,0.188,0.188,,30,0.567,41,0.512,,
4362,土屋智則,84,0.25,0,,0.25,全国,53,24,0.5,●,,20,0.05,0.35,,29,0.517,31,0.452,,
4363,大野芳顕,131,0.29,4,0.25,0.29,全国,47,19,0.526,,,41,0.024,0.341,●,42,0.333,42,0.429,,
4364,池永太,111,0.162,3,0.333,0.162,全国,53,16,0.625,,,31,0.194,0.161,,36,0.306,36,0.444,,
4365,盛本真輔,103,0.117,4,0.0,0.117,全国,47,23,0.348,●,飛ぶ型,33,0.0,0.182,,36,0.389,34,0.176,●,
4366,前沢丈史,128,0.297,10,0.3,0.297,全国,63,20,0.45,●,,33,0.091,0.212,,47,0.617,40,0.375,,
4367,山口修路,90,0.244,0,,0.244,全国,22,16,0.375,,,24,0.042,0.208,,29,0.31,25,0.28,,
4368,山口隆史,85,0.082,0,,0.082,全国,22,14,0.286,,,33,0.03,0.061,,31,0.161,22,0.091,●,●
4369,丹下将,132,0.197,0,,0.197,全国,52,24,0.458,●,,39,0.077,0.128,,38,0.526,45,0.244,●,
4370,山口達也,91,0.198,5,0.2,0.198,全国,64,21,0.333,●,飛ぶ型,24,0.125,0.042,,36,0.472,37,0.514,,
4371,西山貴浩,95,0.158,3,1.0,0.158,全国,42,10,0.6,,,26,0.077,0.192,,33,0.394,31,0.355,,
4372,原田佑実,90,0.2,14,0.143,0.2,全国,37,10,0.2,,,28,0.071,0.214,,33,0.303,23,0.261,,
4373,若狭奈美子,115,0.296,3,0.333,0.296,全国,63,24,0.583,●,残す型,39,0.103,0.256,,30,0.367,42,0.405,,
4374,永田義紘,105,0.152,2,0.0,0.152,全国,27,16,0.312,,,29,0.034,0.138,,37,0.135,31,0.226,●,●
4375,照屋厚仁,125,0.232,8,0.25,0.232,全国,53,19,0.632,,,38,0.053,0.316,,40,0.35,44,0.432,,
4376,藤田靖弘,137,0.182,6,0.167,0.182,全国,50,17,0.235,,,50,0.1,0.14,●,43,0.326,48,0.271,,
4377,濱本優一,127,0.252,0,,0.252,全国,55,17,0.471,,,44,0.091,0.318,●,42,0.5,41,0.439,,
4379,桑島和宏,121,0.215,11,0.091,0.215,全国,51,22,0.409,●,,36,0.139,0.222,,44,0.409,38,0.368,,
4380,鈴木峻佑,104,0.096,0,,0.096,全国,32,12,0.25,,,32,0.062,0.062,,36,0.194,30,0.167,●,●
4381,田路朋史,109,0.156,6,0.167,0.156,全国,49,20,0.45,●,,25,0.04,0.12,,42,0.357,32,0.219,●,
4382,高山智至,109,0.257,3,0.333,0.257,全国,26,18,0.333,,,23,0.043,0.261,,36,0.222,32,0.281,,●
4383,竹田吉行,107,0.215,0,,0.215,全国,44,28,0.607,●,残す型,33,0.061,0.091,,35,0.4,32,0.156,●,
4384,鶴本崇文,115,0.252,4,0.75,0.252,全国,58,22,0.545,●,,33,0.061,0.091,,38,0.605,40,0.2,●,
4385,鈴木祐美子,52,0.096,3,0.0,0.096,全国,12,11,0.182,,,11,0.0,0.182,,20,0.05,14,0.286,,●
4387,平山智加,125,0.256,6,0.167,0.256,全国,62,23,0.435,●,,32,0.062,0.344,,42,0.476,34,0.412,,
4388,是澤孝宏,140,0.257,4,0.25,0.257,全国,51,21,0.476,●,,43,0.07,0.116,●,45,0.578,46,0.261,,
4389,伊藤喜智,104,0.212,2,0.0,0.212,全国,35,19,0.263,,,34,0.118,0.029,,37,0.459,31,0.129,●,
4390,松本弓雄,109,0.138,0,,0.138,全国,28,21,0.095,,,28,0.0,0.107,,39,0.308,29,0.172,●,
4391,松田祐季,113,0.186,5,0.0,0.186,全国,58,14,0.571,,,32,0.094,0.094,,39,0.513,39,0.333,,
4393,田中孝明,89,0.135,2,0.0,0.135,全国,23,11,0.273,,,30,0.0,0.1,,29,0.207,30,0.133,●,●
4394,永嶋裕一,109,0.321,0,,0.321,全国,42,21,0.429,●,,32,0.125,0.188,,35,0.514,34,0.382,,
4395,下河雅史,116,0.155,0,,0.155,全国,36,18,0.333,,,32,0.031,0.062,,38,0.263,32,0.125,●,
4396,大田直弥,107,0.178,0,,0.178,全国,36,22,0.318,,,31,0.0,0.226,,34,0.176,32,0.281,,●
4397,西村拓也,122,0.172,0,,0.172,全国,63,12,0.417,,,27,0.185,0.074,,46,0.63,39,0.385,,
4398,船岡洋一郎,132,0.159,4,0.0,0.159,全国,59,9,0.556,,,40,0.1,0.1,●,43,0.442,41,0.268,,
4400,加藤奈月,90,0.211,0,,0.211,全国,27,23,0.435,,,30,0.033,0.167,,27,0.222,27,0.296,,●
4401,小林泰,106,0.179,9,0.111,0.179,全国,43,14,0.5,,,32,0.062,0.156,,35,0.371,32,0.281,,
4402,乙藤智史,104,0.173,11,0.182,0.173,全国,49,16,0.5,,,36,0.056,0.139,,36,0.417,37,0.216,●,
4403,木下大將,113,0.221,4,0.0,0.221,全国,40,11,0.545,,,30,0.033,0.233,,38,0.605,32,0.281,,
4404,岸蔭亮,89,0.09,5,0.2,0.09,全国,20,16,0.125,,,27,0.037,0.0,,31,0.226,25,0.04,●,●
4405,南野利騰,94,0.234,0,,0.234,全国,28,23,0.391,,,25,0.0,0.16,,34,0.382,25,0.12,●,
4406,幸野史明,120,0.125,0,,0.125,全国,27,11,0.364,,,46,0.022,0.065,●,39,0.256,32,0.156,●,
4407,鹿島敏弘,114,0.202,0,,0.202,全国,36,22,0.591,,,34,0.029,0.088,,36,0.306,35,0.114,●,
4408,仁科さやか,82,0.073,21,0.095,0.073,全国,19,8,0.5,,,18,0.056,0.0,,31,0.226,21,0.048,●,●
4409,坂元浩仁,108,0.231,7,0.143,0.231,全国,51,10,0.4,,,35,0.086,0.114,,36,0.472,36,0.333,,
4410,井上大輔,102,0.118,5,0.4,0.118,全国,33,20,0.3,,,26,0.115,0.115,,38,0.263,28,0.321,,
4411,沢田昭宏,123,0.211,12,0.083,0.211,全国,47,17,0.471,,,39,0.051,0.103,,38,0.447,38,0.184,●,
4413,水摩敦,121,0.248,3,0.333,0.248,全国,56,24,0.292,●,飛ぶ型,39,0.128,0.205,,39,0.538,45,0.422,,
4414,大澤真菜,75,0.053,4,0.25,0.053,全国,21,13,0.692,,,20,0.0,0.0,,29,0.138,17,0.059,●,●
4415,下出卓矢,122,0.115,4,0.0,0.115,全国,49,14,0.5,,,45,0.156,0.067,●,42,0.429,39,0.359,,
4416,三宅健太,107,0.187,3,0.0,0.187,全国,33,23,0.391,,,34,0.029,0.059,,33,0.303,34,0.206,●,
4417,服部剛,83,0.145,5,0.2,0.145,全国,26,15,0.4,,,21,0.095,0.143,,32,0.438,23,0.261,,
4418,茅原悠紀,104,0.25,0,,0.25,全国,60,13,0.385,,,32,0.125,0.25,,32,0.719,41,0.488,,
4419,原加央理,89,0.191,0,,0.191,全国,28,17,0.412,,,23,0.13,0.043,,29,0.379,26,0.192,●,
4420,津久井拓也,129,0.186,5,0.0,0.186,全国,49,25,0.44,●,,34,0.088,0.118,,44,0.545,37,0.162,●,
4421,森作広大,76,0.118,4,0.25,0.118,全国,20,15,0.133,,,27,0.0,0.074,,26,0.231,26,0.038,●,●
4422,永井亮次,100,0.11,4,0.0,0.11,全国,27,9,0.444,,,28,0.036,0.107,,37,0.243,25,0.16,●,●
4423,坂口貴彦,121,0.198,3,0.333,0.198,全国,31,13,0.308,,,39,0.051,0.205,,37,0.378,32,0.156,●,
4424,松尾昂明,131,0.237,4,0.0,0.237,全国,57,13,0.231,,,42,0.095,0.262,●,40,0.375,43,0.395,,
4425,大井清貴,79,0.291,0,,0.291,全国,24,14,0.214,,,26,0.0,0.269,,27,0.37,26,0.269,,
4427,秦英悟,109,0.156,3,0.0,0.156,全国,52,13,0.692,,,31,0.161,0.097,,39,0.487,33,0.424,,
4428,有賀達也,117,0.197,6,0.5,0.197,全国,46,13,0.308,,,36,0.222,0.111,,42,0.452,37,0.351,,
4429,豊田泰洋,99,0.111,0,,0.111,全国,26,18,0.167,,,31,0.0,0.032,,30,0.133,29,0.034,●,●
4430,永田秀二,122,0.197,7,0.143,0.197,全国,54,29,0.448,●,,38,0.184,0.184,,36,0.417,38,0.368,,
4431,石塚裕介,88,0.125,10,0.2,0.125,全国,22,9,0.222,,,30,0.0,0.0,,26,0.231,31,0.097,●,●
4432,黄金井力良,112,0.179,0,,0.179,全国,42,23,0.522,●,,30,0.067,0.0,,43,0.442,30,0.067,●,
4433,川野芽唯,119,0.303,4,0.0,0.303,全国,64,11,0.364,,,44,0.023,0.386,●,40,0.6,42,0.405,,
4434,田中辰彦,105,0.229,4,0.25,0.229,全国,50,15,0.667,,,29,0.103,0.241,,31,0.419,34,0.353,,
4435,服部達哉,100,0.25,0,,0.25,全国,33,12,0.333,,,34,0.0,0.206,,29,0.552,35,0.2,●,
4436,渋谷明憲,109,0.294,0,,0.294,全国,46,16,0.5,,,36,0.0,0.222,,35,0.657,39,0.333,,
4437,中田元泰,125,0.232,3,0.333,0.232,全国,53,14,0.5,,,41,0.073,0.22,●,40,0.525,43,0.372,,
4438,森作雄大,123,0.114,3,0.0,0.114,全国,43,25,0.4,●,,29,0.069,0.069,,41,0.293,28,0.143,●,
4439,近藤友宝,86,0.14,0,,0.14,全国,25,16,0.438,,,33,0.0,0.061,,33,0.242,28,0.071,●,●
4440,萩原知哉,100,0.16,3,0.333,0.16,全国,25,17,0.353,,,28,0.036,0.143,,38,0.368,25,0.16,●,
4441,末永由楽,122,0.303,6,0.167,0.303,全国,57,22,0.545,●,,41,0.049,0.293,●,36,0.417,44,0.409,,
4442,松竹大輔,99,0.162,4,0.25,0.162,全国,29,8,0.625,,,26,0.038,0.154,,35,0.457,28,0.286,,
4443,津田裕絵,117,0.179,9,0.111,0.179,全国,39,23,0.478,,,29,0.069,0.241,,44,0.295,30,0.3,,
4444,桐生順平,101,0.317,0,,0.317,全国,44,15,0.667,,,29,0.069,0.345,,34,0.529,36,0.472,,
4445,宮地元輝,119,0.176,0,,0.176,全国,47,8,0.375,,,38,0.0,0.158,,35,0.4,40,0.2,●,
4446,和田兼輔,125,0.28,0,,0.28,全国,58,6,0.667,,,31,0.097,0.323,,43,0.605,41,0.463,,
4447,深川麻奈美,112,0.17,13,0.462,0.17,全国,39,24,0.25,,,35,0.114,0.029,,40,0.45,37,0.189,●,
4448,青木玄太,124,0.282,0,,0.282,全国,49,11,0.636,,,38,0.184,0.316,,40,0.55,36,0.611,,
4449,中嶋達也,95,0.137,0,,0.137,全国,23,15,0.133,,,29,0.172,0.034,,27,0.407,23,0.217,●,
4450,平高奈菜,104,0.26,7,0.143,0.26,全国,43,16,0.438,,,32,0.156,0.312,,32,0.469,37,0.486,,
4451,松崎祐太郎,113,0.195,10,0.2,0.195,全国,60,23,0.609,●,残す型,30,0.067,0.267,,37,0.324,39,0.41,,
4452,松尾祭,123,0.187,6,0.167,0.187,全国,49,27,0.63,●,残す型,38,0.079,0.079,,45,0.378,39,0.205,●,
4456,鎌倉涼,99,0.222,1,0.0,0.222,全国,50,12,0.417,,,28,0.107,0.321,,28,0.286,34,0.471,,
4457,神田達也,86,0.174,1,0.0,0.174,全国,21,13,0.231,,,31,0.097,0.129,,30,0.367,24,0.25,,
4458,抹香雄三,108,0.241,0,,0.241,全国,30,19,0.316,,,29,0.034,0.241,,32,0.438,37,0.297,,
4459,片岡雅裕,113,0.142,0,,0.142,全国,49,17,0.471,,,42,0.071,0.167,●,37,0.27,42,0.286,,
4460,後藤翔之,116,0.198,5,0.0,0.198,全国,49,27,0.444,●,,31,0.065,0.226,,40,0.525,44,0.341,,
4461,安田吉宏,102,0.206,2,0.5,0.206,全国,32,23,0.261,,,33,0.03,0.121,,32,0.344,31,0.129,●,
4462,夏山亮平,93,0.14,0,,0.14,全国,26,10,0.2,,,22,0.045,0.136,,35,0.171,24,0.25,,●
4463,三苫晃幸,113,0.195,8,0.125,0.195,全国,46,26,0.654,●,残す型,29,0.103,0.207,,35,0.429,37,0.432,,
4464,山下友貴,104,0.269,9,0.111,0.269,全国,36,16,0.312,,,28,0.071,0.143,,37,0.486,30,0.3,,
4465,大西賢,82,0.171,0,,0.171,全国,21,11,0.0,,,24,0.083,0.167,,29,0.345,21,0.238,●,
4466,南佑典,99,0.222,3,0.0,0.222,全国,38,16,0.625,,,31,0.097,0.129,,37,0.297,33,0.273,,
4467,渡邉俊介,124,0.274,5,0.0,0.274,全国,52,19,0.474,,,33,0.212,0.152,,38,0.474,38,0.421,,
4468,大池佑来,114,0.211,4,0.0,0.211,全国,45,7,0.429,,,44,0.091,0.182,●,43,0.488,41,0.317,,
4469,土山卓也,113,0.257,5,0.0,0.257,全国,44,14,0.286,,,32,0.031,0.312,,38,0.526,36,0.389,,
4470,平田健之佑,97,0.258,4,0.25,0.258,全国,48,17,0.529,,,30,0.133,0.333,,30,0.533,39,0.487,,
4471,新田泰章,134,0.261,5,0.0,0.261,全国,68,10,0.7,,,41,0.171,0.268,●,43,0.395,43,0.535,,
4472,尾嶋一広,134,0.246,5,0.2,0.246,全国,52,15,0.6,,,32,0.125,0.281,,46,0.37,38,0.474,,
4473,藤堂里香,88,0.17,0,,0.17,全国,27,13,0.308,,,31,0.097,0.129,,25,0.32,30,0.267,,
4474,渡辺崇,109,0.202,3,0.333,0.202,全国,32,12,0.333,,,28,0.071,0.071,,37,0.351,32,0.25,,
4475,末永祐輝,111,0.315,3,0.667,0.315,全国,55,23,0.609,●,残す型,35,0.114,0.171,,34,0.5,39,0.308,,
4477,篠崎仁志,114,0.211,7,0.143,0.211,全国,53,11,0.455,,,34,0.147,0.265,,39,0.385,37,0.459,,
4478,櫻本あゆみ,109,0.183,4,0.25,0.183,全国,49,17,0.353,,,36,0.056,0.194,,33,0.364,38,0.289,,
4479,矢野真梨菜,76,0.171,9,0.111,0.171,全国,17,11,0.545,,,16,0.0,0.0,,26,0.192,16,0.062,●,●
4482,守屋美穂,107,0.215,8,0.5,0.215,全国,53,15,0.467,,,25,0.04,0.36,,39,0.41,30,0.467,,
4483,北野輝季,121,0.198,5,0.0,0.198,全国,52,14,0.5,,,36,0.083,0.194,,42,0.524,43,0.442,,
4484,稲生夏季,96,0.26,0,,0.26,全国,28,17,0.353,,,29,0.034,0.172,,31,0.452,29,0.276,,
4485,楠原正剛,109,0.22,0,,0.22,全国,37,22,0.455,,,28,0.071,0.107,,38,0.395,35,0.229,●,
4486,野村誠,115,0.191,5,0.6,0.191,全国,30,15,0.333,,,33,0.061,0.242,,36,0.5,36,0.306,,
4487,三原司,99,0.182,7,0.0,0.182,全国,27,15,0.2,,,26,0.038,0.231,,35,0.229,30,0.3,,●
4488,小山勉,107,0.187,0,,0.187,全国,53,17,0.353,,,34,0.118,0.118,,32,0.531,41,0.317,,
4489,岩川仁士,120,0.217,5,0.0,0.217,全国,37,20,0.4,,,32,0.062,0.094,,42,0.381,36,0.222,●,
4491,田中堅,98,0.163,0,,0.163,全国,27,19,0.211,,,29,0.034,0.034,,32,0.281,27,0.037,●,
4492,本多宏和,16,0.188,6,0.0,0.188,全国,8,1,1.0,,,5,0.0,0.2,,5,1.0,6,0.333,,
4494,河合佑樹,99,0.212,5,0.2,0.212,全国,40,13,0.231,,,30,0.133,0.167,,31,0.516,37,0.432,,
4495,森晋太郎,78,0.179,7,0.143,0.179,全国,22,7,0.429,,,25,0.04,0.16,,22,0.318,23,0.261,,
4496,内堀学,104,0.077,2,0.0,0.077,全国,75,31,0.387,●,,25,0.24,0.08,,41,0.585,38,0.526,,
4497,桑原悠,98,0.286,25,0.28,0.28,当地,55,11,0.455,,,30,0.167,0.333,,35,0.571,31,0.581,,
4498,宮本夏樹,63,0.159,12,0.083,0.159,全国,14,8,0.5,,,20,0.05,0.15,,19,0.368,19,0.211,●,
4499,滝川真由子,81,0.185,19,0.316,0.185,全国,22,13,0.385,,,23,0.0,0.217,,30,0.233,23,0.261,,●
4500,山田康二,108,0.231,4,0.0,0.231,全国,53,8,0.75,,,35,0.086,0.143,,38,0.658,38,0.316,,
4501,樋口由加里,118,0.136,13,0.077,0.136,全国,43,18,0.278,,,35,0.057,0.086,,41,0.317,36,0.194,●,
4502,遠藤エミ,121,0.264,6,0.333,0.264,全国,67,20,0.6,●,残す型,37,0.189,0.216,,35,0.543,41,0.463,,
4503,上野真之介,128,0.211,8,0.125,0.211,全国,67,12,0.75,,,33,0.152,0.212,,42,0.69,39,0.538,,
4504,前田将太,106,0.226,11,0.273,0.226,全国,58,19,0.368,,,33,0.212,0.212,,34,0.471,39,0.487,,
4505,島田賢人,109,0.229,1,0.0,0.229,全国,47,9,0.556,,,31,0.129,0.258,,33,0.455,34,0.412,,
4506,稗田聖也,108,0.222,3,0.333,0.222,全国,46,17,0.471,,,31,0.161,0.194,,36,0.528,36,0.444,,
4508,野間大樹,90,0.189,6,0.0,0.189,全国,28,14,0.643,,,30,0.133,0.267,,29,0.379,31,0.516,,
4509,平見真彦,108,0.324,5,0.2,0.324,全国,45,19,0.526,,,35,0.086,0.257,,31,0.452,38,0.421,,
4510,坂本奈央,52,0.038,0,,0.038,全国,13,11,0.182,,,12,0.0,0.0,,16,0.125,15,0.0,●,●
4511,中岡健人,103,0.214,8,0.125,0.214,全国,27,16,0.375,,,29,0.034,0.103,,35,0.314,29,0.207,●,
4512,高野哲史,141,0.213,6,0.167,0.213,全国,70,10,0.6,,,38,0.079,0.211,,46,0.435,47,0.298,,
4513,河野真也,112,0.241,8,0.125,0.241,全国,48,15,0.667,,,36,0.0,0.167,,36,0.444,41,0.22,●,
4514,上條嘉嗣,109,0.248,7,0.429,0.248,全国,62,16,0.5,,,32,0.156,0.281,,33,0.455,41,0.512,,
4515,藤田浩人,128,0.234,11,0.273,0.234,全国,55,16,0.438,,,44,0.045,0.205,●,44,0.455,40,0.3,,
4516,野口勝弘,111,0.297,0,,0.297,全国,49,19,0.526,,,28,0.071,0.179,,33,0.515,37,0.324,,
4518,大須賀友,95,0.211,9,0.222,0.211,全国,45,13,0.462,,,29,0.103,0.172,,27,0.593,39,0.359,,
4519,清水沙樹,49,0.122,5,0.0,0.122,全国,17,7,0.571,,,13,0.077,0.077,,16,0.188,15,0.133,●,●
4520,高倉孝太,103,0.184,0,,0.184,全国,37,20,0.4,,,30,0.067,0.1,,37,0.405,39,0.385,,
4521,小池公生,98,0.214,11,0.182,0.214,全国,38,18,0.5,,,29,0.0,0.241,,31,0.355,34,0.265,,
4522,古澤光紀,109,0.211,9,0.333,0.211,全国,53,9,0.333,,,36,0.028,0.139,,35,0.371,40,0.225,●,
4523,中村辰也,103,0.282,5,0.2,0.282,全国,43,21,0.476,●,,31,0.0,0.29,,36,0.417,33,0.424,,
4524,深谷知博,112,0.196,4,0.0,0.196,全国,48,11,0.091,,,29,0.069,0.207,,41,0.415,34,0.353,,
4525,真子奈津実,80,0.175,7,0.143,0.175,全国,24,12,0.333,,,18,0.0,0.111,,34,0.294,20,0.15,●,
4526,池田雄祐,104,0.183,10,0.1,0.183,全国,37,13,0.538,,,28,0.071,0.179,,37,0.27,35,0.286,,
4527,高野心吾,90,0.089,8,0.25,0.089,全国,23,14,0.286,,,24,0.042,0.083,,31,0.097,23,0.087,●,●
4528,黒井達矢,111,0.252,5,0.2,0.252,全国,42,10,0.6,,,29,0.207,0.379,,40,0.575,36,0.639,,
4529,嶋義信,107,0.243,0,,0.243,全国,42,11,0.455,,,34,0.088,0.235,,37,0.405,37,0.378,,
4530,小野生奈,102,0.176,6,0.167,0.176,全国,57,14,0.714,,,30,0.133,0.267,,33,0.545,35,0.457,,
4531,武富智亮,127,0.26,8,0.0,0.26,全国,53,17,0.588,,,42,0.119,0.238,●,44,0.614,39,0.385,,
4532,秋元哲,99,0.212,5,0.0,0.212,全国,53,15,0.6,,,26,0.192,0.115,,35,0.543,38,0.526,,
4533,峰重侑治,87,0.172,4,0.25,0.172,全国,22,12,0.167,,,28,0.107,0.107,,29,0.138,29,0.31,,●
4534,坂咲友理,68,0.088,5,0.2,0.088,全国,20,14,0.429,,,12,0.083,0.0,,28,0.214,15,0.133,●,●
4535,北山康介,85,0.235,14,0.429,0.235,全国,44,13,0.308,,,36,0.167,0.278,,22,0.591,33,0.515,,
4536,喜井つかさ,123,0.285,5,0.4,0.285,全国,49,20,0.45,●,,31,0.032,0.194,,40,0.525,38,0.342,,
4537,渡邉和将,123,0.301,0,,0.301,全国,58,11,0.818,,,35,0.057,0.314,,41,0.488,42,0.548,,
4538,笠置博之,107,0.112,2,0.0,0.112,全国,32,18,0.333,,,42,0.119,0.095,●,22,0.545,33,0.424,,
4539,金子賢志,121,0.165,4,0.25,0.165,全国,45,7,0.857,,,43,0.047,0.186,●,36,0.389,44,0.295,,
4540,相原利章,103,0.243,4,0.0,0.243,全国,41,22,0.273,●,飛ぶ型,37,0.027,0.297,,31,0.258,35,0.343,,
4543,重木輝彦,110,0.273,10,0.3,0.273,全国,53,13,0.538,,,30,0.1,0.267,,35,0.543,38,0.447,,
4544,松田大志郎,118,0.22,4,0.0,0.22,全国,76,16,0.438,,,34,0.176,0.353,,40,0.7,43,0.628,,
4545,岡村慶太,118,0.246,6,0.167,0.246,全国,59,8,0.5,,,40,0.15,0.3,●,36,0.556,41,0.537,,
4546,浜田亜理沙,82,0.256,1,0.0,0.256,全国,37,11,0.455,,,24,0.167,0.25,,27,0.667,26,0.423,,
4547,中田竜太,123,0.236,4,0.5,0.236,全国,51,26,0.5,●,,38,0.053,0.237,,37,0.459,43,0.349,,
4548,篠木亜衣花,59,0.068,4,0.0,0.068,全国,15,13,0.154,,,20,0.0,0.0,,20,0.15,19,0.0,●,●
4549,小林文彦,108,0.25,10,0.3,0.25,全国,39,20,0.5,,,29,0.069,0.241,,33,0.424,34,0.324,,
4550,石岡将太,101,0.248,3,0.0,0.248,全国,33,19,0.474,,,25,0.04,0.24,,37,0.324,26,0.385,,
4551,三川昂暁,122,0.23,0,,0.23,全国,45,23,0.435,●,,40,0.1,0.3,●,39,0.436,42,0.429,,
4552,杉山勝匡,106,0.151,13,0.231,0.151,全国,30,13,0.385,,,41,0.049,0.122,●,32,0.344,32,0.344,,
4553,坪口竜也,111,0.252,27,0.222,0.222,当地,39,11,0.455,,,30,0.067,0.2,,43,0.605,27,0.259,,
4555,富永大一,103,0.262,8,0.375,0.262,全国,41,19,0.421,,,37,0.108,0.162,,28,0.607,37,0.324,,
4556,竹井奈美,96,0.26,0,,0.26,全国,53,14,0.714,,,27,0.074,0.148,,28,0.5,27,0.333,,
4557,松尾光広,99,0.152,5,0.2,0.152,全国,29,20,0.35,,,38,0.0,0.158,,28,0.143,37,0.216,●,●
4558,宮野仁,89,0.101,0,,0.101,全国,21,12,0.333,,,28,0.036,0.071,,34,0.324,27,0.074,●,
4560,庄司樹良々,101,0.248,6,0.333,0.248,全国,35,16,0.438,,,34,0.059,0.235,,33,0.394,31,0.387,,
4561,藤山翔大,87,0.172,3,0.0,0.172,全国,39,16,0.5,,,18,0.056,0.056,,33,0.333,37,0.297,,
4562,阪本勇介,120,0.142,4,0.0,0.142,全国,29,24,0.292,,,30,0.067,0.067,,40,0.325,28,0.143,●,
4563,齋藤真之,86,0.116,0,,0.116,全国,19,5,0.4,,,22,0.0,0.0,,32,0.281,21,0.048,●,
4564,山本景士郎,109,0.193,0,,0.193,全国,33,23,0.348,,,32,0.0,0.062,,35,0.229,32,0.062,●,●
4565,西村豪洋,107,0.196,0,,0.196,全国,30,19,0.105,,,30,0.033,0.1,,38,0.289,30,0.133,●,
4566,塩田北斗,113,0.257,0,,0.257,全国,42,11,0.182,,,31,0.065,0.226,,38,0.5,41,0.366,,
4567,上村慎太郎,74,0.176,3,0.0,0.176,全国,24,17,0.294,,,19,0.053,0.158,,29,0.138,18,0.222,●,●
4568,廣瀬真也,100,0.23,0,,0.23,全国,35,10,0.3,,,40,0.05,0.15,●,34,0.382,34,0.265,,
4569,中澤宏奈,88,0.102,0,,0.102,全国,24,15,0.133,,,34,0.088,0.118,,31,0.452,31,0.161,●,
4570,前田聖文,109,0.257,0,,0.257,全国,49,21,0.381,●,飛ぶ型,34,0.088,0.294,,31,0.419,41,0.415,,
4571,菅章哉,125,0.032,12,0.083,0.032,全国,36,16,0.125,,,72,0.056,0.056,●,35,0.514,42,0.238,●,
4572,渡部悟,115,0.2,11,0.091,0.2,全国,46,20,0.25,●,飛ぶ型,43,0.163,0.233,●,37,0.432,40,0.375,,
4573,佐藤翼,111,0.207,0,,0.207,全国,40,12,0.5,,,40,0.1,0.15,●,28,0.571,43,0.279,,
4574,東潤樹,110,0.182,0,,0.182,全国,37,18,0.389,,,28,0.107,0.143,,36,0.361,33,0.303,,
4575,戸塚邦好,104,0.231,7,0.143,0.231,全国,36,10,0.5,,,28,0.179,0.25,,37,0.486,25,0.44,,
4578,藤山雅弘,103,0.175,0,,0.175,全国,45,15,0.6,,,34,0.088,0.176,,38,0.368,34,0.235,●,
4579,中嶋健一郎,112,0.152,0,,0.152,全国,50,15,0.4,,,29,0.138,0.103,,38,0.5,36,0.417,,
4580,長谷川雅和,114,0.263,9,0.556,0.263,全国,37,14,0.5,,,39,0.077,0.154,,34,0.5,42,0.286,,
4581,吉村誠,133,0.195,3,0.333,0.195,全国,57,19,0.421,,,40,0.1,0.2,●,44,0.5,43,0.372,,
4583,古田祐貴,120,0.225,6,0.333,0.225,全国,42,19,0.526,,,45,0.044,0.267,●,36,0.389,43,0.302,,
4584,村岡賢人,114,0.325,6,0.667,0.325,全国,54,18,0.611,,,37,0.189,0.297,,36,0.611,43,0.558,,
4586,磯部誠,124,0.202,0,,0.202,全国,49,14,0.643,,,39,0.103,0.231,,40,0.6,38,0.447,,
4587,木田峰由季,107,0.14,0,,0.14,全国,48,17,0.647,,,33,0.121,0.091,,33,0.545,37,0.243,●,
4588,田中京介,137,0.175,8,0.125,0.175,全国,48,19,0.474,,,40,0.025,0.075,●,45,0.356,40,0.175,●,
4589,塩崎桐加,89,0.202,5,0.0,0.202,全国,28,11,0.455,,,25,0.08,0.2,,28,0.286,29,0.31,,
4590,渡邉優美,112,0.232,10,0.4,0.232,全国,51,20,0.6,●,残す型,35,0.143,0.171,,38,0.395,37,0.378,,
4592,小林孝弘,101,0.188,7,0.0,0.188,全国,27,20,0.3,,,23,0.0,0.13,,38,0.263,24,0.167,●,
4593,小坂宗司,112,0.33,2,0.0,0.33,全国,43,19,0.526,,,32,0.125,0.25,,38,0.5,38,0.5,,
4594,谷川祐一,104,0.25,7,0.286,0.25,全国,38,13,0.538,,,16,0.062,0.188,,38,0.421,35,0.4,,
4596,葛原大陽,117,0.299,10,0.4,0.299,全国,47,19,0.526,,,40,0.1,0.3,●,38,0.474,41,0.439,,
4598,加藤政彦,112,0.152,0,,0.152,全国,42,19,0.632,,,36,0.028,0.167,,32,0.438,36,0.194,●,
4600,井内将太郎,103,0.272,8,0.0,0.272,全国,46,16,0.312,,,28,0.0,0.214,,33,0.485,37,0.378,,
4601,森野正弘,126,0.238,4,0.5,0.238,全国,59,19,0.579,,,37,0.081,0.216,,35,0.514,39,0.41,,
4603,谷川将太,109,0.22,18,0.278,0.22,全国,34,8,0.375,,,35,0.086,0.143,,34,0.441,34,0.176,●,
4604,岩瀬裕亮,128,0.258,0,,0.258,全国,56,7,0.429,,,34,0.029,0.294,,45,0.533,39,0.487,,
4607,鶴田勇雄,138,0.246,11,0.364,0.246,全国,55,25,0.44,●,,46,0.043,0.174,●,43,0.465,46,0.304,,
4608,荒井翔伍,111,0.216,6,0.0,0.216,全国,49,21,0.619,●,残す型,31,0.065,0.194,,37,0.378,34,0.235,●,
4610,佐藤大佑,126,0.143,7,0.143,0.143,全国,47,14,0.286,,,37,0.108,0.054,,40,0.525,35,0.257,,
4611,今井美亜,119,0.176,0,,0.176,全国,46,9,0.333,,,33,0.061,0.121,,42,0.381,36,0.306,,
4614,石倉洋行,116,0.259,7,0.286,0.259,全国,61,17,0.471,,,38,0.053,0.289,,36,0.611,43,0.442,,
4615,板倉敦史,90,0.111,7,0.143,0.111,全国,22,15,0.267,,,22,0.0,0.091,,35,0.314,21,0.143,●,
4618,乃村康友,95,0.253,0,,0.253,全国,22,14,0.214,,,28,0.071,0.25,,33,0.455,30,0.367,,
4619,伏田裕隆,143,0.161,0,,0.161,全国,23,13,0.308,,,74,0.054,0.108,●,45,0.422,36,0.333,,
4623,中北将史,116,0.172,8,0.125,0.172,全国,37,18,0.389,,,27,0.0,0.111,,43,0.209,34,0.147,●,●
4624,高田明,115,0.157,8,0.125,0.157,全国,48,14,0.5,,,30,0.067,0.067,,45,0.467,37,0.27,,
4625,渡邊裕貴,91,0.121,2,0.0,0.121,全国,24,8,0.375,,,25,0.12,0.12,,35,0.286,21,0.238,●,
4626,伊藤紘章,88,0.193,8,0.0,0.193,全国,24,15,0.267,,,26,0.038,0.154,,34,0.5,21,0.238,●,
4627,藤原菜希,90,0.222,9,0.444,0.222,全国,39,17,0.353,,,25,0.12,0.2,,30,0.5,28,0.357,,
4630,岩永雅人,100,0.2,9,0.0,0.2,全国,40,22,0.5,●,,36,0.083,0.167,,28,0.357,39,0.282,,
4631,新井英孝,100,0.19,0,,0.19,全国,28,15,0.4,,,28,0.071,0.071,,33,0.333,29,0.172,●,
4632,長尾京志郎,88,0.261,13,0.231,0.261,全国,22,14,0.5,,,26,0.0,0.115,,32,0.344,23,0.174,●,
4633,森智也,110,0.264,8,0.25,0.264,全国,45,20,0.5,●,,35,0.057,0.257,,35,0.429,37,0.324,,
4635,峰重力也,88,0.159,5,0.0,0.159,全国,28,9,0.111,,,29,0.103,0.172,,28,0.321,30,0.333,,
4636,赤池修平,88,0.125,0,,0.125,全国,22,16,0.188,,,27,0.0,0.148,,30,0.1,23,0.217,●,●
4637,中田友也,90,0.178,4,0.25,0.178,全国,31,12,0.667,,,26,0.077,0.077,,28,0.286,28,0.214,●,
4638,小林遼太,103,0.175,2,0.0,0.175,全国,30,16,0.312,,,31,0.065,0.129,,35,0.429,29,0.138,●,
4639,雑賀勇貴,106,0.094,0,,0.094,全国,29,14,0.571,,,21,0.0,0.048,,38,0.158,24,0.125,●,●
4640,山ノ内雅人,132,0.227,6,0.167,0.227,全国,55,23,0.609,●,残す型,40,0.1,0.25,●,46,0.478,40,0.375,,
4641,磯村匠,75,0.267,0,,0.267,全国,19,8,0.5,,,22,0.0,0.227,,24,0.292,24,0.292,,
4642,松尾夏海,112,0.214,11,0.364,0.214,全国,55,12,0.25,,,27,0.111,0.333,,39,0.667,31,0.548,,
4643,近江翔吾,103,0.184,3,0.333,0.184,全国,45,9,0.333,,,31,0.032,0.226,,34,0.471,34,0.353,,
4644,山田亮太,116,0.267,4,0.75,0.267,全国,45,16,0.75,,,29,0.103,0.345,,34,0.647,28,0.464,,
4645,上村純一,114,0.202,13,0.154,0.202,全国,52,14,0.643,,,46,0.109,0.239,●,35,0.429,43,0.349,,
4648,木村亮太,83,0.181,0,,0.181,全国,24,14,0.429,,,25,0.04,0.2,,30,0.367,23,0.304,,
4649,和田操拓,129,0.171,3,0.667,0.171,全国,45,21,0.476,●,,44,0.045,0.159,●,36,0.306,41,0.195,●,
4650,中山雄太,49,0.143,0,,0.143,全国,17,9,0.333,,,15,0.067,0.067,,15,0.333,14,0.143,,
4651,佐藤大騎,93,0.118,0,,0.118,全国,20,13,0.154,,,27,0.037,0.074,,28,0.214,31,0.161,●,●
4652,酒見峻介,93,0.14,3,0.0,0.14,全国,30,17,0.176,,,27,0.0,0.111,,30,0.367,32,0.156,●,
4653,小野達哉,77,0.221,3,0.667,0.221,全国,44,7,0.429,,,25,0.16,0.16,,24,0.5,26,0.385,,
4654,篠田優也,108,0.241,4,0.25,0.241,全国,48,16,0.375,,,30,0.067,0.267,,28,0.5,36,0.417,,
4656,大崎翔,100,0.16,4,0.25,0.16,全国,30,17,0.529,,,26,0.077,0.192,,37,0.378,25,0.32,,
4659,木下翔太,125,0.264,7,0.286,0.264,全国,66,16,0.438,,,31,0.226,0.194,,40,0.425,40,0.55,,
4660,宇田川信一,83,0.181,5,0.2,0.181,全国,20,15,0.467,,,26,0.038,0.154,,28,0.393,22,0.136,●,
4661,中島昂章,99,0.232,3,0.0,0.232,全国,34,20,0.6,,,26,0.077,0.115,,39,0.513,28,0.25,,
4663,籾山佳岳,40,0.175,0,,0.175,全国,14,5,0.4,,,15,0.0,0.267,,14,0.286,13,0.462,,
4664,東口晃,74,0.149,0,,0.149,全国,18,14,0.214,,,17,0.0,0.118,,28,0.286,17,0.176,●,
4665,加藤啓太,104,0.212,8,0.125,0.212,全国,23,19,0.474,,,28,0.071,0.179,,37,0.27,28,0.25,,
4666,日笠勝弘,73,0.151,0,,0.151,全国,16,8,0.375,,,24,0.0,0.083,,28,0.25,19,0.158,●,
4669,井上茂,91,0.154,3,0.667,0.154,全国,21,15,0.667,,,24,0.042,0.042,,36,0.306,21,0.095,●,
4672,守屋大地,104,0.125,0,,0.125,全国,27,25,0.36,,,25,0.12,0.12,,38,0.211,24,0.292,,●
4674,池田剛規,121,0.231,7,0.0,0.231,全国,47,18,0.444,,,40,0.15,0.225,●,38,0.342,43,0.395,,
4675,井手良太,81,0.235,4,0.0,0.235,全国,29,16,0.375,,,27,0.185,0.148,,30,0.467,26,0.5,,
4676,後藤隼之,96,0.312,5,0.2,0.312,全国,38,19,0.316,,,25,0.08,0.2,,33,0.364,35,0.4,,
4677,片橋幸貴,94,0.266,0,,0.266,全国,41,16,0.5,,,26,0.115,0.192,,33,0.697,29,0.414,,
4678,水野望美,86,0.198,0,,0.198,全国,28,13,0.231,,,20,0.0,0.2,,36,0.278,24,0.208,●,
4679,植田太一,120,0.2,3,0.333,0.2,全国,52,17,0.412,,,34,0.059,0.059,,42,0.405,35,0.2,●,
4680,後藤美翼,101,0.248,0,,0.248,全国,42,28,0.393,●,,26,0.038,0.308,,37,0.405,31,0.452,,
4681,太田潮,62,0.113,0,,0.113,全国,18,12,0.167,,,21,0.0,0.0,,21,0.238,19,0.0,●,●
4682,大上卓人,125,0.168,0,,0.168,全国,48,9,0.222,,,32,0.188,0.094,,40,0.4,39,0.359,,
4683,向井田直弥,87,0.08,0,,0.08,全国,,,,,,45,0.089,0.044,●,23,0.217,31,0.161,●,●
4684,楠原翔太,104,0.221,7,0.0,0.221,全国,42,16,0.5,,,40,0.1,0.225,●,29,0.345,39,0.256,,
4685,島村隆幸,107,0.29,10,0.3,0.29,全国,64,12,0.333,,,36,0.139,0.333,,33,0.636,40,0.625,,
4686,丸野一樹,108,0.204,8,0.25,0.204,全国,43,9,0.333,,,30,0.033,0.2,,36,0.639,34,0.324,,
4688,永井彪也,115,0.217,9,0.0,0.217,全国,53,13,0.462,,,34,0.059,0.235,,40,0.45,34,0.382,,
4689,豊田結,100,0.12,5,0.0,0.12,全国,38,24,0.375,,,31,0.0,0.065,,34,0.294,30,0.067,●,
4690,高石梨菜,25,0.16,0,,0.16,全国,6,2,0.5,,,7,0.0,0.143,,11,0.545,8,0.375,,
4691,水原慎,58,0.19,3,0.0,0.19,全国,18,9,0.444,,,17,0.0,0.118,,20,0.35,18,0.111,●,
4692,酒井俊弘,106,0.104,0,,0.104,全国,31,23,0.435,,,44,0.114,0.136,●,32,0.312,32,0.406,,
4693,松下誉士,109,0.138,3,0.0,0.138,全国,28,23,0.304,,,32,0.0,0.156,,38,0.316,25,0.28,,
4694,高田綾,91,0.198,0,,0.198,全国,25,18,0.222,,,24,0.042,0.167,,34,0.294,25,0.2,●,
4695,尾崎雄二,106,0.17,22,0.273,0.17,全国,33,14,0.571,,,29,0.034,0.172,,38,0.263,25,0.28,,
4697,國弘翔平,105,0.124,8,0.375,0.124,全国,28,19,0.263,,,29,0.034,0.138,,35,0.2,30,0.167,●,●
4700,金子和之,104,0.24,4,0.5,0.24,全国,40,16,0.375,,,32,0.125,0.219,,31,0.581,32,0.312,,
4702,三浦敬太,101,0.178,7,0.286,0.178,全国,44,14,0.5,,,34,0.176,0.206,,30,0.533,36,0.444,,
4703,森永隆,114,0.132,5,0.2,0.132,全国,51,19,0.421,,,25,0.12,0.16,,39,0.462,31,0.452,,
4704,河野大,133,0.211,13,0.154,0.211,全国,56,17,0.529,,,45,0.156,0.156,●,45,0.533,40,0.35,,
4705,吉川勇作,97,0.052,15,0.0,0.052,全国,24,12,0.083,,,34,0.029,0.029,,34,0.088,28,0.071,●,●
4706,三浦洋次朗,120,0.167,0,,0.167,全国,46,23,0.478,●,,33,0.121,0.091,,43,0.465,40,0.3,,
4708,半田尚也,94,0.16,5,0.2,0.16,全国,23,16,0.25,,,20,0.0,0.15,,31,0.226,24,0.333,,●
4709,岡村将也,107,0.299,4,0.25,0.299,全国,40,24,0.417,●,,36,0.028,0.306,,29,0.586,36,0.278,,
4710,福田宗平,118,0.246,0,,0.246,全国,54,18,0.444,,,38,0.053,0.211,,41,0.512,41,0.341,,
4711,前出達吉,117,0.188,0,,0.188,全国,40,21,0.571,●,残す型,31,0.097,0.226,,37,0.459,37,0.378,,
4713,白神優,138,0.254,0,,0.254,全国,60,14,0.357,,,44,0.114,0.273,●,45,0.489,52,0.462,,
4714,喜多須杏奈,94,0.245,5,0.2,0.245,全国,26,16,0.125,,,27,0.037,0.148,,28,0.286,33,0.242,●,
4715,村上遼,100,0.25,23,0.217,0.25,全国,42,15,0.133,,,32,0.156,0.312,,32,0.531,34,0.5,,
4718,北川太一,101,0.208,3,0.0,0.208,全国,40,18,0.278,,,33,0.061,0.273,,28,0.571,40,0.45,,
4719,上條暢嵩,116,0.19,7,0.286,0.19,全国,62,8,0.5,,,35,0.114,0.171,,38,0.395,41,0.341,,
4720,西澤日花里,86,0.186,17,0.294,0.186,全国,22,17,0.118,,,27,0.0,0.185,,28,0.179,27,0.185,●,●
4723,寺島吉彦,102,0.118,7,0.143,0.118,全国,23,17,0.353,,,54,0.093,0.037,●,36,0.417,31,0.226,●,
4724,吉田祐貴,76,0.092,5,0.0,0.092,全国,17,14,0.143,,,22,0.045,0.045,,25,0.16,18,0.111,●,●
4725,佐竹太一,101,0.168,9,0.222,0.168,全国,30,16,0.188,,,29,0.0,0.138,,37,0.324,26,0.192,●,
4726,島田なぎさ,28,0.143,0,,0.143,全国,8,6,0.0,,,8,0.0,0.25,,9,0.0,7,0.286,,
4727,安部慎一,96,0.177,7,0.286,0.177,全国,23,13,0.462,,,22,0.0,0.136,,37,0.189,23,0.217,●,●
4728,山口亮,87,0.126,4,0.25,0.126,全国,27,16,0.438,,,28,0.0,0.107,,30,0.2,26,0.115,●,●
4729,佐藤謙史朗,81,0.136,3,0.333,0.136,全国,23,17,0.235,,,20,0.15,0.0,,28,0.286,23,0.13,●,
4730,土屋実沙希,88,0.17,0,,0.17,全国,31,19,0.263,,,21,0.048,0.19,,30,0.333,28,0.321,,
4731,間野兼礼,90,0.156,3,0.333,0.156,全国,23,12,0.25,,,22,0.091,0.182,,34,0.324,26,0.231,●,
4732,堀本和也,120,0.242,6,0.167,0.242,全国,60,14,0.643,,,30,0.133,0.2,,44,0.591,43,0.465,,
4733,赤井睦,84,0.131,4,0.25,0.131,全国,23,10,0.5,,,29,0.034,0.103,,26,0.269,23,0.087,●,
4734,安河内将,113,0.248,7,0.286,0.248,全国,59,17,0.588,,,31,0.032,0.226,,33,0.545,43,0.442,,
4735,角山雄哉,93,0.161,5,0.0,0.161,全国,26,13,0.462,,,24,0.0,0.125,,32,0.469,26,0.154,●,
4736,高倉和士,123,0.195,4,0.25,0.195,全国,58,17,0.588,,,41,0.171,0.244,●,39,0.538,42,0.5,,
4737,竹井貴史,114,0.228,12,0.417,0.228,全国,62,17,0.471,,,35,0.257,0.257,,36,0.639,38,0.553,,
4738,清埜翔子,134,0.209,5,0.2,0.209,全国,56,16,0.375,,,44,0.023,0.136,●,41,0.317,46,0.152,●,
4739,中村晃朋,115,0.235,0,,0.235,全国,55,20,0.65,●,残す型,34,0.088,0.441,,37,0.459,44,0.568,,
4740,齋藤達希,92,0.109,5,0.2,0.109,全国,25,15,0.267,,,27,0.037,0.074,,36,0.222,27,0.111,●,●
4743,木村仁紀,140,0.279,2,0.0,0.279,全国,61,20,0.6,●,残す型,44,0.136,0.318,●,44,0.523,46,0.478,,
4744,伊藤玲奈,78,0.179,9,0.0,0.179,全国,21,14,0.357,,,24,0.042,0.083,,24,0.292,25,0.12,●,
4746,大豆生田蒼,85,0.235,0,,0.235,全国,30,10,0.5,,,29,0.069,0.069,,26,0.462,27,0.148,●,
4747,山戸信二,82,0.11,11,0.182,0.11,全国,21,15,0.133,,,26,0.0,0.038,,28,0.107,25,0.08,●,●
4748,渡邉雄朗,109,0.202,4,0.0,0.202,全国,50,18,0.222,,,33,0.273,0.242,,37,0.486,36,0.528,,
4750,井上尚悟,101,0.158,4,0.0,0.158,全国,26,16,0.438,,,20,0.05,0.2,,38,0.263,20,0.25,,
4752,西尾亮輔,98,0.153,13,0.154,0.153,全国,23,17,0.412,,,22,0.045,0.045,,35,0.257,23,0.13,●,
4753,森照夫,60,0.183,4,0.5,0.183,全国,17,8,0.375,,,27,0.037,0.185,,17,0.294,24,0.208,●,
4754,松尾充,109,0.202,6,0.333,0.202,全国,45,12,0.167,,,29,0.138,0.276,,32,0.562,33,0.455,,
4757,山田祐也,114,0.254,8,0.0,0.254,全国,57,16,0.5,,,32,0.094,0.219,,35,0.743,39,0.436,,
4758,富樫麗加,33,0.303,5,0.4,0.303,全国,10,2,0.5,,,11,0.0,0.0,,11,0.545,10,0.0,,
4759,今泉友吾,116,0.284,5,0.2,0.284,全国,51,12,0.167,,,42,0.167,0.262,●,38,0.579,42,0.452,,
4760,山崎郡,137,0.197,0,,0.197,全国,70,12,0.25,,,36,0.194,0.25,,47,0.617,43,0.512,,
4761,山田晃大,124,0.161,8,0.125,0.161,全国,52,17,0.353,,,45,0.044,0.156,●,37,0.27,45,0.2,●,
4762,藤原啓史朗,113,0.257,4,0.0,0.257,全国,61,13,0.385,,,41,0.049,0.244,●,36,0.583,44,0.409,,
4764,小池礼乃,88,0.148,14,0.0,0.148,全国,30,12,0.5,,,26,0.0,0.077,,29,0.31,26,0.154,●,
4765,野田部宏子,93,0.097,5,0.0,0.097,全国,28,17,0.118,,,30,0.0,0.067,,29,0.345,30,0.1,●,
4766,石井孝之,81,0.185,0,,0.185,全国,17,12,0.333,,,27,0.037,0.148,,29,0.414,26,0.154,●,
4769,馬場剛,120,0.242,4,0.25,0.242,全国,51,16,0.562,,,35,0.057,0.286,,38,0.553,38,0.447,,
4771,下寺秀和,111,0.225,4,0.25,0.225,全国,65,14,0.429,,,31,0.161,0.161,,35,0.514,36,0.389,,
4772,石丸海渡,110,0.209,5,0.2,0.209,全国,51,13,0.615,,,35,0.114,0.143,,31,0.452,37,0.351,,
4773,中川りな,118,0.246,6,0.333,0.246,全国,54,20,0.4,●,,35,0.086,0.2,,39,0.385,35,0.429,,
4775,千葉真弥,85,0.212,5,0.2,0.212,全国,37,13,0.462,,,27,0.0,0.148,,27,0.444,27,0.185,●,
4776,竹田和哉,124,0.266,2,0.0,0.266,全国,68,13,0.615,,,36,0.083,0.306,,44,0.568,41,0.439,,
4778,堤啓輔,68,0.206,0,,0.206,全国,31,16,0.25,,,20,0.0,0.05,,26,0.462,26,0.269,,
4779,伊倉光,98,0.214,3,0.0,0.214,全国,29,15,0.467,,,24,0.125,0.125,,31,0.387,27,0.222,●,
4781,西舘果里,30,0.0,0,,0.0,全国,7,5,0.4,,,7,0.0,0.0,,11,0.182,6,0.0,,
4782,浜崎準也,80,0.125,7,0.143,0.125,全国,20,12,0.083,,,24,0.0,0.208,,27,0.185,25,0.2,●,●
4784,向井田真紀,64,0.062,3,0.0,0.062,全国,17,11,0.273,,,22,0.091,0.091,,22,0.136,22,0.182,●,●
4785,木幡純也,89,0.18,5,0.4,0.18,全国,24,21,0.286,,,24,0.042,0.167,,31,0.419,25,0.2,●,
4786,佐藤博亮,134,0.187,6,0.167,0.187,全国,63,20,0.6,●,残す型,45,0.222,0.133,●,42,0.548,47,0.447,,
4787,椎名豊,110,0.2,4,0.25,0.2,全国,57,12,0.583,,,29,0.172,0.138,,34,0.618,37,0.459,,
4788,小池哲也,124,0.29,4,0.0,0.29,全国,52,24,0.458,●,,28,0.071,0.143,,48,0.583,34,0.324,,
4789,古賀智之,105,0.152,0,,0.152,全国,37,17,0.412,,,34,0.088,0.147,,33,0.394,32,0.25,,
4790,柳内敬太,118,0.263,12,0.167,0.263,全国,51,14,0.429,,,38,0.026,0.237,,35,0.514,38,0.289,,
4791,黒澤めぐみ,98,0.235,13,0.308,0.235,全国,36,24,0.417,,,36,0.056,0.167,,31,0.548,34,0.235,●,
4792,杉村賢也,64,0.203,3,0.667,0.203,全国,20,13,0.462,,,19,0.0,0.105,,22,0.227,26,0.115,●,●
4793,金子萌,120,0.2,0,,0.2,全国,43,14,0.286,,,40,0.125,0.125,●,42,0.619,37,0.216,●,
4794,和田拓也,94,0.287,4,0.25,0.287,全国,41,5,0.8,,,27,0.111,0.259,,26,0.654,31,0.419,,
4796,春園功太,116,0.181,0,,0.181,全国,53,10,0.6,,,39,0.051,0.179,,47,0.383,42,0.286,,
4797,中山将,109,0.248,8,0.0,0.248,全国,32,8,0.25,,,44,0.136,0.227,●,32,0.5,39,0.487,,
4798,浜先真範,121,0.223,4,0.25,0.223,全国,57,16,0.625,,,34,0.029,0.176,,36,0.472,40,0.325,,
4803,飯田庄吾,83,0.108,10,0.1,0.108,全国,24,19,0.263,,,26,0.038,0.077,,31,0.258,23,0.087,●,
4804,高田ひかる,116,0.181,14,0.286,0.181,全国,50,16,0.438,,,35,0.057,0.171,,33,0.394,40,0.275,,
4808,松尾拓,118,0.271,3,0.333,0.271,全国,42,11,0.273,,,35,0.029,0.229,,38,0.579,40,0.3,,
4809,外崎悟,103,0.272,4,0.25,0.272,全国,39,15,0.4,,,32,0.062,0.344,,28,0.464,36,0.444,,
4811,向井田佑紀,111,0.171,0,,0.171,全国,30,18,0.278,,,24,0.0,0.208,,40,0.475,31,0.258,,
4812,西野雄貴,97,0.247,7,0.571,0.247,全国,53,10,0.4,,,27,0.148,0.333,,32,0.656,36,0.528,,
4813,宮内直哉,86,0.151,9,0.0,0.151,全国,28,22,0.045,,,26,0.038,0.231,,28,0.214,27,0.296,,●
4815,伏島祐介,83,0.169,13,0.154,0.169,全国,23,14,0.143,,,39,0.051,0.128,,25,0.32,30,0.2,●,
4816,村松修二,111,0.18,5,0.2,0.18,全国,40,15,0.333,,,33,0.061,0.242,,41,0.366,32,0.375,,
4817,渡邉翼,86,0.256,3,0.333,0.256,全国,44,11,0.455,,,31,0.129,0.097,,24,0.583,33,0.242,●,
4818,伏見俊介,64,0.016,0,,0.016,全国,4,3,0.667,,,36,0.111,0.028,,15,0.133,27,0.111,●,●
4819,蜂須瑞生,99,0.212,0,,0.212,全国,37,16,0.438,,,38,0.079,0.132,,30,0.367,39,0.256,,
4821,妻鳥晋也,107,0.196,6,0.833,0.196,全国,24,15,0.333,,,27,0.111,0.148,,43,0.395,25,0.32,,
4822,百武翔,119,0.252,11,0.182,0.252,全国,49,17,0.706,,,38,0.053,0.237,,37,0.514,42,0.357,,
4823,中村桃佳,104,0.221,0,,0.221,全国,43,13,0.462,,,33,0.091,0.273,,39,0.41,34,0.441,,
4824,松井洪弥,123,0.171,4,0.25,0.171,全国,52,15,0.467,,,41,0.073,0.195,●,38,0.474,43,0.326,,
4825,倉持莉々,106,0.226,0,,0.226,全国,54,15,0.4,,,28,0.321,0.143,,37,0.541,37,0.541,,
4826,井上一輝,122,0.197,5,0.4,0.197,全国,65,11,0.273,,,40,0.175,0.225,●,40,0.575,46,0.5,,
4828,松山将吾,108,0.231,5,0.0,0.231,全国,49,22,0.455,●,,42,0.095,0.262,●,29,0.483,43,0.419,,
4831,羽野直也,102,0.265,4,0.0,0.265,全国,42,10,0.4,,,29,0.034,0.207,,36,0.444,32,0.406,,
4832,権藤俊光,117,0.265,8,0.5,0.265,全国,57,18,0.444,,,33,0.091,0.364,,39,0.564,34,0.529,,
4834,浜本裕己,132,0.197,4,0.5,0.197,全国,56,17,0.588,,,35,0.029,0.171,,38,0.421,42,0.214,●,
4835,橋本明,118,0.237,6,0.333,0.237,全国,33,17,0.412,,,36,0.028,0.194,,41,0.268,32,0.25,,
4836,大谷健太,96,0.177,0,,0.177,全国,26,13,0.308,,,35,0.057,0.171,,34,0.294,31,0.29,,
4837,酒井陽祐,94,0.245,4,0.0,0.245,全国,24,13,0.615,,,24,0.042,0.083,,35,0.371,26,0.192,●,
4839,四宮与寛,102,0.196,6,0.333,0.196,全国,41,20,0.45,●,,31,0.097,0.194,,30,0.567,32,0.312,,
4840,鈴木秀茉,111,0.108,0,,0.108,全国,29,22,0.409,,,28,0.179,0.107,,36,0.361,30,0.3,,
4842,山下昂大,106,0.217,9,0.111,0.217,全国,40,16,0.562,,,38,0.079,0.158,,35,0.514,34,0.294,,
4843,深尾巴恵,77,0.13,0,,0.13,全国,20,9,0.0,,,26,0.077,0.077,,27,0.37,27,0.222,●,
4844,村上奈穂,108,0.093,5,0.0,0.093,全国,32,21,0.381,,,28,0.036,0.036,,38,0.211,28,0.107,●,●
4845,前田紗希,90,0.189,4,0.25,0.189,全国,40,16,0.375,,,28,0.143,0.214,,25,0.52,31,0.419,,
4846,佐藤駿介,99,0.131,7,0.0,0.131,全国,26,15,0.067,,,32,0.0,0.031,,31,0.387,29,0.034,●,
4847,佐藤隆太郎,99,0.172,0,,0.172,全国,45,13,0.231,,,32,0.156,0.188,,35,0.486,33,0.333,,
4848,仲谷颯仁,110,0.227,0,,0.227,全国,52,12,0.583,,,31,0.065,0.226,,39,0.538,36,0.417,,
4850,野中一平,122,0.197,10,0.3,0.197,全国,50,11,0.545,,,27,0.111,0.185,,41,0.512,34,0.382,,
4851,関浩哉,112,0.214,0,,0.214,全国,46,10,0.6,,,42,0.143,0.214,●,40,0.55,37,0.486,,
4852,川原祐明,129,0.287,4,0.25,0.287,全国,68,15,0.533,,,39,0.103,0.385,,47,0.681,42,0.5,,
4853,前原哉,82,0.11,6,0.0,0.11,全国,26,17,0.176,,,24,0.0,0.042,,27,0.222,27,0.074,●,●
4854,大橋由珠,58,0.155,0,,0.155,全国,14,12,0.583,,,19,0.053,0.105,,19,0.316,19,0.158,●,
4856,豊田健士郎,142,0.225,6,0.167,0.225,全国,63,17,0.471,,,42,0.143,0.262,●,45,0.644,49,0.531,,
4857,加藤翔馬,103,0.233,1,0.0,0.233,全国,42,10,0.2,,,33,0.061,0.242,,35,0.514,35,0.429,,
4861,田中宏樹,109,0.248,0,,0.248,全国,32,14,0.5,,,38,0.053,0.237,,37,0.459,31,0.323,,
4863,三浦裕貴,83,0.205,0,,0.205,全国,22,13,0.154,,,34,0.029,0.147,,28,0.321,30,0.2,●,
4864,小川日紀太,84,0.167,0,,0.167,全国,25,15,0.2,,,19,0.053,0.0,,31,0.355,23,0.087,●,
4865,立具敬司,49,0.245,5,0.2,0.245,全国,14,6,0.167,,,20,0.05,0.25,,15,0.267,19,0.316,,
4866,橋本英一,84,0.167,8,0.0,0.167,全国,18,12,0.25,,,25,0.0,0.08,,28,0.286,24,0.083,●,
4871,菊池宏志,89,0.191,4,0.25,0.191,全国,26,15,0.267,,,31,0.0,0.161,,32,0.281,30,0.2,●,
4872,山下流心,101,0.139,3,0.0,0.139,全国,28,16,0.438,,,23,0.0,0.087,,33,0.273,34,0.147,●,
4873,蒲原健太,113,0.168,9,0.444,0.168,全国,47,26,0.462,●,,29,0.069,0.069,,45,0.378,39,0.231,●,
4874,池田奈津美,6,0.167,0,,0.167,全国,31,22,0.227,,,,,,,26,0.346,26,0.462,,
4875,大塚康雅,98,0.184,9,0.222,0.184,全国,33,24,0.375,,,28,0.036,0.107,,30,0.433,28,0.179,●,
4876,梅木敬太,116,0.181,4,0.0,0.181,全国,31,10,0.3,,,40,0.05,0.1,●,35,0.286,32,0.156,●,
4877,鈴谷一平,110,0.173,0,,0.173,全国,51,15,0.733,,,30,0.167,0.067,,34,0.324,36,0.361,,
4878,西岡育未,77,0.078,0,,0.078,全国,25,19,0.316,,,20,0.05,0.0,,24,0.208,22,0.045,●,●
4879,山崎鉄平,103,0.107,2,0.5,0.107,全国,27,18,0.389,,,39,0.128,0.103,,33,0.394,34,0.206,●,
4880,澤崎雄哉,95,0.221,8,0.375,0.221,全国,22,16,0.375,,,28,0.071,0.25,,30,0.3,28,0.286,,
4882,瀧川千依,63,0.111,0,,0.111,全国,13,8,0.0,,,24,0.0,0.083,,25,0.12,20,0.15,●,●
4883,岡部大輝,101,0.149,0,,0.149,全国,33,12,0.417,,,23,0.087,0.087,,33,0.606,30,0.333,,
4884,勝浦真帆,41,0.171,5,0.2,0.171,全国,19,6,0.5,,,12,0.083,0.083,,13,0.308,13,0.154,,
4885,大山千広,72,0.292,2,1.0,0.292,全国,40,11,0.545,,,19,0.105,0.211,,25,0.52,22,0.409,,
4886,入海馨,113,0.31,0,,0.31,全国,35,11,0.455,,,38,0.132,0.342,,33,0.545,37,0.514,,
4887,富澤祐作,93,0.172,7,0.0,0.172,全国,30,12,0.5,,,32,0.094,0.188,,31,0.29,29,0.241,●,
4888,金児隆太,96,0.135,5,0.0,0.135,全国,34,19,0.263,,,21,0.19,0.143,,38,0.342,29,0.379,,
4889,後藤盛也,72,0.083,5,0.2,0.083,全国,24,11,0.364,,,25,0.12,0.04,,25,0.28,25,0.12,●,
4890,石川諒,110,0.245,2,0.5,0.245,全国,37,17,0.235,,,36,0.056,0.278,,37,0.459,33,0.364,,
4891,寺島美里,96,0.177,9,0.111,0.177,全国,27,14,0.143,,,29,0.103,0.172,,36,0.333,27,0.259,,
4892,柴田直哉,108,0.176,6,0.5,0.176,全国,25,14,0.214,,,32,0.031,0.188,,38,0.237,28,0.25,,●
4893,渡邉真奈美,84,0.155,5,0.0,0.155,全国,28,15,0.267,,,24,0.0,0.042,,29,0.483,25,0.04,●,
4894,原村拓也,113,0.212,0,,0.212,全国,30,15,0.333,,,29,0.0,0.207,,35,0.314,29,0.241,●,
4895,門間雄大,102,0.235,10,0.1,0.235,全国,31,20,0.4,,,30,0.1,0.2,,34,0.382,31,0.323,,
4896,花本剛,97,0.186,5,0.0,0.186,全国,25,13,0.231,,,29,0.0,0.172,,33,0.303,28,0.143,●,
4897,深見亜由美,97,0.103,3,0.0,0.103,全国,28,22,0.227,,,31,0.0,0.032,,32,0.188,30,0.067,●,●
4898,菊地敬介,96,0.219,9,0.111,0.219,全国,24,18,0.222,,,40,0.075,0.1,●,29,0.241,33,0.333,,●
4899,占部一真,83,0.12,0,,0.12,全国,26,14,0.214,,,22,0.045,0.136,,31,0.194,22,0.182,●,●
4900,中田夕貴,102,0.127,4,0.0,0.127,全国,37,12,0.333,,,33,0.091,0.152,,34,0.265,34,0.265,,
4901,出口舞有子,98,0.235,0,,0.235,全国,30,14,0.214,,,21,0.0,0.238,,31,0.355,27,0.333,,
4902,山川雄大,109,0.174,3,0.333,0.174,全国,31,18,0.222,,,30,0.067,0.1,,38,0.526,30,0.167,●,
4903,吉田凌太朗,115,0.2,11,0.182,0.2,全国,51,10,0.4,,,34,0.059,0.176,,33,0.697,38,0.368,,
4904,松本一毅,127,0.22,5,0.6,0.22,全国,44,26,0.538,●,,39,0.103,0.205,,40,0.4,40,0.375,,
4905,土井祥伍,99,0.131,3,0.0,0.131,全国,22,12,0.417,,,27,0.037,0.111,,37,0.108,23,0.174,●,●
4906,鈴木雅希,107,0.262,3,0.333,0.262,全国,33,18,0.611,,,30,0.1,0.267,,42,0.452,29,0.345,,
4907,小池修平,113,0.204,8,0.0,0.204,全国,54,15,0.667,,,35,0.086,0.143,,35,0.543,42,0.381,,
4908,上田龍星,109,0.248,8,0.0,0.248,全国,52,4,0.75,,,31,0.226,0.258,,34,0.412,39,0.513,,
4909,薮内瑞希,92,0.109,0,,0.109,全国,31,16,0.438,,,31,0.065,0.097,,31,0.323,33,0.182,●,
4910,中村泰平,113,0.142,10,0.0,0.142,全国,56,9,0.667,,,31,0.129,0.161,,38,0.526,34,0.382,,
4911,片岡大地,90,0.289,0,,0.289,全国,31,18,0.389,,,27,0.074,0.407,,29,0.379,28,0.464,,
4914,吉田裕平,122,0.115,0,,0.115,全国,41,5,0.4,,,33,0.242,0.061,,44,0.432,34,0.412,,
4917,岩橋裕馬,95,0.126,0,,0.126,全国,28,20,0.2,,,31,0.065,0.097,,32,0.25,29,0.241,●,
4918,川島拓郎,105,0.19,4,0.0,0.19,全国,27,10,0.2,,,31,0.032,0.194,,33,0.212,27,0.296,,●
4919,吉田翔悟,74,0.23,12,0.167,0.23,全国,15,12,0.25,,,29,0.069,0.172,,20,0.45,25,0.2,●,
4924,中北涼,105,0.171,20,0.25,0.171,全国,27,21,0.19,,,24,0.042,0.042,,41,0.341,26,0.038,●,
4925,森悠稀,109,0.183,3,0.333,0.183,全国,41,18,0.389,,,32,0.094,0.219,,33,0.333,37,0.324,,
4926,吉川貴仁,79,0.228,4,0.25,0.228,全国,42,9,0.333,,,24,0.167,0.167,,21,0.857,29,0.621,,
4927,関野文,117,0.231,17,0.176,0.231,全国,53,25,0.32,●,飛ぶ型,35,0.114,0.229,,35,0.314,39,0.41,,
4928,栗城匠,107,0.196,8,0.125,0.196,全国,48,18,0.611,,,32,0.125,0.219,,31,0.516,38,0.421,,
4930,佐藤悠,120,0.225,0,,0.225,全国,38,16,0.5,,,39,0.026,0.154,,39,0.513,38,0.211,●,
4931,木谷賢太,130,0.346,8,0.125,0.346,全国,60,13,0.462,,,39,0.103,0.333,,47,0.766,39,0.41,,
4932,新開航,119,0.235,3,0.667,0.235,全国,59,13,0.615,,,39,0.128,0.231,,38,0.605,40,0.45,,
4933,板橋侑我,103,0.233,9,0.444,0.233,全国,42,9,0.444,,,32,0.062,0.219,,34,0.441,33,0.333,,
4934,佐々木翔斗,113,0.186,0,,0.186,全国,46,22,0.591,●,残す型,39,0.051,0.128,,36,0.417,40,0.2,●,
4936,戸敷晃美,111,0.252,0,,0.252,全国,41,14,0.429,,,35,0.143,0.2,,30,0.567,40,0.425,,
4938,小芦るり華,116,0.267,11,0.364,0.267,全国,58,15,0.667,,,33,0.061,0.273,,44,0.477,36,0.417,,
4939,宮之原輝紀,110,0.164,7,0.286,0.164,全国,59,11,0.455,,,42,0.238,0.167,●,37,0.568,41,0.512,,
4940,白石有美,38,0.211,4,0.25,0.211,全国,9,5,0.2,,,13,0.077,0.154,,13,0.231,11,0.273,,
4941,孫崎百世,104,0.125,4,0.25,0.125,全国,28,20,0.45,,,32,0.031,0.188,,35,0.257,29,0.241,●,
4942,柴田朋哉,106,0.226,0,,0.226,全国,40,22,0.364,●,飛ぶ型,39,0.026,0.154,,33,0.394,35,0.257,,
4943,八木治樹,83,0.12,0,,0.12,全国,22,13,0.231,,,20,0.0,0.15,,29,0.172,23,0.174,●,●
4944,田代達也,99,0.192,5,0.4,0.192,全国,18,15,0.267,,,31,0.097,0.161,,32,0.344,26,0.269,,
4945,上村宏太,106,0.179,7,0.0,0.179,全国,20,18,0.278,,,27,0.037,0.111,,37,0.189,27,0.148,●,●
4947,間庭菜摘,94,0.213,4,0.5,0.213,全国,25,15,0.133,,,30,0.033,0.133,,33,0.455,26,0.077,●,
4948,木場悠介,101,0.139,19,0.105,0.139,全国,30,16,0.625,,,28,0.071,0.214,,37,0.27,26,0.269,,
4949,横田貴満,112,0.214,13,0.308,0.214,全国,56,21,0.381,●,飛ぶ型,31,0.065,0.161,,38,0.5,36,0.333,,
4950,高岡竜也,119,0.193,5,0.2,0.193,全国,46,11,0.455,,,31,0.065,0.161,,44,0.5,35,0.257,,
4951,新田洋一,96,0.208,0,,0.208,全国,34,18,0.278,,,31,0.032,0.129,,32,0.344,33,0.242,●,
4952,吉武真也,90,0.067,0,,0.067,全国,21,11,0.273,,,24,0.0,0.0,,31,0.065,24,0.0,●,●
4953,尾上雅也,118,0.161,4,0.25,0.161,全国,51,11,0.182,,,36,0.139,0.167,,36,0.528,40,0.5,,
4954,内山峻輔,89,0.135,7,0.286,0.135,全国,6,4,0.5,,,43,0.116,0.116,●,32,0.281,39,0.333,,
4956,齊藤大将,41,0.098,0,,0.098,全国,12,7,0.429,,,10,0.0,0.0,,16,0.312,11,0.182,,
4957,竹之内極,117,0.231,5,0.6,0.231,全国,31,13,0.692,,,39,0.077,0.077,,42,0.262,32,0.188,●,
4958,溝口海義也,136,0.279,11,0.364,0.279,全国,54,22,0.364,●,飛ぶ型,42,0.048,0.238,●,40,0.575,44,0.295,,
4959,井上忠政,121,0.207,0,,0.207,全国,56,13,0.462,,,34,0.147,0.206,,42,0.571,41,0.39,,
4960,黒野元基,122,0.156,9,0.222,0.156,全国,56,8,0.875,,,30,0.167,0.3,,44,0.568,37,0.541,,
4961,西橋奈未,114,0.193,14,0.143,0.193,全国,55,18,0.611,,,35,0.114,0.286,,38,0.474,37,0.432,,
4962,畑竜生,121,0.256,3,0.0,0.256,全国,50,16,0.375,,,34,0.088,0.147,,38,0.421,41,0.268,,
4963,實森美祐,112,0.196,3,0.0,0.196,全国,44,12,0.667,,,33,0.121,0.152,,36,0.278,36,0.306,,
4964,土屋南,99,0.253,5,0.4,0.253,全国,34,13,0.385,,,29,0.138,0.138,,35,0.514,30,0.367,,
4965,福岡泉水,91,0.121,4,0.0,0.121,全国,22,16,0.312,,,24,0.042,0.0,,35,0.229,25,0.12,●,●
4966,田川大貴,114,0.088,20,0.1,0.088,全国,41,19,0.368,,,38,0.053,0.079,,37,0.324,37,0.135,●,
4967,中村魁生,115,0.261,4,0.5,0.261,全国,51,16,0.438,,,32,0.25,0.219,,39,0.564,42,0.571,,
4969,町田洸希,90,0.167,10,0.0,0.167,全国,22,8,0.125,,,23,0.0,0.087,,34,0.294,23,0.13,●,
4973,栗原直也,104,0.173,0,,0.173,全国,36,16,0.188,,,36,0.056,0.167,,37,0.486,31,0.258,,
4974,安井瑞紀,108,0.157,5,0.2,0.157,全国,39,22,0.318,,,34,0.0,0.147,,34,0.353,35,0.257,,
4976,金山立樹,98,0.224,6,0.5,0.224,全国,31,21,0.333,,,24,0.125,0.208,,36,0.417,24,0.375,,
4977,馬野耀,100,0.26,7,0.143,0.26,全国,39,14,0.5,,,26,0.192,0.231,,37,0.568,29,0.483,,
4978,山田和佐,113,0.221,11,0.273,0.221,全国,34,15,0.267,,,36,0.111,0.139,,43,0.349,35,0.257,,
4979,中野夢斗,105,0.181,5,0.2,0.181,全国,37,15,0.4,,,32,0.031,0.219,,33,0.303,32,0.25,,
4980,佐々木完太,118,0.153,0,,0.153,全国,54,8,0.875,,,42,0.071,0.238,●,37,0.486,44,0.409,,
4981,牧山敦也,100,0.22,12,0.417,0.22,全国,26,14,0.143,,,28,0.0,0.179,,31,0.452,29,0.207,●,
4982,中村将隆,88,0.193,5,0.4,0.193,全国,24,10,0.7,,,28,0.036,0.107,,32,0.438,25,0.24,●,
4983,前田篤哉,122,0.197,5,0.2,0.197,全国,67,19,0.526,,,40,0.175,0.225,●,41,0.39,46,0.522,,
4984,森下愛梨,92,0.239,6,0.167,0.239,全国,27,17,0.176,,,43,0.14,0.186,●,27,0.37,32,0.438,,
4985,井本昌也,116,0.172,4,0.25,0.172,全国,64,15,0.533,,,32,0.094,0.188,,41,0.39,35,0.314,,
4987,島倉都,94,0.117,0,,0.117,全国,26,14,0.143,,,30,0.033,0.1,,30,0.2,29,0.103,●,●
4988,牟田奨太,99,0.071,10,0.0,0.071,全国,24,9,0.111,,,34,0.029,0.029,,37,0.189,29,0.103,●,●
4989,石原翼,104,0.221,4,0.0,0.221,全国,36,12,0.25,,,38,0.053,0.158,,29,0.448,36,0.194,●,
4990,田中博子,49,0.102,4,0.0,0.102,全国,11,9,0.333,,,17,0.0,0.0,,17,0.118,14,0.071,,●
4991,宗行治哉,95,0.232,10,0.3,0.232,全国,43,14,0.571,,,25,0.08,0.28,,30,0.433,32,0.406,,
4992,廣瀬篤哉,107,0.084,0,,0.084,全国,26,11,0.364,,,32,0.0,0.062,,37,0.108,27,0.111,●,●
4994,山本梨菜,115,0.243,7,0.143,0.243,全国,51,25,0.48,●,,39,0.154,0.179,,34,0.382,44,0.341,,
4995,田邉亮蔵,95,0.137,5,0.2,0.137,全国,24,16,0.375,,,26,0.038,0.154,,35,0.286,24,0.167,●,
4997,濱崎寿里矢,54,0.074,3,0.0,0.074,全国,11,9,0.444,,,13,0.0,0.0,,16,0.125,14,0.0,,●
4998,中村かなえ,56,0.071,6,0.0,0.071,全国,12,7,0.286,,,13,0.077,0.154,,20,0.4,13,0.308,,
5000,岡本翔太郎,99,0.131,2,0.0,0.131,全国,25,11,0.455,,,30,0.067,0.133,,34,0.353,32,0.219,●,
5002,上田健太,110,0.255,4,0.0,0.255,全国,44,17,0.412,,,40,0.025,0.25,●,37,0.351,40,0.3,,
5003,来田衣織,104,0.125,5,0.0,0.125,全国,27,14,0.286,,,15,0.0,0.067,,37,0.27,25,0.24,●,
5004,河野主樹,118,0.195,0,,0.195,全国,34,14,0.357,,,39,0.103,0.205,,37,0.297,37,0.378,,
5005,石田貴洋,110,0.227,8,0.0,0.227,全国,40,20,0.45,●,,30,0.167,0.233,,40,0.6,30,0.5,,
5006,久保原秀人,93,0.075,1,1.0,0.075,全国,19,17,0.118,,,24,0.0,0.042,,35,0.143,25,0.08,●,●
5007,近藤雄一郎,96,0.188,7,0.0,0.188,全国,29,14,0.429,,,29,0.069,0.138,,39,0.359,26,0.269,,
5008,羽野諒,90,0.211,0,,0.211,全国,23,14,0.357,,,27,0.037,0.185,,29,0.414,27,0.222,●,
5009,大賀龍之介,110,0.164,5,0.2,0.164,全国,35,17,0.353,,,40,0.05,0.1,●,37,0.405,39,0.154,●,
5010,宇留田翔平,127,0.15,5,0.2,0.15,全国,50,19,0.526,,,35,0.057,0.171,,39,0.385,40,0.275,,
5011,高木圭大,99,0.131,20,0.15,0.131,全国,23,14,0.357,,,32,0.062,0.156,,33,0.182,27,0.111,●,●
5012,加倉侑征,100,0.18,6,0.333,0.18,全国,36,23,0.304,,,40,0.1,0.2,●,27,0.407,40,0.35,,
5013,山下夏鈴,107,0.159,8,0.0,0.159,全国,36,13,0.615,,,29,0.103,0.069,,32,0.344,32,0.281,,
5014,梶山涼斗,91,0.143,4,0.25,0.143,全国,23,16,0.312,,,26,0.038,0.038,,32,0.25,25,0.08,●,
5015,高橋竜矢,107,0.234,4,0.5,0.234,全国,55,7,0.571,,,32,0.094,0.312,,30,0.467,32,0.438,,
5016,宮田龍馬,112,0.357,12,0.333,0.357,全国,51,10,0.5,,,41,0.073,0.293,●,34,0.471,41,0.463,,
5017,澤田尚也,122,0.18,4,0.0,0.18,全国,51,10,0.4,,,38,0.079,0.158,,39,0.513,40,0.25,,
5018,竹下大樹,135,0.274,3,0.333,0.274,全国,76,16,0.625,,,32,0.125,0.312,,43,0.488,46,0.478,,
5019,柴田百恵,64,0.109,0,,0.109,全国,22,16,0.438,,,19,0.158,0.053,,23,0.304,20,0.2,●,
5020,宮村勇哉,90,0.144,1,0.0,0.144,全国,21,11,0.182,,,35,0.029,0.114,,25,0.36,31,0.129,●,
5022,伊藤尚汰,92,0.054,0,,0.054,全国,20,14,0.286,,,23,0.087,0.0,,38,0.211,24,0.125,●,●
5023,久永祥平,102,0.235,2,0.5,0.235,全国,32,12,0.333,,,38,0.184,0.184,,33,0.515,32,0.406,,
5026,安河内健,119,0.134,12,0.0,0.134,全国,52,11,0.364,,,32,0.125,0.156,,42,0.476,35,0.343,,
5027,重冨勇哉,95,0.2,4,0.25,0.2,全国,23,16,0.375,,,27,0.074,0.185,,31,0.484,29,0.345,,
5028,原田才一郎,110,0.209,14,0.071,0.209,全国,55,12,0.583,,,32,0.094,0.125,,39,0.487,37,0.351,,
5029,中亮太,123,0.163,4,0.5,0.163,全国,55,14,0.5,,,37,0.162,0.135,,35,0.514,38,0.289,,
5031,渡辺空依,104,0.183,5,0.4,0.183,全国,25,12,0.333,,,31,0.032,0.097,,35,0.257,32,0.156,●,
5032,谷口知優,109,0.174,0,,0.174,全国,34,17,0.412,,,31,0.097,0.226,,37,0.405,30,0.3,,
5033,藤原孝斗,89,0.112,5,0.0,0.112,全国,23,16,0.438,,,27,0.0,0.148,,30,0.133,25,0.2,●,●
5034,若林義人,128,0.266,6,0.667,0.266,全国,67,18,0.611,,,38,0.132,0.263,,48,0.479,43,0.419,,
5035,櫻井優,116,0.181,5,0.0,0.181,全国,32,17,0.353,,,32,0.0,0.156,,46,0.413,30,0.267,,
5036,福田翔吾,124,0.177,0,,0.177,全国,36,22,0.455,,,34,0.059,0.147,,41,0.39,33,0.333,,
5037,田頭虎親,98,0.204,4,0.25,0.204,全国,26,15,0.2,,,33,0.121,0.121,,34,0.324,30,0.333,,
5038,金田智博,97,0.216,0,,0.216,全国,42,14,0.714,,,31,0.097,0.161,,35,0.314,33,0.424,,
5039,倉田茂将,95,0.126,0,,0.126,全国,28,15,0.533,,,23,0.087,0.0,,29,0.345,38,0.184,●,
5041,荒牧凪沙,89,0.112,0,,0.112,全国,22,13,0.385,,,35,0.057,0.114,,30,0.233,30,0.2,●,●
5042,畑田汰一,112,0.25,5,0.0,0.25,全国,45,14,0.5,,,26,0.115,0.077,,41,0.585,33,0.394,,
5043,中村日向,129,0.194,9,0.222,0.194,全国,55,16,0.688,,,45,0.178,0.222,●,43,0.512,48,0.438,,
5044,渡邉健,94,0.149,2,0.0,0.149,全国,28,13,0.077,,,29,0.069,0.103,,30,0.167,27,0.185,●,●
5045,平川香織,127,0.299,8,0.125,0.299,全国,48,25,0.52,●,,35,0.029,0.314,,40,0.6,40,0.425,,
5046,松山裕基,93,0.161,0,,0.161,全国,23,16,0.188,,,26,0.077,0.231,,30,0.167,29,0.379,,●
5047,國分将太郎,96,0.208,3,0.333,0.208,全国,29,16,0.375,,,34,0.059,0.235,,30,0.4,30,0.367,,
5048,眞鳥康太,130,0.185,20,0.25,0.185,全国,20,11,0.182,,,75,0.12,0.16,●,34,0.382,35,0.257,,
5049,松井友汰,92,0.261,4,0.25,0.261,全国,29,11,0.636,,,32,0.062,0.094,,30,0.6,34,0.235,●,
5050,木下雄介,104,0.192,3,0.333,0.192,全国,38,13,0.385,,,31,0.097,0.226,,37,0.486,32,0.312,,
5051,松本純平,111,0.261,6,0.5,0.261,全国,47,11,0.364,,,36,0.056,0.278,,34,0.559,38,0.395,,
5052,赤井星璃菜,62,0.097,0,,0.097,全国,15,10,0.3,,,21,0.0,0.048,,20,0.1,21,0.048,●,●
5053,山口広樹,93,0.097,0,,0.097,全国,24,12,0.417,,,34,0.029,0.059,,30,0.233,30,0.1,●,●
5054,佐々木大河,97,0.186,4,0.25,0.186,全国,37,5,0.2,,,26,0.115,0.192,,31,0.548,28,0.429,,
5055,眞鳥章太,114,0.211,28,0.214,0.214,当地,41,15,0.4,,,36,0.028,0.194,,35,0.457,36,0.306,,
5056,西岡成美,18,0.333,5,0.0,0.333,全国,6,3,0.333,,,6,0.0,0.167,,5,0.4,7,0.143,,
5057,上田紗奈,96,0.073,10,0.2,0.073,全国,32,8,0.25,,,25,0.08,0.0,,29,0.276,29,0.207,●,
5058,前原大道,127,0.299,7,0.429,0.299,全国,51,5,0.2,,,39,0.179,0.359,,38,0.526,44,0.591,,
5060,数原魁,115,0.191,4,0.5,0.191,全国,40,15,0.2,,,35,0.057,0.143,,39,0.385,36,0.306,,
5061,中村駿平,80,0.1,4,0.25,0.1,全国,19,15,0.267,,,29,0.0,0.069,,28,0.214,22,0.091,●,●
5063,大塚雅治,97,0.186,8,0.125,0.186,全国,22,11,0.0,,,35,0.029,0.114,,32,0.281,30,0.133,●,
5064,品川二千翔,120,0.258,4,0.25,0.258,全国,46,16,0.375,,,39,0.026,0.231,,35,0.657,42,0.286,,
5065,伊久間陽優,93,0.043,0,,0.043,全国,25,9,0.444,,,34,0.147,0.0,,29,0.345,29,0.207,●,
5066,鈴木孝明,123,0.26,4,0.75,0.26,全国,45,17,0.294,,,30,0.067,0.267,,44,0.659,31,0.419,,
5067,山田真聖,102,0.206,3,0.0,0.206,全国,24,12,0.25,,,23,0.043,0.174,,36,0.472,21,0.333,,
5068,前田滉,106,0.255,0,,0.255,全国,59,11,0.545,,,28,0.036,0.393,,35,0.629,35,0.6,,
5069,山崎小葉音,82,0.171,4,0.25,0.171,全国,27,16,0.375,,,21,0.0,0.0,,31,0.452,24,0.042,●,
5070,中島航,78,0.205,0,,0.205,全国,20,13,0.308,,,24,0.083,0.042,,29,0.276,20,0.15,●,
5071,野見山拓己,92,0.13,0,,0.13,全国,26,18,0.167,,,25,0.0,0.12,,30,0.267,27,0.222,●,
5072,吉田杏美,25,0.0,0,,0.0,全国,8,7,0.0,,,9,0.0,0.0,,9,0.111,8,0.0,,
5073,上原健次郎,106,0.189,5,0.2,0.189,全国,40,18,0.444,,,35,0.057,0.286,,35,0.257,35,0.371,,
5074,大澤誠也,98,0.122,3,0.333,0.122,全国,26,12,0.417,,,31,0.065,0.032,,36,0.444,30,0.1,●,
5075,中島秀治,126,0.246,5,0.0,0.246,全国,47,26,0.346,●,飛ぶ型,43,0.023,0.302,●,35,0.686,44,0.386,,
5076,石原光,104,0.154,0,,0.154,全国,25,14,0.357,,,36,0.028,0.194,,34,0.412,30,0.167,●,
5077,滝沢崚,66,0.152,5,0.0,0.152,全国,14,13,0.308,,,13,0.0,0.154,,23,0.261,19,0.158,●,
5078,山川波乙,97,0.144,5,0.2,0.144,全国,27,12,0.333,,,29,0.034,0.034,,32,0.312,32,0.094,●,
5079,大石真央,102,0.157,7,0.286,0.157,全国,27,15,0.333,,,38,0.026,0.105,,30,0.267,34,0.147,●,
5081,篠原飛翔,96,0.25,5,0.0,0.25,全国,40,18,0.389,,,27,0.111,0.148,,28,0.5,29,0.276,,
5082,一色凌雅,122,0.189,0,,0.189,全国,29,13,0.231,,,37,0.162,0.135,,38,0.447,35,0.286,,
5083,柳瀬幹太,84,0.143,4,0.25,0.143,全国,25,14,0.286,,,29,0.034,0.069,,28,0.357,29,0.241,●,
5084,末永和也,90,0.211,0,,0.211,全国,44,10,0.3,,,31,0.161,0.194,,28,0.357,34,0.382,,
5085,中村栄治,102,0.216,0,,0.216,全国,36,22,0.409,,,29,0.0,0.276,,36,0.361,29,0.207,●,
5086,本村大,93,0.108,21,0.143,0.108,全国,25,10,0.3,,,24,0.083,0.083,,34,0.235,25,0.16,●,●
5087,佐藤航,122,0.238,9,0.222,0.238,全国,47,15,0.6,,,30,0.167,0.167,,31,0.71,40,0.475,,
5088,高憧四季,137,0.182,7,0.143,0.182,全国,74,23,0.435,●,,42,0.167,0.167,●,47,0.404,44,0.455,,
5089,前田翔,102,0.284,10,0.1,0.284,全国,59,14,0.357,,,30,0.133,0.167,,36,0.667,33,0.394,,
5090,生方靖亜,87,0.218,6,0.333,0.218,全国,24,12,0.5,,,30,0.033,0.167,,24,0.5,31,0.226,●,
5091,為本智也,78,0.269,0,,0.269,全国,24,7,0.429,,,23,0.087,0.304,,28,0.393,29,0.483,,
5092,篠原晟弥,103,0.223,10,0.3,0.223,全国,42,13,0.308,,,33,0.152,0.242,,30,0.533,36,0.444,,
5093,浦野海,97,0.124,0,,0.124,全国,31,14,0.286,,,31,0.065,0.032,,38,0.211,33,0.182,●,●
5095,小原聡将,93,0.301,4,0.5,0.301,全国,39,13,0.385,,,31,0.161,0.355,,31,0.419,30,0.5,,
5096,上原崚,128,0.188,3,0.0,0.188,全国,39,16,0.375,,,40,0.075,0.1,●,43,0.535,37,0.189,●,
5098,大江純,105,0.152,5,0.2,0.152,全国,25,17,0.176,,,28,0.071,0.143,,38,0.237,23,0.217,●,●
5100,栗原一馬,83,0.108,0,,0.108,全国,23,16,0.375,,,34,0.029,0.118,,25,0.4,30,0.167,●,
5101,表健太,87,0.126,0,,0.126,全国,16,15,0.2,,,20,0.1,0.1,,31,0.226,20,0.1,●,●
5102,原田雄次,109,0.211,6,0.333,0.211,全国,28,10,0.2,,,34,0.029,0.147,,37,0.459,33,0.273,,
5103,芝田京介,81,0.111,5,0.0,0.111,全国,20,14,0.214,,,38,0.026,0.026,,27,0.296,29,0.069,●,
5104,山田丈,87,0.241,4,0.0,0.241,全国,36,10,0.5,,,22,0.0,0.136,,29,0.483,31,0.323,,
5105,富田恕生,106,0.16,5,0.2,0.16,全国,25,14,0.214,,,27,0.074,0.037,,41,0.39,28,0.143,●,
5106,山崎祥,95,0.274,0,,0.274,全国,34,17,0.588,,,27,0.037,0.259,,35,0.343,27,0.296,,
5107,松本真広,79,0.152,5,0.2,0.152,全国,19,11,0.182,,,26,0.038,0.115,,22,0.227,24,0.292,,●
5108,柴田愛梨,57,0.053,0,,0.053,全国,13,10,0.0,,,18,0.056,0.056,,20,0.05,18,0.111,●,●
5109,川崎智稔,110,0.155,0,,0.155,全国,31,21,0.381,,,39,0.051,0.077,,38,0.342,37,0.162,●,
5110,杉山喜一,102,0.245,0,,0.245,全国,30,19,0.263,,,36,0.056,0.25,,34,0.324,32,0.344,,
5111,三村岳人,105,0.143,2,0.5,0.143,全国,33,13,0.615,,,33,0.061,0.091,,37,0.378,33,0.182,●,
5112,砂長知輝,121,0.281,9,0.333,0.281,全国,56,15,0.467,,,39,0.077,0.205,,37,0.649,39,0.385,,
5113,黒明花夢,35,0.086,0,,0.086,全国,10,7,0.286,,,9,0.0,0.0,,13,0.077,10,0.1,,
5114,小林孝彰,120,0.183,3,0.0,0.183,全国,48,18,0.5,,,46,0.022,0.217,●,40,0.425,40,0.25,,
5115,香川颯太,86,0.116,0,,0.116,全国,26,13,0.385,,,31,0.129,0.065,,25,0.32,26,0.231,●,
5117,冨名腰桃奈,63,0.079,4,0.0,0.079,全国,16,10,0.2,,,16,0.062,0.0,,20,0.4,17,0.059,●,
5118,野田なづき,71,0.183,4,0.25,0.183,全国,27,14,0.5,,,25,0.08,0.24,,25,0.44,25,0.36,,
5120,山本稔太朗,74,0.135,5,0.4,0.135,全国,29,15,0.667,,,22,0.091,0.091,,23,0.261,32,0.25,,
5121,定松勇樹,114,0.158,3,0.333,0.158,全国,51,11,0.545,,,34,0.206,0.147,,42,0.619,38,0.421,,
5122,相馬翔,71,0.141,5,0.0,0.141,全国,16,9,0.667,,,18,0.056,0.167,,25,0.24,18,0.167,●,●
5123,福山恵里奈,103,0.126,5,0.0,0.126,全国,31,16,0.125,,,32,0.031,0.094,,34,0.118,31,0.129,●,●
5124,上瀧絢也,88,0.193,5,0.2,0.193,全国,18,12,0.5,,,19,0.0,0.053,,35,0.457,20,0.05,●,
5125,高井雄基,111,0.225,6,0.167,0.225,全国,46,14,0.214,,,40,0.05,0.25,●,34,0.471,40,0.3,,
5126,山下大輝,115,0.217,13,0.077,0.217,全国,48,14,0.357,,,37,0.135,0.243,,33,0.515,39,0.41,,
5127,沼田大都,94,0.223,4,0.0,0.223,全国,24,17,0.235,,,32,0.0,0.188,,31,0.355,27,0.222,●,
5128,坪井爽佑,86,0.174,6,0.0,0.174,全国,17,14,0.214,,,28,0.036,0.071,,26,0.385,22,0.045,●,
5129,山口真喜子,100,0.23,19,0.316,0.23,全国,42,20,0.4,●,,36,0.111,0.194,,27,0.444,40,0.325,,
5130,上野拓馬,99,0.263,2,0.0,0.263,全国,28,19,0.211,,,35,0.0,0.2,,36,0.389,27,0.259,,
5131,江藤敦宏,92,0.141,0,,0.141,全国,20,17,0.235,,,18,0.0,0.111,,34,0.118,19,0.105,●,●
5132,中野希一,119,0.16,4,0.0,0.16,全国,67,27,0.333,●,飛ぶ型,35,0.143,0.2,,39,0.59,37,0.378,,
5133,堀越雄貴,83,0.181,0,,0.181,全国,25,14,0.429,,,27,0.074,0.222,,28,0.429,25,0.36,,
5134,大原祥昌,115,0.209,4,0.0,0.209,全国,47,19,0.211,,,40,0.175,0.2,●,34,0.353,38,0.421,,
5135,仲航太,103,0.175,0,,0.175,全国,37,15,0.267,,,40,0.1,0.075,●,34,0.353,41,0.22,●,
5136,濱野斗馬,128,0.188,13,0.231,0.188,全国,59,15,0.6,,,42,0.119,0.214,●,45,0.511,42,0.333,,
5137,川原涼,99,0.202,3,0.333,0.202,全国,31,12,0.5,,,35,0.143,0.086,,32,0.531,34,0.235,●,
5138,村本大成,67,0.194,4,0.25,0.194,全国,18,12,0.25,,,18,0.0,0.111,,25,0.16,17,0.176,●,●
5139,大場恒季,95,0.168,4,0.0,0.168,全国,43,14,0.286,,,23,0.217,0.043,,33,0.545,29,0.345,,
5140,吉田彩乃,78,0.115,0,,0.115,全国,23,17,0.412,,,27,0.0,0.148,,27,0.148,24,0.167,●,●
5141,大澤風葵,99,0.182,4,0.5,0.182,全国,50,19,0.421,,,25,0.12,0.28,,30,0.633,37,0.486,,
5142,常住蓮,110,0.209,5,0.4,0.209,全国,54,14,0.429,,,30,0.1,0.267,,34,0.5,38,0.5,,
5143,常盤海心,110,0.209,6,0.167,0.209,全国,23,18,0.222,,,28,0.036,0.143,,43,0.256,24,0.25,,
5144,中尾彩香,100,0.19,0,,0.19,全国,28,16,0.5,,,26,0.038,0.077,,34,0.382,30,0.167,●,
5145,島川海輝,129,0.171,9,0.444,0.171,全国,60,17,0.529,,,42,0.095,0.119,●,40,0.4,48,0.292,,
5146,野田彩加,91,0.22,0,,0.22,全国,28,11,0.182,,,25,0.08,0.08,,30,0.367,25,0.16,●,
5147,田中勇輔,77,0.13,7,0.0,0.13,全国,20,15,0.267,,,24,0.042,0.083,,25,0.08,22,0.136,●,●
5148,松本怜,73,0.151,3,0.333,0.151,全国,16,7,0.286,,,22,0.091,0.045,,26,0.154,19,0.158,●,●
5150,坂本雄紀,103,0.214,0,,0.214,全国,42,18,0.556,,,32,0.125,0.25,,29,0.517,35,0.486,,
5151,山下奈緒,91,0.066,5,0.0,0.066,全国,21,15,0.4,,,28,0.036,0.071,,31,0.097,23,0.217,●,●
5152,丸山祐也,80,0.1,4,0.0,0.1,全国,22,20,0.35,,,23,0.0,0.13,,28,0.214,22,0.136,●,●
5153,佐藤ほのか,95,0.095,0,,0.095,全国,28,26,0.077,,,27,0.111,0.148,,36,0.083,28,0.25,,●
5154,村松栄太,109,0.119,9,0.222,0.119,全国,28,18,0.278,,,32,0.062,0.125,,45,0.222,28,0.25,,●
5155,内山七海,107,0.206,4,0.0,0.206,全国,37,19,0.474,,,36,0.111,0.222,,32,0.438,33,0.424,,
5156,坂野さくら,85,0.247,4,0.25,0.247,全国,23,15,0.067,,,27,0.0,0.185,,29,0.621,27,0.185,●,
5157,市川健太,108,0.167,2,0.5,0.167,全国,31,15,0.6,,,35,0.0,0.114,,35,0.257,34,0.147,●,
5158,宮脇遼太,124,0.145,9,0.222,0.145,全国,58,16,0.312,,,44,0.227,0.182,●,38,0.421,39,0.487,,
5160,藤森陸斗,125,0.152,10,0.1,0.152,全国,47,16,0.438,,,46,0.065,0.065,●,37,0.432,43,0.116,●,
5161,登玉隼百,111,0.189,5,0.2,0.189,全国,38,11,0.727,,,39,0.128,0.179,,30,0.367,33,0.333,,
5162,松尾怜実,27,0.074,0,,0.074,全国,8,6,0.167,,,9,0.0,0.111,,11,0.0,10,0.1,,
5163,清水愛海,115,0.2,0,,0.2,全国,49,14,0.5,,,42,0.143,0.214,●,31,0.645,42,0.5,,
5164,森田梨湖,46,0.065,4,0.0,0.065,全国,13,11,0.273,,,12,0.0,0.0,,18,0.056,14,0.0,,●
5165,小林愛実,99,0.162,0,,0.162,全国,29,19,0.316,,,31,0.065,0.129,,38,0.263,31,0.194,●,
5166,仲道大輔,112,0.295,3,0.667,0.295,全国,47,16,0.25,,,33,0.03,0.242,,41,0.634,37,0.297,,
5167,小川竜太朗,88,0.148,0,,0.148,全国,28,21,0.476,,,24,0.042,0.167,,32,0.25,24,0.292,,
5169,堀本翔太,63,0.159,3,0.0,0.159,全国,14,12,0.5,,,17,0.059,0.059,,27,0.222,16,0.062,●,●
5170,佐藤太亮,99,0.222,9,0.111,0.222,全国,31,9,0.333,,,31,0.065,0.226,,37,0.27,29,0.31,,
5171,清水未唯,4,0.0,0,,0.0,全国,1,1,0.0,,,1,0.0,0.0,,1,0.0,1,0.0,,
5172,田村慶,104,0.163,0,,0.163,全国,31,14,0.429,,,37,0.108,0.135,,29,0.414,36,0.306,,
5173,谷口佳蓮,103,0.107,10,0.2,0.107,全国,31,9,0.444,,,33,0.0,0.091,,34,0.324,32,0.062,●,
5174,川井萌,53,0.208,2,0.0,0.208,全国,16,8,0.25,,,13,0.077,0.077,,15,0.4,14,0.214,,
5175,島崎丈一朗,76,0.224,0,,0.224,全国,19,11,0.091,,,20,0.0,0.2,,25,0.24,17,0.353,,●
5176,石倉拓美,45,0.022,5,0.0,0.022,全国,7,4,0.0,,,16,0.0,0.0,,18,0.111,9,0.0,,●
5177,松井貫太,108,0.204,0,,0.204,全国,24,18,0.278,,,26,0.038,0.154,,43,0.326,27,0.185,●,
5178,成貞琳平,116,0.121,5,0.0,0.121,全国,31,19,0.263,,,33,0.03,0.061,,42,0.286,29,0.069,●,
5179,藤本元輝,78,0.115,0,,0.115,全国,19,9,0.222,,,24,0.0,0.125,,23,0.261,25,0.12,●,
5180,藤本紗弥香,56,0.143,6,0.0,0.143,全国,12,10,0.2,,,13,0.077,0.154,,16,0.375,16,0.25,,
5181,森智哉,94,0.213,0,,0.213,全国,25,14,0.357,,,29,0.069,0.276,,31,0.323,29,0.345,,
5182,宮崎安奈,86,0.151,0,,0.151,全国,30,20,0.3,,,29,0.034,0.103,,34,0.412,32,0.219,●,
5183,中野孝二,95,0.189,0,,0.189,全国,29,19,0.421,,,31,0.065,0.097,,31,0.548,30,0.167,●,
5184,飯塚響,43,0.116,0,,0.116,全国,8,5,0.0,,,10,0.1,0.0,,16,0.25,8,0.0,,
5185,加藤優弥,99,0.232,5,0.6,0.232,全国,28,16,0.25,,,32,0.031,0.219,,31,0.548,33,0.212,●,
5186,遠藤圭吾,85,0.141,0,,0.141,全国,22,11,0.273,,,32,0.0,0.188,,31,0.194,23,0.217,●,●
5187,小坂風太,55,0.182,0,,0.182,全国,14,12,0.083,,,16,0.0,0.188,,19,0.053,14,0.214,,●
5188,武井莉里佳,113,0.159,9,0.222,0.159,全国,41,14,0.143,,,28,0.143,0.036,,41,0.439,36,0.333,,
5189,藤原早菜,124,0.218,5,0.0,0.218,全国,43,25,0.28,●,飛ぶ型,37,0.135,0.162,,43,0.395,40,0.3,,
5190,大月遊雅,94,0.085,8,0.125,0.085,全国,16,10,0.5,,,30,0.1,0.0,,33,0.242,25,0.2,●,●
5191,飛田江己,135,0.222,13,0.077,0.222,全国,55,10,0.3,,,41,0.146,0.244,●,47,0.511,44,0.5,,
5192,中尾優香,77,0.143,9,0.222,0.143,全国,22,11,0.091,,,31,0.0,0.065,,22,0.364,30,0.1,●,
5193,米丸乃絵,119,0.235,8,0.25,0.235,全国,55,12,0.417,,,36,0.083,0.25,,38,0.474,39,0.41,,
5194,大久保佑香,103,0.126,0,,0.126,全国,26,15,0.267,,,28,0.0,0.0,,35,0.257,31,0.097,●,
5195,北村寧々,92,0.152,19,0.211,0.152,全国,29,9,0.556,,,32,0.062,0.125,,29,0.31,32,0.25,,
5196,鰐部太空海,118,0.186,8,0.125,0.186,全国,45,16,0.312,,,36,0.111,0.222,,42,0.595,37,0.432,,
5197,中野仁照,62,0.194,0,,0.194,全国,14,5,0.2,,,29,0.103,0.172,,16,0.5,25,0.32,,
5198,奥村明日香,89,0.157,2,0.5,0.157,全国,21,12,0.583,,,23,0.087,0.174,,34,0.294,21,0.238,●,
5199,垂水悠,96,0.146,0,,0.146,全国,26,14,0.429,,,30,0.067,0.133,,34,0.353,30,0.233,●,
5200,筒井美琴,55,0.0,4,0.0,0.0,全国,10,10,0.0,,,22,0.0,0.0,,14,0.0,17,0.0,●,
5201,村上宗太郎,67,0.194,2,0.0,0.194,全国,18,10,0.5,,,29,0.0,0.207,,20,0.2,26,0.346,,●
5203,神里琴音,97,0.196,0,,0.196,全国,27,15,0.533,,,27,0.037,0.148,,33,0.303,26,0.192,●,
5204,宇恵有香,65,0.138,4,0.5,0.138,全国,15,10,0.3,,,20,0.0,0.25,,23,0.087,18,0.222,●,●
5205,刑部亜里紗,119,0.21,15,0.4,0.21,全国,40,16,0.25,,,41,0.098,0.146,●,36,0.389,39,0.282,,
5206,梅原祥平,69,0.145,4,0.0,0.145,全国,18,13,0.231,,,20,0.0,0.1,,24,0.167,21,0.19,●,●
5207,高山敬悟,89,0.124,9,0.0,0.124,全国,20,8,0.25,,,25,0.04,0.12,,31,0.387,24,0.25,,
5208,屋良龍紀,92,0.185,15,0.267,0.185,全国,24,16,0.25,,,24,0.042,0.083,,31,0.323,26,0.192,●,
5209,小野京平,82,0.159,7,0.286,0.159,全国,13,11,0.182,,,27,0.074,0.074,,23,0.261,27,0.074,●,
5210,藤井公人,114,0.219,0,,0.219,全国,31,11,0.545,,,37,0.054,0.162,,37,0.432,37,0.243,●,
5211,高井駿弥,90,0.133,8,0.25,0.133,全国,19,16,0.312,,,25,0.04,0.2,,35,0.143,25,0.28,,●
5212,西川拓利,120,0.217,4,0.25,0.217,全国,37,12,0.5,,,32,0.031,0.156,,41,0.561,35,0.2,●,
5213,湯淺紀香,114,0.193,15,0.133,0.193,全国,37,15,0.6,,,34,0.0,0.088,,39,0.333,36,0.111,●,
5214,田中宏典,101,0.119,6,0.167,0.119,全国,31,17,0.412,,,38,0.053,0.079,,35,0.143,31,0.226,●,●
5216,長谷川晴哉,122,0.213,5,0.4,0.213,全国,58,22,0.318,●,飛ぶ型,36,0.083,0.222,,37,0.514,38,0.342,,
5217,藤原碧生,113,0.204,4,0.0,0.204,全国,42,15,0.267,,,45,0.111,0.178,●,32,0.594,46,0.304,,
5218,山田理央,115,0.226,16,0.312,0.226,全国,44,14,0.286,,,33,0.182,0.152,,36,0.528,34,0.382,,
5219,森口和紀,98,0.143,6,0.333,0.143,全国,23,8,0.125,,,33,0.091,0.091,,30,0.367,34,0.235,●,
5220,青木蓮,129,0.264,10,0.2,0.264,全国,61,18,0.333,,,35,0.029,0.343,,42,0.476,43,0.535,,
5221,竹間隆晟,128,0.227,5,0.0,0.227,全国,64,22,0.364,●,飛ぶ型,40,0.075,0.2,●,41,0.634,36,0.306,,
5222,津田陸翔,117,0.205,4,0.5,0.205,全国,52,16,0.312,,,35,0.114,0.171,,41,0.415,41,0.293,,
5223,森清友翔,121,0.132,0,,0.132,全国,32,19,0.053,,,40,0.05,0.15,●,38,0.237,41,0.244,●,●
5224,西岡顕心,119,0.261,8,0.125,0.261,全国,58,16,0.5,,,43,0.163,0.302,●,37,0.514,43,0.488,,
5226,藤田俊祐,73,0.164,0,,0.164,全国,31,7,0.0,,,23,0.087,0.174,,26,0.423,26,0.308,,
5227,川原愛未,29,0.103,5,0.0,0.103,全国,5,2,1.0,,,13,0.0,0.077,,9,0.111,7,0.143,,
5228,若林樹蘭,103,0.223,0,,0.223,全国,39,12,0.167,,,35,0.086,0.257,,32,0.438,35,0.371,,
5229,吉川晴人,109,0.202,0,,0.202,全国,41,18,0.111,,,39,0.077,0.179,,36,0.417,39,0.282,,
5230,石原凪紗,94,0.128,0,,0.128,全国,27,13,0.308,,,29,0.0,0.172,,31,0.29,27,0.185,●,
5231,寺田空詩,79,0.177,0,,0.177,全国,28,10,0.4,,,24,0.042,0.125,,28,0.321,28,0.214,●,
5232,樅山拓馬,96,0.135,9,0.111,0.135,全国,28,13,0.308,,,28,0.071,0.179,,32,0.375,32,0.281,,
5234,塚越海斗,127,0.228,0,,0.228,全国,65,21,0.524,●,,40,0.1,0.25,●,40,0.6,46,0.37,,
5235,岩田凌,60,0.083,0,,0.083,全国,14,11,0.182,,,18,0.0,0.056,,20,0.05,17,0.059,●,●
5236,小宮涼雅,120,0.15,15,0.067,0.15,全国,25,19,0.368,,,42,0.024,0.143,●,35,0.229,38,0.184,●,●
5237,永松良教,78,0.218,0,,0.218,全国,17,11,0.364,,,30,0.0,0.233,,26,0.346,25,0.24,●,
5238,笹木香吾,113,0.15,7,0.286,0.15,全国,40,20,0.5,●,,42,0.095,0.071,●,32,0.469,43,0.256,,
5239,上野俊樹,93,0.269,0,,0.269,全国,29,20,0.35,,,34,0.059,0.294,,32,0.438,34,0.353,,
5240,高橋龍治,95,0.147,5,0.0,0.147,全国,28,15,0.267,,,39,0.077,0.154,,26,0.308,37,0.216,●,
5241,門田栞,91,0.165,9,0.0,0.165,全国,24,17,0.353,,,30,0.067,0.133,,32,0.312,28,0.25,,
5242,高山弘斗,89,0.124,9,0.222,0.124,全国,19,15,0.2,,,29,0.103,0.034,,35,0.343,29,0.172,●,
5243,三馬崇史,112,0.205,4,0.5,0.205,全国,39,21,0.429,,,31,0.065,0.129,,35,0.343,36,0.333,,
5244,黒田剛,86,0.116,3,0.0,0.116,全国,20,12,0.167,,,26,0.0,0.077,,27,0.111,25,0.12,●,●
5245,倉富大誠,96,0.198,1,1.0,0.198,全国,22,14,0.357,,,31,0.065,0.226,,35,0.429,25,0.36,,
5246,楠将太郎,107,0.159,3,0.667,0.159,全国,34,18,0.222,,,40,0.125,0.175,●,34,0.294,38,0.368,,
5247,大森翼,106,0.264,5,0.2,0.264,全国,26,20,0.3,,,37,0.0,0.216,,36,0.389,34,0.206,●,
5248,本田愛,99,0.172,0,,0.172,全国,21,16,0.188,,,36,0.167,0.167,,33,0.394,34,0.412,,
5249,三木晴斗,99,0.192,0,,0.192,全国,32,20,0.25,,,37,0.081,0.135,,32,0.438,33,0.242,●,
5250,嶋田有里,91,0.121,32,0.094,0.094,当地,23,14,0.143,,,25,0.0,0.08,,29,0.345,26,0.115,●,
5251,沼田七華,49,0.02,0,,0.02,全国,13,13,0.077,,,17,0.0,0.0,,17,0.059,18,0.0,●,●
5252,荒木颯斗,110,0.255,11,0.273,0.255,全国,45,21,0.429,●,,36,0.056,0.194,,38,0.421,34,0.294,,
5253,藤井太雅,61,0.148,0,,0.148,全国,13,10,0.0,,,22,0.0,0.136,,18,0.278,22,0.136,●,
5254,羽田妃希,87,0.149,9,0.222,0.149,全国,15,9,0.111,,,26,0.0,0.115,,32,0.281,27,0.111,●,
5255,藤原仙二,126,0.254,0,,0.254,全国,47,14,0.429,,,38,0.211,0.289,,42,0.69,37,0.459,,
5256,中山翔太,110,0.182,4,0.0,0.182,全国,53,8,0.375,,,33,0.121,0.242,,35,0.571,36,0.417,,
5257,西丸侑太朗,132,0.22,10,0.1,0.22,全国,62,20,0.35,●,飛ぶ型,35,0.143,0.2,,50,0.46,42,0.405,,
5258,仲本舜,92,0.174,4,0.0,0.174,全国,23,10,0.2,,,24,0.042,0.167,,31,0.323,24,0.25,,
5259,野田昇吾,69,0.087,0,,0.087,全国,15,13,0.077,,,22,0.0,0.045,,19,0.105,20,0.1,●,●
5261,岡暢祐,87,0.126,15,0.133,0.126,全国,24,14,0.429,,,24,0.0,0.0,,30,0.2,22,0.091,●,●
5262,鈴木章司,84,0.071,0,,0.071,全国,22,20,0.3,,,22,0.091,0.045,,30,0.333,25,0.16,●,
5263,花田凱成,104,0.202,2,0.0,0.202,全国,25,18,0.222,,,30,0.0,0.133,,39,0.385,28,0.071,●,
5264,登みひ果,113,0.159,0,,0.159,全国,28,23,0.174,,,40,0.0,0.175,●,44,0.318,35,0.257,,
5265,大廣咲季,111,0.108,0,,0.108,全国,25,17,0.235,,,34,0.029,0.0,,36,0.222,33,0.03,●,●
5266,石田勇斗,102,0.137,10,0.3,0.137,全国,29,16,0.312,,,29,0.034,0.138,,36,0.278,26,0.231,●,
5267,石本裕武,129,0.178,4,0.0,0.178,全国,56,16,0.188,,,43,0.116,0.116,●,44,0.545,45,0.267,,
5268,山本幸也,99,0.061,0,,0.061,全国,17,14,0.214,,,47,0.021,0.043,●,28,0.25,35,0.057,●,
5269,山口晃朋,109,0.183,0,,0.183,全国,43,10,0.5,,,29,0.0,0.276,,36,0.417,32,0.344,,
5270,小玉啓太,101,0.188,11,0.182,0.188,全国,23,17,0.294,,,33,0.0,0.091,,35,0.4,31,0.097,●,
5271,杉山太陽,98,0.102,2,0.0,0.102,全国,21,13,0.0,,,31,0.032,0.097,,37,0.243,32,0.125,●,●
5272,松田真実,97,0.144,5,0.0,0.144,全国,30,13,0.0,,,25,0.04,0.16,,36,0.222,27,0.222,●,●
5273,山下拓巳,104,0.115,0,,0.115,全国,29,18,0.278,,,27,0.0,0.0,,37,0.297,28,0.036,●,
5274,城間盛渚,88,0.136,0,,0.136,全国,22,5,0.6,,,28,0.036,0.107,,26,0.231,28,0.179,●,●
5275,松田淳平,109,0.202,4,0.25,0.202,全国,45,15,0.333,,,28,0.107,0.214,,35,0.514,34,0.382,,
5276,大島隆乃介,104,0.173,13,0.154,0.173,全国,33,21,0.429,,,29,0.034,0.207,,31,0.355,33,0.212,●,
5277,井上未都,110,0.227,5,0.4,0.227,全国,31,17,0.412,,,32,0.031,0.188,,36,0.25,33,0.242,●,
5278,田中駿兵,119,0.16,6,0.0,0.16,全国,61,10,0.4,,,42,0.238,0.143,●,36,0.639,40,0.575,,
5279,石渡翔一郎,95,0.179,0,,0.179,全国,36,17,0.588,,,30,0.167,0.1,,37,0.568,28,0.393,,
5280,廣瀬凜,127,0.299,4,0.5,0.299,全国,50,8,0.375,,,37,0.027,0.351,,46,0.87,39,0.359,,
5281,井上遥妃,102,0.167,6,0.167,0.167,全国,41,11,0.182,,,34,0.088,0.265,,32,0.594,36,0.361,,
5282,中本大樹,114,0.263,4,0.5,0.263,全国,33,16,0.25,,,29,0.103,0.276,,39,0.436,31,0.355,,
5283,植木美帆,63,0.063,5,0.4,0.063,全国,10,8,0.0,,,23,0.0,0.0,,19,0.316,21,0.0,●,
5284,嘉手苅徹哉,85,0.129,11,0.091,0.129,全国,13,6,0.167,,,23,0.0,0.0,,28,0.286,23,0.043,●,
5285,若林麗,101,0.109,4,0.0,0.109,全国,27,19,0.263,,,36,0.028,0.167,,30,0.1,33,0.212,●,●
5286,坂井滉哉,99,0.141,8,0.25,0.141,全国,26,15,0.133,,,29,0.103,0.069,,37,0.297,28,0.143,●,
5287,滝沢織寧,91,0.11,0,,0.11,全国,20,18,0.222,,,28,0.036,0.071,,33,0.212,30,0.1,●,●
5288,尾道佳諭,93,0.183,0,,0.183,全国,24,18,0.056,,,29,0.0,0.103,,31,0.194,30,0.167,●,●
5289,佃來紀,111,0.207,4,0.0,0.207,全国,34,14,0.5,,,36,0.111,0.111,,34,0.529,30,0.3,,
5290,坂本一真,93,0.075,4,0.25,0.075,全国,24,20,0.05,,,28,0.036,0.036,,29,0.138,24,0.042,●,●
5291,三嶌こころ,116,0.138,5,0.0,0.138,全国,23,18,0.278,,,42,0.095,0.143,●,40,0.175,31,0.258,,●
5292,佐藤右京,96,0.146,5,0.4,0.146,全国,23,18,0.333,,,29,0.0,0.103,,36,0.306,24,0.125,●,
5293,眞崎武蔵,80,0.1,0,,0.1,全国,12,11,0.273,,,38,0.026,0.053,,30,0.2,27,0.037,●,●
5294,豊田祥生,98,0.051,4,0.0,0.051,全国,25,16,0.25,,,31,0.032,0.0,,30,0.133,30,0.033,●,●
5295,田上凜,119,0.118,0,,0.118,全国,14,8,0.0,,,58,0.086,0.069,●,28,0.357,31,0.258,,
5296,永田楽,95,0.105,4,0.0,0.105,全国,16,12,0.25,,,32,0.0,0.031,,36,0.167,23,0.043,●,●
5297,南彩寧,100,0.05,0,,0.05,全国,23,16,0.25,,,20,0.0,0.05,,37,0.135,23,0.043,●,●
5298,水谷理人,124,0.25,4,0.0,0.25,全国,50,7,0.429,,,40,0.15,0.2,●,34,0.735,44,0.386,,
5299,西丸敦基,119,0.193,5,0.2,0.193,全国,35,11,0.727,,,36,0.083,0.278,,37,0.459,35,0.343,,
5300,横田海人,77,0.065,3,0.333,0.065,全国,17,16,0.062,,,22,0.0,0.136,,23,0.13,20,0.1,●,●
5301,岩下巧斗,94,0.138,3,0.0,0.138,全国,33,12,0.5,,,32,0.031,0.031,,32,0.375,35,0.086,●,
5302,秋末秦悟,76,0.132,3,0.0,0.132,全国,19,11,0.273,,,23,0.043,0.087,,27,0.185,25,0.16,●,●
5303,土井歩夢,110,0.291,8,0.375,0.291,全国,36,16,0.5,,,27,0.037,0.333,,37,0.405,33,0.455,,
5304,井田涼介,76,0.013,0,,0.013,全国,10,9,0.0,,,33,0.03,0.03,,25,0.0,22,0.091,●,●
5305,伊藤栞,70,0.057,8,0.125,0.057,全国,13,11,0.091,,,22,0.0,0.0,,27,0.111,16,0.0,●,●
5306,河内悠利杏,86,0.07,0,,0.07,全国,20,18,0.0,,,24,0.0,0.042,,30,0.1,27,0.074,●,●
5307,富永夏哉人,103,0.136,10,0.2,0.136,全国,25,13,0.385,,,26,0.0,0.115,,42,0.357,25,0.16,●,
5308,藤森拓海,108,0.148,4,0.0,0.148,全国,20,17,0.235,,,32,0.062,0.125,,39,0.308,28,0.143,●,
5309,森雄利,84,0.071,16,0.125,0.071,全国,14,9,0.333,,,25,0.0,0.04,,32,0.188,22,0.045,●,●
5310,土屋蘭,88,0.216,11,0.182,0.216,全国,20,13,0.154,,,35,0.086,0.171,,29,0.241,29,0.241,●,●
5311,小林京平,100,0.2,7,0.143,0.2,全国,30,13,0.308,,,25,0.12,0.08,,37,0.514,26,0.231,●,
5312,川辺郭人,95,0.105,15,0.067,0.105,全国,20,13,0.154,,,29,0.0,0.103,,30,0.133,31,0.161,●,●
5313,鈴木唯央,102,0.167,3,0.667,0.167,全国,19,15,0.333,,,32,0.094,0.125,,37,0.297,32,0.219,●,
5314,中曽瑠華,91,0.077,1,0.0,0.077,全国,22,17,0.176,,,31,0.0,0.065,,29,0.138,29,0.034,●,●
5315,浅井翼,91,0.033,2,0.0,0.033,全国,18,15,0.267,,,41,0.024,0.0,●,31,0.129,34,0.059,●,●
5316,村松将平,112,0.232,4,0.25,0.232,全国,24,11,0.455,,,38,0.053,0.237,,35,0.4,35,0.314,,
5317,長尾萌加,116,0.224,4,0.0,0.224,全国,28,18,0.278,,,29,0.069,0.138,,38,0.368,30,0.233,●,
5318,河内一馬,102,0.098,4,0.25,0.098,全国,21,16,0.375,,,36,0.056,0.028,,35,0.286,30,0.133,●,
5319,近藤颯斗,66,0.167,8,0.25,0.167,全国,19,11,0.182,,,26,0.038,0.154,,21,0.429,26,0.192,●,
5320,岩崎麗子,88,0.068,0,,0.068,全国,21,17,0.118,,,27,0.074,0.111,,27,0.148,29,0.138,●,●
5321,一色颯輝,81,0.21,0,,0.21,全国,19,12,0.167,,,30,0.167,0.267,,26,0.5,26,0.5,,
5322,根岸真優,92,0.054,0,,0.054,全国,22,16,0.062,,,27,0.037,0.0,,36,0.167,28,0.107,●,●
5323,香川陽太,89,0.146,4,0.0,0.146,全国,20,10,0.4,,,38,0.026,0.105,,27,0.333,29,0.138,●,
5324,畑田希咲,78,0.026,0,,0.026,全国,18,14,0.0,,,25,0.0,0.0,,25,0.0,22,0.0,●,●
5325,澁川夏,121,0.19,2,0.0,0.19,全国,31,15,0.4,,,41,0.049,0.195,●,35,0.371,43,0.279,,
5326,三嶌さらら,126,0.167,13,0.0,0.167,全国,33,22,0.091,,,39,0.051,0.128,,49,0.286,36,0.25,,
5327,西田和加,84,0.012,5,0.0,0.012,全国,15,15,0.0,,,29,0.0,0.0,,30,0.0,26,0.0,●,●
5328,井上慧人,88,0.216,0,,0.216,全国,19,13,0.231,,,25,0.0,0.2,,33,0.394,23,0.13,●,
5329,金子龍斗,104,0.163,0,,0.163,全国,21,12,0.583,,,33,0.061,0.091,,37,0.432,33,0.273,,
5330,安河内鈴之介,113,0.221,0,,0.221,全国,44,11,0.455,,,33,0.121,0.242,,37,0.649,35,0.429,,
5331,佐藤永梧,89,0.169,2,0.0,0.169,全国,25,12,0.417,,,31,0.097,0.129,,29,0.31,24,0.208,●,
5332,村松遥輝,110,0.064,3,0.0,0.064,全国,28,19,0.316,,,37,0.0,0.054,,35,0.229,39,0.103,●,●
5333,山下智己,62,0.113,2,0.0,0.113,全国,11,5,0.8,,,15,0.0,0.267,,26,0.231,13,0.308,,●
5334,樫葉新心,102,0.088,0,,0.088,全国,21,18,0.111,,,32,0.0,0.062,,35,0.2,32,0.062,●,●
5335,森陽多,94,0.053,21,0.095,0.053,全国,16,12,0.167,,,44,0.045,0.023,●,29,0.172,38,0.079,●,●
5336,瀬川大地,85,0.035,9,0.0,0.035,全国,16,12,0.333,,,33,0.0,0.0,,31,0.097,24,0.0,●,●
5337,出畑孝成,196,0.168,18,0.056,0.168,全国,,,,,,77,0.117,0.104,●,65,0.308,67,0.313,,
5338,香月大輝,134,0.149,4,0.0,0.149,全国,14,7,0.143,,,46,0.043,0.152,●,46,0.261,38,0.158,●,
5339,石井伸長,91,0.143,4,0.0,0.143,全国,21,15,0.067,,,28,0.036,0.071,,31,0.387,28,0.25,,
5340,樋江井舞,140,0.164,0,,0.164,全国,11,10,0.2,,,51,0.039,0.118,●,47,0.277,45,0.178,●,
5341,山道諄也,120,0.058,0,,0.058,全国,8,5,0.2,,,61,0.033,0.049,●,36,0.222,48,0.083,●,●
5342,原村百那,136,0.037,14,0.0,0.037,全国,6,5,0.2,,,51,0.02,0.02,●,43,0.07,46,0.043,●,●
5343,小林礼央,154,0.188,13,0.0,0.188,全国,7,5,0.2,,,51,0.118,0.118,●,47,0.447,48,0.271,,
5344,谷口丞,110,0.264,0,,0.264,全国,17,8,0.375,,,42,0.048,0.262,●,40,0.325,35,0.286,,
5345,牧村俊輝,130,0.069,13,0.077,0.069,全国,15,11,0.182,,,54,0.019,0.037,●,40,0.15,41,0.098,●,●
5346,中村紋夕梨,132,0.091,11,0.0,0.091,全国,10,9,0.111,,,46,0.0,0.022,●,45,0.133,46,0.043,●,●
5347,井澤聖奈,144,0.035,7,0.0,0.035,全国,2,2,0.5,,,64,0.0,0.016,●,45,0.044,56,0.018,●,●
5348,小林甘寧,155,0.155,9,0.0,0.155,全国,4,3,0.0,,,65,0.169,0.077,●,43,0.512,61,0.279,,
5349,宮崎奏磨,126,0.008,0,,0.008,全国,6,6,0.0,,,51,0.0,0.0,●,40,0.05,42,0.0,●,●
5350,網代良芽,109,0.211,8,0.375,0.211,全国,27,20,0.35,,,37,0.108,0.27,,36,0.333,31,0.419,,
5351,齊藤廉,116,0.19,8,0.375,0.19,全国,23,11,0.273,,,39,0.051,0.154,,42,0.429,36,0.306,,
5352,西岡蒼志,105,0.143,5,0.0,0.143,全国,26,14,0.286,,,36,0.056,0.167,,33,0.364,31,0.29,,
5353,草川壮良,109,0.055,0,,0.055,全国,7,5,0.2,,,52,0.038,0.058,●,34,0.088,41,0.122,●,●
5354,渡邊雄斗,157,0.096,3,0.0,0.096,全国,10,6,0.333,,,72,0.069,0.056,●,46,0.239,58,0.103,●,●
5355,萩原丈太朗,109,0.037,4,0.0,0.037,全国,11,11,0.182,,,51,0.0,0.039,●,32,0.031,38,0.026,●,●
5356,長谷川暖,83,0.145,4,0.5,0.145,全国,23,11,0.455,,,32,0.125,0.156,,25,0.4,34,0.324,,
5357,田中瀬里奈,107,0.019,0,,0.019,全国,15,15,0.067,,,62,0.0,0.0,●,32,0.0,41,0.0,●,●
5358,増本杏珠,88,0.114,13,0.0,0.114,全国,11,10,0.3,,,37,0.0,0.054,,22,0.182,34,0.059,●,●
5359,佐藤世那,84,0.167,0,,0.167,全国,22,13,0.231,,,27,0.111,0.185,,28,0.321,25,0.32,,
5360,高木茉白,107,0.075,5,0.2,0.075,全国,12,7,0.143,,,50,0.04,0.08,●,30,0.1,44,0.136,●,●
5361,植竹玲奈,116,0.095,11,0.273,0.095,全国,9,9,0.111,,,44,0.023,0.091,●,39,0.128,37,0.081,●,●
5362,中嶋世奈,104,0.058,9,0.222,0.058,全国,9,6,0.167,,,43,0.0,0.023,●,32,0.125,43,0.0,●,●
5363,山本凱立,76,0.013,0,,0.013,全国,,,,,,72,0.0,0.014,●,22,0.045,50,0.02,●,●
5364,金子怜央,182,0.049,0,,0.049,全国,2,2,0.0,,,92,0.022,0.011,●,55,0.127,79,0.038,●,●
5365,石村日奈那,130,0.046,0,,0.046,全国,6,4,0.5,,,52,0.019,0.058,●,44,0.091,52,0.096,●,●
5366,塩嶋泰空,117,0.009,0,,0.009,全国,6,5,0.0,,,75,0.0,0.0,●,34,0.0,58,0.0,●,●
5367,赤松咲香,106,0.019,5,0.0,0.019,全国,,,,,,50,0.02,0.0,●,32,0.062,42,0.024,●,●
5368,宮崎心之介,112,0.161,0,,0.161,全国,21,6,0.333,,,46,0.087,0.174,●,38,0.368,40,0.325,,
5369,岡崎凪汰,97,0.062,17,0.294,0.062,全国,19,15,0.333,,,43,0.0,0.047,●,29,0.138,34,0.059,●,●
5370,日隈茜,122,0.0,0,,0.0,全国,,,,,,62,0.0,0.0,●,38,0.0,50,0.0,●,●
5371,早川颯太,153,0.013,0,,0.013,全国,,,,,,63,0.016,0.016,●,52,0.019,53,0.038,●,●
5372,上岡巧汰,138,0.043,15,0.0,0.043,全国,,,,,,106,0.0,0.038,●,45,0.022,74,0.081,●,●
5373,諏訪玲奈,98,0.133,7,0.0,0.133,全国,2,2,0.0,,,36,0.0,0.056,,35,0.229,28,0.071,●,●
5374,木山大聖,162,0.117,25,0.08,0.08,当地,,,,,,62,0.016,0.129,●,52,0.269,53,0.132,●,
5375,庄島潤成,191,0.089,16,0.062,0.089,全国,,,,,,96,0.042,0.094,●,59,0.085,68,0.118,●,●
5376,吉田一心,115,0.157,4,0.0,0.157,全国,26,10,0.4,,,42,0.167,0.071,●,39,0.333,36,0.306,,
5377,鳥居塚嶺王,144,0.16,10,0.1,0.16,全国,7,2,0.5,,,52,0.058,0.135,●,48,0.312,50,0.26,,
5378,鈴木結平太,148,0.027,0,,0.027,全国,4,3,0.0,,,81,0.012,0.012,●,48,0.021,64,0.031,●,●
5379,廣部大明,98,0.122,0,,0.122,全国,14,11,0.091,,,56,0.018,0.089,●,29,0.069,40,0.125,●,●
5380,野田亜湖,160,0.0,15,0.0,0.0,全国,,,,,,83,0.0,0.0,●,47,0.0,66,0.0,●,●
5381,有山望,124,0.073,3,0.0,0.073,全国,9,5,0.0,,,46,0.0,0.065,●,45,0.156,40,0.1,●,●
5382,山下心一,147,0.054,7,0.0,0.054,全国,,,,,,67,0.03,0.03,●,47,0.043,59,0.068,●,●
5383,中村楓,176,0.057,0,,0.057,全国,,,,,,86,0.0,0.035,●,58,0.172,63,0.016,●,●
5384,八戸琉楓,150,0.033,33,0.03,0.03,当地,1,1,0.0,,,83,0.0,0.024,●,45,0.111,61,0.033,●,●
5385,鈴木柊介,141,0.092,6,0.167,0.092,全国,3,2,0.0,,,72,0.028,0.056,●,39,0.205,55,0.018,●,●
5386,米玉利大悟,115,0.061,0,,0.061,全国,22,18,0.111,,,50,0.0,0.1,●,35,0.057,42,0.095,●,●
5387,戸田海咲音,117,0.017,8,0.125,0.017,全国,,,,,,70,0.0,0.029,●,42,0.024,48,0.042,●,●
5388,佐野優都,164,0.171,9,0.0,0.171,全国,,,,,,97,0.072,0.144,●,49,0.388,68,0.221,●,
5389,恵良琴美,181,0.11,9,0.222,0.11,全国,,,,,,87,0.034,0.08,●,61,0.131,74,0.135,●,●
5390,高橋涼夏,137,0.051,0,,0.051,全国,,,,,,86,0.012,0.047,●,38,0.105,71,0.07,●,●
5391,出穂和鼓,137,0.007,0,,0.007,全国,,,,,,70,0.014,0.0,●,44,0.0,51,0.02,●,●
5392,安武一也,164,0.012,14,0.0,0.012,全国,,,,,,101,0.01,0.01,●,48,0.021,77,0.026,●,●
5393,藤原駿,157,0.013,0,,0.013,全国,,,,,,124,0.0,0.008,●,47,0.021,87,0.011,●,●
5394,福西広太郎,185,0.146,10,0.2,0.146,全国,2,1,1.0,,,100,0.03,0.15,●,58,0.276,81,0.173,●,
5395,日高龍之介,138,0.058,35,0.086,0.086,当地,4,3,0.0,,,72,0.042,0.042,●,49,0.143,58,0.103,●,●
5396,近藤来希,142,0.035,0,,0.035,全国,,,,,,87,0.0,0.023,●,44,0.091,63,0.016,●,●
5397,寺田夢生,155,0.019,8,0.0,0.019,全国,,,,,,115,0.0,0.017,●,52,0.019,96,0.01,●,●
5398,鐘ヶ江真司,151,0.126,8,0.125,0.126,全国,12,7,0.429,,,64,0.016,0.109,●,49,0.245,55,0.182,●,●
5399,長野未来,130,0.054,0,,0.054,全国,,,,,,105,0.0,0.057,●,32,0.031,76,0.039,●,●
5400,高村諒,144,0.042,0,,0.042,全国,6,5,0.0,,,91,0.011,0.055,●,49,0.122,58,0.034,●,●
5401,谷海夏人,78,0.077,10,0.0,0.077,全国,,,,,,74,0.041,0.081,●,27,0.185,50,0.1,●,●
5402,塚越陸斗,122,0.008,0,,0.008,全国,,,,,,110,0.009,0.009,●,30,0.0,81,0.025,●,●
5403,藤山湧太,146,0.055,13,0.0,0.055,全国,,,,,,100,0.03,0.03,●,51,0.118,75,0.08,●,●
5404,内田壮,157,0.083,6,0.0,0.083,全国,,,,,,113,0.027,0.088,●,48,0.104,84,0.119,●,●
5405,竹内来,156,0.071,6,0.0,0.071,全国,,,,,,77,0.0,0.052,●,51,0.157,64,0.031,●,●
5406,小畑楓夏,167,0.018,11,0.0,0.018,全国,,,,,,137,0.0,0.022,●,52,0.019,104,0.019,●,●
5407,中岡駿,142,0.085,9,0.0,0.085,全国,4,3,0.333,,,83,0.024,0.048,●,47,0.149,69,0.072,●,●
5408,中山鷹輔,46,0.087,0,,0.087,全国,,,,,,33,0.0,0.121,,15,0.133,25,0.08,●,●
5409,宮本琉正,141,0.043,21,0.048,0.043,全国,,,,,,106,0.019,0.038,●,40,0.075,77,0.078,●,●
5410,今泉澪,121,0.025,0,,0.025,全国,,,,,,114,0.018,0.026,●,39,0.051,75,0.053,●,●
5411,木下虎之輔,155,0.052,0,,0.052,全国,,,,,,120,0.017,0.017,●,48,0.083,89,0.045,●,●
5412,久保田凪紗,151,0.02,0,,0.02,全国,,,,,,92,0.0,0.022,●,48,0.042,78,0.026,●,●
5413,宮城那菜,147,0.054,6,0.167,0.054,全国,,,,,,109,0.009,0.028,●,53,0.17,93,0.022,●,●
5414,中澤英里,17,0.059,0,,0.059,全国,,,,,,17,0.0,0.059,,4,0.0,13,0.077,,
5415,阿部未侑,109,0.018,0,,0.018,全国,,,,,,88,0.0,0.023,●,35,0.029,66,0.015,●,●
5416,龍田真白,149,0.074,0,,0.074,全国,,,,,,89,0.079,0.067,●,50,0.26,75,0.12,●,
5417,小柳勝希,139,0.144,9,0.111,0.144,全国,,,,,,79,0.038,0.101,●,39,0.179,70,0.143,●,●
5418,堀内亜海,145,0.0,0,,0.0,全国,,,,,,122,0.0,0.0,●,54,0.0,82,0.0,●,●
5419,櫻井隼,147,0.075,0,,0.075,全国,,,,,,113,0.009,0.08,●,41,0.122,77,0.091,●,●
5420,吉原快誓,142,0.042,17,0.118,0.042,全国,,,,,,101,0.01,0.02,●,46,0.043,73,0.041,●,●
5421,原田朱理,108,0.009,0,,0.009,全国,,,,,,82,0.012,0.0,●,32,0.031,58,0.017,●,●
5422,真田聖也,96,0.0,0,,0.0,全国,,,,,,84,0.0,0.0,●,28,0.0,61,0.0,●,●
5423,高橋嗣穏,102,0.0,7,0.0,0.0,全国,,,,,,101,0.0,0.0,●,30,0.0,69,0.0,●,●
5424,熊倉幹太,107,0.0,0,,0.0,全国,,,,,,84,0.0,0.0,●,26,0.038,67,0.015,●,●
5425,西山育,119,0.008,0,,0.008,全国,,,,,,101,0.0,0.0,●,32,0.031,71,0.0,●,●
5426,甲斐貴大,135,0.059,14,0.0,0.059,全国,,,,,,114,0.018,0.044,●,37,0.135,84,0.048,●,●
5427,港理樹,169,0.118,0,,0.118,全国,,,,,,131,0.031,0.107,●,51,0.157,93,0.151,●,●
5428,古園井綾南,111,0.0,9,0.0,0.0,全国,,,,,,107,0.0,0.0,●,32,0.0,75,0.0,●,●
5429,吉川颯汰,114,0.009,7,0.0,0.009,全国,,,,,,110,0.0,0.0,●,38,0.026,73,0.0,●,●
5430,鳥本智史,109,0.018,0,,0.018,全国,,,,,,109,0.018,0.018,●,30,0.067,76,0.026,●,●
5431,得山大輝,109,0.018,10,0.0,0.018,全国,,,,,,102,0.01,0.01,●,35,0.057,70,0.014,●,●
5432,安藤瑠希,152,0.086,0,,0.086,全国,,,,,,110,0.036,0.045,●,49,0.163,75,0.12,●,●
5433,米本圭佑,130,0.031,0,,0.031,全国,,,,,,92,0.011,0.022,●,43,0.116,74,0.027,●,●
5434,藤田康生,157,0.127,0,,0.127,全国,,,,,,111,0.063,0.126,●,47,0.17,83,0.241,●,●
5435,中西月輝,111,0.018,7,0.0,0.018,全国,,,,,,108,0.0,0.019,●,33,0.0,76,0.026,●,●
5436,市川瑚幸,137,0.015,0,,0.015,全国,,,,,,112,0.0,0.009,●,39,0.0,84,0.012,●,●
5437,中澤里桜,90,0.022,0,,0.022,全国,,,,,,89,0.022,0.022,●,21,0.048,67,0.045,●,●
5438,星田夢結,126,0.016,16,0.062,0.016,全国,,,,,,112,0.009,0.018,●,41,0.049,81,0.012,●,●
5439,志賀美優,135,0.03,0,,0.03,全国,,,,,,116,0.0,0.026,●,33,0.0,85,0.047,●,●
5440,薗頭心,120,0.0,0,,0.0,全国,,,,,,117,0.034,0.0,●,20,0.0,92,0.033,●,●
5441,鈴木雄登,146,0.137,0,,0.137,全国,,,,,,119,0.101,0.126,●,42,0.286,78,0.282,,
5442,池田美優,120,0.025,8,0.0,0.025,全国,,,,,,120,0.008,0.025,●,38,0.0,79,0.051,●,●
5443,西村仁吾,117,0.009,23,0.0,0.009,全国,,,,,,117,0.017,0.009,●,35,0.029,79,0.025,●,●
5444,林風音,121,0.008,0,,0.008,全国,,,,,,118,0.008,0.008,●,33,0.0,84,0.024,●,●
5445,一ノ木匠,48,0.021,0,,0.021,全国,,,,,,48,0.0,0.021,●,12,0.0,33,0.03,●,
5446,長嶺真李愛,43,0.0,0,,0.0,全国,,,,,,39,0.0,0.0,,14,0.0,29,0.0,●,
5447,岡本亜子,53,0.0,0,,0.0,全国,,,,,,53,0.0,0.0,●,14,0.0,34,0.0,●,
5448,福田柊人,56,0.0,0,,0.0,全国,,,,,,55,0.0,0.0,●,15,0.0,39,0.0,●,●
5449,堀井涼平,45,0.0,0,,0.0,全国,,,,,,45,0.022,0.0,●,10,0.0,35,0.057,●,
5450,藤本遼磨,55,0.036,0,,0.036,全国,,,,,,55,0.0,0.036,●,15,0.133,38,0.026,●,●
5451,知念伶奈,38,0.0,0,,0.0,全国,,,,,,37,0.027,0.0,,11,0.0,27,0.037,●,
5452,上馬場風依,51,0.0,0,,0.0,全国,,,,,,51,0.0,0.0,●,17,0.0,34,0.0,●,●
5453,久保翔耶,60,0.033,0,,0.033,全国,,,,,,60,0.033,0.033,●,23,0.043,36,0.111,●,●
5454,谷島咲希,59,0.0,0,,0.0,全国,,,,,,59,0.017,0.0,●,15,0.0,43,0.023,●,●
5455,澁澤周羽,65,0.031,0,,0.031,全国,,,,,,65,0.0,0.031,●,21,0.0,42,0.048,●,●
5456,今村天次朗,64,0.047,0,,0.047,全国,,,,,,63,0.032,0.048,●,15,0.067,45,0.067,●,●
5457,山田陽翔,62,0.0,26,0.0,0.0,当地,,,,,,58,0.0,0.0,●,20,0.0,40,0.0,●,●
5458,田中大輝,59,0.017,0,,0.017,全国,,,,,,59,0.0,0.017,●,17,0.059,41,0.024,●,●
5459,田中きら,45,0.0,0,,0.0,全国,,,,,,43,0.0,0.0,●,15,0.0,30,0.0,●,●
5460,早川理稀,77,0.039,0,,0.039,全国,,,,,,76,0.013,0.039,●,20,0.05,54,0.074,●,●
5461,板頭里緒,48,0.0,0,,0.0,全国,,,,,,48,0.0,0.0,●,9,0.0,36,0.0,●,
5462,山浦槙,49,0.02,0,,0.02,全国,,,,,,48,0.0,0.021,●,17,0.0,32,0.031,●,●
5463,出口飛龍,54,0.0,0,,0.0,全国,,,,,,54,0.0,0.0,●,12,0.0,40,0.0,●,
5464,宮田栞,47,0.0,0,,0.0,全国,,,,,,44,0.0,0.0,●,13,0.0,33,0.0,●,
5465,直江健成,41,0.0,0,,0.0,全国,,,,,,41,0.0,0.0,●,8,0.0,33,0.0,●,
5466,成田華音,48,0.042,0,,0.042,全国,,,,,,48,0.021,0.042,●,13,0.077,32,0.062,●,
5467,野村羽玖,57,0.123,0,,0.123,全国,,,,,,57,0.035,0.123,●,16,0.25,36,0.194,●,
5468,山口隼人,58,0.0,0,,0.0,全国,,,,,,58,0.0,0.0,●,18,0.0,40,0.0,●,●
5469,今泉博人,58,0.017,0,,0.017,全国,,,,,,58,0.0,0.017,●,21,0.048,36,0.0,●,●
5470,坂口諒宗,47,0.0,0,,0.0,全国,,,,,,47,0.0,0.0,●,8,0.0,38,0.0,●,
5471,田中結,70,0.0,0,,0.0,全国,,,,,,69,0.0,0.0,●,15,0.0,51,0.0,●,●
5472,中川海虹,49,0.0,0,,0.0,全国,,,,,,48,0.0,0.0,●,9,0.0,34,0.0,●,
