date,jcd,race,combo,payout,rank_calc,k_ninki,final_odds
2025-09-19,02,1,1-2-3,1080,1,1,10.8
2025-09-19,02,2,4-5-3,3320,13,13,33.2
2025-09-19,02,3,4-6-3,5520,32,31,55.2
2025-09-19,02,4,5-2-1,7730,33,33,77.3
2025-09-19,02,5,1-4-5,8710,27,27,87.1
2025-09-19,02,6,2-1-4,4280,19,19,42.8
2025-09-19,02,7,1-6-4,2090,10,10,20.9
2025-09-19,02,8,5-2-3,2210,8,8,22.1
2025-09-19,02,9,2-5-6,5530,22,22,55.3
2025-09-19,02,10,2-1-6,3120,11,11,31.2
2025-09-19,02,11,2-1-5,9940,35,35,99.4
2025-09-19,02,12,6-4-5,30130,66,66,301.3
2025-09-19,09,1,1-2-3,710,1,1,7.1
2025-09-19,09,2,1-2-6,29300,57,57,293.0
2025-09-19,09,3,2-3-6,11050,46,46,110.5
2025-09-19,09,4,2-4-6,1100,2,2,11.0
2025-09-19,09,5,2-6-1,25440,35,35,254.4
2025-09-19,09,6,6-1-2,31940,82,82,319.4
2025-09-19,09,7,1-2-5,2860,10,10,28.6
2025-09-19,09,8,1-2-6,3430,14,14,34.3
2025-09-19,09,9,1-5-4,3480,12,12,34.8
2025-09-19,09,10,1-2-5,1880,7,7,18.8
2025-09-19,09,11,1-2-5,3010,10,10,30.1
2025-09-19,09,12,1-3-2,700,2,2,7.0
2025-09-20,02,1,1-5-2,2980,7,7,29.8
2025-09-20,02,2,3-2-4,1510,4,4,15.1
2025-09-20,02,3,2-6-5,1980,5,5,19.8
2025-09-20,02,4,1-4-2,2720,6,6,27.2
2025-09-20,02,5,6-4-1,9910,31,31,99.1
2025-09-20,02,6,3-5-6,890,1,1,8.9
2025-09-20,02,7,4-3-1,21730,33,33,217.3
2025-09-20,02,8,3-6-2,2740,9,9,27.4
2025-09-20,02,9,1-3-5,940,3,3,9.4
2025-09-20,02,10,4-2-6,2740,13,13,27.4
2025-09-20,02,11,5-1-3,11060,33,33,110.6
2025-09-20,02,12,1-5-4,4750,19,19,47.5
2025-09-20,09,1,1-3-2,460,1,1,4.6
2025-09-20,09,2,1-3-6,1570,4,4,15.7
2025-09-20,09,3,3-1-4,1800,7,7,18.0
2025-09-20,09,4,1-3-2,1280,3,3,12.8
2025-09-20,09,5,1-2-3,340,1,1,3.4
2025-09-20,09,6,5-6-1,48100,74,74,481.0
2025-09-20,09,7,1-2-5,1820,8,8,18.2
2025-09-20,09,8,1-4-6,1160,5,4,11.6
2025-09-20,09,9,1-2-4,710,1,1,7.1
2025-09-20,09,10,3-1-6,17920,42,42,179.2
2025-09-20,09,11,1-2-3,420,1,1,4.2
2025-09-20,09,12,1-2-3,470,1,1,4.7
2025-09-21,02,1,3-1-2,5960,26,26,59.6
2025-09-21,02,2,2-3-6,2310,5,5,23.1
2025-09-21,02,3,3-5-2,6070,25,25,60.7
2025-09-21,02,4,3-4-5,12410,47,47,124.1
2025-09-21,02,5,2-6-1,25670,70,70,256.7
2025-09-21,02,6,3-2-5,1160,2,2,11.6
2025-09-21,02,7,1-2-4,1450,5,5,14.5
2025-09-21,02,8,4-1-2,4950,20,20,49.5
2025-09-21,02,9,5-4-3,30390,68,68,303.9
2025-09-21,02,10,2-4-5,5950,24,24,59.5
2025-09-21,02,11,1-6-2,9880,32,32,98.8
2025-09-21,02,12,1-2-3,820,1,1,8.2
2025-09-21,03,1,1-2-3,1980,1,1,19.8
2025-09-21,03,2,5-3-2,2780,33,10,81.6
2025-09-21,03,3,2-1-6,11830,68,68,118.3
2025-09-21,03,4,3-1-6,15350,59,59,153.5
2025-09-21,03,5,1-2-4,7110,24,24,71.1
2025-09-21,03,6,3-4-5,6870,27,27,68.7
2025-09-21,03,7,4-1-2,2560,10,10,25.6
2025-09-21,03,8,4-3-1,9980,42,42,99.8
2025-09-21,03,9,3-1-2,2690,11,11,26.9
2025-09-21,03,10,1-3-4,3360,12,12,33.6
2025-09-21,03,11,3-5-2,28840,88,88,288.4
2025-09-21,03,12,1-4-6,1810,2,2,18.1
2025-09-21,09,1,1-4-5,1300,6,6,13.0
2025-09-21,09,2,1-3-4,940,1,1,9.4
2025-09-21,09,3,1-5-6,11090,31,31,110.9
2025-09-21,09,4,1-3-4,2050,8,8,20.5
2025-09-21,09,5,1-4-3,2710,9,9,27.1
2025-09-21,09,6,4-3-6,11550,26,26,115.5
2025-09-21,09,7,4-5-1,6890,24,24,68.9
2025-09-21,09,8,1-6-2,950,2,2,9.5
2025-09-21,09,9,1-5-4,6280,21,21,62.8
2025-09-21,09,10,1-3-2,520,2,2,5.2
2025-09-21,09,11,3-1-2,24030,48,48,240.3
2025-09-21,09,12,1-4-6,2450,11,11,24.5
2025-09-21,22,1,1-5-3,2850,12,12,28.5
2025-09-21,22,2,5-1-2,2440,4,4,24.4
2025-09-21,22,3,1-3-2,690,1,1,6.9
2025-09-21,22,4,2-1-6,4120,15,15,41.2
2025-09-21,22,5,2-4-5,2940,11,11,29.4
2025-09-21,22,6,3-1-2,6790,27,27,67.9
2025-09-21,22,7,4-1-2,25730,75,75,257.3
2025-09-21,22,8,1-2-3,910,3,3,9.1
2025-09-21,22,9,1-3-2,1030,2,2,10.3
2025-09-21,22,10,3-2-1,4910,17,17,49.1
2025-09-21,22,11,1-3-4,1020,3,3,10.2
2025-09-21,22,12,2-1-5,5000,17,17,50.0
2025-09-22,03,1,1-2-3,1290,2,2,12.9
2025-09-22,03,2,4-1-3,4230,21,21,42.3
2025-09-22,03,3,1-6-5,6560,27,27,65.6
2025-09-22,03,4,2-1-3,5930,30,30,59.3
2025-09-22,03,5,4-2-5,4400,21,21,44.0
2025-09-22,03,6,3-5-1,2870,11,11,28.7
2025-09-22,03,7,4-6-2,13720,41,41,137.2
2025-09-22,03,8,4-5-2,13170,41,41,131.7
2025-09-22,03,9,2-1-4,1350,5,5,13.5
2025-09-22,03,10,1-2-5,1150,2,2,11.5
2025-09-22,03,11,1-3-5,950,3,3,9.5
2025-09-22,03,12,1-5-2,1900,5,5,19.0
2025-09-22,04,1,4-3-5,3390,13,13,33.9
2025-09-22,04,2,4-5-2,1560,2,2,15.6
2025-09-22,04,3,2-3-6,1620,2,2,16.2
2025-09-22,04,4,2-3-5,1970,7,7,19.7
2025-09-22,04,5,1-3-4,1460,3,3,14.6
2025-09-22,04,6,4-1-5,101920,88,88,1019.0
2025-09-22,04,7,1-3-5,5120,25,25,51.2
2025-09-22,04,8,4-1-5,1330,3,3,13.3
2025-09-22,04,9,1-4-3,4240,18,18,42.4
2025-09-22,04,10,4-2-1,4170,15,15,41.7
2025-09-22,04,11,6-1-3,9940,47,46,99.4
2025-09-22,04,12,4-5-6,4360,18,18,43.6
2025-09-22,14,1,1-2-4,630,1,1,6.3
2025-09-22,14,2,1-2-4,3800,12,12,38.0
2025-09-22,14,3,1-4-2,610,1,1,6.1
2025-09-22,14,4,1-4-5,2470,9,9,24.7
2025-09-22,14,5,1-2-4,620,1,1,6.2
2025-09-22,14,6,1-3-2,4480,18,18,44.8
2025-09-22,14,7,3-1-2,3990,15,15,39.9
2025-09-22,14,8,5-6-2,3510,19,19,35.1
2025-09-22,14,9,6-3-4,4320,10,10,43.2
2025-09-22,14,10,3-6-2,20590,95,95,205.9
2025-09-22,14,11,2-5-3,2160,7,7,21.6
2025-09-22,14,12,1-5-2,2910,11,11,29.1
2025-09-22,22,1,1-2-4,980,4,4,9.8
2025-09-22,22,2,3-1-6,10200,33,33,102.0
2025-09-22,22,3,3-5-2,13500,42,42,135.0
2025-09-22,22,4,2-4-5,2280,6,6,22.8
2025-09-22,22,5,1-2-5,2200,6,6,22.0
2025-09-22,22,6,3-2-4,5620,23,23,56.2
2025-09-22,22,7,1-2-3,890,1,1,8.9
2025-09-22,22,8,1-4-6,1800,3,3,18.0
2025-09-22,22,9,3-4-5,14430,55,55,144.3
2025-09-22,22,10,3-4-1,5760,21,21,57.6
2025-09-22,22,11,3-1-6,5120,18,18,51.2
2025-09-22,22,12,1-5-6,5030,20,20,50.3
2025-09-23,03,1,2-4-3,7620,25,25,76.2
2025-09-23,03,2,2-3-5,1780,6,6,17.8
2025-09-23,03,3,1-6-2,19580,59,59,195.8
2025-09-23,03,4,1-3-2,1040,2,2,10.4
2025-09-23,03,5,5-2-1,5370,23,23,53.7
2025-09-23,03,6,5-1-2,4690,19,19,46.9
2025-09-23,03,7,1-3-2,1720,4,4,17.2
2025-09-23,03,8,2-1-5,1670,3,3,16.7
2025-09-23,03,9,1-4-5,770,1,1,7.7
2025-09-23,03,10,1-3-4,1470,6,6,14.7
2025-09-23,03,11,3-4-5,3280,10,10,32.8
2025-09-23,03,12,1-6-2,3290,15,15,32.9
2025-09-23,04,1,6-3-1,18340,57,57,183.4
2025-09-23,04,2,1-3-4,1370,1,1,13.7
2025-09-23,04,3,6-3-4,55490,116,116,554.9
2025-09-23,04,4,1-3-4,2440,6,6,24.4
2025-09-23,04,5,1-2-6,3840,15,15,38.4
2025-09-23,04,6,1-2-3,440,1,1,4.4
2025-09-23,04,7,3-5-1,1370,3,3,13.7
2025-09-23,04,8,4-2-3,6150,24,24,61.5
2025-09-23,04,9,1-5-3,1600,6,6,16.0
2025-09-23,04,10,4-5-6,23850,72,72,238.5
2025-09-23,04,11,1-4-3,1170,3,3,11.7
2025-09-23,04,12,3-1-2,10460,33,33,104.6
2025-09-23,14,1,1-3-4,1870,7,7,18.7
2025-09-23,14,2,1-3-2,1900,7,7,19.0
2025-09-23,14,3,3-1-4,5200,17,17,52.0
2025-09-23,14,4,1-2-5,1840,7,7,18.4
2025-09-23,14,5,6-1-2,28010,75,75,280.1
2025-09-23,14,6,1-2-3,590,1,1,5.9
2025-09-23,14,7,1-5-3,510,2,2,5.1
2025-09-23,14,8,1-6-3,920,2,2,9.2
2025-09-23,14,9,2-4-3,2250,6,6,22.5
2025-09-23,14,10,1-6-4,2930,11,11,29.3
2025-09-23,14,11,1-3-2,1760,5,5,17.6
2025-09-23,14,12,1-4-6,2210,10,10,22.1
2025-09-23,22,1,1-3-2,620,2,2,6.2
2025-09-23,22,2,2-1-4,8200,30,30,82.0
2025-09-23,22,3,1-6-2,22070,48,48,220.7
2025-09-23,22,4,4-1-2,9540,41,41,95.4
2025-09-23,22,5,1-2-3,700,1,1,7.0
2025-09-23,22,6,3-1-4,7180,32,32,71.8
2025-09-23,22,7,4-6-2,82410,97,97,824.1
2025-09-23,22,8,3-6-4,18370,74,74,183.7
2025-09-23,22,9,6-4-1,92130,101,101,921.3
2025-09-23,22,10,5-3-1,27730,105,105,277.3
2025-09-23,22,11,3-4-2,20620,51,51,206.2
2025-09-23,22,12,3-1-2,3450,10,10,34.5
2025-09-24,03,1,1-4-3,1770,3,3,17.7
2025-09-24,03,2,1-3-2,1660,4,4,16.6
2025-09-24,03,3,5-3-1,7600,33,33,76.0
2025-09-24,03,4,5-1-2,9200,34,34,92.0
2025-09-24,03,5,2-4-6,1950,93,10,463.4
2025-09-24,03,6,2-1-4,1900,7,7,19.0
2025-09-24,03,7,4-1-3,27690,91,91,276.9
2025-09-24,03,8,1-4-5,2290,7,7,22.9
2025-09-24,03,9,1-3-2,2160,7,7,21.6
2025-09-24,03,10,2-1-3,1600,6,6,16.0
2025-09-24,03,11,1-2-3,1200,3,3,12.0
2025-09-24,03,12,5-3-1,18320,45,45,183.2
2025-09-24,04,1,4-5-2,5880,24,24,58.8
2025-09-24,04,2,1-5-2,2390,9,9,23.9
2025-09-24,04,3,3-1-4,4900,27,27,49.0
2025-09-24,04,4,5-6-1,14180,53,53,141.8
2025-09-24,04,5,1-5-2,2010,9,9,20.1
2025-09-24,04,6,1-6-3,6390,19,19,63.9
2025-09-24,04,7,4-1-3,5990,22,22,59.9
2025-09-24,04,8,4-3-5,2870,13,13,28.7
2025-09-24,04,9,1-4-5,1280,1,1,12.8
2025-09-24,04,10,1-4-2,1610,4,4,16.1
2025-09-24,04,11,1-6-2,3410,12,12,34.1
2025-09-24,04,12,1-4-2,1960,9,9,19.6
2025-09-24,14,1,3-2-4,8110,29,29,81.1
2025-09-24,14,2,1-4-5,1260,1,1,12.6
2025-09-24,14,3,2-3-6,61500,83,83,615.0
2025-09-24,14,4,5-3-4,24770,60,60,247.7
2025-09-24,14,5,1-5-2,2060,4,4,20.6
2025-09-24,14,6,5-2-6,6440,27,27,64.4
2025-09-24,14,7,5-3-1,16410,55,55,164.1
2025-09-24,14,8,3-4-1,1110,2,2,11.1
2025-09-24,14,9,1-4-6,1680,3,3,16.8
2025-09-24,14,10,3-5-4,18660,60,60,186.6
2025-09-24,14,11,1-3-6,3170,11,11,31.7
2025-09-24,14,12,3-1-5,3930,14,14,39.3
2025-09-24,22,1,1-3-4,830,2,2,8.3
2025-09-24,22,2,2-3-5,2430,7,7,24.3
2025-09-24,22,3,1-2-4,3080,14,14,30.8
2025-09-24,22,4,4-1-3,4500,17,17,45.0
2025-09-24,22,5,4-1-3,5200,17,17,52.0
2025-09-24,22,6,2-3-1,3180,11,11,31.8
2025-09-24,22,7,4-5-3,21880,62,62,218.8
2025-09-24,22,8,1-6-5,2070,7,7,20.7
2025-09-24,22,9,1-3-6,1400,3,3,14.0
2025-09-24,22,10,1-4-5,2440,9,9,24.4
2025-09-24,22,11,1-2-3,690,1,1,6.9
2025-09-24,22,12,1-2-5,920,2,2,9.2
2025-09-25,04,1,2-1-3,4240,20,20,42.4
2025-09-25,04,2,2-3-4,1230,1,1,12.3
2025-09-25,04,3,2-6-4,31700,79,79,317.0
2025-09-25,04,4,3-4-2,2420,8,8,24.2
2025-09-25,04,5,1-3-5,1610,7,7,16.1
2025-09-25,04,6,1-2-6,760,1,1,7.6
2025-09-25,04,7,4-1-5,26410,55,55,264.1
2025-09-25,04,8,2-5-6,129030,89,89,1290.0
2025-09-25,04,9,5-1-3,6790,20,20,67.9
2025-09-25,04,10,1-4-2,980,3,3,9.8
2025-09-25,04,11,1-4-6,4850,19,19,48.5
2025-09-25,04,12,1-2-6,1680,6,6,16.8
2025-09-25,14,1,1-2-6,1040,3,3,10.4
2025-09-25,14,2,4-6-2,4780,20,20,47.8
2025-09-25,14,3,4-3-2,32080,56,56,320.8
2025-09-25,14,4,1-5-2,3790,17,17,37.9
2025-09-25,14,5,4-6-2,5920,33,33,59.2
2025-09-25,14,6,4-3-1,6230,25,25,62.3
2025-09-25,14,7,5-1-3,7030,24,24,70.3
2025-09-25,14,8,1-2-5,2020,7,7,20.2
2025-09-25,14,9,1-3-6,7240,27,27,72.4
2025-09-25,14,10,4-6-3,62240,97,96,622.4
2025-09-25,14,11,1-3-4,1170,3,3,11.7
2025-09-25,14,12,1-3-5,1810,6,6,18.1
2025-09-25,22,1,2-1-4,2630,11,11,26.3
2025-09-25,22,2,6-5-3,17830,65,65,178.3
2025-09-25,22,3,3-1-4,1530,5,5,15.3
2025-09-25,22,4,1-3-5,3400,10,10,34.0
2025-09-25,22,5,2-3-1,9530,28,28,95.3
2025-09-25,22,6,1-2-4,2760,9,9,27.6
2025-09-25,22,7,1-4-2,770,2,2,7.7
2025-09-25,22,8,1-3-5,1430,6,6,14.3
2025-09-25,22,9,3-1-2,7050,19,19,70.5
2025-09-25,22,10,2-4-6,48300,53,53,483.0
2025-09-25,22,11,1-2-5,780,2,2,7.8
2025-09-25,22,12,1-4-2,1080,3,3,10.8
2025-09-26,02,1,1-3-4,1130,1,1,11.3
2025-09-26,02,2,1-6-3,3320,13,13,33.2
2025-09-26,02,3,4-5-6,2030,4,4,20.3
2025-09-26,02,4,3-4-2,6010,29,29,60.1
2025-09-26,02,5,2-3-4,44510,71,71,445.1
2025-09-26,02,6,2-3-4,7750,27,27,77.5
2025-09-26,02,7,4-6-2,7570,27,27,75.7
2025-09-26,02,8,6-4-2,1800,4,4,18.0
2025-09-26,02,9,1-4-5,7900,27,27,79.0
2025-09-26,02,10,1-4-5,9900,41,41,99.0
2025-09-26,02,11,4-2-5,10210,42,42,102.1
2025-09-26,02,12,1-3-2,630,1,1,6.3
2025-09-26,04,1,1-2-3,2750,9,9,27.5
2025-09-26,04,2,1-2-6,19670,63,63,196.7
2025-09-26,04,3,1-5-4,6360,32,32,63.6
2025-09-26,04,4,1-3-4,1690,1,1,16.9
2025-09-26,04,5,3-5-1,3640,15,15,36.4
2025-09-26,04,6,1-4-3,3030,12,11,30.3
2025-09-26,04,7,3-6-5,3560,12,12,35.6
2025-09-26,04,8,1-3-2,1070,3,3,10.7
2025-09-26,04,9,1-4-2,3260,12,12,32.6
2025-09-26,04,10,1-3-4,970,3,3,9.7
2025-09-26,04,11,1-2-3,510,1,1,5.1
2025-09-26,04,12,2-1-6,8240,32,32,82.4
2025-09-26,22,1,1-4-2,2620,9,9,26.2
2025-09-26,22,2,1-2-4,790,1,1,7.9
2025-09-26,22,3,1-3-4,1090,3,3,10.9
2025-09-26,22,4,1-4-2,1060,2,2,10.6
2025-09-26,22,5,1-3-4,1000,2,2,10.0
2025-09-26,22,6,1-3-2,2380,9,9,23.8
2025-09-26,22,7,1-4-5,2140,8,8,21.4
2025-09-26,22,8,4-2-3,47390,72,72,473.9
2025-09-26,22,9,6-1-5,44590,90,90,445.9
2025-09-26,22,10,1-2-3,820,3,3,8.2
2025-09-26,22,11,1-4-2,860,3,3,8.6
2025-09-26,22,12,1-2-5,2490,9,9,24.9
2025-09-27,02,1,1-2-3,820,2,2,8.2
2025-09-27,02,2,1-3-5,1400,3,3,14.0
2025-09-27,02,3,1-2-5,5700,17,17,57.0
2025-09-27,02,4,1-6-2,6420,23,22,64.2
2025-09-27,02,5,2-4-1,8860,32,32,88.6
2025-09-27,02,6,1-2-4,10850,46,46,108.5
2025-09-27,02,7,5-1-6,5200,19,19,52.0
2025-09-27,02,8,1-3-4,13030,48,48,130.3
2025-09-27,02,9,1-3-6,2530,11,11,25.3
2025-09-27,02,10,1-3-2,1860,6,6,18.6
2025-09-27,02,11,1-6-3,2110,5,5,21.1
2025-09-27,02,12,1-6-4,4100,18,18,41.0
2025-09-27,04,1,1-5-3,7370,30,30,73.7
2025-09-27,04,2,2-1-6,5290,21,21,52.9
2025-09-27,04,3,4-1-5,12100,47,47,121.0
2025-09-27,04,4,4-6-3,2850,11,11,28.5
2025-09-27,04,5,3-1-5,14360,42,42,143.6
2025-09-27,04,6,4-2-6,1830,3,3,18.3
2025-09-27,04,7,1-3-2,1530,8,8,15.3
2025-09-27,04,8,1-2-5,2030,10,10,20.3
2025-09-27,04,9,3-2-5,11660,46,46,116.6
2025-09-27,04,10,3-4-5,15720,41,41,157.2
2025-09-27,04,11,4-5-2,16830,72,72,168.3
2025-09-27,04,12,1-6-3,14530,48,48,145.3
2025-09-28,02,1,2-5-6,6680,28,28,66.8
2025-09-28,02,2,3-6-5,2950,52,11,134.5
2025-09-28,02,3,4-6-1,18100,60,60,181.0
2025-09-28,02,4,4-1-5,2900,9,9,29.0
2025-09-28,02,5,4-6-1,32650,50,50,326.5
2025-09-28,02,6,5-1-2,2190,5,5,21.9
2025-09-28,02,7,1-2-4,560,1,1,5.6
2025-09-28,02,8,3-4-1,3510,15,15,35.1
2025-09-28,02,9,4-6-5,21750,64,64,217.5
2025-09-28,02,10,2-5-6,1700,6,6,17.0
2025-09-28,02,11,1-5-2,8370,36,36,83.7
2025-09-28,02,12,1-3-2,1580,5,5,15.8
2025-09-28,03,1,2-3-1,6620,32,32,66.2
2025-09-28,03,2,2-1-4,1060,2,2,10.6
2025-09-28,03,3,1-6-2,3330,12,12,33.3
2025-09-28,03,4,4-3-6,5780,23,23,57.8
2025-09-28,03,5,2-4-3,2070,6,6,20.7
2025-09-28,03,6,3-2-4,3150,11,11,31.5
2025-09-28,03,7,3-6-1,62720,84,84,627.2
2025-09-28,03,8,1-2-5,1710,5,5,17.1
2025-09-28,03,9,4-3-1,21950,55,55,219.5
2025-09-28,03,10,4-3-5,26030,67,67,260.3
2025-09-28,03,11,5-1-2,1790,5,5,17.9
2025-09-28,03,12,1-2-4,1290,3,3,12.9
2025-09-29,02,1,3-1-5,4880,24,24,48.8
2025-09-29,02,2,1-3-2,1410,2,2,14.1
2025-09-29,02,3,2-3-5,7050,30,30,70.5
2025-09-29,02,4,3-5-2,900,2,2,9.0
2025-09-29,02,5,1-2-3,2420,10,10,24.2
2025-09-29,02,6,1-6-2,5190,16,16,51.9
2025-09-29,02,7,5-4-3,27700,74,74,277.0
2025-09-29,02,8,3-2-5,7280,27,27,72.8
2025-09-29,02,9,2-1-5,4840,14,14,48.4
2025-09-29,02,10,1-2-5,1560,4,4,15.6
2025-09-29,02,11,4-3-2,5080,20,20,50.8
2025-09-29,02,12,2-1-3,1900,6,6,19.0
2025-09-29,03,1,3-1-5,4860,24,24,48.6
2025-09-29,03,2,2-1-5,3300,44,18,89.1
2025-09-29,03,3,1-4-6,2370,7,7,23.7
2025-09-29,03,4,4-6-5,29460,76,76,294.6
2025-09-29,03,5,1-4-2,3390,13,13,33.9
2025-09-29,03,6,3-1-6,5050,16,16,50.5
2025-09-29,03,7,5-2-6,55510,90,90,555.1
2025-09-29,03,8,2-4-3,3810,15,15,38.1
2025-09-29,03,9,3-1-2,1620,4,4,16.2
2025-09-29,03,10,5-4-6,5120,22,22,51.2
2025-09-29,03,11,1-4-5,1480,4,4,14.8
2025-09-29,03,12,1-4-5,1850,7,7,18.5
2025-09-29,14,1,1-2-3,2550,13,13,25.5
2025-09-29,14,2,1-5-3,4050,16,16,40.5
2025-09-29,14,3,2-4-3,14300,38,38,143.0
2025-09-29,14,4,4-2-3,9360,30,30,93.6
2025-09-29,14,5,6-1-5,11100,56,56,111.0
2025-09-29,14,6,2-5-6,1010,2,2,10.1
2025-09-29,14,7,1-2-6,730,1,1,7.3
2025-09-29,14,8,3-4-1,6180,25,25,61.8
2025-09-29,14,9,2-3-5,5530,16,16,55.3
2025-09-29,14,10,1-3-2,4990,27,27,49.9
2025-09-29,14,11,1-4-6,2750,8,8,27.5
2025-09-29,14,12,4-1-3,6100,22,22,61.0
2025-09-30,03,1,1-3-4,1470,4,4,14.7
2025-09-30,03,2,3-2-1,12070,47,47,120.7
2025-09-30,03,3,1-3-5,1030,1,1,10.3
2025-09-30,03,4,1-3-6,13460,45,45,134.6
2025-09-30,03,5,1-3-5,2970,12,12,29.7
2025-09-30,03,6,2-1-6,13380,43,43,133.8
2025-09-30,03,7,2-1-5,930,2,2,9.3
2025-09-30,03,8,2-6-1,4220,10,10,42.2
2025-09-30,03,9,3-1-4,15000,45,45,150.0
2025-09-30,03,10,1-2-5,8570,28,28,85.7
2025-09-30,03,11,1-5-3,4020,13,13,40.2
2025-09-30,03,12,1-2-6,1180,4,4,11.8
2025-09-30,14,1,1-6-2,1270,5,5,12.7
2025-09-30,14,2,5-3-6,4740,18,18,47.4
2025-09-30,14,3,4-2-1,4900,19,19,49.0
2025-09-30,14,4,2-3-4,28220,60,60,282.2
2025-09-30,14,5,3-2-4,4240,15,15,42.4
2025-09-30,14,6,1-5-3,1590,1,1,15.9
2025-09-30,14,7,1-3-2,1180,4,4,11.8
2025-09-30,14,8,1-2-3,620,3,3,6.2
2025-09-30,14,9,3-4-6,17450,58,58,174.5
2025-09-30,14,10,3-5-4,8980,40,40,89.8
2025-09-30,14,11,4-6-2,23610,48,48,236.1
2025-09-30,14,12,1-2-3,1410,3,3,14.1
2025-10-01,03,1,1-2-3,1620,2,2,16.2
2025-10-01,03,2,1-2-6,1030,3,3,10.3
2025-10-01,03,3,1-3-4,1520,4,4,15.2
2025-10-01,03,4,1-3-2,1420,6,6,14.2
2025-10-01,03,5,2-1-3,2000,9,9,20.0
2025-10-01,03,6,3-5-1,1940,8,7,19.4
2025-10-01,03,7,2-3-6,12100,34,34,121.0
2025-10-01,03,8,1-3-5,1080,1,1,10.8
2025-10-01,03,9,1-5-3,1730,7,7,17.3
2025-10-01,03,10,2-1-5,2670,9,9,26.7
2025-10-01,03,11,1-5-4,1610,8,8,16.1
2025-10-01,03,12,1-3-2,980,3,3,9.8
2025-10-01,04,1,4-6-3,10560,46,46,105.6
2025-10-01,04,2,5-2-6,25130,78,78,251.3
2025-10-01,04,3,3-5-4,11830,55,55,118.3
2025-10-01,04,4,3-1-4,1220,3,3,12.2
2025-10-01,04,5,1-2-3,1030,1,1,10.3
2025-10-01,04,6,3-2-6,35930,92,92,359.3
2025-10-01,04,7,1-3-2,5110,23,23,51.1
2025-10-01,04,8,1-3-2,1760,4,4,17.6
2025-10-01,04,9,1-2-3,1030,2,2,10.3
2025-10-01,04,10,5-6-3,10360,35,35,103.6
2025-10-01,04,11,1-3-4,2070,10,10,20.7
2025-10-01,04,12,4-6-5,48220,93,93,482.2
2025-10-01,14,1,5-1-2,2170,10,10,21.7
2025-10-01,14,2,2-3-4,800,1,1,8.0
2025-10-01,14,3,4-5-3,12860,42,42,128.6
2025-10-01,14,4,2-1-3,12710,49,49,127.1
2025-10-01,14,5,6-5-1,2640,11,11,26.4
2025-10-01,14,6,3-1-5,1330,5,5,13.3
2025-10-01,14,7,3-4-2,2250,5,5,22.5
2025-10-01,14,8,5-3-4,1320,1,1,13.2
2025-10-01,14,9,3-2-1,5590,22,22,55.9
2025-10-01,14,10,2-3-4,2490,8,8,24.9
2025-10-01,14,11,1-5-3,4920,15,15,49.2
2025-10-01,14,12,1-4-6,2480,11,11,24.8
2025-10-01,22,1,1-4-2,780,4,4,7.8
2025-10-01,22,2,5-2-6,7560,26,26,75.6
2025-10-01,22,3,3-2-5,5190,18,18,51.9
2025-10-01,22,4,1-2-4,1120,3,3,11.2
2025-10-01,22,5,1-4-2,3600,15,15,36.0
2025-10-01,22,6,1-4-5,1230,1,1,12.3
2025-10-01,22,7,1-3-4,4050,15,15,40.5
2025-10-01,22,8,2-3-4,7790,20,20,77.9
2025-10-01,22,9,1-2-4,1780,6,6,17.8
2025-10-01,22,10,1-4-5,2160,8,8,21.6
2025-10-01,22,11,2-1-4,4350,11,11,43.5
2025-10-01,22,12,3-1-4,2170,10,10,21.7
2025-10-02,03,1,5-6-2,57880,100,100,578.8
2025-10-02,03,2,3-5-1,4520,14,14,45.2
2025-10-02,03,3,1-3-5,2820,6,6,28.2
2025-10-02,03,4,1-4-3,1540,7,7,15.4
2025-10-02,03,5,1-3-4,800,1,1,8.0
2025-10-02,03,6,3-2-5,4150,15,15,41.5
2025-10-02,03,7,1-3-4,1850,6,6,18.5
2025-10-02,03,8,1-3-5,1390,5,5,13.9
2025-10-02,03,9,2-3-4,940,3,3,9.4
2025-10-02,03,10,1-2-3,1250,2,2,12.5
2025-10-02,03,11,1-3-5,1990,9,9,19.9
2025-10-02,03,12,1-5-6,3600,14,14,36.0
2025-10-02,04,1,1-4-2,1300,3,3,13.0
2025-10-02,04,2,6-1-3,7200,39,39,72.0
2025-10-02,04,3,3-4-2,4430,15,15,44.3
2025-10-02,04,4,4-2-3,13480,46,46,134.8
2025-10-02,04,5,1-2-4,800,1,1,8.0
2025-10-02,04,6,1-6-4,3840,13,14,38.4
2025-10-02,04,7,3-2-1,3340,13,13,33.4
2025-10-02,04,8,1-3-2,3190,13,13,31.9
2025-10-02,04,9,1-5-3,3460,13,13,34.6
2025-10-02,04,10,1-2-5,5650,26,26,56.5
2025-10-02,04,11,3-4-5,6370,25,25,63.7
2025-10-02,04,12,1-2-5,800,1,1,8.0
2025-10-02,14,1,5-6-3,155540,92,92,1555.0
2025-10-02,14,2,1-2-6,460,30,2,108.1
2025-10-02,14,3,1-3-6,3400,9,9,34.0
2025-10-02,14,4,1-4-5,6980,32,32,69.8
2025-10-02,14,5,3-6-1,4030,21,21,40.3
2025-10-02,14,6,1-4-5,2700,9,9,27.0
2025-10-02,14,7,6-2-5,12510,55,55,125.1
2025-10-02,14,8,5-3-6,6230,21,21,62.3
2025-10-02,14,9,5-1-2,4570,16,16,45.7
2025-10-02,14,10,1-2-4,1100,3,3,11.0
2025-10-02,14,11,1-2-4,750,3,3,7.5
2025-10-02,14,12,1-6-3,11860,21,21,118.6
2025-10-02,22,1,1-5-2,2640,12,12,26.4
2025-10-02,22,2,3-2-5,3880,17,17,38.8
2025-10-02,22,3,3-1-2,1520,5,5,15.2
2025-10-02,22,4,2-1-3,1400,3,3,14.0
2025-10-02,22,5,1-2-4,2910,11,11,29.1
2025-10-02,22,6,6-1-2,4880,16,16,48.8
2025-10-02,22,7,2-1-4,3370,13,13,33.7
2025-10-02,22,8,1-5-2,22670,74,74,226.7
2025-10-02,22,9,2-4-5,13470,32,32,134.7
2025-10-02,22,10,1-2-6,1000,2,2,10.0
2025-10-02,22,11,1-3-5,1340,4,4,13.4
2025-10-02,22,12,1-2-5,2030,9,9,20.3
2025-10-03,04,1,3-1-5,8320,28,28,83.2
2025-10-03,04,2,1-5-2,4860,15,15,48.6
2025-10-03,04,3,2-1-4,3530,15,15,35.3
2025-10-03,04,4,1-2-4,2860,11,11,28.6
2025-10-03,04,5,1-6-4,2990,15,15,29.9
2025-10-03,04,6,2-3-5,2530,4,4,25.3
2025-10-03,04,7,2-3-5,7860,41,41,78.6
2025-10-03,04,8,3-1-4,2120,7,7,21.2
2025-10-03,04,9,2-3-5,6770,26,26,67.7
2025-10-03,04,10,1-3-2,1110,4,4,11.1
2025-10-03,04,11,1-2-5,670,1,1,6.7
2025-10-03,04,12,1-2-3,1170,3,3,11.7
2025-10-03,14,1,1-2-4,1630,7,7,16.3
2025-10-03,14,2,2-4-3,5070,20,20,50.7
2025-10-03,14,3,4-2-5,2870,54,12,187.2
2025-10-03,14,4,1-2-5,870,3,3,8.7
2025-10-03,14,5,1-2-4,2700,10,10,27.0
2025-10-03,14,6,1-4-2,1360,4,4,13.6
2025-10-03,14,7,1-3-2,480,2,2,4.8
2025-10-03,14,8,1-3-4,11960,40,40,119.6
2025-10-03,14,9,5-4-2,5560,25,25,55.6
2025-10-03,14,10,3-6-1,31280,75,75,312.8
2025-10-03,14,11,1-5-3,3450,13,13,34.5
2025-10-03,14,12,1-4-6,4490,15,15,44.9
2025-10-03,22,1,1-3-5,980,3,3,9.8
2025-10-03,22,2,3-1-4,1280,2,2,12.8
2025-10-03,22,3,1-3-2,1390,2,2,13.9
2025-10-03,22,4,1-5-3,1200,3,3,12.0
2025-10-03,22,5,3-2-5,9420,38,38,94.2
2025-10-03,22,6,4-6-1,43500,115,115,435.0
2025-10-03,22,7,3-4-6,15230,51,51,152.3
2025-10-03,22,8,1-2-5,4490,14,14,44.9
2025-10-03,22,9,3-2-5,18100,45,45,181.0
2025-10-03,22,10,1-4-3,1340,5,5,13.4
2025-10-03,22,11,1-5-2,1400,5,5,14.0
2025-10-03,22,12,1-2-5,3010,11,11,30.1
2025-10-04,02,1,1-3-2,4010,16,16,40.1
2025-10-04,02,2,1-2-6,9400,41,41,94.0
2025-10-04,02,3,1-5-2,2330,6,6,23.3
2025-10-04,02,4,1-2-3,1100,1,1,11.0
2025-10-04,02,5,1-4-2,520,1,1,5.2
2025-10-04,02,6,2-4-6,8170,33,33,81.7
2025-10-04,02,7,1-2-4,1050,4,4,10.5
2025-10-04,02,8,1-6-4,7480,30,30,74.8
2025-10-04,02,9,1-5-4,2400,7,7,24.0
2025-10-04,02,10,1-2-3,740,1,1,7.4
2025-10-04,02,11,3-2-1,25480,54,54,254.8
2025-10-04,02,12,3-6-2,8850,34,34,88.5
2025-10-04,04,1,2-6-1,6510,29,29,65.1
2025-10-04,04,2,2-5-1,11090,36,36,110.9
2025-10-04,04,3,4-2-6,3440,12,12,34.4
2025-10-04,04,4,4-2-6,11890,57,56,118.9
2025-10-04,04,5,4-2-1,3900,18,18,39.0
2025-10-04,04,6,1-3-2,1340,3,3,13.4
2025-10-04,04,7,3-4-1,3670,18,18,36.7
2025-10-04,04,8,1-6-3,3270,8,8,32.7
2025-10-04,04,9,1-5-4,1860,8,8,18.6
2025-10-04,04,10,1-6-5,5310,19,19,53.1
2025-10-04,04,11,1-4-2,2120,8,8,21.2
2025-10-04,04,12,3-4-6,3950,15,15,39.5
2025-10-04,09,1,6-1-2,57340,76,76,573.4
2025-10-04,09,2,1-3-2,1400,2,2,14.0
2025-10-04,09,3,1-4-5,12260,48,48,122.6
2025-10-04,09,4,2-6-4,2020,2,2,20.2
2025-10-04,09,5,4-2-3,24290,50,50,242.9
2025-10-04,09,6,2-1-3,1470,4,4,14.7
2025-10-04,09,7,3-1-2,9710,44,44,97.1
2025-10-04,09,8,1-2-6,8370,30,30,83.7
2025-10-04,09,9,3-2-5,32570,79,46,462.8
2025-10-04,09,10,3-4-6,7630,33,33,76.3
2025-10-04,09,11,5-3-2,12690,35,35,126.9
2025-10-04,09,12,1-3-2,720,1,1,7.2
2025-10-04,22,1,1-2-4,1100,5,5,11.0
2025-10-04,22,2,3-2-1,2620,11,11,26.2
2025-10-04,22,3,3-2-1,1530,4,4,15.3
2025-10-04,22,4,4-3-6,6510,24,24,65.1
2025-10-04,22,5,2-3-6,2310,9,9,23.1
2025-10-04,22,6,2-3-4,1940,6,6,19.4
2025-10-04,22,7,1-4-3,1200,4,4,12.0
2025-10-04,22,8,3-1-6,6610,24,24,66.1
2025-10-04,22,9,2-1-4,1630,6,6,16.3
2025-10-04,22,10,1-4-6,1560,4,4,15.6
2025-10-04,22,11,1-2-3,750,2,2,7.5
2025-10-04,22,12,1-4-2,1720,9,9,17.2
2025-10-05,02,1,1-4-6,1490,5,5,14.9
2025-10-05,02,2,4-1-5,1770,6,6,17.7
2025-10-05,02,3,4-3-5,6640,27,27,66.4
2025-10-05,02,4,1-3-5,1230,3,3,12.3
2025-10-05,02,5,1-3-4,1430,6,6,14.3
2025-10-05,02,6,1-6-3,1860,7,7,18.6
2025-10-05,02,7,1-6-5,18920,37,37,189.2
2025-10-05,02,8,3-2-4,6040,24,24,60.4
2025-10-05,02,9,2-5-4,13750,52,52,137.5
2025-10-05,02,10,2-3-1,1750,6,6,17.5
2025-10-05,02,11,1-2-4,2210,10,10,22.1
2025-10-05,02,12,1-4-2,1550,5,6,15.5
2025-10-05,03,1,4-3-1,7150,30,30,71.5
2025-10-05,03,2,1-6-3,10190,42,42,101.9
2025-10-05,03,3,5-2-4,61080,90,90,610.8
2025-10-05,03,4,4-1-5,1220,1,1,12.2
2025-10-05,03,5,1-5-3,7640,29,29,76.4
2025-10-05,03,6,2-4-3,7810,28,28,78.1
2025-10-05,03,7,3-4-1,3570,14,14,35.7
2025-10-05,03,8,4-6-5,720,67,2,293.2
2025-10-05,03,9,1-3-2,1830,5,5,18.3
2025-10-05,03,10,1-3-2,1010,2,2,10.1
2025-10-05,03,11,5-1-6,36980,74,74,369.8
2025-10-05,03,12,3-2-4,10760,45,45,107.6
2025-10-05,04,1,1-4-3,2450,6,6,24.5
2025-10-05,04,2,4-2-6,5770,21,21,57.7
2025-10-05,04,3,1-4-5,2450,8,8,24.5
2025-10-05,04,4,4-1-5,1950,4,4,19.5
2025-10-05,04,5,1-6-4,4970,20,20,49.7
2025-10-05,04,6,1-5-4,3660,12,12,36.6
2025-10-05,04,7,2-1-5,3940,15,15,39.4
2025-10-05,04,8,4-5-2,1610,31,2,96.9
2025-10-05,04,9,1-2-6,2340,8,8,23.4
2025-10-05,04,10,4-1-2,2620,9,9,26.2
2025-10-05,04,11,3-1-2,5660,21,21,56.6
2025-10-05,04,12,5-2-3,29860,67,67,298.6
2025-10-05,09,1,1-2-3,510,1,1,5.1
2025-10-05,09,2,1-2-5,1170,4,4,11.7
2025-10-05,09,3,1-4-5,1520,4,4,15.2
2025-10-05,09,4,4-5-3,15310,64,64,153.1
2025-10-05,09,5,1-3-2,1200,4,4,12.0
2025-10-05,09,6,2-1-6,1300,4,4,13.0
2025-10-05,09,7,1-2-4,1520,4,4,15.2
2025-10-05,09,8,1-4-3,430,1,1,4.3
2025-10-05,09,9,1-3-4,1720,5,5,17.2
2025-10-05,09,10,1-6-4,4280,15,15,42.8
2025-10-05,09,11,1-2-4,610,1,1,6.1
2025-10-05,09,12,1-2-3,690,2,2,6.9
2025-10-05,22,1,1-5-2,2820,10,10,28.2
2025-10-05,22,2,1-2-3,710,1,1,7.1
2025-10-05,22,3,3-4-5,4870,14,14,48.7
2025-10-05,22,4,1-2-4,1570,5,5,15.7
2025-10-05,22,5,1-2-6,590,2,2,5.9
2025-10-05,22,6,1-4-3,6580,23,23,65.8
2025-10-05,22,7,1-4-2,3200,13,13,32.0
2025-10-05,22,8,1-2-4,1160,4,4,11.6
2025-10-05,22,9,1-5-3,3040,18,11,49.7
2025-10-05,22,10,1-2-5,1370,4,4,13.7
2025-10-05,22,11,1-5-2,6530,20,20,65.3
2025-10-05,22,12,1-2-3,590,2,2,5.9
2025-10-06,02,1,4-3-2,5650,26,26,56.5
2025-10-06,02,2,1-3-2,3700,13,13,37.0
2025-10-06,02,3,1-5-2,11530,36,36,115.3
2025-10-06,02,4,2-4-5,1470,1,1,14.7
2025-10-06,02,5,3-1-4,2750,12,12,27.5
2025-10-06,02,6,2-3-6,820,1,1,8.2
2025-10-06,02,7,1-4-3,690,2,2,6.9
2025-10-06,02,8,5-6-1,2100,6,6,21.0
2025-10-06,02,9,2-1-3,1250,2,2,12.5
2025-10-06,02,10,2-3-4,5740,22,22,57.4
2025-10-06,02,11,1-5-3,10370,36,36,103.7
2025-10-06,02,12,3-1-5,3810,15,15,38.1
2025-10-06,03,1,6-2-1,46650,100,100,466.5
2025-10-06,03,2,5-3-1,6710,26,26,67.1
2025-10-06,03,3,1-2-5,1370,2,2,13.7
2025-10-06,03,4,3-5-6,2050,4,4,20.5
2025-10-06,03,5,1-4-3,1950,2,2,19.5
2025-10-06,03,6,3-1-5,7430,27,27,74.3
2025-10-06,03,7,3-2-6,1970,7,7,19.7
2025-10-06,09,1,1-4-6,2580,8,8,25.8
2025-10-06,09,2,1-3-2,1560,6,6,15.6
2025-10-06,09,3,5-4-6,12720,65,65,127.2
2025-10-06,09,4,2-1-6,2730,8,8,27.3
2025-10-06,09,5,5-1-2,71490,61,61,714.9
2025-10-06,09,6,1-2-4,1840,2,2,18.4
2025-10-06,09,7,4-1-6,6660,28,28,66.6
2025-10-06,09,8,3-1-4,3160,7,7,31.6
2025-10-06,09,9,5-4-3,25120,68,68,251.2
2025-10-06,09,10,1-6-2,12140,27,27,121.4
2025-10-06,09,11,1-5-2,1990,5,5,19.9
2025-10-06,09,12,1-5-2,9370,29,29,93.7
2025-10-06,22,1,3-2-1,9020,17,17,90.2
2025-10-06,22,2,2-5-1,6870,22,22,68.7
2025-10-06,22,3,3-2-4,6610,25,25,66.1
2025-10-06,22,4,1-3-5,5470,23,23,54.7
2025-10-06,22,5,2-1-5,750,3,3,7.5
2025-10-06,22,6,3-1-4,1490,4,4,14.9
2025-10-06,22,7,2-5-6,9060,47,47,90.6
2025-10-06,22,8,1-6-2,3570,14,14,35.7
2025-10-06,22,9,1-2-6,1890,4,4,18.9
2025-10-06,22,10,3-1-5,7440,37,37,74.4
2025-10-06,22,11,1-4-5,2840,10,10,28.4
2025-10-06,22,12,1-4-6,2940,11,11,29.4
2025-10-07,02,1,3-2-6,2870,10,10,28.7
2025-10-07,02,2,3-2-5,2550,7,7,25.5
2025-10-07,02,3,4-3-6,1140,2,2,11.4
2025-10-07,02,4,1-3-2,1320,2,2,13.2
2025-10-07,02,5,3-1-2,4710,21,21,47.1
2025-10-07,02,6,1-2-3,560,1,1,5.6
2025-10-07,02,7,1-3-4,460,1,1,4.6
2025-10-07,02,8,6-3-1,5240,29,29,52.4
2025-10-07,02,9,1-2-6,1030,2,2,10.3
2025-10-07,02,10,1-2-5,2020,8,8,20.2
2025-10-07,02,11,1-2-4,660,2,2,6.6
2025-10-07,02,12,1-2-4,790,3,3,7.9
2025-10-07,03,1,1-5-4,10690,44,44,106.9
2025-10-07,03,2,4-1-5,9000,35,35,90.0
2025-10-07,03,3,1-4-6,7530,32,32,75.3
2025-10-07,03,4,5-6-4,650,111,5,493.1
2025-10-07,03,5,1-3-4,2250,8,8,22.5
2025-10-07,03,6,2-3-1,3060,10,10,30.6
2025-10-07,03,7,2-5-4,4550,17,17,45.5
2025-10-07,03,8,1-3-2,4490,19,19,44.9
2025-10-07,03,9,3-4-5,17170,63,63,171.7
2025-10-07,03,10,1-5-6,1880,7,7,18.8
2025-10-07,03,11,1-5-6,1950,4,4,19.5
2025-10-07,03,12,3-2-1,15160,31,31,151.6
2025-10-07,09,1,6-4-5,323050,107,107,3230.0
2025-10-07,09,2,3-4-6,12660,36,36,126.6
2025-10-07,09,3,3-2-5,4950,18,18,49.5
2025-10-07,09,4,3-2-4,2920,10,10,29.2
2025-10-07,09,5,1-3-4,590,3,3,5.9
2025-10-07,09,6,4-3-6,10070,42,42,100.7
2025-10-07,09,7,1-3-4,6600,25,25,66.0
2025-10-07,09,8,1-3-5,8940,32,32,89.4
2025-10-07,09,9,1-2-3,2240,8,8,22.4
2025-10-07,09,10,4-1-2,13930,43,43,139.3
2025-10-07,09,11,2-4-5,26950,61,61,269.5
2025-10-07,09,12,1-2-3,610,1,1,6.1
2025-10-07,14,1,1-2-4,610,1,1,6.1
2025-10-07,14,2,3-1-6,10380,40,40,103.8
2025-10-07,14,3,1-4-6,1760,4,4,17.6
2025-10-07,14,4,1-4-6,11000,38,38,110.0
2025-10-07,14,5,1-2-3,840,1,1,8.4
2025-10-07,14,6,6-3-4,55110,109,109,551.1
2025-10-07,14,7,3-1-4,680,2,2,6.8
2025-10-07,14,8,2-1-3,2270,9,9,22.7
2025-10-07,14,9,4-1-3,4070,14,14,40.7
2025-10-07,14,10,1-4-6,2960,10,10,29.6
2025-10-07,14,11,1-4-3,1940,6,6,19.4
2025-10-07,14,12,1-6-3,1410,8,9,14.1
2025-10-08,02,1,1-4-5,5220,26,26,52.2
2025-10-08,02,2,1-2-3,1320,4,4,13.2
2025-10-08,02,3,3-1-5,3480,14,14,34.8
2025-10-08,02,4,1-3-5,1180,4,4,11.8
2025-10-08,02,5,2-6-1,8610,43,43,86.1
2025-10-08,02,6,1-5-6,5180,20,20,51.8
2025-10-08,02,7,1-6-3,2310,8,8,23.1
2025-10-08,02,8,1-5-4,2040,10,10,20.4
2025-10-08,02,9,2-1-4,1420,3,3,14.2
2025-10-08,02,10,1-2-3,770,1,1,7.7
2025-10-08,02,11,1-2-3,440,1,1,4.4
2025-10-08,02,12,1-3-6,3780,14,14,37.8
2025-10-08,03,1,1-2-5,2060,7,7,20.6
2025-10-08,03,2,1-2-5,3290,14,14,32.9
2025-10-08,03,3,1-2-5,4490,17,17,44.9
2025-10-08,03,4,2-3-6,16430,57,57,164.3
2025-10-08,03,5,2-4-6,10310,59,59,103.1
2025-10-08,03,6,3-1-5,4420,16,16,44.2
2025-10-08,03,7,3-1-2,2140,6,6,21.4
2025-10-08,03,8,1-4-2,3120,12,12,31.2
2025-10-08,03,9,1-3-2,3510,13,13,35.1
2025-10-08,03,10,1-3-6,1770,6,6,17.7
2025-10-08,03,11,3-1-5,2550,10,10,25.5
2025-10-08,03,12,1-2-5,1310,4,4,13.1
2025-10-08,09,1,1-5-4,7290,19,19,72.9
2025-10-08,09,2,2-1-3,1770,6,6,17.7
2025-10-08,09,3,1-6-4,7640,33,33,76.4
2025-10-08,09,4,6-4-5,20330,65,65,203.3
2025-10-08,09,5,2-1-6,3700,11,11,37.0
2025-10-08,09,6,1-2-3,2070,8,8,20.7
2025-10-08,09,7,1-4-6,6230,27,27,62.3
2025-10-08,09,8,1-3-2,1820,7,7,18.2
2025-10-08,09,9,1-3-4,4270,13,13,42.7
2025-10-08,09,10,5-2-1,8330,28,28,83.3
2025-10-08,09,11,5-1-6,34920,52,52,349.2
2025-10-08,09,12,2-1-4,3140,11,11,31.4
2025-10-08,14,1,1-5-2,2040,10,10,20.4
2025-10-08,14,2,6-1-5,122580,103,103,1225.0
2025-10-08,14,3,3-1-2,1950,8,8,19.5
2025-10-08,14,4,6-2-3,14810,55,55,148.1
2025-10-08,14,5,6-1-3,7920,31,31,79.2
2025-10-08,14,6,1-2-5,2350,8,8,23.5
2025-10-08,14,7,3-2-5,3320,13,13,33.2
2025-10-08,14,8,1-2-4,6530,25,25,65.3
2025-10-08,14,9,3-1-2,2520,8,8,25.2
2025-10-08,14,10,6-3-1,3150,24,24,31.5
2025-10-08,14,11,1-4-3,1380,3,3,13.8
2025-10-08,14,12,1-4-6,2610,10,10,26.1
2025-10-09,02,1,2-4-6,1420,4,4,14.2
2025-10-09,02,2,1-4-5,3430,11,11,34.3
2025-10-09,02,3,1-2-4,590,1,1,5.9
2025-10-09,02,4,1-2-3,2520,9,9,25.2
2025-10-09,02,5,1-4-2,910,2,2,9.1
2025-10-09,02,6,4-3-5,15670,37,37,156.7
2025-10-09,02,7,1-3-2,540,1,1,5.4
2025-10-09,02,8,6-1-2,5440,18,18,54.4
2025-10-09,02,9,1-2-5,720,1,1,7.2
2025-10-09,02,10,4-3-2,20070,50,50,200.7
2025-10-09,02,11,2-1-4,3160,9,9,31.6
2025-10-09,02,12,1-2-3,650,1,1,6.5
2025-10-09,14,1,4-1-2,3780,15,15,37.8
2025-10-09,14,2,1-4-5,1160,2,2,11.6
2025-10-09,14,3,2-5-1,8920,35,35,89.2
2025-10-09,14,4,3-4-5,17100,37,37,171.0
2025-10-09,14,5,1-5-2,2580,7,7,25.8
2025-10-09,14,6,3-2-4,5680,21,21,56.8
2025-10-09,14,7,5-1-2,16480,59,59,164.8
2025-10-09,14,8,1-2-3,7740,29,29,77.4
2025-10-09,14,9,3-5-1,5220,18,18,52.2
2025-10-09,14,10,2-1-5,7670,28,28,76.7
2025-10-09,14,11,5-2-1,11680,43,43,116.8
2025-10-09,14,12,4-1-5,4370,13,13,43.7
2025-10-10,03,1,1-4-2,2380,9,9,23.8
2025-10-10,03,2,2-1-6,4870,16,16,48.7
2025-10-10,03,3,1-3-2,1130,3,3,11.3
2025-10-10,03,4,1-2-3,1860,7,7,18.6
2025-10-10,03,5,1-6-4,5350,19,19,53.5
2025-10-10,03,6,1-3-6,1570,6,6,15.7
2025-10-10,03,7,4-1-5,2140,7,7,21.4
2025-10-10,03,8,2-1-5,7590,32,32,75.9
2025-10-10,03,9,2-3-4,14920,43,43,149.2
2025-10-10,03,10,1-4-3,2130,5,5,21.3
2025-10-10,03,11,4-1-5,3290,14,14,32.9
2025-10-10,03,12,5-1-2,3720,14,14,37.2
2025-10-10,14,1,1-3-5,990,2,2,9.9
2025-10-10,14,2,4-6-1,3480,15,15,34.8
2025-10-10,14,3,1-2-3,1170,6,6,11.7
2025-10-10,14,4,1-6-5,9710,42,42,97.1
2025-10-10,14,5,4-2-6,10640,44,44,106.4
2025-10-10,14,6,3-5-4,33360,75,75,333.6
2025-10-10,14,7,1-2-3,1730,7,7,17.3
2025-10-10,14,8,3-1-4,1840,6,6,18.4
2025-10-10,14,9,3-1-2,4290,13,13,42.9
2025-10-10,14,10,3-1-4,2590,9,9,25.9
2025-10-10,14,11,1-6-2,13150,23,23,131.5
2025-10-10,14,12,5-4-6,10240,52,52,102.4
2025-10-10,22,1,1-2-6,2700,10,10,27.0
2025-10-10,22,2,1-4-3,1440,4,4,14.4
2025-10-10,22,3,3-1-4,520,1,1,5.2
2025-10-10,22,4,2-3-5,760,13,3,28.1
2025-10-10,22,5,1-3-2,3980,17,17,39.8
2025-10-10,22,6,1-5-2,54770,81,81,547.7
2025-10-10,22,7,1-3-2,3220,13,13,32.2
2025-10-10,22,8,3-1-5,790,1,1,7.9
2025-10-10,22,9,1-2-6,5070,21,21,50.7
2025-10-10,22,10,2-1-3,2640,8,8,26.4
2025-10-10,22,11,1-3-4,1190,4,4,11.9
2025-10-10,22,12,1-3-4,630,1,1,6.3
2025-10-11,03,1,2-4-6,3250,12,12,32.5
2025-10-11,03,2,4-5-3,10430,39,39,104.3
2025-10-11,03,3,4-5-3,5850,26,26,58.5
2025-10-11,03,4,1-3-4,2700,4,4,27.0
2025-10-11,03,5,1-3-5,1780,4,4,17.8
2025-10-11,03,6,4-6-3,11400,46,46,114.0
2025-10-11,03,7,1-2-6,7270,28,28,72.7
2025-10-11,03,8,3-6-4,5540,20,20,55.4
2025-10-11,03,9,1-2-6,2190,4,4,21.9
2025-10-11,03,10,4-6-5,11670,48,48,116.7
2025-10-11,03,11,1-3-6,3750,15,15,37.5
2025-10-11,03,12,1-5-3,6030,28,28,60.3
2025-10-11,09,1,3-2-5,25410,52,52,254.1
2025-10-11,09,2,3-4-1,6660,28,28,66.6
2025-10-11,09,3,4-3-5,2490,29,13,54.7
2025-10-11,09,4,1-6-2,2590,9,9,25.9
2025-10-11,09,5,1-4-3,3100,9,9,31.0
2025-10-11,09,6,1-2-5,1560,2,2,15.6
2025-10-11,09,7,2-1-3,3360,13,13,33.6
2025-10-11,09,8,1-3-4,1710,4,4,17.1
2025-10-11,09,9,1-2-3,1190,5,5,11.9
2025-10-11,09,10,1-2-4,1240,5,5,12.4
2025-10-11,09,11,1-3-6,4310,14,14,43.1
2025-10-11,09,12,2-3-1,19370,31,31,193.7
2025-10-11,14,1,1-2-5,1140,2,2,11.4
2025-10-11,14,2,5-1-4,5400,25,25,54.0
2025-10-11,14,3,6-5-4,32630,74,74,326.3
2025-10-11,14,4,3-4-5,8500,24,24,85.0
2025-10-11,14,5,1-3-5,1620,4,4,16.2
2025-10-11,14,6,5-4-6,19810,57,57,198.1
2025-10-11,14,7,3-1-6,2670,8,8,26.7
2025-10-11,14,8,2-6-5,6580,28,28,65.8
2025-10-11,14,9,1-2-5,1630,8,8,16.3
2025-10-11,14,10,1-2-3,850,2,2,8.5
2025-10-11,14,11,1-3-2,970,4,4,9.7
2025-10-11,14,12,3-5-1,5510,22,22,55.1
2025-10-11,22,1,2-1-4,4360,15,15,43.6
2025-10-11,22,2,3-1-2,2010,6,6,20.1
2025-10-11,22,3,3-1-5,1750,6,5,17.5
2025-10-11,22,4,3-5-2,4470,19,19,44.7
2025-10-11,22,5,4-1-5,3000,12,12,30.0
2025-10-11,22,6,3-6-4,2890,10,10,28.9
2025-10-11,22,7,1-3-2,1460,5,5,14.6
2025-10-11,22,8,5-1-4,1870,6,6,18.7
2025-10-11,22,9,2-1-5,1520,4,4,15.2
2025-10-11,22,10,1-2-4,570,2,2,5.7
2025-10-11,22,11,2-1-3,1080,4,4,10.8
2025-10-11,22,12,1-2-5,740,2,2,7.4
2025-10-12,09,1,1-3-4,3050,10,10,30.5
2025-10-12,09,2,1-4-2,780,7,3,17.2
2025-10-12,09,3,4-2-3,4740,19,19,47.4
2025-10-12,09,4,2-1-5,8770,29,29,87.7
2025-10-12,09,5,3-1-4,1470,5,5,14.7
2025-10-12,09,6,1-6-3,1650,5,5,16.5
2025-10-12,09,7,4-2-1,11240,35,35,112.4
2025-10-12,09,8,4-2-3,47340,85,85,473.4
2025-10-12,09,9,1-4-5,1740,4,4,17.4
2025-10-12,09,10,1-4-5,1050,3,3,10.5
2025-10-12,09,11,3-5-4,15230,40,40,152.3
2025-10-12,09,12,1-2-4,1100,4,4,11.0
2025-10-12,22,1,1-5-4,1280,5,5,12.8
2025-10-12,22,2,1-6-4,3800,13,13,38.0
2025-10-12,22,3,2-1-4,3430,14,14,34.3
2025-10-12,22,4,4-3-6,28630,84,84,286.3
2025-10-12,22,5,3-5-6,2380,5,5,23.8
2025-10-12,22,6,2-1-3,3110,12,12,31.1
2025-10-12,22,7,1-4-5,2290,8,8,22.9
2025-10-12,22,8,4-6-1,5780,23,23,57.8
2025-10-12,22,9,1-6-3,2160,5,6,21.6
2025-10-12,22,10,2-4-5,7390,31,31,73.9
2025-10-12,22,11,1-3-4,970,4,4,9.7
2025-10-12,22,12,1-3-4,900,4,4,9.0
2025-10-13,09,1,2-4-1,17170,31,31,171.7
2025-10-13,09,2,1-2-3,1180,2,2,11.8
2025-10-13,09,3,3-4-2,19590,70,70,195.9
2025-10-13,09,4,1-6-5,15190,44,44,151.9
2025-10-13,09,5,1-2-3,580,2,2,5.8
2025-10-13,09,6,5-6-4,75710,104,104,757.1
2025-10-13,09,7,5-6-2,1980,4,4,19.8
2025-10-13,09,8,5-1-2,2360,8,8,23.6
2025-10-13,09,9,3-1-4,2770,8,8,27.7
2025-10-13,09,10,1-3-2,690,1,1,6.9
2025-10-13,09,11,1-4-6,5460,19,19,54.6
2025-10-13,09,12,1-5-3,2290,10,10,22.9
2025-10-13,22,1,1-2-6,570,2,2,5.7
2025-10-13,22,2,4-3-6,1900,7,7,19.0
2025-10-13,22,3,2-1-3,4990,21,21,49.9
2025-10-13,22,4,1-2-3,1210,2,2,12.1
2025-10-13,22,5,2-1-3,900,3,3,9.0
2025-10-13,22,6,2-4-1,3340,16,16,33.4
2025-10-13,22,7,3-2-4,1460,6,6,14.6
2025-10-13,22,8,2-1-3,3210,10,10,32.1
2025-10-13,22,9,2-1-6,1550,6,6,15.5
2025-10-13,22,10,4-1-3,12980,26,26,129.8
2025-10-13,22,11,1-2-3,410,1,1,4.1
2025-10-13,22,12,2-1-5,6780,20,20,67.8
2025-10-14,03,1,1-6-3,5570,17,17,55.7
2025-10-14,03,2,3-6-4,30780,78,78,307.8
2025-10-14,03,3,2-4-1,14470,57,57,144.7
2025-10-14,03,4,2-1-3,8550,35,35,85.5
2025-10-14,03,5,3-2-6,8680,38,38,86.8
2025-10-14,03,6,1-2-5,2120,4,4,21.2
2025-10-14,03,7,2-5-1,4300,20,20,43.0
2025-10-14,03,8,3-1-4,3320,10,10,33.2
2025-10-14,03,9,2-4-3,11630,43,43,116.3
2025-10-14,03,10,1-2-4,1480,5,5,14.8
2025-10-14,03,11,3-2-5,9830,39,39,98.3
2025-10-14,03,12,1-3-5,1360,3,3,13.6
2025-10-14,09,1,1-3-2,1460,9,9,14.6
2025-10-14,09,2,1-4-3,1170,2,2,11.7
2025-10-14,09,3,1-2-3,1230,2,2,12.3
2025-10-14,09,4,2-6-3,10650,39,39,106.5
2025-10-14,09,5,2-1-3,1710,7,7,17.1
2025-10-14,09,6,1-5-2,3730,11,11,37.3
2025-10-14,09,7,2-6-4,12590,52,52,125.9
2025-10-14,09,8,1-4-2,2770,10,10,27.7
2025-10-14,09,9,6-2-1,8990,34,34,89.9
2025-10-14,09,10,2-1-3,10290,24,24,102.9
2025-10-14,09,11,1-2-6,7980,29,29,79.8
2025-10-14,09,12,1-3-4,1770,7,7,17.7
2025-10-14,22,1,4-6-1,18080,44,44,180.8
2025-10-14,22,2,3-6-1,2230,5,5,22.3
2025-10-14,22,3,2-1-3,8200,25,25,82.0
2025-10-14,22,4,6-2-1,2840,8,8,28.4
2025-10-14,22,5,1-6-3,1020,3,3,10.2
2025-10-14,22,6,1-6-2,4190,12,12,41.9
2025-10-14,22,7,1-2-3,1910,7,7,19.1
2025-10-14,22,8,1-3-2,670,2,2,6.7
2025-10-14,22,9,6-1-5,129630,107,107,1296.0
2025-10-14,22,10,1-4-2,1450,6,6,14.5
2025-10-14,22,11,1-2-4,610,1,1,6.1
2025-10-14,22,12,1-3-2,570,2,2,5.7
2025-10-15,02,1,5-4-1,3610,11,11,36.1
2025-10-15,02,2,2-5-4,17400,48,48,174.0
2025-10-15,02,3,4-1-2,4930,23,23,49.3
2025-10-15,02,4,4-2-6,1960,4,4,19.6
2025-10-15,02,5,5-2-6,120150,109,109,1201.0
2025-10-15,02,6,1-4-3,4080,12,12,40.8
2025-10-15,02,7,1-2-3,620,1,1,6.2
2025-10-15,02,8,1-3-2,370,1,1,6.4
2025-10-15,02,9,1-4-2,1080,2,2,10.8
2025-10-15,02,10,4-2-5,2430,11,11,24.3
2025-10-15,02,11,1-2-5,1810,5,5,18.1
2025-10-15,02,12,1-5-4,4010,16,16,40.1
2025-10-15,03,1,2-1-4,5990,30,30,59.9
2025-10-15,03,2,4-1-2,3880,16,16,38.8
2025-10-15,03,3,1-3-5,890,1,1,8.9
2025-10-15,03,4,5-3-2,37100,89,89,371.0
2025-10-15,03,5,1-4-3,1440,5,5,14.4
2025-10-15,03,6,3-1-6,23460,74,74,234.6
2025-10-15,03,7,1-5-4,6630,25,25,66.3
2025-10-15,03,8,4-6-5,3260,9,9,32.6
2025-10-15,03,9,4-6-3,13540,41,41,135.4
2025-10-15,03,10,1-2-3,1090,3,3,10.9
2025-10-15,03,11,1-2-5,1460,4,4,14.6
2025-10-15,03,12,5-4-3,41350,84,84,413.5
2025-10-15,09,1,1-3-6,2330,10,10,23.3
2025-10-15,09,2,1-3-2,590,1,1,5.9
2025-10-15,09,3,4-2-1,3390,14,14,33.9
2025-10-15,09,4,1-4-5,1900,6,6,19.0
2025-10-15,09,5,1-3-5,1300,6,6,13.0
2025-10-15,09,6,3-1-5,17480,39,39,174.8
2025-10-15,09,7,1-5-3,31100,43,43,311.0
2025-10-15,09,8,4-1-2,1510,5,5,15.1
2025-10-15,09,9,1-3-4,1690,7,7,16.9
2025-10-15,09,10,1-2-6,1610,7,7,16.1
2025-10-15,09,11,1-2-3,680,1,1,6.8
2025-10-15,09,12,1-2-3,460,2,2,4.6
2025-10-15,14,1,1-3-5,450,1,1,4.5
2025-10-15,14,2,1-3-2,1490,4,4,14.9
2025-10-15,14,3,2-5-4,50090,64,64,500.9
2025-10-15,14,4,1-3-2,1070,6,6,10.7
2025-10-15,14,5,3-1-6,2460,9,9,24.6
2025-10-15,14,6,2-3-5,3230,12,12,32.3
2025-10-15,14,7,3-2-5,2380,4,4,23.8
2025-10-15,14,8,2-1-5,4260,12,12,42.6
2025-10-15,14,9,1-4-6,1290,4,4,12.9
2025-10-15,14,10,2-3-4,1220,10,7,33.6
2025-10-15,14,11,2-4-3,19950,51,51,199.5
2025-10-15,14,12,2-3-4,22950,45,45,229.5
2025-10-15,22,1,1-4-5,2830,9,9,28.3
2025-10-15,22,2,4-1-2,5750,24,24,57.5
2025-10-15,22,3,1-2-3,560,1,1,5.6
2025-10-15,22,4,1-3-2,3810,12,12,38.1
2025-10-15,22,5,1-2-3,580,2,2,5.8
2025-10-15,22,6,1-2-5,370,1,1,3.7
2025-10-15,22,7,1-2-6,1300,5,5,13.0
2025-10-15,22,8,4-5-2,12140,40,40,121.4
2025-10-15,22,9,1-3-5,3300,11,11,33.0
2025-10-15,22,10,1-4-2,1160,4,4,11.6
2025-10-15,22,11,2-1-5,6020,19,19,60.2
2025-10-15,22,12,1-3-4,990,4,4,9.9
2025-10-16,02,1,2-5-3,3350,13,13,33.5
2025-10-16,02,2,3-2-4,4890,21,21,48.9
2025-10-16,02,3,3-2-5,2480,3,3,24.8
2025-10-16,02,4,2-1-4,11420,53,53,114.2
2025-10-16,02,5,4-1-6,1380,4,4,13.8
2025-10-16,02,6,4-2-6,3180,13,13,31.8
2025-10-16,02,7,1-5-2,2000,8,8,20.0
2025-10-16,02,8,1-2-6,1290,3,3,12.9
2025-10-16,02,9,3-1-5,780,1,1,7.8
2025-10-16,02,10,5-1-3,4570,16,16,45.7
2025-10-16,02,11,1-5-2,1540,4,4,15.4
2025-10-16,02,12,2-6-1,33460,75,75,334.6
2025-10-16,03,1,3-1-5,1310,2,2,13.1
2025-10-16,03,2,2-1-5,5380,19,19,53.8
2025-10-16,03,3,1-5-3,6330,42,23,115.2
2025-10-16,03,4,5-1-2,5130,17,17,51.3
2025-10-16,03,5,1-5-2,3000,14,14,30.0
2025-10-16,03,6,2-6-4,16040,67,67,160.4
2025-10-16,03,7,1-3-2,1840,5,5,18.4
2025-10-16,03,8,2-1-5,1420,3,3,14.2
2025-10-16,03,9,5-4-3,60620,109,109,606.2
2025-10-16,03,10,1-3-2,1420,3,3,14.2
2025-10-16,03,11,1-2-6,1720,6,6,17.2
2025-10-16,03,12,3-2-5,16470,57,57,164.7
2025-10-16,09,1,1-3-4,1330,6,6,13.3
2025-10-16,09,2,1-2-5,2770,9,9,27.7
2025-10-16,09,3,1-2-4,900,1,1,9.0
2025-10-16,09,4,4-5-2,2170,7,7,21.7
2025-10-16,09,5,1-6-5,32570,45,45,325.7
2025-10-16,09,6,1-2-3,560,2,2,5.6
2025-10-16,09,7,1-3-2,680,2,2,6.8
2025-10-16,09,8,2-4-6,34910,69,69,349.1
2025-10-16,09,9,3-1-4,2450,9,9,24.5
2025-10-16,09,10,1-3-5,1100,1,1,11.0
2025-10-16,09,11,1-3-5,2660,9,9,26.6
2025-10-16,09,12,3-5-4,41370,50,50,413.7
2025-10-16,14,1,1-2-3,580,2,2,5.8
2025-10-16,14,2,1-3-2,2280,12,12,22.8
2025-10-16,14,3,1-3-4,960,4,4,9.6
2025-10-16,14,4,1-5-4,1440,4,4,14.4
2025-10-16,14,5,3-4-2,10960,45,45,109.6
2025-10-16,14,6,3-1-5,18410,40,40,184.1
2025-10-16,14,7,2-3-1,2990,10,10,29.9
2025-10-16,14,8,4-1-3,22930,65,65,229.3
2025-10-16,14,9,1-5-3,1690,2,2,16.9
2025-10-16,14,10,5-1-2,4210,17,17,42.1
2025-10-16,14,11,1-4-2,2580,7,7,25.8
2025-10-16,14,12,1-2-5,820,2,2,8.2
2025-10-17,02,1,5-4-6,9690,40,40,96.9
2025-10-17,02,2,2-6-3,1720,4,4,17.2
2025-10-17,02,3,1-3-4,7720,33,33,77.2
2025-10-17,02,4,1-5-2,2020,2,2,20.2
2025-10-17,02,5,1-5-4,5890,19,19,58.9
2025-10-17,02,6,3-6-2,1340,4,4,13.4
2025-10-17,02,7,1-4-2,1070,5,5,10.7
2025-10-17,02,8,1-4-6,8900,30,30,89.0
2025-10-17,02,9,6-3-1,8240,35,35,82.4
2025-10-17,02,10,1-6-5,7590,22,22,75.9
2025-10-17,02,11,3-6-2,59420,91,90,594.2
2025-10-17,02,12,1-3-6,1390,4,4,13.9
2025-10-17,03,1,3-4-2,10960,43,43,109.6
2025-10-17,03,2,1-4-2,3500,13,13,35.0
2025-10-17,03,3,1-3-6,3870,13,13,38.7
2025-10-17,03,4,3-2-5,5290,23,23,52.9
2025-10-17,03,5,1-2-6,2360,6,6,23.6
2025-10-17,03,6,1-2-5,1750,2,2,17.5
2025-10-17,03,7,3-6-4,3710,15,15,37.1
2025-10-17,03,8,3-4-6,16120,44,44,161.2
2025-10-17,03,9,3-6-1,4350,17,17,43.5
2025-10-17,03,10,2-4-6,6590,22,22,65.9
2025-10-17,03,11,6-1-5,22930,67,67,229.3
2025-10-17,03,12,1-2-4,1390,3,3,13.9
2025-10-17,14,1,1-2-4,410,1,1,4.1
2025-10-17,14,2,3-1-5,6170,16,16,61.7
2025-10-17,14,3,1-2-3,720,1,1,7.2
2025-10-17,14,4,2-5-6,890,23,3,74.0
2025-10-17,14,5,1-3-4,1520,4,4,15.2
2025-10-17,14,6,5-4-6,6690,26,26,66.9
2025-10-17,14,7,3-2-4,5640,19,19,56.4
2025-10-17,14,8,2-4-6,3290,13,13,32.9
2025-10-17,14,9,1-2-4,660,1,1,6.6
2025-10-17,14,10,1-4-3,400,1,1,4.0
2025-10-17,14,11,1-4-2,770,2,2,7.7
2025-10-17,14,12,1-4-3,730,2,2,7.3
2025-10-18,02,1,3-5-2,12460,48,48,124.6
2025-10-18,02,2,3-2-5,5890,33,33,58.9
2025-10-18,02,3,4-3-2,2340,19,17,39.0
2025-10-18,02,4,1-3-5,10780,38,38,107.8
2025-10-18,02,5,1-5-3,1440,3,3,14.4
2025-10-18,02,6,2-5-6,3740,14,14,37.4
2025-10-18,02,7,4-6-5,9330,33,33,93.3
2025-10-18,02,8,1-2-6,670,1,1,6.7
2025-10-18,02,9,1-2-5,2110,8,8,21.1
2025-10-18,02,10,1-3-6,4540,15,15,45.4
2025-10-18,02,11,3-4-2,11130,33,33,111.3
2025-10-18,02,12,3-1-6,8790,34,34,87.9
2025-10-18,03,1,1-4-6,2200,9,9,22.0
2025-10-18,03,2,1-3-6,6290,23,24,62.9
2025-10-18,03,3,1-2-5,2570,10,11,25.7
2025-10-18,03,4,1-6-2,18400,64,64,184.0
2025-10-18,03,5,1-4-2,830,1,1,8.3
2025-10-18,03,6,1-2-3,890,1,2,8.9
2025-10-18,03,7,3-6-4,18420,74,74,184.2
2025-10-18,03,8,1-3-5,2820,10,10,28.2
2025-10-18,03,9,1-4-3,1370,4,4,13.7
2025-10-18,03,10,4-5-1,5970,22,22,59.7
2025-10-18,03,11,1-2-3,870,1,1,8.7
2025-10-18,03,12,1-2-6,1420,6,6,14.2
2025-10-18,14,1,1-2-3,1010,5,5,10.1
2025-10-18,14,2,2-4-6,18730,47,47,187.3
2025-10-18,14,3,1-2-3,430,2,2,4.3
2025-10-18,14,4,1-4-3,850,3,3,8.5
2025-10-18,14,5,1-4-3,15500,49,49,155.0
2025-10-18,14,6,3-6-2,7890,20,20,78.9
2025-10-18,14,7,4-2-6,1010,2,2,10.1
2025-10-18,14,8,1-2-4,380,1,1,3.8
2025-10-18,14,9,2-1-5,30770,40,40,307.7
2025-10-18,14,10,1-2-6,26320,78,78,263.2
2025-10-18,14,11,1-5-6,2700,11,11,27.0
2025-10-18,14,12,1-4-3,1040,4,4,10.4
2025-10-19,02,1,3-1-6,1850,5,5,18.5
2025-10-19,02,2,4-3-2,2340,5,5,23.4
2025-10-19,02,3,3-4-5,4100,15,15,41.0
2025-10-19,02,4,1-5-2,2760,9,9,27.6
2025-10-19,02,5,4-5-1,1950,9,9,19.5
2025-10-19,02,6,1-2-6,1140,3,3,11.4
2025-10-19,02,7,1-4-2,1360,4,4,13.6
2025-10-19,02,8,4-6-1,1600,6,6,16.0
2025-10-19,02,9,4-1-2,2980,10,9,29.8
2025-10-19,02,10,1-4-2,6320,27,27,63.2
2025-10-19,02,11,2-3-4,2450,9,10,24.5
2025-10-19,02,12,6-1-4,50730,98,98,507.3
2025-10-19,03,1,3-6-4,8750,38,38,87.5
2025-10-19,03,2,5-6-3,24140,65,65,241.4
2025-10-19,03,3,1-5-4,1200,2,2,12.0
2025-10-19,03,4,2-1-3,1510,4,4,15.1
2025-10-19,03,5,4-5-1,8210,33,33,82.1
2025-10-19,03,6,5-1-6,2390,4,4,23.9
2025-10-19,03,7,6-1-2,8320,28,28,83.2
2025-10-19,03,8,4-1-5,5410,23,23,54.1
2025-10-19,03,9,6-2-3,25190,74,74,251.9
2025-10-19,03,10,1-4-3,3750,13,13,37.5
2025-10-19,03,11,1-3-2,1290,3,3,12.9
2025-10-19,03,12,1-5-6,6090,20,20,60.9
2025-10-19,14,1,1-2-3,460,1,1,4.6
2025-10-19,14,2,4-3-1,71560,78,78,715.6
2025-10-19,14,3,1-6-2,2550,7,8,25.5
2025-10-19,14,4,1-4-6,7820,31,31,78.2
2025-10-19,14,5,3-1-5,4550,16,16,45.5
2025-10-19,14,6,3-4-5,1970,5,5,19.7
2025-10-19,14,7,2-1-6,2020,3,3,20.2
2025-10-19,14,8,5-4-1,11460,43,43,114.6
2025-10-19,14,9,3-5-4,7920,83,33,346.4
2025-10-19,14,10,1-4-2,1770,7,7,17.7
2025-10-19,14,11,4-1-3,11050,31,31,110.5
2025-10-19,14,12,1-5-2,2320,9,9,23.2
2025-10-19,22,1,1-3-4,890,2,2,8.9
2025-10-19,22,2,2-3-4,3060,13,13,30.6
2025-10-19,22,3,4-5-1,6310,26,26,63.1
2025-10-19,22,4,1-2-4,1140,5,5,11.4
2025-10-19,22,5,4-3-1,3650,13,13,36.5
2025-10-19,22,6,2-1-6,1810,7,7,18.1
2025-10-19,22,7,1-6-4,1480,5,5,14.8
2025-10-19,22,8,2-3-1,730,3,3,10.3
2025-10-19,22,9,2-3-6,7850,30,30,78.5
2025-10-19,22,10,3-4-2,38780,43,43,387.8
2025-10-19,22,11,1-2-3,740,3,3,7.4
2025-10-19,22,12,1-3-2,390,1,1,3.9
2025-10-20,14,1,4-6-1,6780,19,19,67.8
2025-10-20,14,2,1-2-3,360,1,1,3.6
2025-10-20,14,3,1-2-3,920,3,3,9.2
2025-10-20,14,4,1-5-3,830,2,2,8.3
2025-10-20,14,5,3-6-2,64030,73,73,640.3
2025-10-20,14,6,1-3-2,3440,13,13,34.4
2025-10-20,14,7,2-1-4,4020,18,18,40.2
2025-10-20,14,8,5-6-1,20840,44,44,208.4
2025-10-20,14,9,1-6-5,14990,39,39,149.9
2025-10-20,14,10,2-1-3,7500,26,26,75.0
2025-10-20,14,11,5-1-2,22280,38,38,222.8
2025-10-20,14,12,1-6-3,1420,14,5,38.6
2025-10-20,22,1,2-3-1,2570,31,10,103.5
2025-10-20,22,2,3-4-5,2870,9,9,28.7
2025-10-20,22,3,3-2-5,1850,3,3,18.5
2025-10-20,22,4,2-3-1,1190,3,3,11.9
2025-10-20,22,5,4-3-5,11580,35,35,115.8
2025-10-20,22,6,5-1-3,1980,5,5,19.8
2025-10-20,22,7,3-4-2,1790,8,8,17.9
2025-10-20,22,8,4-2-3,2040,7,7,20.4
2025-10-20,22,9,1-2-4,3640,13,13,36.4
2025-10-20,22,10,5-4-1,15770,30,30,157.7
2025-10-20,22,11,2-1-4,4230,12,12,42.3
2025-10-20,22,12,1-3-2,1320,8,6,19.8
2025-10-21,09,1,1-3-6,1550,4,4,15.5
2025-10-21,09,2,1-2-4,1530,2,2,15.3
2025-10-21,09,3,1-4-6,2990,11,11,29.9
2025-10-21,09,4,3-1-5,4010,14,14,40.1
2025-10-21,09,5,5-3-6,21130,67,67,211.3
2025-10-21,09,6,3-5-1,52980,70,70,529.8
2025-10-21,09,7,2-1-4,3090,11,11,30.9
2025-10-21,09,8,1-3-2,1590,6,6,15.9
2025-10-21,09,9,1-3-4,950,16,5,40.3
2025-10-21,09,10,1-2-6,1390,5,5,13.9
2025-10-21,09,11,3-5-6,37250,71,71,372.5
2025-10-21,09,12,1-4-6,5240,17,17,52.4
2025-10-21,22,1,1-3-6,5740,18,18,57.4
2025-10-21,22,2,1-2-3,3020,13,13,30.2
2025-10-21,22,3,4-1-3,23900,68,68,239.0
2025-10-21,22,4,1-2-3,2450,9,9,24.5
2025-10-21,22,5,1-2-3,3040,12,12,30.4
2025-10-21,22,6,2-1-4,12210,35,35,122.1
2025-10-21,22,7,1-5-3,6210,20,20,62.1
2025-10-21,22,8,5-1-4,4280,16,16,42.8
2025-10-21,22,9,1-2-4,440,1,1,4.4
2025-10-21,22,10,1-6-3,430,4,2,12.9
2025-10-21,22,11,1-3-4,760,2,2,7.6
2025-10-21,22,12,5-1-4,26230,42,42,262.3
2025-10-22,09,1,4-2-5,9710,35,35,97.1
2025-10-22,09,2,1-3-4,1900,5,5,19.0
2025-10-22,09,3,1-3-2,3960,14,14,39.6
2025-10-22,09,4,1-3-2,2590,6,6,25.9
2025-10-22,09,5,3-1-5,3350,13,13,33.5
2025-10-22,09,6,1-5-3,36620,85,85,366.2
2025-10-22,09,7,1-2-3,1990,5,5,19.9
2025-10-22,09,8,1-3-4,1260,4,4,12.6
2025-10-22,09,9,1-2-5,2510,13,13,25.1
2025-10-22,09,10,1-2-4,1250,5,5,12.5
2025-10-22,09,11,1-2-4,3570,11,11,35.7
2025-10-22,09,12,4-6-3,40360,59,59,403.6
2025-10-22,22,1,1-3-4,1000,4,4,10.0
2025-10-22,22,2,4-6-2,59860,84,84,598.6
2025-10-22,22,3,2-4-1,4010,19,19,40.1
2025-10-22,22,4,3-2-4,1730,5,5,17.3
2025-10-22,22,5,4-1-3,4200,18,18,42.0
2025-10-22,22,6,2-1-3,1410,4,4,14.1
2025-10-22,22,7,4-1-3,16560,26,26,165.6
2025-10-22,22,8,1-2-5,410,2,2,4.1
2025-10-22,22,9,1-2-4,840,3,3,8.4
2025-10-22,22,10,5-4-1,88510,66,66,885.1
2025-10-22,22,11,1-3-6,4710,15,15,47.1
2025-10-22,22,12,1-2-5,900,2,2,9.0
2025-10-23,09,1,1-5-2,6310,27,27,63.1
2025-10-23,09,2,1-3-5,4380,15,15,43.8
2025-10-23,09,3,1-2-3,730,2,2,7.3
2025-10-23,09,4,1-6-4,2910,12,12,29.1
2025-10-23,09,5,1-5-6,2680,11,11,26.8
2025-10-23,09,6,1-2-6,2750,9,9,27.5
2025-10-23,09,7,1-6-2,8780,27,27,87.8
2025-10-23,09,8,6-1-3,52540,94,94,525.4
2025-10-23,09,9,1-3-2,1250,2,2,12.5
2025-10-23,09,10,1-4-2,1670,7,7,16.7
2025-10-23,09,11,1-3-4,1050,1,1,10.5
2025-10-23,09,12,2-1-4,4820,15,15,48.2
2025-10-23,22,1,2-3-4,22140,52,52,221.4
2025-10-23,22,2,3-1-2,14690,43,43,146.9
2025-10-23,22,3,3-6-4,2210,9,9,22.1
2025-10-23,22,4,1-2-4,1280,3,3,12.8
2025-10-23,22,5,1-2-5,1350,3,3,13.5
2025-10-23,22,6,1-2-4,1990,7,7,19.9
2025-10-23,22,7,1-2-3,4020,14,15,40.2
2025-10-23,22,8,1-2-3,600,1,1,6.0
2025-10-23,22,9,3-5-1,3760,16,16,37.6
2025-10-23,22,10,1-5-4,9750,22,22,97.5
2025-10-23,22,11,1-2-4,1040,3,3,10.4
2025-10-23,22,12,1-3-4,720,3,3,7.2
2025-10-24,02,1,1-2-5,2960,10,10,29.6
2025-10-24,02,2,2-5-4,9890,33,33,98.9
2025-10-24,02,3,2-1-3,7090,49,49,70.9
2025-10-24,02,4,1-2-4,4460,15,15,44.6
2025-10-24,02,5,2-4-1,3290,12,12,32.9
2025-10-24,02,6,2-1-3,1520,3,3,15.2
2025-10-24,02,7,1-2-4,1750,6,6,17.5
2025-10-24,02,8,1-2-4,3100,11,11,31.0
2025-10-24,02,9,1-2-3,1550,3,3,15.5
2025-10-24,02,10,3-2-5,13160,35,35,131.6
2025-10-24,02,11,5-1-3,33180,62,62,331.8
2025-10-24,02,12,1-3-4,2030,5,6,20.3
2025-10-24,09,1,1-5-4,6230,21,21,62.3
2025-10-24,09,2,6-3-2,28320,96,96,283.2
2025-10-24,09,3,1-4-6,6400,22,22,64.0
2025-10-24,09,4,2-1-5,4510,16,16,45.1
2025-10-24,09,5,2-1-4,3230,11,11,32.3
2025-10-24,09,6,1-4-2,5930,24,24,59.3
2025-10-24,09,7,2-3-5,27200,53,53,272.0
2025-10-24,09,8,6-3-1,86560,102,102,865.6
2025-10-24,09,9,1-4-5,2400,10,10,24.0
2025-10-24,09,10,1-2-3,1400,5,5,14.0
2025-10-24,09,11,1-5-4,4480,17,17,44.8
2025-10-24,09,12,1-4-3,990,2,2,9.9
2025-10-24,22,1,1-3-4,1060,4,4,10.6
2025-10-24,22,2,1-2-4,1280,3,3,12.8
2025-10-24,22,3,1-2-4,500,1,1,5.0
2025-10-24,22,4,3-5-4,13140,33,33,131.4
2025-10-24,22,5,1-4-5,1310,5,5,13.1
2025-10-24,22,6,1-2-6,2900,11,11,29.0
2025-10-24,22,7,1-2-4,860,4,4,8.6
2025-10-24,22,8,1-6-2,4990,21,21,49.9
2025-10-24,22,9,1-2-4,980,2,2,9.8
2025-10-24,22,10,2-1-3,4530,16,16,45.3
2025-10-24,22,11,1-3-2,2890,12,12,28.9
2025-10-24,22,12,1-2-3,530,1,1,5.3
2025-10-25,02,1,6-3-4,12070,52,52,120.7
2025-10-25,02,2,4-1-5,2620,5,5,26.2
2025-10-25,02,3,6-5-1,5450,23,23,54.5
2025-10-25,02,4,3-4-2,10720,51,51,107.2
2025-10-25,02,5,2-3-1,6640,31,31,66.4
2025-10-25,02,6,1-5-3,4450,20,20,44.5
2025-10-25,02,7,1-2-4,700,1,1,7.0
2025-10-25,02,8,4-6-2,11600,53,53,116.0
2025-10-25,02,9,3-1-5,1530,2,2,15.3
2025-10-25,02,10,1-2-6,1150,3,4,11.5
2025-10-25,02,11,3-1-5,5790,20,20,57.9
2025-10-25,02,12,2-3-4,8780,29,29,87.8
2025-10-25,03,1,2-3-1,4400,17,17,44.0
2025-10-25,03,2,1-3-5,800,1,1,8.0
2025-10-25,03,3,1-2-5,1430,2,2,14.3
2025-10-25,03,4,4-6-2,2830,13,13,28.3
2025-10-25,03,5,3-1-4,3580,10,10,35.8
2025-10-25,03,6,3-4-2,16280,51,51,162.8
2025-10-25,03,7,1-2-5,1750,2,2,17.5
2025-10-25,03,8,1-3-2,970,2,2,9.7
2025-10-25,03,9,4-5-6,3630,14,14,36.3
2025-10-25,03,10,5-2-4,4030,20,20,40.3
2025-10-25,03,11,4-3-1,4270,16,16,42.7
2025-10-25,03,12,3-1-2,5970,23,23,59.7
2025-10-25,09,1,4-1-2,4980,15,15,49.8
2025-10-25,09,2,1-3-5,2730,12,12,27.3
2025-10-25,09,3,1-3-4,1970,7,7,19.7
2025-10-25,09,4,1-3-2,2120,6,6,21.2
2025-10-25,09,5,1-2-3,700,1,1,7.0
2025-10-25,09,6,1-4-5,2860,9,9,28.6
2025-10-25,09,7,1-2-3,760,1,1,7.6
2025-10-25,09,8,1-4-5,2850,11,11,28.5
2025-10-25,09,9,1-5-3,3150,14,14,31.5
2025-10-25,09,10,1-5-6,3110,15,15,31.1
2025-10-25,09,11,2-6-3,90600,111,111,906.0
2025-10-25,09,12,3-1-5,6150,24,16,84.0
2025-10-26,02,1,2-1-5,3540,14,14,35.4
2025-10-26,02,2,2-5-1,8610,41,41,86.1
2025-10-26,02,3,6-5-2,2470,3,3,24.7
2025-10-26,02,4,3-1-4,4720,16,16,47.2
2025-10-26,02,5,1-4-3,4520,13,13,45.2
2025-10-26,02,6,5-3-4,34780,88,88,347.8
2025-10-26,02,7,1-3-5,880,2,2,8.8
2025-10-26,02,8,2-1-5,1720,1,1,17.2
2025-10-26,02,9,1-3-5,4890,16,16,48.9
2025-10-26,02,10,1-5-2,2910,10,10,29.1
2025-10-26,02,11,1-2-3,1200,3,3,12.0
2025-10-26,02,12,1-2-6,5970,23,23,59.7
2025-10-26,03,1,3-5-2,7830,32,32,78.3
2025-10-26,03,2,3-4-6,18610,45,45,186.1
2025-10-26,03,3,5-3-6,41930,97,97,419.3
2025-10-26,03,4,1-3-5,1050,1,1,10.5
2025-10-26,03,5,3-1-5,2930,8,8,29.3
2025-10-26,03,6,2-1-3,3420,13,13,34.2
2025-10-26,03,7,6-1-5,4750,20,20,47.5
2025-10-26,03,8,1-3-5,20300,63,63,203.0
2025-10-26,03,9,6-1-2,6940,25,25,69.4
2025-10-26,03,10,1-3-4,1510,3,3,15.1
2025-10-26,03,11,1-6-2,5350,20,20,53.5
2025-10-26,03,12,1-3-2,1020,3,3,10.2
2025-10-26,09,1,1-3-5,1000,3,3,10.0
2025-10-26,09,2,1-6-4,7010,22,21,70.1
2025-10-26,09,3,1-2-4,1080,1,1,10.8
2025-10-26,09,4,3-4-5,6160,22,22,61.6
2025-10-26,09,5,1-4-3,5100,22,22,51.0
2025-10-26,09,6,1-6-3,6570,19,19,65.7
2025-10-26,09,7,1-2-3,630,1,1,6.3
2025-10-26,09,8,5-6-4,53160,53,53,531.6
2025-10-26,09,9,1-3-6,5110,19,19,51.1
2025-10-26,09,10,2-1-6,5610,21,21,56.1
2025-10-26,09,11,1-3-5,2330,7,7,23.3
2025-10-26,09,12,1-4-5,1290,2,2,12.9
2025-10-26,14,1,1-5-4,2080,8,8,20.8
2025-10-26,14,2,4-2-5,40760,70,70,407.6
2025-10-26,14,3,1-2-3,700,1,1,7.0
2025-10-26,14,4,3-4-1,3300,10,10,33.0
2025-10-26,14,5,1-4-2,1860,7,7,18.6
2025-10-26,14,6,3-1-6,3470,13,13,34.7
2025-10-26,14,7,2-1-4,1800,6,6,18.0
2025-10-26,14,8,3-6-1,3130,16,16,31.3
2025-10-26,14,9,2-4-6,19660,68,68,196.6
2025-10-26,14,10,1-2-4,1350,1,1,13.5
2025-10-26,14,11,1-4-5,2060,7,7,20.6
2025-10-26,14,12,1-5-2,2720,9,9,27.2
2025-10-27,02,1,3-4-1,2970,12,12,29.7
2025-10-27,02,2,1-3-4,1740,6,6,17.4
2025-10-27,02,3,1-2-4,2780,6,6,27.8
2025-10-27,02,4,1-4-6,900,2,2,9.0
2025-10-27,02,5,4-5-2,6980,32,32,69.8
2025-10-27,02,6,1-4-3,2430,10,10,24.3
2025-10-27,02,7,1-3-4,570,1,1,5.7
2025-10-27,02,8,1-6-4,10970,38,38,109.7
2025-10-27,02,9,5-3-6,151650,110,110,1516.0
2025-10-27,02,10,1-5-6,14070,57,57,140.7
2025-10-27,02,11,6-4-1,22990,70,70,229.9
2025-10-27,02,12,5-6-4,31340,104,104,313.4
2025-10-27,03,1,4-1-6,18800,67,67,188.0
2025-10-27,03,2,4-1-5,3770,14,14,37.7
2025-10-27,03,3,1-4-5,1990,8,8,19.9
2025-10-27,03,4,1-2-6,1460,4,4,14.6
2025-10-27,03,5,2-1-4,1930,4,4,19.3
2025-10-27,03,6,1-5-4,1360,4,4,13.6
2025-10-27,03,7,2-6-3,4640,19,19,46.4
2025-10-27,03,8,1-3-4,2540,11,11,25.4
2025-10-27,03,9,1-2-5,610,1,1,6.1
2025-10-27,03,10,2-1-4,2110,8,8,21.1
2025-10-27,03,11,1-2-5,600,1,1,6.0
2025-10-27,03,12,1-2-3,640,2,2,6.4
2025-10-27,14,1,1-3-2,520,1,1,5.2
2025-10-27,14,2,1-2-6,1850,8,8,18.5
2025-10-27,14,3,1-2-6,1190,2,2,11.9
2025-10-27,14,4,4-5-2,13770,49,49,137.7
2025-10-27,14,5,6-1-2,1850,6,6,18.5
2025-10-27,14,6,3-2-1,8100,36,36,81.0
2025-10-27,14,7,2-6-5,5800,27,27,58.0
2025-10-27,14,8,4-2-1,2550,10,10,25.5
2025-10-27,14,9,2-1-4,3590,14,14,35.9
2025-10-27,14,10,4-5-2,2400,2,2,24.0
2025-10-27,14,11,3-5-2,8240,40,40,82.4
2025-10-27,14,12,4-2-1,9480,39,39,94.8
2025-10-28,03,1,3-2-4,4250,19,19,42.5
2025-10-28,03,2,3-1-6,20260,57,57,202.6
2025-10-28,03,3,3-1-6,23060,58,58,230.6
2025-10-28,03,4,1-2-5,2560,9,9,25.6
2025-10-28,03,5,1-2-3,1160,1,1,11.6
2025-10-28,03,6,3-1-5,1180,3,3,11.8
2025-10-28,03,7,2-6-3,3600,12,12,36.0
2025-10-28,03,8,1-2-4,2260,6,6,22.6
2025-10-28,03,9,6-2-1,4030,13,13,40.3
2025-10-28,03,10,1-3-4,2950,9,9,29.5
2025-10-28,03,11,1-3-5,710,1,1,7.1
2025-10-28,03,12,2-1-3,4820,18,18,48.2
2025-10-28,14,1,1-6-3,3910,12,12,39.1
2025-10-28,14,2,3-1-5,4110,17,17,41.1
2025-10-28,14,3,1-2-4,1630,5,5,16.3
2025-10-28,14,4,1-4-3,2420,10,10,24.2
2025-10-28,14,5,6-2-4,6410,28,28,64.1
2025-10-28,14,6,3-5-2,2250,37,8,107.0
2025-10-28,14,7,3-1-4,13360,56,56,133.6
2025-10-28,14,8,3-1-4,4400,15,15,44.0
2025-10-28,14,9,3-6-4,6160,18,18,61.6
2025-10-28,14,10,2-1-6,6090,20,20,60.9
2025-10-28,14,11,1-2-3,1150,1,1,11.5
2025-10-28,14,12,1-3-5,3280,11,11,32.8
2025-10-28,22,1,1-2-3,540,1,1,5.4
2025-10-28,22,2,2-4-5,3360,14,14,33.6
2025-10-28,22,3,5-1-3,7450,28,28,74.5
2025-10-28,22,4,1-4-3,2070,8,7,20.7
2025-10-28,22,5,1-2-4,890,2,2,8.9
2025-10-28,22,6,4-1-3,16000,55,55,160.0
2025-10-28,22,7,4-5-2,4350,16,16,43.5
2025-10-28,22,8,1-2-4,1210,4,4,12.1
2025-10-28,22,9,1-5-4,5920,22,22,59.2
2025-10-28,22,10,1-3-2,1000,3,3,10.0
2025-10-28,22,11,1-5-3,7440,23,23,74.4
2025-10-28,22,12,1-2-4,730,1,1,7.3
2025-10-29,03,1,1-3-2,1180,2,2,11.8
2025-10-29,03,2,4-6-1,8880,35,35,88.8
2025-10-29,03,3,4-2-1,3410,13,13,34.1
2025-10-29,03,4,1-3-2,2520,10,10,25.2
2025-10-29,03,5,1-4-2,4600,20,20,46.0
2025-10-29,03,6,1-3-2,580,1,1,5.8
2025-10-29,03,7,1-5-2,1070,2,2,10.7
2025-10-29,03,8,2-3-1,6970,29,29,69.7
2025-10-29,03,9,1-3-5,940,2,2,9.4
2025-10-29,03,10,3-2-6,37980,69,69,379.8
2025-10-29,03,11,3-1-6,5130,19,19,51.3
2025-10-29,03,12,1-2-4,1440,4,4,14.4
2025-10-29,14,1,1-4-3,900,4,4,9.0
2025-10-29,14,2,2-3-5,730,6,2,22.7
2025-10-29,14,3,1-2-3,460,1,1,4.6
2025-10-29,14,4,1-5-4,8670,31,31,86.7
2025-10-29,14,5,1-5-6,2370,11,11,23.7
2025-10-29,14,6,1-5-2,22930,61,61,229.3
2025-10-29,14,7,1-4-3,2520,11,11,25.2
2025-10-29,14,8,1-2-5,3230,15,15,32.3
2025-10-29,14,9,3-4-6,5310,18,18,53.1
2025-10-29,14,10,1-4-6,7020,26,26,70.2
2025-10-29,14,11,5-2-3,56920,79,79,569.2
2025-10-29,14,12,2-1-6,15690,35,35,156.9
2025-10-29,22,1,1-6-2,5020,12,12,50.2
2025-10-29,22,2,1-2-3,520,1,1,5.2
2025-10-29,22,3,2-4-1,19380,42,42,193.8
2025-10-29,22,4,1-4-6,19580,35,35,195.8
2025-10-29,22,5,4-2-6,11410,38,38,114.1
2025-10-29,22,6,1-3-5,1840,3,3,18.4
2025-10-29,22,7,3-1-5,680,2,2,6.8
2025-10-29,22,8,5-3-1,15810,36,36,158.1
2025-10-29,22,9,1-2-4,990,3,3,9.9
2025-10-29,22,10,1-2-3,3550,11,11,35.5
2025-10-29,22,11,1-2-5,760,2,2,7.6
2025-10-29,22,12,1-5-3,3770,16,16,37.7
2025-10-30,03,1,4-5-1,11580,50,50,115.8
2025-10-30,03,2,3-4-2,5530,21,21,55.3
2025-10-30,03,3,2-4-1,2870,15,15,28.7
2025-10-30,03,4,1-6-3,3030,10,10,30.3
2025-10-30,03,5,2-4-5,2990,15,15,29.9
2025-10-30,03,6,1-5-3,8380,38,38,83.8
2025-10-30,03,7,2-3-4,13970,42,42,139.7
2025-10-30,03,8,1-5-3,8160,37,37,81.6
2025-10-30,03,9,2-1-6,1860,7,7,18.6
2025-10-30,03,10,4-1-2,15030,49,49,150.3
2025-10-30,03,11,1-2-4,1380,5,5,13.8
2025-10-30,03,12,1-3-2,990,3,3,9.9
2025-10-30,09,1,1-2-4,420,1,1,4.2
2025-10-30,09,2,1-4-3,940,2,2,9.4
2025-10-30,09,3,1-4-3,2050,10,8,31.0
2025-10-30,09,4,3-2-1,20320,72,72,203.2
2025-10-30,09,5,1-4-5,1480,6,6,14.8
2025-10-30,09,6,5-4-1,26800,51,51,268.0
2025-10-30,09,7,3-1-4,810,1,1,8.1
2025-10-30,09,8,1-4-3,2060,6,6,20.6
2025-10-30,09,9,1-2-4,3030,12,12,30.3
2025-10-30,09,10,1-4-2,1330,4,4,13.3
2025-10-30,09,11,2-6-4,11630,38,38,116.3
2025-10-30,09,12,2-5-1,21370,40,40,213.7
2025-10-30,14,1,1-3-2,580,1,1,5.8
2025-10-30,14,2,2-1-3,5390,21,21,53.9
2025-10-30,14,3,1-2-6,2600,10,10,26.0
2025-10-30,14,4,4-1-2,11140,44,44,111.4
2025-10-30,14,5,2-1-5,760,2,2,7.6
2025-10-30,14,6,1-4-6,2350,8,8,23.5
2025-10-30,14,7,2-5-3,16060,43,43,160.6
2025-10-30,14,8,1-2-6,980,1,1,9.8
2025-10-30,14,9,1-5-6,2840,7,7,28.4
2025-10-30,14,10,1-4-2,990,2,2,9.9
2025-10-30,14,11,2-1-5,2840,11,11,28.4
2025-10-30,14,12,1-4-2,1930,8,8,19.3
2025-10-30,22,1,1-2-3,350,1,1,3.5
2025-10-30,22,2,1-2-4,2450,10,10,24.5
2025-10-30,22,3,1-2-6,4180,14,14,41.8
2025-10-30,22,4,3-1-6,1940,7,7,19.4
2025-10-30,22,5,2-1-4,1010,3,3,10.1
2025-10-30,22,6,4-3-5,17160,49,49,171.6
2025-10-30,22,7,3-2-6,8510,36,36,85.1
2025-10-30,22,8,2-3-5,3690,13,13,36.9
2025-10-30,22,9,1-3-4,1020,4,4,10.2
2025-10-30,22,10,4-5-1,18530,52,52,185.3
2025-10-30,22,11,5-2-6,61850,80,80,618.5
2025-10-30,22,12,3-2-4,9090,26,26,90.9
2025-10-31,09,1,1-2-6,1040,4,4,10.4
2025-10-31,09,2,1-2-3,660,1,1,6.6
2025-10-31,09,3,1-6-2,8730,32,32,87.3
2025-10-31,09,4,2-1-4,1490,2,2,14.9
2025-10-31,09,5,1-2-5,1170,4,4,11.7
2025-10-31,09,6,1-3-6,1860,7,7,18.6
2025-10-31,09,7,2-6-4,1630,2,2,16.3
2025-10-31,09,8,2-4-3,1680,6,6,16.8
2025-10-31,09,9,1-3-6,870,4,4,8.7
2025-10-31,09,10,2-1-5,8110,27,27,81.1
2025-10-31,09,11,1-5-2,2360,9,9,23.6
2025-10-31,09,12,1-4-2,1520,5,5,15.2
2025-10-31,14,1,1-2-4,540,1,1,5.4
2025-10-31,14,2,1-3-4,850,2,2,8.5
2025-10-31,14,3,2-5-1,2420,9,9,24.2
2025-10-31,14,4,5-2-4,84180,105,105,841.8
2025-10-31,14,5,5-1-2,4780,17,17,47.8
2025-10-31,14,6,2-1-4,8710,32,32,87.1
2025-10-31,14,7,2-3-1,3870,14,14,38.7
2025-10-31,14,8,4-1-2,5240,17,17,52.4
2025-10-31,14,9,5-6-1,12920,53,53,129.2
2025-10-31,14,10,1-2-4,580,1,1,6.9
2025-10-31,14,11,2-1-5,4540,15,15,45.4
2025-10-31,14,12,1-3-2,970,3,3,9.7
2025-10-31,22,1,1-3-4,970,4,4,9.7
2025-10-31,22,2,3-2-4,3400,12,12,34.0
2025-10-31,22,3,1-5-2,9730,35,35,97.3
2025-10-31,22,4,1-3-2,1610,6,6,16.1
2025-10-31,22,5,4-2-5,2300,6,6,23.0
2025-10-31,22,6,3-4-1,2560,9,9,25.6
2025-10-31,22,7,1-2-4,500,1,1,5.0
2025-10-31,22,8,3-1-2,1250,4,4,12.5
2025-10-31,22,9,1-2-3,380,1,1,3.8
2025-10-31,22,10,3-5-2,3820,16,16,38.2
2025-10-31,22,11,1-4-3,3010,11,11,30.1
2025-10-31,22,12,1-3-2,960,2,2,9.6
2025-11-01,09,1,1-3-6,1260,4,4,12.6
2025-11-01,09,2,6-3-2,9990,40,40,99.9
2025-11-01,09,3,1-4-3,3490,18,18,34.9
2025-11-01,09,4,5-3-4,15560,59,59,155.6
2025-11-01,09,5,1-4-2,1360,7,7,13.6
2025-11-01,09,6,1-3-5,5480,32,32,54.8
2025-11-01,09,7,5-4-6,42430,88,88,424.3
2025-11-01,09,8,1-3-6,500,1,1,5.0
2025-11-01,09,9,5-3-2,28780,81,81,287.8
2025-11-01,09,10,3-6-4,17140,50,50,171.4
2025-11-01,09,11,3-1-5,5100,16,16,51.0
2025-11-01,09,12,1-2-6,3520,9,9,35.2
2025-11-01,22,1,1-2-3,2020,8,8,20.2
2025-11-01,22,2,1-3-2,1140,4,4,11.4
2025-11-01,22,3,1-2-3,440,2,2,4.4
2025-11-01,22,4,3-5-4,19380,62,62,193.8
2025-11-01,22,5,1-4-2,1670,6,6,16.7
2025-11-01,22,6,1-2-5,830,3,3,8.3
2025-11-01,22,7,3-2-1,3240,11,11,32.4
2025-11-01,22,8,1-3-4,780,2,3,7.8
2025-11-01,22,9,1-4-3,800,1,1,8.0
2025-11-01,22,10,4-2-1,7360,18,18,73.6
2025-11-01,22,11,2-3-5,23560,48,48,235.6
2025-11-01,22,12,2-4-1,8840,25,25,88.4
2025-11-02,09,1,1-3-4,660,3,3,6.6
2025-11-02,09,2,3-1-6,6110,21,21,61.1
2025-11-02,09,3,4-2-3,6670,24,24,66.7
2025-11-02,09,4,2-1-5,6830,34,34,68.3
2025-11-02,09,5,1-3-4,670,1,1,6.7
2025-11-02,09,6,1-2-5,1820,6,6,18.2
2025-11-02,09,7,1-5-2,650,2,2,6.5
2025-11-02,09,8,1-6-3,2420,9,9,24.2
2025-11-02,09,9,1-2-5,830,2,2,8.3
2025-11-02,09,10,1-2-3,2640,6,6,26.4
2025-11-02,09,11,1-2-4,660,1,1,6.6
2025-11-02,09,12,3-1-5,16030,24,24,160.3
2025-11-02,22,1,1-5-6,2270,9,9,22.7
2025-11-02,22,2,1-2-3,760,3,3,7.6
2025-11-02,22,3,1-3-2,880,3,3,8.8
2025-11-02,22,4,1-4-2,5450,29,29,54.5
2025-11-02,22,5,2-1-3,1440,4,4,14.4
2025-11-02,22,6,1-4-5,710,2,2,7.1
2025-11-02,22,7,1-2-4,750,2,2,7.5
2025-11-02,22,8,1-4-2,730,1,1,7.3
2025-11-02,22,9,1-3-2,520,1,1,5.2
2025-11-02,22,10,1-4-5,1140,1,1,11.4
2025-11-02,22,11,1-2-5,820,2,2,8.2
2025-11-02,22,12,1-2-5,2040,6,6,20.4
2025-11-04,02,1,2-4-3,3240,8,8,32.4
2025-11-04,02,2,3-4-6,3610,15,15,36.1
2025-11-04,02,3,6-5-2,32170,89,89,321.7
2025-11-04,02,4,1-4-2,1360,1,1,13.6
2025-11-04,02,5,4-3-1,7120,36,35,71.2
2025-11-04,02,6,1-2-5,540,1,1,5.4
2025-11-04,02,7,1-5-2,2390,7,7,23.9
2025-11-04,02,8,1-2-6,2070,6,6,20.7
2025-11-04,02,9,4-3-2,45380,88,88,453.8
2025-11-04,02,10,4-3-5,16840,44,44,168.4
2025-11-04,02,11,3-4-1,1560,5,5,15.6
2025-11-04,02,12,5-1-6,29710,79,79,297.1
2025-11-05,02,1,3-1-6,7310,33,33,73.1
2025-11-05,02,2,2-5-4,2800,8,8,28.0
2025-11-05,02,3,3-1-6,5340,20,20,53.4
2025-11-05,02,4,6-1-4,11600,50,50,116.0
2025-11-05,02,5,2-4-5,6640,27,27,66.4
2025-11-05,02,6,2-5-4,3180,10,10,31.8
2025-11-05,02,7,1-6-4,1630,2,2,16.3
2025-11-05,02,8,1-5-6,1490,2,2,14.9
2025-11-05,02,9,4-2-6,26530,93,93,265.3
2025-11-05,02,10,4-3-1,3130,13,13,31.3
2025-11-05,02,11,1-5-2,3300,11,11,33.0
2025-11-05,02,12,1-4-3,720,2,2,7.2
2025-11-05,09,1,1-6-5,5200,15,15,52.0
2025-11-05,09,2,1-2-5,2360,8,8,23.6
2025-11-05,09,3,5-2-1,3840,16,16,38.4
2025-11-05,09,4,4-3-6,4390,12,12,43.9
2025-11-05,09,5,1-2-3,410,1,1,4.1
2025-11-05,09,6,3-2-4,19610,58,58,196.1
2025-11-05,09,7,1-4-5,7530,27,27,75.3
2025-11-05,09,8,1-3-2,2300,9,9,23.0
2025-11-05,09,9,4-2-5,13640,50,50,136.4
2025-11-05,09,10,1-2-5,790,2,2,7.9
2025-11-05,09,11,1-5-3,2600,11,11,26.0
2025-11-05,09,12,4-5-6,23960,56,56,239.6
2025-11-06,02,1,2-1-4,6990,27,27,69.9
2025-11-06,02,2,6-3-4,98950,119,119,989.5
2025-11-06,02,3,1-2-6,8830,37,37,88.3
2025-11-06,02,4,1-4-2,2480,9,9,24.8
2025-11-06,02,5,4-5-3,8000,32,32,80.0
2025-11-06,02,6,3-2-6,20330,74,74,203.3
2025-11-06,02,7,2-1-5,10220,33,33,102.2
2025-11-06,02,8,5-1-6,2370,8,8,23.7
2025-11-06,02,9,6-1-4,14320,44,44,143.2
2025-11-06,02,10,3-5-2,6250,24,24,62.5
2025-11-06,02,11,1-5-6,1720,5,5,17.2
2025-11-06,02,12,1-4-2,1800,6,6,18.0
2025-11-06,09,1,1-3-4,520,1,1,5.2
2025-11-06,09,2,2-3-5,17940,40,40,179.4
2025-11-06,09,3,5-2-1,8520,43,43,85.2
2025-11-06,09,4,2-6-4,11850,47,47,118.5
2025-11-06,09,5,1-2-5,980,3,3,9.8
2025-11-06,09,6,2-4-1,2690,10,10,26.9
2025-11-06,09,7,4-1-2,1220,3,3,12.2
2025-11-06,09,8,6-5-1,154540,98,97,1545.0
2025-11-06,09,9,5-2-1,6020,25,25,60.2
2025-11-06,09,10,3-1-5,2250,7,7,22.5
2025-11-06,09,11,1-4-2,2200,6,6,22.0
2025-11-06,09,12,3-1-4,2310,9,9,23.1
2025-11-06,14,1,3-4-1,5460,17,17,54.6
2025-11-06,14,2,3-1-4,1170,2,2,11.7
2025-11-06,14,3,4-5-1,15600,45,45,156.0
2025-11-06,14,4,1-5-6,1230,2,2,12.3
2025-11-06,14,5,1-4-5,3040,11,11,30.4
2025-11-06,14,6,3-5-2,4710,20,20,47.1
2025-11-06,14,7,1-4-3,3940,14,14,39.4
2025-11-06,14,8,3-4-2,2630,8,8,26.3
2025-11-06,14,9,3-4-1,2340,5,5,23.4
2025-11-06,14,10,1-2-4,890,1,1,8.9
2025-11-06,14,11,2-1-4,1760,5,5,17.6
2025-11-06,14,12,2-5-4,10480,42,42,104.8
2025-11-06,22,1,1-2-3,660,3,3,6.6
2025-11-06,22,2,4-1-5,2870,8,8,28.7
2025-11-06,22,3,5-2-1,68820,94,94,688.2
2025-11-06,22,4,6-4-3,5630,26,26,56.3
2025-11-06,22,5,2-1-3,1430,4,4,14.3
2025-11-06,22,6,1-6-3,6900,27,27,69.0
2025-11-06,22,7,1-5-2,6170,23,23,61.7
2025-11-06,22,8,1-3-6,1670,5,5,16.7
2025-11-06,22,9,1-3-2,1060,3,3,10.6
2025-11-06,22,10,1-3-2,2180,5,6,21.8
2025-11-06,22,11,1-4-5,2740,9,9,27.4
2025-11-06,22,12,2-1-5,2760,10,10,27.6
2025-11-07,02,1,1-5-2,1240,59,6,114.6
2025-11-07,02,2,1-3-4,4580,20,20,45.8
2025-11-07,02,3,2-3-6,12960,44,44,129.6
2025-11-07,02,4,2-3-4,2590,10,10,25.9
2025-11-07,02,5,3-2-5,2130,7,7,21.3
2025-11-07,02,6,2-1-6,1270,1,1,12.7
2025-11-07,02,7,1-3-5,1120,3,3,11.2
2025-11-07,02,8,3-1-6,5320,19,19,53.2
2025-11-07,02,9,4-1-5,29690,64,64,296.9
2025-11-07,02,10,1-3-2,1370,2,2,13.7
2025-11-07,02,11,1-2-3,1230,2,2,12.3
2025-11-07,02,12,1-3-4,2460,8,8,24.6
2025-11-07,03,1,3-5-1,4480,20,20,44.8
2025-11-07,03,2,4-2-1,2480,8,8,24.8
2025-11-07,03,3,4-3-5,2020,6,6,20.2
2025-11-07,03,4,2-1-3,3910,14,14,39.1
2025-11-07,03,5,3-5-6,19320,62,62,193.2
2025-11-07,03,6,6-1-2,4320,16,16,43.2
2025-11-07,03,7,4-6-1,5000,24,24,50.0
2025-11-07,03,8,1-3-6,2680,9,9,26.8
2025-11-07,03,9,1-2-5,2430,10,10,24.3
2025-11-07,03,10,4-3-5,11830,45,45,118.3
2025-11-07,03,11,2-4-5,15290,41,41,152.9
2025-11-07,03,12,1-5-3,1920,5,5,19.2
2025-11-07,09,1,3-1-4,3420,11,11,34.2
2025-11-07,09,2,1-3-4,1060,3,3,10.6
2025-11-07,09,3,4-5-6,4490,18,18,44.9
2025-11-07,09,4,2-5-4,6160,23,23,61.6
2025-11-07,09,5,1-3-5,1790,7,7,17.9
2025-11-07,09,6,5-1-2,4030,19,19,40.3
2025-11-07,09,7,6-4-2,3340,12,12,33.4
2025-11-07,09,8,5-2-3,13390,55,55,133.9
2025-11-07,09,9,1-4-3,1790,4,4,17.9
2025-11-07,09,10,1-3-2,1410,2,2,14.1
2025-11-07,09,11,2-1-5,1720,5,5,17.2
2025-11-07,09,12,1-2-4,660,2,2,6.6
2025-11-07,14,1,1-3-2,450,2,2,4.5
2025-11-07,14,2,2-1-3,4300,14,14,43.0
2025-11-07,14,3,1-6-3,3550,14,14,35.5
2025-11-07,14,4,3-4-6,2040,6,6,20.4
2025-11-07,14,5,1-2-6,1600,8,8,16.0
2025-11-07,14,6,2-5-6,4590,14,14,45.9
2025-11-07,14,7,3-4-1,21520,58,58,215.2
2025-11-07,14,8,3-4-6,10250,42,42,102.5
2025-11-07,14,9,1-5-3,1640,5,5,16.4
2025-11-07,14,10,4-6-1,16420,62,62,164.2
2025-11-07,14,11,3-1-5,2010,7,7,20.1
2025-11-07,14,12,3-2-4,15500,52,52,155.0
2025-11-07,22,1,5-4-1,11250,26,26,112.5
2025-11-07,22,2,2-5-4,10520,45,45,105.2
2025-11-07,22,3,1-4-6,16190,46,46,161.9
2025-11-07,22,4,3-5-6,18510,61,61,185.1
2025-11-07,22,5,1-3-6,2570,10,10,25.7
2025-11-07,22,6,5-2-1,2940,11,11,29.4
2025-11-07,22,7,2-1-5,1100,2,2,11.0
2025-11-07,22,8,1-4-2,4490,16,16,44.9
2025-11-07,22,9,1-2-4,1410,3,3,14.1
2025-11-07,22,10,1-6-3,700,2,2,7.0
2025-11-07,22,11,1-2-5,1110,2,2,11.1
2025-11-07,22,12,1-2-5,890,1,1,8.9
2025-11-08,02,1,1-2-6,6820,27,27,68.2
2025-11-08,02,2,3-5-1,5930,27,27,59.3
2025-11-08,02,3,4-3-1,17840,74,74,178.4
2025-11-08,02,4,4-5-2,2250,8,8,22.5
2025-11-08,02,5,4-5-6,3490,10,10,34.9
2025-11-08,02,6,5-2-6,45110,85,85,451.1
2025-11-08,02,7,1-6-4,12910,48,48,129.1
2025-11-08,02,8,2-3-6,5030,17,17,50.3
2025-11-08,02,9,1-3-5,1390,3,3,13.9
2025-11-08,02,10,4-2-6,6620,28,28,66.2
2025-11-08,02,11,3-4-1,7220,25,25,72.2
2025-11-08,02,12,1-5-4,2830,11,11,28.3
2025-11-08,03,1,1-3-6,2390,5,5,23.9
2025-11-08,03,2,5-1-4,3240,13,13,32.4
2025-11-08,03,3,1-4-2,3540,13,14,35.4
2025-11-08,03,4,2-5-3,2590,8,8,25.9
2025-11-08,03,5,1-4-3,600,1,1,6.0
2025-11-08,03,6,1-4-3,690,2,2,6.9
2025-11-08,03,7,1-2-6,1510,5,5,15.1
2025-11-08,03,8,2-3-4,4100,19,19,41.0
2025-11-08,03,9,2-1-4,1400,6,6,14.0
2025-11-08,03,10,5-1-6,2340,7,7,23.4
2025-11-08,03,11,4-1-2,6860,23,23,68.6
2025-11-08,03,12,3-1-2,8030,34,34,80.3
2025-11-08,09,1,1-3-5,970,4,4,9.7
2025-11-08,09,2,4-1-3,4610,20,20,46.1
2025-11-08,09,3,1-4-2,7330,44,44,73.3
2025-11-08,09,4,1-3-4,620,1,1,6.2
2025-11-08,09,5,1-4-3,930,3,3,9.3
2025-11-08,09,6,5-2-6,650,1,1,6.5
2025-11-08,09,7,6-4-5,88010,114,114,880.1
2025-11-08,09,8,5-1-6,4450,15,15,44.5
2025-11-08,09,9,1-2-5,1530,5,5,15.3
2025-11-08,09,10,1-5-6,4700,13,13,47.0
2025-11-08,09,11,1-5-2,3420,11,11,34.2
2025-11-08,09,12,3-2-6,74780,101,101,747.8
2025-11-08,14,1,4-3-6,27770,66,66,277.7
2025-11-08,14,2,3-1-6,21990,65,65,219.9
2025-11-08,14,3,1-3-2,930,2,2,9.3
2025-11-08,14,4,2-1-5,4900,18,18,49.0
2025-11-08,14,5,2-3-4,1790,5,5,17.9
2025-11-08,14,6,1-6-4,58450,95,95,584.5
2025-11-08,14,7,1-5-2,4790,19,19,47.9
2025-11-08,14,8,5-1-2,2690,7,7,26.9
2025-11-08,14,9,1-5-4,22680,68,68,226.8
2025-11-08,14,10,1-3-4,730,2,2,7.3
2025-11-08,14,11,6-1-3,4100,18,18,41.0
2025-11-08,14,12,4-3-2,33410,62,62,334.1
2025-11-08,22,1,1-3-4,970,3,3,9.7
2025-11-08,22,2,5-1-3,18360,55,55,183.6
2025-11-08,22,3,1-5-2,6880,26,26,68.8
2025-11-08,22,4,4-5-1,1340,1,1,13.4
2025-11-08,22,5,1-3-4,890,3,3,8.9
2025-11-08,22,6,5-3-2,12350,45,45,123.5
2025-11-08,22,7,1-3-2,9190,40,40,91.9
2025-11-08,22,8,1-2-4,980,2,2,9.8
2025-11-08,22,9,1-2-5,940,1,1,9.4
2025-11-08,22,10,3-1-6,13080,32,32,130.8
2025-11-08,22,11,1-4-3,900,2,2,9.0
2025-11-08,22,12,2-4-3,61590,78,78,615.9
2025-11-09,03,1,1-3-5,4540,17,17,45.4
2025-11-09,03,2,6-3-2,68730,81,81,687.3
2025-11-09,03,3,3-4-2,1670,2,2,16.7
2025-11-09,03,4,1-2-4,980,2,2,9.8
2025-11-09,03,5,3-4-2,1380,2,2,13.8
2025-11-09,03,6,1-5-3,1420,16,6,41.6
2025-11-09,03,7,1-2-4,1040,3,3,10.4
2025-11-09,03,8,5-2-6,5310,21,21,53.1
2025-11-09,03,9,1-2-6,4650,16,16,46.5
2025-11-09,03,10,2-6-1,2440,7,7,24.4
2025-11-09,03,11,1-3-6,1160,2,2,11.6
2025-11-09,03,12,1-5-2,800,3,3,8.0
2025-11-09,09,1,1-2-4,1530,6,6,15.3
2025-11-09,09,2,1-4-2,2740,10,10,27.4
2025-11-09,09,3,1-3-6,3770,14,14,37.7
2025-11-09,09,4,1-2-4,1280,1,1,12.8
2025-11-09,09,5,1-4-2,1770,8,8,17.7
2025-11-09,09,6,1-6-2,3450,15,15,34.5
2025-11-09,09,7,1-2-3,720,3,3,7.2
2025-11-09,09,8,1-2-5,8270,34,34,82.7
2025-11-09,09,9,1-6-3,2220,7,7,22.2
2025-11-09,09,10,1-5-4,3350,14,14,33.5
2025-11-09,09,11,1-2-4,800,2,2,8.0
2025-11-09,09,12,1-4-2,2200,8,8,22.0
2025-11-09,14,1,1-3-4,1000,4,4,10.0
2025-11-09,14,2,3-2-6,1950,8,8,19.5
2025-11-09,14,3,4-1-5,2960,11,11,29.6
2025-11-09,14,4,2-4-3,52630,73,73,526.3
2025-11-09,14,5,3-4-1,8310,33,33,83.1
2025-11-09,14,6,2-6-3,15420,51,51,154.2
2025-11-09,14,7,4-5-6,1840,26,7,58.4
2025-11-09,14,8,1-6-3,1530,2,2,15.3
2025-11-09,14,9,5-4-6,7840,38,38,78.4
2025-11-09,14,10,4-3-6,14560,53,53,145.6
2025-11-09,14,11,1-2-6,3420,10,10,34.2
2025-11-09,14,12,2-1-4,3360,12,12,33.6
2025-11-09,22,1,4-5-2,21990,39,39,219.9
2025-11-09,22,2,2-6-3,5590,21,21,55.9
2025-11-09,22,3,1-4-3,1880,5,5,18.8
2025-11-09,22,4,2-1-4,1990,7,7,19.9
2025-11-09,22,5,3-2-4,1270,3,3,12.7
2025-11-09,22,6,2-3-4,730,1,1,7.3
2025-11-09,22,7,2-4-1,7130,35,35,71.3
2025-11-09,22,8,2-3-5,10890,26,26,108.9
2025-11-09,22,9,1-4-3,1050,4,4,10.5
2025-11-09,22,10,1-5-6,7400,26,26,74.0
2025-11-09,22,11,5-1-4,10110,31,31,101.1
2025-11-09,22,12,1-3-2,1000,2,2,10.0
2025-11-10,03,1,3-5-6,8810,41,41,88.1
2025-11-10,03,2,1-5-2,2600,9,9,26.0
2025-11-10,03,3,3-2-5,3170,12,12,31.7
2025-11-10,03,4,5-2-3,3420,13,13,34.2
2025-11-10,03,5,2-3-4,3010,16,16,30.1
2025-11-10,03,6,3-4-1,2170,6,6,21.7
2025-11-10,03,7,5-1-2,3310,12,12,33.1
2025-11-10,03,8,4-2-1,4570,15,15,45.7
2025-11-10,03,9,1-5-2,1040,3,3,10.4
2025-11-10,03,10,1-2-6,1750,5,5,17.5
2025-11-10,03,11,5-1-6,4530,15,15,45.3
2025-11-10,03,12,1-3-6,2950,14,14,29.5
2025-11-10,09,1,1-2-4,2400,10,10,24.0
2025-11-10,09,2,3-4-1,3880,12,12,38.8
2025-11-10,09,3,1-3-2,1250,2,2,12.5
2025-11-10,09,4,4-5-1,2600,10,10,26.0
2025-11-10,09,5,1-2-5,2480,9,9,24.8
2025-11-10,09,6,1-3-2,2090,8,8,20.9
2025-11-10,09,8,3-4-6,113920,95,95,1139.0
2025-11-10,09,9,1-2-3,1030,3,3,10.3
2025-11-10,09,10,1-2-5,2630,9,9,26.3
2025-11-10,09,11,1-3-2,1330,6,6,13.3
2025-11-10,09,12,1-4-6,5300,18,18,53.0
2025-11-10,14,1,1-2-6,1460,5,5,14.6
2025-11-10,14,2,1-3-2,4640,19,19,46.4
2025-11-10,14,3,6-1-3,30830,76,76,308.3
2025-11-10,14,4,3-6-1,5420,21,21,54.2
2025-11-10,14,5,3-1-2,4460,18,18,44.6
2025-11-10,14,6,1-5-3,6260,28,28,62.6
2025-11-10,14,7,4-5-3,14490,47,47,144.9
2025-11-10,14,8,3-6-1,4560,19,19,45.6
2025-11-10,14,9,2-3-5,3830,14,14,38.3
2025-11-10,14,10,3-1-6,7900,30,30,79.0
2025-11-10,14,11,1-2-4,800,1,1,8.0
2025-11-10,14,12,1-2-3,580,1,1,5.8
2025-11-10,22,1,1-5-4,1910,8,8,19.1
2025-11-10,22,2,5-1-3,5530,23,23,55.3
2025-11-10,22,3,3-5-2,5770,23,23,57.7
2025-11-10,22,4,2-5-6,11450,43,43,114.5
2025-11-10,22,5,1-2-5,3150,11,11,31.5
2025-11-10,22,6,1-5-2,2380,9,9,23.8
2025-11-10,22,7,4-5-3,62420,86,86,624.2
2025-11-10,22,8,1-3-4,1820,7,7,18.2
2025-11-10,22,9,1-3-4,1170,3,3,11.7
2025-11-10,22,10,1-3-4,1310,4,4,13.1
2025-11-10,22,11,1-3-4,670,2,2,6.7
2025-11-10,22,12,1-4-3,2170,7,7,21.7
2025-11-11,03,1,1-4-2,1500,4,4,15.0
2025-11-11,03,2,4-2-6,6420,29,29,64.2
2025-11-11,03,3,1-5-4,1250,4,4,12.5
2025-11-11,03,4,6-4-3,6890,30,30,68.9
2025-11-11,03,5,2-1-3,1770,6,6,17.7
2025-11-11,03,6,1-2-6,790,1,1,7.9
2025-11-11,03,7,1-2-5,5200,19,19,52.0
2025-11-11,03,8,1-2-6,830,1,1,8.3
2025-11-11,03,9,2-4-5,19310,50,50,193.1
2025-11-11,03,10,1-2-3,870,1,1,8.7
2025-11-11,03,11,5-2-4,29840,70,70,298.4
2025-11-11,03,12,1-4-3,1670,6,6,16.7
2025-11-11,14,1,3-1-5,5910,13,13,59.1
2025-11-11,14,2,1-3-4,830,1,1,8.3
2025-11-11,14,3,1-4-6,2080,6,6,20.8
2025-11-11,14,4,1-4-5,1400,3,3,14.0
2025-11-11,14,5,1-5-4,2010,9,9,20.1
2025-11-11,14,6,1-2-6,680,2,2,6.8
2025-11-11,14,7,1-4-2,4660,21,21,46.6
2025-11-11,14,8,2-1-5,8540,26,26,85.4
2025-11-11,14,9,4-2-3,35850,70,70,358.5
2025-11-11,14,10,1-2-3,2500,8,8,25.0
2025-11-11,14,11,1-2-4,890,1,1,8.9
2025-11-11,14,12,3-1-5,5630,19,19,56.3
2025-11-11,22,1,1-2-3,440,1,1,4.4
2025-11-11,22,2,1-2-4,1870,5,5,18.7
2025-11-11,22,3,2-1-3,1500,5,5,15.0
2025-11-11,22,4,2-1-4,3300,11,11,33.0
2025-11-11,22,5,1-2-3,1270,5,5,12.7
2025-11-11,22,6,2-1-3,2060,7,7,20.6
2025-11-11,22,7,1-3-6,6900,19,19,69.0
2025-11-11,22,8,2-6-3,167440,96,96,1674.0
2025-11-11,22,9,1-4-2,1610,7,7,16.1
2025-11-11,22,10,1-3-2,1500,4,4,15.0
2025-11-11,22,11,2-1-4,1880,6,6,18.8
2025-11-11,22,12,1-3-2,1270,3,3,12.7
2025-11-12,02,1,1-2-4,1290,1,1,12.9
2025-11-12,02,2,1-4-5,3570,12,12,35.7
2025-11-12,02,3,3-4-6,5520,23,23,55.2
2025-11-12,02,4,1-2-3,1330,2,2,13.3
2025-11-12,02,5,1-2-5,2040,4,4,20.4
2025-11-12,02,6,3-2-4,7990,33,33,79.9
2025-11-12,02,7,4-6-5,15810,52,52,158.1
2025-11-12,02,8,1-2-5,1530,5,6,15.3
2025-11-12,02,9,1-2-4,1030,4,4,10.3
2025-11-12,02,10,6-5-4,83880,109,109,838.8
2025-11-12,02,11,1-3-6,2170,8,8,21.7
2025-11-12,02,12,5-1-2,7030,23,23,70.3
2025-11-12,03,1,1-2-6,2120,4,4,21.2
2025-11-12,03,2,1-3-5,1150,3,3,11.5
2025-11-12,03,3,3-4-2,11590,43,43,115.9
2025-11-12,03,4,1-3-5,3930,18,18,39.3
2025-11-12,03,5,2-1-4,7440,28,28,74.4
2025-11-12,03,6,3-1-4,1250,4,4,12.5
2025-11-12,03,7,1-5-3,1810,4,4,18.1
2025-11-12,03,8,2-1-3,5950,27,27,59.5
2025-11-12,03,9,1-3-2,2000,5,5,20.0
2025-11-12,03,10,1-3-2,1330,1,1,13.3
2025-11-12,03,11,2-4-1,5120,17,17,51.2
2025-11-12,03,12,3-1-5,4410,16,16,44.1
2025-11-13,02,1,1-3-6,2090,6,6,20.9
2025-11-13,02,2,2-1-4,2330,5,5,23.3
2025-11-13,02,3,4-3-6,5290,23,23,52.9
2025-11-13,02,4,3-1-5,3770,13,13,37.7
2025-11-13,02,5,4-1-3,4480,14,14,44.8
2025-11-13,02,6,2-1-4,7680,33,33,76.8
2025-11-13,02,7,1-4-5,2280,13,7,47.7
2025-11-13,02,8,2-1-6,4620,16,16,46.2
2025-11-13,02,9,1-5-2,8070,36,36,80.7
2025-11-13,02,10,1-2-5,1930,6,6,19.3
2025-11-13,02,11,5-1-6,3580,13,13,35.8
2025-11-13,02,12,5-2-6,46150,91,91,461.5
2025-11-14,02,1,2-1-3,6750,29,29,67.5
2025-11-14,02,2,1-3-4,3250,8,8,32.5
2025-11-14,02,3,1-2-5,2190,5,5,21.9
2025-11-14,02,4,3-4-1,5180,22,22,51.8
2025-11-14,02,5,1-2-6,1860,6,6,18.6
2025-11-14,02,6,1-2-5,2900,8,8,29.0
2025-11-14,02,7,2-1-3,2350,7,7,23.5
2025-11-14,02,8,1-6-4,8720,33,33,87.2
2025-11-14,02,9,2-1-5,1200,2,2,12.0
2025-11-14,02,10,1-2-4,980,1,1,9.8
2025-11-14,02,11,1-2-5,910,2,2,9.1
2025-11-14,02,12,5-2-1,8300,24,24,83.0
2025-11-15,02,1,5-1-2,4960,18,18,49.6
2025-11-15,02,2,4-5-6,5150,20,20,51.5
2025-11-15,02,3,4-3-1,9240,41,41,92.4
2025-11-15,02,4,5-2-3,103920,112,112,1039.0
2025-11-15,02,5,2-3-4,12500,51,51,125.0
2025-11-15,02,6,1-2-3,2570,5,5,25.7
2025-11-15,02,7,3-5-4,19900,54,54,199.0
2025-11-15,02,8,1-2-3,1870,4,4,18.7
2025-11-15,02,9,1-2-3,1130,2,2,11.3
2025-11-15,02,10,4-5-2,8110,35,34,81.1
2025-11-15,02,11,3-2-4,6160,23,23,61.6
2025-11-15,02,12,1-2-3,1100,2,2,11.0
2025-11-15,14,1,1-3-4,1780,7,7,17.8
2025-11-15,14,2,4-1-5,4420,17,17,44.2
2025-11-15,14,3,2-1-4,2840,14,14,28.4
2025-11-15,14,4,1-3-6,19970,46,46,199.7
2025-11-15,14,5,1-2-4,3660,11,11,36.6
2025-11-15,14,6,4-5-3,12830,53,53,128.3
2025-11-15,14,7,4-2-5,12500,36,36,125.0
2025-11-15,14,8,3-1-2,1850,9,7,31.8
2025-11-15,14,9,5-4-2,8860,38,38,88.6
2025-11-15,14,10,1-2-4,1230,1,1,12.3
2025-11-15,14,11,1-3-5,2040,8,8,20.4
2025-11-15,14,12,1-2-4,1150,3,3,11.5
2025-11-15,22,1,1-3-4,460,1,1,4.6
2025-11-15,22,2,1-4-2,1110,3,3,11.1
2025-11-15,22,3,3-4-1,1980,8,8,19.8
2025-11-15,22,4,2-1-3,810,2,2,8.1
2025-11-15,22,5,2-1-4,3610,15,15,36.1
2025-11-15,22,6,4-1-6,3780,13,13,37.8
2025-11-15,22,7,1-3-4,1270,5,5,12.7
2025-11-15,22,8,1-3-4,870,2,2,8.7
2025-11-15,22,9,1-2-4,2990,10,10,29.9
2025-11-15,22,10,1-3-2,780,2,2,7.8
2025-11-15,22,11,1-4-5,1850,8,8,18.5
2025-11-15,22,12,1-3-4,920,4,4,9.2
2025-11-16,02,1,1-4-3,2230,8,8,22.3
2025-11-16,02,2,1-3-4,920,1,1,9.2
2025-11-16,02,3,3-5-1,3680,8,8,36.8
2025-11-16,02,4,1-5-3,3170,12,12,31.7
2025-11-16,02,5,1-2-3,870,1,1,8.7
2025-11-16,02,6,1-3-4,2360,10,9,23.6
2025-11-16,02,7,1-3-2,910,2,2,9.1
2025-11-16,02,8,1-2-5,1590,3,3,15.9
2025-11-16,02,9,1-2-3,970,1,1,9.7
2025-11-16,02,10,1-6-4,11270,37,37,112.7
2025-11-16,02,11,1-3-2,1340,3,3,13.4
2025-11-16,02,12,1-4-5,2350,10,10,23.5
2025-11-16,03,1,2-1-3,1560,3,3,15.6
2025-11-16,03,2,1-2-3,1430,3,3,14.3
2025-11-16,03,3,2-3-4,910,1,1,9.1
2025-11-16,03,4,1-2-3,680,1,1,6.8
2025-11-16,03,5,4-3-1,15800,42,42,158.0
2025-11-16,03,6,1-3-5,1250,1,1,12.5
2025-11-16,03,7,1-4-3,22570,72,72,225.7
2025-11-16,03,8,1-4-3,1510,3,3,15.1
2025-11-16,03,9,3-1-2,2810,9,9,28.1
2025-11-16,03,10,1-3-5,450,6,1,16.8
2025-11-16,03,11,2-1-3,9220,28,28,92.2
2025-11-16,03,12,1-3-6,1950,7,7,19.5
2025-11-16,14,1,5-1-4,35600,45,45,356.0
2025-11-16,14,2,4-6-1,4500,16,16,45.0
2025-11-16,14,3,5-3-6,35900,65,65,359.0
2025-11-16,14,4,1-2-3,1370,3,3,13.7
2025-11-16,14,5,3-2-4,2530,6,6,25.3
2025-11-16,14,6,1-6-4,3160,14,14,31.6
2025-11-16,14,7,4-1-5,1610,3,3,16.1
2025-11-16,14,8,3-2-5,4690,18,18,46.9
2025-11-16,14,9,1-3-4,1010,1,1,10.1
2025-11-16,14,10,3-1-4,3150,13,13,31.5
2025-11-16,14,11,2-1-4,2070,8,8,20.7
2025-11-16,14,12,2-1-6,3770,13,13,37.7
2025-11-16,22,1,1-2-5,1140,4,4,11.4
2025-11-16,22,2,2-1-3,850,4,4,8.5
2025-11-16,22,3,1-3-5,1450,6,6,14.5
2025-11-16,22,4,1-4-6,12340,43,43,123.4
2025-11-16,22,5,1-2-5,3450,13,13,34.5
2025-11-16,22,6,2-3-4,1630,6,6,16.3
2025-11-16,22,7,6-3-1,2790,11,11,27.9
2025-11-16,22,8,1-2-3,1280,4,4,12.8
2025-11-16,22,9,1-2-4,1920,6,6,19.2
2025-11-16,22,10,1-3-2,1300,6,6,13.0
2025-11-16,22,11,1-3-5,2220,7,7,22.2
2025-11-16,22,12,4-1-3,46570,69,69,465.7
2025-11-17,02,1,2-3-6,3400,12,12,34.0
2025-11-17,02,2,1-2-5,1140,2,2,11.4
2025-11-17,02,3,1-3-4,1030,3,3,10.3
2025-11-17,02,4,4-3-1,6240,20,19,62.4
2025-11-17,02,5,1-6-3,3290,14,14,32.9
2025-11-17,02,6,1-2-3,720,1,1,7.2
2025-11-17,02,7,1-3-4,820,2,2,8.2
2025-11-17,02,8,1-5-2,4940,17,17,49.4
2025-11-17,02,9,3-5-1,7050,36,36,70.5
2025-11-17,02,10,2-1-6,7420,25,25,74.2
2025-11-17,02,11,1-2-5,1210,6,6,12.1
2025-11-17,02,12,1-2-4,700,1,1,7.0
2025-11-17,03,1,1-3-5,1130,3,3,11.3
2025-11-17,03,2,2-3-1,14080,53,53,140.8
2025-11-17,03,3,1-5-6,8340,41,41,83.4
2025-11-17,03,4,3-2-5,8670,42,42,86.7
2025-11-17,03,5,5-3-6,134060,90,90,1340.0
2025-11-17,03,6,3-1-4,2700,7,7,27.0
2025-11-17,03,7,3-6-1,35070,83,83,350.7
2025-11-17,03,8,1-4-5,2080,5,5,20.8
2025-11-17,03,9,3-4-6,7420,29,29,74.2
2025-11-17,03,10,2-3-5,12920,41,41,129.2
2025-11-17,03,11,1-4-6,3600,16,16,36.0
2025-11-17,03,12,1-2-4,1170,3,3,11.7
2025-11-17,14,1,4-1-5,5500,19,19,55.0
2025-11-17,14,2,1-6-3,10860,45,45,108.6
2025-11-17,14,3,1-2-4,1000,1,1,10.0
2025-11-17,14,4,2-5-1,22260,49,49,222.6
2025-11-17,14,5,1-2-6,2300,9,9,23.0
2025-11-17,14,6,1-5-2,2520,9,9,25.2
2025-11-17,14,7,1-3-2,1250,2,2,12.5
2025-11-17,14,8,1-5-2,3680,12,12,36.8
2025-11-17,14,9,3-1-6,10220,44,45,102.2
2025-11-17,14,10,4-3-2,9850,38,38,98.5
2025-11-17,14,11,3-2-1,30940,58,58,309.4
2025-11-17,14,12,4-5-3,9430,35,35,94.3
2025-11-17,22,1,2-1-3,2080,8,8,20.8
2025-11-17,22,2,1-2-3,870,1,1,8.7
2025-11-17,22,3,1-3-2,1510,4,4,15.1
2025-11-17,22,4,3-2-5,23590,55,55,235.9
2025-11-17,22,5,2-4-1,2220,7,7,22.2
2025-11-17,22,6,2-1-3,1530,6,6,15.3
2025-11-17,22,7,1-5-6,1640,4,4,16.4
2025-11-17,22,8,1-2-6,1770,6,6,17.7
2025-11-17,22,9,3-5-2,10030,33,33,100.3
2025-11-17,22,10,1-5-4,7340,30,30,73.4
2025-11-17,22,11,1-5-2,2960,12,12,29.6
2025-11-17,22,12,4-2-1,23510,47,47,235.1
2025-11-18,03,1,1-2-5,600,1,1,6.0
2025-11-18,03,2,1-2-3,1120,3,3,11.2
2025-11-18,03,3,2-1-5,7250,30,30,72.5
2025-11-18,03,4,1-3-2,720,1,1,7.2
2025-11-18,03,5,1-4-6,1500,3,3,15.0
2025-11-18,03,6,2-1-5,1720,6,6,17.2
2025-11-18,03,7,1-6-5,6540,21,21,65.4
2025-11-18,03,8,1-2-3,2160,4,4,21.6
2025-11-18,03,9,1-2-4,1680,4,4,16.8
2025-11-18,03,10,1-3-4,820,1,1,8.2
2025-11-18,03,11,1-4-2,1030,2,2,10.3
2025-11-18,03,12,2-5-4,26770,39,39,267.7
2025-11-18,09,1,1-2-3,690,2,2,6.9
2025-11-18,09,2,3-4-2,9890,37,37,98.9
2025-11-18,09,3,4-5-1,1570,4,4,15.7
2025-11-18,09,4,2-3-1,2650,8,8,26.5
2025-11-18,09,5,1-2-6,2000,8,8,20.0
2025-11-18,09,6,2-4-1,3530,14,14,35.3
2025-11-18,09,7,4-6-1,1920,5,5,19.2
2025-11-18,09,8,3-6-1,3550,14,14,35.5
2025-11-18,09,9,1-5-4,2710,11,11,27.1
2025-11-18,09,10,1-4-2,3650,11,11,36.5
2025-11-18,09,11,4-2-5,7420,26,26,74.2
2025-11-18,09,12,1-4-2,1170,3,3,11.7
2025-11-18,14,1,1-5-6,3350,13,13,33.5
2025-11-18,14,2,1-3-2,1490,3,3,14.9
2025-11-18,14,3,1-2-3,960,3,3,9.6
2025-11-18,14,4,1-5-6,12780,35,35,127.8
2025-11-18,14,5,1-2-4,790,1,1,7.9
2025-11-18,14,6,3-1-5,3460,12,12,34.6
2025-11-18,22,1,1-2-4,810,1,1,8.1
2025-11-18,22,2,1-2-5,3310,13,14,33.1
2025-11-18,22,3,1-2-5,2310,9,9,23.1
2025-11-18,22,4,2-1-5,2730,12,12,27.3
2025-11-18,22,5,4-2-3,11800,47,47,118.0
2025-11-18,22,6,3-1-4,2340,9,9,23.4
2025-11-18,22,7,1-2-5,430,1,1,4.3
2025-11-18,22,8,1-2-3,580,2,2,5.8
2025-11-18,22,9,1-3-2,1340,5,5,13.4
2025-11-18,22,10,1-2-4,570,2,2,5.7
2025-11-18,22,11,1-3-5,580,1,1,5.8
2025-11-18,22,12,1-2-3,540,1,1,5.4
2025-11-19,03,1,2-4-3,1120,1,1,11.2
2025-11-19,03,3,4-2-3,14030,59,59,140.3
2025-11-19,03,4,1-2-5,1600,4,4,16.0
2025-11-19,03,5,5-6-2,6030,26,26,60.3
2025-11-19,03,6,3-4-2,14700,34,30,159.3
2025-11-19,03,7,1-3-5,1410,2,2,14.1
2025-11-19,03,8,4-6-2,8010,41,41,80.1
2025-11-19,03,9,1-3-4,2070,8,8,20.7
2025-11-19,03,10,4-2-5,2180,5,5,21.8
2025-11-19,03,11,3-1-5,3150,8,8,31.5
2025-11-19,03,12,1-3-5,1520,5,5,15.2
2025-11-19,09,1,1-3-4,2280,9,9,22.8
2025-11-19,09,2,1-4-5,3650,11,11,36.5
2025-11-19,09,3,1-2-4,3850,15,15,38.5
2025-11-19,09,4,3-6-1,2830,10,10,28.3
2025-11-19,09,5,5-1-4,66940,63,63,669.4
2025-11-19,09,6,1-3-6,1290,3,3,12.9
2025-11-19,09,7,3-5-6,1340,3,3,13.4
2025-11-19,09,8,1-3-2,480,1,1,4.8
2025-11-19,09,9,4-5-6,5460,21,21,54.6
2025-11-19,09,10,1-2-4,850,2,2,8.5
2025-11-19,09,11,1-5-3,4030,16,16,40.3
2025-11-19,09,12,1-2-4,430,1,1,4.3
2025-11-19,14,1,1-3-4,770,1,1,7.7
2025-11-19,14,2,5-1-3,3820,17,17,38.2
2025-11-19,14,3,1-4-6,1580,5,5,15.8
2025-11-19,14,4,1-4-2,1520,3,3,15.2
2025-11-19,14,5,4-6-1,6940,23,23,69.4
2025-11-19,14,6,1-2-5,2350,4,4,23.5
2025-11-19,14,7,1-2-3,1180,2,2,11.8
2025-11-19,14,8,1-3-2,1290,2,2,12.9
2025-11-19,14,9,1-3-4,890,1,1,8.9
2025-11-19,14,10,1-5-3,6840,16,16,68.4
2025-11-19,14,11,4-5-1,25010,42,42,250.1
2025-11-19,14,12,1-3-2,1080,3,3,10.8
2025-11-19,22,1,1-2-3,740,3,3,7.4
2025-11-19,22,2,6-4-2,6230,25,25,62.3
2025-11-19,22,3,3-1-4,1020,4,4,10.2
2025-11-19,22,4,1-5-4,1400,3,3,14.0
2025-11-19,22,5,6-1-2,2690,9,9,26.9
2025-11-19,22,6,5-1-2,9220,26,26,96.7
2025-11-19,22,7,1-2-6,1210,3,3,12.1
2025-11-19,22,8,1-2-3,710,2,2,7.1
2025-11-19,22,9,1-2-3,1530,3,3,15.3
2025-11-19,22,10,2-1-5,11900,24,24,119.0
2025-11-19,22,11,3-1-5,4120,13,13,41.2
2025-11-19,22,12,3-2-1,20570,32,32,205.7
2025-11-20,09,1,1-5-3,970,4,4,9.7
2025-11-20,09,2,5-2-3,23860,69,69,238.6
2025-11-20,09,3,3-2-1,3290,15,15,32.9
2025-11-20,09,4,3-5-1,3720,16,16,37.2
2025-11-20,09,5,1-4-3,5780,21,21,57.8
2025-11-20,09,6,1-6-4,54250,97,97,542.5
2025-11-20,09,7,2-3-4,4380,20,20,43.8
2025-11-20,09,8,2-5-1,8020,29,29,80.2
2025-11-20,09,9,1-3-5,600,1,1,6.0
2025-11-20,09,10,1-3-2,980,3,3,9.8
2025-11-20,09,11,2-1-4,3330,14,14,33.3
2025-11-20,09,12,4-2-6,6890,18,18,68.9
2025-11-20,14,1,4-1-3,4570,9,9,45.7
2025-11-20,14,2,4-6-1,9400,34,34,94.0
2025-11-20,14,3,1-3-6,4080,16,16,40.8
2025-11-20,14,4,1-3-4,700,1,1,7.0
2025-11-20,14,5,1-3-6,1940,8,8,19.4
2025-11-20,14,6,1-4-2,660,2,2,6.6
2025-11-20,14,7,1-4-3,840,2,2,8.4
2025-11-20,14,8,1-4-2,3810,17,17,38.1
2025-11-20,14,9,3-4-6,26320,59,59,263.2
2025-11-20,14,10,1-2-3,790,1,1,7.9
2025-11-20,14,11,1-3-6,1710,7,7,17.1
2025-11-20,14,12,1-2-6,1190,4,4,11.9
2025-11-20,22,1,3-1-4,4560,13,13,45.6
2025-11-20,22,2,1-3-2,720,3,3,7.2
2025-11-20,22,3,1-2-4,1080,4,4,10.8
2025-11-20,22,4,1-3-4,1890,6,6,18.9
2025-11-20,22,5,1-4-6,10850,33,33,108.5
2025-11-20,22,6,1-3-5,3210,13,13,32.1
2025-11-20,22,7,1-6-2,900,3,3,9.0
2025-11-20,22,8,2-1-5,5270,19,19,52.7
2025-11-20,22,9,1-3-4,980,3,3,9.8
2025-11-20,22,10,1-2-4,1300,5,5,13.0
2025-11-20,22,11,1-2-3,720,1,1,7.2
2025-11-20,22,12,1-5-4,4120,15,15,41.2
2025-11-21,09,1,3-4-2,16650,34,34,166.5
2025-11-21,09,2,1-2-3,760,1,1,7.6
2025-11-21,09,3,1-3-2,1140,2,2,11.4
2025-11-21,09,4,1-2-5,4140,16,16,41.4
2025-11-21,09,5,1-4-3,1740,6,6,17.4
2025-11-21,09,6,1-4-2,3110,13,13,31.1
2025-11-21,09,7,2-4-6,970,1,1,9.7
2025-11-21,09,8,1-4-3,5380,23,23,53.8
2025-11-21,09,9,3-1-4,900,2,2,9.0
2025-11-21,09,10,1-3-4,1280,2,2,12.8
2025-11-21,09,11,1-2-3,670,1,1,6.7
2025-11-21,09,12,1-3-6,1290,4,4,12.9
2025-11-22,02,1,5-1-2,2860,11,11,28.6
2025-11-22,02,2,2-1-4,930,1,1,9.3
2025-11-22,02,3,3-2-1,4890,24,24,48.9
2025-11-22,02,4,1-2-3,2110,6,6,21.1
2025-11-22,02,5,1-5-3,10130,28,28,101.3
2025-11-22,02,6,1-3-4,2380,6,6,23.8
2025-11-22,02,7,1-4-5,1180,3,3,11.8
2025-11-22,02,8,4-5-1,3910,13,13,39.1
2025-11-22,02,9,2-5-3,3310,61,19,235.3
2025-11-22,02,10,6-4-5,97610,105,105,976.1
2025-11-22,02,11,1-4-3,2630,9,9,26.3
2025-11-22,02,12,1-3-4,1030,2,2,10.3
2025-11-22,09,1,1-2-3,600,1,1,6.0
2025-11-22,09,2,1-3-2,840,2,2,8.4
2025-11-22,09,3,1-5-2,3050,48,14,143.3
2025-11-22,09,4,1-3-2,880,2,2,8.8
2025-11-22,09,5,1-3-4,2780,10,10,27.8
2025-11-22,09,6,1-2-4,1210,2,2,12.1
2025-11-22,09,7,1-2-3,4000,15,15,40.0
2025-11-22,09,8,1-2-3,2350,8,8,23.5
2025-11-22,09,9,1-4-2,1530,6,6,15.3
2025-11-22,09,10,1-3-5,2020,8,8,20.2
2025-11-22,09,11,3-1-4,9730,22,22,97.3
2025-11-22,09,12,1-2-6,2880,11,11,28.8
2025-11-23,02,1,6-2-1,4100,16,16,41.0
2025-11-23,02,2,1-2-3,1930,3,3,19.3
2025-11-23,02,3,3-1-6,19880,61,61,198.8
2025-11-23,02,4,4-5-1,3510,13,13,35.1
2025-11-23,02,5,1-2-4,700,2,2,7.0
2025-11-23,02,6,4-3-2,10850,43,43,108.5
2025-11-23,02,7,1-3-4,3160,12,12,31.6
2025-11-23,02,8,1-3-6,2630,7,7,26.3
2025-11-23,02,9,2-1-3,9930,34,34,99.3
2025-11-23,02,10,3-6-4,4430,17,17,44.3
2025-11-23,02,11,1-3-5,1220,4,4,12.2
2025-11-23,02,12,1-4-6,1090,5,5,10.9
2025-11-23,03,1,4-6-3,17070,43,43,170.7
2025-11-23,03,2,2-1-3,1470,4,4,14.7
2025-11-23,03,3,2-4-1,3320,16,16,33.2
2025-11-23,03,4,2-6-1,2410,7,7,24.1
2025-11-23,03,5,1-3-6,4850,17,17,48.5
2025-11-23,03,6,1-3-5,780,1,1,7.8
2025-11-23,03,7,1-3-5,1840,6,6,18.4
2025-11-23,03,8,3-1-5,3980,19,19,39.8
2025-11-23,03,9,4-6-5,5020,22,22,50.2
2025-11-23,03,10,1-4-5,1560,4,4,15.6
2025-11-23,03,11,1-2-5,2440,8,8,24.4
2025-11-23,03,12,1-6-4,11180,35,35,111.8
2025-11-23,09,1,1-6-3,1290,6,6,12.9
2025-11-23,09,2,1-3-6,8350,28,28,83.5
2025-11-23,09,3,5-2-4,7440,98,38,1095.0
2025-11-23,09,4,1-2-4,1320,5,5,13.2
2025-11-23,09,5,1-5-3,2060,6,6,20.6
2025-11-23,09,6,1-3-4,2320,11,11,23.2
2025-11-23,09,7,1-4-2,2320,8,8,23.2
2025-11-23,09,8,1-6-4,2200,9,9,22.0
2025-11-23,09,9,1-4-5,3070,12,12,30.7
2025-11-23,09,10,1-2-5,1590,5,5,15.9
2025-11-23,09,11,1-2-3,870,2,2,8.7
2025-11-23,09,12,1-3-4,1500,4,4,15.0
2025-11-24,02,1,1-3-5,6990,30,30,69.9
2025-11-24,02,2,2-3-5,1110,1,1,11.1
2025-11-24,02,3,4-6-2,27470,79,79,274.7
2025-11-24,02,4,2-3-1,8650,40,40,86.5
2025-11-24,02,5,4-3-1,2520,9,9,25.2
2025-11-24,02,6,6-4-2,31050,65,65,310.5
2025-11-24,02,7,1-2-3,430,1,1,4.3
2025-11-24,02,8,1-2-3,4430,17,17,44.3
2025-11-24,02,9,2-5-6,9170,39,39,91.7
2025-11-24,02,10,1-6-2,2690,9,9,26.9
2025-11-24,02,11,4-6-2,14560,56,56,145.6
2025-11-24,02,12,1-3-4,910,1,1,9.1
2025-11-24,03,1,3-2-1,2350,8,8,23.5
2025-11-24,03,2,1-4-2,2030,8,8,20.3
2025-11-24,03,3,2-5-6,4350,18,18,43.5
2025-11-24,03,4,2-1-4,1300,2,2,13.0
2025-11-24,03,5,1-3-5,890,3,3,8.9
2025-11-24,03,6,1-2-4,1070,1,1,10.7
2025-11-24,03,7,1-2-4,2860,10,10,28.6
2025-11-24,03,8,1-6-3,620,2,2,6.2
2025-11-24,03,9,6-2-4,11990,49,49,119.9
2025-11-24,03,10,1-2-4,1220,3,3,12.2
2025-11-24,03,11,4-6-1,10890,26,26,108.9
2025-11-24,03,12,3-4-1,17980,34,34,179.8
2025-11-24,14,1,1-6-5,3260,13,13,32.6
2025-11-24,14,2,1-4-2,830,2,2,8.3
2025-11-24,14,3,2-3-1,59790,78,78,597.9
2025-11-24,14,4,5-1-4,14020,29,29,140.2
2025-11-24,14,5,1-2-5,12500,40,40,125.0
2025-11-24,14,6,2-3-4,11090,31,31,110.9
2025-11-24,14,7,1-5-2,39170,70,70,391.7
2025-11-24,14,8,3-1-5,2710,11,11,27.1
2025-11-24,14,9,1-2-4,1090,3,3,10.9
2025-11-24,14,10,2-3-1,1150,6,4,21.8
2025-11-24,14,11,1-3-2,1380,2,2,13.8
2025-11-24,14,12,1-2-5,2260,9,9,22.6
2025-11-25,02,1,1-4-3,3670,15,15,36.7
2025-11-25,02,2,1-2-6,5570,20,20,55.7
2025-11-25,02,3,4-2-5,28920,73,73,289.2
2025-11-25,02,4,1-4-6,6990,26,26,69.9
2025-11-25,02,5,1-4-6,1060,3,3,10.6
2025-11-25,02,6,1-4-3,7150,28,28,71.5
2025-11-25,02,7,1-5-3,3040,15,15,30.4
2025-11-25,02,8,4-1-3,8780,37,37,87.8
2025-11-25,02,9,3-2-1,4140,17,17,41.4
2025-11-25,02,10,4-5-6,5070,21,20,50.7
2025-11-25,02,11,5-4-1,8330,27,27,83.3
2025-11-25,02,12,1-2-4,1640,5,5,16.4
2025-11-25,03,1,1-3-4,4380,14,14,43.8
2025-11-25,03,2,1-3-2,690,1,1,6.9
2025-11-25,03,3,1-2-5,2370,10,10,23.7
2025-11-25,03,4,4-6-3,12020,37,37,120.2
2025-11-25,03,5,5-1-3,5960,26,26,59.6
2025-11-25,03,6,4-1-3,3810,14,14,38.1
2025-11-25,03,7,1-2-3,360,1,1,3.6
2025-11-25,03,8,1-6-3,4940,22,22,49.4
2025-11-25,03,9,4-1-2,6710,28,28,67.1
2025-11-25,03,10,1-3-6,1650,6,6,16.5
2025-11-25,03,11,4-1-2,3210,12,11,32.1
2025-11-25,03,12,1-4-3,1700,5,5,17.0
2025-11-25,14,1,1-3-5,590,1,1,5.9
2025-11-25,14,2,5-1-2,13350,37,37,133.5
2025-11-25,14,3,2-4-5,38490,80,80,384.9
2025-11-25,14,4,1-2-4,630,3,3,6.3
2025-11-25,14,5,2-4-1,31600,51,51,316.0
2025-11-25,14,6,3-6-4,11490,52,52,114.9
2025-11-25,14,7,5-1-6,32890,84,84,328.9
2025-11-25,14,8,3-2-4,2930,12,12,29.3
2025-11-25,14,9,2-3-6,1630,4,4,16.3
2025-11-25,14,10,3-2-6,31890,100,100,318.9
2025-11-25,14,11,4-5-1,1520,2,2,15.2
2025-11-25,14,12,1-3-6,960,2,2,9.6
2025-11-25,22,1,1-4-3,1620,5,5,16.2
2025-11-25,22,2,1-2-6,2480,9,9,24.8
2025-11-25,22,3,1-4-6,2560,8,8,25.6
2025-11-25,22,4,2-4-1,6520,22,22,65.2
2025-11-25,22,5,3-1-5,2810,10,10,28.1
2025-11-25,22,6,4-3-6,21830,57,57,218.3
2025-11-25,22,7,5-4-1,27530,61,61,275.3
2025-11-25,22,8,1-5-4,4360,16,16,43.6
2025-11-25,22,9,2-4-6,18740,54,54,187.4
2025-11-25,22,10,2-5-3,26030,73,73,260.3
2025-11-25,22,11,1-4-2,1380,4,4,13.8
2025-11-25,22,12,1-4-3,2710,10,10,27.1
2025-11-26,03,1,1-6-2,4040,16,16,40.4
2025-11-26,03,2,1-5-3,10820,44,44,108.2
2025-11-26,03,3,2-5-6,14260,41,41,142.6
2025-11-26,03,4,4-2-1,8200,28,28,82.0
2025-11-26,03,5,2-1-6,11410,35,35,114.1
2025-11-26,03,6,1-4-3,1460,1,1,14.6
2025-11-26,03,7,1-3-5,3480,14,14,34.8
2025-11-26,03,8,1-2-4,2090,5,5,20.9
2025-11-26,03,9,2-3-1,1860,6,6,18.6
2025-11-26,03,10,1-3-4,570,1,1,5.7
2025-11-26,03,11,1-2-6,1020,2,2,10.2
2025-11-26,03,12,3-5-1,44820,71,71,448.2
2025-11-26,14,1,1-3-2,1000,4,4,10.0
2025-11-26,14,2,1-3-6,21770,68,68,217.7
2025-11-26,14,3,4-2-1,3510,13,13,35.1
2025-11-26,14,4,1-4-2,4210,19,19,42.1
2025-11-26,14,5,1-4-5,2320,3,3,23.2
2025-11-26,14,6,1-2-4,6700,21,21,67.0
2025-11-26,14,7,3-2-4,3740,12,12,37.4
2025-11-26,14,8,2-3-6,3410,10,10,34.1
2025-11-26,14,9,4-2-1,15770,70,70,157.7
2025-11-26,14,10,5-6-1,4920,20,20,49.2
2025-11-26,14,11,1-2-6,2840,6,6,28.4
2025-11-26,14,12,3-1-6,4480,13,13,44.8
2025-11-26,22,1,1-2-4,850,2,2,8.5
2025-11-26,22,2,3-5-2,8420,27,27,84.2
2025-11-26,22,3,3-1-5,2530,10,10,25.3
2025-11-26,22,4,4-3-6,15950,68,68,159.5
2025-11-26,22,5,4-5-3,43180,81,81,431.8
2025-11-26,22,6,1-3-2,1780,3,3,17.8
2025-11-26,22,7,1-2-5,1290,3,3,12.9
2025-11-26,22,8,1-4-2,1550,7,7,15.5
2025-11-26,22,9,2-5-1,6100,22,22,61.0
2025-11-26,22,10,1-5-6,4470,15,15,44.7
2025-11-26,22,11,1-2-4,1200,1,1,12.0
2025-11-26,22,12,1-4-3,1590,6,6,15.9
2025-11-27,03,1,1-3-4,1330,3,3,13.3
2025-11-27,03,2,1-2-3,730,2,2,7.3
2025-11-27,03,3,3-1-4,7670,31,31,76.7
2025-11-27,03,4,3-6-2,13600,39,39,136.0
2025-11-27,03,5,2-1-6,8990,27,27,89.9
2025-11-27,03,6,1-2-3,1720,3,3,17.2
2025-11-27,03,7,2-1-5,3050,8,9,30.5
2025-11-27,03,8,1-3-4,900,2,2,9.0
2025-11-27,03,9,1-2-5,1520,5,5,15.2
2025-11-27,03,10,1-4-5,2040,5,5,20.4
2025-11-27,03,11,4-1-3,18720,53,53,187.2
2025-11-27,03,12,1-4-2,1760,5,5,17.6
2025-11-27,09,1,1-4-6,4280,14,14,42.8
2025-11-27,09,2,1-2-3,860,3,3,8.6
2025-11-27,09,3,1-3-5,7030,26,26,70.3
2025-11-27,09,4,5-6-1,42320,105,105,423.2
2025-11-27,09,5,2-1-3,5350,14,14,53.5
2025-11-27,09,6,2-5-3,8470,28,28,84.7
2025-11-27,09,7,2-5-4,1720,5,4,17.2
2025-11-27,09,8,3-6-5,1680,4,4,16.8
2025-11-27,09,9,1-2-4,560,1,1,5.6
2025-11-27,09,10,4-2-6,9820,40,40,98.2
2025-11-27,09,11,1-2-3,1170,4,4,11.7
2025-11-27,09,12,3-5-6,20490,53,53,204.9
2025-11-27,14,1,1-3-2,510,2,2,5.1
2025-11-27,14,2,2-5-6,4840,20,20,48.4
2025-11-27,14,3,1-3-4,490,1,1,4.9
2025-11-27,14,4,1-2-5,2350,12,12,23.5
2025-11-27,14,5,1-6-3,5950,22,22,59.5
2025-11-27,14,6,4-6-1,5230,20,20,52.3
2025-11-27,14,7,4-3-1,3020,8,8,30.2
2025-11-27,14,8,2-3-1,6240,25,25,62.4
2025-11-27,14,9,2-3-1,2510,7,7,25.1
2025-11-27,14,10,1-2-5,2160,9,9,21.6
2025-11-27,14,11,1-6-4,4850,20,20,48.5
2025-11-27,14,12,1-3-5,780,1,1,7.8
2025-11-27,22,1,1-3-6,1640,4,4,16.4
2025-11-27,22,2,1-5-2,5390,18,18,53.9
2025-11-27,22,3,1-2-5,2860,8,8,28.6
2025-11-27,22,4,1-4-3,1310,4,4,13.1
2025-11-27,22,5,5-2-6,19970,63,63,199.7
2025-11-27,22,6,2-3-4,5500,21,21,55.0
2025-11-27,22,7,3-4-5,3210,10,10,32.1
2025-11-27,22,8,2-4-5,10270,30,30,102.7
2025-11-27,22,9,1-2-4,970,1,1,9.7
2025-11-27,22,10,1-3-4,1240,2,2,12.4
2025-11-27,22,11,2-1-4,1510,6,6,15.1
2025-11-27,22,12,4-1-2,6590,22,22,65.9
2025-11-28,03,1,3-1-4,1550,4,4,15.5
2025-11-28,03,2,3-1-2,7260,32,32,72.6
2025-11-28,03,3,3-4-6,5280,21,21,52.8
2025-11-28,03,4,1-5-3,10240,37,37,102.4
2025-11-28,03,5,5-6-2,93540,91,91,935.4
2025-11-28,03,6,4-2-1,2830,12,12,28.3
2025-11-28,03,7,1-4-2,8990,39,39,89.9
2025-11-28,03,8,1-5-6,3420,14,14,34.2
2025-11-28,03,9,6-3-1,8040,30,30,80.4
2025-11-28,03,10,3-2-5,6650,27,27,66.5
2025-11-28,03,11,1-2-4,570,1,1,5.7
2025-11-28,03,12,4-3-5,7690,30,30,76.9
2025-11-28,09,1,1-5-2,3440,11,11,34.4
2025-11-28,09,2,2-1-4,2960,7,7,29.6
2025-11-28,09,3,4-2-3,14260,54,53,142.6
2025-11-28,09,4,6-2-1,61180,114,57,1009.0
2025-11-28,09,5,1-6-5,4260,20,20,42.6
2025-11-28,09,6,1-3-6,1130,1,1,11.3
2025-11-28,09,7,4-2-6,2520,12,12,25.2
2025-11-28,09,8,1-4-2,7830,35,35,78.3
2025-11-28,09,9,1-2-6,2010,6,6,20.1
2025-11-28,09,10,3-1-4,2030,7,7,20.3
2025-11-28,09,11,3-4-1,4400,16,16,44.0
2025-11-28,09,12,2-1-4,2300,7,7,23.0
2025-11-28,14,1,1-5-6,1870,6,6,18.7
2025-11-28,14,2,4-2-6,20690,85,85,206.9
2025-11-28,14,3,1-6-4,1610,4,4,16.1
2025-11-28,14,4,4-5-3,10530,62,24,320.4
2025-11-28,14,5,1-2-5,2360,8,8,23.6
2025-11-28,14,6,6-2-4,14830,62,62,148.3
2025-11-28,14,7,1-4-5,2860,9,9,28.6
2025-11-28,14,8,5-1-2,3990,14,14,39.9
2025-11-28,14,9,2-1-3,3800,15,15,38.0
2025-11-28,14,10,1-3-4,670,1,1,6.7
2025-11-28,14,11,1-3-4,910,3,3,9.1
2025-11-28,14,12,2-6-1,16770,67,67,167.7
2025-11-28,22,1,1-5-2,3790,12,12,37.9
2025-11-28,22,2,1-4-6,2730,12,12,27.3
2025-11-28,22,3,5-3-4,39830,109,109,398.3
2025-11-28,22,4,2-1-3,1860,6,6,18.6
2025-11-28,22,5,1-3-4,1350,4,4,13.5
2025-11-28,22,6,3-6-5,46820,86,86,468.2
2025-11-28,22,7,1-2-3,980,1,1,9.8
2025-11-28,22,8,3-4-1,29690,60,60,296.9
2025-11-28,22,9,1-3-6,870,2,2,8.7
2025-11-28,22,10,3-1-4,2000,6,6,20.0
2025-11-28,22,11,1-2-4,640,1,1,6.4
2025-11-28,22,12,1-2-6,1050,3,3,10.5
2025-11-29,09,1,1-6-5,26400,34,34,264.0
2025-11-29,09,2,6-4-2,17620,79,78,176.2
2025-11-29,09,3,1-3-4,2210,8,8,22.1
2025-11-29,09,4,1-4-3,2730,9,8,27.3
2025-11-29,09,5,1-2-4,1270,6,6,12.7
2025-11-29,09,6,2-3-1,1010,4,4,10.1
2025-11-29,09,7,5-1-2,7750,35,35,77.5
2025-11-29,09,8,3-2-6,3430,15,15,34.3
2025-11-29,09,9,1-4-5,4210,19,19,42.1
2025-11-29,09,10,1-4-2,910,3,3,9.1
2025-11-29,09,11,1-5-2,960,2,2,9.6
2025-11-29,09,12,1-2-5,650,1,1,6.5
2025-11-29,22,1,2-1-4,16730,45,45,167.3
2025-11-29,22,2,3-2-5,5880,23,23,58.8
2025-11-29,22,3,1-3-2,800,2,2,8.0
2025-11-29,22,4,2-4-6,9080,36,36,90.8
2025-11-29,22,5,4-1-2,14640,47,47,146.4
2025-11-29,22,6,1-3-2,1200,4,4,12.0
2025-11-29,22,7,1-2-5,710,2,2,7.1
2025-11-29,22,8,1-4-3,2640,6,6,26.4
2025-11-29,22,9,5-4-2,67910,82,82,679.1
2025-11-29,22,10,3-2-4,12290,30,30,122.9
2025-11-29,22,11,3-1-2,6970,20,20,69.7
2025-11-29,22,12,1-2-6,2940,10,10,29.4
2025-11-30,09,1,1-2-4,1640,9,9,16.4
2025-11-30,09,2,6-2-5,51650,104,104,516.5
2025-11-30,09,3,4-2-1,20600,66,66,206.0
2025-11-30,09,4,6-3-5,5550,52,19,139.6
2025-11-30,09,5,3-1-4,6210,16,16,62.1
2025-11-30,09,6,2-1-4,3030,10,10,30.3
2025-11-30,09,7,5-4-3,5100,17,17,51.0
2025-11-30,09,8,1-6-4,32410,79,79,324.1
2025-11-30,09,9,1-2-5,2570,10,10,25.7
2025-11-30,09,10,4-1-2,9740,36,36,97.4
2025-11-30,09,11,4-2-1,13680,30,30,136.8
2025-11-30,09,12,1-4-2,980,3,3,9.8
2025-11-30,22,1,1-2-3,780,1,1,7.8
2025-11-30,22,2,1-5-4,2070,10,10,20.7
2025-11-30,22,3,3-4-6,11780,39,39,117.8
2025-11-30,22,4,1-3-2,1380,4,4,13.8
2025-11-30,22,5,2-3-1,6210,19,19,62.1
2025-11-30,22,6,1-2-3,2220,4,4,22.2
2025-11-30,22,7,2-5-6,75640,83,83,756.4
2025-11-30,22,8,4-6-3,46570,85,85,465.7
2025-11-30,22,9,1-2-4,910,1,1,9.1
2025-11-30,22,10,4-2-6,15420,45,45,154.2
2025-11-30,22,11,4-2-1,12710,30,30,127.1
2025-11-30,22,12,2-1-5,13470,34,34,134.7
2025-12-01,09,1,2-4-1,30230,51,51,302.3
2025-12-01,09,2,1-2-5,1010,2,2,10.1
2025-12-01,09,3,1-2-4,3060,13,13,30.6
2025-12-01,09,4,1-4-6,990,2,2,9.9
2025-12-01,09,5,1-4-3,660,2,2,6.6
2025-12-01,09,6,4-1-6,2550,10,10,25.5
2025-12-01,09,7,1-5-3,900,1,1,9.0
2025-12-01,09,8,1-2-3,770,3,3,7.7
2025-12-01,09,9,1-3-5,2240,8,8,22.4
2025-12-01,09,10,1-5-6,15980,42,42,159.8
2025-12-01,09,11,1-2-3,480,1,1,4.8
2025-12-01,09,12,1-2-3,520,2,2,5.2
2025-12-01,14,1,4-1-5,7330,15,15,73.3
2025-12-01,14,2,1-2-3,1130,4,4,11.3
2025-12-01,14,3,5-4-1,10640,23,23,106.4
2025-12-01,14,4,1-2-6,3120,9,9,31.2
2025-12-01,14,5,4-5-2,7220,37,37,72.2
2025-12-01,14,6,4-2-1,2930,8,8,29.3
2025-12-01,14,7,2-1-5,8360,43,43,83.6
2025-12-01,14,8,1-3-4,1040,1,1,10.4
2025-12-01,14,9,4-1-3,3540,18,18,35.4
2025-12-01,14,10,2-4-3,13580,47,47,135.8
2025-12-01,14,11,3-4-5,8270,27,27,82.7
2025-12-01,14,12,4-6-3,51920,92,92,519.2
2025-12-02,02,1,1-3-4,1390,4,4,13.9
2025-12-02,02,2,3-1-2,15330,56,56,153.3
2025-12-02,02,3,1-2-5,4800,20,20,48.0
2025-12-02,02,4,2-1-5,2200,4,4,22.0
2025-12-02,02,5,5-4-3,13240,45,45,132.4
2025-12-02,02,6,4-2-5,1750,2,2,17.5
2025-12-02,02,7,2-1-5,9830,26,26,98.3
2025-12-02,02,8,1-3-5,1700,6,6,17.0
2025-12-02,02,9,1-3-2,1000,2,2,10.0
2025-12-02,02,10,1-2-4,720,1,1,7.2
2025-12-02,02,11,1-4-3,2940,10,10,29.4
2025-12-02,02,12,3-5-6,17220,54,54,172.2
2025-12-02,09,1,1-2-3,650,2,2,6.5
2025-12-02,09,2,1-5-2,2540,9,9,25.4
2025-12-02,09,3,3-2-1,11990,40,40,119.9
2025-12-02,09,4,1-2-4,590,1,1,5.9
2025-12-02,09,5,1-2-4,2480,12,12,24.8
2025-12-02,09,6,1-4-3,2280,7,7,22.8
2025-12-02,09,7,1-4-2,1430,8,8,14.3
2025-12-02,09,8,1-5-2,1540,6,6,15.4
2025-12-02,09,9,1-4-5,5730,23,23,57.3
2025-12-02,09,10,1-2-4,1080,1,1,10.8
2025-12-02,09,11,1-2-6,5030,16,16,50.3
2025-12-02,09,12,1-2-5,790,2,2,7.9
2025-12-02,14,1,6-3-2,6910,74,27,576.0
2025-12-02,14,2,2-1-3,930,2,2,9.3
2025-12-02,14,3,2-3-4,7600,21,21,76.0
2025-12-02,14,4,5-1-6,3970,15,15,39.7
2025-12-02,14,5,1-2-4,1310,4,4,13.1
2025-12-02,14,6,4-3-1,2210,12,12,22.1
2025-12-02,14,7,3-2-4,2530,6,6,25.3
2025-12-02,14,8,1-3-2,620,1,1,6.2
2025-12-02,14,9,6-1-2,10380,60,60,103.8
2025-12-02,14,10,4-5-2,3910,18,17,39.1
2025-12-02,14,11,1-3-4,1490,2,2,14.9
2025-12-02,14,12,1-2-6,3170,14,14,31.7
2025-12-03,02,1,3-5-4,18780,52,52,187.8
2025-12-03,02,2,2-3-6,820,1,1,8.2
2025-12-03,02,3,2-1-6,4130,15,15,41.3
2025-12-03,02,4,1-3-6,5070,20,20,50.7
2025-12-03,02,5,1-4-5,700,1,1,7.0
2025-12-03,02,6,2-3-6,1780,3,3,17.8
2025-12-03,02,7,1-3-5,1130,4,4,11.3
2025-12-03,02,8,4-5-1,3090,11,11,30.9
2025-12-03,02,9,2-4-1,3230,16,16,32.3
2025-12-03,02,10,1-5-4,3960,15,15,39.6
2025-12-03,02,11,4-1-2,11850,35,35,118.5
2025-12-03,02,12,3-4-2,31820,59,59,318.2
2025-12-03,14,1,1-5-4,1630,6,6,16.3
2025-12-03,14,2,3-1-5,6900,32,32,69.0
2025-12-03,14,3,4-1-3,2130,9,8,21.3
2025-12-03,14,4,2-4-3,4390,20,20,43.9
2025-12-03,14,5,1-2-3,760,2,2,7.6
2025-12-03,14,6,3-2-4,2590,8,8,25.9
2025-12-03,14,7,2-1-5,2890,14,14,28.9
2025-12-03,14,8,1-4-5,5870,18,18,58.7
2025-12-03,14,9,4-3-6,3270,13,13,32.7
2025-12-03,14,10,2-3-5,1890,8,8,18.9
2025-12-04,02,1,4-3-1,4650,31,31,46.5
2025-12-04,02,2,4-3-1,6630,40,40,66.3
2025-12-04,02,3,4-1-3,5680,31,31,56.8
2025-12-04,02,4,4-2-3,2220,8,8,22.2
2025-12-04,02,5,3-4-1,9770,27,27,97.7
2025-12-04,02,6,3-4-6,2640,6,6,26.4
2025-12-04,02,7,1-2-5,850,1,1,8.5
2025-12-04,02,8,2-3-4,13550,39,39,135.5
2025-12-04,02,9,1-2-4,690,1,1,6.9
2025-12-04,02,10,6-1-2,23350,55,55,233.5
2025-12-04,02,11,1-4-5,4890,20,20,48.9
2025-12-04,02,12,1-2-5,1600,3,3,16.0
2025-12-04,14,1,1-2-3,350,1,1,3.5
2025-12-04,14,2,6-4-2,1630,3,3,16.3
2025-12-04,14,3,1-2-4,1310,4,4,13.1
2025-12-04,14,4,3-1-6,2310,7,7,23.1
2025-12-04,14,5,6-4-2,8620,38,38,86.2
2025-12-04,14,6,1-4-3,8500,38,38,85.0
2025-12-04,14,7,1-4-2,3110,13,13,31.1
2025-12-04,14,8,1-2-5,730,1,1,7.3
2025-12-04,14,9,3-2-4,1840,8,8,18.4
2025-12-04,14,10,2-4-1,7380,23,23,73.8
2025-12-04,14,11,3-1-2,5320,18,18,53.2
2025-12-04,14,12,3-1-5,7240,25,25,72.4
2025-12-05,02,1,2-6-4,29460,60,60,294.6
2025-12-05,02,2,1-4-2,3420,15,15,34.2
2025-12-05,02,3,3-2-4,1260,1,1,12.6
2025-12-05,02,4,2-3-1,2450,6,6,24.5
2025-12-05,02,5,3-2-1,42270,55,55,422.7
2025-12-05,02,6,1-2-3,390,1,1,3.9
2025-12-05,02,7,1-4-2,2290,8,8,22.9
2025-12-05,02,8,5-2-1,16940,47,47,169.4
2025-12-05,02,9,3-4-6,5420,19,19,54.2
2025-12-05,02,10,4-3-1,13100,41,41,131.0
2025-12-05,02,11,1-3-2,1010,2,2,10.1
2025-12-05,02,12,2-4-1,2900,8,8,29.0
2025-12-05,14,1,2-3-6,129240,97,97,1292.0
2025-12-05,14,2,3-1-2,2240,5,5,22.4
2025-12-05,14,3,1-4-3,3080,13,13,30.8
2025-12-05,14,4,4-5-1,1660,5,5,16.6
2025-12-05,14,5,3-1-4,5470,22,22,54.7
2025-12-05,14,6,1-2-4,2290,11,11,22.9
2025-12-05,14,7,4-1-2,13050,41,41,130.5
2025-12-05,14,8,2-5-1,10020,27,27,100.2
2025-12-05,14,9,4-1-3,6360,22,22,63.6
2025-12-05,14,10,4-1-6,6050,24,24,60.5
2025-12-05,14,11,4-5-2,70310,85,85,703.1
2025-12-05,14,12,5-6-4,47680,90,90,476.8
2025-12-05,22,1,1-2-3,620,2,2,6.2
2025-12-05,22,2,2-5-1,32420,80,80,324.2
2025-12-05,22,3,1-2-3,1700,7,7,17.0
2025-12-05,22,4,1-5-4,9600,45,45,96.0
2025-12-05,22,5,1-3-6,1490,3,3,14.9
2025-12-05,22,6,4-2-5,5870,25,25,58.7
2025-12-05,22,7,1-2-5,2530,7,7,25.3
2025-12-05,22,8,1-2-3,310,1,1,3.1
2025-12-05,22,9,1-4-3,1750,6,6,17.5
2025-12-05,22,10,1-5-2,1970,6,6,19.7
2025-12-05,22,11,3-1-2,3420,11,11,34.2
2025-12-05,22,12,3-4-6,6360,19,19,63.6
2025-12-06,02,1,4-1-5,3480,17,17,34.8
2025-12-06,02,2,3-1-5,3190,4,4,31.9
2025-12-06,02,3,1-4-2,2800,12,12,28.0
2025-12-06,02,4,1-3-6,990,2,2,9.9
2025-12-06,02,5,1-5-3,2930,12,12,29.3
2025-12-06,02,6,1-2-3,1180,2,2,11.8
2025-12-06,02,7,1-2-6,1450,1,1,14.5
2025-12-06,02,8,1-3-5,750,1,1,7.5
2025-12-06,02,9,3-2-4,20110,81,81,201.1
2025-12-06,02,10,1-2-4,1320,1,1,13.2
2025-12-06,02,11,1-3-4,2010,7,7,20.1
2025-12-06,02,12,6-3-1,31190,61,61,311.9
2025-12-06,09,1,1-3-2,540,2,2,5.4
2025-12-06,09,2,5-3-4,31750,65,65,317.5
2025-12-06,09,3,3-4-1,4600,18,18,46.0
2025-12-06,09,4,1-6-5,12810,53,53,128.1
2025-12-06,09,5,1-5-3,2240,12,12,22.4
2025-12-06,09,6,1-2-6,4770,16,16,47.7
2025-12-06,09,7,1-2-3,600,1,1,6.0
2025-12-06,09,8,3-1-5,2940,10,10,29.4
2025-12-06,09,9,1-2-4,590,1,1,5.9
2025-12-06,09,10,1-3-5,860,1,1,8.6
2025-12-06,09,11,1-4-5,2540,10,10,25.4
2025-12-06,09,12,5-2-6,26590,42,42,265.9
2025-12-06,22,1,4-1-5,3060,10,10,30.6
2025-12-06,22,2,6-1-2,1150,3,3,11.5
2025-12-06,22,3,1-6-3,7810,24,24,78.1
2025-12-06,22,4,5-1-2,2390,4,4,23.9
2025-12-06,22,5,4-1-3,5810,24,24,58.1
2025-12-06,22,6,1-3-4,1370,4,4,13.7
2025-12-06,22,7,3-2-5,11330,33,33,113.3
2025-12-06,22,8,4-2-6,1550,6,6,15.5
2025-12-06,22,9,1-2-3,860,1,1,8.6
2025-12-06,22,10,1-2-4,1200,5,5,12.0
2025-12-06,22,11,1-4-2,850,3,3,8.5
2025-12-06,22,12,1-2-5,1500,5,5,15.0
2025-12-07,02,1,3-4-6,7810,31,31,78.1
2025-12-07,02,2,1-5-2,5130,23,23,51.3
2025-12-07,02,3,6-4-1,26730,75,75,267.3
2025-12-07,02,4,3-1-2,2790,10,10,27.9
2025-12-07,02,5,3-4-1,3170,14,14,31.7
2025-12-07,02,6,1-4-3,1600,5,6,16.0
2025-12-07,02,7,1-2-3,770,2,2,7.7
2025-12-07,02,8,2-1-6,46990,79,79,469.9
2025-12-07,02,9,3-1-4,2040,6,6,20.4
2025-12-07,02,10,1-3-2,1120,2,2,11.2
2025-12-07,02,11,1-4-5,2690,9,9,26.9
2025-12-07,02,12,1-4-2,3140,13,13,31.4
2025-12-07,09,1,5-2-1,21160,43,43,211.6
2025-12-07,09,2,1-3-4,940,1,1,9.4
2025-12-07,09,3,2-1-6,6730,31,31,67.3
2025-12-07,09,4,1-3-5,1700,6,6,17.0
2025-12-07,09,5,1-3-2,870,3,3,8.7
2025-12-07,09,6,3-1-2,3770,14,14,37.7
2025-12-07,09,7,5-2-6,5460,21,21,54.6
2025-12-07,09,8,2-3-1,2680,9,9,26.8
2025-12-07,09,9,4-1-5,1560,5,5,15.6
2025-12-07,09,10,1-2-3,570,1,1,5.7
2025-12-07,09,11,4-2-1,3440,14,14,34.4
2025-12-07,09,12,1-4-2,1130,5,5,11.3
2025-12-07,22,1,1-3-4,700,2,2,7.0
2025-12-07,22,2,2-6-4,2120,5,5,21.2
2025-12-07,22,3,1-3-6,660,2,2,6.6
2025-12-07,22,4,1-3-2,620,1,1,6.2
2025-12-07,22,5,1-2-4,2470,8,8,24.7
2025-12-07,22,6,3-2-5,1410,5,5,14.1
2025-12-07,22,7,1-3-2,1160,3,3,11.6
2025-12-07,22,8,2-1-5,2750,9,9,27.5
2025-12-07,22,9,1-3-2,480,1,1,4.8
2025-12-07,22,10,1-2-3,320,1,1,3.2
2025-12-07,22,11,1-2-6,1240,6,6,12.4
2025-12-07,22,12,1-3-2,670,2,2,6.7
2025-12-08,03,1,1-3-4,1650,6,6,16.5
2025-12-08,03,2,2-3-6,8420,32,32,84.2
2025-12-08,03,3,1-5-4,5310,18,18,53.1
2025-12-08,03,4,2-1-3,5610,27,27,56.1
2025-12-08,03,5,3-5-4,11290,45,45,112.9
2025-12-08,03,6,5-2-1,20780,55,55,207.8
2025-12-08,03,7,1-5-3,2740,2,2,27.4
2025-12-08,03,8,1-6-2,5560,22,22,55.6
2025-12-08,03,9,2-3-4,5500,19,19,55.0
2025-12-08,03,10,4-3-1,20160,72,72,201.6
2025-12-08,03,11,1-2-3,440,1,1,4.4
2025-12-08,03,12,3-2-5,9160,38,38,91.6
2025-12-08,09,1,1-6-3,2850,13,13,28.5
2025-12-08,09,2,4-5-2,24540,46,46,245.4
2025-12-08,09,3,1-5-3,5540,25,25,55.4
2025-12-08,09,4,1-4-3,3780,13,13,37.8
2025-12-08,09,5,1-3-2,1050,4,4,10.5
2025-12-08,09,6,1-4-2,16510,44,44,165.1
2025-12-08,09,7,2-3-5,1840,6,6,18.4
2025-12-08,09,8,1-2-3,1620,5,5,16.2
2025-12-08,09,9,5-4-3,10710,39,39,107.1
2025-12-08,09,10,3-1-6,8000,26,26,80.0
2025-12-08,09,11,4-2-5,36980,64,64,369.8
2025-12-08,09,12,4-1-3,19860,47,47,198.6
2025-12-08,22,1,1-3-2,320,1,1,3.2
2025-12-08,22,2,4-5-2,3610,15,15,36.1
2025-12-08,22,3,3-1-6,1440,5,5,14.4
2025-12-08,22,4,3-5-1,18320,54,54,183.2
2025-12-08,22,5,2-1-4,880,2,2,8.8
2025-12-08,22,6,1-3-2,1840,7,7,18.4
2025-12-08,22,7,4-1-2,2810,11,11,28.1
2025-12-08,22,8,1-5-4,4140,15,15,41.4
2025-12-08,22,9,2-1-5,2940,16,16,29.4
2025-12-08,22,10,3-6-2,3900,54,16,271.8
2025-12-08,22,11,1-3-2,2330,8,8,23.3
2025-12-08,22,12,1-2-3,610,2,2,6.1
2025-12-09,03,1,1-3-4,2840,10,10,28.4
2025-12-09,03,2,1-3-2,1450,4,4,14.5
2025-12-09,03,3,2-1-3,3040,13,13,30.4
2025-12-09,03,4,2-1-3,1030,2,2,10.3
2025-12-09,03,5,1-6-2,3060,12,12,30.6
2025-12-09,03,6,2-3-4,4660,17,17,46.6
2025-12-09,03,7,1-3-2,1080,2,2,10.8
2025-12-09,03,8,6-1-4,23600,64,64,236.0
2025-12-09,03,9,1-3-5,520,1,1,5.2
2025-12-09,03,10,3-6-1,55540,86,86,555.4
2025-12-09,03,11,1-2-3,740,3,3,7.4
2025-12-09,03,12,6-4-2,131100,101,101,1311.0
2025-12-09,09,1,3-1-5,6850,21,21,68.5
2025-12-09,09,2,1-2-4,1070,1,1,10.7
2025-12-09,09,3,2-3-4,1580,5,5,15.8
2025-12-09,09,4,3-2-1,5190,20,20,51.9
2025-12-09,09,5,1-6-5,1950,8,8,19.5
2025-12-09,09,6,4-5-2,2550,7,7,25.5
2025-12-09,09,7,3-1-6,8640,34,34,86.4
2025-12-09,09,8,6-5-2,2520,7,7,25.2
2025-12-09,09,9,1-4-3,1920,2,2,19.2
2025-12-09,09,10,1-4-3,5360,16,16,53.6
2025-12-09,09,11,1-3-5,6740,27,27,67.4
2025-12-09,09,12,1-6-3,4890,17,17,48.9
2025-12-09,14,1,4-3-6,80030,77,77,800.3
2025-12-09,14,2,5-1-4,45390,71,71,453.9
2025-12-09,14,3,1-2-3,1540,5,5,15.4
2025-12-09,14,4,1-3-5,880,3,3,8.8
2025-12-09,14,5,5-3-4,20850,87,55,285.3
2025-12-09,14,6,1-4-5,4590,16,16,45.9
2025-12-09,14,7,3-1-5,2640,11,11,26.4
2025-12-09,14,8,1-4-2,1720,3,3,17.2
2025-12-09,14,9,1-4-5,4870,19,19,48.7
2025-12-09,14,10,4-1-5,2400,8,8,24.0
2025-12-09,14,11,1-3-6,3960,16,16,39.6
2025-12-09,14,12,3-6-1,10510,34,34,105.1
2025-12-09,22,1,1-3-2,800,3,3,8.0
2025-12-09,22,2,3-4-6,3780,15,15,37.8
2025-12-09,22,3,3-1-4,880,3,3,8.8
2025-12-09,22,4,3-4-6,9230,38,38,92.3
2025-12-09,22,5,4-5-6,3140,15,14,31.4
2025-12-09,22,6,3-6-4,33650,68,68,336.5
2025-12-09,22,7,1-4-6,860,1,1,8.6
2025-12-09,22,8,1-2-5,840,1,1,8.4
2025-12-09,22,9,1-2-3,1700,6,6,17.0
2025-12-09,22,10,3-6-1,42500,62,62,425.0
2025-12-09,22,11,3-1-2,4730,14,14,47.3
2025-12-09,22,12,1-3-2,1310,4,4,13.1
2025-12-10,03,1,1-2-3,1380,1,1,13.8
2025-12-10,03,2,2-3-1,5440,26,26,54.4
2025-12-10,03,3,5-3-2,2660,7,7,26.6
2025-12-10,03,4,1-5-6,2610,13,13,26.1
2025-12-10,03,5,1-2-6,4080,15,15,40.8
2025-12-10,03,6,3-6-2,2780,12,12,27.8
2025-12-10,03,7,2-6-4,7360,27,27,73.6
2025-12-10,03,8,1-3-4,1160,3,3,11.6
2025-12-10,03,9,1-6-5,26780,53,53,267.8
2025-12-10,03,10,1-2-6,760,3,3,7.6
2025-12-10,03,11,6-3-1,21300,58,58,213.0
2025-12-10,03,12,1-3-4,1870,6,6,18.7
2025-12-10,09,1,1-6-5,4520,15,15,50.9
2025-12-10,09,2,1-5-2,3760,13,13,37.6
2025-12-10,09,3,1-3-5,690,1,1,6.9
2025-12-10,09,4,1-5-6,9540,34,34,95.4
2025-12-10,09,5,1-4-2,1360,5,5,13.6
2025-12-10,09,6,2-6-1,2610,9,9,26.1
2025-12-10,09,7,1-4-2,1630,8,8,16.3
2025-12-10,09,8,1-2-3,1350,3,3,13.5
2025-12-10,09,9,5-4-6,20000,35,35,200.0
2025-12-10,09,10,2-5-1,13000,44,44,130.0
2025-12-10,09,11,1-5-3,2610,9,9,26.1
2025-12-10,09,12,1-5-4,6230,18,18,62.3
2025-12-10,14,1,1-3-2,850,2,2,8.5
2025-12-10,14,2,2-1-3,1010,1,1,10.1
2025-12-10,14,3,2-3-1,23370,43,43,233.7
2025-12-10,14,4,1-3-2,1720,2,2,17.2
2025-12-10,14,5,1-3-5,1600,4,5,16.0
2025-12-10,14,6,2-5-1,10800,34,34,108.0
2025-12-10,14,7,4-2-3,990,1,1,9.9
2025-12-10,14,8,3-6-4,22080,49,49,220.8
2025-12-10,14,9,1-2-6,1350,3,3,13.5
2025-12-10,14,10,4-1-3,8600,26,26,86.0
2025-12-10,14,11,1-3-6,7460,25,25,74.6
2025-12-10,14,12,1-4-3,1830,7,7,18.3
2025-12-10,22,1,1-2-3,330,1,1,3.3
2025-12-10,22,2,2-1-4,1740,5,5,17.4
2025-12-10,22,3,1-2-3,400,1,1,4.0
2025-12-10,22,4,1-4-5,1950,10,10,19.5
2025-12-10,22,5,1-5-2,2420,11,11,24.2
2025-12-10,22,6,5-1-2,14760,18,18,147.6
2025-12-10,22,7,1-5-2,1070,3,3,10.7
2025-12-10,22,8,1-5-3,2380,11,11,23.8
2025-12-10,22,9,1-2-4,870,1,1,8.7
2025-12-10,22,10,1-5-2,2950,11,11,29.5
2025-12-10,22,11,1-2-5,700,2,2,7.0
2025-12-10,22,12,2-1-3,3280,13,13,32.8
2025-12-11,03,1,1-4-3,1040,2,2,10.4
2025-12-11,03,2,6-5-1,210150,107,107,2101.0
2025-12-11,03,3,1-2-6,650,18,3,52.6
2025-12-11,03,4,4-2-3,1920,8,8,19.2
2025-12-11,03,5,4-1-3,31480,60,60,314.8
2025-12-11,03,6,6-1-2,39000,90,90,390.0
2025-12-11,03,7,2-5-3,37280,97,97,372.8
2025-12-11,03,8,5-1-2,6680,27,27,66.8
2025-12-11,03,9,2-6-5,29830,67,67,298.3
2025-12-11,03,10,3-1-5,8530,23,23,85.3
2025-12-11,03,11,4-3-5,6170,36,36,61.7
2025-12-11,03,12,2-1-3,5760,24,24,57.6
2025-12-11,09,1,1-3-6,1020,2,2,10.2
2025-12-11,09,2,6-4-5,122850,94,94,1228.0
2025-12-11,09,3,1-5-3,4790,17,17,47.9
2025-12-11,09,4,1-5-3,2260,7,7,22.6
2025-12-11,09,5,1-2-3,460,1,1,4.6
2025-12-11,09,6,2-1-5,2260,7,7,22.6
2025-12-11,09,7,1-2-3,430,1,1,4.3
2025-12-11,09,8,6-3-1,29940,50,50,299.4
2025-12-11,09,9,1-3-2,550,2,2,5.5
2025-12-11,09,10,1-2-3,1070,1,1,10.7
2025-12-11,09,11,1-4-2,1100,2,2,11.0
2025-12-11,09,12,1-2-3,420,1,1,4.2
2025-12-11,14,1,3-2-6,13260,30,30,132.6
2025-12-11,14,2,1-3-5,810,2,2,8.1
2025-12-11,14,3,2-1-3,2820,9,9,28.2
2025-12-11,14,4,1-3-6,1790,2,2,17.9
2025-12-11,14,5,1-2-5,8770,45,46,87.7
2025-12-11,14,6,1-2-5,720,1,1,7.2
2025-12-11,14,7,3-4-6,9850,45,45,98.5
2025-12-11,14,8,1-2-4,1180,3,3,11.8
2025-12-11,14,9,1-4-2,1570,6,6,15.7
2025-12-11,14,10,2-5-4,4900,23,23,49.0
2025-12-11,14,11,1-3-5,3950,13,13,39.5
2025-12-11,14,12,1-4-2,910,3,3,9.1
2025-12-12,14,1,1-2-3,800,1,1,8.0
2025-12-12,14,2,1-2-3,500,1,1,5.0
2025-12-12,14,3,4-1-5,1260,5,5,12.6
2025-12-12,14,4,1-2-5,1820,6,6,18.2
2025-12-12,14,5,4-1-5,7820,27,27,78.2
2025-12-12,14,6,1-3-2,670,1,1,6.7
2025-12-12,14,7,2-5-3,3300,13,13,33.0
2025-12-12,14,8,6-4-3,22550,52,52,225.5
2025-12-12,14,9,3-6-2,2100,5,5,21.0
2025-12-12,14,10,1-5-4,2490,8,8,24.9
2025-12-12,14,11,4-3-1,6780,35,35,67.8
2025-12-12,14,12,2-5-3,6060,25,25,60.6
2025-12-13,02,1,1-3-4,1670,5,5,16.7
2025-12-13,02,2,1-2-3,3430,9,9,34.3
2025-12-13,02,3,2-3-1,3140,9,9,31.4
2025-12-13,02,4,1-2-6,1710,4,4,17.1
2025-12-13,02,5,1-2-4,800,2,2,8.0
2025-12-13,02,6,3-4-5,4630,20,20,46.3
2025-12-13,02,7,2-4-5,34870,51,51,348.7
2025-12-13,02,8,1-2-4,7710,30,30,77.1
2025-12-13,02,9,3-2-5,5030,21,21,50.3
2025-12-13,02,10,4-5-3,17160,57,57,171.6
2025-12-13,02,11,1-6-5,3690,11,11,36.9
2025-12-13,02,12,1-4-5,3470,14,14,34.7
2025-12-13,03,1,2-3-4,4360,20,20,43.6
2025-12-13,03,2,4-3-5,2170,9,9,21.7
2025-12-13,03,3,2-1-4,5090,25,25,50.9
2025-12-13,03,4,2-3-1,3760,15,15,37.6
2025-12-13,03,5,1-4-6,2900,15,15,29.0
2025-12-13,03,6,1-4-5,210,22,1,47.6
2025-12-13,03,7,2-4-1,1220,3,3,12.2
2025-12-13,03,8,2-1-3,1600,5,5,16.0
2025-12-13,03,9,2-1-6,2530,8,8,25.3
2025-12-13,03,10,3-2-6,1580,1,1,15.8
2025-12-13,03,11,1-2-6,1440,4,4,14.4
2025-12-13,03,12,1-4-3,5420,19,19,54.2
2025-12-14,02,1,2-3-4,10710,45,45,107.1
2025-12-14,02,2,5-1-2,3620,8,8,36.2
2025-12-14,02,3,2-3-1,2490,6,6,24.9
2025-12-14,02,4,1-3-2,1700,3,3,17.0
2025-12-14,02,5,6-1-4,11970,42,42,119.7
2025-12-14,02,6,1-6-3,7060,27,27,70.6
2025-12-14,02,7,1-3-2,1000,4,4,10.0
2025-12-14,02,8,1-3-2,1000,2,2,10.0
2025-12-14,02,9,1-2-4,2340,7,7,23.4
2025-12-14,02,10,1-2-6,1790,1,1,17.9
2025-12-14,02,11,1-5-4,2270,6,6,22.7
2025-12-14,02,12,5-1-6,17440,38,38,174.4
2025-12-14,03,1,1-5-2,1760,4,4,17.6
2025-12-14,03,2,2-1-3,2000,6,6,20.0
2025-12-14,03,3,1-3-2,660,2,2,6.6
2025-12-14,03,4,2-1-4,6510,30,30,65.1
2025-12-14,03,5,1-5-6,1070,1,1,10.7
2025-12-14,03,6,4-5-2,4940,20,20,49.4
2025-12-14,03,7,1-3-6,3960,14,14,39.6
2025-12-14,03,8,1-4-5,3340,12,12,33.4
2025-12-14,03,9,6-3-2,5420,27,27,54.2
2025-12-14,03,10,1-4-2,3860,16,16,38.6
2025-12-14,03,11,1-3-2,1250,3,3,12.5
2025-12-14,03,12,1-6-2,4040,14,14,40.4
2025-12-15,02,1,1-2-3,1140,1,1,11.4
2025-12-15,02,2,1-3-4,4550,14,14,45.5
2025-12-15,02,3,4-5-6,2040,1,1,20.4
2025-12-15,02,4,3-2-5,1980,5,5,19.8
2025-12-15,02,5,2-3-4,11800,41,41,118.0
2025-12-15,02,6,4-5-1,1170,1,1,11.7
2025-12-15,02,7,4-2-5,67140,86,86,671.4
2025-12-15,02,8,2-5-6,3510,10,10,35.1
2025-12-15,02,9,3-1-2,2480,8,8,24.8
2025-12-15,02,10,1-2-3,1120,1,1,11.2
2025-12-15,02,11,1-2-3,750,1,1,7.5
2025-12-15,02,12,2-1-6,1870,7,7,18.7
2025-12-15,09,1,1-6-2,4490,12,12,44.9
2025-12-15,09,2,4-2-6,5360,19,19,53.6
2025-12-15,09,3,2-3-6,12790,53,53,127.9
2025-12-15,09,4,1-2-3,640,1,1,6.4
2025-12-15,09,5,1-4-6,3660,14,14,36.6
2025-12-15,09,6,3-5-2,17090,50,50,170.9
2025-12-15,09,7,1-5-3,2660,8,8,26.6
2025-12-15,09,8,1-2-3,1870,3,3,18.7
2025-12-15,09,9,1-3-2,1480,6,6,14.8
2025-12-15,09,10,1-3-6,920,4,4,9.2
2025-12-15,09,11,1-2-5,990,3,3,9.9
2025-12-15,09,12,1-3-4,1590,6,7,15.9
2025-12-15,22,1,1-2-3,640,1,1,6.4
2025-12-15,22,2,1-3-5,650,2,2,6.5
2025-12-15,22,3,1-3-4,2420,8,8,24.2
2025-12-15,22,4,2-3-1,3950,12,12,39.5
2025-12-15,22,5,3-1-5,6670,29,29,66.7
2025-12-15,22,6,3-1-2,960,6,2,21.7
2025-12-15,22,7,4-1-3,3920,14,14,39.2
2025-12-15,22,8,4-5-2,12170,31,31,121.7
2025-12-15,22,9,1-4-6,2020,7,7,20.2
2025-12-15,22,10,6-1-3,3920,19,19,39.2
2025-12-15,22,11,1-2-4,620,2,2,6.2
2025-12-15,22,12,1-4-2,1080,2,2,10.8
2025-12-16,02,1,4-5-1,7920,40,40,79.2
2025-12-16,02,2,3-1-6,10730,54,54,107.3
2025-12-16,02,3,3-1-4,3680,14,14,36.8
2025-12-16,02,4,1-2-3,880,1,1,8.8
2025-12-16,02,5,1-3-4,1720,6,6,17.2
2025-12-16,02,6,1-6-2,3640,14,14,36.4
2025-12-16,02,7,3-1-2,6580,23,23,65.8
2025-12-16,02,8,5-1-6,27320,75,75,273.2
2025-12-16,02,9,3-1-2,3330,12,12,33.3
2025-12-16,02,10,2-5-1,7010,29,29,70.1
2025-12-16,02,11,2-1-5,7840,22,22,78.4
2025-12-16,02,12,5-3-4,25250,76,76,252.5
2025-12-16,09,1,5-1-4,8730,23,23,87.3
2025-12-16,09,2,1-4-3,770,2,2,7.7
2025-12-16,09,3,4-2-1,9230,35,35,92.3
2025-12-16,09,4,2-1-6,6640,28,28,66.4
2025-12-16,09,5,1-5-4,3930,15,15,39.3
2025-12-16,09,6,1-3-4,1230,2,2,12.3
2025-12-16,09,7,1-3-5,25350,73,73,253.5
2025-12-16,09,8,3-4-6,1160,1,1,11.6
2025-12-16,09,9,1-3-2,2230,8,8,22.3
2025-12-16,09,10,1-5-2,6680,21,21,66.8
2025-12-16,09,11,4-6-1,5730,25,25,57.3
2025-12-16,09,12,1-3-2,560,2,2,5.6
2025-12-16,22,1,1-2-5,570,2,2,5.7
2025-12-16,22,2,1-6-3,550,1,1,5.5
2025-12-16,22,3,3-1-2,1580,4,4,15.8
2025-12-16,22,4,2-3-5,1410,2,2,14.1
2025-12-16,22,5,3-1-4,11080,48,48,110.8
2025-12-16,22,6,3-5-6,1600,5,5,16.0
2025-12-16,22,7,1-3-5,2950,11,11,29.5
2025-12-16,22,8,4-1-5,1380,2,2,13.8
2025-12-16,22,9,3-2-5,3460,14,14,34.6
2025-12-16,22,10,1-4-6,2150,7,7,21.5
2025-12-16,22,11,1-4-6,5890,19,19,58.9
2025-12-16,22,12,1-4-3,1190,4,4,11.9
2025-12-17,03,1,2-5-3,49880,81,81,498.8
2025-12-17,03,2,5-1-6,3600,11,11,36.0
2025-12-17,03,3,1-2-3,2000,7,7,20.0
2025-12-17,03,4,2-4-5,23280,60,60,232.8
2025-12-17,03,5,5-3-1,8210,29,29,82.1
2025-12-17,03,6,3-4-2,2660,8,8,26.6
2025-12-17,03,7,2-3-1,16810,47,47,168.1
2025-12-17,03,8,3-1-6,2230,8,8,22.3
2025-12-17,03,9,2-1-3,20030,50,50,200.3
2025-12-17,03,10,5-2-1,26260,62,62,262.6
2025-12-17,03,11,3-1-5,1920,6,6,19.2
2025-12-17,03,12,1-5-2,4810,17,17,48.1
2025-12-17,09,1,1-3-4,470,1,1,4.7
2025-12-17,09,2,3-1-4,1400,3,3,14.0
2025-12-17,09,3,1-5-6,7990,28,28,79.9
2025-12-17,09,4,2-1-4,8470,35,35,84.7
2025-12-17,09,5,3-1-6,4150,12,12,41.5
2025-12-17,09,6,3-1-5,1650,4,4,16.5
2025-12-17,09,7,1-6-2,6390,27,27,63.9
2025-12-17,09,8,2-1-3,2650,9,9,26.5
2025-12-17,09,9,1-6-4,6130,23,23,61.3
2025-12-17,09,10,5-2-1,10110,30,30,101.1
2025-12-17,09,11,4-5-6,2390,7,7,23.9
2025-12-17,09,12,3-4-2,72600,82,82,726.0
2025-12-17,22,1,1-3-4,700,2,2,7.0
2025-12-17,22,2,1-3-4,1150,3,3,11.5
2025-12-17,22,3,1-3-2,680,2,2,6.8
2025-12-17,22,4,2-1-5,1450,4,4,14.5
2025-12-17,22,5,4-2-6,9620,62,35,153.4
2025-12-17,22,6,5-4-3,17960,43,43,179.6
2025-12-17,22,7,2-4-3,6120,20,20,61.2
2025-12-17,22,8,2-3-4,15920,28,28,159.2
2025-12-17,22,9,3-4-2,21620,63,63,216.2
2025-12-17,22,10,4-1-2,2240,6,6,22.4
2025-12-17,22,11,1-4-2,3620,12,12,36.2
2025-12-17,22,12,1-4-2,2480,8,8,24.8
2025-12-18,03,1,1-3-2,1100,2,2,11.0
2025-12-18,03,2,3-5-4,39760,70,70,397.6
2025-12-18,03,3,1-4-3,7750,27,27,77.5
2025-12-18,03,4,3-2-6,1430,5,5,14.3
2025-12-18,03,5,5-2-6,4980,19,19,49.8
2025-12-18,03,6,4-3-1,3040,8,8,30.4
2025-12-18,03,7,2-3-5,750,2,2,7.5
2025-12-18,03,8,4-2-1,2990,7,7,29.9
2025-12-18,03,9,1-2-3,1370,3,3,13.7
2025-12-18,03,10,1-2-3,440,1,1,4.4
2025-12-18,03,11,1-3-2,5910,20,20,59.1
2025-12-18,03,12,1-2-4,2170,7,7,21.7
2025-12-18,09,1,1-4-3,2820,8,8,28.2
2025-12-18,09,2,1-5-4,3970,15,15,39.7
2025-12-18,09,3,1-2-3,310,1,1,3.1
2025-12-18,09,4,1-2-6,2380,10,10,23.8
2025-12-18,09,5,1-5-2,2550,9,9,25.5
2025-12-18,09,6,1-3-4,440,1,1,4.4
2025-12-18,09,7,3-6-1,17070,30,30,170.7
2025-12-18,09,8,1-3-2,1350,8,8,13.5
2025-12-18,09,9,3-1-4,3640,11,11,36.4
2025-12-18,09,10,2-1-4,1490,3,3,14.9
2025-12-18,09,11,1-6-2,24910,69,69,249.1
2025-12-18,09,12,1-2-3,1120,5,5,11.2
2025-12-18,22,1,1-3-6,1090,4,4,10.9
2025-12-18,22,2,4-5-6,3400,8,8,34.0
2025-12-18,22,3,3-4-6,2320,13,13,23.2
2025-12-18,22,4,3-1-5,1650,8,8,16.5
2025-12-18,22,5,1-5-3,14060,57,57,140.6
2025-12-18,22,6,4-5-2,1390,1,1,13.9
2025-12-18,22,7,1-3-4,1300,4,4,13.0
2025-12-18,22,8,1-5-4,7120,21,21,71.2
2025-12-18,22,9,1-4-2,2370,9,9,23.7
2025-12-18,22,10,1-3-2,900,3,3,9.0
2025-12-18,22,11,1-2-4,640,1,1,6.4
2025-12-18,22,12,4-2-1,31450,56,56,314.5
2025-12-19,02,1,1-3-2,1540,3,2,15.4
2025-12-19,02,2,2-1-3,3220,12,12,32.2
2025-12-19,02,3,3-1-5,3430,15,15,34.3
2025-12-19,02,4,2-1-5,2470,10,10,24.7
2025-12-19,02,5,3-1-4,1990,7,7,19.9
2025-12-19,02,6,4-5-2,11410,38,38,114.1
2025-12-19,02,7,2-1-5,6690,20,20,66.9
2025-12-19,02,8,1-3-6,3950,16,16,39.5
2025-12-19,02,9,1-2-6,2120,5,5,21.2
2025-12-19,02,10,2-5-4,16220,43,43,162.2
2025-12-19,02,11,5-1-4,8930,33,33,89.3
2025-12-19,02,12,3-5-2,20040,62,62,200.4
2025-12-19,03,1,5-1-2,2130,6,6,21.3
2025-12-19,03,2,1-3-4,5460,25,25,54.6
2025-12-19,03,3,3-1-4,5460,22,22,54.6
2025-12-19,03,4,1-2-3,3410,12,12,34.1
2025-12-19,03,5,2-1-4,1910,6,6,19.1
2025-12-19,03,6,1-2-3,1720,4,4,17.2
2025-12-19,03,7,1-4-2,2960,13,13,29.6
2025-12-19,03,8,1-2-6,4500,13,13,45.0
2025-12-19,03,9,4-5-2,4400,18,18,44.0
2025-12-19,03,10,1-2-6,550,1,1,5.5
2025-12-19,03,11,1-2-3,550,1,1,5.5
2025-12-19,03,12,3-2-1,14320,41,41,143.2
2025-12-19,14,1,5-2-6,13040,33,33,130.4
2025-12-19,14,2,1-3-2,600,1,1,6.0
2025-12-19,14,3,1-3-4,770,1,1,7.7
2025-12-19,14,4,5-6-2,113510,99,99,1135.0
2025-12-19,14,5,4-1-6,6810,27,27,68.1
2025-12-19,14,6,3-4-6,4250,18,18,42.5
2025-12-19,14,7,1-2-4,990,1,1,9.9
2025-12-19,14,8,2-6-3,38170,81,81,381.7
2025-12-19,14,9,2-6-1,20430,77,77,204.3
2025-12-19,14,10,5-1-3,6320,22,22,63.2
2025-12-19,14,11,4-2-1,23640,72,72,236.4
2025-12-19,14,12,1-2-6,4890,16,16,48.9
2025-12-19,22,1,2-3-1,9040,29,29,90.4
2025-12-19,22,2,1-6-5,2010,10,10,20.1
2025-12-19,22,3,3-4-6,6080,22,22,60.8
2025-12-19,22,4,5-6-1,3690,13,13,36.9
2025-12-19,22,5,1-5-4,960,3,3,9.6
2025-12-19,22,6,1-2-4,7100,24,24,71.0
2025-12-19,22,7,1-3-4,1580,5,5,15.8
2025-12-19,22,8,5-1-4,8590,23,23,85.9
2025-12-19,22,9,3-2-1,7610,30,30,76.1
2025-12-19,22,10,1-2-4,580,2,2,5.8
2025-12-19,22,11,4-5-2,8390,24,24,83.9
2025-12-19,22,12,1-4-2,1810,6,6,18.1
2025-12-20,02,1,1-3-5,880,3,3,8.8
2025-12-20,02,2,1-3-2,6840,34,34,68.4
2025-12-20,02,3,3-1-5,8120,31,31,81.2
2025-12-20,02,4,5-2-1,2370,8,8,23.7
2025-12-20,02,5,1-4-3,1940,4,4,19.4
2025-12-20,02,6,4-3-1,2820,7,7,28.2
2025-12-20,02,7,3-5-4,9610,25,25,96.1
2025-12-20,02,8,1-6-2,760,1,1,7.6
2025-12-20,02,9,4-5-1,30670,64,64,306.7
2025-12-20,02,10,2-1-4,3220,9,9,32.2
2025-12-20,02,11,1-6-4,4800,17,17,48.0
2025-12-20,02,12,1-2-5,3510,13,13,35.1
2025-12-20,03,1,1-5-4,1220,1,1,12.2
2025-12-20,03,2,1-6-3,17360,58,58,173.6
2025-12-20,03,3,3-2-5,62560,100,100,625.6
2025-12-20,03,4,3-2-1,1560,3,3,15.6
2025-12-20,03,5,1-6-2,910,2,2,9.1
2025-12-20,03,6,1-2-5,2620,9,9,26.2
2025-12-20,03,7,3-1-4,2330,9,9,23.3
2025-12-20,03,8,1-4-2,610,2,2,6.1
2025-12-20,03,9,1-2-3,1720,5,5,17.2
2025-12-20,03,10,1-2-3,520,1,1,5.2
2025-12-20,03,11,1-2-3,590,1,1,5.9
2025-12-20,03,12,4-1-2,8600,23,23,86.0
2025-12-20,14,1,2-1-6,14100,37,37,141.0
2025-12-20,14,2,3-5-4,27300,75,75,273.0
2025-12-20,14,3,1-4-5,5450,18,18,54.5
2025-12-20,14,4,2-1-6,11110,30,30,111.1
2025-12-20,14,5,1-2-4,2230,4,4,22.3
2025-12-20,14,6,1-2-5,810,2,2,8.1
2025-12-20,14,7,3-1-6,2290,4,4,22.9
2025-12-20,14,8,2-3-1,10700,37,37,107.0
2025-12-20,14,9,2-3-5,3840,9,9,38.4
2025-12-20,14,10,4-1-5,2050,8,8,20.5
2025-12-20,14,11,6-4-2,3520,115,21,1277.0
2025-12-20,14,12,1-4-3,1760,7,7,17.6
2025-12-20,22,1,1-3-4,530,1,1,5.3
2025-12-20,22,2,1-3-4,440,1,1,4.4
2025-12-20,22,3,1-2-3,760,3,3,7.6
2025-12-20,22,4,5-3-2,16730,59,59,167.3
2025-12-20,22,5,1-5-3,1190,3,3,11.9
2025-12-20,22,6,1-5-2,2330,7,7,23.3
2025-12-20,22,7,1-2-4,460,1,1,4.6
2025-12-20,22,8,3-2-6,7890,32,32,78.9
2025-12-20,22,9,4-6-5,310,77,2,276.1
2025-12-20,22,10,4-1-2,9590,32,32,95.9
2025-12-20,22,11,1-2-5,950,3,3,9.5
2025-12-20,22,12,1-2-3,1080,3,3,10.8
2025-12-21,02,1,1-2-6,2000,4,4,20.0
2025-12-21,02,2,3-4-5,2260,9,9,22.6
2025-12-21,02,3,2-5-6,2580,10,10,25.8
2025-12-21,02,4,3-1-5,3270,13,13,32.7
2025-12-21,02,5,3-5-1,18480,48,48,184.8
2025-12-21,02,6,2-3-6,1600,1,1,16.0
2025-12-21,02,7,1-6-3,7040,21,21,70.4
2025-12-21,02,8,3-1-5,1310,2,2,13.1
2025-12-21,02,9,1-3-4,2650,10,10,26.5
2025-12-21,02,10,1-3-6,2780,9,9,27.8
2025-12-21,02,11,1-4-6,950,2,2,9.5
2025-12-21,02,12,5-2-3,27550,63,63,275.5
2025-12-21,03,1,4-1-2,1580,3,3,15.8
2025-12-21,03,2,2-4-3,1490,5,5,14.9
2025-12-21,03,3,6-2-3,3930,17,17,39.3
2025-12-21,03,4,4-3-6,20130,81,81,201.3
2025-12-21,03,5,2-1-5,5160,17,17,51.6
2025-12-21,03,6,1-6-2,1570,5,5,15.7
2025-12-21,03,7,1-3-2,7600,33,33,76.0
2025-12-21,03,8,1-2-6,1820,5,5,18.2
2025-12-21,03,9,5-4-3,5270,68,24,248.6
2025-12-21,03,10,4-1-5,6320,28,28,63.2
2025-12-21,03,11,3-1-5,6270,24,24,62.7
2025-12-21,03,12,1-5-2,3700,14,14,37.0
2025-12-21,14,1,1-5-2,2750,10,10,27.5
2025-12-21,14,2,1-6-2,8930,29,29,89.3
2025-12-21,14,3,3-2-4,6940,27,27,69.4
2025-12-21,14,4,1-3-4,1700,7,7,17.0
2025-12-21,14,5,1-3-4,4730,19,19,47.3
2025-12-21,14,6,2-3-5,11000,44,44,110.0
2025-12-21,14,7,1-2-3,1820,3,3,18.2
2025-12-21,14,8,1-2-4,900,1,1,9.0
2025-12-21,14,9,1-5-3,2800,9,9,28.0
2025-12-21,14,10,3-1-4,5200,22,22,52.0
2025-12-21,14,11,2-1-3,8620,28,28,86.2
2025-12-21,14,12,5-1-2,4700,16,16,47.0
2025-12-22,02,1,2-1-4,1820,4,4,18.2
2025-12-22,02,2,2-1-4,810,2,2,8.1
2025-12-22,02,3,2-3-4,1590,3,3,15.9
2025-12-22,02,4,3-1-5,15500,44,44,155.0
2025-12-22,02,5,3-1-4,4310,12,12,43.1
2025-12-22,02,6,1-2-4,3560,18,18,35.6
2025-12-22,02,7,1-3-5,2200,8,8,22.0
2025-12-22,02,8,2-1-4,4280,14,14,42.8
2025-12-22,02,9,3-1-5,1690,4,4,16.9
2025-12-22,02,10,1-2-3,910,2,2,9.1
2025-12-22,02,11,1-3-4,1170,1,1,11.7
2025-12-22,02,12,1-3-4,780,1,2,7.8
2025-12-22,09,1,1-2-5,620,1,1,6.2
2025-12-22,09,2,2-1-3,2260,4,4,22.6
2025-12-22,09,3,3-2-5,35620,64,64,356.2
2025-12-22,09,4,1-6-2,11970,53,53,119.7
2025-12-22,09,6,2-5-6,1890,3,3,18.9
2025-12-22,09,7,2-4-1,2630,11,11,26.3
2025-12-22,09,8,6-1-3,8110,26,26,81.1
2025-12-22,09,9,1-3-4,750,1,1,7.5
2025-12-22,09,10,4-2-5,6680,25,25,66.8
2025-12-22,09,11,2-1-3,6400,24,24,64.0
2025-12-22,09,12,1-5-3,2950,12,12,29.5
2025-12-22,14,1,1-2-5,1050,4,4,10.5
2025-12-22,14,2,4-3-6,20220,45,45,202.2
2025-12-22,14,3,1-3-2,1010,3,3,10.1
2025-12-22,14,4,1-4-3,2350,10,10,23.5
2025-12-22,14,5,1-2-6,2390,6,6,23.9
2025-12-22,14,6,2-1-6,4470,13,13,44.7
2025-12-22,14,7,1-3-5,1450,1,1,14.5
2025-12-22,14,8,5-1-2,5840,30,30,58.4
2025-12-22,14,9,5-1-3,2310,5,5,23.1
2025-12-22,14,10,1-3-4,2150,3,3,21.5
2025-12-22,14,11,1-4-5,2030,10,10,20.3
2025-12-22,14,12,1-5-4,3460,13,13,34.6
2025-12-23,02,1,1-5-6,36810,68,68,368.1
2025-12-23,02,2,2-1-3,2150,8,8,21.5
2025-12-23,02,3,1-3-2,2000,6,6,20.0
2025-12-23,02,4,4-6-2,20560,84,84,205.6
2025-12-23,02,5,1-4-2,7030,26,26,70.3
2025-12-23,02,6,1-3-4,620,2,2,6.2
2025-12-23,02,7,1-5-3,15330,45,45,153.3
2025-12-23,02,8,1-5-2,1000,4,4,10.0
2025-12-23,02,9,2-1-4,4790,16,16,47.9
2025-12-23,02,10,5-2-6,21520,65,65,215.2
2025-12-23,02,11,6-2-5,80940,106,106,809.4
2025-12-23,02,12,3-2-1,18150,43,43,181.5
2025-12-23,09,1,1-2-6,580,2,2,5.8
2025-12-23,09,2,1-6-5,9910,31,31,99.1
2025-12-23,09,3,2-1-4,2630,9,9,26.3
2025-12-23,09,4,1-3-4,4220,15,15,42.2
2025-12-23,09,5,1-4-2,520,2,2,5.2
2025-12-23,09,6,2-4-5,870,1,1,8.7
2025-12-23,09,7,1-5-4,970,3,3,9.7
2025-12-23,09,8,1-4-2,1460,4,4,14.6
2025-12-23,09,9,1-4-3,970,3,3,9.7
2025-12-23,09,10,1-2-4,700,1,1,7.0
2025-12-23,09,11,1-4-5,6740,17,17,67.4
2025-12-23,09,12,1-2-5,810,2,2,8.1
2025-12-23,14,1,1-2-4,1300,6,6,13.0
2025-12-23,14,2,2-4-6,4370,17,17,43.7
2025-12-23,14,3,1-2-4,980,3,3,9.8
2025-12-23,14,4,1-4-3,3390,13,13,33.9
2025-12-23,14,5,3-5-6,21090,51,50,210.9
2025-12-23,14,6,1-2-6,1880,3,3,18.8
2025-12-23,14,7,6-1-3,3200,4,4,32.0
2025-12-23,14,8,1-3-4,1060,1,1,10.6
2025-12-23,14,9,4-3-2,25100,76,76,251.0
2025-12-23,14,10,1-4-6,6360,19,19,63.6
2025-12-23,14,11,1-3-4,1370,6,6,13.7
2025-12-23,14,12,1-5-2,1510,5,5,15.1
2025-12-24,02,1,1-3-5,1790,6,6,17.9
2025-12-24,02,2,2-4-5,2220,15,15,44.5
2025-12-24,02,3,1-3-5,4570,19,19,45.7
2025-12-24,02,4,3-5-4,9710,36,36,97.1
2025-12-24,02,5,1-2-4,660,1,1,6.6
2025-12-24,02,6,1-3-2,1460,4,4,14.6
2025-12-24,02,7,4-1-3,7800,20,20,78.0
2025-12-24,02,8,3-2-4,2670,51,12,253.2
2025-12-24,02,9,3-6-2,29480,62,62,294.8
2025-12-24,02,10,1-2-6,7080,32,32,70.8
2025-12-24,02,11,1-3-4,1630,5,5,16.3
2025-12-24,02,12,1-6-3,9390,41,41,93.9
2025-12-24,09,1,2-1-3,3960,11,11,39.6
2025-12-24,09,2,3-2-5,5360,24,24,53.6
2025-12-24,09,3,3-1-4,3660,11,11,36.6
2025-12-24,09,4,4-1-3,2990,14,14,29.9
2025-12-24,09,5,3-1-4,5300,15,15,53.0
2025-12-24,09,6,1-2-5,3950,17,17,39.5
2025-12-24,09,7,5-2-6,3660,9,9,36.6
2025-12-24,09,8,6-2-4,6050,24,24,60.5
2025-12-24,09,9,1-3-5,1350,3,3,13.5
2025-12-24,09,10,1-3-5,670,2,2,6.7
2025-12-24,09,11,1-6-2,5770,20,20,57.7
2025-12-24,09,12,1-2-3,530,1,1,5.3
2025-12-24,14,1,1-6-3,5500,19,19,55.0
2025-12-24,14,2,2-1-6,14100,35,35,141.0
2025-12-24,14,3,1-3-4,970,3,3,9.7
2025-12-24,14,4,1-4-2,3630,18,18,36.3
2025-12-24,14,5,4-1-6,9150,38,38,91.5
2025-12-24,14,6,1-3-5,690,1,1,6.9
2025-12-24,14,7,2-1-6,2940,10,10,29.4
2025-12-24,14,8,2-4-1,19400,72,72,194.0
2025-12-24,14,9,1-5-3,1170,2,2,11.7
2025-12-24,14,10,1-2-3,550,1,1,5.5
2025-12-24,14,11,2-6-1,12380,33,33,123.8
2025-12-24,14,12,4-5-6,14450,32,32,144.5
2025-12-25,03,1,1-3-4,3010,11,11,30.1
2025-12-25,03,2,3-1-5,2330,3,3,23.3
2025-12-25,03,3,2-4-6,19150,86,86,191.5
2025-12-25,03,4,1-5-4,10340,41,41,103.4
2025-12-25,03,5,4-2-1,3740,18,18,37.4
2025-12-25,03,6,3-1-6,2080,4,4,20.8
2025-12-25,03,7,2-3-1,1170,4,3,11.7
2025-12-25,03,8,1-3-6,1970,7,7,19.7
2025-12-25,03,9,4-2-6,8780,27,27,87.8
2025-12-25,03,10,1-3-5,4470,16,16,44.7
2025-12-25,03,11,4-2-6,17470,52,52,174.7
2025-12-25,03,12,1-5-2,3780,13,13,37.8
2025-12-25,09,1,1-3-5,620,1,1,6.2
2025-12-25,09,2,2-4-3,2020,5,5,20.2
2025-12-25,09,3,4-2-3,4790,25,25,47.9
2025-12-25,09,4,1-3-4,420,1,1,4.2
2025-12-25,09,5,1-3-4,720,3,3,7.2
2025-12-25,09,6,1-2-4,660,1,1,6.6
2025-12-25,09,7,1-3-4,1620,8,8,16.2
2025-12-25,09,8,1-5-3,820,3,3,8.2
2025-12-25,09,9,1-3-5,850,3,3,8.5
2025-12-25,09,10,1-5-3,1760,6,6,17.6
2025-12-25,09,11,1-4-2,1810,7,7,18.1
2025-12-25,09,12,1-2-3,580,1,1,5.8
2025-12-25,22,1,1-2-4,960,5,5,9.6
2025-12-25,22,2,1-5-2,6560,21,21,65.6
2025-12-25,22,3,4-3-5,3200,12,12,32.0
2025-12-25,22,4,2-3-5,3180,12,12,31.8
2025-12-25,22,5,1-2-4,980,1,1,9.8
2025-12-25,22,6,2-1-3,550,1,1,5.5
2025-12-25,22,7,2-4-6,41430,62,62,414.3
2025-12-25,22,8,1-6-4,15570,28,28,155.7
2025-12-25,22,9,1-2-4,910,2,2,9.1
2025-12-25,22,10,3-1-5,6630,23,23,66.3
2025-12-25,22,11,1-3-6,1160,5,5,11.6
2025-12-25,22,12,1-3-4,770,1,1,7.7
2025-12-26,03,1,3-4-5,6440,26,26,64.4
2025-12-26,03,2,1-6-4,17980,48,48,179.8
2025-12-26,03,3,2-1-4,11940,40,40,119.4
2025-12-26,03,4,1-3-2,2780,10,10,27.8
2025-12-26,03,5,2-4-1,8180,33,33,81.8
2025-12-26,03,6,4-3-5,3510,16,16,35.1
2025-12-26,03,7,4-2-5,9210,39,39,92.1
2025-12-26,03,8,6-3-1,1740,4,4,17.4
2025-12-26,03,9,4-1-2,2230,7,7,22.3
2025-12-26,03,10,1-2-3,1230,3,3,12.3
2025-12-26,03,11,1-3-2,720,1,1,7.2
2025-12-26,03,12,1-2-5,2480,8,8,24.8
2025-12-26,04,1,4-3-1,10010,36,36,100.1
2025-12-26,04,2,2-3-4,4910,22,22,49.1
2025-12-26,04,3,1-3-5,2980,11,11,29.8
2025-12-26,04,4,3-4-2,3710,44,17,90.1
2025-12-26,04,5,4-3-5,13780,43,43,137.8
2025-12-26,04,6,1-2-4,2690,6,6,26.9
2025-12-26,04,7,2-3-1,6950,25,25,69.5
2025-12-26,04,8,2-1-5,11320,38,38,113.2
2025-12-26,09,1,1-4-2,3440,16,16,34.4
2025-12-26,09,2,3-4-2,3450,15,15,34.5
2025-12-26,09,3,5-3-6,13280,63,62,132.8
2025-12-26,09,4,1-5-3,1050,5,5,10.5
2025-12-26,09,5,4-1-5,3010,11,11,30.1
2025-12-26,09,6,3-1-4,9070,25,25,90.7
2025-12-26,09,7,1-4-2,670,2,2,6.7
2025-12-26,09,8,4-2-1,2700,12,9,38.9
2025-12-26,09,9,1-3-6,1210,4,4,12.1
2025-12-26,09,10,1-2-3,610,1,1,6.1
2025-12-26,09,11,1-5-6,4650,14,14,46.5
2025-12-26,09,12,2-1-4,3050,10,10,30.5
2025-12-26,22,1,1-5-4,2400,10,10,24.0
2025-12-26,22,2,2-6-1,11220,45,45,112.2
2025-12-26,22,3,3-2-4,1780,8,8,17.8
2025-12-26,22,4,4-1-2,1760,9,9,17.6
2025-12-26,22,5,5-4-3,2390,6,6,23.9
2025-12-26,22,6,2-1-3,1390,6,6,13.9
2025-12-26,22,7,6-5-4,2100,4,4,21.0
2025-12-26,22,8,1-4-6,1380,6,6,13.8
2025-12-26,22,9,1-6-2,1080,2,2,10.8
2025-12-26,22,10,2-4-6,2780,8,8,27.8
2025-12-26,22,11,1-4-5,550,1,1,5.5
2025-12-26,22,12,3-1-6,5180,16,16,51.8
2025-12-27,02,1,1-3-5,7090,26,26,70.9
2025-12-27,02,2,6-2-5,14590,48,48,145.9
2025-12-27,02,3,4-1-3,7370,30,30,73.7
2025-12-27,02,4,4-2-1,8840,35,35,88.4
2025-12-27,02,5,1-4-2,1390,4,4,13.9
2025-12-27,02,6,2-1-5,1570,1,1,15.7
2025-12-27,02,7,1-2-3,910,2,2,9.1
2025-12-27,02,8,1-5-2,1740,1,1,17.4
2025-12-27,02,9,1-4-2,3050,9,9,30.5
2025-12-27,02,10,5-4-2,37130,86,86,371.3
2025-12-27,02,11,1-3-5,750,1,1,7.5
2025-12-27,02,12,1-2-6,2810,13,13,28.1
2025-12-27,03,1,2-3-4,1750,41,2,190.4
2025-12-27,03,2,1-5-2,8540,33,33,85.4
2025-12-27,03,3,2-6-3,6160,21,21,61.6
2025-12-27,03,4,5-2-4,9520,44,44,95.2
2025-12-27,03,5,2-3-5,1670,4,4,16.7
2025-12-27,03,6,2-4-3,2010,2,2,20.1
2025-12-27,03,7,3-6-4,5820,28,28,58.2
2025-12-27,03,8,1-4-3,1770,4,4,17.7
2025-12-27,03,9,5-2-1,20260,52,52,202.6
2025-12-27,03,10,5-2-4,7010,25,25,70.1
2025-12-27,03,11,3-1-5,5200,20,20,52.0
2025-12-27,03,12,3-1-5,26100,57,57,261.0
2025-12-27,04,1,4-2-1,2800,11,11,28.0
2025-12-27,04,2,1-5-3,2130,7,7,21.3
2025-12-27,04,3,1-4-5,2870,11,11,28.7
2025-12-27,04,4,4-2-3,5440,22,22,54.4
2025-12-27,04,5,1-4-5,3150,11,11,31.5
2025-12-27,04,6,4-1-5,22180,49,49,221.8
2025-12-27,04,7,6-3-2,3990,15,15,39.9
2025-12-27,04,8,1-3-2,2560,10,10,25.6
2025-12-27,04,9,2-4-6,5180,19,19,51.8
2025-12-27,04,10,1-3-2,2240,6,6,22.4
2025-12-27,04,11,5-6-3,16360,47,47,163.6
2025-12-27,04,12,1-3-5,2570,10,10,25.7
2025-12-27,22,1,1-2-3,390,1,1,3.9
2025-12-27,22,2,1-4-6,680,1,1,6.8
2025-12-27,22,3,1-2-3,3720,14,14,37.2
2025-12-27,22,4,2-4-5,51060,69,69,510.6
2025-12-27,22,5,1-3-6,2350,7,7,23.5
2025-12-27,22,6,5-1-6,9500,51,51,95.0
2025-12-27,22,7,1-2-5,2340,10,10,23.4
2025-12-27,22,8,1-2-6,2090,9,9,20.9
2025-12-27,22,9,1-5-2,5120,17,17,51.2
2025-12-27,22,10,1-3-2,2350,6,6,23.5
2025-12-27,22,11,1-4-2,910,3,3,9.1
2025-12-27,22,12,1-4-3,1350,5,5,13.5
2025-12-28,02,1,2-1-3,1370,4,4,13.7
2025-12-28,02,2,1-2-5,1980,4,4,19.8
2025-12-28,02,3,5-2-4,12800,51,51,128.0
2025-12-28,02,4,3-5-6,6100,20,20,61.0
2025-12-28,02,5,4-5-1,3490,15,15,34.9
2025-12-28,02,6,1-3-6,2120,7,7,21.2
2025-12-28,02,7,1-2-6,2640,9,10,26.4
2025-12-28,02,8,2-5-1,1850,6,6,18.5
2025-12-28,02,9,1-3-5,1010,2,2,10.1
2025-12-28,02,10,1-3-6,1200,4,4,12.0
2025-12-28,02,11,1-5-6,1510,5,5,15.1
2025-12-28,02,12,3-6-5,43600,80,78,436.0
2025-12-28,03,1,3-1-2,2510,7,7,25.1
2025-12-28,03,2,4-6-5,2120,8,8,21.2
2025-12-28,03,3,1-5-3,2110,7,7,21.1
2025-12-28,03,4,4-1-5,3960,16,16,39.6
2025-12-28,03,5,4-5-2,5640,23,23,56.4
2025-12-28,03,6,5-6-2,2710,10,10,27.1
2025-12-28,03,7,2-1-6,3740,16,16,37.4
2025-12-28,03,8,4-1-3,5950,21,21,59.5
2025-12-28,03,9,1-2-6,1150,3,3,11.5
2025-12-28,03,10,1-5-3,1730,7,7,17.3
2025-12-28,03,11,1-4-2,2170,8,8,21.7
2025-12-28,03,12,1-2-6,1770,6,6,17.7
2025-12-28,04,1,2-3-4,10650,42,42,106.5
2025-12-28,04,2,4-5-3,4160,18,18,41.6
2025-12-28,04,3,1-3-2,1000,1,1,10.0
2025-12-28,04,4,4-3-5,4700,17,17,47.0
2025-12-28,04,5,1-2-4,830,3,3,8.3
2025-12-28,04,6,6-1-4,9340,38,38,93.4
2025-12-28,04,7,2-4-3,2990,11,11,29.9
2025-12-28,04,8,4-2-1,4590,18,18,45.9
2025-12-28,04,9,2-6-3,16880,47,47,168.8
2025-12-28,04,10,1-6-5,3980,14,14,39.8
2025-12-28,04,11,6-4-2,7070,28,28,70.7
2025-12-28,04,12,1-2-6,640,1,1,6.4
2025-12-28,22,1,2-1-4,2050,24,8,81.9
2025-12-28,22,2,2-1-4,990,1,1,9.9
2025-12-28,22,3,1-2-3,830,2,2,8.3
2025-12-28,22,4,2-4-3,1350,5,5,13.5
2025-12-28,22,5,5-3-4,9210,33,33,92.1
2025-12-28,22,6,5-1-3,3260,11,11,32.6
2025-12-28,22,7,5-4-2,2450,9,9,24.5
2025-12-28,22,8,2-4-5,10410,35,35,104.1
2025-12-28,22,9,2-5-4,57140,61,61,571.4
2025-12-28,22,10,1-2-5,1050,3,3,10.5
2025-12-28,22,11,1-2-5,380,1,1,3.8
2025-12-28,22,12,1-2-3,490,1,1,4.9
2025-12-29,02,1,1-3-2,810,1,1,8.1
2025-12-29,02,2,4-2-3,7250,26,26,72.5
2025-12-29,02,3,3-4-6,2010,4,4,20.1
2025-12-29,02,4,2-3-4,7700,31,31,77.0
2025-12-29,02,5,1-4-2,1620,5,5,16.2
2025-12-29,02,6,2-1-5,790,2,1,7.9
2025-12-29,02,7,1-4-5,610,1,1,6.1
2025-12-29,02,8,5-4-6,19280,77,77,192.8
2025-12-29,02,9,5-2-6,17630,79,79,176.3
2025-12-29,02,10,2-4-3,2560,4,4,25.6
2025-12-29,02,11,5-6-4,4150,12,12,41.5
2025-12-29,02,12,2-5-1,3210,13,13,32.1
2025-12-29,03,1,2-5-1,21250,67,67,212.5
2025-12-29,03,2,2-1-6,19150,61,61,191.5
2025-12-29,03,3,6-4-2,30650,82,82,306.5
2025-12-29,03,4,6-1-4,7990,41,41,79.9
2025-12-29,03,5,4-2-1,1410,1,1,14.1
2025-12-29,03,6,4-3-5,27650,65,65,276.5
2025-12-29,03,7,1-6-2,2730,8,8,27.3
2025-12-29,03,8,1-2-5,2850,9,9,28.5
2025-12-29,03,9,1-3-2,940,2,2,9.4
2025-12-29,03,10,1-4-2,2550,10,10,25.5
2025-12-29,03,11,1-2-4,2470,9,9,24.7
2025-12-29,03,12,1-3-2,750,2,2,7.5
2025-12-29,04,1,6-2-4,137860,104,104,1378.0
2025-12-29,04,2,2-1-3,6790,23,23,67.9
2025-12-29,04,3,2-4-3,10770,33,33,107.7
2025-12-29,04,4,1-5-4,4970,17,17,49.7
2025-12-29,04,5,1-2-6,2830,10,10,28.3
2025-12-29,04,6,2-1-4,7180,26,26,71.8
2025-12-29,04,7,2-3-5,10360,38,38,103.6
2025-12-29,04,8,1-4-3,840,2,2,8.4
2025-12-29,04,9,1-3-5,1400,1,2,14.0
2025-12-29,04,10,1-2-3,830,1,1,8.3
2025-12-29,04,11,1-3-2,1730,5,5,17.3
2025-12-29,04,12,1-3-6,3930,13,13,39.3
2025-12-29,22,1,1-5-3,1880,7,7,18.8
2025-12-29,22,2,5-6-4,8180,34,34,81.8
2025-12-29,22,3,3-5-4,11030,32,32,110.3
2025-12-29,22,4,1-4-6,5410,19,19,54.1
2025-12-29,22,5,1-2-6,2560,8,8,25.6
2025-12-29,22,6,6-4-3,1590,5,5,15.9
2025-12-29,22,7,1-2-6,610,1,1,6.1
2025-12-29,22,8,1-2-4,950,4,4,9.5
2025-12-29,22,9,5-1-2,10500,30,30,105.0
2025-12-29,22,10,1-2-4,1150,3,3,11.5
2025-12-29,22,11,1-3-6,4700,12,12,47.0
2025-12-29,22,12,1-2-3,470,1,1,4.7
2025-12-30,02,1,2-1-4,3630,13,13,36.3
2025-12-30,02,2,1-3-4,4110,18,18,41.1
2025-12-30,02,3,4-2-1,4840,23,23,48.4
2025-12-30,02,4,2-4-3,5580,25,25,55.8
2025-12-30,02,5,4-5-2,940,1,1,9.4
2025-12-30,02,6,1-2-3,710,1,1,7.1
2025-12-30,02,7,1-3-2,1140,4,4,11.4
2025-12-30,02,8,4-2-3,49890,77,77,498.9
2025-12-30,02,9,2-1-4,6470,29,29,64.7
2025-12-30,02,10,1-3-4,3580,10,10,35.8
2025-12-30,02,11,1-4-2,2290,7,7,22.9
2025-12-30,02,12,1-2-4,1130,3,3,11.3
2025-12-30,04,1,1-3-2,1260,2,2,12.6
2025-12-30,04,2,4-1-5,4060,17,17,40.6
2025-12-30,04,3,1-3-2,7880,37,37,78.8
2025-12-30,04,4,3-4-5,53350,84,84,533.5
2025-12-30,04,5,1-5-2,1440,7,7,14.4
2025-12-30,04,6,1-2-3,1280,3,3,12.8
2025-12-30,04,7,5-1-4,2610,7,7,26.1
2025-12-30,04,8,2-1-4,2620,9,9,26.2
2025-12-30,04,9,5-2-1,26240,63,63,262.4
2025-12-30,04,10,1-4-2,2480,9,9,24.8
2025-12-30,04,11,5-4-2,18590,43,43,185.9
2025-12-30,04,12,1-5-6,5410,17,17,54.1
2025-12-30,09,1,1-2-4,390,1,1,3.9
2025-12-30,09,2,1-2-5,870,1,1,8.7
2025-12-30,09,3,4-2-6,7490,29,29,74.9
2025-12-30,09,4,5-2-6,14740,61,61,147.4
2025-12-30,09,5,1-5-3,3800,11,11,38.0
2025-12-30,09,6,5-1-2,1400,4,4,14.0
2025-12-30,09,7,1-2-3,980,3,3,9.8
2025-12-30,09,8,1-3-2,550,2,2,5.5
2025-12-30,09,9,1-2-3,850,2,2,8.5
2025-12-30,09,10,1-3-4,1330,4,4,13.3
2025-12-30,09,11,1-2-4,1400,5,5,14.0
2025-12-30,09,12,2-1-6,11850,25,25,118.5
2025-12-30,22,1,1-2-3,900,3,3,9.0
2025-12-30,22,2,2-6-4,59790,74,74,597.9
2025-12-30,22,3,3-4-5,6630,23,23,66.3
2025-12-30,22,4,1-2-4,1400,4,4,14.0
2025-12-30,22,5,1-3-4,770,3,3,7.7
2025-12-30,22,6,1-5-4,2300,10,10,23.0
2025-12-30,22,7,3-4-2,19770,62,62,197.7
2025-12-30,22,8,4-3-2,40570,52,52,405.7
2025-12-30,22,9,3-4-6,23110,60,60,231.1
2025-12-30,22,10,2-3-1,6030,30,30,60.3
2025-12-30,22,11,1-3-2,600,1,1,6.0
2025-12-30,22,12,1-4-2,1230,5,5,12.3
2025-12-31,02,1,4-1-5,5240,17,17,52.4
2025-12-31,02,2,2-5-6,1600,3,3,16.0
2025-12-31,02,3,1-3-4,2290,6,6,22.9
2025-12-31,02,4,3-5-1,4030,15,15,40.3
2025-12-31,02,5,4-1-3,2450,11,11,24.5
2025-12-31,02,6,1-3-5,1710,1,1,17.1
2025-12-31,02,7,1-2-4,1440,8,8,14.4
2025-12-31,02,8,3-2-1,5060,18,18,50.6
2025-12-31,02,9,1-3-4,990,2,2,9.9
2025-12-31,02,10,5-3-1,22290,48,48,222.9
2025-12-31,02,11,1-3-5,780,2,2,7.8
2025-12-31,02,12,1-2-6,5970,21,21,59.7
2025-12-31,04,1,4-5-2,4010,14,14,40.1
2025-12-31,04,2,3-1-2,2910,8,7,29.1
2025-12-31,04,3,3-2-4,6210,30,30,62.1
2025-12-31,04,4,1-3-2,2350,8,8,23.5
2025-12-31,04,5,4-2-3,3010,13,13,30.1
2025-12-31,04,6,1-4-2,1350,5,5,13.5
2025-12-31,04,7,3-5-1,2900,13,13,29.0
2025-12-31,04,8,1-5-3,3230,10,10,32.3
2025-12-31,04,9,1-2-3,1330,1,1,13.3
2025-12-31,04,10,3-1-2,5630,18,18,56.3
2025-12-31,04,11,1-2-5,1590,7,7,15.9
2025-12-31,04,12,2-6-4,43780,78,78,437.8
2025-12-31,09,1,1-4-2,790,3,3,7.9
2025-12-31,09,2,6-1-3,2030,4,4,20.3
2025-12-31,09,3,5-3-4,4600,13,13,46.0
2025-12-31,09,4,6-2-3,8510,30,30,85.1
2025-12-31,09,5,1-3-4,840,3,3,8.4
2025-12-31,09,6,3-4-2,5550,22,22,55.5
2025-12-31,09,7,4-6-2,2180,4,4,21.8
2025-12-31,09,8,1-2-5,16930,48,48,169.3
2025-12-31,09,9,3-1-6,9490,25,25,94.9
2025-12-31,09,10,1-5-4,10850,31,31,108.5
2025-12-31,09,11,1-3-2,890,3,3,8.9
2025-12-31,09,12,4-2-5,11340,33,33,113.4
2026-01-01,09,1,1-3-6,1930,9,9,19.3
2026-01-01,09,2,3-1-2,1080,5,5,10.8
2026-01-01,09,3,4-3-5,12370,51,51,123.7
2026-01-01,09,4,2-1-4,8610,37,37,86.1
2026-01-01,09,5,4-3-1,19820,38,38,198.2
2026-01-01,09,6,4-3-2,10600,37,37,106.0
2026-01-01,09,7,4-3-5,6940,19,19,69.4
2026-01-01,09,8,4-1-6,30720,74,74,307.2
2026-01-01,09,9,1-2-4,1470,4,4,14.7
2026-01-01,09,10,2-4-3,15240,42,42,152.4
2026-01-01,09,11,3-1-5,3520,8,8,35.2
2026-01-01,09,12,1-3-2,840,4,4,8.4
2026-01-01,14,1,3-1-4,7220,21,21,72.2
2026-01-01,14,2,3-4-2,3730,16,16,37.3
2026-01-01,14,3,5-2-4,30550,52,52,305.5
2026-01-01,14,4,1-4-5,2440,8,8,24.4
2026-01-01,14,5,1-4-3,1810,9,9,18.1
2026-01-01,14,6,2-4-5,5290,22,22,52.9
2026-01-01,14,7,3-1-4,2630,9,9,26.3
2026-01-01,14,8,2-5-4,4700,16,16,47.0
2026-01-01,14,9,1-4-2,1400,4,4,14.0
2026-01-01,14,10,4-6-2,53010,93,93,530.1
2026-01-01,14,11,1-4-5,1740,4,4,17.4
2026-01-01,14,12,2-5-4,7610,35,35,76.1
2026-01-02,03,1,5-3-6,11570,34,33,115.7
2026-01-02,03,2,2-4-3,2010,6,6,20.1
2026-01-02,03,3,4-5-2,2510,6,6,25.1
2026-01-02,03,4,1-2-3,1750,3,3,17.5
2026-01-02,03,5,3-4-1,5570,20,20,55.7
2026-01-02,03,6,2-1-4,1200,2,2,12.0
2026-01-02,03,7,2-1-4,950,2,2,9.5
2026-01-02,03,8,1-2-6,5130,19,19,51.3
2026-01-02,03,9,1-3-2,880,2,2,8.8
2026-01-02,03,10,1-3-2,1680,6,6,16.8
2026-01-02,03,11,1-3-5,2520,10,10,25.2
2026-01-02,03,12,3-1-6,7950,26,26,79.5
2026-01-02,09,1,1-2-3,320,1,1,3.2
2026-01-02,09,2,1-2-3,1070,3,3,10.7
2026-01-02,09,3,3-4-5,940,1,1,15.8
2026-01-02,09,4,2-5-1,7890,34,34,78.9
2026-01-02,09,5,1-2-3,340,1,1,3.4
2026-01-02,09,6,2-4-1,5300,17,17,53.0
2026-01-02,09,7,1-3-6,770,1,1,7.7
2026-01-02,09,8,1-2-3,1160,1,1,11.6
2026-01-02,09,9,1-3-2,960,3,3,9.6
2026-01-02,09,10,4-5-1,5610,22,22,56.1
2026-01-02,09,11,1-3-5,1630,4,4,16.3
2026-01-02,09,12,1-2-3,860,2,2,8.6
2026-01-02,14,1,1-2-4,1220,8,8,12.2
2026-01-02,14,2,3-4-2,33500,66,66,335.0
2026-01-02,14,3,1-2-5,960,1,1,9.6
2026-01-02,14,4,1-5-3,3260,13,13,32.6
2026-01-02,14,5,5-4-3,7930,32,32,79.3
2026-01-02,14,6,6-2-4,9830,33,33,98.3
2026-01-02,14,7,4-1-3,1830,5,5,18.3
2026-01-02,14,8,2-1-5,1090,2,2,10.9
2026-01-02,14,9,2-4-6,1010,2,2,10.1
2026-01-02,14,10,3-4-1,3910,14,14,39.1
2026-01-02,14,11,3-5-2,6430,22,22,64.3
2026-01-02,14,12,1-3-5,710,2,2,7.1
2026-01-03,02,1,1-3-5,3530,14,14,35.3
2026-01-03,02,2,2-6-4,3970,18,18,39.7
2026-01-03,02,3,1-3-5,6990,27,27,69.9
2026-01-03,02,4,3-2-4,3960,14,13,39.6
2026-01-03,02,5,2-3-1,3030,13,13,30.3
2026-01-03,02,6,1-2-5,3370,12,12,33.7
2026-01-03,02,7,5-3-1,33960,67,67,339.6
2026-01-03,02,8,5-1-4,4270,22,22,42.7
2026-01-03,02,9,1-6-2,2860,10,10,28.6
2026-01-03,02,10,6-1-2,116350,102,102,1163.0
2026-01-03,02,11,1-4-5,1530,5,5,15.3
2026-01-03,02,12,1-3-2,1080,4,4,10.8
2026-01-03,03,1,1-2-6,4810,19,19,48.1
2026-01-03,03,2,1-2-3,4670,18,18,46.7
2026-01-03,03,3,1-5-6,38830,67,67,388.3
2026-01-03,03,4,2-6-1,18750,56,56,187.5
2026-01-03,03,5,1-4-6,20030,57,57,200.3
2026-01-03,03,6,2-4-6,11940,52,52,119.4
2026-01-03,03,7,1-3-4,1900,3,3,19.0
2026-01-03,03,8,3-4-6,12900,52,52,129.0
2026-01-03,03,9,3-4-5,5020,18,18,50.2
2026-01-03,03,10,1-6-2,2790,7,7,27.9
2026-01-03,03,11,1-6-5,5320,20,20,53.2
2026-01-03,03,12,1-4-6,2230,9,9,22.3
2026-01-03,09,1,1-2-4,2740,9,9,27.4
2026-01-03,09,2,1-4-3,870,1,1,8.7
2026-01-03,09,3,5-1-4,3710,8,8,37.1
2026-01-03,09,4,5-1-3,9980,43,43,99.8
2026-01-03,09,5,1-2-5,770,3,3,7.7
2026-01-03,09,6,3-6-4,660,44,3,260.2
2026-01-03,09,7,5-1-2,3470,14,14,34.7
2026-01-03,09,8,1-4-5,1090,6,6,10.9
2026-01-03,09,9,1-3-4,1660,4,4,16.6
2026-01-03,09,10,1-2-4,1370,4,4,13.7
2026-01-03,09,11,1-2-6,2020,7,7,20.2
2026-01-03,09,12,1-4-3,880,2,2,8.8
2026-01-03,14,1,1-5-2,2770,10,10,27.7
2026-01-03,14,2,2-4-1,4130,15,15,41.3
2026-01-03,14,3,3-6-5,36020,74,73,360.2
2026-01-03,14,4,1-3-4,1040,4,4,10.4
2026-01-03,14,5,2-3-5,1190,4,4,11.9
2026-01-03,14,6,3-1-2,8500,27,27,85.0
2026-01-03,14,7,3-5-6,2680,12,12,26.8
2026-01-03,14,8,3-2-1,14150,54,54,141.5
2026-01-03,14,9,3-4-5,4930,18,18,49.3
2026-01-03,14,10,2-1-6,2030,5,5,20.3
2026-01-03,14,11,1-4-6,14270,49,49,142.7
2026-01-03,14,12,5-6-2,50010,99,99,500.1
2026-01-03,22,1,1-2-4,1840,7,7,18.4
2026-01-03,22,2,2-3-4,2080,9,9,20.8
2026-01-03,22,3,1-3-2,1330,2,2,13.3
2026-01-03,22,4,1-2-5,2920,11,11,29.2
2026-01-03,22,5,4-2-5,5530,33,33,55.3
2026-01-03,22,6,4-5-2,14360,60,60,143.6
2026-01-03,22,7,3-6-5,14450,44,44,144.5
2026-01-03,22,8,1-2-4,600,1,1,6.0
2026-01-03,22,9,3-1-6,8950,33,22,126.3
2026-01-03,22,10,1-3-2,1320,2,2,13.2
2026-01-03,22,11,1-3-2,730,2,2,7.3
2026-01-03,22,12,2-3-1,4650,16,16,46.5
2026-01-04,02,1,3-1-6,8210,33,33,82.1
2026-01-04,02,2,5-3-4,7200,32,32,72.0
2026-01-04,02,3,3-1-2,850,16,4,33.6
2026-01-04,02,4,3-4-2,4030,13,13,40.3
2026-01-04,02,5,5-6-2,17860,70,70,178.6
2026-01-04,02,6,4-1-6,2890,11,11,28.9
2026-01-04,02,7,1-3-4,850,2,2,8.5
2026-01-04,02,8,2-1-3,420,14,3,36.9
2026-01-04,02,9,1-4-3,720,1,1,7.2
2026-01-04,02,10,1-4-3,2480,10,10,24.8
2026-01-04,02,11,1-5-6,8950,32,32,89.5
2026-01-04,02,12,1-5-6,6550,22,22,65.5
2026-01-04,03,1,2-1-4,8970,29,29,89.7
2026-01-04,03,2,3-4-1,3260,11,11,32.6
2026-01-04,03,3,1-2-6,3170,8,8,31.7
2026-01-04,03,4,5-1-2,20210,56,56,202.1
2026-01-04,03,5,4-5-1,880,1,1,8.8
2026-01-04,03,6,2-1-3,1190,3,3,11.9
2026-01-04,03,7,3-5-2,4950,19,19,49.5
2026-01-04,03,8,4-5-3,17920,54,54,179.2
2026-01-04,03,9,3-1-4,1400,5,5,14.0
2026-01-04,03,10,5-2-1,2180,7,7,21.8
2026-01-04,03,11,1-5-4,6460,22,22,64.6
2026-01-04,03,12,1-2-3,650,1,1,6.5
2026-01-04,04,1,2-1-3,6680,28,28,66.8
2026-01-04,04,2,4-2-6,1890,2,2,18.9
2026-01-04,04,3,1-5-2,16000,51,51,160.0
2026-01-04,04,4,1-4-3,4200,19,19,42.0
2026-01-04,04,5,1-3-2,1330,5,5,13.3
2026-01-04,04,6,2-1-5,2830,10,10,28.3
2026-01-04,04,7,2-1-6,7130,32,32,71.3
2026-01-04,04,8,1-3-5,1380,4,4,13.8
2026-01-04,04,9,1-6-2,1300,2,2,13.0
2026-01-04,04,10,1-4-3,1290,1,1,12.9
2026-01-04,04,11,1-3-5,1640,5,5,16.4
2026-01-04,04,12,3-2-4,23100,58,58,231.0
2026-01-04,09,1,1-2-5,690,3,3,6.9
2026-01-04,09,2,1-2-3,1970,6,6,19.7
2026-01-04,09,3,4-3-1,9190,24,24,91.9
2026-01-04,09,4,1-3-2,3260,14,14,32.6
2026-01-04,09,5,1-2-3,310,1,1,3.1
2026-01-04,09,6,1-3-4,1280,5,5,12.8
2026-01-04,09,7,1-6-2,3550,12,12,35.5
2026-01-04,09,8,1-2-6,400,1,1,4.0
2026-01-04,09,9,1-2-6,760,2,2,7.6
2026-01-04,09,10,4-2-5,15950,54,54,159.5
2026-01-04,09,11,1-2-4,1720,5,5,17.2
2026-01-04,09,12,4-5-6,28200,57,57,282.0
2026-01-04,14,1,1-3-5,1120,6,6,11.2
2026-01-04,14,2,2-4-5,1280,2,2,12.8
2026-01-04,14,3,1-4-3,780,2,2,7.8
2026-01-04,14,4,1-3-2,540,2,2,5.4
2026-01-04,14,5,6-3-4,62620,80,80,626.2
2026-01-04,14,6,2-1-4,1500,4,4,15.0
2026-01-04,14,7,2-1-5,6300,23,23,63.0
2026-01-04,14,8,1-5-3,870,2,2,8.7
2026-01-04,14,9,1-2-4,790,3,2,18.4
2026-01-04,14,10,6-2-4,880,1,1,8.8
2026-01-04,14,11,4-2-1,5030,18,18,50.3
2026-01-04,14,12,1-3-5,660,1,1,6.6
2026-01-04,22,1,1-2-3,570,1,2,5.7
2026-01-04,22,2,1-5-3,2970,12,12,29.7
2026-01-04,22,3,3-4-5,2130,9,9,21.3
2026-01-04,22,4,1-2-6,2640,7,7,26.4
2026-01-04,22,5,3-2-5,4800,23,23,48.0
2026-01-04,22,6,1-6-4,5230,23,23,52.3
2026-01-04,22,7,5-6-1,11550,33,33,115.5
2026-01-04,22,8,1-2-4,560,2,2,5.6
2026-01-04,22,9,1-4-2,1500,5,5,15.0
2026-01-04,22,10,2-5-1,2340,9,9,23.4
2026-01-04,22,11,2-4-6,9080,29,29,90.8
2026-01-04,22,12,1-2-3,370,1,1,3.7
2026-01-05,02,1,4-5-6,5840,27,27,58.4
2026-01-05,02,2,3-5-6,3710,11,11,37.1
2026-01-05,02,3,2-5-3,5650,18,18,56.5
2026-01-05,02,4,5-6-1,9150,36,36,91.5
2026-01-05,02,5,4-2-5,1620,5,5,16.2
2026-01-05,02,6,1-3-6,770,2,2,7.7
2026-01-05,02,7,1-4-3,960,2,2,9.6
2026-01-05,02,8,3-2-1,10810,46,46,108.1
2026-01-05,02,9,3-1-6,3600,13,13,36.0
2026-01-05,02,10,1-5-3,2650,10,10,26.5
2026-01-05,02,11,1-2-6,1710,6,6,17.1
2026-01-05,02,12,1-4-3,960,2,2,9.6
2026-01-05,03,1,3-2-4,13300,45,45,133.0
2026-01-05,03,2,2-4-6,2290,9,9,22.9
2026-01-05,03,3,4-3-5,1650,5,5,16.5
2026-01-05,03,4,4-2-3,32120,99,99,321.2
2026-01-05,03,5,1-6-4,37090,86,86,370.9
2026-01-05,03,6,3-2-5,6750,31,32,67.5
2026-01-05,03,7,3-2-4,2140,7,7,21.4
2026-01-05,03,8,1-5-2,11810,45,45,118.1
2026-01-05,03,9,1-2-4,3060,10,10,30.6
2026-01-05,03,10,4-6-5,6050,26,26,60.5
2026-01-05,03,11,1-4-3,2630,7,7,26.3
2026-01-05,03,12,5-3-2,7510,106,47,431.0
2026-01-05,04,1,4-2-5,5150,23,23,51.5
2026-01-05,04,2,3-5-1,34050,102,102,340.5
2026-01-05,04,3,3-1-2,1740,4,4,17.4
2026-01-05,04,4,3-5-4,980,1,1,9.8
2026-01-05,04,5,1-5-3,1270,5,5,12.7
2026-01-05,04,6,1-3-2,3200,7,7,32.0
2026-01-05,04,7,4-2-5,6860,23,23,68.6
2026-01-05,04,8,4-1-5,1510,4,4,15.1
2026-01-05,04,9,1-2-6,1220,3,3,12.2
2026-01-05,04,10,3-4-6,9510,46,46,95.1
2026-01-05,04,11,1-5-3,1470,5,5,14.7
2026-01-05,04,12,4-1-5,10780,32,32,107.8
2026-01-05,14,1,1-2-5,790,1,1,7.9
2026-01-05,14,2,5-6-2,2200,7,7,22.0
2026-01-05,14,3,1-2-5,910,3,3,9.1
2026-01-05,14,4,1-6-2,850,2,2,8.5
2026-01-05,14,5,5-6-1,1780,6,6,17.8
2026-01-05,14,6,2-1-4,13670,46,46,136.7
2026-01-05,14,7,1-3-6,6180,23,23,61.8
2026-01-05,14,8,4-5-3,9530,46,46,95.3
2026-01-05,14,9,1-4-3,1670,3,3,16.7
2026-01-05,14,10,3-1-4,6270,19,19,62.7
2026-01-05,14,11,1-4-2,1800,5,5,18.0
2026-01-05,14,12,1-2-5,1290,4,4,12.9
2026-01-05,22,1,2-1-6,31000,39,39,310.0
2026-01-05,22,2,1-3-2,1150,1,1,11.5
2026-01-05,22,3,1-3-5,1080,2,2,10.8
2026-01-05,22,4,2-1-3,1540,3,3,15.4
2026-01-05,22,5,1-2-3,2520,8,8,25.2
2026-01-05,22,6,5-1-4,4740,22,22,47.4
2026-01-05,22,7,5-1-6,32350,81,81,323.5
2026-01-05,22,8,4-2-3,10030,37,37,100.3
2026-01-05,22,9,3-1-2,2880,8,8,28.8
2026-01-05,22,10,1-3-4,860,3,3,8.6
2026-01-05,22,12,1-2-5,980,1,1,9.8
2026-01-06,02,1,4-1-6,17440,51,51,174.4
2026-01-06,02,2,2-1-3,890,2,2,8.9
2026-01-06,02,3,3-4-1,1150,3,2,11.5
2026-01-06,02,4,2-3-6,1410,1,1,14.1
2026-01-06,02,5,4-3-2,4500,14,14,45.0
2026-01-06,02,6,1-4-2,8170,28,28,81.7
2026-01-06,02,7,1-2-5,850,1,1,8.5
2026-01-06,02,8,3-5-6,8230,28,28,82.3
2026-01-06,02,9,3-1-4,1860,7,7,18.6
2026-01-06,02,10,1-5-3,2940,11,11,29.4
2026-01-06,02,11,2-3-1,3660,11,11,36.6
2026-01-06,02,12,3-5-6,13650,28,28,136.5
2026-01-06,03,1,1-3-6,3910,11,11,39.1
2026-01-06,03,2,2-3-5,6490,24,24,64.9
2026-01-06,03,3,4-1-6,55890,89,89,558.9
2026-01-06,03,4,4-2-1,4150,15,14,41.5
2026-01-06,03,5,1-3-5,1470,5,5,14.7
2026-01-06,03,6,5-1-2,30360,78,78,303.6
2026-01-06,03,7,1-5-6,15150,37,37,151.5
2026-01-06,03,8,1-3-2,2350,6,6,23.5
2026-01-06,03,9,1-2-5,1640,6,6,16.4
2026-01-06,03,10,4-1-5,6100,20,20,61.0
2026-01-06,03,11,1-4-5,910,2,2,9.1
2026-01-06,03,12,1-3-2,780,1,1,7.8
2026-01-06,04,1,5-2-6,13330,53,53,133.3
2026-01-06,04,2,3-2-6,2520,2,2,25.2
2026-01-06,04,3,2-1-4,10960,54,54,109.6
2026-01-06,04,4,1-2-5,2860,8,8,28.6
2026-01-06,04,5,1-3-4,930,3,3,9.3
2026-01-06,04,6,3-4-2,11820,58,58,118.2
2026-01-06,04,7,3-6-5,1400,8,4,31.7
2026-01-06,04,8,1-6-3,2560,14,14,25.6
2026-01-06,04,9,1-3-2,2100,7,7,21.0
2026-01-06,04,10,2-4-1,1480,3,3,14.8
2026-01-06,04,11,4-2-6,3770,16,16,37.7
2026-01-06,04,12,1-2-4,2760,10,10,27.6
2026-01-06,14,1,3-4-2,21890,36,36,218.9
2026-01-06,14,2,3-2-6,1040,1,1,10.4
2026-01-06,14,3,1-2-4,1040,2,2,10.4
2026-01-06,14,4,3-4-2,5400,22,22,54.0
2026-01-06,14,5,3-2-5,7120,29,29,71.2
2026-01-06,14,6,2-4-3,8100,36,36,81.0
2026-01-06,14,7,5-3-4,8170,33,33,81.7
2026-01-06,14,8,5-2-3,6800,37,37,68.0
2026-01-06,14,9,4-5-2,28930,64,64,289.3
2026-01-06,14,10,1-2-3,1670,3,3,16.7
2026-01-06,14,11,1-2-5,540,2,2,5.4
2026-01-06,14,12,2-3-5,6550,25,25,65.5
2026-01-06,22,1,1-2-3,970,5,5,9.7
2026-01-06,22,2,2-1-5,2850,8,8,28.5
2026-01-06,22,3,1-2-3,1590,3,3,15.9
2026-01-06,22,4,4-2-3,11660,31,31,116.6
2026-01-06,22,5,2-3-1,4540,14,14,45.4
2026-01-06,22,6,3-6-1,4500,19,19,45.0
2026-01-06,22,7,1-3-5,640,1,1,6.4
2026-01-06,22,8,2-1-4,1320,4,4,13.2
2026-01-06,22,9,1-2-4,1130,5,6,11.3
2026-01-06,22,10,2-3-4,4100,16,16,41.0
2026-01-06,22,11,1-3-2,1240,5,5,12.4
2026-01-06,22,12,1-2-6,1140,5,5,11.4
2026-01-07,02,1,1-4-5,990,1,1,9.9
2026-01-07,02,2,1-4-3,430,1,1,4.3
2026-01-07,02,3,1-4-3,1010,3,3,10.1
2026-01-07,02,4,4-1-5,8400,30,30,84.0
2026-01-07,02,6,1-3-2,840,2,2,8.4
2026-01-07,02,7,5-3-6,31160,60,60,311.6
2026-01-07,02,8,5-4-6,3150,11,11,31.5
2026-01-07,02,9,5-4-1,3450,15,15,34.5
2026-01-07,02,10,1-2-3,840,3,3,8.4
2026-01-07,02,11,1-2-3,900,2,2,9.0
2026-01-07,02,12,1-6-3,13540,39,39,135.4
2026-01-07,03,1,3-1-6,2690,11,11,26.9
2026-01-07,03,2,1-6-2,15320,54,54,153.2
2026-01-07,03,3,1-5-3,17620,60,60,176.2
2026-01-07,03,4,1-3-5,1720,4,4,17.2
2026-01-07,03,5,5-4-1,12340,35,35,123.4
2026-01-07,03,6,2-6-5,16290,84,84,162.9
2026-01-07,03,7,1-3-5,4230,13,13,42.3
2026-01-07,03,8,1-3-6,2840,1,1,28.4
2026-01-07,03,9,2-4-1,19710,100,100,197.1
2026-01-07,03,10,2-1-4,1630,3,3,16.3
2026-01-07,03,11,1-4-3,2310,5,5,23.1
2026-01-07,03,12,1-2-4,880,2,2,8.8
2026-01-07,04,1,3-1-2,2200,8,8,22.0
2026-01-07,04,2,1-2-3,2880,11,11,28.8
2026-01-07,04,3,2-1-6,8180,26,26,81.8
2026-01-07,04,4,4-1-3,5500,18,18,55.0
2026-01-07,04,5,1-6-5,8080,20,20,80.8
2026-01-07,04,6,2-5-6,7350,33,33,73.5
2026-01-07,04,7,5-4-2,4160,14,14,41.6
2026-01-07,04,8,3-1-4,2340,8,7,23.4
2026-01-07,04,9,1-2-3,2180,10,11,21.8
2026-01-07,04,10,1-2-3,1230,3,3,12.3
2026-01-07,04,11,5-2-1,1750,5,5,17.5
2026-01-07,04,12,1-5-3,2140,8,8,21.4
2026-01-07,22,1,1-3-2,1000,3,3,10.0
2026-01-07,22,2,3-1-5,6990,24,24,69.9
2026-01-07,22,3,1-5-4,16060,36,36,160.6
2026-01-07,22,4,1-4-6,720,7,2,17.1
2026-01-07,22,5,1-5-3,2500,11,11,25.0
2026-01-07,22,6,1-3-4,1440,5,5,14.4
2026-01-07,22,7,1-6-3,1030,4,4,10.3
2026-01-07,22,8,6-5-1,78440,80,80,784.4
2026-01-07,22,9,2-4-1,15150,31,31,151.5
2026-01-07,22,10,2-3-5,11480,31,31,114.8
2026-01-07,22,11,1-4-2,3160,10,10,31.6
2026-01-07,22,12,1-3-6,1580,6,6,15.8
2026-01-08,02,1,5-1-3,11500,48,48,115.0
2026-01-08,02,2,1-4-5,1920,5,5,19.2
2026-01-08,02,3,1-3-2,1380,2,2,13.8
2026-01-08,02,4,2-1-4,3960,14,14,39.6
2026-01-08,02,5,1-3-4,1190,2,2,11.9
2026-01-08,02,6,1-4-3,1050,4,4,10.5
2026-01-08,02,7,3-1-4,3170,15,15,31.7
2026-01-08,02,8,1-2-4,3380,13,13,33.8
2026-01-08,02,9,1-3-4,430,3,1,12.6
2026-01-08,02,10,1-2-3,1770,4,4,17.7
2026-01-08,02,11,1-3-2,610,2,2,6.1
2026-01-08,02,12,4-5-1,9400,33,33,94.0
2026-01-08,04,1,2-5-1,2360,7,7,23.6
2026-01-08,04,2,1-5-6,1090,1,1,10.9
2026-01-08,04,3,6-1-4,125190,110,110,1251.0
2026-01-08,04,4,1-4-2,2440,5,5,24.4
2026-01-08,04,5,4-1-5,3630,17,17,36.3
2026-01-08,04,6,5-4-1,1550,4,4,15.5
2026-01-08,04,7,5-1-2,3770,10,10,37.7
2026-01-08,04,8,3-5-6,9290,37,37,92.9
2026-01-08,04,9,1-3-2,2190,6,6,21.9
2026-01-08,04,10,4-1-2,19840,52,52,198.4
2026-01-08,04,11,1-3-6,5010,18,18,50.1
2026-01-08,04,12,2-4-1,4040,15,15,40.4
2026-01-08,22,1,4-1-5,13600,28,28,136.0
2026-01-08,22,2,2-1-5,1530,5,5,15.3
2026-01-08,22,3,1-3-2,1340,4,4,13.4
2026-01-08,22,4,1-4-5,1080,3,3,10.8
2026-01-08,22,5,1-4-6,880,1,1,8.8
2026-01-08,22,6,2-3-6,4770,21,21,47.7
2026-01-08,22,7,1-3-4,980,4,4,9.8
2026-01-08,22,8,1-3-2,3080,12,12,30.8
2026-01-08,22,9,3-1-4,3460,10,10,34.6
2026-01-08,22,10,1-2-4,1440,4,4,14.4
2026-01-08,22,11,1-3-4,690,1,1,6.9
2026-01-08,22,12,1-2-4,600,2,2,6.0
2026-01-09,04,1,4-2-3,10410,45,45,104.1
2026-01-09,04,2,6-4-1,116650,118,118,1166.0
2026-01-09,04,3,2-6-4,1990,2,2,19.9
2026-01-09,04,4,1-4-2,6810,24,24,68.1
2026-01-09,04,5,1-5-3,5400,20,20,54.0
2026-01-09,04,7,5-1-3,4900,19,19,49.0
2026-01-09,04,8,3-1-5,6230,25,25,62.3
2026-01-09,04,9,6-3-2,18180,63,63,181.8
2026-01-09,04,10,4-5-6,4890,21,21,48.9
2026-01-09,04,11,1-3-2,1120,3,3,11.2
2026-01-09,04,12,2-5-1,12950,39,39,129.5
2026-01-09,09,1,1-3-2,990,4,4,9.9
2026-01-09,09,2,1-2-3,700,1,1,7.0
2026-01-09,09,3,4-3-6,3320,8,8,33.2
2026-01-09,09,4,2-6-5,13720,45,45,137.2
2026-01-09,09,5,1-5-2,3560,12,12,35.6
2026-01-09,09,6,3-4-1,2390,11,11,23.9
2026-01-09,09,7,3-1-4,1840,5,5,18.4
2026-01-09,09,8,2-4-3,9550,40,40,95.5
2026-01-09,09,9,1-4-6,2130,6,6,21.3
2026-01-09,09,10,1-2-3,630,1,1,6.3
2026-01-09,09,11,1-5-2,1860,6,6,18.6
2026-01-09,09,12,4-6-1,16720,37,37,167.2
2026-01-10,09,1,1-2-4,440,1,1,4.4
2026-01-10,09,2,1-2-3,990,3,3,9.9
2026-01-10,09,3,1-4-2,5280,17,17,52.8
2026-01-10,09,4,3-1-6,1850,4,4,18.5
2026-01-10,09,5,4-1-5,3180,13,13,31.8
2026-01-10,09,6,3-4-6,1410,3,3,14.1
2026-01-10,09,7,4-1-3,6250,29,29,62.5
2026-01-10,09,8,4-2-1,13840,71,71,138.4
2026-01-10,09,9,6-3-4,15680,56,56,156.8
2026-01-10,09,10,1-2-6,4310,16,16,43.1
2026-01-10,09,11,4-3-6,3900,13,13,39.0
2026-01-10,09,12,1-3-2,770,2,2,7.7
2026-01-11,02,1,4-5-2,5250,23,23,52.5
2026-01-11,02,2,1-3-6,1280,2,2,12.8
2026-01-11,02,3,2-3-5,2430,8,8,24.3
2026-01-11,02,4,1-3-6,13740,53,53,137.4
2026-01-11,02,5,2-1-4,5610,22,22,56.1
2026-01-11,02,6,5-1-3,2390,10,10,23.9
2026-01-11,02,7,1-3-2,520,1,1,5.2
2026-01-11,02,8,1-3-5,700,1,1,7.0
2026-01-11,02,9,3-1-2,10160,39,39,101.6
2026-01-11,02,10,4-3-2,3270,49,13,204.5
2026-01-11,02,11,1-3-4,3360,10,10,33.6
2026-01-11,02,12,1-5-2,3640,12,12,36.4
2026-01-11,14,1,1-4-3,1110,4,4,11.1
2026-01-11,14,2,3-2-1,5810,21,21,58.1
2026-01-11,14,3,1-2-4,1700,5,5,17.0
2026-01-12,02,1,4-2-1,8810,37,37,88.1
2026-01-12,02,2,3-1-5,2470,11,11,24.7
2026-01-12,02,3,3-2-6,4060,11,11,40.6
2026-01-12,02,4,2-1-3,10760,38,38,107.6
2026-01-12,02,5,4-5-3,2460,9,9,24.6
2026-01-12,02,6,2-5-3,2050,4,4,20.5
2026-01-12,02,7,1-2-3,650,2,2,6.5
2026-01-12,02,8,3-2-5,11840,34,34,118.4
2026-01-12,02,9,1-3-6,2770,11,11,27.7
2026-01-12,02,10,1-4-2,4480,13,13,44.8
2026-01-12,02,11,1-4-2,1480,4,4,14.8
2026-01-12,02,12,1-5-6,2740,11,11,27.4
2026-01-12,03,1,2-3-4,4830,18,18,48.3
2026-01-12,03,2,1-2-4,1250,2,2,12.5
2026-01-12,03,3,2-4-3,8940,34,34,89.4
2026-01-12,03,4,3-2-1,4840,19,19,48.4
2026-01-12,03,5,1-3-4,4500,17,17,45.0
2026-01-12,03,6,1-5-4,7480,33,33,74.8
2026-01-12,03,7,1-2-4,1620,3,3,16.2
2026-01-12,03,8,1-6-5,4150,18,18,41.5
2026-01-12,03,9,1-2-4,1090,1,1,10.9
2026-01-12,03,10,1-4-6,2160,8,7,21.6
2026-01-12,03,11,2-1-4,3250,12,12,32.5
2026-01-12,03,12,1-2-3,1120,3,3,11.2
2026-01-12,09,1,2-5-1,14080,31,31,140.8
2026-01-12,09,2,5-3-2,71380,101,101,713.8
2026-01-12,09,3,1-3-5,2420,10,10,24.2
2026-01-12,09,4,5-2-4,1780,5,5,17.8
2026-01-12,09,5,1-3-2,820,2,2,8.2
2026-01-12,09,6,6-2-1,2350,5,5,23.5
2026-01-12,09,7,5-4-1,2000,5,5,20.0
2026-01-12,09,8,2-6-5,3150,12,12,31.5
2026-01-12,09,9,6-1-2,29870,65,65,298.7
2026-01-12,09,10,2-4-5,680,1,1,6.8
2026-01-12,09,11,1-2-3,1320,5,5,13.2
2026-01-12,09,12,1-4-5,4180,15,15,41.8
2026-01-12,14,1,1-3-6,930,4,4,9.3
2026-01-12,14,2,4-6-1,4490,16,16,44.9
2026-01-12,14,3,4-2-1,4600,16,16,46.0
2026-01-12,14,4,1-4-2,650,1,1,6.5
2026-01-12,14,5,1-2-6,860,1,1,8.6
2026-01-12,14,6,2-3-6,630,1,1,6.3
2026-01-12,14,7,2-4-3,4800,17,17,48.0
2026-01-12,14,8,3-5-2,790,7,1,26.4
2026-01-12,14,9,1-3-5,10640,43,43,106.4
2026-01-12,14,10,4-5-2,2450,4,4,24.5
2026-01-12,14,11,1-4-6,4350,21,15,67.2
2026-01-12,14,12,1-3-4,1630,5,5,16.3
2026-01-13,02,1,6-1-5,5250,23,23,52.5
2026-01-13,02,2,5-1-2,1720,7,7,17.2
2026-01-13,02,3,1-6-5,6360,27,27,63.6
2026-01-13,02,4,2-3-4,8320,35,35,83.2
2026-01-13,02,5,1-4-2,2390,9,9,23.9
2026-01-13,02,6,5-4-6,22610,45,45,226.1
2026-01-13,02,7,5-1-2,17990,37,37,179.9
2026-01-13,02,8,2-1-5,650,1,1,6.5
2026-01-13,02,9,3-5-1,1510,2,2,15.1
2026-01-13,02,10,4-1-5,1520,1,1,15.2
2026-01-13,02,11,1-2-3,3860,15,15,38.6
2026-01-13,02,12,5-3-1,40600,81,81,406.0
2026-01-13,09,1,1-3-4,490,1,1,4.9
2026-01-13,09,2,2-4-6,9680,42,42,96.8
2026-01-13,09,3,1-4-5,1130,1,1,11.3
2026-01-13,09,4,1-5-3,9900,29,29,99.0
2026-01-13,09,5,1-2-3,920,3,3,9.2
2026-01-13,09,6,1-3-5,610,1,1,6.1
2026-01-13,09,7,1-4-5,1020,3,3,10.2
2026-01-13,09,8,1-4-3,1560,6,6,15.6
2026-01-13,09,9,1-2-3,1370,6,6,13.7
2026-01-13,09,10,2-1-3,2020,7,7,20.2
2026-01-13,09,11,1-4-2,1540,6,6,15.4
2026-01-13,09,12,4-2-5,14460,43,43,144.6
2026-01-13,14,1,1-4-5,540,1,1,5.4
2026-01-13,14,2,3-5-6,1950,8,8,19.5
2026-01-13,14,3,1-3-5,590,1,1,5.9
2026-01-13,14,4,1-2-4,750,2,2,7.5
2026-01-13,14,5,1-3-2,970,3,3,9.7
2026-01-13,14,6,2-1-4,10120,27,27,101.2
2026-01-13,14,7,2-6-5,9580,41,41,95.8
2026-01-13,14,8,1-3-2,660,1,1,6.6
2026-01-13,14,9,2-1-4,4660,20,20,46.6
2026-01-13,14,10,3-6-1,90240,95,95,902.4
2026-01-13,14,11,6-4-1,66730,118,118,1334.0
2026-01-13,14,12,3-2-4,8130,26,26,81.3
2026-01-14,02,1,1-2-5,1400,2,2,14.0
2026-01-14,02,2,4-2-5,10410,41,41,104.1
2026-01-14,02,3,4-2-5,6390,29,29,63.9
2026-01-14,02,4,2-4-5,8330,35,35,83.3
2026-01-14,02,5,4-6-3,8180,34,34,81.8
2026-01-14,02,6,1-2-4,770,1,1,7.7
2026-01-14,02,7,1-3-4,710,1,1,7.1
2026-01-14,02,8,5-3-1,6890,32,32,68.9
2026-01-14,02,9,1-2-5,790,1,1,7.9
2026-01-14,02,10,1-3-4,1250,1,1,12.5
2026-01-14,02,11,1-2-5,1540,4,4,15.4
2026-01-14,02,12,1-3-2,1580,4,4,15.8
2026-01-14,03,1,4-2-1,1850,6,6,18.5
2026-01-14,03,2,1-2-3,800,1,1,8.0
2026-01-14,03,3,1-2-3,1120,1,1,11.2
2026-01-14,03,4,1-2-3,1400,2,2,14.0
2026-01-14,03,5,4-2-1,9420,24,24,94.2
2026-01-14,03,6,5-1-3,8360,28,28,83.6
2026-01-14,03,7,5-1-2,9080,32,32,90.8
2026-01-14,03,8,1-5-4,7600,25,25,76.0
2026-01-14,03,9,2-4-6,74820,101,101,748.2
2026-01-14,03,10,5-1-2,1800,7,7,18.0
2026-01-14,03,11,5-1-6,18160,42,42,181.6
2026-01-14,03,12,1-2-5,700,1,1,7.0
2026-01-14,04,1,1-3-4,1930,2,2,19.3
2026-01-14,04,2,1-2-3,1380,2,2,13.8
2026-01-14,04,3,1-5-6,10010,37,37,100.1
2026-01-14,04,4,3-4-5,3590,12,12,35.9
2026-01-14,04,5,1-2-4,640,2,2,6.4
2026-01-14,04,6,1-6-4,39750,87,87,397.5
2026-01-14,04,7,3-2-4,5000,18,18,50.0
2026-01-14,04,8,4-5-2,2080,8,8,20.8
2026-01-14,04,9,4-1-2,5850,17,17,58.5
2026-01-14,04,10,1-6-2,10890,46,46,108.9
2026-01-14,04,11,1-2-3,10880,41,41,108.8
2026-01-14,04,12,4-1-6,7100,20,20,71.0
2026-01-14,14,1,1-3-2,480,2,2,4.8
2026-01-14,14,2,1-4-3,800,2,2,8.0
2026-01-14,14,3,1-2-4,2790,11,11,27.9
2026-01-14,14,4,3-1-4,2100,7,7,21.0
2026-01-14,14,5,1-2-5,5520,14,14,55.2
2026-01-14,14,6,1-6-2,5760,22,22,57.6
2026-01-14,14,7,1-2-3,880,3,3,8.8
2026-01-14,14,8,3-2-6,720,4,1,16.9
2026-01-14,14,9,3-5-6,25580,66,66,255.8
2026-01-14,14,10,2-3-1,1110,6,5,17.6
2026-01-14,14,11,1-5-4,1160,4,4,11.6
2026-01-14,14,12,1-4-5,2770,8,9,27.7
2026-01-14,22,1,1-2-3,410,1,1,4.1
2026-01-14,22,2,1-3-2,940,2,2,9.4
2026-01-14,22,3,3-4-6,1430,4,4,14.3
2026-01-14,22,4,3-1-4,2200,6,6,22.0
2026-01-14,22,5,2-3-5,5710,25,25,57.1
2026-01-14,22,6,4-5-6,3110,5,5,31.1
2026-01-14,22,7,1-3-6,4440,15,15,44.4
2026-01-14,22,8,1-4-2,730,1,1,7.3
2026-01-14,22,9,3-1-5,2980,10,10,29.8
2026-01-14,22,10,2-1-4,2540,9,9,25.4
2026-01-14,22,11,1-3-2,940,3,3,9.4
2026-01-14,22,12,4-1-6,6550,18,18,65.5
2026-01-15,03,1,2-1-4,4350,16,16,43.5
2026-01-15,03,2,3-1-4,1010,2,1,10.1
2026-01-15,03,3,1-2-4,2710,7,7,27.1
2026-01-15,03,4,5-4-1,6020,24,24,60.2
2026-01-15,03,5,3-6-1,17920,52,52,179.2
2026-01-15,03,6,1-5-2,5890,22,22,58.9
2026-01-15,03,7,3-6-2,3970,20,20,39.7
2026-01-15,03,8,2-3-5,1300,1,1,13.0
2026-01-15,03,9,3-1-6,9490,31,31,94.9
2026-01-15,03,10,3-6-1,56900,100,100,569.0
2026-01-15,03,11,1-6-2,4570,19,19,45.7
2026-01-15,03,12,1-3-5,2810,9,9,28.1
2026-01-15,04,1,4-6-2,9880,42,42,98.8
2026-01-15,04,2,1-2-3,940,2,2,9.4
2026-01-15,04,3,1-2-5,2370,8,8,23.7
2026-01-15,04,4,2-3-4,1810,7,7,18.1
2026-01-15,04,5,1-3-4,800,2,2,8.0
2026-01-15,04,6,1-5-6,1100,1,1,11.0
2026-01-15,04,7,3-2-1,6300,23,23,63.0
2026-01-15,04,8,1-2-4,870,2,2,8.7
2026-01-15,04,9,1-2-6,930,1,1,9.3
2026-01-15,04,10,1-5-4,1410,3,3,14.1
2026-01-15,04,11,2-1-5,1080,2,2,10.8
2026-01-15,04,12,1-5-6,1380,6,6,13.8
2026-01-15,09,1,1-3-4,1080,5,5,10.8
2026-01-15,09,2,5-2-1,9720,32,32,97.2
2026-01-15,09,3,1-2-5,1090,2,2,10.9
2026-01-15,09,4,5-1-4,23780,71,71,237.8
2026-01-15,09,5,1-5-3,1540,7,7,15.4
2026-01-15,09,6,1-6-2,4530,14,14,45.3
2026-01-15,09,7,1-4-2,3630,13,13,36.3
2026-01-15,09,8,1-2-3,1670,6,6,16.7
2026-01-15,09,9,1-3-6,10320,30,30,103.2
2026-01-15,09,10,1-4-6,370,3,1,9.1
2026-01-15,09,11,1-4-5,1690,5,5,16.9
2026-01-15,09,12,2-1-3,5040,17,17,50.4
2026-01-15,14,1,1-3-4,830,4,4,8.3
2026-01-15,14,2,4-5-2,4080,14,14,40.8
2026-01-15,14,3,1-5-2,1250,4,4,12.5
2026-01-15,14,4,1-2-5,2890,11,11,28.9
2026-01-15,14,5,4-2-3,31280,47,47,312.8
2026-01-15,14,6,1-6-4,4650,14,14,46.5
2026-01-15,14,7,1-4-3,9780,31,31,97.8
2026-01-15,14,8,1-5-2,480,1,1,4.8
2026-01-15,14,9,1-3-4,1860,7,7,18.6
2026-01-15,14,10,1-5-4,2890,10,10,28.9
2026-01-15,14,11,1-3-2,980,2,3,9.8
2026-01-15,14,12,5-1-4,9350,27,27,93.5
2026-01-15,22,1,1-2-4,590,3,3,5.9
2026-01-15,22,2,3-4-1,2860,12,12,28.6
2026-01-15,22,3,3-2-4,1240,5,5,12.4
2026-01-15,22,4,2-3-6,1670,3,3,16.7
2026-01-15,22,5,1-5-4,1980,7,6,19.8
2026-01-15,22,6,6-3-5,137620,100,99,1376.0
2026-01-15,22,7,2-5-4,21030,58,58,210.3
2026-01-15,22,8,2-6-4,6110,21,21,61.1
2026-01-15,22,9,1-2-3,1160,3,3,11.6
2026-01-15,22,10,1-5-6,1760,2,2,17.6
2026-01-15,22,11,3-4-5,6010,23,23,60.1
2026-01-15,22,12,1-3-4,1040,4,4,10.4
2026-01-16,04,1,3-4-6,23860,80,80,238.6
2026-01-16,04,2,3-5-1,20240,69,69,202.4
2026-01-16,04,3,2-4-6,4500,19,19,45.0
2026-01-16,04,4,4-5-1,21100,85,85,211.0
2026-01-16,04,5,1-3-2,860,2,2,8.6
2026-01-16,04,6,1-2-5,3740,12,12,37.4
2026-01-16,04,7,2-5-1,3070,10,10,30.7
2026-01-16,04,8,6-5-1,69420,103,103,694.2
2026-01-16,04,9,3-2-5,27090,78,78,270.9
2026-01-16,04,10,5-2-4,57650,120,120,576.5
2026-01-16,04,11,4-5-6,3820,16,16,38.2
2026-01-16,04,12,4-2-3,27250,63,63,272.5
2026-01-16,09,1,1-5-4,2520,10,10,25.2
2026-01-16,09,2,1-5-2,1780,5,5,17.8
2026-01-16,09,3,2-1-4,1070,3,3,10.7
2026-01-16,09,4,2-1-4,2720,15,15,27.2
2026-01-16,09,5,1-3-4,1880,9,9,18.8
2026-01-16,09,6,1-4-3,3990,18,18,39.9
2026-01-16,09,7,2-5-3,3420,15,15,34.2
2026-01-16,09,8,2-1-5,3050,13,13,30.5
2026-01-16,09,9,1-4-6,3050,12,12,30.5
2026-01-16,09,10,1-3-4,590,3,3,5.9
2026-01-16,09,11,1-2-5,970,1,1,9.7
2026-01-16,09,12,1-4-3,1690,8,8,16.9
2026-01-16,14,1,1-3-4,840,3,3,8.4
2026-01-16,14,2,1-2-3,2390,8,8,23.9
2026-01-16,14,3,1-2-4,1700,7,7,17.0
2026-01-16,14,4,1-3-2,1860,5,5,18.6
2026-01-16,14,5,1-5-4,5230,19,20,52.3
2026-01-16,14,6,6-4-2,16400,33,33,164.0
2026-01-16,14,7,1-3-2,1280,5,5,12.8
2026-01-16,14,8,1-3-5,810,1,1,8.1
2026-01-16,14,9,1-4-2,5240,21,21,52.4
2026-01-16,14,10,1-3-2,1720,6,6,17.2
2026-01-16,14,11,2-6-4,176870,103,103,1768.0
2026-01-16,14,12,1-3-4,1350,6,6,13.5
2026-01-16,22,1,1-4-3,1180,5,5,11.8
2026-01-16,22,2,1-2-4,710,1,1,7.1
2026-01-16,22,3,3-2-6,2740,11,11,27.4
2026-01-16,22,4,1-5-4,3680,12,12,36.8
2026-01-16,22,5,2-5-1,7350,32,32,73.5
2026-01-16,22,6,1-3-4,3110,11,11,31.1
2026-01-16,22,7,1-4-3,430,2,2,4.3
2026-01-16,22,8,1-3-5,1830,5,5,18.3
2026-01-16,22,9,1-2-5,1080,3,3,10.8
2026-01-16,22,10,1-2-4,960,4,4,9.6
2026-01-16,22,11,5-2-1,78310,84,84,783.1
2026-01-16,22,12,1-2-6,990,4,4,9.9
2026-01-17,02,1,1-2-5,1630,4,4,16.3
2026-01-17,02,2,1-3-5,1050,1,1,10.5
2026-01-17,02,3,2-1-5,880,1,1,8.8
2026-01-17,02,4,1-2-4,3030,12,12,30.3
2026-01-17,02,5,1-2-4,1970,5,5,19.7
2026-01-17,02,6,5-1-4,4330,18,18,43.3
2026-01-17,02,7,4-1-5,11130,29,29,111.3
2026-01-17,02,8,4-5-1,3590,17,17,35.9
2026-01-17,02,9,1-6-5,8910,37,37,89.1
2026-01-17,02,10,5-6-2,30180,77,77,301.8
2026-01-17,02,11,1-4-6,2360,9,9,23.6
2026-01-17,02,12,3-5-2,10010,29,29,100.1
2026-01-17,04,1,4-2-1,2930,10,10,29.3
2026-01-17,04,2,4-5-6,4450,19,19,44.5
2026-01-17,04,3,3-4-2,1640,5,5,16.4
2026-01-17,04,4,5-6-2,7610,33,33,76.1
2026-01-17,04,5,1-3-4,2200,2,2,22.0
2026-01-17,04,6,5-1-2,3130,8,8,31.3
2026-01-17,04,7,2-1-6,2010,2,2,20.1
2026-01-17,04,8,1-6-3,7060,25,25,70.6
2026-01-17,04,9,1-3-5,2900,7,7,29.0
2026-01-17,04,10,1-4-5,2560,9,9,25.6
2026-01-17,04,11,1-3-2,510,2,2,5.1
2026-01-17,04,12,3-4-2,12260,34,34,122.6
2026-01-17,09,1,1-3-6,770,3,3,7.7
2026-01-17,09,2,1-2-3,1470,6,6,14.7
2026-01-17,09,3,1-4-6,3460,10,10,34.6
2026-01-17,09,4,3-2-1,4630,21,21,46.3
2026-01-17,09,5,1-2-3,560,2,2,5.6
2026-01-17,09,6,3-1-6,18960,60,60,189.6
2026-01-17,09,7,2-3-5,5440,23,23,54.4
2026-01-17,09,8,1-2-6,1330,2,2,13.3
2026-01-17,09,9,1-2-3,830,2,2,8.3
2026-01-17,09,10,1-6-5,9340,37,37,93.4
2026-01-17,09,11,1-4-3,1450,6,6,14.5
2026-01-17,09,12,1-4-2,3540,12,12,35.4
2026-01-17,14,1,1-4-2,920,5,4,9.2
2026-01-17,14,2,3-4-2,1730,6,6,17.3
2026-01-17,14,3,1-2-3,960,5,5,9.6
2026-01-17,14,4,1-2-6,1290,5,5,12.9
2026-01-17,14,5,4-2-1,4810,15,15,48.1
2026-01-17,14,6,2-1-5,800,2,2,8.0
2026-01-17,14,7,5-2-1,1620,3,3,16.2
2026-01-17,14,8,1-6-3,3190,12,12,31.9
2026-01-17,14,9,5-4-6,66210,78,78,662.1
2026-01-17,14,10,1-3-4,1070,3,3,10.7
2026-01-17,14,11,1-3-4,790,1,1,7.9
2026-01-17,14,12,4-2-6,35970,86,86,359.7
2026-01-17,22,1,1-5-2,1460,7,7,14.6
2026-01-17,22,2,1-5-3,2750,5,5,27.5
2026-01-17,22,3,1-2-3,730,2,2,7.3
2026-01-17,22,4,1-3-5,3090,8,8,30.9
2026-01-17,22,5,5-2-1,3890,14,14,38.9
2026-01-17,22,6,2-3-4,1080,4,4,10.8
2026-01-17,22,7,1-3-4,4750,19,19,47.5
2026-01-17,22,8,1-3-4,830,2,2,8.3
2026-01-17,22,9,1-2-6,730,1,1,7.3
2026-01-17,22,10,5-3-1,24600,51,51,246.0
2026-01-17,22,11,3-2-5,59820,88,88,598.2
2026-01-17,22,12,1-2-6,6580,21,21,65.8
2026-01-18,02,1,2-3-1,10430,31,31,104.3
2026-01-18,02,2,2-1-6,2610,4,4,26.1
2026-01-18,02,3,4-5-3,3490,13,13,34.9
2026-01-18,02,4,3-2-4,8320,43,43,83.2
2026-01-18,02,5,3-4-5,11270,41,41,112.7
2026-01-18,02,6,5-2-3,1880,28,7,83.5
2026-01-18,02,7,2-6-4,51570,74,74,515.7
2026-01-18,02,8,1-2-3,600,1,1,6.0
2026-01-18,02,9,2-6-5,6890,26,26,68.9
2026-01-18,02,10,1-2-3,910,1,1,9.1
2026-01-18,02,11,4-6-3,7900,32,32,79.0
2026-01-18,02,12,1-3-4,4120,12,12,41.2
2026-01-18,04,1,3-1-2,2240,3,3,22.4
2026-01-18,04,2,3-2-4,5090,16,16,50.9
2026-01-18,04,3,1-2-3,1960,6,6,19.6
2026-01-18,04,4,3-6-2,18720,58,58,187.2
2026-01-18,04,5,1-3-2,820,2,2,8.2
2026-01-18,04,6,1-3-5,1890,2,2,18.9
2026-01-18,04,7,3-2-1,4090,15,15,40.9
2026-01-18,04,8,1-4-2,1990,7,7,19.9
2026-01-18,04,9,5-4-6,5290,24,24,52.9
2026-01-18,04,10,1-4-3,1440,3,3,14.4
2026-01-18,04,11,3-2-4,6550,22,22,65.5
2026-01-18,04,12,1-4-5,1800,8,8,18.0
2026-01-18,09,1,4-5-3,25150,36,36,251.5
2026-01-18,09,2,1-2-5,6700,21,21,67.0
2026-01-18,09,3,2-3-1,2800,12,12,28.0
2026-01-18,09,4,2-4-3,2210,8,8,22.1
2026-01-18,09,5,5-1-3,10700,19,19,107.0
2026-01-18,09,6,1-3-5,1570,2,2,15.7
2026-01-18,09,7,1-4-3,1980,8,8,19.8
2026-01-18,09,8,1-2-6,2400,5,5,24.0
2026-01-18,09,9,1-2-6,1300,3,3,13.0
2026-01-18,09,10,1-6-5,33960,64,64,339.6
2026-01-18,09,11,3-1-5,1870,6,6,18.7
2026-01-18,09,12,1-2-3,430,1,1,4.3
2026-01-18,22,1,1-3-5,900,2,2,9.0
2026-01-18,22,2,1-6-2,12130,31,31,121.3
2026-01-18,22,3,1-3-2,350,1,1,3.5
2026-01-18,22,4,2-1-5,2970,10,10,29.7
2026-01-18,22,5,1-2-6,600,1,1,6.0
2026-01-18,22,6,1-4-6,6280,23,23,62.8
2026-01-18,22,7,1-3-2,1730,7,7,17.3
2026-01-18,22,8,1-4-3,1120,3,3,11.2
2026-01-18,22,9,4-5-2,15320,47,47,153.2
2026-01-18,22,10,6-1-3,14880,31,31,148.8
2026-01-18,22,11,1-2-5,2620,8,8,26.2
2026-01-18,22,12,1-4-3,2470,10,10,24.7
2026-01-19,02,1,2-3-1,5690,24,24,56.9
2026-01-19,02,2,2-4-1,1820,7,7,18.2
2026-01-19,02,3,4-2-3,7970,32,31,79.7
2026-01-19,02,4,3-6-1,5840,21,21,58.4
2026-01-19,02,5,1-4-6,7270,26,26,72.7
2026-01-19,02,6,3-1-2,2630,7,7,26.3
2026-01-19,02,7,1-5-3,3470,14,14,34.7
2026-01-19,02,8,2-3-4,3310,17,17,33.1
2026-01-19,02,9,4-1-3,34410,88,88,344.1
2026-01-19,02,10,1-5-3,12090,39,39,120.9
2026-01-19,02,11,3-2-1,6720,25,25,67.2
2026-01-19,02,12,1-2-6,1790,6,6,17.9
2026-01-19,09,1,1-2-3,790,3,3,7.9
2026-01-19,09,2,2-3-1,3430,12,12,34.3
2026-01-19,09,3,4-1-3,4630,16,16,46.3
2026-01-19,09,4,5-1-4,3010,12,12,30.1
2026-01-19,09,5,1-2-3,740,1,1,7.4
2026-01-19,09,6,1-3-4,1360,5,5,13.6
2026-01-19,09,7,1-4-5,20430,51,51,204.3
2026-01-19,09,8,1-3-4,1390,6,6,13.9
2026-01-19,09,9,1-5-6,6010,23,24,60.1
2026-01-19,09,10,1-2-4,480,1,1,4.8
2026-01-19,09,11,1-3-2,990,4,4,9.9
2026-01-19,09,12,1-2-3,830,2,2,8.3
2026-01-19,22,1,1-5-2,1410,7,6,14.1
2026-01-19,22,2,4-3-5,68180,75,75,681.8
2026-01-19,22,3,1-5-2,2670,9,9,26.7
2026-01-19,22,4,1-2-5,640,1,1,6.4
2026-01-19,22,5,1-2-4,560,1,1,5.6
2026-01-19,22,6,1-2-3,420,1,1,4.2
2026-01-19,22,7,1-5-6,15280,28,28,152.8
2026-01-19,22,8,1-4-5,1210,4,4,12.1
2026-01-19,22,9,1-2-5,1920,6,6,19.2
2026-01-19,22,10,1-3-4,610,1,1,6.1
2026-01-19,22,11,1-2-3,570,1,1,5.7
2026-01-19,22,12,1-4-6,6750,17,17,67.5
2026-01-20,02,1,4-5-2,5920,25,25,59.2
2026-01-20,02,2,1-2-4,9410,39,39,94.1
2026-01-20,02,3,2-5-1,6460,27,27,64.6
2026-01-20,02,4,2-1-3,1090,1,1,10.9
2026-01-20,02,5,1-6-3,12560,39,39,125.6
2026-01-20,02,6,3-1-4,910,2,2,9.1
2026-01-20,02,7,1-2-3,490,1,1,4.9
2026-01-20,02,8,2-4-3,900,2,2,9.0
2026-01-20,02,9,5-3-2,13600,53,53,136.0
2026-01-20,02,10,1-4-6,6320,21,21,63.2
2026-01-20,02,11,1-2-6,580,14,2,34.3
2026-01-20,02,12,1-2-5,550,1,1,5.5
2026-01-20,09,1,2-1-5,720,32,3,189.3
2026-01-20,09,2,1-6-3,4990,16,16,49.9
2026-01-20,09,3,5-3-2,14710,39,39,147.1
2026-01-20,09,4,6-5-1,7520,22,22,75.2
2026-01-20,09,5,1-2-3,570,1,1,5.7
2026-01-20,09,6,1-4-5,1950,5,5,19.5
2026-01-21,02,1,2-3-1,7040,26,26,70.4
2026-01-21,02,2,4-1-5,21010,82,82,210.1
2026-01-21,02,3,1-2-4,1410,1,1,14.1
2026-01-21,02,4,4-6-2,970,2,2,11.4
2026-01-21,02,5,2-1-3,1790,5,5,17.9
2026-01-21,02,6,1-3-4,1160,4,4,11.6
2026-01-21,02,7,3-4-6,6460,27,27,64.6
2026-01-21,02,8,1-2-4,1570,5,5,15.7
2026-01-21,02,9,6-3-1,13570,36,36,135.7
2026-01-21,02,10,4-1-2,5880,17,17,58.8
2026-01-21,02,11,1-2-4,790,2,2,7.9
2026-01-21,02,12,3-4-1,5310,16,16,53.1
2026-01-21,04,1,1-5-3,1210,2,2,12.1
2026-01-21,04,2,4-1-3,8770,35,35,87.7
2026-01-21,04,3,2-4-1,2160,4,4,21.6
2026-01-21,04,4,6-2-5,3330,9,9,33.3
2026-01-21,04,5,1-4-2,1710,7,7,17.1
2026-01-21,04,6,3-1-6,2640,10,10,26.4
2026-01-21,04,7,4-3-5,2190,34,10,80.4
2026-01-21,04,8,5-4-6,8660,27,27,86.6
2026-01-21,04,9,1-3-2,890,2,2,8.9
2026-01-21,04,10,3-5-1,4660,19,19,46.6
2026-01-21,04,11,3-1-2,2360,7,7,23.6
2026-01-21,04,12,3-2-4,22370,55,55,223.7
2026-01-21,14,1,1-6-3,7430,18,18,74.3
2026-01-21,14,2,5-4-1,42100,56,56,421.0
2026-01-21,14,3,1-2-3,750,1,1,7.5
2026-01-21,14,4,2-4-1,17340,42,42,173.4
2026-01-21,14,5,4-2-5,2990,11,11,29.9
2026-01-21,14,6,1-2-5,1130,1,1,11.3
2026-01-21,14,7,3-2-4,1210,2,2,12.1
2026-01-21,14,8,5-2-1,7400,31,31,74.0
2026-01-21,14,9,1-2-6,990,2,2,9.9
2026-01-21,14,10,2-4-3,2740,8,8,27.4
2026-01-21,14,11,3-1-6,8620,28,28,86.2
2026-01-21,14,12,1-4-3,1280,3,3,12.8
2026-01-22,02,1,1-4-2,2080,8,8,20.8
2026-01-22,02,2,4-1-5,2090,7,7,20.9
2026-01-22,02,3,1-4-5,7680,40,40,76.8
2026-01-22,02,4,1-2-3,900,1,1,9.0
2026-01-22,02,5,4-2-1,3720,14,14,37.2
2026-01-22,02,6,3-2-5,5310,23,23,53.1
2026-01-22,02,7,5-1-6,11180,27,27,111.8
2026-01-22,02,8,2-6-5,3370,11,11,33.7
2026-01-22,02,9,3-2-1,2060,8,8,20.6
2026-01-22,02,10,1-2-5,1840,4,4,18.4
2026-01-22,02,11,5-1-2,10720,25,25,107.2
2026-01-22,02,12,3-4-1,16540,39,39,165.4
2026-01-22,04,1,1-2-3,3780,14,14,37.8
2026-01-22,04,2,5-4-3,6000,24,24,60.0
2026-01-22,04,3,2-5-4,2100,6,6,21.0
2026-01-22,04,4,3-5-2,4910,20,20,49.1
2026-01-22,04,5,1-5-3,1500,5,5,15.0
2026-01-22,04,6,3-6-2,17180,48,48,171.8
2026-01-22,04,7,2-1-5,2730,9,9,27.3
2026-01-22,04,8,1-4-2,1510,5,5,15.1
2026-01-22,04,9,4-3-2,12900,39,39,129.0
2026-01-22,04,10,3-1-2,2840,9,9,28.4
2026-01-22,04,11,4-3-6,16720,44,44,167.2
2026-01-22,04,12,1-4-6,1370,4,4,13.7
2026-01-22,14,1,4-3-6,11060,23,23,110.6
2026-01-22,14,2,3-4-5,2410,7,7,24.1
2026-01-22,14,3,1-4-2,760,2,2,7.6
2026-01-22,14,4,2-4-1,2480,10,10,24.8
2026-01-22,14,5,1-3-4,3490,17,17,34.9
2026-01-22,14,6,3-6-4,19620,51,51,196.2
2026-01-23,03,1,1-4-5,1640,8,8,16.4
2026-01-23,03,2,2-4-1,2640,11,11,26.4
2026-01-23,03,3,4-1-6,3820,16,16,38.2
2026-01-23,03,4,2-1-3,8020,40,40,80.2
2026-01-23,03,5,2-1-4,4160,19,19,41.6
2026-01-23,03,6,2-1-5,1080,2,2,10.8
2026-01-23,03,7,1-4-2,6400,27,27,64.0
2026-01-23,03,8,1-2-5,1800,4,4,18.0
2026-01-23,03,9,1-3-5,620,1,1,6.2
2026-01-23,03,10,1-3-2,770,2,2,7.7
2026-01-23,03,11,1-4-2,1840,8,8,18.4
2026-01-23,03,12,2-1-3,1980,6,6,19.8
2026-01-23,04,1,1-4-2,1280,3,3,12.8
2026-01-23,04,2,3-4-2,990,17,3,37.3
2026-01-23,04,3,1-6-4,8850,33,33,88.5
2026-01-23,04,4,2-4-6,2980,10,10,29.8
2026-01-23,04,5,1-6-2,3540,11,11,35.4
2026-01-23,04,6,5-6-2,1360,2,2,13.6
2026-01-23,04,7,2-3-1,1110,2,2,11.1
2026-01-23,04,8,1-4-5,4250,14,14,42.5
2026-01-23,04,9,2-5-6,24600,50,50,246.0
2026-01-23,04,10,2-1-4,4010,14,14,40.1
2026-01-23,04,11,1-4-2,2330,9,9,23.3
2026-01-23,04,12,1-3-2,1430,5,5,14.3
2026-01-23,14,1,1-3-2,550,3,3,5.5
2026-01-23,14,2,4-5-3,2930,11,11,29.3
2026-01-23,14,3,2-1-5,12320,53,53,123.2
2026-01-23,14,4,3-6-5,2200,8,8,22.0
2026-01-23,14,5,1-2-3,5290,24,24,52.9
2026-01-23,14,6,1-3-6,1050,3,3,10.5
2026-01-23,14,7,3-5-6,7830,31,31,78.3
2026-01-23,14,8,3-4-2,1580,7,7,15.8
2026-01-23,14,9,3-2-6,2730,11,11,27.3
2026-01-23,14,10,4-2-3,5860,21,21,58.6
2026-01-23,14,11,2-1-4,1370,3,3,13.7
2026-01-23,14,12,1-2-6,3490,13,13,34.9
2026-01-24,03,1,2-3-5,4630,20,20,46.3
2026-01-24,03,2,1-3-2,1460,1,1,14.6
2026-01-24,03,3,6-3-4,3950,13,13,39.5
2026-01-24,03,4,3-4-5,2180,4,4,21.8
2026-01-24,03,5,1-4-2,6410,25,25,64.1
2026-01-24,03,6,1-2-6,33520,53,53,335.2
2026-01-24,03,7,4-2-3,1990,7,7,19.9
2026-01-24,03,8,1-2-5,5700,27,27,57.0
2026-01-24,03,9,2-3-1,3080,11,11,30.8
2026-01-24,03,10,3-4-1,2240,7,7,22.4
2026-01-24,03,11,2-1-3,3140,10,10,31.4
2026-01-24,03,12,4-3-6,12110,39,39,121.1
2026-01-24,04,1,3-2-1,3560,11,11,35.6
2026-01-24,04,2,4-2-1,5300,20,20,53.0
2026-01-24,04,3,5-2-6,4450,19,19,44.5
2026-01-24,04,4,4-1-2,5310,23,23,53.1
2026-01-24,04,5,1-3-2,1210,3,3,12.1
2026-01-24,04,6,1-2-6,1140,1,1,11.4
2026-01-24,04,7,3-5-6,1110,1,1,11.1
2026-01-24,04,8,4-1-2,850,2,2,8.5
2026-01-24,04,9,2-1-4,670,2,2,6.7
2026-01-24,04,10,1-5-2,1260,2,2,12.6
2026-01-24,04,11,1-2-4,3230,12,12,32.3
2026-01-24,04,12,1-4-3,3810,12,12,38.1
2026-01-24,14,1,4-3-2,10180,37,37,101.8
2026-01-24,14,2,4-2-3,2670,12,12,26.7
2026-01-24,14,3,2-1-4,4580,16,16,45.8
2026-01-24,14,4,2-1-3,2400,9,9,24.0
2026-01-24,14,5,1-2-4,1300,6,6,13.0
2026-01-24,14,6,4-3-2,13230,57,57,132.3
2026-01-24,14,7,1-5-6,4580,12,12,45.8
2026-01-24,14,8,1-3-5,1850,4,4,18.5
2026-01-24,14,9,3-1-4,22730,51,51,227.3
2026-01-24,14,10,1-2-3,1070,2,3,10.7
2026-01-24,14,11,1-3-5,2210,8,8,22.1
2026-01-24,14,12,1-6-2,6690,22,22,66.9
2026-01-25,03,1,4-1-2,2620,10,10,26.2
2026-01-25,03,2,3-1-6,10130,38,38,101.3
2026-01-25,03,3,4-5-2,4470,18,18,44.7
2026-01-25,03,4,4-1-6,2030,6,6,20.3
2026-01-25,03,5,3-1-2,1010,4,4,10.1
2026-01-25,03,6,4-5-6,20510,57,57,205.1
2026-01-25,03,7,1-3-4,2830,13,13,28.3
2026-01-25,03,8,1-2-6,1020,1,1,10.2
2026-01-25,03,9,1-4-6,1760,7,7,17.6
2026-01-25,03,10,2-3-6,3760,13,13,37.6
2026-01-25,03,11,4-1-6,2110,8,8,21.1
2026-01-25,03,12,4-6-1,3440,13,13,34.4
2026-01-25,04,1,5-4-3,6930,25,25,69.3
2026-01-25,04,2,5-3-4,1980,2,2,19.8
2026-01-25,04,3,3-1-2,5400,22,22,54.0
2026-01-25,04,4,1-4-3,5060,27,27,50.6
2026-01-25,04,5,1-4-3,820,1,1,8.2
2026-01-25,04,6,1-5-4,2080,7,7,20.8
2026-01-25,04,7,5-6-2,5540,23,22,55.4
2026-01-25,04,8,1-2-5,3500,11,11,35.0
2026-01-25,04,9,2-6-1,26290,67,67,262.9
2026-01-25,04,10,1-2-5,1280,3,3,12.8
2026-01-25,04,11,1-2-4,1160,4,4,11.6
2026-01-25,04,12,1-4-2,1380,6,6,13.8
2026-01-26,03,1,2-3-5,910,1,1,9.1
2026-01-26,03,2,1-3-5,2120,7,7,21.2
2026-01-26,03,3,2-3-4,790,1,1,7.9
2026-01-26,03,4,2-1-5,1110,4,4,11.1
2026-01-26,03,5,3-4-5,1410,3,3,14.1
2026-01-26,03,6,4-6-5,220,48,2,277.3
2026-01-26,03,7,3-6-4,12830,32,32,128.3
2026-01-26,03,8,2-3-1,1170,3,3,11.7
2026-01-26,03,9,1-4-3,950,3,3,9.5
2026-01-26,03,10,1-2-3,1170,1,1,11.7
2026-01-26,03,11,1-2-5,2350,8,8,23.5
2026-01-26,03,12,1-5-3,4520,14,14,45.2
2026-01-26,04,1,4-3-1,26300,74,74,263.0
2026-01-26,04,2,3-4-2,7250,35,35,72.5
2026-01-26,04,3,3-4-2,6110,26,26,61.1
2026-01-26,04,4,1-2-5,1110,1,1,11.1
2026-01-26,04,5,1-2-3,760,3,3,7.6
2026-01-26,04,6,4-2-1,9400,31,31,94.0
2026-01-26,04,7,2-1-4,4730,21,21,47.3
2026-01-26,04,8,2-3-6,7110,39,38,71.1
2026-01-26,04,9,2-1-3,1270,4,4,12.7
2026-01-26,04,10,1-2-4,720,1,1,7.2
2026-01-26,04,11,1-3-6,2660,9,9,26.6
2026-01-26,04,12,1-4-2,1080,3,3,10.8
2026-01-26,09,1,1-3-2,560,2,2,5.6
2026-01-26,09,2,5-6-1,12920,35,35,129.2
2026-01-26,09,3,2-5-4,19200,62,62,192.0
2026-01-26,09,4,3-6-1,1060,4,4,10.6
2026-01-26,09,5,1-3-5,870,4,4,8.7
2026-01-26,09,6,1-2-4,1120,4,4,11.2
2026-01-26,09,7,1-4-2,1680,5,5,16.8
2026-01-26,09,8,1-4-3,1020,1,1,10.2
2026-01-26,09,9,4-1-2,5380,15,15,53.8
2026-01-26,09,10,1-4-3,980,2,2,9.8
2026-01-26,09,11,1-2-4,430,1,1,4.3
2026-01-26,09,12,1-3-2,900,4,4,9.0
2026-01-26,22,1,1-3-5,760,4,4,7.6
2026-01-26,22,2,3-5-6,11850,44,44,118.5
2026-01-26,22,3,3-2-4,1520,6,6,15.2
2026-01-26,22,4,1-4-5,1950,7,7,19.5
2026-01-26,22,5,4-2-1,1710,6,6,17.1
2026-01-26,22,6,1-3-5,11880,39,39,118.8
2026-01-26,22,7,1-5-4,920,1,1,9.2
2026-01-26,22,8,1-6-2,2180,7,7,21.8
2026-01-26,22,9,2-1-4,1660,5,5,16.6
2026-01-26,22,10,2-3-1,7140,24,24,71.4
2026-01-26,22,11,2-3-6,14890,37,37,148.9
2026-01-26,22,12,2-4-1,4940,15,15,49.4
2026-01-27,03,1,1-3-2,980,2,2,9.8
2026-01-27,03,2,1-5-2,2200,8,8,22.0
2026-01-27,03,3,2-3-5,3720,15,15,37.2
2026-01-27,03,4,1-6-2,3570,13,13,35.7
2026-01-27,03,5,1-2-4,810,2,2,8.1
2026-01-27,03,6,3-1-4,31870,51,51,318.7
2026-01-27,03,7,1-4-6,1190,4,4,11.9
2026-01-27,03,8,2-3-1,4540,15,15,45.4
2026-01-27,03,9,3-4-2,12980,39,39,129.8
2026-01-27,03,10,1-4-3,1410,3,3,14.1
2026-01-27,03,11,2-1-3,1550,6,6,15.5
2026-01-27,03,12,1-2-5,1360,2,2,13.6
2026-01-27,09,1,1-2-4,400,1,1,4.0
2026-01-27,09,2,2-5-3,8560,29,29,85.6
2026-01-27,09,3,5-6-1,9830,37,37,98.3
2026-01-27,09,4,3-2-4,3190,13,13,31.9
2026-01-27,09,5,1-2-4,390,2,2,3.9
2026-01-27,09,6,4-6-5,8300,33,32,83.0
2026-01-27,09,7,2-3-5,1170,1,1,11.7
2026-01-27,09,8,4-2-1,2360,8,8,23.6
2026-01-27,09,9,2-4-3,1560,2,2,15.6
2026-01-27,09,10,2-3-1,1540,5,5,15.4
2026-01-27,09,11,1-2-4,2110,8,8,21.1
2026-01-27,09,12,1-2-3,720,3,3,7.2
2026-01-27,22,1,1-2-4,840,4,4,8.4
2026-01-27,22,2,2-1-5,5430,18,18,54.3
2026-01-27,22,3,1-3-2,760,1,1,7.6
2026-01-27,22,4,3-2-6,3320,13,13,33.2
2026-01-27,22,5,3-2-4,6290,26,26,62.9
2026-01-27,22,6,1-5-6,11370,47,47,113.7
2026-01-27,22,7,5-1-3,1330,1,1,13.3
2026-01-27,22,8,1-6-3,1160,3,3,11.6
2026-01-27,22,9,2-3-6,5030,18,18,50.3
2026-01-27,22,10,2-1-5,3030,11,11,30.3
2026-01-27,22,11,1-2-6,6450,18,18,64.5
2026-01-27,22,12,1-2-4,1140,2,2,11.4
2026-01-28,03,1,3-6-4,2270,7,7,22.7
2026-01-28,03,2,4-6-5,2080,6,6,20.8
2026-01-28,03,3,1-4-6,71830,63,63,718.3
2026-01-28,03,4,2-3-1,5400,23,23,54.0
2026-01-28,03,5,5-6-2,8820,35,35,88.2
2026-01-28,03,6,6-2-4,9470,41,41,94.7
2026-01-28,03,7,1-2-3,650,2,2,6.5
2026-01-28,03,8,1-4-5,1150,4,4,11.5
2026-01-28,03,9,5-1-4,10990,52,52,109.9
2026-01-28,03,10,1-2-6,9940,33,33,99.4
2026-01-28,03,11,1-6-4,5250,21,21,52.5
2026-01-28,03,12,1-2-4,1200,2,2,12.0
2026-01-28,09,1,1-4-3,760,4,4,7.6
2026-01-28,09,2,3-4-6,4580,20,20,45.8
2026-01-28,09,3,3-5-4,2230,5,5,22.3
2026-01-28,09,4,5-3-4,6740,32,32,67.4
2026-01-28,09,5,1-2-5,1250,8,8,12.5
2026-01-28,09,6,4-3-1,11020,34,34,110.2
2026-01-28,09,7,1-6-2,800,2,2,8.0
2026-01-28,09,8,1-5-2,21360,45,45,213.6
2026-01-28,09,9,2-3-1,1270,5,5,12.7
2026-01-28,09,10,1-3-4,450,1,1,4.5
2026-01-28,09,11,3-1-5,1640,6,5,16.4
2026-01-28,09,12,1-2-5,980,4,4,9.8
2026-01-28,22,1,1-2-6,1260,6,6,12.6
2026-01-28,22,2,1-3-5,2460,8,8,24.6
2026-01-28,22,3,3-1-4,980,4,4,9.8
2026-01-28,22,4,1-6-5,11990,62,62,119.9
2026-01-28,22,5,1-2-4,370,1,1,3.7
2026-01-28,22,6,3-1-4,6610,23,23,66.1
2026-01-28,22,7,5-1-4,8740,37,37,87.4
2026-01-28,22,8,3-5-2,3260,13,13,32.6
2026-01-28,22,9,1-5-4,1200,2,2,12.0
2026-01-28,22,10,1-5-2,1230,5,6,12.3
2026-01-28,22,11,3-5-6,52720,66,66,527.2
2026-01-28,22,12,1-5-4,4270,15,15,42.7
2026-01-29,04,1,4-6-3,20210,58,58,202.1
2026-01-29,04,2,3-2-5,5520,23,23,55.2
2026-01-29,04,3,2-6-1,4190,17,17,41.9
2026-01-29,04,4,1-3-4,7970,30,30,79.7
2026-01-29,04,5,1-4-2,3430,15,15,34.3
2026-01-29,04,6,2-1-4,1540,3,3,15.4
2026-01-29,04,7,2-1-4,2670,9,9,26.7
2026-01-29,04,8,4-1-2,1650,5,5,16.5
2026-01-29,04,9,1-2-5,810,1,1,8.1
2026-01-29,04,10,1-2-6,4480,16,16,44.8
2026-01-29,04,11,1-4-3,880,2,2,8.8
2026-01-29,04,12,1-3-2,1340,2,2,13.4
2026-01-29,09,1,1-4-2,580,2,2,5.8
2026-01-29,09,2,1-4-3,2200,7,7,22.0
2026-01-29,09,3,1-3-6,870,2,2,8.7
2026-01-29,09,4,2-3-4,2110,7,7,21.1
2026-01-29,09,5,1-6-2,3640,11,11,36.4
2026-01-29,09,6,1-3-2,1300,6,6,13.0
2026-01-29,09,7,1-2-3,790,3,3,7.9
2026-01-29,09,8,1-2-3,390,1,1,3.9
2026-01-29,09,9,2-3-4,5800,60,22,277.9
2026-01-29,09,10,1-2-4,1070,4,4,10.7
2026-01-29,09,11,1-2-4,870,3,3,8.7
2026-01-29,09,12,1-5-2,1670,6,6,16.7
2026-01-29,22,1,1-4-3,1010,3,3,10.1
2026-01-29,22,2,2-3-1,17200,63,63,172.0
2026-01-29,22,3,3-5-1,3510,14,14,35.1
2026-01-29,22,4,1-5-3,2600,11,11,26.0
2026-01-29,22,5,4-5-2,2290,5,5,22.9
2026-01-29,22,6,1-6-2,1590,3,3,15.9
2026-01-29,22,7,1-5-2,3680,9,9,36.8
2026-01-29,22,8,1-3-6,900,1,1,9.0
2026-01-29,22,9,2-3-4,4240,13,13,42.4
2026-01-29,22,10,1-3-2,2310,7,7,23.1
2026-01-29,22,11,1-2-3,550,1,1,5.5
2026-01-29,22,12,3-2-4,9200,23,23,92.0
2026-01-30,02,1,1-6-4,3860,15,15,38.6
2026-01-30,02,2,5-3-2,3910,13,13,39.1
2026-01-30,02,3,4-3-5,5530,20,20,55.3
2026-01-30,02,4,3-4-2,12460,48,48,124.6
2026-01-30,02,5,4-2-3,16330,47,47,163.3
2026-01-30,02,6,1-3-2,2200,6,6,22.0
2026-01-30,02,7,1-2-4,840,4,4,8.4
2026-01-30,02,8,2-1-6,3820,17,17,38.2
2026-01-30,02,9,1-3-5,730,1,1,7.3
2026-01-30,02,10,1-3-2,1770,7,7,17.7
2026-01-30,02,11,2-1-5,15070,42,42,150.7
2026-01-30,02,12,2-1-4,3550,12,12,35.5
2026-01-30,04,1,2-4-3,13850,61,61,138.5
2026-01-30,04,2,1-3-2,1160,2,2,11.6
2026-01-30,04,3,1-2-3,1740,4,4,17.4
2026-01-30,04,4,5-2-1,3320,11,11,33.2
2026-01-30,04,5,1-2-3,1200,2,2,12.0
2026-01-30,04,6,5-3-2,36960,74,74,369.6
2026-01-30,04,7,2-1-4,14770,55,55,147.7
2026-01-30,04,8,4-2-1,4100,17,17,41.0
2026-01-30,04,9,1-5-6,1360,3,3,13.6
2026-01-30,04,10,1-6-4,1950,6,5,19.5
2026-01-30,04,11,2-1-4,3210,11,11,32.1
2026-01-30,04,12,1-4-2,790,2,2,7.9
2026-01-30,22,1,1-4-5,3460,15,15,34.6
2026-01-30,22,2,1-3-2,3470,15,15,34.7
2026-01-30,22,3,3-4-1,3620,12,12,36.2
2026-01-30,22,4,3-4-5,12070,37,37,120.7
2026-01-30,22,5,1-5-4,6050,22,22,60.5
2026-01-30,22,6,1-2-3,1130,4,4,11.3
2026-01-30,22,7,1-6-3,1440,5,5,14.4
2026-01-30,22,8,1-2-3,820,3,3,8.2
2026-01-30,22,9,1-3-5,1770,7,7,17.7
2026-01-30,22,10,4-3-6,6530,77,27,900.3
2026-01-30,22,11,1-3-4,1490,6,6,14.9
2026-01-30,22,12,1-3-4,1290,4,4,12.9
2026-01-31,02,1,1-2-6,3300,10,10,33.0
2026-01-31,02,2,2-3-5,1290,2,2,12.9
2026-01-31,02,3,4-5-6,3220,12,12,32.2
2026-01-31,02,4,1-2-3,1880,4,4,18.8
2026-01-31,02,5,4-3-6,5320,27,27,53.2
2026-01-31,02,6,5-1-2,3830,22,21,38.3
2026-01-31,02,7,1-5-3,1140,6,6,11.4
2026-01-31,02,8,2-1-5,910,1,1,9.1
2026-01-31,02,9,1-2-4,1560,4,4,15.6
2026-01-31,02,10,6-5-3,40240,72,72,402.4
2026-01-31,02,11,3-5-1,3270,11,11,32.7
2026-01-31,02,12,1-6-3,6330,20,20,63.3
2026-01-31,04,1,1-2-3,2720,11,11,27.2
2026-01-31,04,2,5-4-2,6700,30,30,67.0
2026-01-31,04,3,3-6-4,132040,105,105,1320.0
2026-01-31,04,4,1-2-5,1970,7,7,19.7
2026-01-31,04,5,2-1-3,6480,21,21,64.8
2026-01-31,04,6,3-4-5,210,38,1,86.8
2026-01-31,04,7,1-2-3,980,6,6,21.0
2026-01-31,04,8,3-1-4,4220,14,14,42.2
2026-01-31,04,9,1-2-6,1430,2,2,14.3
2026-01-31,04,10,1-2-6,3670,12,12,36.7
2026-01-31,04,11,1-5-2,490,1,1,7.8
2026-01-31,04,12,4-1-3,19090,45,45,190.9
2026-01-31,14,1,2-1-6,8690,27,27,86.9
2026-01-31,14,2,1-3-6,4400,14,14,44.0
2026-01-31,14,3,1-2-4,3490,11,11,34.9
2026-01-31,14,4,3-2-6,7610,30,30,76.1
2026-01-31,14,5,4-3-6,62110,89,89,621.1
2026-01-31,14,6,4-1-5,7860,30,30,78.6
2026-01-31,14,7,5-1-3,7570,26,26,75.7
2026-01-31,14,8,3-5-4,2910,8,8,29.1
2026-01-31,14,9,4-2-3,9250,35,35,92.5
2026-01-31,14,10,1-2-4,3770,9,9,37.7
2026-01-31,14,11,1-5-2,1630,3,3,16.3
2026-01-31,14,12,3-4-2,14630,45,45,146.3
2026-01-31,22,1,1-2-5,520,1,1,5.2
2026-01-31,22,2,1-4-2,4450,18,18,44.5
2026-01-31,22,3,1-3-5,2610,15,15,26.1
2026-01-31,22,4,4-2-1,9470,29,29,94.7
2026-01-31,22,5,3-5-6,17140,58,58,171.4
2026-01-31,22,6,2-1-5,2480,10,10,24.8
2026-01-31,22,7,1-4-6,23360,61,61,233.6
2026-01-31,22,8,2-1-6,2810,9,9,28.1
2026-01-31,22,9,1-2-4,1010,1,1,10.1
2026-01-31,22,10,1-3-4,960,1,1,9.6
2026-01-31,22,11,2-4-1,11380,25,25,113.8
2026-01-31,22,12,2-1-3,3470,11,11,34.7
2026-02-01,02,1,5-1-4,17270,56,56,172.7
2026-02-01,02,2,1-2-3,1420,5,5,14.2
2026-02-01,02,3,3-1-6,3940,16,16,39.4
2026-02-01,02,4,1-3-6,4870,20,20,48.7
2026-02-01,02,5,4-6-2,4620,20,20,46.2
2026-02-01,02,6,2-6-1,9810,32,32,98.1
2026-02-01,02,7,1-2-4,1550,5,5,15.5
2026-02-01,02,8,4-6-1,1330,1,2,13.3
2026-02-01,02,9,1-4-3,970,3,3,9.7
2026-02-01,02,10,1-4-5,7370,29,29,73.7
2026-02-01,02,11,1-3-5,2770,11,11,27.7
2026-02-01,02,12,1-3-4,600,1,1,6.0
2026-02-01,03,1,1-4-3,1020,3,3,10.2
2026-02-01,03,2,1-2-3,1260,3,3,12.6
2026-02-01,03,3,2-1-4,4840,24,24,48.4
2026-02-01,03,4,2-1-4,2480,6,6,24.8
2026-02-01,03,5,1-5-2,4150,15,15,41.5
2026-02-01,03,6,1-5-2,2280,9,9,22.8
2026-02-01,03,7,2-1-3,3290,11,11,32.9
2026-02-01,03,8,3-2-5,10660,45,45,106.6
2026-02-01,03,9,2-1-3,2650,10,10,26.5
2026-02-01,03,10,1-4-2,1920,6,6,19.2
2026-02-01,03,11,5-4-6,11700,44,44,117.0
2026-02-01,03,12,1-3-4,1310,2,3,13.1
2026-02-01,04,1,4-3-5,3050,14,14,30.5
2026-02-01,04,2,2-3-5,4070,14,14,40.7
2026-02-01,04,3,5-6-3,4380,19,19,43.8
2026-02-01,04,4,3-4-2,5300,21,21,53.0
2026-02-01,04,5,4-5-6,5520,19,19,55.2
2026-02-01,04,6,3-1-4,3260,6,6,32.6
2026-02-01,04,7,5-1-2,7540,25,25,75.4
2026-02-01,04,8,1-4-3,1280,2,2,12.8
2026-02-01,04,9,1-2-4,7120,22,22,71.2
2026-02-01,04,10,1-5-2,1290,4,3,12.9
2026-02-01,04,11,1-6-2,5770,20,20,57.7
2026-02-01,04,12,5-1-6,9090,29,29,90.9
2026-02-01,14,1,1-5-2,3540,14,14,35.4
2026-02-01,14,2,1-3-4,990,1,1,9.9
2026-02-01,14,3,1-2-3,2160,7,7,21.6
2026-02-01,14,4,1-2-3,610,1,1,6.1
2026-02-01,14,5,1-4-2,2710,10,10,27.1
2026-02-01,14,6,4-2-5,26800,70,70,268.0
2026-02-01,14,7,3-6-5,17300,73,74,173.0
2026-02-01,14,8,4-2-3,16170,62,62,161.7
2026-02-01,14,9,6-4-2,12660,52,52,126.6
2026-02-01,14,10,1-3-4,2340,9,8,23.4
2026-02-01,14,11,1-3-4,1000,2,2,10.0
2026-02-01,14,12,1-5-6,5620,23,23,56.2
2026-02-02,02,1,2-4-1,4940,21,21,49.4
2026-02-02,02,2,3-2-4,1710,3,3,17.1
2026-02-02,02,3,1-2-4,900,1,1,9.0
2026-02-02,02,4,1-4-5,7900,33,33,79.0
2026-02-02,02,5,3-4-2,11460,32,32,114.6
2026-02-02,02,6,4-6-3,5770,30,30,57.7
2026-02-02,02,7,3-2-4,6650,23,23,66.5
2026-02-02,02,8,3-2-5,5780,28,28,57.8
2026-02-02,02,9,1-2-4,770,2,2,7.7
2026-02-02,02,10,3-1-4,2100,5,5,21.0
2026-02-02,02,11,1-5-4,1970,10,10,19.7
2026-02-02,02,12,2-4-3,37800,89,89,378.0
2026-02-02,03,1,4-3-1,9900,38,38,99.0
2026-02-02,03,2,1-2-3,2660,4,4,26.6
2026-02-02,03,3,4-6-2,7770,40,40,77.7
2026-02-02,03,4,1-3-2,830,2,2,8.3
2026-02-02,03,5,1-4-5,23160,58,58,231.6
2026-02-02,03,6,5-3-6,36000,81,81,360.0
2026-02-02,03,7,3-6-5,14240,48,48,142.4
2026-02-02,03,8,1-6-3,9970,42,42,99.7
2026-02-02,03,9,2-1-5,2220,7,7,22.2
2026-02-02,03,10,1-3-4,2710,8,8,27.1
2026-02-02,03,11,4-3-2,39150,73,72,391.5
2026-02-02,03,12,1-6-5,3120,14,14,31.2
2026-02-02,14,1,1-3-2,1170,5,5,11.7
2026-02-02,14,2,3-2-6,1640,2,2,16.4
2026-02-02,14,3,1-2-3,920,2,2,9.2
2026-02-02,14,4,4-1-6,2320,9,9,23.2
2026-02-02,14,5,1-2-3,700,1,1,7.0
2026-02-02,14,6,1-2-4,1560,2,2,15.6
2026-02-02,14,7,1-6-4,9220,40,40,92.2
2026-02-02,14,8,4-2-5,33330,68,68,333.3
2026-02-02,14,9,3-1-6,3820,12,12,38.2
2026-02-02,14,10,1-4-2,9690,43,43,96.9
2026-02-02,14,11,1-3-4,970,2,2,9.7
2026-02-02,14,12,2-1-5,8560,29,29,85.6
2026-02-03,03,1,1-2-5,1180,4,4,11.8
2026-02-03,03,2,1-4-3,2640,7,7,26.4
2026-02-03,03,3,1-2-6,2150,3,3,21.5
2026-02-03,03,4,4-5-6,2750,11,11,27.5
2026-02-03,03,5,2-6-3,780,2,2,7.8
2026-02-03,03,6,3-5-1,11960,43,43,119.6
2026-02-03,03,7,1-2-4,1390,1,1,13.9
2026-02-03,03,8,1-4-5,1710,4,4,17.1
2026-02-03,03,9,6-3-1,56540,118,58,1390.0
2026-02-03,03,10,1-5-6,6560,24,24,65.6
2026-02-03,03,11,3-5-1,30130,70,70,301.3
2026-02-03,03,12,1-2-3,770,1,1,7.7
2026-02-03,14,1,1-2-5,2180,9,9,21.8
2026-02-03,14,2,1-3-5,1320,2,2,13.2
2026-02-03,14,3,6-3-1,30430,76,76,304.3
2026-02-03,14,4,4-5-6,10600,31,31,106.0
2026-02-03,14,5,1-2-3,600,1,1,6.0
2026-02-03,14,6,1-2-5,2820,10,10,28.2
2026-02-03,14,7,1-2-3,870,2,2,8.7
2026-02-03,14,8,3-2-5,1730,3,3,17.3
2026-02-03,14,9,2-5-1,9600,30,30,96.0
2026-02-03,14,10,1-2-4,1430,5,5,14.3
2026-02-03,14,11,5-1-2,4760,15,15,47.6
2026-02-03,14,12,1-2-5,1080,2,2,10.8
2026-02-04,03,1,1-6-4,7450,33,33,74.5
2026-02-04,03,2,2-6-5,6220,30,30,62.2
2026-02-04,03,3,5-1-2,8930,37,37,89.3
2026-02-04,03,4,3-1-5,6690,23,23,66.9
2026-02-04,03,5,1-3-5,4460,14,14,44.6
2026-02-04,03,6,1-4-5,1480,1,1,14.8
2026-02-04,03,7,1-2-3,570,1,1,5.7
2026-02-04,03,8,6-1-2,44080,98,98,440.8
2026-02-04,03,9,2-3-1,3920,12,12,39.2
2026-02-04,03,10,1-2-4,1310,1,1,13.1
2026-02-04,03,11,1-6-4,8760,28,28,87.6
2026-02-04,03,12,1-3-2,1730,4,4,17.3
2026-02-04,04,1,3-2-5,6930,24,24,69.3
2026-02-04,04,2,2-6-4,3100,7,7,31.0
2026-02-04,04,3,5-1-3,1980,3,3,19.8
2026-02-04,04,4,5-3-6,3830,14,14,38.3
2026-02-04,04,5,1-5-3,2830,12,12,28.3
2026-02-04,04,6,5-1-6,19700,61,61,197.0
2026-02-04,04,7,6-1-2,1660,4,4,16.6
2026-02-04,04,8,5-2-1,15380,47,47,153.8
2026-02-04,04,9,2-4-3,1800,2,2,18.0
2026-02-04,04,10,6-3-1,10040,45,45,100.4
2026-02-04,04,11,1-2-4,930,2,2,9.3
2026-02-04,04,12,1-3-4,810,1,1,8.1
2026-02-04,14,1,1-3-6,1540,7,7,15.4
2026-02-04,14,2,3-4-1,12510,37,37,125.1
2026-02-04,14,3,3-1-5,2110,5,5,21.1
2026-02-04,14,4,2-4-3,4930,21,21,49.3
2026-02-04,14,5,2-3-5,3890,12,12,38.9
2026-02-04,14,6,3-1-2,2970,8,8,29.7
2026-02-04,14,7,3-1-4,3030,11,11,30.3
2026-02-04,14,8,4-2-1,13700,57,57,137.0
2026-02-04,14,9,1-6-5,4440,18,18,44.4
2026-02-04,14,10,1-4-2,2660,8,8,26.6
2026-02-04,14,11,3-1-5,7810,21,21,78.1
2026-02-04,14,12,1-2-5,1270,5,5,12.7
2026-02-05,04,1,5-1-2,7860,28,28,78.6
2026-02-05,04,2,1-2-4,1760,1,1,17.6
2026-02-05,04,3,4-2-6,4300,16,16,43.0
2026-02-05,04,4,1-2-5,3550,12,12,35.5
2026-02-05,04,5,2-1-3,10600,36,36,106.0
2026-02-05,04,6,4-5-6,1300,1,1,13.0
2026-02-05,04,7,5-4-6,7690,27,27,76.9
2026-02-05,04,8,1-4-6,3340,17,18,33.4
2026-02-05,04,9,5-1-4,33910,92,92,339.1
2026-02-05,04,10,1-6-2,7880,28,28,78.8
2026-02-05,04,11,1-2-6,5860,22,22,58.6
2026-02-05,04,12,1-2-3,1800,6,6,18.0
2026-02-05,14,1,1-3-6,3880,15,15,38.8
2026-02-05,14,2,3-2-6,10950,28,28,109.5
2026-02-05,14,3,6-1-2,9270,29,29,92.7
2026-02-05,14,4,1-2-6,1520,4,4,15.2
2026-02-05,14,5,1-4-2,1680,7,7,16.8
2026-02-05,14,6,1-4-3,1100,6,6,21.5
2026-02-05,14,7,1-4-3,1580,7,6,15.8
2026-02-05,14,8,3-5-4,20160,44,44,201.6
2026-02-05,14,9,3-4-1,18230,51,51,182.3
2026-02-05,14,10,1-4-3,1110,2,2,11.1
2026-02-05,14,11,1-3-5,1670,6,6,16.7
2026-02-05,14,12,1-4-3,1760,2,2,17.6
2026-02-06,02,1,5-6-1,52240,80,80,522.4
2026-02-06,02,2,4-2-3,2430,8,8,24.3
2026-02-06,02,3,1-4-6,2440,8,9,24.4
2026-02-06,02,4,2-3-4,4940,18,18,49.4
2026-02-06,02,5,2-1-4,6250,22,22,62.5
2026-02-06,02,6,3-4-2,8850,43,43,88.5
2026-02-06,02,7,1-2-6,15000,30,30,150.0
2026-02-06,02,8,3-6-2,28840,70,70,288.4
2026-02-06,02,9,1-2-3,990,2,2,9.9
2026-02-06,02,10,1-3-6,4140,16,16,41.4
2026-02-06,02,11,1-5-3,1880,5,5,18.8
2026-02-06,02,12,5-1-4,8650,31,31,86.5
2026-02-06,04,1,1-6-4,11820,44,44,118.2
2026-02-06,04,2,5-2-1,3430,12,12,34.3
2026-02-06,04,3,1-5-6,14610,54,54,146.1
2026-02-06,04,4,3-2-1,4330,19,19,43.3
2026-02-06,04,5,1-2-6,1150,4,4,11.5
2026-02-06,04,6,2-1-6,6040,20,20,60.4
2026-02-06,04,7,4-1-3,4240,16,16,42.4
2026-02-06,04,8,1-4-6,1000,4,4,10.0
2026-02-06,04,9,2-1-4,1320,1,1,13.2
2026-02-06,04,10,6-1-5,2550,8,8,25.5
2026-02-06,04,11,5-6-2,1360,32,4,74.9
2026-02-06,04,12,3-2-6,9490,29,29,94.9
2026-02-07,02,1,1-2-5,850,2,2,8.5
2026-02-07,02,2,3-2-4,2650,6,6,26.5
2026-02-07,02,3,2-3-4,2050,5,5,20.5
2026-02-07,02,4,2-1-4,1070,2,2,10.7
2026-02-07,02,5,4-1-5,1270,2,2,12.7
2026-02-07,02,6,3-6-4,8610,26,26,86.1
2026-02-07,02,7,4-1-2,8510,26,26,85.1
2026-02-07,02,8,6-1-2,18110,89,88,181.1
2026-02-07,02,9,3-5-2,24090,61,61,240.9
2026-02-07,02,10,5-4-6,8910,40,40,89.1
2026-02-07,02,11,3-5-4,8440,38,38,84.4
2026-02-07,02,12,1-3-5,780,1,1,7.8
2026-02-07,04,1,6-2-4,18100,75,75,181.0
2026-02-07,04,2,4-2-3,7120,31,31,71.2
2026-02-07,04,3,3-2-6,14100,52,52,141.0
2026-02-07,04,4,4-2-1,2510,5,5,25.1
2026-02-07,04,5,4-1-6,6840,31,31,68.4
2026-02-07,04,6,3-1-4,2950,7,7,29.5
2026-02-07,04,7,5-3-4,5290,30,30,52.9
2026-02-07,04,8,1-6-5,17110,77,77,171.1
2026-02-07,04,9,5-2-1,9090,71,30,222.6
2026-02-07,04,10,1-5-3,8710,30,30,87.1
2026-02-07,04,11,1-3-4,1060,2,2,10.6
2026-02-07,04,12,1-6-2,5590,21,21,55.9
2026-02-08,02,1,1-3-2,6960,29,29,69.6
2026-02-08,02,2,3-5-4,3680,19,19,36.8
2026-02-08,02,3,1-3-2,5280,13,13,52.8
2026-02-08,02,4,4-3-5,5250,23,23,52.5
2026-02-08,02,5,4-1-5,2200,8,8,22.0
2026-02-08,02,6,1-4-6,1090,1,1,10.9
2026-02-08,02,7,1-4-6,850,1,1,8.5
2026-02-08,02,8,5-3-1,2830,12,12,28.3
2026-02-08,02,9,1-5-2,4690,12,12,46.9
2026-02-08,02,10,2-5-1,4710,19,19,47.1
2026-02-08,02,11,1-2-5,1610,7,7,16.1
2026-02-08,02,12,4-1-6,60810,73,73,608.1
2026-02-08,03,1,1-4-2,950,2,2,9.5
2026-02-08,03,2,1-4-5,20380,74,74,203.8
2026-02-08,03,3,1-3-2,1480,4,4,14.8
2026-02-08,03,4,1-5-4,3860,18,18,38.6
2026-02-08,03,5,1-3-6,6200,28,28,62.0
2026-02-08,03,6,1-4-6,2370,6,6,23.7
2026-02-08,03,7,1-3-5,2030,4,4,20.3
2026-02-08,03,8,5-6-1,20740,57,57,207.4
2026-02-08,03,9,1-2-3,1050,1,1,10.5
2026-02-08,03,10,4-1-3,4700,21,21,47.0
2026-02-08,03,11,1-6-5,4990,21,21,49.9
2026-02-08,03,12,1-2-3,980,1,1,9.8
2026-02-09,02,1,3-1-5,7230,32,32,72.3
2026-02-09,02,2,2-1-4,18910,47,47,189.1
2026-02-09,02,3,3-2-1,2850,9,9,28.5
2026-02-09,02,4,6-1-5,5380,21,21,53.8
2026-02-09,02,5,1-4-6,970,1,1,9.7
2026-02-09,02,6,5-1-3,11000,51,51,110.0
2026-02-09,02,7,1-4-3,1090,3,3,10.9
2026-02-09,02,8,1-3-2,1620,5,5,16.2
2026-02-09,02,9,5-4-6,28100,51,51,281.0
2026-02-09,02,10,6-1-4,10220,45,45,102.2
2026-02-09,02,11,6-2-1,24640,50,50,246.4
2026-02-09,02,12,2-1-5,3780,14,14,37.8
2026-02-09,03,1,1-2-4,1830,4,4,18.3
2026-02-09,03,2,2-1-3,1100,8,3,27.8
2026-02-09,03,3,4-2-3,12010,44,44,120.1
2026-02-09,03,4,5-2-6,8290,28,28,82.9
2026-02-09,03,5,5-4-6,5740,24,24,57.4
2026-02-09,03,6,5-6-3,7150,32,32,71.5
2026-02-09,03,7,4-1-2,4300,18,18,43.0
2026-02-09,03,8,1-3-2,1070,2,2,10.7
2026-02-09,03,9,5-1-4,2410,8,8,24.1
2026-02-09,03,10,1-2-5,1070,1,1,10.7
2026-02-09,03,11,1-3-5,1270,1,1,12.7
2026-02-09,03,12,1-3-2,2550,9,9,25.5
2026-02-10,02,1,3-5-2,5920,30,30,59.2
2026-02-10,02,2,2-4-6,11400,54,54,114.0
2026-02-10,02,3,1-4-2,2170,7,7,21.7
2026-02-10,02,4,5-1-3,2310,7,7,23.1
2026-02-10,02,5,4-6-1,3040,14,14,30.4
2026-02-10,02,6,2-3-5,1430,1,1,14.3
2026-02-10,02,7,1-6-3,2010,4,4,20.1
2026-02-10,02,8,2-5-1,8980,40,40,89.8
2026-02-10,02,9,2-1-3,2800,7,7,28.0
2026-02-10,02,10,1-4-6,7000,24,24,70.0
2026-02-10,02,11,1-2-6,1380,4,4,13.8
2026-02-10,02,12,1-4-6,6790,18,18,67.9
2026-02-10,03,1,1-4-6,3460,13,13,34.6
2026-02-10,03,2,3-2-6,1560,22,5,58.4
2026-02-10,03,3,1-4-2,1280,3,3,12.8
2026-02-10,03,4,2-4-5,2560,7,7,25.6
2026-02-10,03,5,1-3-4,5560,16,16,55.6
2026-02-10,03,6,2-6-3,6560,25,25,65.6
2026-02-10,03,7,3-6-1,14420,49,49,144.2
2026-02-10,03,8,5-1-6,16130,69,69,161.3
2026-02-10,03,9,1-2-5,1620,5,5,16.2
2026-02-10,03,10,5-1-4,6640,26,26,66.4
2026-02-10,03,11,2-1-6,32040,56,56,320.4
2026-02-10,03,12,1-2-4,560,1,1,5.6
2026-02-11,02,1,1-6-3,31660,55,55,316.6
2026-02-11,02,2,3-6-4,2130,4,4,21.3
2026-02-11,02,3,1-2-4,960,1,1,9.6
2026-02-11,02,4,1-2-3,780,1,1,7.8
2026-02-11,02,5,1-2-3,2130,4,4,21.3
2026-02-11,02,6,2-1-4,1950,6,6,19.5
2026-02-11,02,7,3-4-1,7620,21,21,76.2
2026-02-11,02,8,3-1-5,10970,41,41,109.7
2026-02-11,02,9,1-2-3,1420,1,1,14.2
2026-02-11,02,10,1-2-3,910,1,1,9.1
2026-02-11,02,11,1-2-3,1560,2,2,15.6
2026-02-11,02,12,1-3-6,2850,8,8,28.5
2026-02-11,03,1,3-2-1,5180,20,20,51.8
2026-02-11,03,2,1-3-2,5030,21,21,50.3
2026-02-11,03,3,4-3-2,16120,51,51,161.2
2026-02-11,03,4,3-4-1,14310,54,54,143.1
2026-02-11,03,5,2-4-3,2350,8,8,23.5
2026-02-11,03,6,1-2-3,1370,4,4,13.7
2026-02-11,03,7,4-1-3,13340,46,46,133.4
2026-02-11,03,8,1-3-4,950,1,1,9.5
2026-02-11,03,9,1-5-2,2160,8,8,21.6
2026-02-11,03,10,1-4-5,850,2,2,8.5
2026-02-11,03,11,1-2-3,1620,8,8,16.2
2026-02-11,03,12,1-3-4,720,1,1,7.2
2026-02-11,14,1,3-2-1,16900,45,45,169.0
2026-02-11,14,2,1-3-2,1090,4,4,10.9
2026-02-11,14,3,1-2-3,2830,13,13,28.3
2026-02-11,14,4,4-3-1,49580,102,102,495.8
2026-02-11,14,5,1-4-2,1390,2,2,13.9
2026-02-11,14,6,3-4-6,13310,48,48,133.1
2026-02-11,14,7,1-3-2,3300,11,11,33.0
2026-02-11,14,8,1-3-6,2560,7,7,25.6
2026-02-11,14,9,2-1-5,9760,42,42,97.6
2026-02-11,14,10,4-3-1,2980,7,7,29.8
2026-02-11,14,11,1-4-6,1840,5,5,18.4
2026-02-11,14,12,3-1-4,4700,16,16,47.0
2026-02-12,03,1,5-1-2,3140,13,13,31.4
2026-02-12,03,2,3-1-2,24070,58,58,240.7
2026-02-12,03,3,3-6-1,5720,22,22,57.2
2026-02-12,03,4,1-2-3,720,1,1,7.2
2026-02-12,03,5,2-1-5,2340,7,7,23.4
2026-02-12,03,6,1-4-3,1310,2,2,13.1
2026-02-12,03,7,1-2-3,1300,4,4,13.0
2026-02-12,03,8,1-5-2,1080,2,2,10.8
2026-02-12,03,9,4-1-2,16070,40,40,160.7
2026-02-12,03,10,3-5-1,20310,65,65,203.1
2026-02-12,03,11,2-4-1,13350,43,43,133.5
2026-02-12,03,12,3-2-6,26070,69,69,260.7
2026-02-12,04,1,1-2-3,2810,7,7,28.1
2026-02-12,04,2,6-3-2,13490,72,46,188.9
2026-02-12,04,3,1-4-3,5340,22,22,53.4
2026-02-12,04,4,1-2-5,1030,1,1,10.3
2026-02-12,04,5,4-1-5,5290,17,17,52.9
2026-02-12,04,6,4-3-5,26480,74,74,264.8
2026-02-12,04,7,2-4-6,3630,10,10,36.3
2026-02-12,04,8,1-4-5,1440,5,5,14.4
2026-02-12,04,9,4-2-6,2930,51,14,183.2
2026-02-12,04,10,1-2-3,840,1,1,8.4
2026-02-12,04,11,3-1-4,2850,10,10,28.5
2026-02-12,04,12,1-6-5,11230,45,45,112.3
2026-02-12,14,1,1-2-4,490,1,1,4.9
2026-02-12,14,2,1-4-3,3930,14,14,39.3
2026-02-12,14,3,1-3-2,790,2,2,7.9
2026-02-12,14,4,4-5-1,1050,3,3,10.5
2026-02-12,14,5,2-3-5,10040,34,34,100.4
2026-02-12,14,6,1-2-3,1260,2,2,12.6
2026-02-12,14,7,3-2-6,4940,17,17,49.4
2026-02-12,14,8,4-6-5,15870,69,69,158.7
2026-02-12,14,9,1-5-2,3550,15,15,35.5
2026-02-12,14,10,1-4-3,18630,52,52,186.3
2026-02-12,14,11,1-2-5,1740,4,4,17.4
2026-02-12,14,12,2-5-6,16150,44,44,161.5
2026-02-13,04,1,4-5-1,14440,49,49,144.4
2026-02-13,04,2,1-2-3,4250,18,18,42.5
2026-02-13,04,3,4-2-1,5910,24,24,59.1
2026-02-13,04,4,4-6-2,32190,98,98,321.9
2026-02-13,04,5,1-4-2,1470,4,4,14.7
2026-02-13,04,6,1-5-3,6620,26,26,66.2
2026-02-13,04,7,1-6-2,4320,19,19,43.2
2026-02-13,04,8,1-3-4,790,1,1,7.9
2026-02-13,04,9,2-3-6,2350,5,5,23.5
2026-02-13,04,10,1-5-3,8800,26,26,88.0
2026-02-13,04,11,2-5-1,23890,57,57,238.9
2026-02-13,04,12,2-3-4,19080,52,52,190.8
2026-02-13,14,1,1-6-4,1520,8,8,15.2
2026-02-13,14,2,1-4-3,3290,10,10,32.9
2026-02-13,14,3,2-4-5,12410,56,56,124.1
2026-02-13,14,4,1-4-3,1170,2,2,11.7
2026-02-13,14,5,5-2-1,4010,14,14,40.1
2026-02-13,14,6,4-5-6,3230,9,9,32.3
2026-02-13,14,7,1-5-4,1500,3,3,15.0
2026-02-13,14,8,1-3-2,1820,4,4,18.2
2026-02-13,14,9,1-3-2,4130,16,16,41.3
2026-02-13,14,10,4-2-1,2820,10,10,28.2
2026-02-13,14,11,1-3-5,2250,7,7,22.5
2026-02-13,14,12,3-5-6,57550,86,86,575.5
2026-02-14,04,1,3-6-5,10790,45,45,107.9
2026-02-14,04,2,1-2-5,3490,11,11,34.9
2026-02-14,04,3,3-2-1,7700,29,29,77.0
2026-02-14,04,4,1-5-6,1350,1,1,13.5
2026-02-14,04,5,1-4-5,1550,5,5,15.5
2026-02-14,04,6,1-5-4,9450,33,33,94.5
2026-02-14,04,7,2-6-3,130870,105,105,1308.0
2026-02-14,04,8,3-1-4,3260,10,10,32.6
2026-02-14,04,9,4-5-6,11670,49,49,116.7
2026-02-14,04,10,1-3-4,8700,40,40,87.0
2026-02-14,04,11,1-4-3,2000,5,5,20.0
2026-02-14,04,12,1-2-4,1000,3,2,10.0
2026-02-14,14,1,1-6-2,6070,21,21,60.7
2026-02-14,14,2,2-6-1,44050,91,91,440.5
2026-02-14,14,3,4-1-2,6980,25,25,69.8
2026-02-14,14,4,5-6-1,2300,4,4,23.0
2026-02-14,14,5,4-2-1,5510,19,19,55.1
2026-02-14,14,6,5-1-4,2260,9,9,22.6
2026-02-14,14,7,1-3-4,1260,3,3,12.6
2026-02-14,14,8,2-5-3,57920,83,83,579.2
2026-02-14,14,9,4-3-2,12070,45,45,120.7
2026-02-14,14,10,2-1-3,1050,3,3,10.5
2026-02-14,14,11,2-3-4,1930,7,7,19.3
2026-02-14,14,12,1-4-6,2360,9,9,23.6
2026-02-15,04,1,1-3-6,13690,43,43,136.9
2026-02-15,04,2,3-2-1,6710,34,34,67.1
2026-02-15,04,3,2-1-3,1760,5,5,17.6
2026-02-15,04,4,6-3-1,68440,100,100,684.4
2026-02-15,04,5,4-2-3,13510,34,34,135.1
2026-02-15,04,6,1-4-2,1650,4,4,16.5
2026-02-15,04,7,5-2-6,24190,75,75,241.9
2026-02-15,04,8,1-2-3,2660,9,9,26.6
2026-02-15,04,9,2-3-1,1360,4,4,13.6
2026-02-15,04,10,1-4-5,5050,19,19,50.5
2026-02-15,04,11,4-3-1,9590,31,31,95.9
2026-02-15,04,12,1-3-4,650,1,1,6.5
2026-02-16,04,1,1-3-5,2260,6,6,22.6
2026-02-16,04,2,3-4-1,5820,28,28,58.2
2026-02-16,04,3,4-3-5,4350,16,16,43.5
2026-02-16,04,4,1-4-6,4240,18,18,42.4
2026-02-16,04,5,1-4-3,1460,5,5,14.6
2026-02-16,04,6,1-2-6,4630,19,19,46.3
2026-02-16,04,7,4-2-6,3690,14,14,36.9
2026-02-16,04,8,1-3-2,1360,5,5,13.6
2026-02-16,04,9,1-6-2,2850,9,9,28.5
2026-02-16,04,10,1-6-4,4460,19,19,44.6
2026-02-16,04,11,1-6-3,5310,16,16,53.1
2026-02-16,04,12,1-4-5,2560,9,9,25.6
2026-02-17,04,1,2-5-3,30650,77,77,306.5
2026-02-17,04,2,4-3-6,22350,93,93,223.5
2026-02-17,04,3,1-4-2,3600,15,15,36.0
2026-02-17,04,4,4-1-3,3820,17,17,38.2
2026-02-17,04,5,6-3-2,16490,80,80,164.9
2026-02-17,04,6,4-3-5,4770,21,21,47.7
2026-02-17,04,7,1-2-5,920,1,1,9.2
2026-02-17,04,8,3-2-5,15360,46,46,153.6
2026-02-17,04,9,5-1-2,5480,20,20,54.8
2026-02-17,04,10,3-2-1,4650,21,21,46.5
2026-02-17,04,11,4-5-6,6220,25,25,62.2
2026-02-17,04,12,1-4-5,2620,9,9,26.2
2026-02-18,03,1,1-2-4,1130,1,1,11.3
2026-02-18,03,2,2-1-4,3600,12,12,36.0
2026-02-18,03,3,2-6-3,31190,95,95,311.9
2026-02-18,03,4,3-2-5,8330,32,32,83.3
2026-02-18,03,5,1-2-4,1200,2,2,12.0
2026-02-18,03,6,1-2-3,1210,3,3,12.1
2026-02-18,03,7,1-3-5,1020,2,2,10.2
2026-02-18,03,8,1-3-5,2600,8,8,26.0
2026-02-18,03,9,3-2-4,13620,48,48,136.2
2026-02-18,03,10,1-5-4,4710,18,18,47.1
2026-02-18,03,11,3-2-4,2050,45,6,173.2
2026-02-18,03,12,3-2-4,3330,55,10,208.3
2026-02-18,22,1,1-3-2,900,3,3,9.0
2026-02-18,22,2,4-5-3,52160,70,70,521.6
2026-02-18,22,3,3-5-4,1620,6,6,16.2
2026-02-18,22,4,3-1-2,2920,9,9,29.2
2026-02-18,22,5,1-2-4,710,1,1,7.1
2026-02-18,22,6,1-4-2,850,2,2,8.5
2026-02-18,22,7,2-1-6,3040,10,10,30.4
2026-02-18,22,8,1-4-3,1270,3,3,12.7
2026-02-18,22,9,6-1-2,27900,38,38,279.0
2026-02-18,22,10,1-5-3,3830,13,13,38.3
2026-02-18,22,11,1-2-4,800,1,1,8.0
2026-02-18,22,12,1-2-4,1480,5,5,14.8
2026-02-19,03,1,1-5-3,3030,11,11,30.3
2026-02-19,03,2,1-3-5,850,1,1,8.5
2026-02-19,03,3,1-4-5,2820,6,6,28.2
2026-02-19,03,4,1-2-3,1290,2,2,12.9
2026-02-19,03,5,1-3-5,1470,3,3,14.7
2026-02-19,03,6,4-5-1,25440,67,67,254.4
2026-02-19,03,7,1-5-4,2400,5,5,24.0
2026-02-19,03,8,4-1-3,4810,17,17,48.1
2026-02-19,03,9,1-4-3,1910,2,2,19.1
2026-02-19,03,10,2-3-6,44830,81,81,448.3
2026-02-19,03,11,1-5-2,2010,6,6,20.1
2026-02-19,03,12,1-3-5,1440,6,6,14.4
2026-02-19,22,1,4-5-1,1740,8,8,17.4
2026-02-19,22,2,1-4-2,1390,5,5,13.9
2026-02-19,22,3,1-3-5,2510,10,10,25.1
2026-02-19,22,4,3-1-6,5080,20,20,50.8
2026-02-19,22,5,3-1-2,5480,22,22,54.8
2026-02-19,22,6,1-6-2,2360,8,8,23.6
2026-02-19,22,7,1-2-6,530,2,2,5.3
2026-02-19,22,8,1-4-2,560,2,2,5.6
2026-02-19,22,9,2-1-5,3470,11,11,34.7
2026-02-19,22,10,1-4-6,1350,4,4,13.5
2026-02-19,22,11,1-3-5,2040,8,8,20.4
2026-02-19,22,12,1-2-4,860,2,2,8.6
2026-02-20,03,1,2-1-4,1680,4,4,16.8
2026-02-20,03,2,2-6-3,16740,55,55,167.4
2026-02-20,03,3,1-2-4,1300,3,3,13.0
2026-02-20,03,4,1-3-6,2780,7,7,27.8
2026-02-20,03,5,1-3-4,2870,11,11,28.7
2026-02-20,03,6,2-1-3,3370,13,13,33.7
2026-02-20,03,7,1-2-5,1250,3,3,12.5
2026-02-20,03,8,1-3-5,1800,6,6,18.0
2026-02-20,03,9,4-3-2,92430,107,107,924.3
2026-02-20,03,10,1-4-3,2620,10,10,26.2
2026-02-20,03,11,5-6-1,29050,92,92,290.5
2026-02-20,03,12,1-4-6,3030,12,12,30.3
2026-02-20,22,1,1-2-6,900,3,3,9.0
2026-02-20,22,2,1-5-4,1900,4,4,19.0
2026-02-20,22,3,1-4-2,2080,8,8,20.8
2026-02-20,22,4,3-2-4,5520,25,25,55.2
2026-02-20,22,5,2-3-6,3120,13,13,31.2
2026-02-20,22,6,1-2-4,4630,17,17,46.3
2026-02-20,22,7,3-6-2,26240,49,49,262.4
2026-02-20,22,8,2-4-6,5110,19,19,51.1
2026-02-20,22,9,1-2-4,3060,10,10,30.6
2026-02-20,22,10,3-4-1,2110,11,11,21.1
2026-02-20,22,11,1-5-2,1970,7,7,19.7
2026-02-20,22,12,1-4-6,3800,11,11,38.0
2026-02-21,03,1,1-2-3,710,2,2,7.1
2026-02-21,03,2,2-1-4,3590,13,13,35.9
2026-02-21,03,3,2-3-6,15810,44,44,158.1
2026-02-21,03,4,4-3-1,10750,31,31,107.5
2026-02-21,03,5,1-2-3,550,1,1,5.5
2026-02-21,03,6,2-5-6,11000,34,34,110.0
2026-02-21,03,7,1-2-4,650,1,1,6.5
2026-02-21,03,8,1-2-3,910,1,1,9.1
2026-02-21,03,9,3-4-5,13180,45,45,131.8
2026-02-21,03,10,2-1-3,19510,51,51,195.1
2026-02-21,03,11,2-1-6,3510,13,13,35.1
2026-02-21,03,12,1-2-6,7770,28,28,77.7
2026-02-21,04,1,2-1-3,880,3,3,8.8
2026-02-21,04,2,3-1-5,6030,27,27,60.3
2026-02-21,04,3,1-3-2,5680,22,22,56.8
2026-02-21,04,4,3-4-2,33640,76,76,336.4
2026-02-21,04,5,1-6-2,2870,12,12,28.7
2026-02-21,04,6,4-5-3,8740,35,35,87.4
2026-02-21,04,7,4-1-6,7270,31,31,72.7
2026-02-21,04,8,4-1-3,1630,7,7,16.3
2026-02-21,04,9,5-1-3,18150,51,51,181.5
2026-02-21,04,10,1-3-2,740,2,2,7.4
2026-02-21,04,11,3-4-2,6960,24,24,69.6
2026-02-21,04,12,1-5-2,2740,5,5,27.4
2026-02-21,22,1,4-3-1,3290,12,12,32.9
2026-02-21,22,2,1-4-2,4120,15,15,41.2
2026-02-21,22,3,1-2-4,2820,12,13,28.2
2026-02-21,22,4,1-2-3,640,1,1,6.4
2026-02-21,22,5,1-2-3,300,1,1,3.0
2026-02-21,22,6,2-3-4,4070,15,15,40.7
2026-02-21,22,7,1-2-3,4440,18,18,44.4
2026-02-21,22,8,2-4-1,6070,22,22,60.7
2026-02-21,22,9,2-1-3,830,3,3,8.3
2026-02-21,22,10,1-3-2,1240,5,5,12.4
2026-02-21,22,11,3-2-1,4130,15,15,41.3
2026-02-21,22,12,1-2-4,700,1,1,7.0
2026-02-22,03,1,4-5-6,14310,43,43,143.1
2026-02-22,03,2,2-3-1,11360,41,41,113.6
2026-02-22,03,3,3-1-6,4590,16,16,45.9
2026-02-22,03,4,1-3-5,2680,9,9,26.8
2026-02-22,03,5,1-2-4,1140,1,1,11.4
2026-02-22,03,6,5-1-3,20790,46,46,207.9
2026-02-22,03,7,1-2-6,5430,18,18,54.3
2026-02-22,03,8,6-1-2,20520,71,71,205.2
2026-02-22,03,9,1-3-2,1080,3,3,10.8
2026-02-22,03,10,2-1-4,3520,13,13,35.2
2026-02-22,03,11,2-1-6,4520,17,17,45.2
2026-02-22,03,12,3-4-2,3680,70,20,514.1
2026-02-22,04,1,4-2-3,2880,9,9,28.8
2026-02-22,04,2,3-5-2,4910,18,18,49.1
2026-02-22,04,3,5-2-3,3250,14,14,32.5
2026-02-22,04,4,1-4-5,2650,11,11,26.5
2026-02-22,04,5,1-2-6,1330,3,3,13.3
2026-02-22,04,6,3-2-5,1950,5,5,19.5
2026-02-22,04,7,1-3-6,1250,2,2,12.5
2026-02-22,04,8,1-4-2,780,1,1,7.8
2026-02-22,04,9,5-1-4,1980,6,6,19.8
2026-02-22,04,10,1-2-6,870,3,3,8.7
2026-02-22,04,11,1-2-3,740,1,1,7.4
2026-02-22,04,12,3-2-6,25840,57,57,258.4
2026-02-22,22,1,1-2-4,1130,4,4,11.3
2026-02-22,22,2,1-5-2,1140,3,3,11.4
2026-02-22,22,3,1-2-3,480,1,1,4.8
2026-02-22,22,4,3-5-1,27920,52,52,279.2
2026-02-22,22,5,2-1-6,1600,5,5,16.0
2026-02-22,22,6,1-5-4,1360,6,6,13.6
2026-02-22,22,7,1-3-4,410,1,1,4.1
2026-02-22,22,8,1-3-4,610,1,1,6.1
2026-02-22,22,9,1-2-6,3240,11,11,32.4
2026-02-22,22,10,2-4-1,4220,15,15,42.2
2026-02-22,22,11,1-3-2,720,2,2,7.2
2026-02-22,22,12,1-3-5,1530,7,7,15.3
2026-02-23,04,1,3-4-6,3330,14,14,33.3
2026-02-23,04,2,2-3-4,940,1,1,9.4
2026-02-23,04,3,5-6-3,4360,15,15,43.6
2026-02-23,04,4,1-2-5,5760,23,23,57.6
2026-02-23,04,5,4-1-5,2840,12,12,28.4
2026-02-23,04,6,5-1-6,11320,31,31,113.2
2026-02-23,04,7,2-1-4,2880,11,11,28.8
2026-02-23,04,8,1-2-3,2100,9,9,21.0
2026-02-23,04,9,6-1-3,8290,27,27,82.9
2026-02-23,04,10,3-1-5,8330,32,32,83.3
2026-02-23,04,11,1-3-2,1730,5,5,17.3
2026-02-23,04,12,1-5-3,1280,2,2,12.8
2026-02-23,22,1,1-4-2,1480,4,4,14.8
2026-02-23,22,2,1-3-2,1520,5,5,15.2
2026-02-23,22,3,2-3-4,1270,1,1,12.7
2026-02-23,22,4,2-3-5,6290,22,22,62.9
2026-02-23,22,5,1-5-2,1650,5,5,16.5
2026-02-23,22,6,1-2-5,690,2,2,6.9
2026-02-23,22,7,4-1-2,23180,37,37,231.8
2026-02-23,22,8,2-1-5,8710,28,28,87.1
2026-02-23,22,9,1-3-2,1220,4,4,12.2
2026-02-23,22,10,1-2-3,910,3,3,9.1
2026-02-23,22,11,1-3-5,1750,6,6,17.5
2026-02-23,22,12,1-2-6,3450,10,10,34.5
2026-02-24,03,1,5-1-2,25180,65,65,251.8
2026-02-24,03,2,1-5-6,4120,16,16,41.2
2026-02-24,03,3,4-1-6,5040,19,19,50.4
2026-02-24,03,4,1-6-2,3350,11,11,33.5
2026-02-24,03,5,4-2-6,5140,22,22,51.4
2026-02-24,03,6,1-5-2,3880,15,15,38.8
2026-02-24,03,7,1-2-5,2050,5,5,20.5
2026-02-24,03,8,1-2-5,2650,8,8,26.5
2026-02-24,03,9,1-6-2,2000,6,6,20.0
2026-02-24,03,10,1-4-3,1570,6,6,15.7
2026-02-24,03,11,1-4-5,2700,11,11,27.0
2026-02-24,03,12,5-1-6,16420,44,44,164.2
2026-02-24,04,1,6-1-3,29260,55,55,292.6
2026-02-24,04,2,1-6-3,37510,78,78,375.1
2026-02-24,04,3,4-2-5,4450,19,19,44.5
2026-02-24,04,4,1-4-3,1140,3,4,11.4
2026-02-24,04,5,1-2-4,1400,5,5,14.0
2026-02-24,04,6,1-5-2,740,3,3,7.4
2026-02-24,04,7,5-1-2,5640,22,22,56.4
2026-02-24,04,8,1-3-4,1850,7,7,18.5
2026-02-24,04,9,1-5-2,1130,3,3,11.3
2026-02-24,04,10,1-4-6,3690,13,13,36.9
2026-02-24,04,11,1-4-2,2770,14,14,27.7
2026-02-24,04,12,4-6-1,57130,71,71,571.3
2026-02-24,14,1,1-2-3,1180,3,3,11.8
2026-02-24,14,2,3-5-2,31200,85,85,312.0
2026-02-24,14,3,3-5-2,25720,73,73,257.2
2026-02-24,14,4,1-2-6,2780,4,4,27.8
2026-02-24,14,5,1-4-5,1500,4,4,15.0
2026-02-24,14,6,5-3-2,70480,90,90,704.8
2026-02-24,14,7,1-2-5,1000,1,1,10.0
2026-02-24,14,8,3-2-5,6200,24,24,62.0
2026-02-24,14,9,1-4-5,2610,7,7,26.1
2026-02-24,14,10,2-1-4,4520,16,16,45.2
2026-02-24,14,11,1-2-3,1220,3,3,12.2
2026-02-24,14,12,1-3-2,650,1,1,6.5
2026-02-25,02,1,4-5-6,13140,53,53,131.4
2026-02-25,02,2,5-1-4,5920,28,28,59.2
2026-02-25,02,3,5-6-1,16200,62,62,162.0
2026-02-25,02,4,3-2-6,5750,20,20,57.5
2026-02-25,02,5,1-2-6,4640,18,18,46.4
2026-02-25,02,6,2-3-1,7500,33,33,75.0
2026-02-25,02,7,1-6-3,4030,13,13,40.3
2026-02-25,02,8,4-6-3,75980,99,99,759.8
2026-02-25,02,9,3-4-2,3520,11,11,35.2
2026-02-25,02,10,1-2-5,1830,7,7,18.3
2026-02-25,02,11,1-6-3,22890,76,76,228.9
2026-02-25,02,12,3-5-2,6600,23,23,66.0
2026-02-25,04,1,1-4-3,2780,9,9,27.8
2026-02-25,04,2,4-6-2,26650,91,91,266.5
2026-02-25,04,3,4-5-3,7240,38,38,72.4
2026-02-25,04,4,6-1-2,4210,15,15,42.1
2026-02-25,04,5,5-6-4,10700,40,40,107.0
2026-02-25,04,6,4-1-5,3170,11,11,31.7
2026-02-25,04,7,1-6-4,3470,14,14,34.7
2026-02-25,04,8,1-4-6,6710,19,19,67.1
2026-02-25,04,9,1-4-2,1240,3,3,12.4
2026-02-25,04,10,3-5-1,26860,52,52,268.6
2026-02-25,04,11,5-1-4,40840,100,100,408.4
2026-02-25,04,12,1-2-3,930,2,2,9.3
2026-02-25,14,1,1-2-3,1460,3,3,14.6
2026-02-25,14,2,3-5-2,4530,18,18,45.3
2026-02-25,14,3,4-1-3,14940,61,61,149.4
2026-02-25,14,4,2-3-4,10790,37,37,107.9
2026-02-25,14,5,1-3-2,1160,3,3,11.6
2026-02-25,14,6,4-1-5,2800,13,13,28.0
2026-02-25,14,7,3-2-1,8760,42,42,87.6
2026-02-25,14,8,1-2-3,1380,3,3,13.8
2026-02-25,14,9,1-3-2,910,2,2,9.1
2026-02-25,14,10,3-1-4,1200,2,2,12.0
2026-02-25,14,11,1-2-3,1320,2,2,13.2
2026-02-25,14,12,1-2-6,1410,6,6,14.1
2026-02-26,02,1,2-6-4,2980,8,7,29.8
2026-02-26,02,2,2-4-1,5110,20,20,51.1
2026-02-26,02,3,5-1-2,1290,20,2,55.0
2026-02-26,02,4,1-5-4,3160,14,14,31.6
2026-02-26,02,5,3-4-5,6680,22,22,66.8
2026-02-26,02,6,1-5-4,11290,58,58,112.9
2026-02-26,02,7,1-3-5,2170,9,9,21.7
2026-02-26,02,8,4-3-6,7720,39,39,77.2
2026-02-26,02,9,1-3-2,1720,5,5,17.2
2026-02-26,02,10,3-1-5,2910,8,8,29.1
2026-02-26,02,11,3-5-2,8100,32,32,81.0
2026-02-26,02,12,1-2-3,940,2,2,9.4
2026-02-26,04,1,1-3-6,2880,4,4,28.8
2026-02-26,04,2,4-3-2,4740,18,18,47.4
2026-02-26,04,3,1-4-3,3740,17,17,37.4
2026-02-26,04,4,5-3-4,3490,9,9,34.9
2026-02-26,04,5,3-6-1,14450,60,60,144.5
2026-02-26,04,6,3-1-4,1840,5,5,18.4
2026-02-26,04,7,2-1-4,2010,4,4,20.1
2026-02-26,04,8,2-6-4,24250,62,62,242.5
2026-02-26,04,9,1-3-4,1070,3,3,10.7
2026-02-26,04,10,4-1-2,7620,20,20,76.2
2026-02-26,04,11,1-2-3,1270,4,4,12.7
2026-02-26,04,12,1-4-6,2930,12,12,29.3
2026-02-26,14,1,1-4-2,2890,10,10,28.9
2026-02-26,14,2,2-3-1,4480,16,17,44.8
2026-02-26,14,3,2-1-4,1960,6,6,19.6
2026-02-26,14,4,1-3-2,3870,17,17,38.7
2026-02-26,14,5,4-2-6,19680,45,45,196.8
2026-02-26,14,6,1-3-5,9050,27,28,90.5
2026-02-26,14,7,3-6-2,37680,78,78,376.8
2026-02-26,14,8,4-6-1,27450,90,90,274.5
2026-02-26,14,9,2-6-5,14170,51,51,141.7
2026-02-26,14,10,4-3-6,5270,20,20,52.7
2026-02-26,14,11,2-3-1,11950,41,41,119.5
2026-02-26,14,12,1-3-4,750,2,2,7.5
2026-02-27,02,1,2-3-1,8260,30,30,82.6
2026-02-27,02,2,3-2-6,3070,13,13,30.7
2026-02-27,02,3,3-2-4,8840,41,41,88.4
2026-02-27,02,4,5-6-2,14220,69,69,142.2
2026-02-27,02,5,1-6-5,60950,92,92,609.5
2026-02-27,02,6,1-6-2,2060,3,3,20.6
2026-02-27,02,7,1-2-3,3110,10,10,31.1
2026-02-27,02,8,6-1-4,67860,103,103,678.6
2026-02-27,02,9,1-5-4,5790,21,21,57.9
2026-02-27,02,10,1-4-3,2160,4,4,21.6
2026-02-27,02,11,4-1-6,15700,49,49,157.0
2026-02-27,02,12,1-6-5,7600,27,27,76.0
2026-02-27,14,1,4-6-5,21590,68,68,215.9
2026-02-27,14,2,2-4-6,2380,5,5,23.8
2026-02-27,14,3,1-2-3,300,2,1,11.3
2026-02-27,14,4,3-5-4,8110,36,36,81.1
2026-02-27,14,5,1-4-2,1180,3,3,11.8
2026-02-27,14,6,1-3-5,720,1,1,7.2
2026-02-27,14,7,2-3-6,6270,22,22,62.7
2026-02-27,14,8,1-4-5,1030,2,2,10.3
2026-02-27,14,9,1-6-4,8640,23,23,86.4
2026-02-27,14,10,2-1-3,2380,6,6,23.8
2026-02-27,14,11,3-1-2,5700,19,19,57.0
2026-02-27,14,12,1-3-5,1020,3,3,10.2
2026-02-28,02,1,2-4-3,3040,10,10,30.4
2026-02-28,02,2,1-3-4,1430,2,2,14.3
2026-02-28,02,3,1-3-4,1440,2,2,14.4
2026-02-28,02,4,2-4-1,3880,16,16,38.8
2026-02-28,02,5,1-4-2,900,3,2,20.5
2026-02-28,02,6,2-4-3,5410,24,24,54.1
2026-02-28,02,7,1-3-4,2820,10,10,28.2
2026-02-28,02,8,4-3-5,6560,23,23,65.6
2026-02-28,02,9,1-4-5,7110,23,23,71.1
2026-02-28,02,10,2-1-6,8060,30,30,80.6
2026-02-28,02,11,1-2-3,930,1,1,9.3
2026-02-28,02,12,2-1-3,4450,15,15,44.5
2026-02-28,03,1,4-5-1,10870,36,36,108.7
2026-02-28,03,2,1-3-2,4140,13,13,41.4
2026-02-28,03,3,3-1-2,7800,31,31,78.0
2026-02-28,03,4,3-2-4,2680,9,9,26.8
2026-02-28,03,5,2-1-4,950,1,1,9.5
2026-02-28,03,6,2-4-6,13030,42,42,130.3
2026-02-28,03,7,3-1-6,1840,7,7,18.4
2026-02-28,03,8,2-1-6,1360,2,2,13.6
2026-02-28,03,9,4-1-5,2550,8,8,25.5
2026-02-28,03,10,4-6-1,6120,21,21,61.2
2026-02-28,03,11,3-2-5,12330,47,47,123.3
2026-02-28,03,12,1-3-4,1640,4,4,16.4
2026-02-28,14,1,3-6-1,2440,8,8,24.4
2026-02-28,14,2,4-3-6,1230,69,7,280.0
2026-02-28,14,3,1-2-4,1620,7,7,16.2
2026-02-28,14,4,2-3-1,4790,20,20,47.9
2026-02-28,14,5,1-5-2,3140,13,13,31.4
2026-02-28,14,6,6-4-5,13100,63,63,131.0
2026-02-28,14,7,4-2-1,5400,31,14,108.1
2026-02-28,14,8,2-3-6,11220,39,39,112.2
2026-02-28,14,9,4-2-5,4930,21,21,49.3
2026-02-28,14,10,1-3-5,2670,10,10,26.7
2026-02-28,14,11,1-3-2,880,2,2,8.8
2026-02-28,14,12,2-1-6,12790,29,29,127.9
2026-02-28,22,1,4-2-1,49080,42,42,490.8
2026-02-28,22,2,2-1-4,2470,8,8,24.7
2026-02-28,22,3,4-3-1,8490,30,30,84.9
2026-02-28,22,4,5-4-2,10180,39,39,101.8
2026-02-28,22,5,3-1-4,9610,42,42,96.1
2026-02-28,22,6,1-2-4,2190,9,9,21.9
2026-02-28,22,7,2-3-1,3680,16,16,36.8
2026-02-28,22,8,2-1-3,5450,16,16,54.5
2026-02-28,22,9,1-4-2,2030,6,6,20.3
2026-02-28,22,10,1-2-6,1890,5,5,18.9
2026-02-28,22,11,1-5-2,3100,10,10,31.0
2026-02-28,22,12,1-3-2,650,2,2,6.5
2026-03-01,02,1,1-5-3,9260,47,47,92.6
2026-03-01,02,2,2-4-1,4390,15,15,43.9
2026-03-01,02,3,1-2-5,1540,2,2,15.4
2026-03-01,02,4,3-5-6,18280,66,66,182.8
2026-03-01,02,5,3-2-1,9550,32,32,95.5
2026-03-01,02,6,1-2-5,1930,4,5,19.3
2026-03-01,02,7,1-2-3,720,1,1,7.2
2026-03-01,02,8,6-3-1,19650,77,77,196.5
2026-03-01,02,9,1-4-2,4060,15,15,40.6
2026-03-01,02,10,3-2-6,11760,49,49,117.6
2026-03-01,02,11,1-3-2,1210,3,3,12.1
2026-03-01,02,12,6-3-1,37180,94,94,371.8
2026-03-01,03,1,1-2-5,2100,7,7,21.0
2026-03-01,03,2,2-3-1,4220,19,19,42.2
2026-03-01,03,3,1-2-3,4180,17,17,41.8
2026-03-01,03,4,3-1-2,5630,18,18,56.3
2026-03-01,03,5,3-1-2,2150,7,7,21.5
2026-03-01,03,6,1-3-5,1830,5,5,18.3
2026-03-01,03,7,3-6-4,3360,12,12,33.6
2026-03-01,03,8,3-2-1,4340,16,16,43.4
2026-03-01,03,9,1-3-2,1100,2,2,11.0
2026-03-01,03,10,4-3-1,3360,14,14,33.6
2026-03-01,03,11,3-1-5,1880,6,6,18.8
2026-03-01,03,12,3-1-5,1860,8,8,18.6
2026-03-01,14,1,1-2-3,700,1,1,7.0
2026-03-01,14,2,1-5-6,7090,33,33,70.9
2026-03-01,14,3,4-3-1,13640,39,39,136.4
2026-03-01,14,4,1-2-4,3420,12,12,34.2
2026-03-01,14,5,4-6-5,6590,32,32,65.9
2026-03-01,14,6,1-2-5,1940,5,5,19.4
2026-03-01,14,7,5-1-3,4310,17,17,43.1
2026-03-01,14,8,4-5-1,2550,12,12,25.5
2026-03-01,14,9,3-1-2,2110,9,9,21.1
2026-03-01,14,10,3-2-5,15720,45,45,157.2
2026-03-01,14,11,1-2-3,610,1,1,6.1
2026-03-01,14,12,2-1-4,2440,8,8,24.4
2026-03-01,22,1,1-5-2,1140,6,6,11.4
2026-03-01,22,2,1-3-2,830,2,2,8.3
2026-03-01,22,3,2-1-3,1760,8,8,17.6
2026-03-01,22,4,1-6-3,860,3,3,8.6
2026-03-01,22,5,1-2-6,2960,9,9,29.6
2026-03-01,22,6,3-1-6,1370,4,4,13.7
2026-03-01,22,7,1-3-5,1780,6,6,17.8
2026-03-01,22,8,1-2-4,1150,5,5,11.5
2026-03-01,22,9,6-3-4,9920,33,33,99.2
2026-03-01,22,10,1-4-2,700,1,1,7.0
2026-03-01,22,11,2-1-4,3220,10,10,32.2
2026-03-01,22,12,1-3-5,1270,4,4,12.7
2026-03-02,03,1,1-6-2,5880,25,25,58.8
2026-03-02,03,2,1-6-2,2290,10,10,22.9
2026-03-02,03,3,1-4-5,8120,30,30,81.2
2026-03-02,03,4,4-6-3,13800,57,57,138.0
2026-03-02,03,5,3-2-5,5590,24,24,55.9
2026-03-02,03,6,1-2-4,3290,9,10,32.9
2026-03-02,03,7,4-1-2,6140,18,18,61.4
2026-03-02,03,8,4-1-3,3960,18,18,39.6
2026-03-02,03,9,1-3-4,5230,19,19,52.3
2026-03-02,03,10,6-3-5,5140,77,22,400.3
2026-03-02,03,11,1-2-5,2070,7,7,20.7
2026-03-02,03,12,1-3-6,780,2,2,7.8
2026-03-02,04,1,2-4-5,4360,16,16,43.6
2026-03-02,04,2,1-2-3,2790,12,12,27.9
2026-03-02,04,3,3-5-4,5030,28,28,50.3
2026-03-02,04,4,2-5-6,6540,72,29,210.2
2026-03-02,04,5,3-2-1,15500,29,29,155.0
2026-03-02,04,6,5-6-1,2870,9,9,28.7
2026-03-02,04,7,3-1-5,1510,6,6,15.1
2026-03-02,04,8,4-1-5,1510,5,5,15.1
2026-03-02,04,9,1-6-5,7680,33,33,76.8
2026-03-02,04,10,1-3-2,2070,6,6,20.7
2026-03-02,04,11,1-5-6,4650,21,21,46.5
2026-03-02,04,12,2-4-1,29730,64,64,297.3
2026-03-02,22,1,1-3-4,620,2,2,6.2
2026-03-02,22,2,1-2-4,830,1,1,8.3
2026-03-02,22,3,3-4-2,3560,14,14,35.6
2026-03-02,22,4,5-3-6,7210,27,27,72.1
2026-03-02,22,5,2-1-4,1780,8,8,17.8
2026-03-02,22,6,1-3-2,2010,6,6,20.1
2026-03-02,22,7,3-1-4,1620,5,5,16.2
2026-03-02,22,8,6-2-1,7540,29,29,75.4
2026-03-02,22,9,1-6-2,1130,3,3,11.3
2026-03-02,22,10,1-3-2,3560,15,15,35.6
2026-03-02,22,11,1-2-5,2110,8,8,21.1
2026-03-02,22,12,1-2-3,370,1,1,3.7
2026-03-03,03,1,1-4-3,5290,23,23,52.9
2026-03-03,03,2,2-6-3,62340,89,89,623.4
2026-03-03,03,3,1-3-2,1530,2,2,15.3
2026-03-03,03,4,1-2-3,1760,1,1,17.6
2026-03-03,03,5,1-2-5,1110,2,2,11.1
2026-03-03,03,6,2-1-5,3930,13,13,39.3
2026-03-03,03,7,4-5-3,9290,40,40,92.9
2026-03-03,03,8,1-2-4,1060,2,2,10.6
2026-03-03,03,9,1-5-3,2080,5,5,20.8
2026-03-03,03,10,1-3-5,2540,9,9,25.4
2026-03-03,03,11,4-6-3,71040,95,95,710.4
2026-03-03,03,12,1-2-4,1000,1,1,10.0
2026-03-03,04,1,5-6-3,7660,34,34,76.6
2026-03-03,04,2,2-5-4,6130,29,29,61.3
2026-03-03,04,3,4-6-3,39430,89,89,394.3
2026-03-03,04,4,1-2-5,2300,4,4,23.0
2026-03-03,04,5,1-2-3,620,1,1,6.2
2026-03-03,04,6,2-6-5,3940,14,14,39.4
2026-03-03,04,7,4-1-6,6520,26,26,65.2
2026-03-03,04,8,1-4-2,880,1,1,8.8
2026-03-03,04,9,1-5-6,2840,8,8,28.4
2026-03-03,04,10,1-3-2,1440,5,5,14.4
2026-03-03,04,11,1-5-3,2100,5,5,21.0
2026-03-03,04,12,1-6-3,1940,7,7,19.4
2026-03-03,22,1,2-1-3,2860,8,8,28.6
2026-03-03,22,2,3-1-2,9200,36,36,92.0
2026-03-03,22,3,3-1-2,1740,3,3,17.4
2026-03-03,22,4,3-4-2,2260,10,10,22.6
2026-03-03,22,5,4-2-3,2300,7,7,23.0
2026-03-03,22,6,5-1-3,188280,108,108,1882.0
2026-03-03,22,7,5-1-6,990,1,1,11.1
2026-03-03,22,8,1-2-5,670,1,1,6.7
2026-03-03,22,9,2-1-6,2090,9,8,25.5
2026-03-03,22,10,2-3-5,4240,18,18,42.4
2026-03-03,22,11,1-3-2,1060,5,5,10.6
2026-03-03,22,12,1-3-2,810,2,2,8.1
2026-03-04,04,1,2-1-5,1030,1,1,10.3
2026-03-04,04,2,4-6-1,2100,4,4,21.0
2026-03-04,04,3,1-2-5,1670,3,3,16.7
2026-03-04,04,4,2-1-4,2970,11,11,29.7
2026-03-04,04,5,1-3-4,990,3,3,9.9
2026-03-04,04,6,5-3-6,2770,8,8,27.7
2026-03-04,04,7,1-4-2,2390,6,6,23.9
2026-03-04,22,1,1-2-6,620,1,1,6.2
2026-03-04,22,2,3-1-4,7240,27,27,72.4
2026-03-04,22,3,2-3-5,960,3,3,9.6
2026-03-04,22,4,2-1-4,5810,23,23,58.1
2026-03-04,22,5,2-1-4,10630,33,33,106.3
2026-03-04,22,6,1-5-4,910,2,2,9.1
2026-03-04,22,7,6-1-4,1480,6,6,14.8
2026-03-04,22,8,3-2-4,5820,19,19,58.2
2026-03-04,22,9,1-4-3,1240,5,5,12.4
2026-03-04,22,10,3-2-5,5480,17,17,54.8
2026-03-04,22,11,1-5-2,4100,13,13,41.0
2026-03-04,22,12,1-3-2,530,2,2,5.3
2026-03-05,04,1,1-2-3,840,1,1,8.4
2026-03-05,04,2,1-2-4,7910,29,29,79.1
2026-03-05,04,3,5-1-2,3910,17,17,39.1
2026-03-05,04,4,1-2-4,620,1,1,6.2
2026-03-05,04,5,1-3-4,800,2,2,8.0
2026-03-05,04,6,1-2-3,5730,24,24,57.3
2026-03-05,04,7,1-6-2,7650,31,31,76.5
2026-03-05,04,8,1-4-3,4710,22,22,47.1
2026-03-05,04,9,1-2-3,380,1,1,3.8
2026-03-05,04,10,1-4-2,2940,7,8,29.4
2026-03-05,04,11,1-4-5,2800,10,10,28.0
2026-03-05,04,12,3-4-2,42780,83,83,427.8
2026-03-05,22,1,1-2-3,320,1,1,3.2
2026-03-05,22,2,1-5-4,1670,7,7,16.7
2026-03-05,22,3,1-5-3,1420,6,6,14.2
2026-03-05,22,4,1-5-2,1560,7,7,15.6
2026-03-05,22,5,1-2-5,510,1,1,5.1
2026-03-05,22,6,1-4-2,1590,5,5,15.9
2026-03-05,22,7,3-2-1,37140,37,37,371.4
2026-03-05,22,8,1-5-4,3490,14,14,34.9
2026-03-05,22,9,1-3-2,1070,2,2,10.7
2026-03-05,22,10,1-2-4,610,2,2,6.1
2026-03-05,22,11,1-2-4,670,1,1,6.7
2026-03-05,22,12,1-3-6,7370,18,18,73.7
2026-03-06,04,1,1-2-3,4680,25,25,46.8
2026-03-06,04,2,1-3-6,3520,11,11,35.2
2026-03-06,04,3,2-1-5,6470,22,22,64.7
2026-03-06,04,4,1-4-3,760,2,2,7.6
2026-03-06,04,5,2-1-6,4860,19,19,48.6
2026-03-06,04,6,2-5-3,3720,17,17,37.2
2026-03-06,04,7,1-4-3,1270,6,6,12.7
2026-03-06,04,8,1-5-4,1190,5,5,11.9
2026-03-06,04,9,1-2-4,1280,5,5,12.8
2026-03-06,04,10,3-2-6,7750,25,25,77.5
2026-03-06,04,11,2-6-3,11500,39,39,115.0
2026-03-06,04,12,3-2-4,12190,41,41,121.9
2026-03-07,02,1,2-1-3,1920,6,6,19.2
2026-03-07,02,2,2-1-6,7730,28,28,77.3
2026-03-07,02,3,5-2-3,5580,24,24,55.8
2026-03-07,02,4,3-4-1,4140,13,13,41.4
2026-03-07,02,5,1-3-4,820,2,2,8.2
2026-03-07,02,6,2-4-6,3070,11,11,30.7
2026-03-07,02,7,1-6-3,2430,9,9,24.3
2026-03-07,02,8,2-1-6,2340,11,11,23.4
2026-03-07,02,9,3-2-6,3380,9,9,33.8
2026-03-07,02,10,2-1-4,4030,14,14,40.3
2026-03-07,02,11,5-1-2,19260,55,55,192.6
2026-03-07,02,12,1-2-6,2600,7,7,26.0
2026-03-07,03,1,1-6-5,7300,33,33,73.0
2026-03-07,03,2,1-2-4,2200,4,4,22.0
2026-03-07,03,3,3-1-6,18590,56,56,185.9
2026-03-07,03,4,1-2-5,1200,1,1,12.0
2026-03-07,03,5,2-5-1,2210,5,5,22.1
2026-03-07,03,6,1-2-5,3450,15,15,34.5
2026-03-07,03,7,1-3-5,4070,17,17,40.7
2026-03-07,03,8,6-2-4,31790,69,69,317.9
2026-03-07,03,9,1-6-2,4780,17,17,47.8
2026-03-07,03,10,1-4-2,1560,1,1,15.6
2026-03-07,03,11,1-6-3,1780,4,4,17.8
2026-03-07,03,12,1-2-6,5770,21,21,57.7
2026-03-08,02,1,1-2-5,480,1,1,4.8
2026-03-08,02,2,2-5-3,1200,1,1,12.0
2026-03-08,02,3,4-6-2,1440,1,1,14.4
2026-03-08,02,4,3-1-6,3500,18,17,35.0
2026-03-08,02,5,4-2-1,6390,23,23,63.9
2026-03-08,02,6,2-4-5,1170,1,1,11.7
2026-03-08,02,7,1-4-2,990,3,3,9.9
2026-03-08,02,8,2-5-3,2540,6,6,25.4
2026-03-08,02,9,3-1-2,2300,7,7,23.0
2026-03-08,02,10,1-4-5,6410,26,26,64.1
2026-03-08,02,11,3-1-5,1680,6,6,16.8
2026-03-08,02,12,1-3-2,1330,2,2,13.3
2026-03-08,03,1,2-4-1,5540,26,26,55.4
2026-03-08,03,2,2-5-1,13050,51,51,130.5
2026-03-08,03,3,3-2-4,5940,22,22,59.4
2026-03-08,03,4,1-4-3,1440,1,1,14.4
2026-03-08,03,5,4-5-3,9080,43,43,90.8
2026-03-08,03,6,2-4-3,4940,22,22,49.4
2026-03-08,03,7,1-4-2,1660,7,7,16.6
2026-03-08,03,8,5-1-4,8370,30,30,83.7
2026-03-08,03,9,1-3-2,1740,5,5,17.4
2026-03-08,03,10,1-4-5,4350,18,18,43.5
2026-03-08,03,11,4-5-3,14690,41,41,146.9
2026-03-08,03,12,1-5-6,3340,37,12,108.6
2026-03-09,02,1,3-5-1,5470,24,24,54.7
2026-03-09,02,2,1-3-4,3010,9,9,30.1
2026-03-09,02,3,1-3-4,6720,30,30,67.2
2026-03-09,02,4,5-1-6,3540,14,14,35.4
2026-03-09,02,5,4-3-5,1950,6,6,19.5
2026-03-09,02,6,2-1-3,830,2,2,8.3
2026-03-09,02,7,1-5-2,2460,8,8,24.6
2026-03-09,02,8,2-1-3,1980,5,5,19.8
2026-03-09,02,9,2-5-4,3230,9,9,32.3
2026-03-09,02,10,2-5-6,80080,117,117,800.8
2026-03-09,02,11,3-1-2,2790,9,9,27.9
2026-03-09,02,12,1-6-3,1470,6,5,14.7
2026-03-09,03,1,1-2-6,2780,9,9,27.8
2026-03-09,03,2,1-2-3,1910,3,3,19.1
2026-03-09,03,3,1-4-2,1500,5,5,15.0
2026-03-09,03,4,4-5-3,7360,35,35,73.6
2026-03-09,03,5,2-5-1,3220,13,13,32.2
2026-03-09,03,6,1-3-2,760,2,2,7.6
2026-03-09,03,7,4-1-2,3690,11,11,36.9
2026-03-09,03,8,1-2-5,1900,6,6,19.0
2026-03-09,03,9,1-3-6,2570,10,10,25.7
2026-03-09,03,10,1-3-4,1350,1,1,13.5
2026-03-09,03,11,1-4-6,1720,4,4,17.2
2026-03-09,03,12,3-1-5,3280,11,11,32.8
2026-03-09,04,1,3-4-6,2490,9,9,24.9
2026-03-09,04,2,5-2-3,9800,46,46,98.0
2026-03-09,04,3,3-5-4,4050,15,15,40.5
2026-03-09,04,4,1-3-5,1180,1,1,11.8
2026-03-09,04,5,1-2-3,750,3,3,7.5
2026-03-09,04,6,1-2-3,1740,5,5,17.4
2026-03-09,04,7,1-3-2,2740,9,9,27.4
2026-03-09,04,8,1-4-6,810,2,2,8.1
2026-03-09,04,9,1-3-6,3420,12,12,34.2
2026-03-09,04,10,1-2-5,930,1,1,9.3
2026-03-09,04,11,1-2-6,1090,2,2,10.9
2026-03-09,04,12,1-2-6,3310,10,10,33.1
2026-03-10,02,1,4-6-3,18710,67,67,187.1
2026-03-10,02,2,3-2-6,950,1,1,9.5
2026-03-10,02,3,4-1-5,3810,16,16,38.1
2026-03-10,02,4,5-2-6,7860,26,26,78.6
2026-03-10,02,5,4-6-1,3730,14,14,37.3
2026-03-10,02,6,2-4-3,5710,19,19,57.1
2026-03-10,02,7,2-6-1,14780,32,32,147.8
2026-03-10,02,8,3-1-4,780,1,1,7.8
2026-03-10,02,9,1-5-2,2380,8,8,23.8
2026-03-10,02,10,1-3-4,710,1,1,7.1
2026-03-10,02,11,4-1-6,2720,9,9,27.2
2026-03-10,02,12,1-2-6,1650,7,7,16.5
2026-03-10,03,1,1-2-6,1500,4,4,15.0
2026-03-10,03,2,2-6-3,10370,50,50,103.7
2026-03-10,03,3,5-6-1,32960,99,99,329.6
2026-03-10,03,4,1-3-2,1450,4,4,14.5
2026-03-10,03,5,1-2-5,5620,24,24,56.2
2026-03-10,03,6,1-4-5,4940,12,12,49.4
2026-03-10,03,7,1-3-4,4460,18,18,44.6
2026-03-10,03,8,1-5-4,3710,12,12,37.1
2026-03-10,03,9,1-4-5,4860,21,21,48.6
2026-03-10,03,10,3-1-2,3590,12,12,35.9
2026-03-10,03,11,1-3-6,1270,4,4,12.7
2026-03-10,03,12,1-5-3,6870,23,23,68.7
2026-03-10,04,1,4-3-5,2040,6,6,20.4
2026-03-10,04,2,6-4-2,4580,21,21,45.8
2026-03-10,04,3,5-6-2,16270,48,48,162.7
2026-03-10,04,4,3-6-4,6760,31,31,67.6
2026-03-10,04,5,1-2-4,640,1,1,6.4
2026-03-10,04,6,1-5-4,3880,11,11,38.8
2026-03-10,04,7,5-6-2,53380,98,98,533.8
2026-03-10,04,8,1-3-2,2140,6,6,21.4
2026-03-10,04,9,2-1-3,1810,7,7,18.1
2026-03-10,04,10,1-2-3,1840,5,5,18.4
2026-03-10,04,11,3-1-5,1530,6,6,15.3
2026-03-10,04,12,1-6-2,1620,7,7,16.2
2026-03-10,22,1,1-6-2,7740,18,18,77.4
2026-03-10,22,2,1-2-5,2280,5,5,22.8
2026-03-10,22,3,3-1-2,1560,3,3,15.6
2026-03-10,22,4,4-5-2,4250,20,20,42.5
2026-03-10,22,5,2-3-4,1180,3,3,11.8
2026-03-10,22,6,1-2-4,3010,11,11,30.1
2026-03-10,22,7,3-1-5,4280,13,13,42.8
2026-03-10,22,8,5-4-1,7550,30,30,75.5
2026-03-10,22,9,3-6-4,28950,59,59,289.5
2026-03-10,22,10,1-2-5,940,2,2,9.4
2026-03-10,22,11,1-5-6,6150,20,20,61.5
2026-03-10,22,12,2-1-3,4890,16,16,48.9
2026-03-11,02,1,1-2-3,2240,3,3,22.4
2026-03-11,02,2,1-2-4,1210,1,1,12.1
2026-03-11,02,3,6-1-5,25520,66,66,255.2
2026-03-11,02,4,6-2-3,7250,36,36,72.5
2026-03-11,02,5,3-6-4,63630,81,81,636.3
2026-03-11,02,6,3-1-6,4100,14,14,41.0
2026-03-11,02,7,5-3-4,6160,25,25,61.6
2026-03-11,02,8,3-4-2,2900,12,12,29.0
2026-03-11,02,9,4-5-1,10080,39,39,100.8
2026-03-11,02,10,1-2-3,870,2,2,8.7
2026-03-11,02,11,1-4-3,840,2,2,8.4
2026-03-11,02,12,1-4-3,1340,6,6,13.4
2026-03-11,04,1,3-2-5,4350,18,18,43.5
2026-03-11,04,2,6-2-3,2370,7,7,23.7
2026-03-11,04,3,2-5-6,4960,18,18,49.6
2026-03-11,04,4,4-6-2,13620,52,52,136.2
2026-03-11,04,5,1-2-6,1580,7,7,15.8
2026-03-11,04,6,1-5-4,2290,9,9,22.9
2026-03-11,04,7,3-4-1,7420,29,29,74.2
2026-03-11,04,8,1-3-4,720,3,3,7.2
2026-03-11,04,9,3-2-1,7960,33,33,79.6
2026-03-11,04,10,3-2-6,3450,11,11,34.5
2026-03-11,04,11,1-3-6,7650,26,26,76.5
2026-03-11,04,12,1-3-2,670,1,1,6.7
2026-03-11,22,1,1-3-2,1270,5,5,12.7
2026-03-11,22,2,4-3-1,5290,19,19,52.9
2026-03-11,22,3,2-5-1,39840,70,70,398.4
2026-03-11,22,4,2-1-4,2910,8,8,29.1
2026-03-11,22,5,2-1-3,2690,8,8,26.9
2026-03-11,22,6,3-2-5,18690,53,53,186.9
2026-03-11,22,7,1-2-4,1190,1,1,11.9
2026-03-11,22,9,1-5-6,3690,10,10,36.9
2026-03-11,22,10,1-5-3,4140,13,13,41.4
2026-03-11,22,11,1-5-6,1770,7,7,17.7
2026-03-11,22,12,1-5-3,4310,13,13,43.1
2026-03-12,02,1,3-1-4,2810,6,6,28.1
2026-03-12,02,2,1-5-2,16100,46,46,161.0
2026-03-12,02,3,4-3-5,7540,35,35,75.4
2026-03-12,02,4,1-3-2,560,3,1,10.6
2026-03-12,02,5,4-6-2,5180,21,21,51.8
2026-03-12,02,6,3-1-6,1270,1,1,12.7
2026-03-12,02,7,1-2-5,1190,4,4,11.9
2026-03-12,02,8,1-4-2,6390,23,23,63.9
2026-03-12,02,9,3-2-6,50980,100,100,509.8
2026-03-12,02,10,4-2-6,20090,53,53,200.9
2026-03-12,02,11,1-3-2,1580,5,5,15.8
2026-03-12,02,12,5-3-6,63370,94,94,633.7
2026-03-12,04,1,3-1-4,3660,14,14,36.6
2026-03-12,04,2,5-4-2,1810,2,2,18.1
2026-03-12,04,3,4-2-3,34150,90,90,341.5
2026-03-12,04,4,3-1-4,1600,5,5,16.0
2026-03-12,04,5,1-5-3,5790,25,25,57.9
2026-03-12,04,6,3-1-6,4490,17,17,44.9
2026-03-12,04,7,1-4-6,7130,39,39,71.3
2026-03-12,04,8,3-1-4,5440,16,16,54.4
2026-03-12,04,9,1-2-3,750,2,2,7.5
2026-03-12,04,10,1-4-2,540,1,1,5.4
2026-03-12,04,11,1-2-3,720,1,1,7.2
2026-03-12,04,12,1-4-5,4930,18,18,49.3
2026-03-12,14,1,1-4-2,1330,6,6,13.3
2026-03-12,14,2,3-5-1,2000,5,5,20.0
2026-03-12,14,3,1-3-4,730,1,1,7.3
2026-03-12,14,4,1-2-3,490,1,1,4.9
2026-03-12,14,5,2-6-3,10790,39,39,107.9
2026-03-12,14,6,1-2-5,2260,9,9,22.6
2026-03-12,14,7,1-3-5,5910,24,24,59.1
2026-03-12,14,8,2-4-3,23720,59,59,237.2
2026-03-12,14,9,3-2-6,20040,50,50,200.4
2026-03-12,14,10,6-4-5,34070,80,80,340.7
2026-03-12,14,11,3-5-1,22220,78,78,222.2
2026-03-12,14,12,1-6-2,10300,38,38,103.0
2026-03-12,22,1,1-2-3,1670,7,7,16.7
2026-03-12,22,2,1-2-4,630,1,1,6.3
2026-03-12,22,3,1-3-4,1080,4,4,10.8
2026-03-12,22,4,4-5-1,12060,52,52,120.6
2026-03-12,22,5,2-1-5,3290,14,14,32.9
2026-03-12,22,6,2-3-4,7590,31,31,75.9
2026-03-12,22,7,2-1-3,1680,5,5,16.8
2026-03-12,22,8,3-6-1,15280,43,43,152.8
2026-03-12,22,9,1-3-6,950,1,1,9.5
2026-03-12,22,10,2-1-6,1040,2,2,10.4
2026-03-12,22,11,3-6-5,15790,48,48,157.9
2026-03-12,22,12,1-2-3,600,1,1,6.0
2026-03-13,04,1,1-2-4,720,1,1,7.2
2026-03-13,04,2,3-2-1,1810,6,6,18.1
2026-03-13,04,3,1-3-5,1240,1,1,12.4
2026-03-13,04,4,1-3-2,2020,8,8,20.2
2026-03-13,04,5,4-6-1,9160,46,46,91.6
2026-03-13,04,6,4-6-1,2980,11,11,29.8
2026-03-13,04,7,3-1-5,28720,77,77,287.2
2026-03-13,04,8,3-1-4,1190,2,2,11.9
2026-03-13,04,9,1-2-3,1020,3,3,10.2
2026-03-13,04,10,4-1-2,9420,27,27,94.2
2026-03-13,04,11,4-2-1,10200,30,30,102.0
2026-03-13,04,12,1-3-2,770,2,2,7.7
2026-03-13,14,1,2-5-6,170890,83,83,1708.0
2026-03-13,14,2,3-1-2,2870,11,11,28.7
2026-03-13,14,3,1-4-2,830,1,1,8.3
2026-03-13,14,4,2-3-4,2450,10,9,24.5
2026-03-13,14,5,4-6-3,15110,39,39,151.1
2026-03-13,14,6,1-2-3,1640,4,4,16.4
2026-03-13,14,7,4-3-2,7750,39,39,77.5
2026-03-13,14,8,3-4-5,5890,20,20,58.9
2026-03-13,14,9,4-6-5,4850,16,16,48.5
2026-03-13,14,10,4-6-5,27120,55,55,271.2
2026-03-13,14,11,3-1-2,13870,56,56,138.7
2026-03-13,14,12,1-5-4,2020,6,6,20.2
2026-03-13,22,1,1-5-2,4660,16,16,46.6
2026-03-13,22,2,1-2-4,3970,16,16,39.7
2026-03-13,22,3,1-2-3,2340,12,12,23.4
2026-03-13,22,4,2-3-1,6290,20,20,62.9
2026-03-13,22,5,1-2-5,1830,5,5,18.3
2026-03-13,22,6,2-1-4,2920,9,9,29.2
2026-03-13,22,7,4-1-6,4620,15,15,46.2
2026-03-13,22,8,1-4-2,970,3,3,9.7
2026-03-13,22,9,1-3-6,1890,5,5,18.9
2026-03-13,22,10,2-1-4,960,3,3,9.6
2026-03-13,22,11,4-6-1,8610,28,28,86.1
2026-03-13,22,12,1-2-3,630,1,1,6.3
2026-03-14,04,1,5-2-1,4230,18,18,42.3
2026-03-14,04,2,1-3-2,1520,1,1,15.2
2026-03-14,04,3,6-1-2,1720,4,4,17.2
2026-03-14,04,4,6-2-1,36360,87,87,363.6
2026-03-14,04,5,1-4-6,830,1,1,8.3
2026-03-14,04,6,1-3-4,1570,2,2,15.7
2026-03-14,04,7,4-5-2,1560,3,3,15.6
2026-03-14,04,8,1-2-3,1450,4,4,14.5
2026-03-14,04,9,3-5-2,31270,54,54,312.7
2026-03-14,04,10,1-2-3,480,1,1,4.8
2026-03-14,04,11,1-2-3,360,1,1,4.6
2026-03-14,04,12,1-2-5,1970,6,8,19.7
2026-03-14,14,1,4-6-3,28110,77,77,281.1
2026-03-14,14,2,2-1-6,8800,38,38,88.0
2026-03-14,14,3,2-5-1,1300,3,3,13.0
2026-03-14,14,4,1-3-5,11400,42,42,114.0
2026-03-14,14,5,3-5-2,2100,2,2,21.0
2026-03-14,14,6,2-4-3,3600,15,15,36.0
2026-03-14,14,7,2-3-5,4520,25,25,45.2
2026-03-14,14,8,3-4-2,1450,1,1,14.5
2026-03-14,14,9,1-2-6,3230,9,9,32.3
2026-03-14,14,10,2-3-1,3700,12,12,37.0
2026-03-14,14,11,1-2-6,2120,6,6,21.2
2026-03-14,14,12,2-4-5,5440,19,19,54.4
2026-03-14,22,1,1-2-3,400,1,1,4.0
2026-03-14,22,2,1-5-3,670,1,1,6.7
2026-03-14,22,3,3-1-2,1030,3,3,10.3
2026-03-14,22,4,4-6-1,5180,18,18,51.8
2026-03-14,22,5,3-1-4,12760,29,29,127.6
2026-03-14,22,6,1-5-2,940,2,2,9.4
2026-03-14,22,7,1-5-2,960,2,2,9.6
2026-03-14,22,8,2-1-3,3240,10,10,32.4
2026-03-14,22,9,1-4-5,2610,10,10,26.1
2026-03-14,22,10,1-2-3,580,1,1,5.8
2026-03-14,22,11,4-5-2,24930,52,52,249.3
2026-03-14,22,12,2-4-5,22820,40,40,228.2
2026-03-15,03,1,1-3-4,1990,6,6,19.9
2026-03-15,03,2,4-2-5,17950,63,63,179.5
2026-03-15,03,3,1-5-2,3190,12,12,31.9
2026-03-15,03,4,1-2-3,2420,10,10,24.2
2026-03-15,03,5,3-5-6,4670,17,17,46.7
2026-03-15,03,6,4-1-6,18890,65,65,188.9
2026-03-15,03,7,1-3-2,1590,1,1,15.9
2026-03-15,03,8,3-4-5,28560,60,60,285.6
2026-03-15,03,9,1-3-6,4000,15,15,40.0
2026-03-15,03,10,4-3-1,6470,25,25,64.7
2026-03-15,03,11,2-1-3,3130,12,12,31.3
2026-03-15,03,12,1-5-2,6020,23,23,60.2
2026-03-15,14,1,3-1-4,4000,13,13,40.0
2026-03-15,14,2,1-2-4,2280,8,8,22.8
2026-03-15,14,3,3-1-2,2040,9,9,20.4
2026-03-15,14,4,1-3-2,520,1,1,5.2
2026-03-15,14,5,3-4-6,8580,36,36,85.8
2026-03-15,14,6,6-4-2,18410,38,38,184.1
2026-03-15,14,7,1-4-3,1820,6,6,18.2
2026-03-15,14,8,4-2-6,5090,19,18,50.9
2026-03-15,14,9,1-2-5,2160,5,5,21.6
2026-03-15,14,10,1-2-4,1000,2,2,10.0
2026-03-15,14,11,2-3-1,10310,39,39,103.1
2026-03-15,14,12,1-2-5,1120,3,3,11.2
2026-03-15,22,1,1-4-5,2350,8,8,23.5
2026-03-15,22,2,1-5-2,1790,9,9,17.9
2026-03-15,22,3,6-3-1,12180,36,36,121.8
2026-03-15,22,4,1-4-5,1660,5,5,16.6
2026-03-15,22,5,4-5-2,5840,21,21,58.4
2026-03-15,22,6,3-2-1,7230,20,20,72.3
2026-03-15,22,7,1-4-2,990,3,3,9.9
2026-03-15,22,8,1-2-4,1460,4,4,14.6
2026-03-15,22,9,3-2-6,8220,25,25,82.2
2026-03-15,22,10,1-4-3,1090,3,3,10.9
2026-03-15,22,11,1-2-3,760,1,1,7.6
2026-03-15,22,12,1-2-3,920,2,2,9.2
2026-03-16,03,1,4-1-6,22980,74,74,229.8
2026-03-16,03,2,3-5-6,19170,73,73,191.7
2026-03-16,03,3,1-5-3,3910,16,16,39.1
2026-03-16,03,4,1-2-3,3130,11,11,31.3
2026-03-16,03,5,1-6-2,17420,61,61,174.2
2026-03-16,03,6,4-1-6,2510,4,4,25.1
2026-03-16,03,7,2-3-4,6360,27,27,63.6
2026-03-16,03,8,3-1-4,4450,19,19,44.5
2026-03-16,03,9,1-3-6,3240,13,13,32.4
2026-03-16,03,10,1-2-3,1090,2,2,10.9
2026-03-16,03,11,3-5-1,21570,73,72,215.7
2026-03-16,03,12,1-2-3,1420,3,3,14.2
2026-03-17,03,1,1-3-5,990,1,1,9.9
2026-03-17,03,2,1-2-5,2150,7,7,21.5
2026-03-17,03,3,4-1-5,66200,81,81,662.0
2026-03-17,03,4,3-1-5,1470,3,3,14.7
2026-03-17,03,5,2-3-1,2090,5,5,20.9
2026-03-17,03,6,1-2-4,830,1,1,8.3
2026-03-17,03,7,3-4-2,5250,18,18,52.5
2026-03-17,03,8,1-6-3,6420,26,26,64.2
2026-03-17,03,9,5-4-1,11790,31,31,117.9
2026-03-17,03,10,1-2-3,810,1,1,8.1
2026-03-17,03,11,1-2-4,1280,1,1,12.8
2026-03-17,03,12,1-3-5,830,1,1,8.3
2026-03-18,03,1,2-4-3,4490,18,18,44.9
2026-03-18,03,2,2-3-6,49840,71,71,498.4
2026-03-18,03,3,4-2-6,14200,52,52,142.0
2026-03-18,03,4,2-3-1,4250,16,16,42.5
2026-03-18,03,5,2-3-4,1170,2,2,11.7
2026-03-18,03,6,1-3-4,3720,12,12,37.2
2026-03-18,03,7,1-5-2,2900,10,10,29.0
2026-03-18,03,8,2-3-4,4850,17,17,48.5
2026-03-18,03,9,4-1-5,8390,31,31,83.9
2026-03-18,03,10,1-2-4,1760,7,7,17.6
2026-03-18,03,11,1-3-2,880,2,2,8.8
2026-03-18,03,12,1-2-4,630,1,1,6.3
2026-03-18,04,1,1-3-5,2100,5,5,21.0
2026-03-18,04,2,1-3-2,1180,2,2,11.8
2026-03-18,04,3,1-3-4,7720,39,40,77.2
2026-03-18,04,4,1-2-4,1080,2,2,10.8
2026-03-18,04,5,1-3-5,1040,4,4,10.4
2026-03-18,04,6,1-4-2,2590,7,7,25.9
2026-03-18,04,7,3-1-4,800,1,1,8.0
2026-03-18,04,8,1-4-5,770,1,1,7.7
2026-03-18,04,9,1-4-3,2300,9,9,23.0
2026-03-18,04,10,2-1-4,1380,3,3,13.8
2026-03-18,04,11,1-5-3,4720,15,15,47.2
2026-03-18,04,12,5-3-1,16880,46,45,168.8
2026-03-18,14,1,1-2-3,1810,5,5,18.1
2026-03-18,14,2,1-3-2,1570,6,6,15.7
2026-03-18,14,3,3-6-1,11640,30,30,116.4
2026-03-18,14,4,6-1-3,45790,62,62,457.9
2026-03-18,14,5,1-3-5,1070,1,1,10.7
2026-03-18,14,6,3-1-4,800,2,1,8.0
2026-03-18,14,7,2-1-6,4970,23,23,49.7
2026-03-18,14,8,5-1-2,1090,3,3,10.9
2026-03-18,14,9,2-4-6,7220,32,32,72.2
2026-03-18,14,10,2-6-4,6480,33,34,64.8
2026-03-18,14,11,1-4-3,1520,2,2,15.2
2026-03-18,14,12,1-6-2,12250,32,32,122.5
2026-03-19,02,1,5-3-2,39660,69,69,396.6
2026-03-19,02,2,3-4-5,2460,8,8,24.6
2026-03-19,02,3,1-2-5,850,2,2,8.5
2026-03-19,02,4,2-1-6,2910,7,7,29.1
2026-03-19,02,5,1-4-5,1740,6,6,17.4
2026-03-19,02,6,2-3-1,2620,7,7,26.2
2026-03-19,02,7,4-1-6,5680,17,17,56.8
2026-03-19,02,8,3-1-2,2620,10,10,26.2
2026-03-19,02,9,6-1-4,73760,113,113,737.6
2026-03-19,02,10,3-1-5,10520,35,35,105.2
2026-03-19,02,11,1-6-2,13440,47,47,134.4
2026-03-19,02,12,1-2-4,2320,6,6,23.2
2026-03-19,03,1,1-5-4,7490,37,37,74.9
2026-03-19,03,2,4-5-2,16710,46,46,167.1
2026-03-19,03,3,3-2-4,25880,83,83,258.8
2026-03-19,03,4,1-3-2,910,2,2,9.1
2026-03-19,03,5,5-1-2,1240,4,4,12.4
2026-03-19,03,6,2-1-3,5060,16,16,50.6
2026-03-19,03,7,1-2-4,1580,1,1,15.8
2026-03-19,03,8,4-3-6,9440,35,35,94.4
2026-03-19,03,9,1-4-6,5930,21,21,59.3
2026-03-19,03,10,1-6-2,5370,16,16,53.7
2026-03-19,03,11,1-2-5,1440,4,4,14.4
2026-03-19,03,12,2-5-1,18320,43,43,183.2
2026-03-19,04,1,6-1-5,3950,15,15,39.5
2026-03-19,04,2,3-2-4,4260,17,17,42.6
2026-03-19,04,3,1-5-4,2660,9,9,26.6
2026-03-19,04,4,2-1-5,1840,5,5,18.4
2026-03-19,04,5,6-3-1,93570,111,54,1471.0
2026-03-19,04,6,2-1-3,1860,4,4,18.6
2026-03-19,04,7,2-4-1,3510,12,12,35.1
2026-03-19,04,8,1-3-4,890,2,2,8.9
2026-03-19,04,9,1-3-6,1570,4,4,15.7
2026-03-19,04,10,3-1-5,2680,9,9,26.8
2026-03-19,04,11,1-4-3,2870,10,10,28.7
2026-03-19,04,12,1-3-6,1010,3,3,10.1
2026-03-19,14,1,1-3-2,990,3,3,9.9
2026-03-19,14,2,5-4-1,115920,78,78,1159.0
2026-03-19,14,3,5-2-6,199660,115,115,1996.0
2026-03-19,14,4,2-5-1,27380,71,71,273.8
2026-03-19,14,5,2-1-6,3230,10,10,32.3
2026-03-19,14,6,1-5-4,2760,7,7,27.6
2026-03-19,14,7,1-2-4,3210,5,5,32.1
2026-03-19,14,8,6-4-3,58510,103,103,585.1
2026-03-19,14,9,2-6-5,6850,34,34,68.5
2026-03-19,14,10,2-3-6,1050,2,2,10.5
2026-03-19,14,11,1-2-3,900,2,2,9.0
2026-03-19,14,12,5-1-3,5780,26,16,102.6
2026-03-20,02,1,1-2-5,1110,2,2,11.1
2026-03-20,02,2,3-1-2,5010,23,23,50.1
2026-03-20,02,3,5-2-6,4820,26,26,48.2
2026-03-20,02,4,1-3-4,1410,1,1,14.1
2026-03-20,02,5,1-5-4,19390,46,46,193.9
2026-03-20,02,6,1-3-2,1860,5,5,18.6
2026-03-20,02,7,1-5-4,1720,5,5,17.2
2026-03-20,02,8,2-3-4,8810,39,39,88.1
2026-03-20,02,9,1-2-4,3580,9,9,35.8
2026-03-20,02,10,1-2-3,870,2,2,8.7
2026-03-20,02,11,1-3-2,1490,4,4,14.9
2026-03-20,02,12,1-2-4,680,1,1,6.8
2026-03-20,03,1,1-3-2,900,1,1,9.0
2026-03-20,03,2,1-5-6,4270,17,17,42.7
2026-03-20,03,3,1-2-3,2030,2,2,20.3
2026-03-20,03,4,5-4-3,6670,29,29,66.7
2026-03-20,03,5,5-2-1,20400,59,59,204.0
2026-03-20,03,6,1-6-3,2590,9,9,25.9
2026-03-20,03,7,2-5-3,6190,20,20,61.9
2026-03-20,03,8,1-5-6,14220,54,54,142.2
2026-03-20,03,9,2-1-5,3130,14,13,31.3
2026-03-20,03,10,1-2-4,1480,3,3,14.8
2026-03-20,03,11,1-2-4,870,2,2,8.7
2026-03-20,03,12,3-2-1,10570,31,31,105.7
2026-03-20,04,1,4-2-6,8670,38,38,86.7
2026-03-20,04,2,4-6-1,4820,18,18,48.2
2026-03-20,04,3,1-2-3,1840,5,5,18.4
2026-03-20,04,4,2-1-6,7200,27,27,72.0
2026-03-20,04,5,4-1-2,8680,21,21,86.8
2026-03-20,04,6,1-2-4,1970,8,8,19.7
2026-03-20,04,7,1-4-5,5860,23,23,58.6
2026-03-20,04,8,4-2-5,2300,10,10,23.0
2026-03-20,04,9,3-5-6,32640,84,84,326.4
2026-03-20,04,10,4-1-2,19120,60,60,191.2
2026-03-20,04,11,1-2-6,1210,4,4,12.1
2026-03-20,04,12,2-1-4,13360,28,28,133.6
2026-03-20,14,1,1-4-3,1660,22,6,56.1
2026-03-20,14,2,5-2-6,2230,4,4,22.3
2026-03-20,14,3,1-4-2,640,2,2,6.4
2026-03-20,14,4,1-5-6,2180,7,7,21.8
2026-03-20,14,5,4-5-6,10910,35,35,109.1
2026-03-20,14,6,3-2-1,1890,5,5,18.9
2026-03-20,14,7,2-6-3,11860,42,42,118.6
2026-03-20,14,8,5-1-2,8020,33,33,80.2
2026-03-20,14,9,1-3-2,3620,14,14,36.2
2026-03-20,14,10,1-6-2,2750,8,8,27.5
2026-03-20,14,11,4-5-6,5300,18,19,53.0
2026-03-20,14,12,1-4-5,5600,17,17,56.0
2026-03-21,02,1,3-4-5,1300,18,4,46.3
2026-03-21,02,2,2-3-4,730,1,1,7.3
2026-03-21,02,3,2-3-5,6350,31,31,63.5
2026-03-21,02,4,2-3-4,760,1,1,7.6
2026-03-21,02,5,1-3-2,1420,6,6,14.2
2026-03-21,02,6,5-2-3,2630,6,6,26.3
2026-03-21,02,7,1-3-5,810,2,2,8.1
2026-03-21,02,8,4-2-3,9400,33,33,94.0
2026-03-21,02,9,2-1-6,1550,3,3,15.5
2026-03-21,02,10,3-1-5,1150,2,2,11.5
2026-03-21,02,11,1-4-6,2500,9,9,25.0
2026-03-21,02,12,1-2-4,1450,2,2,14.5
2026-03-21,04,1,1-3-2,1830,5,5,18.3
2026-03-21,04,2,1-2-3,1060,1,1,10.6
2026-03-21,04,3,3-6-5,42670,80,80,426.7
2026-03-21,04,4,1-3-5,980,1,1,9.8
2026-03-21,04,5,1-2-4,1620,5,5,16.2
2026-03-21,04,6,4-1-2,4520,18,18,45.2
2026-03-21,04,7,3-1-5,4240,14,14,42.4
2026-03-21,04,8,1-4-6,3630,12,12,36.3
2026-03-21,04,9,1-2-4,3340,11,11,33.4
2026-03-21,04,10,2-1-6,3350,11,11,33.5
2026-03-21,04,11,6-1-3,10540,34,34,105.4
2026-03-21,04,12,1-3-2,1170,2,2,11.7
2026-03-21,14,1,1-3-5,710,1,1,7.1
2026-03-21,14,2,3-1-4,1270,4,4,12.7
2026-03-21,14,3,1-2-3,630,2,2,6.3
2026-03-21,14,4,1-4-3,430,2,1,4.3
2026-03-21,14,5,4-1-3,11710,41,41,117.1
2026-03-21,14,6,5-6-3,25890,61,61,258.9
2026-03-21,14,7,2-6-5,37950,79,79,379.5
2026-03-21,14,8,4-2-5,3410,13,13,34.1
2026-03-21,14,9,2-1-4,1200,4,4,12.0
2026-03-21,14,10,4-3-6,4490,16,16,44.9
2026-03-21,14,11,1-2-3,1080,2,2,10.8
2026-03-21,14,12,1-6-2,1890,5,5,18.9
2026-03-22,02,1,1-3-5,800,1,1,8.0
2026-03-22,02,2,2-4-5,6620,26,26,66.2
2026-03-22,02,3,4-5-2,24140,57,57,241.4
2026-03-22,02,4,3-1-6,4870,17,17,48.7
2026-03-22,02,5,2-1-6,8210,29,29,82.1
2026-03-22,02,6,5-1-2,4810,21,21,48.1
2026-03-22,02,7,1-2-4,790,1,1,7.9
2026-03-22,02,8,2-3-4,2330,9,9,23.3
2026-03-22,02,9,1-3-4,6240,25,25,62.4
2026-03-22,02,10,1-4-2,2090,7,7,20.9
2026-03-22,02,11,1-2-3,710,1,1,7.1
2026-03-22,02,12,1-5-2,2520,14,14,25.2
2026-03-22,14,1,1-5-4,2650,13,13,26.5
2026-03-22,14,2,6-3-5,40260,55,55,402.6
2026-03-22,14,3,1-6-2,2520,5,5,25.2
2026-03-22,14,4,1-2-4,520,2,2,5.2
2026-03-22,14,5,1-3-4,1310,3,3,13.1
2026-03-22,14,6,1-4-5,1350,2,2,13.5
2026-03-22,14,7,3-1-5,16070,38,38,160.7
2026-03-22,14,8,1-4-5,5270,14,14,52.7
2026-03-22,14,9,3-1-2,7130,23,23,71.3
2026-03-22,14,10,4-3-5,10520,44,43,105.2
2026-03-22,14,11,3-1-2,13350,33,33,133.5
2026-03-22,14,12,1-5-2,1880,7,7,18.8
2026-03-22,22,1,1-2-4,400,1,1,4.0
2026-03-22,22,2,3-1-2,2400,7,7,24.0
2026-03-22,22,3,1-3-4,1480,4,4,14.8
2026-03-22,22,4,1-3-4,1970,6,6,19.7
2026-03-22,22,5,1-2-4,990,1,1,9.9
2026-03-22,22,6,2-6-4,2350,5,5,23.5
2026-03-22,22,7,2-1-3,710,1,1,7.1
2026-03-22,22,8,3-1-5,5460,14,14,54.6
2026-03-22,22,9,1-3-4,510,1,1,5.1
2026-03-22,22,10,1-2-6,2100,8,8,21.0
2026-03-22,22,11,1-2-4,510,1,1,5.1
2026-03-22,22,12,1-5-3,7300,22,23,73.0
2026-03-23,02,1,4-2-1,4480,16,16,44.8
2026-03-23,02,2,1-3-4,1790,1,1,17.9
2026-03-23,02,3,3-1-4,24240,70,70,242.4
2026-03-23,02,4,1-3-6,4760,27,27,47.6
2026-03-23,02,5,5-4-3,17980,55,55,179.8
2026-03-23,02,6,2-1-5,3750,19,19,37.5
2026-03-23,02,7,1-2-5,970,2,2,9.7
2026-03-23,02,8,3-6-4,1360,1,1,13.6
2026-03-23,02,9,1-3-2,920,2,2,9.2
2026-03-23,02,10,2-1-3,1910,4,4,19.1
2026-03-23,02,11,1-4-5,2280,9,9,22.8
2026-03-23,02,12,1-2-4,810,3,3,8.1
2026-03-23,14,1,1-2-4,460,1,1,4.6
2026-03-23,14,2,4-6-5,3570,13,13,35.7
2026-03-23,14,3,1-3-2,930,4,4,9.3
2026-03-23,14,4,1-4-2,1380,4,4,13.8
2026-03-23,14,5,2-1-6,3210,12,12,32.1
2026-03-23,14,6,3-6-2,16120,65,65,161.2
2026-03-23,14,7,2-3-1,10700,57,57,107.0
2026-03-23,14,8,4-5-6,15390,57,57,153.9
2026-03-23,14,9,2-5-3,24800,89,89,248.0
2026-03-23,14,10,4-3-2,17740,80,80,177.4
2026-03-23,14,11,1-3-6,2630,11,11,26.3
2026-03-23,14,12,1-3-2,1360,5,5,13.6
2026-03-23,22,1,2-1-3,5930,13,13,59.3
2026-03-23,22,2,3-5-4,22470,61,61,224.7
2026-03-23,22,3,3-5-1,2290,9,9,22.9
2026-03-23,22,4,2-5-3,5180,17,17,51.8
2026-03-23,22,5,1-6-2,3740,16,16,37.4
2026-03-23,22,6,3-2-5,1400,1,1,14.0
2026-03-23,22,7,2-6-1,6390,27,27,63.9
2026-03-23,22,8,5-1-6,19570,78,78,195.7
2026-03-23,22,9,1-3-2,590,1,1,5.9
2026-03-23,22,10,2-1-4,3120,10,10,31.2
2026-03-23,22,11,1-3-4,590,1,1,5.9
2026-03-23,22,12,1-2-3,570,1,2,5.7
2026-03-24,02,1,1-2-4,2360,9,9,23.6
2026-03-24,02,2,2-1-3,2520,7,7,25.2
2026-03-24,02,3,2-1-3,2200,7,7,22.0
2026-03-24,02,4,2-1-5,3090,11,11,30.9
2026-03-24,02,5,1-2-6,2820,12,12,28.2
2026-03-24,02,6,3-4-5,3660,9,9,36.6
2026-03-24,02,7,2-4-1,15450,31,31,154.5
2026-03-24,02,8,3-6-4,4240,24,24,42.4
2026-03-24,02,9,1-2-6,1160,4,4,11.6
2026-03-24,02,10,1-2-3,1650,1,1,16.5
2026-03-24,02,11,1-4-6,1870,6,6,18.7
2026-03-24,02,12,3-4-6,2000,38,9,101.8
2026-03-24,09,1,1-4-5,7840,16,16,78.4
2026-03-24,09,2,4-5-2,10400,28,28,104.0
2026-03-24,09,3,1-3-5,3430,11,11,34.3
2026-03-24,09,4,2-3-5,5020,24,24,50.2
2026-03-24,09,5,1-2-4,1230,4,4,12.3
2026-03-24,09,6,4-1-2,12460,56,56,124.6
2026-03-24,09,7,2-4-6,7760,25,25,77.6
2026-03-24,09,8,3-1-4,8700,32,32,87.0
2026-03-24,09,9,1-3-6,2750,9,9,27.5
2026-03-24,09,10,2-1-4,970,3,3,9.7
2026-03-24,09,11,1-2-3,1030,3,3,10.3
2026-03-24,09,12,1-3-2,1060,3,3,10.6
2026-03-24,22,1,2-1-5,2650,7,7,26.5
2026-03-24,22,2,2-6-5,21520,63,63,215.2
2026-03-24,22,3,1-2-5,4450,19,19,44.5
2026-03-24,22,4,2-1-4,1930,5,5,19.3
2026-03-24,22,5,1-3-2,1350,2,2,13.5
2026-03-24,22,6,1-2-6,2240,9,9,22.4
2026-03-24,22,7,2-4-1,7590,37,37,75.9
2026-03-24,22,8,1-5-2,1350,3,3,13.5
2026-03-24,22,9,2-1-5,2490,9,9,24.9
2026-03-24,22,10,1-2-3,1690,5,5,16.9
2026-03-24,22,11,2-1-6,26170,41,41,261.7
2026-03-24,22,12,1-2-4,980,3,3,9.8
2026-03-25,04,1,1-3-5,900,1,1,9.0
2026-03-25,04,2,2-3-4,7850,27,27,78.5
2026-03-25,04,3,1-4-3,1770,4,4,17.7
2026-03-25,04,4,3-2-5,7250,27,27,72.5
2026-03-25,04,5,1-5-3,3330,14,13,39.3
2026-03-25,04,6,2-3-1,1640,5,5,16.4
2026-03-25,04,7,2-1-3,970,1,1,9.7
2026-03-25,04,8,6-5-1,55550,76,76,555.5
2026-03-25,04,9,2-1-3,1620,3,3,16.2
2026-03-25,04,10,5-4-6,10520,33,33,105.2
2026-03-25,04,11,1-2-5,1390,7,7,13.9
2026-03-25,04,12,1-2-5,1280,4,4,12.8
2026-03-25,09,1,1-2-3,320,1,1,3.2
2026-03-25,09,2,2-1-4,2490,10,10,24.9
2026-03-25,09,3,1-3-2,1330,4,4,13.3
2026-03-25,09,4,4-2-5,2060,9,9,20.6
2026-03-25,09,5,1-5-4,2800,10,10,28.0
2026-03-25,09,6,1-6-3,1810,5,5,18.1
2026-03-25,09,7,1-4-6,760,3,3,7.6
2026-03-25,09,8,2-6-4,11890,39,39,118.9
2026-03-25,09,9,1-3-4,1510,5,5,15.1
2026-03-25,09,10,3-1-4,1760,5,5,17.6
2026-03-25,09,11,2-1-6,4220,11,11,42.2
2026-03-25,09,12,1-4-5,2550,9,9,25.5
2026-03-25,22,1,1-2-4,350,1,1,3.5
2026-03-25,22,2,1-5-6,5470,26,26,54.7
2026-03-25,22,3,5-3-1,22970,51,51,229.7
2026-03-25,22,4,4-3-6,4500,16,16,45.0
2026-03-25,22,5,3-1-4,1320,4,4,13.2
2026-03-25,22,6,2-4-6,2820,9,9,28.2
2026-03-25,22,7,5-4-2,4020,19,19,40.2
2026-03-25,22,8,2-4-5,8260,24,24,82.6
2026-03-25,22,9,3-1-4,5090,21,21,50.9
2026-03-25,22,10,1-3-2,850,2,2,8.5
2026-03-25,22,11,1-3-2,880,4,4,8.8
2026-03-25,22,12,1-3-2,520,2,2,5.2
2026-03-26,04,1,2-1-3,3410,9,9,34.1
2026-03-26,04,2,3-2-6,10730,37,37,107.3
2026-03-26,04,3,3-4-6,980,1,1,9.8
2026-03-26,04,4,3-5-4,4510,21,21,45.1
2026-03-26,04,5,1-6-5,3340,16,16,33.4
2026-03-26,04,6,3-5-6,9320,40,40,93.2
2026-03-26,04,7,2-1-4,820,3,3,8.2
2026-03-26,04,8,4-1-3,2600,12,12,26.0
2026-03-26,04,9,2-4-6,3650,14,14,36.5
2026-03-26,04,10,4-3-5,5280,22,22,52.8
2026-03-26,04,11,1-2-6,3140,11,11,31.4
2026-03-26,04,12,5-3-4,21160,41,41,211.6
2026-03-26,09,1,1-2-5,450,1,1,4.5
2026-03-26,09,2,3-1-2,13380,30,30,133.8
2026-03-26,09,3,4-5-6,4610,18,18,46.1
2026-03-26,09,4,5-6-1,15560,53,53,155.6
2026-03-26,09,5,1-2-3,480,1,1,4.8
2026-03-26,09,6,1-5-4,1180,4,4,11.8
2026-03-26,09,7,2-1-4,1700,7,7,17.0
2026-03-26,09,8,1-2-6,1240,2,2,12.4
2026-03-26,09,9,3-1-5,1830,7,7,18.3
2026-03-26,09,10,1-2-5,560,1,1,5.6
2026-03-26,09,11,5-4-6,5450,24,24,54.5
2026-03-26,09,12,1-2-6,1120,5,5,11.2
2026-03-26,22,1,3-1-6,13830,41,41,138.3
2026-03-26,22,2,2-1-3,4320,13,13,43.2
2026-03-26,22,3,1-3-5,1150,4,4,11.5
2026-03-26,22,4,2-3-6,9720,35,35,97.2
2026-03-26,22,5,4-6-5,7480,34,34,74.8
2026-03-26,22,6,1-3-5,750,1,1,7.5
2026-03-26,22,7,1-5-4,2100,5,5,21.0
2026-03-26,22,8,1-3-4,3010,10,10,30.1
2026-03-26,22,9,1-5-4,4650,16,16,46.5
2026-03-26,22,10,1-2-3,420,1,1,4.2
2026-03-26,22,11,1-2-4,460,2,2,4.6
2026-03-26,22,12,1-3-2,890,4,4,8.9
2026-03-27,04,1,3-2-5,3520,11,11,35.2
2026-03-27,04,2,1-2-3,760,1,1,7.6
2026-03-27,04,3,5-1-3,4870,19,19,48.7
2026-03-27,04,4,3-4-5,2510,11,11,25.1
2026-03-27,04,5,1-3-4,3000,8,8,30.0
2026-03-27,04,6,4-5-3,40030,115,115,400.3
2026-03-27,04,7,1-2-3,1670,4,4,16.7
2026-03-27,04,8,1-3-5,5970,18,18,59.7
2026-03-27,04,9,6-5-1,6470,24,24,64.7
2026-03-27,04,10,2-3-5,17360,69,69,173.6
2026-03-27,04,11,1-5-2,4780,16,16,47.8
2026-03-27,04,12,3-1-6,7080,24,24,70.8
2026-03-27,09,1,1-2-3,300,1,1,3.0
2026-03-27,09,2,1-5-6,47380,84,84,473.8
2026-03-27,09,3,3-1-2,1300,2,2,13.0
2026-03-27,09,4,3-2-5,5090,19,19,50.9
2026-03-27,09,5,1-2-4,600,2,2,6.0
2026-03-27,09,6,1-3-4,3550,13,13,35.5
2026-03-27,09,7,5-1-3,1320,4,4,13.2
2026-03-27,09,8,4-1-3,12330,34,34,123.3
2026-03-27,09,9,4-1-5,1780,6,6,17.8
2026-03-27,09,10,2-1-5,760,2,1,7.6
2026-03-27,09,11,1-4-3,1070,4,4,10.7
2026-03-27,09,12,1-3-5,590,4,4,11.1
2026-03-27,22,1,2-3-1,3060,11,11,30.6
2026-03-27,22,2,3-2-5,6320,20,20,63.2
2026-03-27,22,3,1-3-4,2330,8,8,23.3
2026-03-27,22,4,1-2-3,1120,4,4,11.2
2026-03-27,22,5,1-2-3,370,1,1,3.7
2026-03-27,22,6,1-4-6,1340,5,5,13.4
2026-03-27,22,7,2-5-1,11050,29,29,110.5
2026-03-27,22,8,1-3-5,1060,4,4,10.6
2026-03-27,22,9,1-3-5,1720,7,7,17.2
2026-03-27,22,10,1-3-2,760,2,2,7.6
2026-03-27,22,11,1-5-2,2560,10,10,25.6
2026-03-27,22,12,1-5-2,3020,9,9,30.2
2026-03-28,02,1,1-3-5,2000,7,7,20.0
2026-03-28,02,2,5-4-3,43600,60,60,436.0
2026-03-28,02,3,2-6-3,9510,50,50,95.1
2026-03-28,02,4,2-1-3,2510,5,5,25.1
2026-03-28,02,5,4-1-2,1620,3,3,16.2
2026-03-28,02,6,2-1-5,2060,7,7,20.6
2026-03-28,02,7,1-5-2,1460,9,10,14.6
2026-03-28,02,8,4-3-1,15010,55,55,150.1
2026-03-28,02,9,5-6-4,23650,60,60,236.5
2026-03-28,02,10,2-5-4,61370,113,113,613.7
2026-03-28,02,11,2-1-4,4530,13,13,45.3
2026-03-28,02,12,5-1-4,9900,35,35,99.0
2026-03-28,04,1,2-6-3,16220,49,49,162.2
2026-03-28,04,2,3-2-4,1160,1,1,11.6
2026-03-28,04,3,1-2-5,2080,6,6,20.8
2026-03-28,04,4,1-2-4,1230,3,3,12.3
2026-03-28,04,5,1-6-2,2770,11,11,27.7
2026-03-28,04,6,5-3-2,24450,100,45,1630.0
2026-03-28,04,7,1-4-3,2610,10,10,26.1
2026-03-28,04,8,1-4-6,4060,17,17,40.6
2026-03-28,04,9,5-3-1,2120,6,6,21.2
2026-03-28,04,10,1-5-4,4800,14,14,48.0
2026-03-28,04,11,1-2-4,540,1,1,5.4
2026-03-28,04,12,1-2-5,1720,6,6,17.2
2026-03-28,09,1,1-4-5,2000,10,10,20.0
2026-03-28,09,2,1-2-3,1210,4,4,12.1
2026-03-28,09,3,1-4-2,11330,51,51,113.3
2026-03-28,09,4,3-2-4,10990,33,33,109.9
2026-03-28,09,5,3-1-4,3290,13,13,32.9
2026-03-28,09,6,5-1-4,3000,14,14,30.0
2026-03-28,09,7,3-1-4,4650,21,21,46.5
2026-03-28,09,8,5-1-6,25840,53,53,258.4
2026-03-28,09,9,1-2-5,1130,3,3,11.3
2026-03-28,09,10,1-2-3,770,3,3,7.7
2026-03-28,09,11,1-2-4,470,2,2,4.7
2026-03-28,09,12,1-3-4,810,4,4,8.1
2026-03-29,02,1,2-3-1,4340,19,19,43.4
2026-03-29,02,2,2-1-4,1110,1,1,11.1
2026-03-29,02,3,1-6-2,3340,16,16,33.4
2026-03-29,02,4,4-3-2,2590,12,12,25.9
2026-03-29,02,5,3-4-5,3700,14,14,37.0
2026-03-29,02,6,1-2-4,1520,1,1,15.2
2026-03-29,02,7,6-3-4,39990,83,83,399.9
2026-03-29,02,8,1-2-4,710,1,1,7.1
2026-03-29,02,9,3-1-2,590,2,2,5.9
2026-03-29,02,10,2-3-1,5820,21,21,58.2
2026-03-29,02,11,2-1-3,2210,7,7,22.1
2026-03-29,02,12,5-2-1,7870,27,27,78.7
2026-03-29,04,1,3-6-4,5590,20,20,55.9
2026-03-29,04,2,1-2-3,510,1,1,5.1
2026-03-29,04,3,5-1-3,7400,34,34,74.0
2026-03-29,04,4,4-1-2,4430,22,22,44.3
2026-03-29,04,5,4-1-3,2850,11,11,28.5
2026-03-29,04,6,5-6-1,15780,62,62,157.8
2026-03-29,04,7,4-5-1,1900,4,4,19.0
2026-03-29,04,8,1-3-4,1060,2,2,10.6
2026-03-29,04,9,1-3-4,630,1,1,6.3
2026-03-29,04,10,1-3-2,1730,4,4,17.3
2026-03-29,04,11,1-3-4,710,2,2,7.1
2026-03-29,04,12,2-3-5,37640,65,65,376.4
2026-03-29,09,1,1-2-4,1060,4,4,10.6
2026-03-29,09,2,2-1-4,1750,6,6,17.5
2026-03-29,09,3,1-2-4,670,2,2,6.7
2026-03-29,09,4,2-3-1,29200,47,47,292.0
2026-03-29,09,5,1-3-6,2280,9,9,22.8
2026-03-29,09,6,2-1-4,10010,29,29,100.1
2026-03-29,09,7,1-5-2,1160,5,5,11.6
2026-03-29,09,8,1-3-5,780,3,3,7.8
2026-03-29,09,9,1-4-2,3110,10,10,31.1
2026-03-29,09,10,1-3-2,910,3,3,9.1
2026-03-29,09,11,1-2-3,450,2,2,4.5
2026-03-29,09,12,1-2-4,670,2,2,6.7
2026-03-30,02,1,2-4-3,4830,17,17,48.3
2026-03-30,02,2,5-1-4,6470,27,27,64.7
2026-03-30,02,3,4-3-1,22810,57,57,228.1
2026-03-30,02,4,1-4-2,6450,29,29,64.5
2026-03-30,02,5,3-2-4,3600,20,20,36.0
2026-03-30,02,6,3-4-2,5260,19,19,52.6
2026-03-30,02,7,1-4-2,2260,9,8,22.6
2026-03-30,02,8,3-1-4,11610,43,43,116.1
2026-03-30,02,9,3-5-4,8830,38,38,88.3
2026-03-30,02,10,4-2-6,13260,68,68,132.6
2026-03-30,02,11,1-2-6,5870,24,24,58.7
2026-03-30,02,12,1-2-3,650,1,1,6.5
2026-03-30,04,1,2-3-4,2470,8,8,24.7
2026-03-30,04,2,4-2-5,5290,25,25,60.4
2026-03-30,04,3,1-4-2,3120,14,14,31.2
2026-03-30,04,4,1-3-4,1040,2,2,10.4
2026-03-30,04,5,4-3-6,6050,22,22,60.5
2026-03-30,04,6,3-2-4,560,2,2,5.6
2026-03-30,04,7,2-4-1,34210,85,85,342.1
2026-03-30,04,8,1-6-2,4260,14,14,42.6
2026-03-30,04,9,4-5-3,6830,29,28,68.3
2026-03-30,04,10,1-5-4,9260,32,32,92.6
2026-03-30,04,11,4-1-2,2270,9,9,22.7
2026-03-30,04,12,1-4-6,1950,5,5,19.5
2026-03-31,02,1,2-4-1,3940,17,17,39.4
2026-03-31,02,2,1-4-5,4230,18,18,42.3
2026-03-31,02,3,3-5-1,7480,43,43,74.8
2026-03-31,02,4,2-3-6,2340,10,10,23.4
2026-03-31,02,5,1-2-4,810,2,2,8.1
2026-03-31,02,6,5-3-2,7150,26,26,71.5
2026-03-31,02,7,4-2-3,26960,52,52,269.6
2026-03-31,02,8,1-3-4,810,1,1,8.1
2026-03-31,02,9,1-5-6,3690,14,14,36.9
2026-03-31,02,10,1-2-5,1170,3,3,11.7
2026-03-31,02,11,6-4-5,95290,111,111,952.9
2026-03-31,02,12,1-2-5,820,3,3,8.2
2026-04-01,02,1,1-2-3,1290,1,1,12.9
2026-04-01,02,2,6-2-5,18750,60,60,187.5
2026-04-01,02,3,4-5-1,4200,20,20,42.0
2026-04-01,02,4,2-3-5,17340,51,51,173.4
2026-04-01,02,5,4-3-1,50940,110,110,509.4
2026-04-01,02,6,2-4-5,4050,19,19,40.5
2026-04-01,02,7,3-2-1,6030,33,33,60.3
2026-04-01,02,8,4-2-6,10990,38,38,109.9
2026-04-01,02,9,4-5-2,11480,46,46,114.8
2026-04-01,02,10,4-6-1,40370,88,88,403.7
2026-04-01,02,11,1-2-6,3100,10,10,31.0
2026-04-01,02,12,3-4-2,9650,27,27,96.5
2026-04-01,22,1,2-1-3,2600,8,8,26.0
2026-04-01,22,2,2-1-6,1450,4,4,14.5
2026-04-01,22,3,3-1-4,800,1,1,8.0
2026-04-01,22,4,2-4-5,4380,18,18,43.8
2026-04-01,22,5,1-5-3,1840,7,7,18.4
2026-04-01,22,6,1-2-5,470,1,1,4.7
2026-04-01,22,7,2-3-5,3390,12,13,33.9
2026-04-01,22,8,2-1-3,880,4,4,8.8
2026-04-01,22,9,1-4-2,870,2,2,8.7
2026-04-01,22,10,1-6-3,7310,23,23,73.1
2026-04-01,22,11,3-2-6,11690,45,45,116.9
2026-04-01,22,12,3-4-6,16280,39,39,162.8
2026-04-02,02,1,1-4-5,1740,4,4,17.4
2026-04-02,02,2,3-4-2,6620,27,27,66.2
2026-04-02,02,3,1-4-2,4220,18,18,42.2
2026-04-02,02,4,1-3-2,1010,2,2,10.1
2026-04-02,02,5,4-3-1,2330,7,7,23.3
2026-04-02,02,6,1-2-5,4490,23,23,44.9
2026-04-02,02,7,1-6-3,11080,26,26,110.8
2026-04-02,02,8,4-3-2,13760,54,53,137.6
2026-04-02,02,9,1-5-6,6810,26,26,68.1
2026-04-02,02,10,1-4-2,1620,2,2,16.2
2026-04-02,02,11,5-1-6,6510,22,22,65.1
2026-04-02,02,12,1-2-4,870,1,1,8.7
2026-04-02,09,1,4-2-3,11510,53,53,115.1
2026-04-02,09,2,2-4-1,4490,16,16,44.9
2026-04-02,09,3,1-2-4,1010,1,1,10.1
2026-04-02,09,4,5-4-3,25840,71,71,258.4
2026-04-02,09,5,1-3-4,1040,1,1,10.4
2026-04-02,09,6,1-5-4,2500,9,9,25.0
2026-04-02,09,7,1-4-2,1040,2,2,10.4
2026-04-02,09,8,3-2-1,23450,61,61,234.5
2026-04-02,09,9,1-3-2,1420,5,5,14.2
2026-04-02,09,10,1-2-6,1320,6,6,13.2
2026-04-02,09,11,1-5-2,1500,6,6,15.0
2026-04-02,09,12,1-2-3,820,2,2,8.2
2026-04-02,22,1,1-3-2,1380,5,5,13.8
2026-04-02,22,2,1-4-2,4080,13,13,40.8
2026-04-02,22,3,1-2-5,10370,28,28,103.7
2026-04-02,22,4,1-2-6,3560,15,15,35.6
2026-04-02,22,5,2-3-1,2410,9,9,24.1
2026-04-02,22,6,2-1-3,1350,4,4,13.5
2026-04-02,22,7,4-6-1,620,1,1,6.2
2026-04-02,22,8,1-5-6,16950,40,40,169.5
2026-04-02,22,9,1-2-4,1430,5,5,14.3
2026-04-02,22,10,4-3-5,11550,31,31,115.5
2026-04-02,22,11,3-1-2,7040,19,19,70.4
2026-04-02,22,12,1-2-5,2460,10,10,24.6
2026-04-03,04,1,5-2-6,37100,91,91,371.0
2026-04-03,04,2,5-4-2,3600,16,16,36.0
2026-04-03,04,3,2-3-4,9910,40,40,99.1
2026-04-03,04,4,3-1-6,2360,9,9,23.6
2026-04-03,04,5,1-4-2,1600,7,7,16.0
2026-04-03,04,6,1-5-4,7200,30,30,72.0
2026-04-03,04,7,3-2-5,1700,1,1,17.0
2026-04-03,04,8,6-1-4,13560,43,43,135.6
2026-04-03,04,9,1-2-5,890,1,1,8.9
2026-04-03,04,10,1-5-3,3680,13,13,36.8
2026-04-03,04,11,1-3-6,980,2,2,9.8
2026-04-03,04,12,1-3-4,2210,9,9,22.1
2026-04-03,09,1,1-5-2,5080,16,16,50.8
2026-04-03,09,2,1-5-3,3730,15,15,37.3
2026-04-03,09,3,1-4-6,4360,17,17,43.6
2026-04-03,09,4,1-5-4,4250,15,15,42.5
2026-04-03,09,5,1-2-4,1000,2,2,10.0
2026-04-03,09,6,1-5-2,2820,12,12,28.2
2026-04-03,09,7,6-4-1,197260,118,118,1972.0
2026-04-03,09,8,1-5-3,3200,15,15,32.0
2026-04-03,09,9,1-3-4,770,1,1,7.7
2026-04-03,09,10,1-2-3,1030,3,3,10.3
2026-04-03,09,11,1-5-4,3190,15,15,31.9
2026-04-03,09,12,1-2-3,1090,2,2,10.9
2026-04-03,22,1,1-2-6,330,1,1,3.3
2026-04-03,22,2,1-4-6,1740,8,8,17.4
2026-04-03,22,3,4-3-1,5440,18,18,54.4
2026-04-03,22,4,3-2-4,2320,11,11,23.2
2026-04-03,22,5,3-4-1,1510,6,6,15.1
2026-04-03,22,6,1-2-5,1610,3,3,16.1
2026-04-03,22,7,3-2-6,1020,3,3,10.2
2026-04-03,22,8,5-4-2,10080,52,52,100.8
2026-04-03,22,9,1-3-4,710,1,1,7.1
2026-04-03,22,10,1-5-2,3190,13,13,31.9
2026-04-03,22,11,1-2-3,790,1,1,7.9
2026-04-03,22,12,1-4-2,930,3,3,9.3
2026-04-04,04,1,2-6-1,4280,15,15,42.8
2026-04-04,04,2,1-2-4,5240,19,19,52.4
2026-04-04,04,3,4-1-2,17860,58,58,178.6
2026-04-04,04,4,1-6-2,1530,4,4,15.3
2026-04-04,04,5,3-2-6,41750,51,51,417.5
2026-04-04,04,6,1-4-6,1840,5,5,18.4
2026-04-04,04,7,1-3-2,4990,17,17,49.9
2026-04-04,04,8,4-1-2,1010,3,3,10.1
2026-04-04,04,9,1-3-6,2420,6,6,24.2
2026-04-04,04,10,1-2-3,1620,4,4,16.2
2026-04-04,04,11,3-6-1,44560,90,90,445.6
2026-04-04,04,12,3-1-2,2460,9,9,24.6
2026-04-04,09,1,2-1-4,2050,8,8,20.5
2026-04-04,09,2,3-2-6,20930,62,62,209.3
2026-04-04,09,3,5-1-4,10290,37,37,102.9
2026-04-04,09,4,2-5-3,18340,60,60,183.4
2026-04-04,09,5,1-5-3,2000,3,3,20.0
2026-04-04,09,6,5-4-6,26410,74,74,264.1
2026-04-04,09,7,1-5-2,860,6,6,16.8
2026-04-04,09,8,2-6-3,24130,69,69,241.3
2026-04-04,09,9,1-3-4,1570,5,5,15.7
2026-04-04,09,10,3-2-1,6090,21,21,60.9
2026-04-04,09,11,3-6-1,5240,21,21,52.4
2026-04-04,09,12,1-2-5,2030,7,7,20.3
2026-04-04,22,1,1-2-3,470,1,1,4.7
2026-04-04,22,2,3-4-1,2280,11,11,22.8
2026-04-04,22,3,3-4-1,4320,15,15,43.2
2026-04-04,22,4,2-5-3,690,1,1,6.9
2026-04-04,22,5,3-5-2,17080,38,38,170.8
2026-04-04,22,6,1-2-4,1690,4,4,16.9
2026-04-04,22,7,1-2-5,740,1,1,7.4
2026-04-04,22,8,1-2-3,460,1,1,4.6
2026-04-04,22,9,2-1-3,1050,4,4,10.5
2026-04-04,22,10,1-2-3,1240,4,4,12.4
2026-04-04,22,11,1-3-2,690,2,2,6.9
2026-04-04,22,12,1-2-6,11270,29,29,112.7
2026-04-05,02,1,1-5-2,18090,53,53,180.9
2026-04-05,02,2,1-5-4,8170,40,40,81.7
2026-04-05,02,3,3-2-5,11930,56,56,119.3
2026-04-05,02,4,3-5-2,2440,7,7,24.4
2026-04-05,02,5,4-1-3,2690,11,11,26.9
2026-04-05,02,6,4-3-5,7380,26,26,73.8
2026-04-05,02,7,1-2-5,1180,4,4,11.8
2026-04-05,02,8,3-1-4,1240,2,2,12.4
2026-04-05,02,9,1-2-3,1510,5,5,15.1
2026-04-05,02,10,1-2-6,1680,3,3,16.8
2026-04-05,02,11,5-3-1,36680,80,80,366.8
2026-04-05,02,12,1-4-5,1480,9,5,29.1
2026-04-05,04,1,2-3-1,3530,19,19,35.3
2026-04-05,04,2,5-3-1,9090,38,38,90.9
2026-04-05,04,3,3-2-1,3730,15,15,37.3
2026-04-05,04,4,2-1-3,680,1,1,6.8
2026-04-05,04,5,1-3-5,2100,11,10,21.0
2026-04-05,04,6,2-3-6,1900,4,4,19.0
2026-04-05,04,7,1-2-4,1280,3,3,12.8
2026-04-05,04,8,1-2-4,1070,4,4,10.7
2026-04-05,04,9,1-3-4,4110,14,14,41.1
2026-04-05,04,10,1-2-4,1090,2,2,10.9
2026-04-05,04,11,4-2-5,7360,27,27,73.6
2026-04-05,04,12,1-2-4,580,1,1,5.8
2026-04-05,09,1,1-2-3,830,1,1,8.3
2026-04-05,09,2,1-3-2,1630,7,7,16.3
2026-04-05,09,3,1-5-4,1410,3,3,14.1
2026-04-05,09,4,2-3-1,13450,38,38,134.5
2026-04-05,09,5,1-2-4,2360,14,14,23.6
2026-04-05,09,6,2-3-1,9530,27,27,95.3
2026-04-05,09,7,1-2-4,630,1,1,6.3
2026-04-05,09,8,2-1-3,5170,21,21,51.7
2026-04-05,09,9,1-5-2,3050,14,14,30.5
2026-04-05,09,10,1-2-4,1760,7,7,17.6
2026-04-05,09,11,1-3-5,1480,6,6,14.8
2026-04-05,09,12,4-1-5,16610,35,35,166.1
2026-04-05,22,1,1-2-4,310,1,1,3.1
2026-04-05,22,2,2-1-3,3770,12,12,37.7
2026-04-05,22,3,3-1-2,750,3,3,7.5
2026-04-05,22,4,3-1-4,4280,25,25,42.8
2026-04-05,22,5,2-1-5,10610,22,22,106.1
2026-04-05,22,6,1-4-5,510,1,1,5.1
2026-04-05,22,7,1-4-2,460,2,2,4.6
2026-04-05,22,8,1-2-5,750,2,2,7.5
2026-04-05,22,9,1-4-2,1090,5,5,10.9
2026-04-05,22,10,2-5-3,6250,22,22,62.5
2026-04-05,22,11,1-2-3,700,1,1,7.0
2026-04-05,22,12,1-2-3,370,1,1,3.7
2026-04-06,02,1,1-2-3,3910,13,13,39.1
2026-04-06,02,2,4-2-6,7310,35,35,73.1
2026-04-06,02,3,2-3-5,950,1,1,9.5
2026-04-06,02,4,6-3-4,63810,91,91,638.1
2026-04-06,02,5,1-2-6,6500,32,32,65.0
2026-04-06,02,6,6-2-5,1600,2,2,16.0
2026-04-06,02,7,1-2-5,1100,4,4,11.0
2026-04-06,02,8,1-2-3,540,1,1,5.4
2026-04-06,02,9,1-5-6,21600,50,50,216.0
2026-04-06,02,10,3-4-5,1310,2,2,13.1
2026-04-06,02,11,1-2-4,1760,5,5,17.6
2026-04-06,02,12,1-3-4,2530,7,7,25.3
2026-04-06,04,1,3-4-2,4680,22,22,46.8
2026-04-06,04,2,3-2-1,6070,23,23,60.7
2026-04-06,04,3,5-6-2,4360,17,17,43.6
2026-04-06,04,4,2-3-1,10650,41,41,106.5
2026-04-06,04,5,1-2-4,810,4,4,8.1
2026-04-06,04,6,1-3-5,760,1,1,7.6
2026-04-06,04,7,3-5-1,7530,27,27,75.3
2026-04-06,04,8,4-3-5,4770,18,18,47.7
2026-04-06,04,9,1-3-4,870,4,4,8.7
2026-04-06,04,10,2-6-1,66690,95,95,666.9
2026-04-06,04,11,1-3-2,770,2,2,7.7
2026-04-06,04,12,1-4-2,2750,10,10,27.5
2026-04-06,09,1,1-2-4,880,2,2,8.8
2026-04-06,09,2,1-3-2,2120,8,8,21.2
2026-04-06,09,3,2-5-4,7920,33,33,79.2
2026-04-06,09,4,1-4-5,2590,8,8,25.9
2026-04-06,09,5,1-4-2,1740,6,6,17.4
2026-04-06,09,6,1-3-5,1090,2,2,10.9
2026-04-06,09,7,2-4-3,850,2,2,8.5
2026-04-06,09,8,1-4-6,1780,7,7,17.8
2026-04-06,09,9,1-2-3,700,2,2,7.0
2026-04-06,09,10,1-3-5,1440,6,6,14.4
2026-04-06,09,11,5-4-2,67770,84,84,677.7
2026-04-06,09,12,1-2-4,660,2,2,6.6
2026-04-06,22,1,1-2-3,330,1,1,3.3
2026-04-06,22,2,2-1-3,600,2,2,6.0
2026-04-06,22,3,3-2-4,750,22,2,91.7
2026-04-06,22,4,1-2-6,420,2,2,4.2
2026-04-06,22,5,1-2-4,1510,8,8,15.1
2026-04-06,22,6,1-3-6,890,4,4,8.9
2026-04-06,22,7,4-1-6,14840,31,31,148.4
2026-04-06,22,8,3-1-2,3610,14,14,36.1
2026-04-06,22,9,1-3-5,3230,10,11,32.3
2026-04-06,22,10,3-1-5,2790,8,8,27.9
2026-04-06,22,11,3-1-2,3560,12,12,35.6
2026-04-06,22,12,1-3-6,3850,16,16,38.5
2026-04-07,02,1,4-5-6,7120,34,34,71.2
2026-04-07,02,2,1-2-3,4090,15,15,40.9
2026-04-07,02,3,1-4-3,12770,43,43,127.7
2026-04-07,02,4,2-4-5,7270,26,26,72.7
2026-04-07,02,5,2-3-4,16730,43,43,167.3
2026-04-07,02,6,3-2-5,1300,1,1,13.0
2026-04-07,02,7,1-2-3,740,2,2,7.4
2026-04-07,02,8,1-2-4,4470,15,15,44.7
2026-04-07,02,9,1-3-6,1110,1,1,11.1
2026-04-07,02,10,2-1-5,3570,14,14,35.7
2026-04-07,02,11,1-4-3,1310,2,2,13.1
2026-04-07,02,12,4-1-2,22090,62,62,220.9
2026-04-07,04,1,2-3-4,18360,48,48,183.6
2026-04-07,04,2,1-2-6,2230,7,7,22.3
2026-04-07,04,3,4-5-6,1340,1,1,13.4
2026-04-07,04,4,2-4-5,58700,115,115,587.0
2026-04-07,04,5,1-5-3,2100,6,6,21.0
2026-04-07,04,6,1-3-2,790,2,2,7.9
2026-04-07,04,7,1-4-2,1480,6,6,14.8
2026-04-07,04,8,4-3-1,21880,49,49,218.8
2026-04-07,04,9,1-2-3,1580,8,8,15.8
2026-04-07,04,10,3-4-5,5630,20,20,56.3
2026-04-07,04,11,1-2-3,760,1,2,7.6
2026-04-07,04,12,1-2-3,990,3,3,9.9
2026-04-07,09,1,1-4-3,960,2,2,9.6
2026-04-07,09,2,1-5-2,1250,6,6,12.5
2026-04-07,09,3,1-3-6,920,3,3,9.2
2026-04-07,09,4,1-5-2,2050,11,11,20.5
2026-04-07,09,5,1-3-4,1610,9,9,16.1
2026-04-07,09,6,1-3-2,1110,3,3,11.1
2026-04-07,09,7,1-2-5,1150,5,5,11.5
2026-04-07,09,8,2-1-3,1990,7,7,19.9
2026-04-07,09,9,2-1-3,3420,11,11,34.2
2026-04-07,09,10,1-2-4,790,2,2,7.9
2026-04-07,09,11,1-4-5,2040,7,7,20.4
2026-04-07,09,12,4-2-6,39780,47,47,397.8
2026-04-08,02,1,2-5-1,2960,9,9,29.6
2026-04-08,02,2,1-3-4,13450,50,50,134.5
2026-04-08,02,3,2-4-5,1530,1,1,15.3
2026-04-08,02,4,2-5-4,25500,81,81,255.0
2026-04-08,02,5,1-3-4,2690,13,13,26.9
2026-04-08,02,6,2-1-6,1270,2,2,12.7
2026-04-08,02,7,1-3-4,620,2,1,6.2
2026-04-08,02,8,1-5-6,3180,10,10,31.8
2026-04-08,02,9,2-5-1,38080,77,77,380.8
2026-04-08,02,10,1-2-5,4620,18,18,46.2
2026-04-08,02,11,1-5-2,1180,4,4,11.8
2026-04-08,02,12,2-3-1,11290,29,29,112.9
2026-04-08,04,1,3-4-6,5290,23,23,52.9
2026-04-08,04,2,4-2-3,7130,30,30,71.3
2026-04-08,04,3,3-2-5,21300,79,79,213.0
2026-04-08,04,4,2-1-6,8680,31,31,86.8
2026-04-08,04,5,1-2-5,1460,6,6,14.6
2026-04-08,04,6,1-3-6,3650,13,13,36.5
2026-04-08,04,7,1-2-3,1300,4,4,13.9
2026-04-08,04,8,3-1-4,660,2,2,6.6
2026-04-08,04,9,1-3-4,800,1,1,8.0
2026-04-08,04,10,3-5-6,17290,49,49,172.9
2026-04-08,04,11,2-1-4,6830,25,25,68.3
2026-04-08,04,12,1-3-4,1690,5,5,16.9
2026-04-09,02,1,5-1-2,5340,23,23,53.4
2026-04-09,02,2,3-5-1,3990,14,14,39.9
2026-04-09,02,3,5-6-4,9520,39,39,95.2
2026-04-09,02,4,5-1-3,2440,7,7,24.4
2026-04-09,02,5,1-4-6,390,1,1,17.0
2026-04-09,02,6,2-3-5,7380,35,35,73.8
2026-04-09,02,7,1-3-6,1380,5,5,13.8
2026-04-09,02,8,3-6-5,2560,8,8,25.6
2026-04-09,02,9,4-3-6,6790,26,26,67.9
2026-04-09,02,10,1-5-4,10510,27,27,105.1
2026-04-09,02,11,1-2-3,800,1,1,8.0
2026-04-09,02,12,3-1-6,14000,35,35,140.0
2026-04-10,02,1,4-1-2,8580,30,30,85.8
2026-04-10,02,2,1-2-6,1520,5,5,15.2
2026-04-10,02,3,3-2-5,14740,46,46,147.4
2026-04-10,02,4,4-5-1,2200,2,2,22.0
2026-04-10,02,5,1-4-2,710,1,1,7.1
2026-04-10,02,6,3-4-5,1730,2,2,17.3
2026-04-10,02,7,1-3-2,1550,6,6,15.5
2026-04-10,02,8,3-6-1,4640,17,17,46.4
2026-04-10,02,9,5-4-1,51230,76,76,512.3
2026-04-10,02,10,1-2-3,1020,1,1,10.2
2026-04-10,02,11,2-6-1,12540,64,64,125.4
2026-04-10,02,12,1-4-2,1220,3,3,12.2
2026-04-11,04,1,4-5-6,1410,1,1,14.1
2026-04-11,04,2,2-4-3,1570,3,3,15.7
2026-04-11,04,3,1-3-4,2320,7,7,23.2
2026-04-11,04,4,3-1-6,5370,21,21,53.7
2026-04-11,04,5,1-3-6,1720,5,5,17.2
2026-04-11,04,6,4-6-2,1530,2,1,15.3
2026-04-11,04,7,6-1-2,1830,3,3,18.3
2026-04-11,04,8,1-4-6,1400,5,5,14.0
2026-04-11,04,9,1-5-3,1730,4,4,17.3
2026-04-11,04,10,4-5-6,1230,47,6,134.2
2026-04-11,04,11,1-2-4,1220,4,4,12.2
2026-04-11,04,12,1-3-2,1380,4,4,13.8
2026-04-11,14,1,3-1-4,8810,22,22,88.1
2026-04-11,14,2,1-4-2,1090,2,2,10.9
2026-04-11,14,3,2-3-5,1160,4,4,11.6
2026-04-11,14,4,1-4-2,880,1,1,8.8
2026-04-11,14,5,5-1-4,46330,71,71,463.3
2026-04-11,14,6,3-4-6,13310,44,44,133.1
2026-04-11,14,7,3-2-5,3290,12,12,32.9
2026-04-11,14,8,2-1-5,4030,14,14,40.3
2026-04-11,14,9,1-3-2,1710,3,3,17.1
2026-04-11,14,10,3-2-4,8970,29,29,89.7
2026-04-11,14,11,1-3-2,1590,3,3,15.9
2026-04-11,14,12,1-3-4,740,3,3,7.4
2026-04-11,22,1,3-1-2,2060,6,6,20.6
2026-04-11,22,2,1-2-3,1660,6,6,16.6
2026-04-11,22,3,1-2-3,1070,5,5,10.7
2026-04-11,22,4,1-2-5,1650,7,7,16.5
2026-04-11,22,5,1-2-3,760,2,2,7.6
2026-04-11,22,6,1-2-5,610,1,1,6.1
2026-04-11,22,7,1-2-4,540,1,1,5.4
2026-04-11,22,8,1-3-5,5630,19,19,56.3
2026-04-11,22,9,1-3-2,930,2,2,9.3
2026-04-11,22,10,1-5-3,1940,9,9,19.4
2026-04-11,22,11,1-2-4,1850,4,4,18.5
2026-04-11,22,12,5-1-6,7500,47,19,237.7
2026-04-12,04,1,1-5-2,3140,14,13,31.4
2026-04-12,04,2,2-4-1,3410,10,10,34.1
2026-04-12,04,3,2-1-6,1560,2,2,15.6
2026-04-12,04,4,3-2-5,3210,6,6,32.1
2026-04-12,04,5,1-3-6,1590,7,7,15.9
2026-04-12,04,6,1-5-3,8670,32,32,86.7
2026-04-12,04,7,3-1-6,7180,27,27,71.8
2026-04-12,04,8,1-4-3,1000,3,3,10.0
2026-04-12,04,9,3-4-1,27570,84,84,275.7
2026-04-12,04,10,3-4-6,23460,61,61,234.6
2026-04-12,04,11,3-2-5,2290,7,7,22.9
2026-04-12,04,12,1-3-5,1510,5,5,15.1
2026-04-12,14,1,1-5-4,7280,17,17,72.8
2026-04-12,14,2,6-4-5,21950,75,75,219.5
2026-04-12,14,3,2-3-6,48050,56,56,480.5
2026-04-12,14,4,5-1-3,4300,14,14,43.0
2026-04-12,14,5,1-2-4,870,1,1,8.7
2026-04-12,14,6,3-1-4,2500,9,9,25.0
2026-04-12,14,7,4-1-6,7460,35,35,74.6
2026-04-12,14,8,5-3-4,21040,100,100,210.4
2026-04-12,14,9,1-2-6,940,2,3,18.7
2026-04-12,14,10,2-1-5,2680,8,8,26.8
2026-04-12,14,11,1-4-3,1610,4,4,16.1
2026-04-12,14,12,1-2-3,710,2,2,7.1
2026-04-12,22,1,1-2-4,2090,7,7,20.9
2026-04-12,22,2,2-3-6,33000,70,70,330.0
2026-04-12,22,3,2-3-6,22010,49,49,220.1
2026-04-12,22,4,1-3-5,1640,5,5,16.4
2026-04-12,22,5,1-5-4,4310,15,15,43.1
2026-04-12,22,6,2-1-3,2870,13,13,28.7
2026-04-12,22,7,1-2-3,390,1,1,3.9
2026-04-12,22,8,1-2-3,810,2,2,8.1
2026-04-12,22,9,3-4-1,7710,32,32,77.1
2026-04-12,22,10,2-1-4,5570,18,18,55.7
2026-04-12,22,11,1-4-5,1320,4,4,13.2
2026-04-12,22,12,1-3-5,780,2,2,7.8
2026-04-13,03,1,5-1-6,41350,79,79,413.5
2026-04-13,03,2,1-5-3,7110,26,26,71.1
2026-04-13,03,3,1-3-5,830,3,3,8.3
2026-04-13,03,4,5-2-3,9210,50,50,92.1
2026-04-13,03,5,2-4-5,4580,17,17,45.8
2026-04-13,03,6,1-3-2,5270,28,28,52.7
2026-04-13,03,7,2-6-3,1410,2,2,14.1
2026-04-13,03,8,3-1-2,4710,15,15,47.1
2026-04-13,03,9,1-5-2,950,2,2,9.5
2026-04-13,03,10,1-3-2,1010,2,2,10.1
2026-04-13,03,11,3-1-5,9820,29,29,98.2
2026-04-13,03,12,2-1-3,5010,18,18,50.1
2026-04-13,04,1,1-3-6,2370,4,4,23.7
2026-04-13,04,2,3-1-2,1240,3,3,12.4
2026-04-13,04,3,4-1-5,9320,36,36,93.2
2026-04-13,04,4,2-5-1,20920,68,68,209.2
2026-04-13,04,5,1-5-4,1660,6,6,16.6
2026-04-13,04,6,1-2-3,3020,11,11,30.2
2026-04-13,04,7,5-6-1,58520,100,100,585.2
2026-04-13,04,8,4-1-3,4110,15,15,41.1
2026-04-13,04,9,2-1-4,3810,17,17,38.1
2026-04-13,04,10,1-4-3,1330,4,4,13.3
2026-04-13,04,11,2-5-3,9330,38,38,93.3
2026-04-13,04,12,1-2-3,1600,4,4,16.0
2026-04-13,14,1,5-1-2,4870,19,19,48.7
2026-04-13,14,2,3-1-2,16290,38,38,162.9
2026-04-13,14,3,1-3-6,2880,16,16,28.8
2026-04-13,14,4,1-2-3,540,1,1,5.4
2026-04-13,14,5,3-1-2,1520,4,4,15.2
2026-04-13,14,6,1-6-4,11730,48,48,117.3
2026-04-13,14,7,4-2-3,730,1,1,7.3
2026-04-13,14,8,2-4-1,7160,30,30,71.6
2026-04-13,14,9,1-3-6,4080,11,11,40.8
2026-04-13,14,10,5-6-4,4380,16,16,43.8
2026-04-13,14,11,3-2-4,6450,25,25,64.5
2026-04-13,14,12,1-5-6,5360,16,16,53.6
2026-04-13,22,1,4-5-6,11950,35,35,119.5
2026-04-13,22,2,1-3-6,2240,6,6,22.4
2026-04-13,22,3,2-4-6,9020,36,36,90.2
2026-04-13,22,4,1-4-5,2530,8,8,25.3
2026-04-13,22,5,1-4-2,1390,6,6,13.9
2026-04-13,22,6,1-3-2,2740,9,9,27.4
2026-04-13,22,7,1-4-3,970,2,2,9.7
2026-04-13,22,8,3-6-4,32390,77,77,323.9
2026-04-13,22,9,3-6-4,18120,42,42,181.2
2026-04-13,22,10,3-4-6,6040,23,23,60.4
2026-04-13,22,11,1-5-6,10440,33,33,104.4
2026-04-13,22,12,1-3-4,1720,5,5,17.2
2026-04-14,02,1,1-3-2,5550,19,19,55.5
2026-04-14,02,2,2-5-3,13850,47,47,138.5
2026-04-14,02,3,1-4-2,7640,33,33,76.4
2026-04-14,02,4,1-2-3,6130,28,28,61.3
2026-04-14,02,5,1-2-4,1790,7,7,17.9
2026-04-14,02,6,2-6-4,1810,2,2,18.1
2026-04-14,02,7,1-2-5,2020,8,8,20.2
2026-04-14,02,8,3-4-6,11020,35,34,110.2
2026-04-14,02,9,4-1-2,2430,8,8,24.3
2026-04-14,02,10,1-6-5,10060,38,38,100.6
2026-04-14,02,11,1-3-5,920,1,1,9.2
2026-04-14,02,12,2-1-4,9540,31,31,95.4
2026-04-14,03,1,1-5-4,5220,22,22,52.2
2026-04-14,03,2,3-6-1,14390,56,56,143.9
2026-04-14,03,3,2-1-3,1700,5,5,17.0
2026-04-14,03,4,2-4-1,1750,6,6,17.5
2026-04-14,03,5,3-6-4,37700,86,86,377.0
2026-04-14,03,6,2-1-5,980,2,2,9.8
2026-04-14,03,7,1-3-2,2640,9,9,26.4
2026-04-14,03,8,1-5-3,3250,14,14,32.5
2026-04-14,03,9,6-1-2,2160,5,5,21.6
2026-04-14,03,10,3-2-1,24420,45,45,244.2
2026-04-14,03,11,1-4-2,3280,12,12,32.8
2026-04-14,03,12,1-2-4,1270,3,3,12.7
2026-04-14,04,1,1-2-3,2070,7,7,20.7
2026-04-14,04,2,1-2-3,3610,9,9,36.1
2026-04-14,04,3,1-5-3,9970,32,32,99.7
2026-04-14,04,4,5-2-4,5980,27,27,59.8
2026-04-14,04,5,1-3-2,900,1,1,9.0
2026-04-14,04,6,5-6-3,10380,50,50,103.8
2026-04-14,04,7,3-1-5,17800,42,42,178.0
2026-04-14,04,8,1-2-3,4000,8,8,40.0
2026-04-14,04,9,4-2-3,3300,6,6,33.0
2026-04-14,04,10,2-1-6,4220,15,15,42.2
2026-04-14,04,11,1-3-2,880,3,3,8.8
2026-04-14,04,12,1-4-3,1870,5,5,18.7
2026-04-14,14,1,1-3-6,2100,8,8,21.0
2026-04-14,14,2,3-2-4,10850,45,45,108.5
2026-04-14,14,3,1-2-5,820,2,2,8.2
2026-04-14,14,4,3-5-6,6580,21,21,65.8
2026-04-14,14,5,3-2-1,5400,20,20,54.0
2026-04-14,14,6,3-4-5,8310,26,26,83.1
2026-04-14,14,7,1-2-3,820,3,3,8.2
2026-04-14,14,8,1-2-4,440,1,1,4.4
2026-04-14,14,9,3-4-1,7100,27,27,71.0
2026-04-14,14,10,1-2-4,4200,9,9,42.0
2026-04-14,14,11,1-5-3,2370,10,10,23.7
2026-04-14,14,12,1-2-6,1710,6,6,17.1
2026-04-14,22,1,1-2-5,870,3,3,8.7
2026-04-14,22,2,2-4-5,3000,9,9,30.0
2026-04-14,22,3,1-2-4,580,1,1,5.8
2026-04-14,22,4,1-5-2,2590,9,9,25.9
2026-04-14,22,5,1-3-5,720,7,3,22.6
2026-04-14,22,6,1-3-4,1400,3,3,14.0
2026-04-14,22,7,1-2-3,1480,2,2,14.8
2026-04-14,22,8,1-2-4,610,1,1,6.1
2026-04-14,22,9,1-4-2,1740,7,7,17.4
2026-04-14,22,10,1-5-3,1900,7,7,19.0
2026-04-14,22,11,4-2-5,46020,60,60,460.2
2026-04-14,22,12,1-3-4,1710,5,6,17.1
2026-04-15,02,1,2-4-6,8680,34,34,86.8
2026-04-15,02,2,1-5-2,25880,88,88,258.8
2026-04-15,02,3,1-4-3,1270,3,3,12.7
2026-04-15,02,4,3-2-5,4030,9,9,40.3
2026-04-15,02,5,1-5-4,6080,20,20,60.8
2026-04-15,02,6,1-2-5,6750,34,34,67.5
2026-04-15,02,7,1-5-4,3720,15,15,37.2
2026-04-15,02,8,2-3-5,1530,1,1,15.3
2026-04-15,02,9,2-3-6,3320,7,7,33.2
2026-04-15,02,10,3-2-6,8720,34,34,87.2
2026-04-15,02,11,3-4-2,6190,22,22,61.9
2026-04-15,02,12,1-5-3,2110,11,11,21.1
2026-04-15,03,1,5-1-4,7390,29,29,73.9
2026-04-15,03,2,1-2-3,930,1,1,9.3
2026-04-15,03,3,2-5-3,2390,6,6,23.9
2026-04-15,03,4,2-4-1,3170,13,13,31.7
2026-04-15,03,5,1-2-3,1050,1,1,10.5
2026-04-15,03,6,2-1-4,680,1,1,6.8
2026-04-15,03,7,5-4-2,3480,16,16,34.8
2026-04-15,03,8,4-2-1,3130,10,10,31.3
2026-04-15,03,9,5-3-1,2790,10,10,27.9
2026-04-15,03,10,1-5-6,1200,2,2,12.0
2026-04-15,03,11,1-4-3,1790,7,7,17.9
2026-04-15,03,12,1-3-2,950,3,3,9.5
2026-04-15,09,1,1-2-3,440,1,1,4.4
2026-04-15,09,2,1-2-4,1440,5,5,14.4
2026-04-15,09,3,1-2-3,1160,2,2,11.6
2026-04-15,09,4,1-5-3,1140,6,6,11.4
2026-04-15,09,5,1-2-3,550,2,2,5.5
2026-04-15,09,6,1-2-3,1030,1,1,10.3
2026-04-15,09,7,3-1-4,1130,3,3,11.3
2026-04-15,09,8,4-3-5,4780,15,15,47.8
2026-04-15,09,9,5-1-2,16760,59,27,379.8
2026-04-15,09,10,3-4-6,5500,18,18,55.0
2026-04-15,09,11,1-4-2,3080,11,11,30.8
2026-04-15,09,12,2-1-4,8860,21,21,88.6
2026-04-15,14,1,1-3-4,620,2,2,6.2
2026-04-15,14,2,2-1-6,4400,14,14,44.0
2026-04-15,14,3,5-4-1,159280,116,116,1592.0
2026-04-15,14,4,3-4-5,12740,39,39,127.4
2026-04-15,14,5,4-5-1,8100,32,32,81.0
2026-04-15,14,6,5-3-2,21690,70,70,216.9
2026-04-15,14,7,1-3-6,1460,1,1,14.6
2026-04-15,14,8,5-2-1,9680,53,53,96.8
2026-04-15,14,9,1-2-3,1470,6,6,14.7
2026-04-15,14,10,1-2-6,2590,5,5,25.9
2026-04-15,14,11,2-1-4,1320,4,4,13.2
2026-04-15,14,12,1-4-5,4810,15,15,48.1
2026-04-15,22,1,1-2-3,830,1,1,8.3
2026-04-15,22,2,1-5-3,2230,7,7,22.3
2026-04-15,22,3,1-3-4,1290,4,4,12.9
2026-04-15,22,4,1-4-6,3870,13,13,38.7
2026-04-15,22,5,3-4-5,10740,37,37,107.4
2026-04-15,22,6,4-2-1,23360,54,54,233.6
2026-04-15,22,7,1-4-2,2760,10,10,27.6
2026-04-15,22,8,1-4-2,1940,5,5,19.4
2026-04-15,22,9,1-3-5,1410,8,8,14.1
2026-04-15,22,10,1-2-4,770,2,2,7.7
2026-04-15,22,11,1-4-2,1080,4,4,10.8
2026-04-15,22,12,1-4-3,2630,9,9,26.3
2026-04-16,02,1,1-3-2,770,2,2,12.7
2026-04-16,02,2,3-5-1,12670,49,49,126.7
2026-04-16,02,3,1-3-6,9500,39,39,95.0
2026-04-16,02,4,3-1-5,8850,41,41,88.5
2026-04-16,02,5,3-4-2,5440,22,22,54.4
2026-04-16,02,6,5-2-1,8900,54,54,89.0
2026-04-16,02,7,2-1-4,15890,33,33,158.9
2026-04-16,02,8,1-5-4,16230,53,53,162.3
2026-04-16,02,9,5-4-6,3090,11,11,30.9
2026-04-16,02,10,2-3-1,2050,8,8,20.5
2026-04-16,02,11,3-4-1,18760,61,61,187.6
2026-04-16,02,12,1-4-6,2230,7,7,22.3
2026-04-16,03,1,4-2-3,4030,19,19,40.3
2026-04-16,03,2,1-3-2,630,2,2,6.3
2026-04-16,03,3,2-3-4,1010,2,2,10.1
2026-04-16,03,4,2-1-5,990,3,3,9.9
2026-04-16,03,5,1-3-2,1670,3,3,16.7
2026-04-16,03,6,1-2-4,1590,4,4,15.9
2026-04-16,03,7,1-5-3,3340,14,14,33.4
2026-04-16,03,8,1-5-2,6700,29,29,67.0
2026-04-16,03,9,4-5-6,230,55,2,328.9
2026-04-16,03,10,1-3-2,840,2,2,8.4
2026-04-16,03,11,3-1-6,2960,11,11,29.6
2026-04-16,03,12,1-2-3,930,2,2,9.3
2026-04-16,09,1,1-3-2,560,1,1,5.6
2026-04-16,09,2,1-2-4,730,1,1,7.3
2026-04-16,09,3,2-6-4,1680,5,5,16.8
2026-04-16,09,4,6-2-3,3520,16,16,35.2
2026-04-16,09,5,1-5-3,1840,6,6,18.4
2026-04-16,09,6,4-1-6,3140,11,11,31.4
2026-04-16,09,7,1-5-4,14390,28,28,143.9
2026-04-16,09,8,2-1-3,1200,4,4,12.0
2026-04-16,09,9,5-2-1,2000,7,7,20.0
2026-04-16,09,10,1-2-4,670,1,1,6.7
2026-04-16,09,11,2-1-3,6310,19,19,63.1
2026-04-16,09,12,1-3-6,3310,10,10,33.1
2026-04-16,14,1,5-3-1,24910,43,43,249.1
2026-04-16,14,2,2-4-3,3660,17,17,36.6
2026-04-16,14,3,1-3-4,550,1,1,5.5
2026-04-16,14,4,1-5-3,3520,14,14,35.2
2026-04-16,14,5,1-3-2,2330,8,8,23.3
2026-04-16,14,6,1-4-3,6090,22,22,60.9
2026-04-16,14,7,3-2-4,9440,38,38,94.4
2026-04-16,14,8,1-3-4,840,2,2,8.4
2026-04-16,14,9,2-5-6,6230,30,30,62.3
2026-04-16,14,10,1-2-5,4760,20,20,47.6
2026-04-16,14,11,1-2-5,2830,9,9,28.3
2026-04-16,14,12,2-6-1,48280,86,86,482.8
2026-04-16,22,1,4-2-1,41570,78,78,415.7
2026-04-16,22,2,1-3-4,1920,6,6,19.2
2026-04-16,22,3,5-4-1,49340,82,82,493.4
2026-04-16,22,4,1-3-2,740,2,2,7.4
2026-04-16,22,5,1-4-2,1870,7,6,18.7
2026-04-16,22,6,1-2-3,780,2,2,7.8
2026-04-16,22,7,1-2-5,870,3,3,8.7
2026-04-16,22,8,2-1-3,6090,21,21,60.9
2026-04-16,22,9,1-3-4,1500,5,5,15.0
2026-04-16,22,10,3-1-4,3370,10,10,33.7
2026-04-16,22,11,1-2-6,3690,13,13,36.9
2026-04-16,22,12,1-2-6,3460,12,12,34.6
2026-04-17,02,1,2-3-5,6310,31,31,63.1
2026-04-17,02,2,2-3-6,12870,53,53,128.7
2026-04-17,02,3,2-3-4,3720,16,16,37.2
2026-04-17,02,4,4-3-2,4680,19,19,46.8
2026-04-17,02,5,4-1-6,1330,4,4,13.3
2026-04-17,02,6,3-6-4,17260,53,53,172.6
2026-04-17,02,7,1-2-3,1090,2,2,10.9
2026-04-17,02,8,1-2-3,870,1,1,8.7
2026-04-17,02,9,4-5-1,3040,14,14,30.4
2026-04-17,02,10,2-1-5,1090,3,3,10.9
2026-04-17,02,11,1-3-2,1540,3,3,15.4
2026-04-17,02,12,1-2-5,1050,4,4,10.5
2026-04-17,03,1,3-4-1,3710,13,13,37.1
2026-04-17,03,2,1-4-2,10170,36,36,101.7
2026-04-17,03,3,1-2-4,2030,6,6,20.3
2026-04-17,03,4,1-5-6,2140,4,4,21.4
2026-04-17,03,5,1-5-4,1270,4,4,12.7
2026-04-17,03,6,1-6-5,3330,12,12,33.3
2026-04-17,03,7,1-3-5,2300,9,9,23.0
2026-04-17,03,8,3-2-1,4830,18,18,48.3
2026-04-17,03,9,1-3-2,960,3,3,9.6
2026-04-17,03,10,1-3-5,770,1,1,7.7
2026-04-17,03,11,3-4-1,4770,18,18,47.7
2026-04-17,03,12,1-3-5,1130,4,4,11.3
2026-04-17,09,1,1-3-5,920,3,3,9.2
2026-04-17,09,2,3-4-1,103640,105,105,1036.0
2026-04-17,09,3,1-4-3,1390,3,3,13.9
2026-04-17,09,4,2-1-4,2500,10,10,25.0
2026-04-17,09,5,3-1-5,3480,9,9,34.8
2026-04-17,09,6,1-4-2,2380,5,5,23.8
2026-04-17,09,7,2-1-3,620,1,1,6.2
2026-04-17,09,8,1-6-2,7060,19,19,70.6
2026-04-17,09,9,1-2-3,570,1,1,5.7
2026-04-17,09,10,5-3-4,18100,41,41,181.0
2026-04-17,09,11,1-3-2,4490,15,15,44.9
2026-04-17,09,12,1-3-5,1040,3,3,10.4
2026-04-18,02,1,1-3-4,2750,9,9,27.5
2026-04-18,02,2,1-2-4,3090,10,10,30.9
2026-04-18,02,3,1-2-3,3150,12,12,31.5
2026-04-18,02,4,1-2-5,1540,2,2,15.4
2026-04-18,02,5,1-5-3,750,2,2,7.5
2026-04-18,02,6,2-1-4,2610,7,7,26.1
2026-04-18,02,7,1-2-6,2000,5,6,20.0
2026-04-18,02,8,3-4-5,6430,25,25,64.3
2026-04-18,02,9,3-1-4,4010,13,13,40.1
2026-04-18,02,10,2-1-4,2040,6,6,20.4
2026-04-18,02,11,2-3-4,6680,22,22,66.8
2026-04-18,02,12,1-2-6,1070,2,2,10.7
2026-04-18,03,1,3-1-2,1550,4,4,15.5
2026-04-18,03,2,2-3-4,17640,75,75,176.4
2026-04-18,03,3,1-5-3,1080,2,2,10.8
2026-04-18,03,4,1-4-3,3560,14,14,35.6
2026-04-18,03,5,4-3-1,11120,37,37,111.2
2026-04-18,03,6,1-4-2,1970,2,2,19.7
2026-04-18,03,7,1-6-2,3370,15,15,33.7
2026-04-18,03,8,4-2-1,6910,33,33,69.1
2026-04-18,03,9,4-5-6,12100,33,33,121.0
2026-04-18,03,10,4-1-5,8340,21,21,83.4
2026-04-18,03,11,6-5-1,75230,107,107,752.3
2026-04-18,03,12,4-3-2,41310,75,75,413.1
2026-04-18,09,1,1-6-4,3060,10,10,31.9
2026-04-18,09,2,4-2-1,7070,37,37,70.7
2026-04-18,09,3,3-2-4,3420,11,11,34.2
2026-04-18,09,4,2-3-5,1570,5,5,15.7
2026-04-18,09,5,1-3-4,570,3,3,5.7
2026-04-18,09,6,1-2-6,1310,6,6,13.1
2026-04-18,09,7,2-3-1,10450,26,26,104.5
2026-04-18,09,8,1-2-4,590,2,2,5.9
2026-04-18,09,9,2-1-3,1050,4,4,10.5
2026-04-18,09,10,1-3-6,1130,6,6,11.3
2026-04-18,09,11,1-2-3,540,1,1,5.4
2026-04-18,09,12,1-2-4,2230,8,8,22.3
2026-04-19,02,1,1-2-6,2950,9,9,29.5
2026-04-19,02,2,3-1-2,3290,12,12,32.9
2026-04-19,02,3,5-3-6,3770,14,14,37.7
2026-04-19,02,4,2-4-3,4090,19,19,40.9
2026-04-19,02,5,3-1-6,9870,33,33,98.7
2026-04-19,02,6,3-6-4,33860,80,80,338.6
2026-04-19,02,7,1-3-2,1200,3,3,12.0
2026-04-19,02,8,1-2-3,2800,12,12,28.0
2026-04-19,02,9,1-5-4,5560,20,20,55.6
2026-04-19,02,10,1-2-3,1640,3,3,16.4
2026-04-19,02,11,5-6-4,64840,79,79,648.4
2026-04-19,02,12,4-1-2,8840,27,27,88.4
2026-04-19,09,1,1-2-3,580,2,2,5.8
2026-04-19,09,2,3-1-6,2170,18,10,42.4
2026-04-19,09,3,1-2-4,430,1,1,4.3
2026-04-19,09,4,4-2-1,7850,25,25,78.5
2026-04-19,09,5,1-4-3,7720,14,14,77.2
2026-04-19,09,6,1-2-4,410,1,1,4.1
2026-04-19,09,7,4-2-1,5780,30,30,57.8
2026-04-19,09,8,4-2-1,2410,9,9,24.1
2026-04-19,09,9,1-2-3,540,1,1,5.4
2026-04-19,09,10,1-2-4,740,3,3,7.4
2026-04-19,09,11,4-6-5,57310,81,81,573.1
2026-04-19,09,12,1-4-3,2090,7,7,20.9
2026-04-20,09,1,1-4-5,730,1,1,7.3
2026-04-20,09,2,4-1-3,1240,4,4,12.4
2026-04-20,09,3,2-1-3,950,3,3,9.5
2026-04-20,09,4,2-4-5,17530,43,43,175.3
2026-04-20,09,5,1-2-6,1210,5,5,12.1
2026-04-20,09,6,1-4-3,430,2,2,4.3
2026-04-20,09,7,1-3-4,3300,12,12,33.0
2026-04-20,09,8,1-3-4,410,1,1,4.1
2026-04-20,09,9,1-2-3,1590,5,5,15.9
2026-04-20,09,10,1-2-3,760,2,2,7.6
2026-04-20,09,11,4-5-6,32780,58,58,327.8
2026-04-20,09,12,3-4-1,29460,48,48,294.6
2026-04-20,22,1,1-5-6,37920,48,48,379.2
2026-04-20,22,2,1-2-5,1690,6,6,16.9
2026-04-20,22,3,3-1-5,3220,14,14,32.2
2026-04-20,22,4,1-3-4,1770,6,6,17.7
2026-04-20,22,5,1-2-3,610,1,1,6.1
2026-04-20,22,6,1-2-6,1490,5,5,14.9
2026-04-20,22,7,4-5-6,6700,23,23,67.0
2026-04-20,22,8,1-3-4,440,1,1,4.4
2026-04-20,22,9,1-2-3,730,1,1,7.3
2026-04-20,22,10,1-2-4,840,2,2,8.4
2026-04-20,22,11,1-5-3,2200,10,10,22.0
2026-04-20,22,12,1-4-2,2840,10,10,28.4
2026-04-21,22,1,1-4-3,3080,10,10,30.8
2026-04-21,22,2,1-3-6,3330,14,14,33.3
2026-04-21,22,3,1-3-4,690,1,1,6.9
2026-04-21,22,4,1-2-6,2350,10,10,23.5
2026-04-21,22,5,6-4-3,3710,17,17,37.1
2026-04-21,22,6,4-2-5,6710,23,23,67.1
2026-04-21,22,7,1-2-6,520,2,2,5.2
2026-04-21,22,8,1-2-3,610,1,1,6.1
2026-04-21,22,9,6-5-4,107140,110,110,1071.0
2026-04-21,22,10,1-4-2,660,2,2,6.6
2026-04-21,22,11,1-3-2,790,3,3,7.9
2026-04-21,22,12,1-4-6,1380,6,6,13.8
2026-04-22,14,1,1-3-5,1010,4,4,10.1
2026-04-22,14,2,5-1-6,5510,18,18,55.1
2026-04-22,14,3,4-6-3,21510,51,51,215.1
2026-04-22,14,4,6-1-3,8700,25,25,87.0
2026-04-22,14,5,1-2-4,1760,4,4,17.6
2026-04-22,14,6,5-1-2,1770,4,4,17.7
2026-04-22,14,7,1-3-4,530,2,2,5.3
2026-04-22,14,8,1-3-2,3500,7,7,35.0
2026-04-22,14,9,4-2-3,3630,11,11,36.3
2026-04-22,14,10,4-1-2,19050,48,48,190.5
2026-04-22,14,11,1-4-5,3540,12,12,35.4
2026-04-22,14,12,1-2-3,960,1,1,9.6
2026-04-22,22,1,3-2-6,8690,17,17,86.9
2026-04-22,22,2,4-3-5,13390,43,43,133.9
2026-04-22,22,3,3-1-2,1260,3,3,12.6
2026-04-22,22,4,1-4-2,2040,6,6,20.4
2026-04-22,22,5,1-3-2,1890,7,7,18.9
2026-04-22,22,6,1-6-2,4290,19,19,42.9
2026-04-22,22,7,4-1-5,3080,7,7,30.8
2026-04-22,22,8,1-3-2,620,2,2,6.2
2026-04-22,22,9,1-4-6,3400,11,11,34.0
2026-04-22,22,10,3-1-4,2450,10,10,24.5
2026-04-22,22,11,1-2-5,630,1,1,6.3
2026-04-22,22,12,1-5-4,4250,17,17,42.5
2026-04-23,14,1,1-6-2,2480,10,10,24.8
2026-04-23,14,2,2-3-1,5450,23,23,54.5
2026-04-23,14,3,1-4-5,970,3,3,9.7
2026-04-23,14,4,2-4-1,2770,11,11,27.7
2026-04-23,14,5,6-2-3,1570,4,4,15.7
2026-04-23,14,6,2-4-5,6480,23,23,64.8
2026-04-23,14,7,1-4-5,630,1,1,6.3
2026-04-23,14,8,4-6-5,3770,15,15,37.7
2026-04-23,14,9,1-4-5,4020,13,13,40.2
2026-04-23,14,10,2-3-6,1840,1,1,18.4
2026-04-23,14,11,6-4-3,5830,62,25,191.4
2026-04-23,14,12,1-2-3,640,3,3,6.4
2026-04-23,22,1,1-2-4,430,2,2,4.3
2026-04-23,22,2,1-6-4,2990,12,12,29.9
2026-04-23,22,3,1-2-5,21010,44,44,210.1
2026-04-23,22,4,1-3-4,2690,10,10,26.9
2026-04-23,22,5,2-5-4,1290,2,2,12.9
2026-04-23,22,6,5-3-2,1080,3,2,10.8
2026-04-23,22,7,1-3-2,500,2,2,5.0
2026-04-23,22,8,1-4-3,1810,7,7,18.1
2026-04-23,22,9,1-4-5,3970,13,13,39.7
2026-04-23,22,10,1-3-2,4830,17,17,48.3
2026-04-23,22,11,2-1-6,17190,35,35,171.9
2026-04-23,22,12,2-5-1,1700,6,6,17.0
2026-04-24,04,1,4-1-3,1500,3,3,15.0
2026-04-24,04,2,3-2-5,2390,10,10,23.9
2026-04-24,04,3,2-5-1,2060,9,9,20.6
2026-04-24,04,4,2-1-4,2250,8,8,22.5
2026-04-24,04,5,1-3-5,1700,9,9,17.0
2026-04-24,04,6,4-6-3,5210,53,15,165.8
2026-04-24,04,7,2-5-1,5460,24,24,54.6
2026-04-24,04,8,3-1-4,2980,10,10,29.8
2026-04-24,04,9,1-3-5,2110,7,7,21.1
2026-04-24,04,10,1-3-2,940,2,2,9.4
2026-04-24,04,11,1-5-2,11960,32,32,119.6
2026-04-24,04,12,1-2-4,820,2,2,8.2
2026-04-24,09,1,1-4-5,1210,6,6,12.1
2026-04-24,09,2,5-2-3,55170,118,118,551.7
2026-04-24,09,3,3-4-6,2570,7,7,25.7
2026-04-24,09,4,1-2-6,4540,18,18,45.4
2026-04-24,09,5,1-6-3,6840,21,21,68.4
2026-04-24,09,6,1-3-2,1370,4,4,13.7
2026-04-24,09,7,6-1-2,3040,13,13,30.4
2026-04-24,09,8,1-3-2,1130,3,3,11.3
2026-04-24,09,9,2-4-5,5070,22,22,50.7
2026-04-24,09,10,1-6-4,5290,14,14,52.9
2026-04-24,09,11,2-3-4,61730,67,67,617.3
2026-04-24,09,12,1-5-2,1860,7,7,18.6
2026-04-24,14,1,1-2-3,600,1,1,6.0
2026-04-24,14,2,1-2-5,430,1,1,4.3
2026-04-24,14,3,3-6-2,11880,39,39,118.8
2026-04-24,14,4,4-1-2,5760,26,26,57.6
2026-04-24,14,5,1-5-6,1170,2,2,11.7
2026-04-24,14,6,1-5-3,4100,16,16,41.0
2026-04-24,14,7,3-6-2,4750,16,16,47.5
2026-04-24,14,8,6-2-1,2520,5,5,25.2
2026-04-24,14,9,2-4-3,18960,70,70,189.6
2026-04-24,14,10,1-3-6,4050,14,14,40.5
2026-04-24,14,11,1-3-2,840,2,2,8.4
2026-04-24,14,12,1-2-3,490,1,1,4.9
2026-04-24,22,1,1-3-5,1210,5,5,12.1
2026-04-24,22,2,4-1-2,1860,7,7,18.6
2026-04-24,22,3,3-1-4,770,2,2,7.7
2026-04-24,22,4,2-4-5,37890,64,64,378.9
2026-04-24,22,5,1-4-3,780,2,2,7.8
2026-04-24,22,6,1-4-3,360,1,1,3.6
2026-04-24,22,7,1-2-3,1330,5,5,13.3
2026-04-24,22,8,2-1-6,5960,18,18,59.6
2026-04-24,22,9,1-3-4,910,4,4,9.1
2026-04-24,22,10,1-2-5,550,2,2,5.5
2026-04-24,22,11,1-2-3,280,1,1,2.8
2026-04-24,22,12,1-2-3,490,2,2,4.9
2026-04-25,04,1,3-2-4,590,1,1,5.9
2026-04-25,04,2,2-6-5,3460,7,7,34.6
2026-04-25,04,3,4-6-1,1250,2,2,12.5
2026-04-25,04,4,2-5-4,2310,8,8,23.1
2026-04-25,04,5,1-5-4,2390,8,8,23.9
2026-04-25,04,6,1-3-4,3850,14,14,38.5
2026-04-25,04,7,1-4-3,2770,11,11,27.7
2026-04-25,04,8,4-5-1,1330,5,5,13.3
2026-04-25,04,9,1-2-5,650,1,1,6.5
2026-04-25,04,10,1-3-6,650,1,1,6.5
2026-04-25,04,11,1-3-2,990,4,4,9.9
2026-04-25,04,12,1-5-2,1290,4,4,12.9
2026-04-25,09,1,1-5-4,1790,6,6,17.9
2026-04-25,09,2,3-1-4,7300,23,23,73.0
2026-04-25,09,3,1-6-2,10280,31,31,102.8
2026-04-25,09,4,2-4-6,14820,44,44,148.2
2026-04-25,09,5,3-1-4,3420,9,9,34.2
2026-04-25,09,6,1-6-5,700,2,2,7.0
2026-04-25,09,7,4-5-1,3960,14,14,39.6
2026-04-25,09,8,3-4-2,3290,17,17,32.9
2026-04-25,09,9,3-5-6,3180,9,9,31.8
2026-04-25,09,10,2-3-6,5970,20,20,59.7
2026-04-25,09,11,1-3-2,890,3,3,8.9
2026-04-25,09,12,1-5-3,1700,7,7,17.0
2026-04-25,14,1,3-2-5,1790,18,7,47.5
2026-04-25,14,2,3-1-5,11790,39,39,117.9
2026-04-25,14,3,2-4-3,6590,28,28,65.9
2026-04-25,14,4,1-2-4,300,1,1,3.0
2026-04-25,14,5,3-4-5,6770,34,34,67.7
2026-04-25,14,6,6-2-1,1100,2,2,11.0
2026-04-25,14,7,1-2-5,1360,2,2,13.6
2026-04-25,14,8,1-2-3,640,1,1,6.4
2026-04-25,14,9,5-4-1,10670,37,37,106.7
2026-04-25,14,10,1-4-2,630,2,2,6.3
2026-04-25,14,11,1-4-2,1110,4,4,11.1
2026-04-25,14,12,5-1-3,33210,59,59,332.1
2026-04-25,22,1,1-4-3,1300,6,6,13.0
2026-04-25,22,2,1-3-5,2840,8,8,28.4
2026-04-25,22,3,3-2-1,5950,18,18,59.5
2026-04-25,22,4,2-1-4,3710,14,14,37.1
2026-04-25,22,5,1-3-6,1460,5,5,14.6
2026-04-25,22,6,1-4-2,2630,11,11,26.3
2026-04-25,22,7,1-3-4,800,4,4,8.0
2026-04-25,22,8,1-6-4,4030,11,12,40.3
2026-04-25,22,9,1-5-4,6370,19,19,63.7
2026-04-25,22,10,1-2-3,510,1,1,5.1
2026-04-25,22,11,1-5-2,1690,6,6,16.9
2026-04-25,22,12,1-2-3,420,1,1,4.2
2026-04-26,03,1,2-3-4,1720,5,5,17.2
2026-04-26,03,2,3-4-5,11590,48,48,115.9
2026-04-26,03,3,3-4-1,5010,27,27,50.1
2026-04-26,03,4,2-1-4,3800,14,14,38.0
2026-04-26,03,5,1-3-5,1390,3,3,13.9
2026-04-26,03,6,6-1-4,50790,77,77,507.9
2026-04-26,03,7,2-3-5,11070,44,44,110.7
2026-04-26,03,8,4-5-3,37990,76,76,379.9
2026-04-26,03,9,4-3-1,6120,27,27,61.2
2026-04-26,03,10,1-4-2,1200,1,1,12.0
2026-04-26,03,11,1-3-2,1560,5,5,15.6
2026-04-26,03,12,2-1-4,5390,20,20,53.9
2026-04-26,04,1,5-4-2,2850,9,9,28.5
2026-04-26,04,2,4-2-6,1980,8,8,19.8
2026-04-26,04,3,3-1-5,1390,5,5,13.9
2026-04-26,04,4,4-1-2,4660,19,19,46.6
2026-04-26,04,5,1-5-2,2320,12,12,23.2
2026-04-26,04,6,2-6-1,990,2,2,9.9
2026-04-26,04,7,3-4-1,1430,3,3,14.3
2026-04-26,04,8,2-1-4,5900,19,19,59.0
2026-04-26,04,9,2-3-6,3120,10,10,31.2
2026-04-26,04,10,1-2-3,2730,8,8,27.3
2026-04-26,04,11,3-1-2,1200,4,4,12.0
2026-04-26,04,12,1-5-4,3870,13,13,38.7
2026-04-26,09,1,1-3-5,900,1,1,9.0
2026-04-26,09,2,1-2-4,570,1,1,5.7
2026-04-26,09,3,6-3-5,6710,23,23,67.1
2026-04-26,09,4,2-4-6,10420,79,33,365.1
2026-04-26,09,5,1-5-2,3000,9,9,30.0
2026-04-26,09,6,3-5-6,1220,2,2,12.2
2026-04-26,09,7,1-2-3,780,3,3,7.8
2026-04-26,09,8,5-2-3,6520,23,23,65.2
2026-04-26,09,9,2-1-3,1600,4,4,16.0
2026-04-26,09,10,1-3-6,860,3,3,8.6
2026-04-26,09,11,1-4-3,10550,32,32,105.5
2026-04-26,09,12,1-6-3,6110,22,22,61.1
2026-04-27,03,1,4-1-5,2350,7,7,23.5
2026-04-27,03,2,5-4-1,3450,14,14,34.5
2026-04-27,03,3,5-6-4,40850,93,93,408.5
2026-04-27,03,4,4-5-6,1500,4,4,15.0
2026-04-27,03,5,4-1-5,3290,16,15,32.9
2026-04-27,03,6,4-6-3,41290,79,79,412.9
2026-04-27,03,7,2-4-3,850,1,1,8.5
2026-04-27,03,8,4-5-1,1380,5,5,13.8
2026-04-27,03,9,1-5-6,1990,6,6,19.9
2026-04-27,03,10,1-2-3,2260,3,3,22.6
2026-04-27,03,11,3-2-5,27020,70,70,270.2
2026-04-27,03,12,1-3-2,980,2,2,9.8
2026-04-27,04,1,1-3-2,2990,11,11,29.9
2026-04-27,04,2,2-4-1,1560,6,6,15.6
2026-04-27,04,3,2-3-1,1270,2,2,12.7
2026-04-27,04,4,6-2-3,2230,5,5,22.3
2026-04-27,04,5,1-4-3,1330,5,5,13.3
2026-04-27,04,6,6-2-1,2160,6,6,21.6
2026-04-27,04,7,5-1-2,810,2,2,8.1
2026-04-27,04,8,1-2-6,7020,26,26,70.2
2026-04-27,04,9,1-2-4,1040,3,3,10.4
2026-04-27,04,10,3-4-1,2800,20,9,60.3
2026-04-27,04,11,2-6-1,9390,34,34,93.9
2026-04-27,04,12,1-3-4,340,1,1,3.4
2026-04-27,09,1,1-6-2,2480,8,8,24.8
2026-04-27,09,2,5-6-4,7150,28,28,71.5
2026-04-27,09,3,2-4-6,3030,6,6,30.3
2026-04-27,09,4,3-2-5,2520,7,7,25.2
2026-04-27,09,5,1-2-3,560,1,1,5.6
2026-04-27,09,6,5-4-1,7100,40,40,71.0
2026-04-27,09,7,2-5-3,1030,2,2,10.3
2026-04-27,09,8,3-5-2,4400,16,16,44.0
2026-04-27,09,9,2-1-3,1900,14,7,35.9
2026-04-27,09,10,1-5-3,6100,25,25,61.0
2026-04-27,09,11,1-4-2,790,2,2,7.9
2026-04-27,09,12,1-2-3,1260,3,3,12.6
2026-04-28,03,1,3-4-5,6260,28,28,62.6
2026-04-28,03,2,1-5-2,7060,27,27,70.6
2026-04-28,03,3,2-4-3,1180,2,2,11.8
2026-04-28,03,4,5-1-4,4960,21,21,49.6
2026-04-28,03,5,1-5-6,5180,21,21,51.8
2026-04-28,03,6,3-4-2,21160,67,67,211.6
2026-04-28,03,7,1-2-5,1000,2,2,10.0
2026-04-28,04,1,5-1-6,1970,2,2,19.7
2026-04-28,04,2,3-4-2,4370,24,24,43.7
2026-04-28,04,3,1-3-2,1930,7,7,19.3
2026-04-28,04,4,1-5-3,1260,3,3,12.6
2026-04-28,04,5,4-3-1,1990,7,7,19.9
2026-04-28,04,6,3-4-5,1150,1,1,11.5
2026-04-28,04,7,1-5-4,9540,37,37,95.4
2026-04-28,04,8,4-3-1,10660,29,29,106.6
2026-04-28,04,9,1-2-3,3110,11,11,31.1
2026-04-28,04,10,2-4-1,5530,17,17,55.3
2026-04-28,04,11,1-2-6,2460,8,8,24.6
2026-04-28,04,12,1-2-4,770,3,3,7.7
2026-04-29,03,1,3-5-1,5370,23,23,53.7
2026-04-29,03,2,2-1-4,1850,7,7,18.5
2026-04-29,03,3,1-4-6,49280,74,74,492.8
2026-04-29,03,4,1-3-5,1420,4,4,14.2
2026-04-29,03,5,3-1-4,4950,18,18,49.5
2026-04-29,03,6,5-2-4,4240,18,18,42.4
2026-04-29,03,7,1-2-3,1070,2,2,10.7
2026-04-29,03,8,2-1-4,3190,12,12,31.9
2026-04-29,03,9,4-2-5,2850,9,9,28.5
2026-04-29,03,10,1-2-3,340,1,1,3.4
2026-04-29,03,11,3-1-6,3280,13,13,32.8
2026-04-29,03,12,1-2-6,3020,14,14,30.2
2026-04-29,04,1,4-1-2,2500,9,9,25.0
2026-04-29,04,2,4-2-1,1780,6,6,17.8
2026-04-29,04,3,1-3-2,780,2,2,7.8
2026-04-29,04,4,1-4-3,2010,8,8,20.1
2026-04-29,04,5,1-5-2,14920,36,36,149.2
2026-04-29,04,6,1-2-3,3050,14,14,30.5
2026-04-29,04,7,1-4-2,2150,8,8,21.5
2026-04-29,04,8,5-6-3,30970,61,61,309.7
2026-04-29,04,9,4-1-6,7580,27,27,75.8
2026-04-29,04,10,2-4-6,31110,68,68,311.1
2026-04-29,04,11,4-2-1,11180,30,30,111.8
2026-04-29,04,12,1-3-2,860,2,2,8.6
2026-04-29,14,1,4-5-1,3300,12,12,33.0
2026-04-29,14,2,1-2-4,610,1,1,6.1
2026-04-29,14,3,1-4-6,1360,5,5,13.6
2026-04-29,14,4,1-4-3,1360,7,7,13.6
2026-04-29,14,5,2-4-1,1440,4,4,14.4
2026-04-29,14,6,3-1-2,2190,6,6,21.9
2026-04-29,14,7,6-3-1,2800,10,10,28.0
2026-04-29,14,8,5-2-4,7680,28,28,76.8
2026-04-29,14,9,5-2-3,39330,66,66,393.3
2026-04-29,14,10,1-2-3,980,2,2,9.8
2026-04-29,14,11,5-1-4,7830,30,30,78.3
2026-04-29,14,12,1-4-5,1680,4,4,16.8
2026-04-29,22,1,4-1-3,8250,22,22,82.5
2026-04-29,22,2,1-3-5,9440,31,31,94.4
2026-04-29,22,3,3-4-5,1350,7,7,13.5
2026-04-29,22,4,3-2-5,1790,6,6,17.9
2026-04-29,22,5,1-4-6,2110,7,7,21.1
2026-04-29,22,6,1-2-3,740,2,2,7.4
2026-04-29,22,7,1-5-6,14230,26,26,142.3
2026-04-29,22,8,1-2-6,2650,11,11,26.5
2026-04-29,22,9,1-3-4,1040,3,3,10.4
2026-04-29,22,10,1-5-2,5100,19,19,51.0
2026-04-29,22,11,1-2-4,710,1,1,7.1
2026-04-29,22,12,1-2-4,880,3,3,8.8
2026-04-30,03,1,2-1-4,3630,14,14,36.3
2026-04-30,03,2,1-4-6,760,2,1,16.1
2026-04-30,03,3,3-5-4,9460,32,32,94.6
2026-04-30,03,4,1-3-2,1130,5,5,11.3
2026-04-30,03,5,2-1-3,3060,12,12,30.6
2026-04-30,03,6,1-3-4,3270,10,10,32.7
2026-04-30,03,7,1-2-3,700,1,1,7.0
2026-04-30,03,8,1-2-4,680,1,1,6.8
2026-04-30,03,9,1-4-6,1420,7,7,14.2
2026-04-30,03,10,2-1-4,2400,9,9,24.0
2026-04-30,03,11,1-2-5,2470,7,7,24.7
2026-04-30,03,12,3-1-5,8940,28,28,89.4
2026-04-30,09,1,1-3-2,780,3,3,7.8
2026-04-30,09,2,1-6-2,610,1,1,6.1
2026-04-30,09,3,2-6-1,14700,44,44,147.0
2026-04-30,09,4,2-6-5,10790,33,33,107.9
2026-04-30,09,5,1-4-5,3390,13,13,33.9
2026-04-30,09,6,4-1-6,4430,16,16,44.3
2026-04-30,09,7,3-4-2,14940,41,41,149.4
2026-04-30,09,8,1-2-3,1420,5,5,14.2
2026-04-30,09,9,1-5-3,940,3,3,9.4
2026-04-30,09,10,4-2-6,6460,21,21,64.6
2026-04-30,09,11,1-2-4,470,1,1,4.7
2026-04-30,09,12,1-5-2,1820,7,7,18.2
2026-04-30,14,1,1-3-4,580,3,2,5.8
2026-04-30,14,2,5-2-4,5330,29,29,53.3
2026-04-30,14,3,1-5-2,1220,5,5,14.0
2026-04-30,14,4,2-5-6,31400,64,64,314.0
2026-04-30,14,5,2-1-4,2040,3,3,20.4
2026-04-30,14,6,3-1-2,4470,22,22,44.7
2026-04-30,14,7,1-2-5,4140,16,16,41.4
2026-04-30,14,8,1-2-4,3660,13,13,36.6
2026-04-30,14,9,3-2-5,1850,8,8,18.5
2026-04-30,14,10,5-1-4,56300,67,67,563.0
2026-04-30,14,11,1-2-3,1960,5,5,19.6
2026-04-30,14,12,3-4-1,5500,17,17,55.0
2026-04-30,22,1,3-2-1,1870,7,7,18.7
2026-04-30,22,2,2-1-5,2370,6,6,23.7
2026-04-30,22,3,3-5-2,9970,32,32,99.7
2026-04-30,22,4,1-2-6,1400,4,4,14.0
2026-04-30,22,5,4-1-2,2170,8,8,21.7
2026-04-30,22,6,6-3-2,3700,16,16,37.0
2026-04-30,22,7,1-3-2,530,1,1,5.3
2026-04-30,22,8,1-2-3,880,4,4,8.8
2026-04-30,22,9,1-3-6,740,2,2,7.4
2026-04-30,22,10,1-2-3,1510,4,4,15.1
2026-04-30,22,11,1-4-5,1680,5,5,16.8
2026-04-30,22,12,1-5-2,1520,6,6,15.2
2026-05-01,02,1,1-3-2,4460,19,19,44.6
2026-05-01,02,2,4-5-1,2570,11,10,25.7
2026-05-01,02,3,2-4-6,1020,1,1,10.2
2026-05-01,02,4,5-1-4,11950,36,36,119.5
2026-05-01,02,5,3-1-5,19280,47,47,192.8
2026-05-01,02,6,4-2-5,9310,41,41,93.1
2026-05-01,02,7,4-1-3,4890,20,20,48.9
2026-05-01,02,8,3-2-6,1750,6,6,17.5
2026-05-01,02,9,1-6-3,2950,10,10,29.5
2026-05-01,02,10,2-4-1,13010,59,59,130.1
2026-05-01,02,11,4-3-6,9990,31,31,99.9
2026-05-01,02,12,4-1-5,12050,33,33,120.5
2026-05-01,03,1,1-4-2,3040,11,11,30.4
2026-05-01,03,2,3-1-4,6010,27,27,60.1
2026-05-01,03,3,1-3-6,2590,11,11,25.9
2026-05-01,03,4,3-5-2,13960,49,49,139.6
2026-05-01,03,5,1-3-5,800,1,1,8.0
2026-05-01,03,6,6-2-3,6590,28,28,65.9
2026-05-01,03,7,1-2-3,1570,2,2,15.7
2026-05-01,03,8,1-2-4,1820,9,9,18.2
2026-05-01,03,9,3-2-5,2390,7,7,23.9
2026-05-01,03,10,1-2-5,860,2,2,8.6
2026-05-01,03,11,1-3-4,950,1,1,9.5
2026-05-01,03,12,2-5-3,16770,48,48,167.7
2026-05-01,09,1,2-1-6,5070,14,14,50.7
2026-05-01,09,2,5-4-2,4500,18,18,45.0
2026-05-01,09,3,1-3-2,2820,8,8,28.2
2026-05-01,09,4,1-3-2,8580,34,34,85.8
2026-05-01,09,5,1-3-5,520,2,2,5.2
2026-05-01,09,6,3-4-1,7380,35,35,73.8
2026-05-01,09,7,4-2-5,7350,43,43,73.5
2026-05-01,14,1,1-2-3,1380,3,3,13.8
2026-05-01,14,2,5-1-2,6240,18,18,62.4
2026-05-01,14,3,1-3-4,1090,1,1,10.9
2026-05-01,14,4,1-2-5,1020,4,4,10.2
2026-05-01,14,5,1-2-6,2020,9,9,20.2
2026-05-01,14,6,3-5-2,2880,11,11,28.8
2026-05-01,14,7,2-3-1,2480,8,8,24.8
2026-05-01,14,8,3-2-5,4740,18,18,47.4
2026-05-01,14,9,2-5-1,2720,9,9,27.2
2026-05-01,14,10,3-6-4,8740,32,32,87.4
2026-05-01,14,11,4-1-5,4480,20,20,44.8
2026-05-01,14,12,4-3-5,1800,90,9,534.4
2026-05-01,22,1,6-1-3,2970,14,14,29.7
2026-05-01,22,2,2-1-3,3550,13,13,35.5
2026-05-01,22,3,1-3-2,1640,6,6,16.4
2026-05-01,22,4,4-2-5,2210,5,5,22.1
2026-05-01,22,5,1-6-2,9010,29,29,90.1
2026-05-01,22,6,3-5-1,10530,40,40,105.3
2026-05-01,22,7,5-3-1,2360,9,9,23.6
2026-05-01,22,8,2-1-3,910,2,2,9.1
2026-05-01,22,9,1-3-4,820,2,2,8.2
2026-05-01,22,10,2-1-3,1010,3,3,10.1
2026-05-01,22,11,1-4-3,2530,9,9,25.3
2026-05-01,22,12,1-5-6,2770,11,11,27.7
2026-05-02,02,1,3-5-1,8090,28,28,80.9
2026-05-02,02,2,5-2-4,2310,6,6,23.1
2026-05-02,02,3,4-5-2,1000,1,1,10.0
2026-05-02,02,4,2-4-5,1310,5,5,13.1
2026-05-02,02,5,1-4-2,1110,5,5,11.1
2026-05-02,02,6,3-1-2,2590,14,14,25.9
2026-05-02,02,7,1-2-6,900,4,4,9.0
2026-05-02,02,8,4-5-3,1770,74,8,293.6
2026-05-02,02,9,1-3-6,2910,11,11,29.1
2026-05-02,02,10,4-5-1,3520,15,15,35.2
2026-05-02,02,11,4-5-1,2100,7,7,21.0
2026-05-02,02,12,2-3-6,38050,58,58,380.5
2026-05-02,09,1,1-2-4,710,1,1,7.1
2026-05-02,09,2,4-2-5,5890,24,24,58.9
2026-05-02,09,3,4-6-1,7870,29,29,78.7
2026-05-02,09,4,3-1-4,1490,3,3,14.9
2026-05-02,09,5,1-3-2,580,2,2,5.8
2026-05-02,09,6,1-2-6,770,2,2,7.7
2026-05-02,09,7,1-3-4,2040,4,4,20.4
2026-05-02,09,8,3-4-2,40070,69,69,400.7
2026-05-02,09,9,1-3-6,630,1,1,6.3
2026-05-02,09,10,4-6-3,24630,44,44,246.3
2026-05-02,09,11,1-4-5,1790,8,8,17.9
2026-05-02,09,12,1-4-5,1330,7,7,13.3
2026-05-02,14,1,4-2-3,28840,40,40,288.4
2026-05-02,14,2,1-4-3,1320,3,3,13.2
2026-05-02,14,3,2-5-4,2510,8,8,25.1
2026-05-02,14,4,1-2-3,1140,2,2,11.4
2026-05-02,14,5,3-2-6,6420,25,26,64.2
2026-05-02,14,6,3-1-5,2530,11,11,25.3
2026-05-02,14,7,3-1-4,1910,7,7,19.1
2026-05-02,14,8,1-2-3,750,1,1,7.5
2026-05-02,14,9,1-4-5,14420,52,52,144.2
2026-05-02,14,10,1-3-2,830,1,1,8.3
2026-05-02,14,11,1-4-3,3180,11,11,31.8
2026-05-02,14,12,1-3-2,790,2,2,7.9
2026-05-02,22,1,1-4-2,7350,22,22,73.5
2026-05-02,22,2,3-2-4,2880,12,12,28.8
2026-05-02,22,3,3-5-1,9800,44,44,98.0
2026-05-02,22,4,3-2-5,2510,9,9,25.1
2026-05-02,22,5,1-3-4,2140,9,9,21.4
2026-05-02,22,6,2-1-5,1960,7,7,19.6
2026-05-02,22,7,1-5-3,7770,26,26,77.7
2026-05-02,22,8,1-2-3,490,2,2,4.9
2026-05-02,22,9,5-1-2,84540,109,109,845.4
2026-05-02,22,10,3-5-6,33670,58,58,336.7
2026-05-02,22,11,1-3-4,1200,4,4,12.0
2026-05-02,22,12,2-1-4,3470,10,10,34.7
2026-05-03,02,1,3-5-2,1680,6,6,16.8
2026-05-03,02,2,3-4-2,6410,27,27,64.1
2026-05-03,02,3,3-6-5,1730,3,3,17.3
2026-05-03,02,4,3-6-2,3860,17,17,38.6
2026-05-03,02,5,1-2-4,1160,4,4,11.6
2026-05-03,02,6,3-2-6,4510,17,17,45.1
2026-05-03,02,7,3-2-1,6090,16,16,60.9
2026-05-03,02,8,5-3-1,18270,41,41,182.7
2026-05-03,02,9,4-6-1,14290,39,39,142.9
2026-05-03,02,10,4-3-1,5880,17,17,58.8
2026-05-03,02,11,3-4-2,7270,25,25,72.7
2026-05-03,02,12,2-5-4,17270,50,50,172.7
2026-05-03,04,1,4-5-1,7240,38,38,72.4
2026-05-03,04,2,1-2-3,560,1,1,5.6
2026-05-03,04,3,1-3-6,2490,3,3,24.9
2026-05-03,04,4,1-2-4,2770,13,13,27.7
2026-05-03,04,5,1-3-6,38320,77,77,383.2
2026-05-03,04,6,1-2-5,1160,1,1,11.6
2026-05-03,04,7,2-5-1,5340,24,24,53.4
2026-05-03,04,8,3-1-6,13820,39,39,138.2
2026-05-03,04,9,3-1-5,1210,2,2,12.1
2026-05-03,04,10,1-4-6,9460,27,27,94.6
2026-05-03,04,11,3-1-5,10170,31,31,101.7
2026-05-03,04,12,3-1-6,2480,9,9,24.8
2026-05-03,09,1,1-5-2,4110,15,15,41.1
2026-05-03,09,2,2-5-1,1620,6,6,16.2
2026-05-03,09,3,2-1-3,16610,65,65,166.1
2026-05-03,09,4,1-3-5,1150,1,1,11.5
2026-05-03,09,5,5-1-2,12560,25,25,125.6
2026-05-03,09,6,1-5-6,5800,22,22,58.0
2026-05-03,09,7,5-4-3,5910,25,25,59.1
2026-05-03,09,8,4-3-1,6910,26,26,69.1
2026-05-03,09,9,3-4-2,3220,14,14,32.2
2026-05-03,09,10,1-3-2,430,1,1,4.3
2026-05-03,09,11,1-2-3,470,1,1,4.7
2026-05-03,09,12,2-1-3,1320,5,5,13.2
2026-05-03,14,1,1-5-3,1590,5,5,15.9
2026-05-03,14,2,1-4-6,5350,24,24,53.5
2026-05-03,14,3,1-5-2,4020,15,15,40.2
2026-05-03,14,4,1-2-5,1680,7,7,16.8
2026-05-03,14,5,4-3-6,7200,28,28,72.0
2026-05-03,14,6,3-5-4,2740,15,15,27.4
2026-05-03,14,7,3-2-5,26120,71,71,261.2
2026-05-03,14,8,4-2-3,14280,69,69,142.8
2026-05-03,14,9,3-1-2,2090,6,6,20.9
2026-05-03,14,10,2-3-1,5760,17,17,57.6
2026-05-03,14,11,2-1-3,4040,15,15,40.4
2026-05-03,14,12,1-3-2,1060,3,3,10.6
2026-05-03,22,1,1-2-6,1410,6,6,14.1
2026-05-03,22,2,1-3-5,580,1,1,5.8
2026-05-03,22,3,1-5-4,3790,16,16,37.9
2026-05-03,22,4,1-4-5,850,3,3,8.5
2026-05-03,22,5,4-5-6,11170,32,32,111.7
2026-05-03,22,6,6-4-2,3810,15,15,38.1
2026-05-03,22,7,1-5-4,810,2,2,8.1
2026-05-03,22,8,1-5-3,2660,10,10,26.6
2026-05-03,22,9,1-2-4,790,3,3,7.9
2026-05-03,22,10,1-3-4,490,1,1,4.9
2026-05-03,22,11,1-2-3,440,1,1,4.4
2026-05-03,22,12,1-3-2,810,2,2,8.1
2026-05-04,02,1,6-2-3,3870,18,18,38.7
2026-05-04,02,2,2-4-1,4050,14,14,40.5
2026-05-04,02,3,3-4-1,2150,8,8,21.5
2026-05-04,02,4,2-3-4,5050,22,22,50.5
2026-05-04,02,5,1-5-2,3800,15,15,38.0
2026-05-04,02,6,3-5-4,1180,2,2,11.8
2026-05-04,02,8,1-3-2,1520,3,3,15.2
2026-05-04,02,9,1-4-3,1640,5,4,16.4
2026-05-04,02,10,2-3-1,1830,6,6,18.3
2026-05-04,02,11,1-6-2,1910,8,8,19.1
2026-05-04,02,12,1-2-4,590,1,1,5.9
2026-05-04,04,1,1-2-3,5140,21,21,51.4
2026-05-04,04,2,3-1-5,18200,47,47,182.0
2026-05-04,04,3,1-2-6,3890,15,15,38.9
2026-05-04,04,4,1-4-3,4480,21,21,44.8
2026-05-04,04,5,1-2-4,2610,9,9,26.1
2026-05-04,04,6,5-1-3,5610,29,29,56.1
2026-05-04,04,7,2-1-3,2560,7,7,25.6
2026-05-04,04,8,1-4-6,3110,11,11,31.1
2026-05-04,04,9,3-1-5,1770,6,6,17.7
2026-05-04,04,10,2-1-3,2650,8,8,26.5
2026-05-04,04,11,1-2-3,640,1,1,6.4
2026-05-04,04,12,1-5-4,2600,10,10,26.0
2026-05-04,14,1,1-4-3,7790,28,28,77.9
2026-05-04,14,2,1-5-3,1920,7,7,19.2
2026-05-04,14,3,1-2-3,1070,1,1,10.7
2026-05-04,14,4,2-4-6,46180,93,93,461.8
2026-05-04,14,5,4-2-5,1770,3,3,17.7
2026-05-04,14,6,4-1-5,1890,7,7,18.9
2026-05-04,14,7,4-1-2,2490,7,7,24.9
2026-05-04,14,8,2-1-6,3150,12,12,31.5
2026-05-04,14,9,3-1-4,3720,15,15,37.2
2026-05-04,14,10,4-1-6,5240,22,22,52.4
2026-05-04,14,11,1-4-2,1260,5,5,12.6
2026-05-04,14,12,1-4-3,1750,6,6,17.5
2026-05-04,22,1,2-1-4,4100,15,15,41.0
2026-05-04,22,2,1-4-2,2420,10,10,24.2
2026-05-04,22,3,1-3-6,1350,3,3,13.5
2026-05-04,22,4,1-4-5,2360,7,7,23.6
2026-05-04,22,5,5-3-2,7070,27,27,70.7
2026-05-04,22,6,1-2-3,710,3,3,7.1
2026-05-04,22,7,3-1-5,9860,21,21,98.6
2026-05-04,22,8,1-3-2,1680,7,7,16.8
2026-05-04,22,9,1-3-4,940,4,4,9.4
2026-05-04,22,10,1-3-2,910,3,3,9.1
2026-05-04,22,11,1-5-2,1790,7,7,17.9
2026-05-04,22,12,3-4-2,12070,34,34,120.7
2026-05-05,02,1,2-1-4,3510,13,13,35.1
2026-05-05,02,2,1-6-4,1950,9,9,19.5
2026-05-05,02,3,4-5-6,5180,24,24,51.8
2026-05-05,02,4,1-2-3,630,1,1,6.3
2026-05-05,02,5,1-4-3,680,3,2,6.8
2026-05-05,02,6,1-3-2,5740,20,20,57.4
2026-05-05,02,7,3-1-4,1420,6,6,14.2
2026-05-05,02,8,6-4-2,1860,7,6,25.2
2026-05-05,02,9,2-1-5,1720,7,7,17.2
2026-05-05,02,10,2-6-5,26170,68,68,261.7
2026-05-05,02,11,2-1-5,5910,18,18,59.1
2026-05-05,02,12,5-2-6,24770,65,65,247.7
2026-05-05,04,1,2-4-1,4550,17,17,45.5
2026-05-05,04,2,2-4-6,30180,65,65,301.8
2026-05-05,04,3,3-2-5,1680,5,4,16.8
2026-05-05,04,4,5-2-6,12320,63,63,123.2
2026-05-05,04,5,3-6-5,5430,25,25,54.3
2026-05-05,04,6,1-5-2,1280,25,5,68.3
2026-05-05,04,7,4-1-5,23540,57,57,235.4
2026-05-05,04,8,3-4-2,11930,34,34,119.3
2026-05-05,04,9,5-2-1,3880,12,12,38.8
2026-05-05,04,10,1-5-4,8200,38,39,82.0
2026-05-05,04,11,5-6-1,38960,90,90,389.6
2026-05-05,04,12,5-2-1,21330,58,57,213.3
2026-05-05,09,1,1-6-3,14800,28,28,148.0
2026-05-05,09,2,1-2-4,1180,4,4,11.8
2026-05-05,09,3,1-3-2,3090,12,12,30.9
2026-05-05,09,4,1-3-5,7880,25,25,78.8
2026-05-05,09,5,1-3-5,590,1,1,5.9
2026-05-05,09,6,4-1-2,1130,3,3,11.3
2026-05-05,09,7,4-3-1,2680,10,10,26.8
2026-05-05,09,8,4-2-5,7570,23,22,75.7
2026-05-05,09,9,1-2-5,1230,5,5,12.3
2026-05-05,09,10,3-2-4,8380,23,23,83.8
2026-05-05,09,11,5-4-6,148600,89,89,1486.0
2026-05-05,09,12,1-4-5,1190,6,6,11.9
2026-05-06,02,1,3-2-1,8380,27,27,83.8
2026-05-06,02,2,2-4-1,10210,37,37,102.1
2026-05-06,02,3,1-3-6,840,3,3,8.4
2026-05-06,02,4,1-5-2,4170,11,11,41.7
2026-05-06,02,5,3-2-4,23950,45,45,239.5
2026-05-06,02,6,3-4-1,3030,12,12,30.3
2026-05-06,02,7,1-3-2,800,2,2,8.0
2026-05-06,02,8,4-3-1,3220,16,16,32.2
2026-05-06,02,9,6-5-4,8480,30,30,84.8
2026-05-06,02,10,1-2-5,3760,7,7,37.6
2026-05-06,02,11,5-1-3,5830,22,22,58.3
2026-05-06,02,12,5-1-3,6170,28,28,61.7
2026-05-06,04,1,1-3-4,690,2,2,6.9
2026-05-06,04,2,5-1-2,19340,30,30,193.4
2026-05-06,04,3,2-1-6,2020,6,5,20.2
2026-05-06,04,4,1-3-4,3090,9,9,30.9
2026-05-06,04,5,3-1-5,2730,8,8,27.3
2026-05-06,04,6,2-1-6,2620,6,6,26.2
2026-05-06,04,7,4-2-1,2050,7,7,20.5
2026-05-06,04,8,1-2-3,800,2,2,8.0
2026-05-06,04,9,1-3-2,660,2,2,6.6
2026-05-06,04,10,1-6-4,3420,12,12,34.2
2026-05-06,04,11,1-5-3,3080,13,13,30.8
2026-05-06,04,12,1-2-3,990,1,1,9.9
2026-05-06,09,1,1-2-3,410,1,1,4.1
2026-05-06,09,2,2-3-5,9090,36,36,90.9
2026-05-06,09,3,1-2-5,1390,6,6,13.9
2026-05-06,09,4,1-6-2,7490,20,20,74.9
2026-05-06,09,5,1-2-5,2390,7,7,23.9
2026-05-06,09,6,1-2-5,760,3,3,7.6
2026-05-06,09,7,1-3-4,350,1,1,3.5
2026-05-06,09,8,1-2-3,790,3,3,7.9
2026-05-06,09,9,1-2-3,600,1,1,6.0
2026-05-06,09,10,1-5-2,2180,10,10,21.8
2026-05-06,09,11,1-3-6,3070,12,12,30.7
2026-05-06,09,12,3-1-4,7630,18,18,76.3
2026-05-07,04,1,3-1-5,3770,17,17,37.7
2026-05-07,04,2,1-4-6,14390,57,57,143.9
2026-05-07,04,3,2-1-3,3460,11,11,34.6
2026-05-07,04,4,1-5-4,9210,26,26,92.1
2026-05-07,04,5,2-4-1,2800,9,9,28.0
2026-05-07,04,6,5-2-1,8780,107,49,230.8
2026-05-07,04,7,1-3-6,1530,5,5,22.7
2026-05-07,04,8,3-4-1,4530,15,15,45.3
2026-05-07,04,9,2-4-1,2630,10,10,26.3
2026-05-07,04,10,1-2-3,340,1,1,5.0
2026-05-07,04,11,1-6-2,2390,10,10,23.9
2026-05-07,04,12,1-2-4,1350,6,6,13.5
2026-05-08,04,1,2-5-1,3960,13,13,39.6
2026-05-08,04,2,3-5-6,13150,47,47,131.5
2026-05-08,04,3,5-4-3,25000,87,87,250.0
2026-05-08,04,4,5-6-3,9240,40,40,92.4
2026-05-08,04,5,4-6-1,28930,85,85,289.3
2026-05-08,04,6,4-3-1,3880,10,10,38.8
2026-05-08,04,7,1-2-3,810,2,2,8.1
2026-05-08,04,8,4-2-1,2810,8,8,28.1
2026-05-08,04,9,1-5-6,960,1,1,9.6
2026-05-08,04,10,1-2-4,560,1,1,5.6
2026-05-08,04,11,2-4-1,9540,28,28,95.4
2026-05-08,04,12,1-3-2,780,2,2,7.8
2026-05-08,14,1,1-2-5,2420,11,11,24.2
2026-05-08,14,2,1-2-3,4470,21,21,44.7
2026-05-08,14,3,1-3-2,710,3,3,7.1
2026-05-08,14,4,1-2-6,1350,5,5,13.5
2026-05-08,14,5,1-3-4,1110,3,3,11.1
2026-05-08,14,6,1-3-2,2830,8,8,28.3
2026-05-08,14,7,4-2-5,10420,32,32,104.2
2026-05-08,14,8,4-6-5,3140,11,11,31.4
2026-05-08,14,9,1-5-2,5290,19,19,52.9
2026-05-08,14,10,2-6-3,28300,75,75,283.0
2026-05-08,14,11,2-3-4,26460,58,58,264.6
2026-05-08,14,12,3-5-4,4950,73,23,189.5
2026-05-08,22,1,1-3-5,660,2,2,6.6
2026-05-08,22,2,1-3-2,1160,3,3,11.6
2026-05-08,22,3,1-4-2,5450,23,23,54.5
2026-05-08,22,4,2-1-6,5780,25,25,57.8
2026-05-08,22,5,2-3-1,1400,4,4,14.0
2026-05-08,22,6,2-4-1,2530,9,9,25.3
2026-05-08,22,7,3-4-5,9220,40,40,92.2
2026-05-08,22,8,4-5-2,3500,16,16,35.0
2026-05-08,22,9,4-6-1,3650,13,13,36.5
2026-05-08,22,10,1-2-3,650,2,2,6.5
2026-05-08,22,11,1-3-4,890,3,3,8.9
2026-05-08,22,12,1-2-5,1680,5,5,16.8
2026-05-09,09,1,2-1-3,5150,16,16,51.5
2026-05-09,09,2,1-2-4,1430,4,4,14.3
2026-05-09,09,3,4-3-6,15880,58,58,158.8
2026-05-09,09,4,4-5-6,1060,2,2,10.6
2026-05-09,09,5,1-2-4,740,2,2,7.4
2026-05-09,09,6,1-6-4,22340,70,70,223.4
2026-05-09,09,7,5-3-2,19840,54,54,198.4
2026-05-09,09,8,2-4-6,9560,32,32,95.6
2026-05-09,09,9,1-3-5,1260,4,4,12.6
2026-05-09,09,10,1-2-4,780,1,1,7.8
2026-05-09,09,11,3-4-5,12970,43,43,129.7
2026-05-09,09,12,3-1-2,7640,25,25,76.4
2026-05-09,14,1,1-6-4,3800,12,12,38.0
2026-05-09,14,2,4-6-5,21780,72,72,217.8
2026-05-09,14,3,1-5-2,1210,3,3,12.1
2026-05-09,14,4,4-5-2,4630,18,18,46.3
2026-05-09,14,5,2-1-3,2020,11,11,21.1
2026-05-09,14,6,2-1-4,780,2,2,7.8
2026-05-09,14,7,2-5-1,4090,16,16,40.9
2026-05-09,14,8,1-2-3,1140,3,3,11.4
2026-05-09,14,9,5-1-6,3080,2,2,30.8
2026-05-09,14,10,4-2-6,5290,18,18,52.9
2026-05-09,14,11,3-6-2,16650,57,57,166.5
2026-05-09,14,12,1-3-5,2440,11,11,24.4
2026-05-09,22,1,1-2-4,530,2,2,5.3
2026-05-09,22,2,3-6-1,1290,3,3,12.9
2026-05-09,22,3,1-3-2,2070,6,6,20.7
2026-05-09,22,4,1-2-4,980,2,2,9.8
2026-05-09,22,5,1-3-5,750,2,2,7.5
2026-05-09,22,6,1-2-5,670,1,1,6.7
2026-05-09,22,7,2-1-5,580,1,1,5.8
2026-05-09,22,8,1-4-2,490,1,1,4.9
2026-05-09,22,9,1-3-2,1730,7,7,17.3
2026-05-09,22,10,6-2-1,21040,39,39,210.4
2026-05-09,22,11,1-3-4,970,3,3,9.7
2026-05-09,22,12,1-4-6,2290,8,8,22.9
2026-05-10,09,1,1-3-6,1520,7,7,15.2
2026-05-10,09,2,3-6-2,28580,64,64,285.8
2026-05-10,09,3,2-3-1,6610,25,25,66.1
2026-05-10,09,4,4-1-5,6690,31,31,66.9
2026-05-10,09,5,1-6-4,5710,19,19,57.1
2026-05-10,09,6,2-3-1,840,2,2,8.4
2026-05-10,09,7,6-2-1,16090,70,70,160.9
2026-05-10,09,8,2-3-6,1920,4,4,19.2
2026-05-10,09,9,1-3-2,1420,5,5,14.2
2026-05-10,09,10,3-4-5,2980,9,9,29.8
2026-05-10,09,11,1-3-2,2370,11,11,23.7
2026-05-10,09,12,1-4-3,3570,15,15,35.7
2026-05-10,14,1,1-3-5,2610,11,11,26.1
2026-05-10,14,2,1-4-3,620,2,2,6.2
2026-05-10,14,3,3-1-5,4430,15,15,44.3
2026-05-10,14,4,1-3-2,1700,4,4,17.0
2026-05-10,14,5,3-6-4,4080,17,17,40.8
2026-05-10,14,6,3-5-2,9470,39,39,94.7
2026-05-10,14,7,1-4-3,4350,19,19,43.5
2026-05-10,14,8,3-1-5,1130,2,2,11.3
2026-05-10,14,9,3-1-5,690,1,1,6.9
2026-05-10,14,10,4-3-5,29260,66,66,292.6
2026-05-10,14,11,4-1-2,29070,45,45,290.7
2026-05-10,14,12,1-2-3,760,2,2,7.6
2026-05-10,22,1,3-2-6,57910,51,51,579.1
2026-05-10,22,2,1-6-2,5160,21,21,51.6
2026-05-10,22,3,2-3-4,1610,6,6,16.1
2026-05-10,22,4,2-4-3,2840,6,6,28.4
2026-05-10,22,5,2-5-1,1790,4,4,17.9
2026-05-10,22,6,1-3-5,13420,53,53,134.2
2026-05-10,22,7,1-3-5,390,1,1,3.9
2026-05-10,22,8,1-2-6,11890,31,31,118.9
2026-05-10,22,9,3-1-6,1040,4,4,10.4
2026-05-10,22,10,1-3-4,1200,2,2,12.0
2026-05-10,22,11,1-2-5,930,4,4,9.3
2026-05-10,22,12,1-2-4,1180,5,5,11.8
2026-05-11,03,1,3-4-1,3590,14,14,35.9
2026-05-11,03,2,2-3-1,1960,4,4,19.6
2026-05-11,03,3,4-3-1,8510,42,42,85.1
2026-05-11,03,4,4-1-2,6710,26,26,67.1
2026-05-11,03,5,1-5-3,11100,46,46,111.0
2026-05-11,03,6,6-1-2,16210,58,58,162.1
2026-05-11,09,1,1-3-5,640,1,1,6.4
2026-05-11,09,2,1-2-4,1880,5,5,18.8
2026-05-11,09,3,3-1-6,17500,54,54,175.0
2026-05-11,09,4,2-1-3,3910,18,18,39.1
2026-05-11,09,5,1-3-2,590,2,2,5.9
2026-05-11,09,6,1-3-5,760,1,1,7.6
2026-05-11,09,7,4-6-1,24830,62,62,248.3
2026-05-11,09,8,3-2-6,5100,23,23,51.0
2026-05-11,09,9,3-2-4,16120,40,40,161.2
2026-05-11,09,10,1-5-2,2620,10,10,26.2
2026-05-11,09,11,2-5-6,42270,67,67,422.7
2026-05-11,09,12,1-2-6,1560,6,6,15.6
2026-05-11,14,1,1-2-6,5090,18,18,50.9
2026-05-11,14,2,2-1-3,1510,4,4,15.1
2026-05-11,14,3,1-4-2,770,3,3,7.7
2026-05-11,14,4,1-2-3,1680,5,5,16.8
2026-05-11,14,5,2-1-6,12230,40,40,122.3
2026-05-11,14,6,3-6-4,75630,94,94,756.3
2026-05-11,14,7,1-2-3,1430,6,6,14.3
2026-05-11,14,8,1-2-3,4280,17,17,42.8
2026-05-11,14,9,2-5-4,2440,10,10,24.4
2026-05-11,14,10,1-2-3,380,1,1,3.8
2026-05-11,14,11,1-5-6,3610,14,14,36.1
2026-05-11,14,12,1-2-3,550,1,1,5.5
2026-05-11,22,1,1-3-5,790,4,3,7.9
2026-05-11,22,2,1-2-3,1580,5,5,15.8
2026-05-11,22,3,1-3-4,450,1,1,4.5
2026-05-11,22,4,2-4-3,10590,36,15,212.4
2026-05-11,22,5,1-3-4,780,2,2,7.8
2026-05-11,22,6,3-2-6,2610,11,11,26.1
2026-05-11,22,7,1-5-3,870,3,3,8.7
2026-05-11,22,8,1-2-5,690,2,2,6.9
2026-05-11,22,9,2-5-1,1100,4,4,11.0
2026-05-11,22,10,2-1-4,880,3,3,8.8
2026-05-11,22,11,1-3-2,1570,5,5,15.7
2026-05-11,22,12,1-2-3,530,1,1,5.3
2026-05-12,03,1,1-3-6,4600,18,18,46.0
2026-05-12,03,2,1-3-4,1190,4,4,11.9
2026-05-12,03,3,4-2-5,7480,28,28,74.8
2026-05-12,03,4,1-4-2,4350,14,14,43.5
2026-05-12,03,5,1-6-3,19110,60,60,191.1
2026-05-12,03,6,2-3-6,18450,84,84,184.5
2026-05-12,03,7,5-2-1,5640,22,22,56.4
2026-05-12,03,8,1-5-3,5410,20,20,54.1
2026-05-12,03,9,4-1-2,11930,42,42,119.3
2026-05-12,03,10,1-3-2,1230,2,2,12.3
2026-05-12,03,11,3-5-1,4470,18,18,44.7
2026-05-12,03,12,2-1-4,4620,19,19,46.2
2026-05-12,04,1,3-1-5,1670,1,1,16.7
2026-05-12,04,2,1-3-4,750,3,3,7.5
2026-05-12,04,3,6-1-3,40580,104,103,405.8
2026-05-12,04,4,2-5-3,5010,19,19,50.1
2026-05-12,04,5,4-3-5,5710,24,24,57.1
2026-05-12,04,6,1-5-3,3530,17,17,35.3
2026-05-12,04,7,1-2-6,1030,4,4,10.3
2026-05-12,04,8,1-4-6,3430,12,12,34.3
2026-05-12,04,9,1-2-3,2550,6,6,25.5
2026-05-12,04,10,3-2-5,13240,45,45,132.4
2026-05-12,04,11,1-4-2,1880,6,6,18.8
2026-05-12,04,12,5-1-3,7500,25,25,75.0
2026-05-12,09,1,1-2-3,450,1,1,4.5
2026-05-12,09,2,6-5-4,8440,35,35,84.4
2026-05-12,09,3,1-2-4,1280,6,6,12.8
2026-05-12,09,4,4-1-5,1620,5,5,16.2
2026-05-12,09,5,1-3-5,1080,4,4,10.8
2026-05-12,09,6,1-6-3,4460,20,20,44.6
2026-05-12,09,7,3-2-4,2220,7,7,22.2
2026-05-12,09,8,3-1-5,1990,5,5,19.9
2026-05-12,09,9,2-1-3,29090,51,51,290.9
2026-05-12,09,10,1-4-3,830,3,3,8.3
2026-05-12,09,11,1-3-5,550,1,1,5.5
2026-05-12,09,12,1-2-4,1410,5,5,14.1
2026-05-12,14,1,1-3-4,1020,4,4,10.2
2026-05-12,14,2,2-4-1,10380,39,39,103.8
2026-05-12,14,3,2-1-6,9210,31,31,92.1
2026-05-12,14,4,1-5-3,3610,18,18,36.1
2026-05-12,14,5,3-2-5,14190,53,53,141.9
2026-05-12,14,6,1-3-6,5010,16,16,50.1
2026-05-12,14,7,1-6-3,850,2,2,8.5
2026-05-12,14,8,5-2-3,7060,26,26,70.6
2026-05-12,14,9,6-1-5,8650,25,25,86.5
2026-05-12,14,10,1-3-4,870,3,3,8.7
2026-05-12,14,11,1-2-5,1590,6,6,15.9
2026-05-12,14,12,1-6-5,5760,16,16,57.6
2026-05-12,22,1,1-6-2,2420,8,8,24.2
2026-05-12,22,2,1-4-5,4080,15,15,40.8
2026-05-12,22,3,2-1-3,5750,17,17,57.5
2026-05-12,22,4,1-4-2,2120,7,7,21.2
2026-05-12,22,5,2-6-3,14360,49,49,143.6
2026-05-12,22,6,1-2-5,620,1,1,6.2
2026-05-12,22,7,1-2-3,1110,5,5,11.1
2026-05-12,22,8,1-2-3,510,1,1,5.1
2026-05-12,22,9,3-4-5,7370,18,18,73.7
2026-05-12,22,10,1-3-2,630,2,2,6.3
2026-05-12,22,11,1-3-2,420,2,2,4.2
2026-05-12,22,12,1-5-4,3960,12,12,39.6
2026-05-13,03,1,3-1-5,3500,12,12,35.0
2026-05-13,03,2,3-1-4,1400,3,3,14.0
2026-05-13,03,3,3-1-4,8110,35,35,81.1
2026-05-13,03,4,1-2-5,3530,15,15,35.3
2026-05-13,03,5,1-2-3,2840,9,9,28.4
2026-05-13,03,6,2-5-4,11000,46,46,110.0
2026-05-13,03,7,3-2-4,7830,59,28,165.8
2026-05-13,03,8,3-4-6,11380,46,46,113.8
2026-05-13,03,9,5-1-2,29960,82,82,299.6
2026-05-13,03,10,1-2-6,2200,10,10,22.0
2026-05-13,03,11,6-5-4,197220,120,120,1972.0
2026-05-13,03,12,1-6-4,5110,20,20,51.1
2026-05-13,04,1,1-3-5,2870,9,9,28.7
2026-05-13,04,2,1-3-4,930,3,3,9.3
2026-05-13,04,3,4-6-1,3170,12,12,31.7
2026-05-13,04,4,3-5-6,1410,1,1,14.1
2026-05-13,04,5,3-4-1,13840,47,47,138.4
2026-05-13,04,6,4-2-1,3540,11,11,35.4
2026-05-13,04,7,1-2-4,1370,2,2,13.7
2026-05-13,04,8,4-3-5,8310,23,23,83.1
2026-05-13,04,9,4-2-3,12610,44,44,126.1
2026-05-13,04,10,5-1-2,1710,6,6,17.1
2026-05-13,04,11,1-3-4,1930,7,7,19.3
2026-05-13,04,12,1-5-4,12900,27,27,129.0
2026-05-13,09,1,3-1-4,7930,23,23,79.3
2026-05-13,09,2,3-1-4,1940,7,7,19.4
2026-05-13,09,3,1-3-2,1720,6,6,17.2
2026-05-13,09,4,3-2-6,16420,43,43,164.2
2026-05-13,09,5,1-2-3,410,1,1,4.1
2026-05-13,09,6,1-3-2,2430,8,8,24.3
2026-05-13,09,7,4-3-1,2600,8,8,26.0
2026-05-13,09,8,4-3-1,2370,9,9,23.7
2026-05-13,09,9,1-2-4,1320,6,6,13.2
2026-05-13,09,10,1-2-3,410,1,1,4.1
2026-05-13,09,11,1-2-3,680,1,1,6.8
2026-05-13,09,12,3-2-4,13390,29,29,133.9
2026-05-13,14,1,3-1-4,7210,22,22,72.1
2026-05-13,14,2,2-3-1,1870,7,7,18.7
2026-05-13,14,3,1-3-5,730,1,1,7.3
2026-05-13,14,4,1-3-5,3470,12,12,34.7
2026-05-13,14,5,6-1-2,37690,53,53,376.9
2026-05-13,14,6,3-2-5,5910,18,18,59.1
2026-05-13,14,7,3-1-4,2050,4,4,20.5
2026-05-13,14,8,3-1-4,1820,9,9,18.2
2026-05-13,14,9,1-2-6,2570,6,6,25.7
2026-05-13,14,10,2-1-5,5960,21,21,59.6
2026-05-13,14,11,1-2-4,1060,2,2,10.6
2026-05-13,14,12,1-5-3,3640,12,12,36.4
2026-05-13,22,1,1-5-3,1270,4,4,12.7
2026-05-13,22,2,1-2-4,530,1,1,5.3
2026-05-13,22,3,6-5-1,421190,112,110,4211.0
2026-05-13,22,4,1-2-5,1070,3,4,10.7
2026-05-13,22,5,5-1-4,7970,29,29,79.7
2026-05-13,22,6,1-5-3,650,3,3,6.5
2026-05-13,22,7,1-2-5,610,1,1,6.1
2026-05-13,22,8,1-3-6,1650,3,3,16.5
2026-05-13,22,9,1-4-2,640,2,2,6.4
2026-05-13,22,10,1-4-3,1740,7,7,17.4
2026-05-13,22,11,1-2-3,580,1,1,5.8
2026-05-13,22,12,3-1-2,12300,22,22,123.0
2026-05-14,02,1,5-2-4,35190,96,96,351.9
2026-05-14,02,2,3-5-4,2990,27,10,66.9
2026-05-14,02,3,3-1-4,1830,4,4,18.3
2026-05-14,02,4,2-3-1,2390,5,5,23.9
2026-05-14,02,5,2-4-3,22650,50,50,226.5
2026-05-14,02,6,4-6-2,17680,77,77,176.8
2026-05-14,02,7,1-3-5,2550,10,10,25.5
2026-05-14,02,8,5-2-3,5390,21,21,53.9
2026-05-14,02,9,4-2-1,3700,13,13,37.0
2026-05-14,02,10,1-3-5,4320,15,15,43.2
2026-05-14,02,11,3-5-1,33530,62,62,335.3
2026-05-14,02,12,4-1-6,5140,17,17,51.4
2026-05-14,03,1,1-3-5,1230,4,4,12.3
2026-05-14,03,2,1-5-6,7730,30,30,77.3
2026-05-14,03,3,1-5-2,4180,14,14,41.8
2026-05-14,03,4,5-2-6,9990,46,46,99.9
2026-05-14,03,5,2-1-5,1670,4,4,16.7
2026-05-14,03,6,4-2-3,3160,9,9,31.6
2026-05-14,03,7,2-5-4,11640,50,50,116.4
2026-05-14,03,8,1-5-4,4340,19,19,43.4
2026-05-14,03,9,1-4-2,1880,3,3,18.8
2026-05-14,03,10,2-1-5,17660,54,54,176.6
2026-05-14,03,11,1-3-2,890,1,1,8.9
2026-05-14,03,12,1-2-6,1710,5,5,17.1
2026-05-14,04,1,1-4-2,3480,12,12,34.8
2026-05-14,04,2,4-1-5,33810,45,45,338.1
2026-05-14,04,3,5-3-1,10930,64,64,109.3
2026-05-14,04,4,1-3-2,3310,6,6,33.1
2026-05-14,04,5,1-2-5,1040,2,2,10.4
2026-05-14,04,6,5-4-1,2060,6,6,20.6
2026-05-14,04,7,1-2-6,1620,6,6,16.2
2026-05-14,04,8,1-4-2,690,2,2,6.9
2026-05-14,04,9,3-2-5,11910,32,32,119.1
2026-05-14,04,10,2-5-1,44970,83,83,449.7
2026-05-14,04,11,6-4-5,14420,52,52,144.2
2026-05-14,04,12,1-5-2,640,2,2,6.4
2026-05-14,09,1,1-2-4,560,1,1,5.6
2026-05-14,09,2,1-6-2,1440,5,5,14.4
2026-05-14,09,3,1-2-3,820,2,2,8.2
2026-05-14,09,4,1-2-5,700,3,3,7.0
2026-05-14,09,5,1-2-4,900,3,3,9.0
2026-05-14,09,6,1-4-6,1830,9,9,18.3
2026-05-14,09,7,1-6-3,2080,11,11,20.8
2026-05-14,09,8,1-4-5,2550,12,12,25.5
2026-05-14,09,9,1-2-3,600,2,2,6.0
2026-05-14,09,10,1-2-6,3130,12,12,31.3
2026-05-14,09,11,1-3-2,560,2,2,5.6
2026-05-14,09,12,2-1-4,2350,8,8,23.5
2026-05-15,02,1,1-2-6,1540,3,3,15.4
2026-05-15,02,2,4-3-5,23810,51,51,238.1
2026-05-15,02,3,5-2-3,16890,48,48,168.9
2026-05-15,02,4,3-5-1,1910,4,4,19.1
2026-05-15,02,5,4-1-3,2270,8,8,22.7
2026-05-15,02,6,3-2-6,3000,8,8,30.0
2026-05-15,02,7,1-5-6,1140,1,1,11.4
2026-05-15,02,8,3-4-6,2210,1,1,22.1
2026-05-15,02,9,2-4-1,2040,8,8,20.4
2026-05-15,02,10,3-5-2,26150,59,58,261.5
2026-05-15,02,11,1-2-3,660,2,2,6.6
2026-05-15,02,12,1-5-3,2000,9,9,20.0
2026-05-15,03,1,3-2-1,9280,31,31,92.8
2026-05-15,03,2,3-2-4,4010,15,15,40.1
2026-05-15,03,3,3-5-2,17100,61,61,171.0
2026-05-15,03,4,1-5-2,3180,11,11,31.8
2026-05-15,03,5,3-1-5,3410,11,10,34.1
2026-05-15,03,6,4-3-2,26410,68,68,264.1
2026-05-15,03,7,1-2-4,1710,3,3,17.1
2026-05-15,03,8,3-2-4,3140,13,13,31.4
2026-05-15,03,9,1-3-4,1340,4,4,13.4
2026-05-15,03,10,1-3-2,830,2,2,8.3
2026-05-15,03,11,1-2-4,1520,6,6,15.2
2026-05-15,03,12,5-6-3,10310,97,46,595.0
2026-05-15,04,1,3-2-4,7040,27,27,70.4
2026-05-15,04,2,1-3-5,11740,39,39,117.4
2026-05-15,04,3,2-5-3,4180,13,13,41.8
2026-05-15,04,4,2-4-5,4460,19,19,44.6
2026-05-15,04,5,1-2-3,8480,36,36,84.8
2026-05-15,04,6,1-2-5,1080,4,4,10.8
2026-05-15,04,7,1-6-2,530,1,1,7.3
2026-05-15,04,8,1-2-3,760,1,1,7.6
2026-05-15,04,9,3-5-1,35980,83,83,359.8
2026-05-15,04,10,2-1-3,7290,18,18,72.9
2026-05-15,04,11,1-4-2,2100,6,6,21.0
2026-05-15,04,12,1-6-2,7790,19,19,77.9
2026-05-16,02,1,4-2-3,2220,6,6,22.2
2026-05-16,02,2,5-1-3,5570,26,26,55.7
2026-05-16,02,3,4-2-1,10260,54,54,102.6
2026-05-16,02,4,4-6-2,18870,48,48,188.7
2026-05-16,02,5,1-4-6,930,2,2,9.3
2026-05-16,02,6,6-2-1,9740,31,31,97.4
2026-05-16,02,7,1-2-6,950,2,2,9.5
2026-05-16,02,8,1-3-4,5920,28,28,59.2
2026-05-16,02,9,3-1-5,1660,4,4,16.6
2026-05-16,02,10,4-3-5,13570,46,46,135.7
2026-05-16,02,11,1-4-2,3810,14,14,38.1
2026-05-16,02,12,1-5-6,1210,4,4,12.1
2026-05-16,03,1,1-4-5,4070,16,16,40.7
2026-05-16,03,2,1-2-3,680,1,1,6.8
2026-05-16,03,3,1-4-2,2360,7,7,23.6
2026-05-16,03,4,5-6-1,7630,27,27,76.3
2026-05-16,03,5,1-3-2,5110,23,23,51.1
2026-05-16,03,6,2-4-3,13890,58,58,138.9
2026-05-16,03,7,6-1-2,16370,77,77,163.7
2026-05-16,03,8,3-1-5,3000,11,11,30.0
2026-05-16,03,9,3-1-4,9620,32,32,96.2
2026-05-16,03,10,3-1-5,3180,9,9,31.8
2026-05-16,03,11,3-2-5,22180,40,40,221.8
2026-05-16,03,12,1-2-4,1040,1,1,10.4
2026-05-16,04,1,1-2-3,590,1,1,5.9
2026-05-16,04,2,2-1-4,6670,26,26,66.7
2026-05-16,04,3,4-1-5,6580,29,30,65.8
2026-05-16,04,4,2-3-4,5120,21,21,51.2
2026-05-16,04,5,1-5-3,1530,5,5,15.3
2026-05-16,04,6,1-5-4,4640,22,22,46.4
2026-05-16,04,7,1-5-2,5950,18,18,59.5
2026-05-16,04,8,3-4-2,17960,48,48,179.6
2026-05-16,04,9,1-4-6,4910,19,19,49.1
2026-05-16,04,10,3-1-5,6440,24,24,64.4
2026-05-16,04,11,1-2-3,1650,5,5,16.5
2026-05-16,04,12,1-4-3,3660,15,15,36.6
2026-05-16,14,1,3-1-4,3450,12,12,34.5
2026-05-16,14,2,4-5-6,2990,13,13,29.9
2026-05-16,14,3,1-4-2,2210,9,9,22.1
2026-05-16,14,4,1-3-4,950,3,3,9.5
2026-05-16,14,5,5-1-2,10610,42,42,106.1
2026-05-16,14,6,5-2-6,4010,12,12,40.1
2026-05-16,14,7,3-4-5,2530,9,9,25.3
2026-05-16,14,8,1-2-5,3290,8,8,32.9
2026-05-16,14,9,1-3-6,1100,2,2,11.0
2026-05-16,14,10,1-4-3,3160,9,9,31.6
2026-05-16,14,11,1-3-4,1330,4,4,13.3
2026-05-16,14,12,1-2-5,2320,10,10,23.2
2026-05-17,02,1,3-5-1,4760,17,17,47.6
2026-05-17,02,2,6-4-3,4060,15,15,40.6
2026-05-17,02,3,5-2-6,2540,8,8,25.4
2026-05-17,02,4,2-1-3,2460,12,12,24.6
2026-05-17,02,5,1-2-4,2190,10,10,21.9
2026-05-17,02,6,2-3-5,570,1,1,5.7
2026-05-17,02,7,1-6-3,6690,24,24,66.9
2026-05-17,02,8,1-3-4,2000,7,7,20.0
2026-05-17,02,9,2-3-4,18470,43,30,232.9
2026-05-17,02,10,1-3-5,580,2,2,5.8
2026-05-17,02,11,3-5-2,17240,44,44,172.4
2026-05-17,02,12,3-6-4,13770,33,33,137.7
2026-05-17,14,1,1-3-2,1630,6,6,16.3
2026-05-17,14,2,2-5-4,24450,57,57,244.5
2026-05-17,14,3,1-3-4,610,1,1,6.1
2026-05-17,14,4,1-3-6,470,1,1,4.7
2026-05-17,14,5,2-4-1,3370,13,14,33.7
2026-05-17,14,6,1-2-3,1210,1,1,12.1
2026-05-17,14,7,3-1-5,1940,5,5,19.4
2026-05-17,14,8,2-1-5,1200,4,4,12.0
2026-05-17,14,9,2-6-1,10480,44,44,104.8
2026-05-17,14,10,1-3-2,460,1,1,4.6
2026-05-17,14,11,3-1-5,1710,4,4,17.1
2026-05-17,14,12,1-6-3,770,2,2,7.7
2026-05-18,02,1,1-3-5,7430,29,29,74.3
2026-05-18,02,2,1-3-2,1410,2,2,14.1
2026-05-18,02,3,2-1-5,4250,10,10,42.5
2026-05-18,02,4,1-3-6,1600,5,5,16.0
2026-05-18,02,5,2-3-4,6810,26,26,68.1
2026-05-18,02,6,4-5-6,2800,11,11,28.0
2026-05-18,02,7,2-6-1,5700,25,25,57.0
2026-05-18,02,8,1-5-3,1040,2,2,10.4
2026-05-18,02,9,1-3-4,2950,9,9,29.5
2026-05-18,02,10,3-6-1,33860,70,70,338.6
2026-05-18,02,11,1-5-4,5460,16,16,54.6
2026-05-18,02,12,1-2-3,790,1,1,7.9
2026-05-18,14,1,1-3-6,1530,6,6,15.3
2026-05-18,14,2,2-3-4,3670,12,12,36.7
2026-05-18,14,3,1-3-6,2380,12,12,23.8
2026-05-18,14,4,1-2-6,6170,17,17,61.7
2026-05-18,14,5,2-5-4,1220,2,2,12.2
2026-05-18,14,6,4-1-2,3370,13,13,33.7
2026-05-18,14,7,1-2-3,510,1,1,5.1
2026-05-18,14,8,2-1-5,1200,2,2,12.0
2026-05-18,14,9,2-1-6,2820,9,9,28.2
2026-05-18,14,10,3-1-6,13560,57,57,135.6
2026-05-18,14,11,6-3-2,45820,117,117,458.2
2026-05-18,14,12,6-3-4,65130,114,60,933.4
2026-05-19,02,1,2-4-3,10730,44,44,107.3
2026-05-19,02,2,1-2-4,1300,3,3,13.0
2026-05-19,02,3,2-6-3,5520,22,22,55.2
2026-05-19,02,4,4-1-6,11370,44,44,113.7
2026-05-19,02,5,1-4-2,700,2,2,7.0
2026-05-19,02,6,2-1-4,2400,10,10,24.0
2026-05-19,02,7,1-2-3,620,1,2,6.2
2026-05-19,02,8,1-2-6,4240,18,18,42.4
2026-05-19,02,9,3-5-6,8000,27,27,80.0
2026-05-19,02,10,1-4-3,1780,5,5,17.8
2026-05-19,02,11,4-1-6,13520,52,52,135.2
2026-05-19,02,12,1-2-3,1020,1,1,10.2
2026-05-19,14,1,6-1-4,23090,30,30,230.9
2026-05-19,14,2,4-6-3,22650,56,56,226.5
2026-05-19,14,3,1-2-4,1300,3,3,13.0
2026-05-19,14,4,4-5-1,1520,6,6,15.2
2026-05-19,14,5,3-1-4,8990,34,34,89.9
2026-05-19,14,6,4-1-2,1440,6,6,14.4
2026-05-19,14,7,5-4-2,13750,59,59,137.5
2026-05-19,14,8,5-3-2,13440,40,40,134.4
2026-05-19,14,9,2-5-1,6740,24,24,67.4
2026-05-19,14,10,1-4-2,730,1,1,7.3
2026-05-19,14,11,2-1-4,5800,16,16,58.0
2026-05-19,14,12,1-2-4,2260,6,6,22.6
2026-05-20,09,1,1-3-5,1150,5,5,11.5
2026-05-20,09,2,4-3-5,14100,46,46,141.0
2026-05-20,09,3,1-6-4,3530,16,16,35.3
2026-05-20,09,4,1-4-3,3280,10,10,32.8
2026-05-20,09,5,1-4-3,940,8,4,20.0
2026-05-20,09,6,2-5-1,24430,54,54,244.3
2026-05-20,09,7,4-2-5,7280,30,30,72.8
2026-05-20,09,8,3-4-6,4680,17,17,46.8
2026-05-20,09,9,1-3-5,4210,12,12,42.1
2026-05-20,09,10,2-1-4,1980,6,6,19.8
2026-05-20,09,11,5-1-2,109280,96,96,1092.0
2026-05-20,09,12,4-5-2,9860,27,27,98.6
2026-05-20,14,1,1-2-6,1060,3,3,10.6
2026-05-20,14,2,1-3-5,520,1,1,5.2
2026-05-20,14,3,1-2-5,900,1,1,9.0
2026-05-20,14,4,1-6-2,2110,8,8,21.1
2026-05-20,14,5,4-6-1,7400,22,22,74.0
2026-05-20,14,6,1-3-5,3620,12,12,36.2
2026-05-20,14,7,1-3-5,1410,1,1,14.1
2026-05-20,14,8,1-2-5,1900,6,6,19.0
2026-05-20,14,9,3-2-1,6400,24,24,64.0
2026-05-20,14,10,1-2-4,640,2,2,6.4
2026-05-20,14,11,1-6-3,10970,24,24,109.7
2026-05-20,14,12,1-3-5,1140,4,4,11.4
2026-05-21,09,1,2-3-4,5450,16,16,54.5
2026-05-21,09,2,3-5-1,6200,23,23,62.0
2026-05-21,09,3,1-2-6,2170,7,7,21.7
2026-05-21,09,4,6-1-4,9610,33,33,96.1
2026-05-21,09,5,1-4-6,1460,7,7,14.6
2026-05-21,09,6,1-4-2,1930,5,5,19.3
2026-05-21,09,7,1-5-2,3230,14,14,32.3
2026-05-21,09,8,2-4-1,4420,14,14,44.2
2026-05-21,09,9,3-1-2,6730,30,30,67.3
2026-05-21,09,10,5-6-1,83910,97,96,839.1
2026-05-21,09,11,1-4-3,790,2,2,7.9
2026-05-21,09,12,3-1-2,1540,6,6,15.4
2026-05-21,14,1,1-6-4,4220,20,20,42.2
2026-05-21,14,2,1-2-5,2490,7,7,24.9
2026-05-21,14,3,1-3-2,600,2,2,6.0
2026-05-21,14,4,4-3-1,4870,20,20,48.7
2026-05-21,14,5,3-1-4,5000,22,22,50.0
2026-05-21,14,6,1-2-3,950,2,2,9.5
2026-05-21,14,7,1-2-4,1550,5,5,15.5
2026-05-21,14,8,1-3-2,4290,18,18,42.9
2026-05-21,14,9,3-1-4,2010,5,5,20.1
2026-05-21,14,10,1-2-4,580,2,2,5.8
2026-05-21,14,11,1-2-3,1040,3,3,10.4
2026-05-21,14,12,1-4-3,1580,6,6,15.8
2026-05-22,09,1,5-1-4,13530,37,37,135.3
2026-05-22,09,2,2-1-4,2600,8,8,26.0
2026-05-22,09,3,1-6-5,12590,44,44,125.9
2026-05-22,09,4,1-6-3,3470,11,11,34.7
2026-05-22,09,5,1-2-3,660,2,2,6.6
2026-05-22,09,6,2-5-1,25410,70,70,254.1
2026-05-22,09,7,1-6-5,13990,54,54,139.9
2026-05-22,09,8,2-3-4,710,1,1,7.1
2026-05-22,09,9,1-4-5,4040,14,14,40.4
2026-05-22,09,10,2-3-4,1440,25,5,85.4
2026-05-22,09,11,1-5-2,3600,13,13,36.0
2026-05-22,09,12,1-4-3,2290,8,8,22.9
2026-05-23,09,1,1-2-5,1400,6,6,14.0
2026-05-23,09,2,1-2-4,1070,2,2,10.7
2026-05-23,09,3,2-3-1,2980,13,13,29.8
2026-05-23,09,4,2-5-3,9310,40,40,93.1
2026-05-23,09,5,1-4-3,1200,5,5,12.0
2026-05-23,09,6,3-5-1,4320,17,17,43.2
2026-05-23,09,7,3-5-6,32970,64,64,329.7
2026-05-23,09,8,1-2-3,730,2,2,7.3
2026-05-23,09,9,1-4-2,810,3,2,8.1
2026-05-23,09,10,1-2-4,2520,9,9,25.2
2026-05-23,09,11,1-5-4,3860,14,14,38.6
2026-05-23,09,12,1-2-3,480,1,1,4.8
2026-05-24,09,1,1-4-6,3350,12,12,33.5
2026-05-24,09,2,1-2-3,630,1,1,6.3
2026-05-24,09,3,2-5-4,9320,37,37,93.2
2026-05-24,09,4,2-1-5,8930,28,28,89.3
2026-05-24,09,5,1-2-4,850,3,3,8.5
2026-05-24,09,6,3-5-4,46940,67,67,469.4
2026-05-24,09,7,1-4-3,780,1,1,7.8
2026-05-24,09,8,1-3-2,1010,4,4,10.1
2026-05-24,09,9,1-3-5,940,1,1,9.4
2026-05-24,09,10,1-3-4,3770,13,13,37.7
2026-05-24,09,11,1-2-3,400,1,1,4.0
2026-05-24,09,12,1-3-4,1550,8,8,15.5
2026-05-25,03,1,1-5-2,4310,15,15,43.1
2026-05-25,03,2,1-2-4,1320,1,1,13.2
2026-05-25,03,3,1-4-3,1810,6,6,18.1
2026-05-25,03,4,4-2-6,26720,72,72,267.2
2026-05-25,03,5,5-4-6,41350,81,81,413.5
2026-05-25,03,6,5-3-2,1500,11,6,32.1
2026-05-25,03,7,2-1-4,1490,7,7,14.9
2026-05-25,03,8,4-6-5,21860,73,73,218.6
2026-05-25,03,9,6-1-2,14340,42,42,143.4
2026-05-25,03,10,1-5-6,3930,12,12,39.3
2026-05-25,03,11,4-2-1,11910,33,33,119.1
2026-05-25,03,12,1-3-6,5410,22,22,54.1
2026-05-25,09,1,1-3-2,1050,4,4,10.5
2026-05-25,09,2,3-1-5,2420,7,7,24.2
2026-05-25,09,3,1-6-4,2100,6,6,21.0
2026-05-25,09,4,4-1-6,22880,61,61,228.8
2026-05-25,09,5,1-2-4,830,3,3,8.3
2026-05-25,09,6,1-4-6,2560,10,10,25.6
2026-05-25,09,7,1-4-2,940,4,4,9.4
2026-05-25,09,8,5-2-6,84170,96,96,841.7
2026-05-25,09,9,5-1-6,2630,11,11,26.3
2026-05-25,09,10,1-6-4,34060,73,73,340.6
2026-05-25,09,11,3-1-5,11940,27,27,119.4
2026-05-25,09,12,1-3-2,740,4,4,7.4
2026-05-26,03,1,2-4-6,3190,10,10,31.9
2026-05-26,03,2,1-3-4,1150,1,1,11.5
2026-05-26,03,3,3-1-2,6840,34,34,68.4
2026-05-26,03,4,1-4-5,7300,31,31,73.0
2026-05-26,03,5,3-4-1,1820,6,6,18.2
2026-05-26,03,6,2-1-6,1780,4,4,17.8
2026-05-26,03,7,1-5-3,910,3,3,9.1
2026-05-26,03,8,4-2-6,1550,2,2,15.5
2026-05-26,03,9,1-3-4,4490,14,14,44.9
2026-05-26,03,10,4-2-5,10140,37,37,101.4
2026-05-26,03,11,2-3-5,10710,33,33,107.1
2026-05-26,03,12,1-2-5,670,1,1,6.7
2026-05-27,03,1,1-4-3,940,2,2,9.4
2026-05-27,03,2,1-2-5,1440,3,3,14.4
2026-05-27,03,3,2-4-3,9310,32,32,93.1
2026-05-27,03,4,2-6-1,1700,6,6,17.0
2026-05-27,03,5,5-2-1,2530,9,9,25.3
2026-05-27,03,6,2-5-1,2230,8,8,22.3
2026-05-27,03,7,4-3-5,11360,30,30,113.6
2026-05-27,03,8,1-4-2,910,1,1,9.1
2026-05-27,03,9,4-1-6,1980,7,7,19.8
2026-05-27,03,10,1-5-2,36350,70,70,363.5
2026-05-27,03,11,1-3-5,1060,1,1,10.6
2026-05-27,03,12,2-5-3,19470,42,42,194.7
2026-05-28,02,1,1-3-6,1970,3,3,19.7
2026-05-28,02,2,3-1-5,6840,33,33,68.4
2026-05-28,02,3,1-4-2,950,1,1,9.5
2026-05-28,02,4,1-4-3,2590,8,8,25.9
2026-05-28,02,5,3-1-2,4530,16,16,45.3
2026-05-28,02,6,5-4-1,3170,12,12,31.7
2026-05-28,02,7,3-2-1,3650,12,12,36.5
2026-05-28,02,8,2-4-1,4040,13,13,40.4
2026-05-28,02,9,2-3-1,1830,6,6,18.3
2026-05-28,02,10,4-3-1,4790,17,17,47.9
2026-05-28,02,11,4-6-1,13410,34,34,134.1
2026-05-28,02,12,5-1-2,11960,24,24,119.6
2026-05-28,03,1,2-5-4,8810,38,38,88.1
2026-05-28,03,2,5-1-3,2720,7,7,27.2
2026-05-28,03,3,4-2-3,2290,8,8,22.9
2026-05-28,03,4,1-2-3,470,1,1,4.7
2026-05-28,03,5,1-2-6,12940,38,38,129.4
2026-05-28,03,6,1-3-4,1140,1,1,11.4
2026-05-28,03,7,1-3-5,850,3,3,8.5
2026-05-28,03,8,1-4-2,570,2,2,5.7
2026-05-28,03,9,1-4-3,2650,10,10,26.5
2026-05-28,03,10,1-3-6,2890,9,9,28.9
2026-05-28,03,11,3-1-4,8170,27,27,81.7
2026-05-28,03,12,6-1-2,80030,88,88,800.3
2026-05-29,02,1,2-3-1,10030,39,39,100.3
2026-05-29,02,2,1-2-6,3050,8,8,30.5
2026-05-29,02,3,3-4-2,4630,18,18,46.3
2026-05-29,02,4,1-3-6,11380,48,48,113.8
2026-05-29,02,5,5-1-2,1590,4,4,15.9
2026-05-29,02,6,4-2-3,30840,80,80,308.4
2026-05-29,02,7,2-1-6,2260,8,8,22.6
2026-05-29,02,8,2-3-1,900,2,2,9.0
2026-05-29,02,9,3-4-1,910,2,2,9.1
2026-05-29,02,10,3-1-4,3420,15,15,34.2
2026-05-29,02,11,2-1-3,9940,28,28,99.4
2026-05-29,02,12,1-5-2,1240,3,3,12.4
2026-05-29,03,1,6-1-5,63020,92,92,630.2
2026-05-29,03,2,3-1-5,1940,7,7,19.4
2026-05-29,03,3,1-2-3,2130,4,4,21.3
2026-05-29,03,4,1-3-5,2870,9,9,28.7
2026-05-29,09,1,3-1-5,19630,37,37,196.3
2026-05-29,09,2,3-4-5,3270,10,10,32.7
2026-05-29,09,3,3-6-1,3290,18,18,32.9
2026-05-29,09,4,3-2-4,2000,3,3,20.0
2026-05-29,09,5,4-1-2,15410,32,32,154.1
2026-05-29,09,6,4-5-6,140,29,1,70.0
2026-05-29,09,7,5-2-3,1320,1,1,13.2
2026-05-29,09,8,1-2-5,1680,4,4,16.8
2026-05-29,09,9,2-6-5,7710,26,26,77.1
2026-05-29,09,10,1-5-3,1040,2,2,10.4
2026-05-29,09,11,1-3-6,910,2,2,9.1
2026-05-29,09,12,1-2-5,1630,7,7,16.3
2026-05-29,14,1,3-1-2,2330,10,10,23.3
2026-05-29,14,2,2-5-3,1560,7,7,15.6
2026-05-29,14,3,1-3-6,960,2,2,9.6
2026-05-29,14,4,4-1-3,2280,9,9,22.8
2026-05-29,14,5,1-2-5,3170,11,11,31.7
2026-05-29,14,6,4-5-2,3560,14,14,35.6
2026-05-29,14,7,5-1-3,8530,31,31,85.3
2026-05-29,14,8,4-2-6,4230,18,18,42.3
2026-05-29,14,9,1-2-4,1020,2,2,10.2
2026-05-29,14,10,2-6-1,37010,83,83,370.1
2026-05-29,14,11,1-3-4,970,1,1,9.7
2026-05-29,14,12,3-5-1,10620,34,34,106.2
2026-05-30,02,1,6-5-3,9860,37,37,98.6
2026-05-30,02,2,4-2-6,4420,14,14,44.2
2026-05-30,02,3,4-6-5,1690,2,2,16.9
2026-05-30,02,4,4-3-5,1770,2,2,17.7
2026-05-30,02,5,1-5-4,3870,16,16,38.7
2026-05-30,02,6,4-5-6,560,1,1,5.6
2026-05-30,02,7,2-1-3,1230,4,4,12.3
2026-05-30,02,8,2-6-5,3810,14,14,38.1
2026-05-30,02,9,1-3-2,1270,1,1,12.7
2026-05-30,02,10,3-2-1,1260,3,3,12.6
2026-05-30,02,11,3-1-2,9760,28,28,97.6
2026-05-30,02,12,1-2-3,570,2,2,5.7
2026-05-30,03,1,3-1-6,3140,10,10,31.4
2026-05-30,03,2,4-5-1,20580,59,59,205.8
2026-05-30,03,3,3-5-1,9040,40,40,90.4
2026-05-30,03,4,2-4-5,5400,22,22,54.0
2026-05-30,03,5,3-1-2,3920,16,16,39.2
2026-05-30,03,6,3-5-4,15060,62,62,150.6
2026-05-30,03,7,1-3-5,2120,8,8,21.2
2026-05-30,03,8,1-2-4,2930,9,9,29.3
2026-05-30,03,9,2-3-5,5160,18,18,51.6
2026-05-30,03,10,4-1-5,1910,6,6,19.1
2026-05-30,03,11,1-2-4,920,2,2,9.2
2026-05-30,03,12,1-2-4,730,2,2,7.3
2026-05-30,09,1,1-6-2,5590,17,17,55.9
2026-05-30,09,2,1-2-6,590,1,1,5.9
2026-05-30,09,3,6-2-5,5520,26,26,55.2
2026-05-30,09,4,1-3-6,1840,3,3,18.4
2026-05-30,09,5,3-2-1,21570,31,31,215.7
2026-05-30,09,6,1-3-2,2270,5,5,22.7
2026-05-30,09,7,5-3-4,182120,117,117,1821.0
2026-05-30,09,8,1-2-4,1120,1,1,11.2
2026-05-30,09,9,1-3-2,580,2,2,5.8
2026-05-30,09,10,4-1-3,54100,65,65,541.0
2026-05-30,09,11,4-3-2,27280,47,47,272.8
2026-05-30,09,12,1-2-3,910,3,3,9.1
2026-05-30,14,1,1-4-3,1600,6,6,16.0
2026-05-30,14,2,1-5-2,4200,16,16,42.0
2026-05-30,14,3,1-2-6,1330,3,3,13.3
2026-05-30,14,4,1-3-4,660,1,1,6.6
2026-05-30,14,5,3-1-5,1740,7,7,17.4
2026-05-30,14,6,5-3-4,16900,50,49,169.0
2026-05-30,14,7,4-5-2,28780,61,61,287.8
2026-05-30,14,8,1-4-3,4000,13,13,40.0
2026-05-30,14,9,2-3-5,2300,5,5,23.0
2026-05-30,14,10,4-1-2,3100,12,12,31.0
2026-05-30,14,11,1-4-5,1780,9,9,17.8
2026-05-30,14,12,1-4-6,5380,16,16,53.8
2026-05-31,02,1,6-1-2,25350,66,66,253.5
2026-05-31,02,2,1-5-2,3050,11,11,30.5
2026-05-31,02,3,2-1-4,3660,17,17,36.6
2026-05-31,02,4,3-4-2,3130,14,14,31.3
2026-05-31,02,5,1-2-3,3070,11,11,30.7
2026-05-31,02,6,4-5-2,5850,26,26,58.5
2026-05-31,02,7,4-1-6,1370,4,4,13.7
2026-05-31,02,8,1-3-6,2320,7,7,23.2
2026-05-31,02,9,1-2-3,1220,1,1,12.2
2026-05-31,02,10,4-1-3,15070,47,47,150.7
2026-05-31,02,11,1-4-6,5520,18,18,55.2
2026-05-31,02,12,4-2-3,24620,58,58,246.2
2026-05-31,03,1,1-5-3,7730,32,32,77.3
2026-05-31,03,2,4-1-2,3270,11,11,32.7
2026-05-31,03,3,1-4-6,2850,10,10,28.5
2026-05-31,03,4,3-2-1,1860,6,5,18.6
2026-05-31,03,5,4-3-5,8200,30,30,82.0
2026-05-31,03,6,5-1-6,11730,46,46,117.3
2026-05-31,03,7,4-2-5,6700,29,29,67.0
2026-05-31,03,8,4-5-6,150,42,1,119.4
2026-05-31,03,9,1-3-5,3550,13,13,35.5
2026-05-31,03,10,4-6-5,30410,78,78,304.1
2026-05-31,03,11,2-5-6,8200,28,28,82.0
2026-05-31,03,12,3-1-4,5310,16,16,53.1
2026-05-31,09,1,1-2-4,570,1,1,5.7
2026-05-31,09,2,1-5-4,65140,94,94,651.4
2026-05-31,09,3,3-5-4,7650,35,35,76.5
2026-05-31,09,4,3-1-6,9180,41,41,91.8
2026-05-31,09,5,1-5-2,3320,8,8,33.2
2026-05-31,09,6,3-4-1,1520,6,6,15.2
2026-05-31,09,7,1-3-5,1190,2,2,11.9
2026-05-31,09,8,1-4-2,2940,11,11,29.4
2026-05-31,09,9,3-4-1,14410,39,39,144.1
2026-05-31,09,10,1-3-4,1620,4,4,16.2
2026-05-31,09,11,4-1-5,2740,9,9,27.4
2026-05-31,09,12,1-3-5,1660,9,9,16.6
2026-05-31,14,1,1-3-4,610,2,2,6.1
2026-05-31,14,2,3-2-1,18890,55,55,188.9
2026-05-31,14,3,1-2-6,960,3,3,9.6
2026-05-31,14,4,1-3-2,500,1,1,5.0
2026-05-31,14,5,2-4-3,2000,7,7,20.0
2026-05-31,14,6,1-4-3,3700,15,15,37.0
2026-05-31,14,7,3-5-1,2280,4,4,22.8
2026-05-31,14,8,3-1-5,2690,11,11,26.9
2026-05-31,14,9,6-3-2,24090,76,76,240.9
2026-05-31,14,10,1-4-6,1300,2,2,13.0
2026-05-31,14,11,2-6-1,39610,72,72,396.1
2026-05-31,14,12,1-3-4,830,1,1,8.3
2026-06-01,09,1,1-6-4,3000,13,13,30.0
2026-06-01,09,2,2-5-1,3600,11,11,36.0
2026-06-01,09,3,1-3-4,1940,7,7,19.4
2026-06-01,09,4,1-2-6,1810,5,5,18.1
2026-06-01,09,5,1-6-3,20890,25,25,208.9
2026-06-01,09,6,1-4-3,2450,8,8,24.5
2026-06-01,09,7,2-4-3,5450,22,22,54.5
2026-06-01,09,8,1-2-6,930,3,3,9.3
2026-06-01,09,9,1-3-5,520,1,1,5.2
2026-06-01,09,10,1-2-5,470,1,1,4.7
2026-06-01,09,11,1-6-3,9260,26,26,92.6
2026-06-01,09,12,1-3-4,910,3,3,9.1
2026-06-01,14,1,3-1-4,4160,14,14,41.6
2026-06-01,14,2,2-5-4,7800,32,32,78.0
2026-06-01,14,3,4-1-5,33760,60,60,337.6
2026-06-01,14,4,3-1-4,3060,12,12,30.6
2026-06-01,14,5,5-1-3,3890,19,19,38.9
2026-06-01,14,6,6-5-4,4020,8,8,40.2
2026-06-01,14,7,3-6-1,5030,20,20,50.3
2026-06-01,14,8,4-2-6,3010,12,12,30.1
2026-06-01,14,9,4-1-5,8790,25,25,87.9
2026-06-01,14,10,1-2-5,3020,9,9,30.2
2026-06-01,14,11,3-1-4,5990,18,18,59.9
2026-06-01,14,12,1-6-5,6520,22,22,65.2
2026-06-02,09,1,2-1-4,9490,23,23,94.9
2026-06-02,09,2,1-3-4,1170,2,2,11.7
2026-06-02,09,3,2-1-3,860,1,1,8.6
2026-06-02,09,4,1-2-6,400,1,1,4.0
2026-06-02,09,5,1-2-6,3690,14,14,36.9
2026-06-02,09,6,1-6-3,7610,24,24,76.1
2026-06-02,09,7,6-2-4,2980,12,12,29.8
2026-06-02,09,8,2-1-6,6360,23,23,63.6
2026-06-02,09,9,4-5-1,2450,9,9,24.5
2026-06-02,09,10,4-5-6,31510,44,44,315.1
2026-06-02,09,11,1-3-4,1130,5,5,11.3
2026-06-02,09,12,6-1-4,91070,73,73,910.7
2026-06-02,14,1,1-2-6,4590,14,14,45.9
2026-06-02,14,2,1-6-2,3660,10,10,36.6
2026-06-02,14,3,3-2-5,28530,61,60,285.3
2026-06-02,14,4,1-2-4,730,2,2,7.3
2026-06-02,14,5,1-3-4,4250,18,18,42.5
2026-06-02,14,6,1-2-4,1950,8,8,19.5
2026-06-02,14,7,1-4-2,1020,4,4,10.2
2026-06-02,14,8,1-3-6,490,2,2,4.9
2026-06-02,14,9,5-4-3,7800,48,48,78.0
2026-06-02,14,10,2-3-6,8830,31,31,88.3
2026-06-02,14,11,1-4-2,4570,13,13,45.7
2026-06-02,14,12,1-2-4,520,2,2,7.2
2026-06-04,03,1,1-5-6,5380,22,22,53.8
2026-06-04,03,2,1-3-2,2170,6,6,21.7
2026-06-04,03,3,6-2-5,48620,100,100,486.2
2026-06-04,03,4,1-5-6,1830,3,3,18.3
2026-06-04,03,5,4-3-5,2470,10,10,24.7
2026-06-04,03,6,3-1-4,3200,13,13,32.0
2026-06-04,03,7,2-3-1,14650,44,44,146.5
2026-06-04,03,8,2-3-4,12970,50,50,129.7
2026-06-04,03,9,1-5-3,1620,5,5,16.2
2026-06-04,03,10,1-4-5,1810,7,7,18.1
2026-06-04,03,11,5-6-3,62290,102,102,622.9
2026-06-04,03,12,3-4-5,13530,41,41,135.3
2026-06-04,09,1,1-5-2,3080,13,13,30.8
2026-06-04,09,2,1-2-5,950,2,2,9.5
2026-06-04,09,3,1-3-2,2560,9,9,25.6
2026-06-04,09,4,1-3-2,1500,7,7,15.0
2026-06-04,09,5,1-5-2,3340,12,12,33.4
2026-06-04,09,6,3-1-4,2100,9,9,21.0
2026-06-04,09,7,1-3-4,630,1,1,6.3
2026-06-04,09,8,1-4-2,5080,18,18,50.8
2026-06-04,09,9,1-2-3,1220,2,2,12.2
2026-06-04,09,10,1-4-2,700,2,2,7.0
2026-06-04,09,11,2-1-3,2270,7,7,22.7
2026-06-04,09,12,1-4-2,690,1,1,6.9
2026-06-05,03,1,5-4-6,14970,48,48,149.7
2026-06-05,03,2,1-3-4,1230,1,1,12.3
2026-06-05,03,3,2-1-3,2630,8,8,26.3
2026-06-05,03,4,2-3-4,3440,15,15,34.4
2026-06-05,03,5,2-5-4,8040,32,32,80.4
2026-06-05,03,6,3-2-1,3270,12,12,32.7
2026-06-05,03,7,1-2-3,870,1,1,8.7
2026-06-05,03,8,3-1-4,1680,3,4,16.8
2026-06-05,03,9,3-1-5,1110,2,2,11.1
2026-06-05,03,10,5-4-6,25720,55,55,257.2
2026-06-05,03,11,1-4-5,3020,11,11,30.2
2026-06-05,03,12,1-2-5,1060,4,4,10.6
2026-06-06,03,1,4-1-3,6550,26,26,65.5
2026-06-06,03,2,1-3-6,2820,10,10,28.2
2026-06-06,03,3,1-5-3,1450,2,2,14.5
2026-06-06,03,4,1-2-4,1190,1,1,11.9
2026-06-06,03,5,3-2-4,7610,19,19,76.1
2026-06-06,03,6,4-3-2,12190,50,50,121.9
2026-06-06,03,7,1-2-3,6640,26,26,66.4
2026-06-06,03,9,1-2-5,13890,35,35,138.9
2026-06-06,03,10,1-5-2,2920,9,9,29.2
2026-06-06,03,11,1-2-4,1290,2,2,12.9
2026-06-06,03,12,1-3-2,2030,6,6,20.3
2026-06-07,03,1,3-2-6,25410,72,72,254.1
2026-06-07,03,2,2-6-4,52480,115,115,524.8
2026-06-07,03,3,6-3-4,33020,80,80,330.2
2026-06-07,03,4,1-4-3,3330,9,9,33.3
2026-06-07,03,5,2-4-3,2040,7,7,20.4
2026-06-07,03,6,1-4-3,2040,3,3,20.4
2026-06-07,03,7,1-5-2,1440,5,5,14.4
2026-06-07,03,8,1-4-5,1370,1,1,13.7
2026-06-07,03,9,1-2-3,1480,5,5,14.8
2026-06-07,03,10,1-3-4,3250,9,9,32.5
2026-06-07,03,11,2-1-3,2250,8,8,22.5
2026-06-07,03,12,1-2-5,2210,10,10,22.1
2026-06-07,09,1,1-3-6,740,1,1,7.4
2026-06-07,09,2,1-3-4,960,1,1,9.6
2026-06-07,09,3,2-3-6,1610,4,4,16.1
2026-06-07,09,4,1-2-3,2470,8,8,24.7
2026-06-07,09,5,1-5-4,910,2,2,9.1
2026-06-07,09,6,2-1-3,3330,13,13,33.3
2026-06-07,09,7,6-5-1,31600,102,102,316.0
2026-06-07,09,8,4-5-1,1300,3,3,13.0
2026-06-07,09,9,1-3-4,810,3,3,8.1
2026-06-07,09,10,1-5-3,1140,5,5,11.4
2026-06-07,09,11,4-3-1,12810,32,32,128.1
2026-06-07,09,12,1-2-5,2630,10,10,26.3
2026-06-08,09,1,2-1-3,5980,15,15,59.8
2026-06-08,09,2,1-3-2,3160,13,13,31.6
2026-06-08,09,3,6-1-5,11310,38,38,113.1
2026-06-08,09,4,3-5-6,3170,11,11,31.7
2026-06-08,09,5,1-2-5,890,4,4,8.9
2026-06-08,09,6,4-2-3,3040,8,8,30.4
2026-06-08,09,7,4-2-1,23730,60,60,237.3
2026-06-08,09,8,2-3-5,630,1,1,6.3
2026-06-08,09,9,1-3-2,760,1,1,7.6
2026-06-08,09,10,4-6-5,3870,11,11,38.7
2026-06-08,09,11,1-2-4,320,1,1,3.2
2026-06-08,09,12,1-2-3,350,1,1,3.5
2026-06-09,09,1,1-6-2,1920,7,7,19.2
2026-06-09,09,2,4-1-6,3900,18,18,39.0
2026-06-09,09,3,3-2-1,9810,38,38,98.1
2026-06-09,09,4,6-2-5,5640,19,19,56.4
2026-06-09,09,5,1-4-3,1540,6,6,15.4
2026-06-09,09,6,1-3-6,1430,3,3,14.3
2026-06-09,09,7,1-3-5,930,1,1,9.3
2026-06-09,09,8,1-3-2,12130,45,45,121.3
2026-06-09,09,9,1-5-2,1600,2,2,16.0
2026-06-09,09,10,1-3-2,710,2,2,7.1
2026-06-09,09,11,5-1-2,6100,19,19,61.0
2026-06-09,09,12,1-2-3,470,1,1,4.7
2026-06-10,09,1,1-2-6,2200,11,12,22.0
2026-06-10,09,2,6-5-3,24890,94,93,248.9
2026-06-10,09,3,4-1-6,11110,38,38,111.1
2026-06-10,09,4,2-4-5,5250,21,21,52.5
2026-06-10,09,5,3-6-1,35900,35,35,359.0
2026-06-10,09,6,2-5-1,3120,11,11,31.2
2026-06-10,09,7,2-1-4,9510,25,25,95.1
2026-06-10,09,8,6-3-4,44890,80,80,448.9
2026-06-10,09,9,1-3-2,3190,13,13,31.9
2026-06-10,09,10,1-4-3,3410,11,11,34.1
2026-06-10,09,11,1-2-3,650,2,2,6.5
2026-06-10,09,12,1-2-3,490,1,1,4.9
2026-06-10,14,1,4-1-5,1560,7,7,15.6
2026-06-10,14,2,2-1-3,1110,3,3,11.1
2026-06-10,14,3,2-3-6,18630,32,32,186.3
2026-06-10,14,4,1-2-4,1100,4,4,11.0
2026-06-10,14,5,1-2-5,990,2,2,9.9
2026-06-10,14,6,1-4-6,8970,31,31,89.7
2026-06-10,14,7,3-1-5,2050,7,7,20.5
2026-06-10,14,8,1-5-2,610,1,1,6.1
2026-06-10,14,9,3-2-1,5440,32,32,54.4
2026-06-10,14,10,1-3-6,2170,8,8,21.7
2026-06-10,14,11,2-6-5,21740,76,76,217.4
2026-06-10,14,12,1-2-5,3340,11,11,33.4
2026-06-11,03,1,4-5-6,5620,25,25,56.2
2026-06-11,03,2,3-1-4,1810,6,6,18.1
2026-06-11,03,3,3-1-2,3600,13,13,36.0
2026-06-11,03,4,5-6-1,5040,25,25,50.4
2026-06-11,03,5,3-1-4,1830,6,6,18.3
2026-06-11,03,6,4-3-1,37980,77,77,379.8
2026-06-11,03,7,1-3-5,2010,3,3,20.1
2026-06-11,03,8,2-3-1,3880,13,13,38.8
2026-06-11,03,9,1-5-3,3730,13,13,37.3
2026-06-11,03,10,1-5-2,550,3,2,10.3
2026-06-11,03,11,4-1-2,11770,36,36,117.7
2026-06-11,03,12,3-4-6,16890,66,66,168.9
2026-06-11,09,1,1-6-5,4450,18,18,44.5
2026-06-11,09,2,5-4-3,19270,43,43,192.7
2026-06-11,09,3,2-4-6,2930,12,12,29.3
2026-06-11,09,4,4-5-2,23640,49,48,236.4
2026-06-11,09,5,1-2-3,700,2,2,7.0
2026-06-11,09,6,1-2-4,1250,3,3,12.5
2026-06-11,09,7,1-5-2,3060,11,11,30.6
2026-06-11,09,8,1-3-6,2400,9,9,24.0
2026-06-11,09,9,1-2-3,390,1,1,3.9
2026-06-11,09,10,1-2-4,330,1,1,3.3
2026-06-11,09,11,1-2-5,1460,6,6,14.6
2026-06-11,09,12,2-1-4,6940,17,17,69.4
2026-06-11,14,1,1-4-2,1200,7,7,12.0
2026-06-11,14,2,1-4-6,800,3,3,8.0
2026-06-11,14,3,3-4-5,10360,33,33,103.6
2026-06-11,14,4,2-3-4,13890,48,48,138.9
2026-06-11,14,5,1-4-6,3920,14,14,39.2
2026-06-11,14,6,1-3-4,950,2,2,9.5
2026-06-11,14,7,2-4-3,1300,2,2,13.0
2026-06-11,14,8,4-6-3,4810,26,26,48.1
2026-06-11,14,9,4-2-3,2510,8,8,25.1
2026-06-11,14,10,1-4-6,1000,3,3,10.0
2026-06-11,14,11,1-4-3,3770,11,11,37.7
2026-06-11,14,12,2-1-4,10300,25,25,103.0
2026-06-12,03,1,1-4-5,1490,8,8,14.9
2026-06-12,03,2,1-2-5,2040,5,5,20.4
2026-06-12,03,3,4-1-3,8720,39,39,87.2
2026-06-12,03,4,1-2-3,890,2,2,8.9
2026-06-12,03,5,1-4-5,1460,2,2,14.6
2026-06-12,03,6,1-2-3,640,1,1,6.4
2026-06-12,03,7,4-5-1,970,1,1,9.7
2026-06-12,03,8,3-5-6,1150,3,3,11.5
2026-06-12,03,9,1-3-5,1030,2,2,10.3
2026-06-12,03,10,1-3-2,1500,6,6,15.0
2026-06-12,03,11,1-5-2,1550,6,6,15.5
2026-06-12,03,12,4-5-2,30970,52,52,309.7
2026-06-12,09,1,2-6-1,82350,66,66,823.5
2026-06-12,09,2,1-4-2,620,4,4,12.2
2026-06-12,09,3,1-3-6,4060,14,14,40.6
2026-06-12,09,4,5-1-2,2780,10,10,27.8
2026-06-12,09,5,1-2-5,1600,5,5,16.0
2026-06-12,09,6,2-1-4,3900,11,11,39.0
2026-06-12,09,7,1-3-2,520,1,1,5.2
2026-06-12,09,8,1-2-4,1870,6,6,18.7
2026-06-12,09,9,3-4-1,10570,27,27,105.7
2026-06-12,09,10,1-2-5,1240,4,4,12.4
2026-06-12,09,11,1-2-5,700,1,1,7.0
2026-06-12,09,12,1-5-3,3690,15,14,36.9
2026-06-12,14,1,1-4-2,1420,7,7,14.2
2026-06-12,14,2,1-3-4,8090,33,33,80.9
2026-06-12,14,3,5-6-1,8320,25,25,83.2
2026-06-12,14,4,3-1-5,4870,18,18,48.7
2026-06-12,14,5,6-2-1,10280,51,51,102.8
2026-06-12,14,6,1-2-5,1220,1,1,12.2
2026-06-12,14,7,2-1-4,2740,8,8,27.4
2026-06-12,14,8,2-4-1,2290,6,6,22.9
2026-06-12,14,9,1-3-4,1390,5,5,13.9
2026-06-12,14,10,5-2-6,25530,67,67,255.3
2026-06-12,14,11,1-2-3,1260,3,3,12.6
2026-06-12,14,12,1-3-5,2130,8,9,21.3
2026-06-12,22,1,1-5-3,3210,11,11,32.1
2026-06-12,22,2,1-4-2,850,1,1,8.5
2026-06-12,22,3,3-2-5,4160,14,14,41.6
2026-06-12,22,4,3-5-2,4710,16,16,47.1
2026-06-12,22,5,2-6-1,1760,11,7,33.3
2026-06-12,22,6,2-1-4,4630,23,23,46.3
2026-06-12,22,7,1-2-3,410,1,1,4.1
2026-06-12,22,8,1-4-2,3090,10,10,30.9
2026-06-12,22,9,3-1-2,2810,12,12,28.1
2026-06-12,22,10,1-2-4,2620,10,10,26.2
2026-06-12,22,11,1-3-4,690,3,3,6.9
2026-06-12,22,12,1-3-2,780,2,2,7.8
2026-06-13,03,1,2-1-3,2180,5,5,21.8
2026-06-13,03,2,2-3-6,8160,38,38,81.6
2026-06-13,03,3,4-2-1,5170,19,19,51.7
2026-06-13,03,4,1-2-6,2010,6,6,20.1
2026-06-13,03,5,1-3-5,8780,33,33,87.8
2026-06-13,03,6,2-4-3,800,2,2,8.0
2026-06-13,03,7,1-6-3,26350,54,54,263.5
2026-06-13,03,8,3-6-1,3440,12,12,34.4
2026-06-13,03,9,1-4-2,1520,4,4,15.2
2026-06-13,03,10,1-5-2,1090,4,4,10.9
2026-06-13,03,11,1-3-6,2530,7,7,25.3
2026-06-13,03,12,4-3-2,53650,73,73,536.5
2026-06-13,14,1,1-3-6,530,1,1,5.3
2026-06-13,14,2,1-3-2,1060,3,4,10.6
2026-06-13,14,3,1-4-3,860,3,3,8.6
2026-06-13,14,4,1-4-3,580,1,1,5.8
2026-06-13,14,5,1-4-2,1550,6,6,15.5
2026-06-13,14,6,1-5-3,3030,10,10,30.3
2026-06-13,14,7,5-1-6,2760,11,11,27.6
2026-06-13,14,8,3-1-6,20470,46,46,204.7
2026-06-13,14,9,2-6-1,11900,43,43,119.0
2026-06-13,14,10,2-6-1,32410,93,93,324.1
2026-06-13,14,11,1-2-4,590,2,2,5.9
2026-06-13,14,12,4-6-1,19800,48,47,198.0
2026-06-13,22,1,1-3-2,1310,5,5,13.1
2026-06-13,22,2,1-3-5,1600,5,5,16.0
2026-06-13,22,3,3-1-2,1200,4,4,12.0
2026-06-13,22,4,4-6-1,5790,22,22,57.9
2026-06-13,22,5,3-4-2,2610,13,13,26.1
2026-06-13,22,6,6-1-3,13060,42,42,130.6
2026-06-13,22,7,3-5-1,3080,11,11,30.8
2026-06-13,22,8,6-2-1,1730,5,5,17.3
2026-06-13,22,9,1-3-2,1130,4,4,11.3
2026-06-13,22,10,1-4-2,960,2,2,9.6
2026-06-13,22,11,1-3-2,1970,8,8,19.7
2026-06-13,22,12,1-3-2,910,2,2,9.1
2026-06-14,03,1,6-4-5,57430,103,103,574.3
2026-06-14,03,2,2-3-1,2240,9,9,22.4
2026-06-14,03,3,1-4-2,550,2,2,5.5
2026-06-14,03,4,1-4-6,3340,14,14,33.4
2026-06-14,03,5,2-3-5,2190,6,6,21.9
2026-06-14,03,6,1-3-6,720,1,1,7.2
2026-06-14,03,7,3-1-2,1180,2,2,11.8
2026-06-14,03,8,2-1-3,1980,6,6,19.8
2026-06-14,03,9,1-3-5,480,1,1,4.8
2026-06-14,03,10,1-3-4,1120,4,4,11.2
2026-06-14,03,11,3-2-6,45520,72,72,455.2
2026-06-14,03,12,1-3-2,5930,21,21,59.3
2026-06-14,22,1,1-3-5,1050,6,6,10.5
2026-06-14,22,2,1-3-5,780,1,1,7.8
2026-06-14,22,3,3-2-6,1720,5,5,17.2
2026-06-14,22,4,3-2-5,2070,5,5,20.7
2026-06-14,22,5,1-2-5,1720,2,3,17.2
2026-06-14,22,6,4-5-1,3230,10,10,32.3
2026-06-14,22,7,1-2-6,1550,6,6,15.5
2026-06-14,22,8,2-4-1,2530,10,10,25.3
2026-06-14,22,9,2-5-4,5540,18,18,55.4
2026-06-14,22,10,1-4-2,1320,2,2,13.2
2026-06-14,22,11,1-2-5,1200,5,5,12.0
2026-06-14,22,12,1-2-4,630,2,2,6.3
2026-06-15,03,1,1-5-4,2360,9,9,23.6
2026-06-15,03,2,4-3-2,3120,13,13,31.2
2026-06-15,03,3,6-1-2,1070,3,3,10.7
2026-06-15,03,4,1-3-2,4990,20,20,49.9
2026-06-15,03,5,3-5-2,3900,14,14,39.0
2026-06-15,03,6,1-2-6,4390,15,15,43.9
2026-06-15,03,7,2-3-1,1730,6,6,17.3
2026-06-15,03,8,2-1-6,12790,32,32,127.9
2026-06-15,03,9,1-2-4,850,2,2,8.5
2026-06-15,03,10,3-5-1,21850,57,57,218.5
2026-06-15,03,11,4-1-6,4550,17,17,45.5
2026-06-15,03,12,1-5-3,1480,5,5,14.8
2026-06-15,22,1,1-5-6,3800,12,12,38.0
2026-06-15,22,2,2-4-1,3010,9,9,30.1
2026-06-15,22,3,3-2-5,7460,24,24,74.6
2026-06-15,22,4,3-2-1,2970,13,13,29.7
2026-06-15,22,5,1-4-6,2390,10,10,23.9
2026-06-15,22,6,2-1-3,4600,14,14,46.0
2026-06-15,22,7,1-4-5,38900,79,79,389.0
2026-06-15,22,8,1-2-4,390,1,1,3.9
2026-06-15,22,9,1-2-3,440,1,1,4.4
2026-06-15,22,10,1-3-2,620,1,1,6.2
2026-06-15,22,11,1-4-2,4280,14,14,42.8
2026-06-15,22,12,6-3-2,222920,117,117,2229.0
2026-06-16,03,1,3-5-1,2430,6,6,24.3
2026-06-16,03,2,1-5-2,3170,17,17,31.7
2026-06-16,03,3,4-6-5,6870,95,16,850.4
2026-06-16,03,4,4-1-3,5330,26,26,53.3
2026-06-16,03,5,1-4-2,2520,8,8,25.2
2026-06-16,03,6,6-2-1,2350,8,8,23.5
2026-06-16,03,7,2-3-4,2370,8,9,23.7
2026-06-16,03,8,2-5-3,1360,2,2,13.6
2026-06-16,03,9,1-3-4,1670,3,3,16.7
2026-06-16,03,10,5-1-3,28910,65,65,289.1
2026-06-16,03,11,1-2-5,3160,12,12,31.6
2026-06-16,03,12,4-2-6,18220,50,50,182.2
2026-06-16,09,1,1-3-6,1190,4,4,11.9
2026-06-16,09,2,1-3-2,750,2,2,7.5
2026-06-16,09,3,3-1-6,2090,8,8,20.9
2026-06-16,09,4,1-2-3,1550,3,3,15.5
2026-06-16,09,5,1-6-5,12370,23,23,123.7
2026-06-16,09,6,2-3-5,1120,2,2,11.2
2026-06-16,09,7,4-2-5,7600,35,35,76.0
2026-06-16,09,8,3-5-2,2890,10,10,31.3
2026-06-16,09,9,1-3-4,720,3,3,7.2
2026-06-16,09,10,1-2-4,580,2,2,5.8
2026-06-16,09,11,1-3-4,550,1,1,5.5
2026-06-16,09,12,1-2-3,840,1,1,8.4
2026-06-16,22,1,1-3-6,4470,35,14,165.6
2026-06-16,22,2,1-3-2,850,3,3,8.5
2026-06-16,22,3,3-2-5,3910,15,15,39.1
2026-06-16,22,4,1-3-4,2060,11,11,20.6
2026-06-16,22,5,1-4-6,580,1,1,5.8
2026-06-16,22,6,3-1-4,3450,12,12,34.5
2026-06-16,22,7,4-3-1,4530,16,16,45.3
2026-06-16,22,8,1-4-3,1690,7,7,16.9
2026-06-16,22,9,1-3-6,2110,8,8,21.1
2026-06-16,22,10,1-5-2,3500,12,12,35.0
2026-06-16,22,11,5-1-2,10200,25,25,102.0
2026-06-16,22,12,1-5-2,3180,12,12,31.8
2026-06-17,09,1,1-3-6,2900,12,12,29.0
2026-06-17,09,2,2-3-5,6950,25,25,69.5
2026-06-17,09,3,5-6-2,12220,55,55,122.2
2026-06-17,09,4,6-3-1,4330,15,15,43.3
2026-06-17,09,5,1-4-2,1480,6,6,14.8
2026-06-17,09,6,2-3-4,27110,62,62,271.1
2026-06-17,09,7,2-1-3,680,1,1,6.8
2026-06-17,09,8,2-1-3,2030,6,6,20.3
2026-06-17,09,9,4-5-2,2490,11,11,24.9
2026-06-17,09,10,2-5-6,13240,40,40,132.4
2026-06-17,09,11,1-4-5,770,1,1,7.7
2026-06-17,09,12,1-4-6,630,1,1,6.3
2026-06-17,22,1,1-5-3,1320,7,7,13.2
2026-06-17,22,2,2-5-3,16540,38,38,165.4
2026-06-17,22,3,2-3-5,4180,20,20,41.8
2026-06-17,22,4,2-5-4,5520,28,28,55.2
2026-06-17,22,5,2-1-4,960,3,3,9.6
2026-06-17,22,6,1-6-2,580,2,2,5.8
2026-06-17,22,7,1-3-2,360,1,1,3.6
2026-06-17,22,8,1-2-4,1070,3,3,10.7
2026-06-17,22,9,3-1-4,7530,21,21,75.3
2026-06-17,22,10,1-3-2,750,1,2,7.5
2026-06-17,22,11,2-1-3,2780,9,9,27.8
2026-06-17,22,12,4-1-2,11200,33,33,112.0
2026-06-18,02,1,1-2-4,2170,7,7,21.7
2026-06-18,02,2,2-1-5,2720,9,9,27.2
2026-06-18,02,3,3-2-1,3280,12,12,32.8
2026-06-18,02,4,2-6-3,3610,12,12,36.1
2026-06-18,02,5,2-1-4,1780,5,5,17.8
2026-06-18,02,6,2-4-5,2230,4,4,22.3
2026-06-18,02,7,3-1-4,4610,22,15,62.1
2026-06-18,02,8,2-6-4,3480,13,13,34.8
2026-06-18,02,9,2-1-5,2650,8,8,26.5
2026-06-18,02,10,2-1-5,6000,24,24,60.0
2026-06-18,02,11,5-6-1,100260,106,106,1002.0
2026-06-18,02,12,1-4-2,2790,8,8,27.9
2026-06-18,04,1,3-4-5,4720,21,21,47.2
2026-06-18,04,2,1-6-2,2630,10,10,26.3
2026-06-18,04,3,4-1-5,1170,3,3,11.7
2026-06-18,04,4,1-2-3,980,1,1,9.8
2026-06-18,04,5,2-1-3,13230,50,50,132.3
2026-06-18,04,6,2-3-4,16930,66,66,169.3
2026-06-18,04,7,3-6-2,2260,7,7,22.6
2026-06-18,04,8,3-2-4,14510,43,43,145.1
2026-06-18,04,9,1-3-4,3030,6,6,30.3
2026-06-18,04,10,2-6-1,19680,48,48,196.8
2026-06-18,04,11,1-5-3,1840,5,5,18.4
2026-06-18,04,12,2-1-5,3710,16,16,37.1
2026-06-18,09,1,1-2-4,490,1,1,4.9
2026-06-18,09,2,5-1-3,5780,24,24,57.8
2026-06-18,09,3,1-5-3,3430,13,13,34.3
2026-06-18,09,4,5-1-3,5820,21,21,58.2
2026-06-18,09,5,1-3-6,6090,18,18,60.9
2026-06-18,09,6,6-4-1,6650,22,22,66.5
2026-06-18,09,7,5-2-4,9820,36,36,98.2
2026-06-18,09,8,2-3-6,3450,14,14,34.5
2026-06-18,09,9,1-2-3,1720,4,4,17.2
2026-06-18,09,10,3-2-1,5610,20,20,56.1
2026-06-18,09,11,1-3-4,340,1,1,3.4
2026-06-18,09,12,4-5-1,4470,17,17,44.7
2026-06-19,02,1,3-2-1,31150,73,73,311.5
2026-06-19,02,2,2-6-3,7560,28,28,75.6
2026-06-19,02,3,3-2-6,1340,2,2,13.4
2026-06-19,02,4,2-4-5,1530,4,4,15.3
2026-06-19,02,5,1-6-3,65630,79,79,656.3
2026-06-19,02,6,1-2-3,5090,20,20,50.9
2026-06-19,02,7,1-2-6,1590,5,5,15.9
2026-06-19,02,8,5-6-1,2150,6,6,21.5
2026-06-19,02,9,3-5-2,2970,11,11,29.7
2026-06-19,02,10,6-2-4,30060,47,47,300.6
2026-06-19,02,11,1-4-3,2180,4,4,21.8
2026-06-19,02,12,1-4-3,760,2,2,7.6
2026-06-19,04,1,2-5-6,7150,30,30,71.5
2026-06-19,04,2,1-5-2,6470,26,26,64.7
2026-06-19,04,3,2-3-1,1820,6,6,18.2
2026-06-19,04,4,1-3-5,6150,22,22,61.5
2026-06-19,04,5,2-6-5,14800,55,55,148.0
2026-06-19,04,6,2-5-4,2850,11,11,28.5
2026-06-19,04,7,5-6-3,3610,15,15,36.1
2026-06-19,04,8,4-2-6,9920,29,29,99.2
2026-06-19,04,9,3-1-6,1720,4,4,17.2
2026-06-19,04,10,2-5-4,12660,45,45,126.6
2026-06-19,04,11,2-4-1,2730,9,9,27.3
2026-06-19,04,12,1-3-2,3390,11,11,33.9
2026-06-19,09,1,1-3-2,580,2,2,5.8
2026-06-19,09,2,2-3-5,8980,45,45,89.8
2026-06-19,09,3,3-1-6,23930,67,67,239.3
2026-06-19,09,4,1-4-3,8020,24,24,80.2
2026-06-19,09,5,1-2-5,1080,6,6,10.8
2026-06-19,09,6,1-3-5,2870,11,11,28.7
2026-06-19,09,7,2-3-1,9290,31,31,92.9
2026-06-19,09,8,3-1-4,620,2,2,6.2
2026-06-19,09,9,1-2-5,430,1,1,4.3
2026-06-19,09,10,1-5-3,490,2,2,4.9
2026-06-19,09,11,1-2-4,300,1,1,3.0
2026-06-19,09,12,1-4-2,810,3,3,8.1
2026-06-20,02,1,1-4-3,1020,2,2,13.3
2026-06-20,02,2,2-1-3,1220,4,4,12.2
2026-06-20,02,3,4-3-5,1670,6,6,16.7
2026-06-20,02,4,4-3-5,8580,34,34,85.8
2026-06-20,02,5,1-4-6,2280,10,10,22.8
2026-06-20,02,6,5-2-4,73320,103,50,1534.0
2026-06-20,02,7,1-3-4,450,1,1,4.5
2026-06-20,02,8,5-6-3,10800,41,41,108.0
2026-06-20,02,9,2-1-6,18970,67,67,189.7
2026-06-20,02,10,3-1-5,3500,10,10,35.0
2026-06-20,02,11,1-6-5,18080,63,63,180.8
2026-06-20,02,12,1-3-2,2090,6,6,20.9
2026-06-20,04,1,1-4-3,2640,12,12,26.4
2026-06-20,04,2,1-2-3,520,1,1,5.2
2026-06-20,04,3,2-3-4,1490,11,5,31.3
2026-06-20,04,4,2-4-5,3550,14,14,35.5
2026-06-20,04,5,1-3-5,5090,21,21,50.9
2026-06-20,04,6,2-1-6,2320,2,2,23.2
2026-06-20,04,7,1-5-2,1680,6,6,16.8
2026-06-20,04,8,1-2-4,2020,8,8,20.2
2026-06-20,04,9,3-4-2,5010,18,18,50.1
2026-06-20,04,10,1-4-6,1230,1,1,12.3
2026-06-20,04,11,3-1-2,2430,9,9,24.3
2026-06-20,04,12,2-1-4,11190,28,28,111.9
2026-06-20,09,1,2-1-5,16070,35,35,160.7
2026-06-20,09,2,2-1-3,3150,11,11,31.5
2026-06-20,09,3,1-4-5,640,9,1,27.4
2026-06-20,09,4,1-4-6,3190,9,9,31.9
2026-06-20,09,5,1-2-3,440,1,1,4.4
2026-06-20,09,6,2-5-1,16490,38,38,164.9
2026-06-20,09,7,2-1-4,4220,15,15,42.2
2026-06-20,09,8,1-5-3,820,2,2,8.2
2026-06-20,09,9,1-2-4,820,3,3,8.2
2026-06-20,09,10,1-4-2,4350,12,12,43.5
2026-06-20,09,11,1-2-5,1450,6,6,14.5
2026-06-20,09,12,1-3-4,390,1,1,3.9
2026-06-21,02,1,4-5-1,2970,13,13,29.7
2026-06-21,02,2,2-3-5,1360,4,4,13.6
2026-06-21,02,3,1-5-6,2380,3,3,23.8
2026-06-21,02,4,3-2-5,4020,17,17,40.2
2026-06-21,02,5,1-4-2,630,2,2,6.3
2026-06-21,02,6,2-3-4,1730,6,6,17.3
2026-06-21,02,7,1-3-2,640,2,2,6.4
2026-06-21,02,8,1-4-2,2930,8,8,29.3
2026-06-21,02,9,4-5-1,7190,23,23,71.9
2026-06-21,02,10,1-3-4,5360,19,19,53.6
2026-06-21,02,11,1-2-4,2450,9,9,24.5
2026-06-21,02,12,5-2-4,58930,96,96,589.3
2026-06-21,04,1,5-1-4,8180,27,27,81.8
2026-06-21,04,2,3-4-2,5570,27,28,55.7
2026-06-21,04,3,1-3-2,920,2,2,9.2
2026-06-21,04,4,2-1-3,6460,30,30,64.6
2026-06-21,04,5,1-4-2,12730,45,45,127.3
2026-06-21,04,6,2-6-3,31330,108,108,313.3
2026-06-21,04,7,2-1-3,1090,2,2,10.9
2026-06-21,04,8,1-2-3,2010,6,6,20.1
2026-06-21,04,9,1-2-3,830,2,2,8.3
2026-06-21,04,10,3-1-5,5900,20,20,59.0
2026-06-21,04,11,1-2-4,1410,4,4,14.1
2026-06-21,04,12,1-4-2,3010,11,11,30.1
2026-06-21,09,1,1-4-2,1680,7,6,16.8
2026-06-21,09,2,1-6-5,430,90,3,537.2
2026-06-21,09,3,1-2-4,1780,5,5,17.8
2026-06-21,09,4,1-3-4,1740,5,5,17.4
2026-06-21,09,5,1-3-5,1060,5,5,10.6
2026-06-21,09,6,4-1-6,690,2,2,6.9
2026-06-21,09,7,3-1-6,8670,26,26,86.7
2026-06-21,09,8,1-6-5,1880,7,7,18.8
2026-06-21,09,9,1-2-6,3260,10,10,32.6
2026-06-21,09,10,1-3-2,2350,7,7,23.5
2026-06-21,09,11,4-5-2,24720,36,36,247.2
2026-06-21,09,12,3-1-5,4520,13,13,45.2
2026-06-22,02,1,3-4-2,1310,1,1,13.1
2026-06-22,02,2,1-3-4,2650,9,9,26.5
2026-06-22,02,3,1-4-6,2350,9,9,23.5
2026-06-22,02,4,1-2-3,1210,3,3,12.1
2026-06-22,02,5,5-4-3,3450,17,17,34.5
2026-06-22,02,6,3-5-1,39500,84,84,395.0
2026-06-22,02,7,2-3-4,4120,13,13,41.2
2026-06-22,02,8,1-2-4,1660,6,6,16.6
2026-06-22,02,9,3-1-4,9270,28,28,92.7
2026-06-22,02,10,2-4-5,9950,38,38,99.5
2026-06-22,02,11,1-2-3,530,1,1,5.3
2026-06-22,02,12,1-2-3,670,1,1,6.7
2026-06-22,22,1,1-2-3,1460,7,7,14.6
2026-06-22,22,2,4-5-6,34240,63,63,342.4
2026-06-22,22,3,3-4-5,4250,16,16,42.5
2026-06-22,22,4,1-4-2,1820,4,4,18.2
2026-06-22,22,5,3-2-4,1040,1,1,10.4
2026-06-22,22,6,2-1-4,4580,19,19,45.8
2026-06-22,22,7,1-2-5,1470,6,6,14.7
2026-06-22,22,8,4-1-2,8070,19,19,80.7
2026-06-22,22,9,1-2-4,840,1,1,8.4
2026-06-22,22,10,4-1-6,3310,12,12,33.1
2026-06-22,22,11,3-4-1,4940,17,17,49.4
2026-06-22,22,12,1-2-3,740,1,1,7.4
2026-06-23,02,1,2-1-5,1810,6,6,18.1
2026-06-23,02,2,1-2-4,3210,10,10,32.1
2026-06-23,02,3,2-4-1,2460,9,9,24.6
2026-06-23,02,4,1-4-2,850,1,1,8.5
2026-06-23,02,5,4-2-3,7420,27,27,74.2
2026-06-23,02,6,2-4-5,7260,31,31,72.6
2026-06-23,02,7,1-6-4,1060,2,2,10.6
2026-06-23,02,8,3-1-5,1180,3,3,11.8
2026-06-23,02,9,1-5-6,820,1,1,8.2
2026-06-23,02,10,3-4-6,9740,37,37,97.4
2026-06-23,02,11,5-1-3,11960,45,45,119.6
2026-06-23,02,12,1-4-5,2130,7,7,21.3
2026-06-23,14,1,1-5-2,2990,10,10,29.9
2026-06-23,14,2,1-2-5,1420,5,5,14.2
2026-06-23,14,3,1-3-2,2980,10,10,29.8
2026-06-23,14,4,1-4-6,2850,11,11,28.5
2026-06-23,14,5,1-3-5,1980,4,4,19.8
2026-06-23,14,6,3-4-2,27110,89,89,271.1
2026-06-23,14,7,1-5-3,3450,15,15,34.5
2026-06-23,14,8,3-2-4,9380,32,32,93.8
2026-06-23,14,9,2-1-3,1610,5,5,16.1
2026-06-23,14,10,1-2-6,1350,4,4,13.5
2026-06-23,14,11,2-1-4,5730,21,21,57.3
2026-06-23,14,12,1-2-3,720,1,1,7.2
2026-06-23,22,1,3-5-1,53400,41,41,534.0
2026-06-23,22,2,4-3-1,6080,25,25,60.8
2026-06-23,22,3,3-4-2,1270,3,3,12.7
2026-06-23,22,4,1-6-3,7570,22,22,75.7
2026-06-23,22,5,2-3-1,3440,13,13,34.4
2026-06-23,22,6,6-2-3,1430,5,5,14.3
2026-06-23,22,7,2-6-4,1770,6,5,17.7
2026-06-23,22,8,1-2-6,630,1,1,6.3
2026-06-23,22,9,5-2-3,6120,23,23,61.2
2026-06-23,22,10,1-3-2,910,3,3,9.1
2026-06-23,22,11,1-5-3,2710,11,11,27.1
2026-06-23,22,12,3-4-1,18870,30,30,188.7
2026-06-24,03,1,4-1-5,1860,4,4,18.6
2026-06-24,03,2,3-1-5,5350,20,20,53.5
2026-06-24,03,3,3-1-5,2270,10,10,22.7
2026-06-24,03,4,2-1-5,3290,8,8,32.9
2026-06-24,03,5,1-2-3,1160,2,2,11.6
2026-06-24,03,6,2-4-6,2860,52,13,165.3
2026-06-24,03,7,1-2-3,560,1,1,5.6
2026-06-24,03,8,2-6-1,14150,38,38,141.5
2026-06-24,03,9,3-4-1,5600,22,22,56.0
2026-06-24,03,10,5-1-6,15830,49,49,158.3
2026-06-24,03,11,1-6-3,21340,70,70,213.4
2026-06-24,03,12,1-3-4,1340,2,2,13.4
2026-06-24,04,1,1-3-5,2390,7,6,23.9
2026-06-24,04,2,2-4-6,25560,53,53,255.6
2026-06-24,04,3,3-2-1,5450,24,24,54.5
2026-06-24,04,4,3-4-2,7440,28,28,74.4
2026-06-24,04,5,4-6-2,2760,6,6,27.6
2026-06-24,04,6,1-2-3,1380,3,3,13.8
2026-06-24,04,7,1-3-2,2410,9,9,24.1
2026-06-24,04,8,3-1-4,3450,11,11,34.5
2026-06-24,04,9,2-3-1,8410,31,31,84.1
2026-06-24,04,10,1-2-3,810,2,2,8.1
2026-06-24,04,11,1-3-5,1390,4,4,13.9
2026-06-24,04,12,4-1-5,12020,35,35,120.2
2026-06-24,09,1,3-5-2,47460,41,41,474.6
2026-06-24,09,2,1-4-3,1310,6,6,13.1
2026-06-24,09,3,1-2-6,3240,13,13,32.4
2026-06-24,09,4,2-5-1,2670,8,8,26.7
2026-06-24,09,5,1-2-4,730,2,1,7.3
2026-06-24,09,6,6-1-3,1380,3,3,13.8
2026-06-24,09,7,2-1-6,1270,3,3,12.7
2026-06-24,09,8,4-1-2,1940,7,7,19.4
2026-06-24,09,9,2-1-4,1320,3,3,13.2
2026-06-24,09,10,1-3-4,830,1,1,8.3
2026-06-24,09,11,1-2-4,910,3,3,9.1
2026-06-24,09,12,1-3-5,1670,8,8,16.7
2026-06-24,14,1,1-4-6,1950,10,10,19.5
2026-06-24,14,2,1-2-3,690,1,1,6.9
2026-06-24,14,3,1-3-5,1830,5,5,18.3
2026-06-24,14,4,3-6-4,5340,72,29,251.2
2026-06-24,14,5,3-1-2,21050,50,50,210.5
2026-06-24,14,6,5-3-6,35060,89,89,350.6
2026-06-24,14,7,3-1-4,3630,14,14,36.3
2026-06-24,14,8,1-4-6,5750,18,18,57.5
2026-06-24,14,9,4-5-2,6840,24,24,68.4
2026-06-24,14,10,4-1-3,5990,22,22,59.9
2026-06-24,14,11,4-1-2,4190,14,13,41.9
2026-06-24,14,12,1-4-6,2410,10,10,24.1
2026-06-24,22,1,1-2-5,470,6,2,13.5
2026-06-24,22,2,1-6-5,12060,43,43,120.6
2026-06-24,22,3,3-4-6,1420,4,4,14.2
2026-06-24,22,4,3-4-1,8190,26,26,81.9
2026-06-24,22,5,6-1-2,22980,58,58,229.8
2026-06-24,22,6,1-3-4,1180,4,4,11.8
2026-06-24,22,7,3-4-2,7330,31,31,73.3
2026-06-24,22,8,1-5-2,1070,3,3,10.7
2026-06-24,22,9,3-4-1,820,4,4,8.2
2026-06-24,22,10,1-2-6,1100,3,3,11.0
2026-06-24,22,11,1-2-5,610,2,2,6.1
2026-06-24,22,12,1-3-5,1410,5,5,14.1
2026-06-25,03,1,4-6-5,3900,9,9,39.0
2026-06-25,03,2,2-1-5,3270,9,9,32.7
2026-06-25,03,3,2-1-3,2300,7,7,23.0
2026-06-25,03,4,1-6-2,10590,44,44,105.9
2026-06-25,03,5,1-3-5,2950,11,11,29.5
2026-06-25,03,6,1-2-5,1000,1,1,10.0
2026-06-25,03,7,3-5-2,7880,31,31,78.8
2026-06-25,03,8,1-3-6,7180,34,34,71.8
2026-06-25,03,9,3-4-5,1050,19,2,43.5
2026-06-25,03,10,5-4-2,12280,47,47,122.8
2026-06-25,03,11,5-1-4,9890,44,44,98.9
2026-06-25,03,12,1-3-4,960,1,1,9.6
2026-06-25,04,1,6-1-2,14290,63,63,142.9
2026-06-25,04,2,1-5-6,3750,13,13,37.5
2026-06-25,04,3,5-4-1,4520,18,18,45.2
2026-06-25,04,4,2-1-4,2440,12,12,24.4
2026-06-25,04,5,3-2-1,2900,11,11,29.0
2026-06-25,04,6,1-5-3,3430,13,13,34.3
2026-06-25,04,7,3-4-5,1480,1,1,14.8
2026-06-25,04,8,3-6-4,14550,40,40,145.5
2026-06-25,04,9,2-4-5,4760,21,21,47.6
2026-06-25,04,10,1-4-3,4900,21,21,49.0
2026-06-25,04,11,6-4-1,7680,26,26,76.8
2026-06-25,04,12,1-2-6,1330,4,4,13.3
2026-06-25,09,1,1-2-4,450,1,1,4.5
2026-06-25,09,2,1-3-6,2330,4,4,23.3
2026-06-25,09,3,2-6-1,1870,7,7,18.7
2026-06-25,09,4,4-6-5,49180,63,63,491.8
2026-06-25,09,5,2-3-6,41940,59,59,419.4
2026-06-25,09,6,3-1-6,2560,9,9,25.6
2026-06-25,09,7,2-1-6,1330,2,2,13.3
2026-06-25,09,8,2-1-4,1270,4,4,12.7
2026-06-25,09,9,2-4-6,3020,9,9,30.2
2026-06-25,09,10,2-1-6,1660,18,7,52.4
2026-06-25,09,11,3-5-2,200280,111,56,2515.0
2026-06-25,09,12,1-2-5,900,3,3,9.0
2026-06-25,14,1,1-4-5,1460,5,5,14.6
2026-06-25,14,2,5-1-3,7970,19,19,79.7
2026-06-25,14,3,1-2-4,1330,4,4,13.3
2026-06-25,14,4,1-2-6,1260,4,4,12.6
2026-06-25,14,5,2-1-4,8430,21,21,84.3
2026-06-25,14,6,5-1-2,8890,34,34,88.9
2026-06-25,14,7,3-4-5,5910,68,29,166.3
2026-06-25,14,8,5-1-4,4600,20,20,46.0
2026-06-25,14,9,1-3-2,1360,2,2,13.6
2026-06-25,14,10,1-3-5,1880,6,6,18.8
2026-06-25,14,11,1-4-3,3500,10,10,35.0
2026-06-25,14,12,1-5-2,2950,14,14,29.5
2026-06-25,22,1,3-1-2,9720,15,15,97.2
2026-06-25,22,2,1-4-5,860,1,1,8.6
2026-06-25,22,3,1-2-3,900,3,3,9.0
2026-06-25,22,4,1-2-5,510,1,1,5.1
2026-06-25,22,5,1-4-3,4620,24,24,46.2
2026-06-25,22,6,2-3-1,5140,19,19,51.4
2026-06-25,22,7,2-1-4,1020,3,3,10.2
2026-06-25,22,8,1-2-4,690,2,2,6.9
2026-06-25,22,9,1-4-5,3360,13,13,33.6
2026-06-25,22,10,1-2-5,440,1,1,4.4
2026-06-25,22,11,1-3-2,950,3,3,9.5
2026-06-25,22,12,1-3-2,760,2,2,7.6
2026-06-26,03,1,1-5-2,2750,8,8,27.5
2026-06-26,03,2,1-3-6,7220,32,32,72.2
2026-06-26,03,3,3-1-5,7730,23,23,77.3
2026-06-26,03,4,1-2-4,1540,3,3,15.4
2026-06-26,03,5,3-5-4,9880,43,43,98.8
2026-06-26,03,6,2-3-6,8600,41,41,86.0
2026-06-26,03,7,6-4-5,72660,118,117,726.6
2026-06-26,03,8,3-1-2,3700,11,11,37.0
2026-06-26,03,9,1-2-4,1400,2,2,14.0
2026-06-26,03,10,1-5-4,2400,5,5,24.0
2026-06-26,03,11,2-1-6,11130,34,34,111.3
2026-06-26,03,12,1-2-5,1780,2,2,17.8
2026-06-26,04,1,5-1-4,3810,15,15,38.1
2026-06-26,04,2,3-2-1,13140,35,35,131.4
2026-06-26,04,3,2-3-4,2490,10,10,24.9
2026-06-26,04,4,1-2-5,1340,5,5,13.4
2026-06-26,04,5,1-2-4,2560,9,9,25.6
2026-06-26,04,6,1-2-3,870,1,1,8.7
2026-06-26,04,7,5-2-4,13550,49,49,135.5
2026-06-26,04,8,4-5-6,2680,9,9,26.8
2026-06-26,04,9,4-3-1,16800,34,34,168.0
2026-06-26,04,10,1-4-5,2920,10,10,29.2
2026-06-26,04,11,1-5-2,4640,22,22,46.4
2026-06-26,04,12,1-3-4,580,1,1,5.8
2026-06-26,09,1,5-1-3,6300,16,16,63.0
2026-06-26,09,2,6-1-4,17030,62,62,170.3
2026-06-26,09,3,1-5-2,610,1,1,6.1
2026-06-26,09,4,2-4-6,4430,18,18,44.3
2026-06-26,09,5,2-3-1,5880,17,17,58.8
2026-06-26,09,6,1-6-5,5390,17,17,53.9
2026-06-26,09,7,5-1-2,3530,9,9,35.3
2026-06-26,09,8,6-4-2,3450,13,12,34.5
2026-06-26,09,9,1-2-5,3240,11,11,32.4
2026-06-26,09,10,4-3-5,8210,30,30,82.1
2026-06-26,09,11,2-3-1,8550,32,32,85.5
2026-06-26,09,12,1-2-3,490,1,1,4.9
2026-06-26,14,1,1-2-3,1550,6,6,15.5
2026-06-26,14,2,5-6-2,21190,66,66,211.9
2026-06-26,14,3,1-2-5,4700,16,16,47.0
2026-06-26,14,4,1-6-4,11130,36,36,111.3
2026-06-26,14,5,1-2-4,1110,3,3,11.1
2026-06-26,14,6,1-5-3,2640,9,9,26.4
2026-06-26,14,7,5-1-3,18110,43,43,181.1
2026-06-26,14,8,1-2-6,1130,1,1,11.3
2026-06-26,14,9,3-6-4,6580,32,32,65.8
2026-06-26,14,10,1-2-6,4630,13,13,46.3
2026-06-26,14,11,1-4-2,5320,19,19,53.2
2026-06-26,14,12,1-3-2,1070,2,2,10.7
2026-06-26,22,1,1-2-3,950,3,3,9.5
2026-06-26,22,2,1-3-6,720,1,1,7.2
2026-06-26,22,3,3-1-5,2000,7,7,20.0
2026-06-26,22,4,4-2-1,4480,13,13,44.8
2026-06-26,22,5,2-4-1,7480,24,24,74.8
2026-06-26,22,6,1-3-5,980,1,1,9.8
2026-06-26,22,7,1-4-6,670,3,3,6.7
2026-06-26,22,8,1-2-6,1330,6,6,13.3
2026-06-26,22,9,1-2-5,1310,4,4,13.1
2026-06-26,22,10,1-6-4,34100,52,52,341.0
2026-06-26,22,11,5-4-1,35580,68,68,355.8
2026-06-26,22,12,1-4-5,3490,11,11,34.9
2026-06-27,02,1,1-2-5,1070,2,2,10.7
2026-06-27,02,2,2-5-6,17100,68,68,171.0
2026-06-27,02,3,1-3-5,1780,6,6,17.8
2026-06-27,02,4,2-1-4,1850,4,4,18.5
2026-06-27,02,5,3-1-4,1440,5,5,14.4
2026-06-27,02,6,3-4-6,1980,7,7,19.8
2026-06-27,02,7,1-3-5,850,1,1,8.5
2026-06-27,02,8,1-2-6,19860,76,76,198.6
2026-06-27,02,9,1-2-5,3950,11,11,39.5
2026-06-27,02,10,3-4-5,4640,22,22,46.4
2026-06-27,02,11,1-3-2,880,2,2,8.8
2026-06-27,02,12,2-1-5,10940,41,42,109.4
2026-06-27,03,1,1-2-5,9870,48,48,98.7
2026-06-27,03,2,2-1-4,5190,22,22,51.9
2026-06-27,03,3,3-2-1,4220,15,15,42.2
2026-06-27,03,4,2-5-1,10630,49,49,106.3
2026-06-27,03,5,2-1-5,1480,3,3,14.8
2026-06-27,03,6,1-5-3,1540,2,2,15.4
2026-06-27,03,7,1-2-4,3540,14,14,35.4
2026-06-27,03,8,3-2-5,9320,39,39,93.2
2026-06-27,03,9,1-3-4,920,1,1,9.2
2026-06-27,03,10,4-3-1,5610,20,20,56.1
2026-06-27,03,11,2-1-5,9240,28,28,92.4
2026-06-27,03,12,1-3-2,1190,3,3,11.9
2026-06-27,09,1,1-3-2,510,2,2,5.1
2026-06-27,09,2,2-3-5,1280,1,1,12.8
2026-06-27,09,3,4-5-1,1470,4,4,14.7
2026-06-27,09,4,1-2-3,1020,2,2,10.2
2026-06-27,09,5,2-3-6,39500,33,33,395.0
2026-06-27,09,6,1-4-2,1390,5,5,13.9
2026-06-27,09,7,4-3-1,31830,62,62,318.3
2026-06-27,09,8,1-5-4,11280,49,49,112.8
2026-06-27,09,9,4-5-1,1920,8,8,19.2
2026-06-27,09,10,1-5-3,3070,9,9,30.7
2026-06-27,09,11,1-4-3,3230,11,11,32.3
2026-06-27,09,12,1-4-2,570,1,1,5.7
2026-06-27,14,1,1-4-5,1750,7,7,17.5
2026-06-27,14,2,2-1-4,6860,24,24,68.6
2026-06-27,14,3,4-1-3,9380,27,27,93.8
2026-06-27,14,4,5-4-1,40430,79,79,404.3
2026-06-27,14,5,1-5-2,2650,10,10,26.5
2026-06-27,14,6,1-4-5,1840,6,6,18.4
2026-06-27,14,7,3-1-6,9660,29,29,96.6
2026-06-27,14,8,1-6-4,11420,30,30,114.2
2026-06-27,14,9,2-1-3,7310,20,20,73.1
2026-06-27,14,10,1-2-6,3000,13,13,30.0
2026-06-27,14,11,1-4-6,4040,15,15,40.4
2026-06-27,14,12,4-6-1,66060,92,92,660.6
2026-06-27,22,1,1-3-5,1190,5,5,11.9
2026-06-27,22,2,1-5-3,540,2,2,5.4
2026-06-27,22,3,2-3-1,2920,11,11,29.2
2026-06-27,22,4,1-5-2,630,1,1,6.3
2026-06-27,22,5,1-3-2,700,2,2,7.0
2026-06-27,22,6,1-2-4,580,2,2,5.8
2026-06-27,22,7,3-1-4,13290,34,34,132.9
2026-06-27,22,8,1-4-3,7850,34,34,78.5
2026-06-27,22,9,2-3-5,4080,14,14,40.8
2026-06-27,22,10,3-1-5,8690,28,28,86.9
2026-06-27,22,11,2-1-5,15210,33,33,152.1
2026-06-27,22,12,2-5-4,21270,68,68,212.7
2026-06-28,02,1,4-5-2,3220,10,10,32.2
2026-06-28,02,2,1-6-3,1800,4,4,18.0
2026-06-28,02,3,6-1-2,4490,15,15,44.9
2026-06-28,02,4,2-4-3,3260,14,14,32.6
2026-06-28,02,5,2-4-5,6930,27,27,69.3
2026-06-28,02,6,4-1-2,6130,34,34,61.3
2026-06-28,02,7,2-1-5,3360,11,11,33.6
2026-06-28,02,8,3-1-4,5710,20,20,57.1
2026-06-28,02,9,1-2-3,1170,2,2,11.7
2026-06-28,02,10,3-2-6,6050,25,23,76.0
2026-06-28,02,11,1-4-2,1050,1,1,10.5
2026-06-28,02,12,1-2-6,760,1,1,7.6
2026-06-28,03,1,1-2-3,1590,2,2,15.9
2026-06-28,03,2,2-3-5,6070,85,34,216.1
2026-06-28,03,3,2-3-6,2740,9,9,27.4
2026-06-28,03,4,1-2-5,1130,1,1,11.3
2026-06-28,03,5,1-5-3,1830,4,4,18.3
2026-06-28,03,6,3-2-6,5240,20,20,52.4
2026-06-28,03,7,4-1-2,2010,6,6,20.1
2026-06-28,03,8,1-4-6,3370,12,12,33.7
2026-06-28,03,9,3-4-1,8830,30,30,88.3
2026-06-28,03,10,3-1-2,6880,29,29,68.8
2026-06-28,03,11,5-1-4,12300,43,43,123.0
2026-06-28,03,12,3-4-5,8550,27,27,85.5
2026-06-28,04,1,3-2-5,3530,14,14,35.3
2026-06-28,04,2,1-5-3,3570,13,13,35.7
2026-06-28,04,3,3-5-2,7060,32,32,70.6
2026-06-28,04,4,2-5-1,3420,11,11,34.2
2026-06-28,04,5,1-3-6,3500,13,13,35.0
2026-06-28,04,6,3-1-2,10270,23,23,102.7
2026-06-28,04,7,3-2-4,3290,11,11,32.9
2026-06-28,04,8,2-1-4,4870,17,17,48.7
2026-06-28,04,9,1-3-5,3540,13,13,35.4
2026-06-28,04,10,2-6-4,28260,55,55,282.6
2026-06-28,04,11,1-3-2,1190,3,3,11.9
2026-06-28,04,12,1-2-4,2070,6,6,20.7
2026-06-28,09,1,2-1-4,2070,6,6,20.7
2026-06-28,09,2,1-4-5,1770,5,5,17.7
2026-06-28,09,3,1-4-2,2400,9,9,24.0
2026-06-28,09,4,1-5-2,830,1,1,8.3
2026-06-28,09,5,1-2-4,1200,4,4,12.0
2026-06-28,09,6,4-1-5,1380,5,5,13.8
2026-06-28,09,7,1-4-2,510,1,1,5.1
2026-06-28,09,8,1-3-2,400,2,2,4.0
2026-06-28,09,9,1-5-6,6130,27,27,61.3
2026-06-28,09,10,2-1-4,2750,9,9,27.5
2026-06-28,09,11,1-4-3,2290,10,10,22.9
2026-06-28,09,12,1-5-2,2620,10,10,26.2
2026-06-28,14,1,1-3-2,1470,7,7,14.7
2026-06-28,14,2,3-4-1,15070,33,33,150.7
2026-06-28,14,3,1-3-4,1250,4,4,12.5
2026-06-28,14,4,1-2-5,1530,6,6,15.3
2026-06-28,14,5,1-3-6,1240,5,5,12.4
2026-06-28,14,6,1-5-4,4110,17,17,41.1
2026-06-28,14,7,4-1-3,9180,23,23,91.8
2026-06-28,14,8,1-5-2,1720,9,9,17.2
2026-06-28,14,9,3-5-1,15820,47,47,158.2
2026-06-28,14,10,1-2-4,1570,4,4,15.7
2026-06-28,14,11,1-2-3,1050,3,3,10.5
2026-06-28,14,12,1-3-2,1790,5,5,17.9
2026-06-29,02,1,1-2-3,3580,4,4,35.8
2026-06-29,02,2,2-4-5,1760,3,3,17.6
2026-06-29,02,3,2-5-6,13940,64,64,139.4
2026-06-29,02,4,3-2-5,1990,4,4,19.9
2026-06-29,02,5,1-5-2,2100,5,5,21.0
2026-06-29,02,6,3-2-4,1220,4,4,12.2
2026-06-29,02,7,1-4-3,2740,13,13,27.4
2026-06-29,02,8,1-2-3,810,3,3,8.1
2026-06-29,02,9,4-1-6,9840,36,36,98.4
2026-06-29,02,10,4-1-2,2010,4,4,20.1
2026-06-29,02,11,1-3-4,1520,2,2,15.2
2026-06-29,02,12,1-2-5,1270,2,2,12.7
2026-06-29,03,1,2-1-3,5070,17,17,50.7
2026-06-29,03,2,2-1-6,16070,64,64,160.7
2026-06-29,03,3,1-2-3,2060,4,4,20.6
2026-06-29,03,4,1-2-3,1500,2,2,15.0
2026-06-29,03,5,3-5-4,15440,61,61,154.4
2026-06-29,03,6,5-4-3,21990,68,68,219.9
2026-06-29,03,7,2-4-1,3180,12,12,31.8
2026-06-29,03,8,4-3-1,5600,20,20,56.0
2026-06-29,03,9,2-1-5,5180,21,21,51.8
2026-06-29,03,10,4-1-5,8110,28,28,81.1
2026-06-29,03,11,1-2-5,910,1,1,9.1
2026-06-29,03,12,3-4-2,9310,35,35,93.1
2026-06-29,09,1,1-2-4,1700,6,6,17.0
2026-06-29,09,2,3-1-6,3370,10,10,33.7
2026-06-29,09,3,1-3-5,1990,7,7,19.9
2026-06-29,09,4,4-1-3,3960,16,16,39.6
2026-06-29,09,5,1-2-3,680,3,3,6.8
2026-06-29,09,6,1-3-4,1440,6,6,14.4
2026-06-29,09,7,5-1-2,9110,41,41,91.1
2026-06-29,09,8,4-1-5,22130,57,56,221.3
2026-06-29,09,9,1-3-4,920,3,3,9.2
2026-06-29,09,10,1-2-5,1990,8,8,19.9
2026-06-29,09,11,2-4-3,4970,17,17,49.7
2026-06-29,09,12,1-2-6,3500,11,11,35.0
2026-06-30,02,1,3-1-4,3580,10,10,35.8
2026-06-30,02,2,1-2-3,3590,16,16,35.9
2026-06-30,02,3,5-3-4,1860,5,5,18.6
2026-06-30,02,4,1-2-4,550,1,1,5.5
2026-06-30,02,5,2-1-6,15500,47,47,155.0
2026-06-30,02,6,4-1-5,3700,14,14,37.0
2026-06-30,02,7,1-3-5,1100,5,5,11.0
2026-06-30,02,8,3-1-6,3340,14,14,33.4
2026-06-30,02,9,1-2-6,3330,12,12,33.3
2026-06-30,02,10,3-2-6,9090,25,25,90.9
2026-06-30,02,11,1-3-5,4370,18,18,43.7
2026-06-30,02,12,1-2-3,1960,7,7,19.6
2026-07-01,02,1,6-3-1,7370,29,29,73.7
2026-07-01,02,2,1-2-5,3090,11,11,30.9
2026-07-01,02,3,5-2-3,31230,83,83,312.3
2026-07-01,02,4,1-5-2,1930,8,8,19.3
2026-07-01,02,5,1-4-3,830,3,3,8.3
2026-07-01,02,6,2-5-3,49970,94,94,499.7
2026-07-01,02,7,1-4-2,980,3,3,9.8
2026-07-01,02,8,1-2-4,1090,3,3,10.9
2026-07-01,02,9,5-4-1,4270,78,16,261.7
2026-07-01,02,10,1-2-3,910,1,1,9.1
2026-07-01,02,11,1-2-6,1280,4,4,12.8
2026-07-01,02,12,4-3-5,11530,55,55,115.3
2026-07-01,22,1,1-2-3,450,1,1,4.5
2026-07-01,22,2,4-2-6,4980,19,19,49.8
2026-07-01,22,3,1-3-5,1670,8,8,16.7
2026-07-01,22,4,5-3-4,102040,95,95,1020.0
2026-07-01,22,5,2-5-3,2380,11,11,23.8
2026-07-01,22,6,3-2-6,1350,2,2,13.5
2026-07-01,22,7,1-3-4,810,2,2,8.1
2026-07-01,22,8,1-2-5,560,2,2,5.6
2026-07-01,22,9,1-2-6,1280,3,3,12.8
2026-07-01,22,10,1-3-4,3290,12,12,32.9
2026-07-01,22,11,3-5-1,9270,26,26,92.7
2026-07-01,22,12,1-2-3,780,1,1,7.8
2026-07-02,04,1,4-3-5,3650,14,14,36.5
2026-07-02,04,2,1-2-3,650,1,1,6.5
2026-07-02,04,3,3-1-6,1320,3,3,13.2
2026-07-02,04,4,4-3-5,10000,30,30,100.0
2026-07-02,04,5,2-1-4,6920,34,34,69.2
2026-07-02,04,6,2-5-6,4570,16,16,45.7
2026-07-02,04,7,2-4-6,4010,16,16,40.1
2026-07-02,04,8,4-3-1,5830,23,23,58.3
2026-07-02,04,9,2-5-3,14950,48,48,149.5
2026-07-02,04,10,1-4-6,10960,41,41,109.6
2026-07-02,04,11,3-1-6,4930,19,19,49.3
2026-07-02,04,12,3-5-2,34730,56,56,347.3
2026-07-02,22,1,1-2-4,540,2,2,5.4
2026-07-02,22,2,1-3-6,630,1,1,6.3
2026-07-02,22,3,3-1-5,1040,4,4,10.4
2026-07-02,22,4,2-1-3,1360,5,5,13.6
2026-07-02,22,5,3-1-6,620,10,1,26.4
2026-07-02,22,6,1-6-4,4230,16,16,42.3
2026-07-02,22,7,1-6-2,800,2,2,8.0
2026-07-02,22,8,1-3-2,1070,4,4,10.7
2026-07-02,22,9,4-1-3,4180,12,12,41.8
2026-07-02,22,10,1-2-4,400,1,1,4.0
2026-07-02,22,11,1-2-6,5260,17,17,52.6
2026-07-02,22,12,1-2-4,550,1,1,5.5
2026-07-03,04,1,5-6-3,26580,70,70,265.8
2026-07-03,04,2,1-3-2,650,2,2,6.5
2026-07-03,04,3,2-3-1,7360,44,44,73.6
2026-07-03,04,4,3-1-6,1680,2,2,16.8
2026-07-03,04,5,3-2-4,5420,22,22,54.2
2026-07-03,04,6,3-1-6,2910,14,14,29.1
2026-07-03,04,7,1-5-2,810,1,1,8.1
2026-07-03,04,8,1-4-2,530,1,1,5.3
2026-07-03,04,9,1-2-3,550,1,1,5.5
2026-07-03,04,10,2-3-1,2900,9,9,29.0
2026-07-03,04,11,2-1-5,1960,6,6,19.6
2026-07-03,04,12,1-4-2,720,2,2,7.2
2026-07-03,09,1,3-1-5,15330,34,34,153.3
2026-07-03,09,2,3-4-1,10600,34,34,106.0
2026-07-03,09,3,1-6-2,9740,33,33,97.4
2026-07-03,09,4,6-1-3,5900,23,23,59.0
2026-07-03,09,5,1-3-6,1820,8,8,18.2
2026-07-03,09,6,2-3-5,1550,1,1,15.5
2026-07-03,09,7,3-6-4,6470,58,24,189.2
2026-07-03,09,8,3-1-5,820,1,1,8.2
2026-07-03,09,9,3-1-5,3120,10,10,31.2
2026-07-03,09,10,1-3-2,910,3,3,9.1
2026-07-03,09,11,1-3-5,770,2,2,7.7
2026-07-03,09,12,3-1-6,6180,19,19,61.8
2026-07-03,22,1,1-3-5,1430,6,6,14.3
2026-07-03,22,2,1-3-4,1550,2,2,15.5
2026-07-03,22,3,3-1-5,6720,20,20,67.2
2026-07-03,22,4,1-3-4,2440,8,8,24.4
2026-07-03,22,5,1-4-6,950,1,1,9.5
2026-07-03,22,6,3-2-1,6060,26,26,60.6
2026-07-03,22,7,4-2-1,51670,69,69,516.7
2026-07-03,22,8,6-2-1,10890,32,32,108.9
2026-07-03,22,9,1-3-4,790,1,1,7.9
2026-07-03,22,10,1-2-3,800,2,2,8.0
2026-07-03,22,11,3-1-5,4070,13,13,40.7
2026-07-03,22,12,3-1-4,5220,17,17,52.2
2026-07-04,04,1,3-6-2,6090,23,23,60.9
2026-07-04,04,2,2-1-3,5320,16,16,53.2
2026-07-04,04,3,4-6-2,9370,45,45,93.7
2026-07-04,04,4,4-2-6,4320,18,18,43.2
2026-07-04,04,5,2-4-1,3660,14,14,36.6
2026-07-04,04,6,3-1-2,10560,31,31,105.6
2026-07-04,04,7,3-1-4,1030,3,3,10.3
2026-07-04,04,8,2-1-4,4250,16,16,42.5
2026-07-04,04,9,1-6-2,12120,33,33,121.2
2026-07-04,04,10,1-5-3,1680,6,6,16.8
2026-07-04,04,11,2-1-4,1710,6,6,17.1
2026-07-04,04,12,4-1-2,10650,39,39,106.5
2026-07-04,09,1,5-1-6,25210,60,60,252.1
2026-07-04,09,2,1-4-2,2970,12,12,29.7
2026-07-04,09,3,1-2-3,1370,2,2,13.7
2026-07-04,09,4,3-5-6,3500,14,14,35.0
2026-07-04,09,5,1-6-3,16000,35,35,160.0
2026-07-04,09,6,1-5-6,2490,8,8,24.9
2026-07-04,09,7,1-3-6,34790,48,48,347.9
2026-07-04,09,8,5-2-6,2790,7,7,27.9
2026-07-04,09,9,4-2-6,4340,18,18,43.4
2026-07-04,09,10,1-4-6,3780,14,14,37.8
2026-07-04,09,11,4-3-1,12710,36,36,127.1
2026-07-04,09,12,1-2-6,1280,5,5,12.8
2026-07-04,22,1,1-2-3,350,2,2,3.5
2026-07-04,22,2,2-4-1,1050,1,1,10.5
2026-07-04,22,3,3-1-2,1320,3,3,13.2
2026-07-04,22,4,2-5-3,850,2,1,19.3
2026-07-04,22,5,5-2-1,2020,6,6,20.2
2026-07-04,22,6,2-4-5,4120,20,20,41.2
2026-07-04,22,7,1-2-4,480,2,2,4.8
2026-07-04,22,8,1-2-4,910,3,3,9.1
2026-07-04,22,9,1-4-5,2780,13,13,27.8
2026-07-04,22,10,3-1-5,23450,33,33,234.5
2026-07-04,22,11,1-5-2,710,2,2,7.1
2026-07-04,22,12,1-2-4,390,1,1,3.9
2026-07-05,04,1,1-3-4,1030,3,3,10.3
2026-07-05,04,2,1-2-3,1110,4,4,11.1
2026-07-05,04,3,2-1-4,1880,5,5,18.8
2026-07-05,04,4,1-5-2,2450,9,9,24.5
2026-07-05,04,5,1-5-2,10510,40,40,105.1
2026-07-05,04,6,1-2-3,320,1,1,3.2
2026-07-05,04,7,3-4-2,19550,52,52,195.5
2026-07-05,04,8,4-2-6,15120,37,37,151.2
2026-07-05,04,9,1-4-2,1210,5,5,12.1
2026-07-05,04,10,1-3-2,690,1,1,6.9
2026-07-05,04,11,1-6-5,4730,14,14,47.3
2026-07-05,04,12,1-2-6,2200,8,8,22.0
2026-07-05,09,1,1-3-2,820,2,2,8.2
2026-07-05,09,2,4-2-1,8580,28,28,85.8
2026-07-05,09,3,3-5-2,12760,41,41,127.6
2026-07-05,09,4,4-6-1,41290,107,107,412.9
2026-07-05,09,5,1-4-2,3440,17,17,34.4
2026-07-05,09,6,2-6-4,5350,25,25,53.5
2026-07-05,09,7,5-1-3,1340,2,3,13.4
2026-07-05,09,8,2-1-3,1590,9,6,24.7
2026-07-05,09,9,3-2-6,12340,46,46,123.4
2026-07-05,09,10,5-4-2,30300,58,58,303.0
2026-07-05,09,11,2-1-3,1460,6,6,14.6
2026-07-05,09,12,1-6-5,6090,24,24,60.9
2026-07-05,22,1,1-6-3,52960,55,55,529.6
2026-07-05,22,2,1-4-3,990,2,2,9.9
2026-07-05,22,3,2-3-6,35720,52,52,357.2
2026-07-05,22,4,1-4-3,580,2,2,5.8
2026-07-05,22,5,1-2-3,550,2,2,5.5
2026-07-05,22,6,1-3-2,910,4,4,9.1
2026-07-05,22,7,1-2-3,2000,8,8,20.0
2026-07-05,22,8,1-2-3,1090,3,3,10.9
2026-07-05,22,9,1-5-2,1450,6,6,14.5
2026-07-05,22,10,1-2-4,1170,5,5,11.7
2026-07-05,22,11,1-3-2,660,2,2,6.6
2026-07-05,22,12,1-6-3,7640,19,19,76.4
2026-07-06,04,1,3-1-2,2650,10,10,26.5
2026-07-06,04,2,1-3-2,1260,2,2,12.6
2026-07-06,04,3,2-1-5,4220,21,21,42.2
2026-07-06,04,4,1-2-5,680,1,1,6.8
2026-07-06,04,5,1-2-6,2130,7,7,21.3
2026-07-06,04,6,1-5-3,1190,3,3,11.9
2026-07-06,04,7,3-6-4,9300,34,34,93.0
2026-07-06,04,8,1-2-4,600,1,1,6.0
2026-07-06,04,9,1-5-6,3770,17,17,37.7
2026-07-06,04,10,2-5-1,23250,57,57,232.5
2026-07-06,04,11,1-2-4,560,1,1,5.6
2026-07-06,04,12,1-3-2,1130,3,3,11.3
2026-07-06,09,1,1-3-6,420,1,1,4.2
2026-07-06,09,2,5-3-2,13770,51,51,137.7
2026-07-06,09,3,5-2-1,11440,42,42,114.4
2026-07-06,09,4,1-3-5,1150,3,3,11.5
2026-07-06,09,5,2-4-3,40680,53,53,406.8
2026-07-06,09,6,1-2-4,1740,7,7,17.4
2026-07-06,09,7,5-6-3,4440,15,15,44.4
2026-07-06,09,8,3-1-5,16580,43,43,165.8
2026-07-06,09,9,1-2-3,420,1,1,4.2
2026-07-06,09,10,1-2-6,2130,7,7,21.3
2026-07-06,09,11,3-4-2,12090,32,32,120.9
2026-07-06,09,12,1-2-3,750,1,1,7.5
2026-07-06,22,1,1-4-2,1150,4,4,11.5
2026-07-06,22,2,3-1-4,2450,9,9,24.5
2026-07-06,22,3,4-5-3,23570,63,63,235.7
2026-07-06,22,4,2-1-3,1580,3,3,15.8
2026-07-06,22,5,1-3-4,2250,9,9,22.5
2026-07-06,22,6,1-2-6,980,4,4,9.8
2026-07-06,22,7,1-2-4,530,2,2,5.3
2026-07-06,22,8,1-3-4,710,3,3,7.1
2026-07-06,22,9,1-5-4,4910,15,15,49.1
2026-07-06,22,10,1-4-2,2440,10,10,24.4
2026-07-06,22,11,3-4-2,6730,25,25,67.3
2026-07-06,22,12,1-2-3,490,1,1,4.9
2026-07-07,02,1,4-1-5,2480,8,8,24.8
2026-07-07,02,2,5-1-4,11140,40,40,111.4
2026-07-07,02,3,4-6-2,6770,30,30,67.7
2026-07-07,02,4,1-5-6,5670,29,29,56.7
2026-07-07,02,5,4-1-2,3050,10,10,30.5
2026-07-07,02,6,1-2-5,630,1,1,6.3
2026-07-07,02,7,5-4-1,5800,22,22,58.0
2026-07-07,02,8,2-3-1,7610,25,25,76.1
2026-07-07,02,9,3-5-1,2930,10,10,29.3
2026-07-07,02,10,2-1-5,4670,17,17,46.7
2026-07-07,02,11,1-2-4,1420,4,4,14.2
2026-07-07,02,12,1-3-5,1470,5,5,14.7
2026-07-07,04,1,6-2-3,4050,13,13,40.5
2026-07-07,04,2,1-5-2,9240,48,48,92.4
2026-07-07,04,3,3-4-6,1520,1,1,15.2
2026-07-07,04,4,3-4-1,1950,4,4,19.5
2026-07-07,04,5,2-3-5,4500,16,16,45.0
2026-07-07,04,6,1-5-4,1340,5,5,13.4
2026-07-07,04,7,1-6-4,2440,5,5,24.4
2026-07-07,04,8,2-1-5,2490,7,7,24.9
2026-07-07,04,9,1-4-3,1060,2,2,10.6
2026-07-07,04,10,1-4-2,2950,11,11,29.5
2026-07-07,04,11,1-2-5,1860,5,5,18.6
2026-07-07,04,12,1-3-2,2150,7,7,21.5
2026-07-08,02,1,1-2-3,530,1,1,5.3
2026-07-08,02,2,1-3-5,1910,5,5,19.1
2026-07-08,02,3,5-1-3,12270,60,60,122.7
2026-07-08,02,4,1-6-4,4520,14,14,45.2
2026-07-08,02,5,1-3-6,10080,25,25,100.8
2026-07-08,02,6,5-3-6,8530,32,32,85.3
2026-07-08,02,7,3-4-6,4750,15,15,47.5
2026-07-08,02,8,3-4-5,10760,46,46,107.6
2026-07-08,02,9,1-6-5,3540,16,16,35.4
2026-07-08,02,10,3-2-4,14020,39,39,140.2
2026-07-08,02,11,1-4-3,1180,6,6,11.8
2026-07-08,02,12,1-4-2,2340,8,8,23.4
2026-07-09,02,1,3-5-4,5050,22,22,50.5
2026-07-09,02,2,2-6-3,3750,13,13,37.5
2026-07-09,02,3,3-1-4,3250,13,13,32.5
2026-07-09,02,4,1-4-5,6750,26,26,67.5
2026-07-09,02,5,1-3-4,8460,33,33,84.6
2026-07-09,02,6,4-6-5,5860,21,21,58.6
2026-07-09,02,7,1-5-6,920,3,3,9.2
2026-07-09,02,8,1-2-3,7360,25,25,73.6
2026-07-09,02,9,3-1-6,2150,7,7,21.5
2026-07-09,02,10,3-4-1,13170,31,31,131.7
2026-07-09,02,11,1-5-3,9180,31,31,91.8
2026-07-09,02,12,6-1-2,11680,40,40,116.8
2026-07-09,14,1,5-1-4,13670,31,31,136.7
2026-07-09,14,2,2-5-4,8840,32,32,88.4
2026-07-09,14,3,4-1-2,3530,14,14,35.3
2026-07-09,14,4,2-1-5,1170,3,3,11.7
2026-07-09,14,5,6-2-4,7490,29,29,74.9
2026-07-09,14,6,4-3-5,26970,63,63,269.7
2026-07-09,14,7,4-5-2,2320,8,8,23.2
2026-07-09,14,8,3-2-1,3850,18,18,38.5
2026-07-09,14,9,4-1-5,10510,43,43,105.1
2026-07-09,14,10,6-3-2,36120,108,108,361.2
2026-07-09,14,11,1-3-2,1050,1,1,10.5
2026-07-09,14,12,1-3-4,1330,6,6,13.3
2026-07-09,15,1,4-2-5,10350,47,47,103.5
2026-07-09,15,2,1-3-2,6460,23,23,64.6
2026-07-09,15,3,1-2-4,1640,4,4,16.4
2026-07-09,15,4,4-3-5,1870,5,5,18.7
2026-07-09,15,5,1-5-3,2100,6,6,21.0
2026-07-09,15,6,5-6-1,2640,9,9,26.4
2026-07-09,15,7,3-1-4,2420,7,7,24.2
2026-07-09,15,8,1-5-2,1490,6,6,14.9
2026-07-09,15,9,3-1-5,5780,18,18,57.8
2026-07-09,15,10,1-4-2,1100,3,3,11.0
2026-07-09,15,11,3-5-2,64920,75,75,649.2
2026-07-09,15,12,2-1-3,2560,9,9,25.6
2026-07-10,02,1,6-5-2,11120,44,44,111.2
2026-07-10,02,2,2-1-4,1940,2,2,19.4
2026-07-10,02,3,2-5-4,4190,14,14,41.9
2026-07-10,02,4,5-2-6,3210,14,14,32.1
2026-07-10,02,5,3-5-4,5300,27,27,53.0
2026-07-10,02,6,1-6-5,3350,16,16,33.5
2026-07-10,02,7,2-1-4,1450,2,2,14.5
2026-07-10,02,8,4-2-5,1510,3,3,15.1
2026-07-10,02,9,1-5-2,1330,6,6,13.3
2026-07-10,02,10,3-1-2,6300,22,22,63.0
2026-07-10,02,11,1-6-2,16180,56,56,161.8
2026-07-10,02,12,1-3-2,1490,3,3,14.9
2026-07-10,09,1,1-4-2,930,4,4,9.3
2026-07-10,09,2,2-1-4,6940,15,15,69.4
2026-07-10,09,3,1-2-4,740,1,1,7.4
2026-07-10,09,4,4-1-2,16030,54,54,160.3
2026-07-10,09,5,1-2-3,330,1,1,3.3
2026-07-10,09,6,1-3-4,2300,4,4,23.0
2026-07-10,09,7,6-3-1,4750,24,24,47.5
2026-07-10,09,8,5-6-3,55990,78,77,559.9
2026-07-10,09,9,1-6-2,4260,12,12,42.6
2026-07-10,09,10,4-3-2,30820,63,63,308.2
2026-07-10,09,11,1-6-2,5840,24,24,58.4
2026-07-10,09,12,1-3-2,730,3,3,7.3
2026-07-10,14,1,1-6-4,5050,16,16,50.5
2026-07-10,14,2,3-2-4,8160,30,30,81.6
2026-07-10,14,3,1-3-2,630,1,1,6.3
2026-07-10,14,4,1-2-3,1170,3,3,11.7
2026-07-10,14,5,1-2-3,690,1,1,6.9
2026-07-10,14,6,4-5-3,9910,46,46,99.1
2026-07-10,14,7,4-1-2,2240,9,9,22.4
2026-07-10,14,8,1-6-2,3480,11,11,34.8
2026-07-10,14,9,1-4-3,2990,11,11,29.9
2026-07-10,14,10,4-6-3,2340,3,3,23.4
2026-07-10,14,11,1-2-3,900,2,2,9.0
2026-07-10,14,12,1-2-4,1020,5,5,10.2
2026-07-10,15,1,2-3-6,11060,47,47,110.6
2026-07-10,15,2,2-1-4,3810,13,13,38.1
2026-07-10,15,3,4-5-6,41530,82,82,415.3
2026-07-10,15,4,6-2-5,10750,42,42,107.5
2026-07-10,15,5,1-3-4,1160,1,1,11.6
2026-07-10,15,6,1-4-3,4880,20,20,48.8
2026-07-10,15,7,3-1-6,13760,36,36,137.6
2026-07-10,15,8,1-2-6,9790,20,20,97.9
2026-07-10,15,9,1-4-3,6020,17,17,60.2
2026-07-10,15,10,1-3-2,480,1,1,4.8
2026-07-10,15,11,1-2-6,2320,9,9,23.2
2026-07-10,15,12,1-2-4,640,1,1,6.4
2026-07-10,22,1,2-1-5,7370,17,17,73.7
2026-07-10,22,2,1-4-3,2610,11,11,26.1
2026-07-10,22,3,1-3-4,1310,4,4,13.1
2026-07-10,22,4,2-3-5,1540,3,3,15.4
2026-07-10,22,5,4-1-2,4180,22,22,41.8
2026-07-10,22,6,3-1-2,8110,28,28,81.1
2026-07-10,22,7,4-1-6,8300,25,25,83.0
2026-07-10,22,8,1-2-3,980,4,4,9.8
2026-07-10,22,9,1-3-4,1280,5,5,12.8
2026-07-10,22,10,1-2-5,830,3,3,8.3
2026-07-10,22,11,1-3-4,1430,5,5,14.3
2026-07-10,22,12,4-3-1,32750,57,57,327.5
2026-07-11,02,1,1-3-4,460,1,1,4.6
2026-07-11,02,2,1-2-6,1830,8,8,18.3
2026-07-11,02,3,1-2-6,1000,3,3,10.0
2026-07-11,02,4,1-5-6,1680,7,7,16.8
2026-07-11,02,5,2-1-6,3890,14,14,38.9
2026-07-11,02,6,1-3-2,1310,5,5,13.1
2026-07-11,02,7,1-5-6,8200,27,27,82.0
2026-07-11,02,8,1-2-3,4200,22,22,42.0
2026-07-11,02,9,2-5-4,9000,48,48,90.0
2026-07-11,02,10,1-3-2,2200,8,8,22.0
2026-07-11,02,11,1-5-2,6350,20,20,63.5
2026-07-11,02,12,1-2-5,1080,1,1,10.8
2026-07-11,03,1,1-2-3,1040,1,1,10.4
2026-07-11,03,2,1-2-4,630,1,1,6.3
2026-07-11,03,3,1-2-5,1070,3,3,10.7
2026-07-11,03,4,4-2-1,21230,49,49,212.3
2026-07-11,03,5,1-3-5,1240,1,1,12.4
2026-07-11,03,6,3-1-2,1730,5,5,17.3
2026-07-11,03,7,1-2-6,540,1,1,5.4
2026-07-11,03,8,2-1-3,6860,20,20,68.6
2026-07-11,03,9,1-6-3,15180,42,42,151.8
2026-07-11,03,10,1-2-5,2810,9,9,28.1
2026-07-11,03,11,2-4-3,18280,52,52,182.8
2026-07-11,03,12,1-3-5,1860,5,5,18.6
2026-07-11,04,1,3-1-6,6050,25,25,60.5
2026-07-11,04,2,1-2-4,960,3,3,9.6
2026-07-11,04,3,3-4-5,6950,27,27,69.5
2026-07-11,04,4,2-1-5,1510,4,4,15.1
2026-07-11,04,5,1-2-6,2170,4,4,21.7
2026-07-11,04,6,2-3-1,1980,4,4,19.8
2026-07-11,04,7,3-6-1,2000,7,7,20.0
2026-07-11,04,8,1-5-2,11040,33,33,110.4
2026-07-11,04,9,1-2-3,1230,2,2,12.3
2026-07-11,04,10,2-6-3,10610,32,32,106.1
2026-07-11,04,11,1-5-2,2700,8,8,27.0
2026-07-11,04,12,1-3-2,1140,2,2,11.4
2026-07-11,09,1,5-2-1,17020,34,34,170.2
2026-07-11,09,2,3-1-4,22620,67,67,226.2
2026-07-11,09,3,6-1-2,3760,20,20,37.6
2026-07-11,09,4,2-4-1,2060,7,7,20.6
2026-07-11,09,5,5-3-2,16100,41,41,161.0
2026-07-11,09,6,2-4-3,1340,3,3,13.4
2026-07-11,09,7,4-5-2,2560,7,7,25.6
2026-07-11,09,8,1-3-2,1560,4,4,15.6
2026-07-11,09,9,1-3-6,560,1,1,5.6
2026-07-11,09,10,1-2-4,1610,5,5,16.1
2026-07-11,09,11,3-6-1,6830,21,21,68.3
2026-07-11,09,12,3-1-5,3750,13,13,37.5
2026-07-11,14,1,1-4-6,720,1,1,7.2
2026-07-11,14,2,1-2-4,2150,4,4,21.5
2026-07-11,14,3,1-4-3,8540,23,23,85.4
2026-07-11,14,4,1-4-6,21660,31,31,216.6
2026-07-11,14,5,1-4-6,1730,10,7,27.2
2026-07-11,14,6,3-5-4,2520,4,4,25.2
2026-07-11,14,7,1-5-2,3300,7,7,33.0
2026-07-11,14,8,3-2-4,2810,11,11,28.1
2026-07-11,14,9,1-4-6,2460,7,7,24.6
2026-07-11,14,10,1-5-3,15530,65,65,155.3
2026-07-11,14,11,1-2-3,380,1,1,3.8
2026-07-11,14,12,3-6-4,32280,57,57,322.8
2026-07-11,15,1,1-2-4,1630,2,2,16.3
2026-07-11,15,2,3-1-6,1940,5,5,19.4
2026-07-11,15,3,1-3-5,8330,69,30,236.2
2026-07-11,15,4,4-1-5,4500,19,19,45.0
2026-07-11,15,5,2-1-4,2830,12,12,28.3
2026-07-11,15,6,3-1-6,1220,2,2,12.2
2026-07-11,15,7,5-3-6,5220,23,23,52.2
2026-07-11,15,8,2-1-3,4270,12,12,42.7
2026-07-11,15,9,1-4-2,1260,4,4,12.6
2026-07-11,15,10,1-2-4,400,1,1,4.0
2026-07-11,15,11,1-2-4,790,6,4,15.4
2026-07-11,15,12,1-2-5,990,5,5,9.9
2026-07-11,22,1,1-2-4,1180,5,5,11.8
2026-07-11,22,2,2-6-5,1760,6,6,17.6
2026-07-11,22,3,4-3-5,23940,45,45,239.4
2026-07-11,22,4,1-5-3,3340,13,13,33.4
2026-07-11,22,5,5-2-4,23240,60,60,232.4
2026-07-11,22,6,6-3-2,8100,29,29,81.0
2026-07-11,22,7,1-4-5,810,2,2,8.1
2026-07-11,22,8,1-6-2,940,1,1,9.4
2026-07-11,22,9,1-3-4,590,1,1,5.9
2026-07-11,22,10,1-3-2,880,3,3,8.8
2026-07-11,22,11,4-3-5,234130,106,105,2341.0
2026-07-11,22,12,1-3-2,1300,5,5,13.0
2026-07-12,02,1,1-3-2,1170,4,4,11.7
2026-07-12,02,2,1-2-3,1100,4,4,11.0
2026-07-12,02,3,1-3-4,780,1,1,7.8
2026-07-12,02,4,4-2-5,12690,40,40,126.9
2026-07-12,02,5,1-3-5,4070,15,15,40.7
2026-07-12,02,6,2-1-3,4130,15,15,41.3
2026-07-12,02,7,1-4-3,1330,6,6,13.3
2026-07-12,02,8,1-2-3,1060,3,3,10.6
2026-07-12,02,9,1-2-3,710,3,3,7.1
2026-07-12,02,10,1-4-3,2610,7,7,26.1
2026-07-12,02,11,1-3-2,870,2,2,8.7
2026-07-12,02,12,3-1-5,6590,24,24,65.9
2026-07-12,03,1,1-3-2,6000,28,28,60.0
2026-07-12,03,2,1-2-4,6640,30,30,66.4
2026-07-12,03,3,2-1-3,1220,2,2,12.2
2026-07-12,03,4,4-1-5,18590,72,72,185.9
2026-07-12,03,5,1-3-2,1470,3,3,14.7
2026-07-12,03,6,2-3-1,900,2,2,9.0
2026-07-12,03,7,3-1-4,710,1,1,7.1
2026-07-12,03,8,1-3-6,800,1,1,8.0
2026-07-12,03,9,1-2-6,960,4,4,9.6
2026-07-12,03,10,1-3-6,1260,2,2,12.6
2026-07-12,03,11,1-3-4,2010,6,6,20.1
2026-07-12,03,12,1-3-6,930,3,3,9.3
2026-07-12,04,1,1-2-6,1650,4,4,16.5
2026-07-12,04,2,1-2-6,630,2,2,6.3
2026-07-12,04,3,2-3-1,1910,7,7,19.1
2026-07-12,04,4,1-5-4,960,1,1,9.6
2026-07-12,04,5,4-1-5,8750,34,34,87.5
2026-07-12,04,6,6-1-3,16470,50,50,164.7
2026-07-12,04,7,4-2-1,1190,4,4,11.9
2026-07-12,04,8,4-1-6,2700,11,11,27.0
2026-07-12,04,9,3-1-5,630,2,2,6.3
2026-07-12,04,10,1-2-4,3570,13,13,35.7
2026-07-12,04,11,1-4-2,5340,19,19,53.4
2026-07-12,04,12,5-3-1,8700,28,28,87.0
2026-07-12,09,1,1-3-4,640,1,1,6.4
2026-07-12,09,2,2-1-3,4720,14,14,47.2
2026-07-12,09,3,1-4-6,3420,13,13,34.2
2026-07-12,09,4,4-2-5,5560,24,24,55.6
2026-07-12,09,5,1-5-2,1300,6,6,13.0
2026-07-12,09,6,6-2-4,2050,7,7,20.5
2026-07-12,09,7,1-5-2,940,4,4,9.4
2026-07-12,09,8,3-6-5,2850,10,10,28.5
2026-07-12,09,9,4-1-3,6550,16,16,65.5
2026-07-12,09,10,2-5-4,11100,29,29,111.0
2026-07-12,09,11,4-3-5,9550,35,35,95.5
2026-07-12,09,12,1-2-5,3990,12,12,39.9
2026-07-12,14,1,1-2-3,650,2,2,6.5
2026-07-12,14,2,4-6-2,760,1,1,7.6
2026-07-12,14,3,1-3-4,1180,4,4,11.8
2026-07-12,14,4,3-6-2,10250,30,30,102.5
2026-07-12,14,5,1-3-2,2930,8,8,29.3
2026-07-12,14,6,1-3-4,1170,2,2,11.7
2026-07-12,14,7,5-3-2,6000,22,22,60.0
2026-07-12,14,8,1-2-3,1750,5,5,17.5
2026-07-12,14,9,2-3-4,6550,26,26,65.5
2026-07-12,14,10,1-2-6,1820,6,6,18.2
2026-07-12,14,11,4-1-6,13080,35,35,130.8
2026-07-12,14,12,1-2-4,880,3,3,8.8
2026-07-12,15,1,1-3-2,1670,5,5,16.7
2026-07-12,15,2,1-2-5,830,1,1,8.3
2026-07-12,15,3,1-3-2,4100,15,15,41.0
2026-07-12,15,4,4-3-6,1490,4,4,14.9
2026-07-12,15,5,1-4-5,5100,17,17,51.0
2026-07-12,15,6,5-3-4,113770,99,99,1137.0
2026-07-12,15,7,1-2-3,1430,5,5,14.3
2026-07-12,15,8,1-2-3,530,2,2,5.3
2026-07-12,15,9,1-3-6,630,2,2,6.3
2026-07-12,15,10,1-6-4,16400,30,30,164.0
2026-07-12,15,11,6-5-1,14160,35,35,141.6
2026-07-12,15,12,4-5-1,8990,30,30,89.9
2026-07-12,22,1,1-5-2,1030,5,4,10.3
2026-07-12,22,2,2-4-5,5150,26,26,51.5
2026-07-12,22,3,3-5-1,2370,8,8,23.7
2026-07-12,22,4,3-2-1,6700,33,33,67.0
2026-07-12,22,5,1-3-5,6810,24,24,68.1
2026-07-12,22,6,3-4-1,6740,35,35,67.4
2026-07-12,22,7,4-6-2,930,1,1,9.3
2026-07-12,22,8,1-2-4,1810,5,5,18.1
2026-07-12,22,9,2-1-6,3630,12,12,36.3
2026-07-12,22,10,1-4-6,1650,6,6,16.5
2026-07-12,22,11,1-2-5,890,3,3,8.9
2026-07-12,22,12,3-1-2,2420,9,9,24.2
2026-07-13,03,1,1-2-4,900,2,2,9.0
2026-07-13,03,2,3-6-4,3810,17,17,38.1
2026-07-13,03,3,4-3-2,10090,43,43,100.9
2026-07-13,03,4,1-2-3,3010,11,11,30.1
2026-07-13,03,5,2-5-1,5270,17,17,52.7
2026-07-13,03,6,2-1-3,3100,12,12,31.0
2026-07-13,03,7,2-6-3,2180,6,6,21.8
2026-07-13,03,8,1-3-6,8560,35,35,85.6
2026-07-13,03,9,1-5-4,5970,20,20,59.7
2026-07-13,03,10,3-1-2,1800,5,5,18.0
2026-07-13,03,11,5-1-4,2270,9,9,22.7
2026-07-13,03,12,5-2-3,74970,94,94,749.7
2026-07-13,04,1,1-4-6,3190,8,8,31.9
2026-07-13,04,2,1-3-6,2590,8,8,25.9
2026-07-13,04,3,3-6-1,7010,31,31,70.1
2026-07-13,04,4,1-3-4,6180,28,28,61.8
2026-07-13,04,5,5-1-6,3380,20,20,33.8
2026-07-13,04,6,2-5-6,6950,26,26,69.5
2026-07-13,04,7,2-4-3,1520,5,5,15.2
2026-07-13,04,8,4-1-5,940,3,3,9.4
2026-07-13,04,9,1-5-2,6700,19,19,67.0
2026-07-13,04,10,1-3-4,2020,7,7,20.2
2026-07-13,04,11,1-4-5,4860,17,17,48.6
2026-07-13,04,12,1-2-3,1270,2,2,12.7
2026-07-13,09,1,1-4-3,690,2,2,6.9
2026-07-13,09,2,2-1-4,4750,20,21,47.5
2026-07-13,09,3,1-3-2,1900,5,5,19.0
2026-07-13,09,4,3-1-4,5640,16,16,56.4
2026-07-13,09,5,1-2-4,810,5,5,8.1
2026-07-13,09,6,2-3-5,760,1,1,7.6
2026-07-13,09,7,4-5-3,3660,14,14,36.6
2026-07-13,09,8,1-4-2,2290,9,9,22.9
2026-07-13,09,9,1-3-4,860,2,2,8.6
2026-07-13,09,10,1-2-3,950,3,3,9.5
2026-07-13,09,11,1-2-4,280,1,1,4.9
2026-07-13,09,12,1-4-3,3540,11,11,35.4
2026-07-13,14,1,1-2-6,720,1,1,7.2
2026-07-13,14,2,1-2-5,3040,11,11,30.4
2026-07-13,14,3,2-4-1,16380,28,28,163.8
2026-07-13,14,4,1-5-4,3460,12,12,34.6
2026-07-13,14,5,3-2-4,12280,44,44,122.8
2026-07-13,14,6,3-2-4,6740,20,20,67.4
2026-07-13,14,7,3-1-5,1160,5,5,11.6
2026-07-13,14,8,3-4-6,12210,38,38,122.1
2026-07-13,14,9,1-3-5,4610,17,17,46.1
2026-07-13,14,10,1-3-4,1070,1,1,10.7
2026-07-13,14,11,1-3-6,6650,23,23,66.5
2026-07-13,14,12,1-5-2,1930,5,5,19.3
2026-07-13,15,1,4-1-5,5670,21,21,56.7
2026-07-13,15,2,1-4-6,10480,40,40,104.8
2026-07-13,15,3,6-1-3,7150,31,31,71.5
2026-07-13,15,4,4-6-5,3020,11,11,30.2
2026-07-13,15,5,1-5-6,1700,3,3,17.0
2026-07-13,15,6,1-4-5,1690,1,1,16.9
2026-07-13,15,7,1-6-5,1090,1,1,10.9
2026-07-13,15,8,1-2-4,400,1,1,4.0
2026-07-13,15,9,3-4-2,7680,33,33,76.8
2026-07-13,15,10,1-2-4,600,2,2,6.0
2026-07-13,15,11,1-2-4,440,1,1,4.4
2026-07-13,15,12,1-3-6,1680,5,5,16.8
2026-07-13,22,1,1-2-5,2530,11,11,25.3
2026-07-13,22,2,3-4-1,1920,7,7,19.2
2026-07-13,22,3,1-3-4,1020,4,4,10.2
2026-07-13,22,4,4-2-5,3160,13,13,31.6
2026-07-13,22,5,2-5-4,4100,17,17,41.0
2026-07-13,22,6,2-3-5,650,1,1,6.5
2026-07-13,22,7,1-3-2,800,3,3,8.0
2026-07-13,22,8,1-2-3,590,2,2,5.9
2026-07-13,22,9,1-3-5,1860,7,7,18.6
2026-07-13,22,10,2-1-5,5480,18,18,54.8
2026-07-13,22,11,1-2-5,500,1,1,5.0
2026-07-13,22,12,1-2-4,530,1,1,5.3
2026-07-14,03,1,1-4-2,1780,5,5,17.8
2026-07-14,03,2,1-4-6,1580,4,4,15.8
2026-07-14,03,3,1-2-5,1640,8,8,16.4
2026-07-14,03,4,1-2-5,1210,1,1,12.1
2026-07-14,03,5,2-1-3,2210,8,8,22.1
2026-07-14,03,6,4-1-2,4830,16,16,48.3
2026-07-14,03,7,2-1-3,1850,5,5,18.5
2026-07-14,03,8,1-2-3,530,2,2,5.3
2026-07-14,03,9,1-3-5,1090,6,6,10.9
2026-07-14,03,10,4-2-3,32410,46,46,324.1
2026-07-14,03,11,1-2-4,500,1,1,5.0
2026-07-14,03,12,1-4-3,2050,9,9,20.5
2026-07-14,04,1,5-2-3,2120,8,8,21.2
2026-07-14,04,2,3-4-2,1930,6,6,19.3
2026-07-14,04,3,1-2-6,12290,48,48,122.9
2026-07-14,04,4,1-2-4,3510,12,12,35.1
2026-07-14,04,5,2-3-4,1410,2,2,14.1
2026-07-14,04,6,3-2-5,5420,29,29,54.2
2026-07-14,04,7,4-2-3,970,1,1,9.7
2026-07-14,04,8,3-4-1,1930,3,3,19.3
2026-07-14,04,9,4-6-5,10230,42,42,102.3
2026-07-14,04,10,2-3-1,4150,11,11,41.5
2026-07-14,04,11,1-2-3,1060,1,1,10.6
2026-07-14,04,12,1-3-2,1270,4,4,12.7
2026-07-14,09,1,1-4-5,3220,9,9,32.2
2026-07-14,09,2,1-6-4,4890,14,14,48.9
2026-07-14,09,3,1-5-2,2300,7,7,23.0
2026-07-14,09,4,5-3-2,8640,22,22,86.4
2026-07-14,09,5,2-1-4,20330,36,36,203.3
2026-07-14,09,6,3-1-2,1460,6,6,14.6
2026-07-14,09,7,2-3-6,1950,8,8,19.5
2026-07-14,09,8,1-6-3,1210,3,3,12.1
2026-07-14,09,9,1-3-4,1030,4,4,10.3
2026-07-14,09,10,2-3-1,11880,46,46,118.8
2026-07-14,09,11,1-3-6,1350,4,4,13.5
2026-07-14,09,12,1-4-3,2920,12,12,29.2
2026-07-14,15,1,1-2-5,2410,10,10,24.1
2026-07-14,15,2,5-4-3,8650,30,30,86.5
2026-07-14,15,3,2-5-3,5320,17,17,53.2
2026-07-14,15,4,1-3-4,610,2,2,6.1
2026-07-14,15,5,3-1-5,1470,5,5,14.7
2026-07-14,15,6,1-2-4,1030,4,4,10.3
2026-07-14,15,7,2-1-4,2150,7,7,21.5
2026-07-14,15,8,1-3-4,2430,8,8,24.3
2026-07-14,15,9,3-2-6,25800,43,43,258.0
2026-07-14,15,10,1-2-3,570,1,1,5.7
2026-07-14,15,11,1-3-2,650,4,4,6.5
2026-07-14,15,12,1-4-2,920,4,4,9.2
2026-07-14,22,1,2-3-6,44910,45,45,449.1
2026-07-14,22,2,1-3-6,770,3,3,7.7
2026-07-14,22,3,3-2-4,580,11,1,27.4
2026-07-14,22,4,4-1-5,3050,10,10,30.5
2026-07-14,22,5,1-2-3,1160,5,5,11.6
2026-07-14,22,6,1-3-2,3530,12,12,35.3
2026-07-14,22,7,1-2-3,1450,6,6,14.5
2026-07-14,22,8,1-2-4,590,2,2,5.9
2026-07-14,22,9,1-2-5,1400,4,4,14.0
2026-07-14,22,10,1-3-2,860,3,3,8.6
2026-07-14,22,11,1-5-2,1880,8,8,18.8
2026-07-14,22,12,1-3-5,960,4,4,9.6
2026-07-15,03,1,2-1-5,1840,6,6,18.4
2026-07-15,03,2,1-3-2,1560,6,6,15.6
2026-07-15,03,3,4-2-5,10790,53,53,107.9
2026-07-15,03,4,1-2-5,850,3,3,8.5
2026-07-15,03,5,2-6-3,6920,33,33,69.2
2026-07-15,03,6,2-1-3,4220,18,18,42.2
2026-07-15,03,7,1-5-3,900,1,1,9.0
2026-07-15,03,8,2-1-4,7300,24,24,73.0
2026-07-15,03,9,4-1-5,1860,6,6,18.6
2026-07-15,03,10,1-2-4,630,1,1,6.3
2026-07-15,03,11,1-5-2,1910,8,8,19.1
2026-07-15,03,12,1-2-3,730,2,2,7.3
2026-07-15,17,1,2-4-3,10870,29,29,108.7
2026-07-15,17,2,1-2-3,1300,3,3,13.0
2026-07-15,17,3,1-4-2,1570,6,6,15.7
2026-07-15,17,4,1-2-5,2380,9,9,23.8
2026-07-15,17,5,5-1-6,5710,17,17,57.1
2026-07-15,17,6,4-1-5,2090,6,6,20.9
2026-07-15,17,7,6-4-5,98100,112,112,981.0
2026-07-15,17,8,3-2-1,1710,7,7,17.1
2026-07-15,17,9,1-6-3,6030,25,25,60.3
2026-07-15,17,10,1-3-2,1450,7,7,14.5
2026-07-15,17,11,1-4-3,1610,3,3,16.1
2026-07-15,17,12,1-4-5,2490,11,11,24.9
2026-07-15,22,1,2-1-4,4600,14,13,46.0
2026-07-15,22,2,2-3-6,54410,56,56,544.1
2026-07-15,22,3,1-3-4,480,1,1,4.8
2026-07-15,22,4,3-1-4,2180,8,8,21.8
2026-07-15,22,5,2-1-5,1660,6,6,16.6
2026-07-15,22,6,1-5-4,1250,1,1,12.5
2026-07-15,22,7,1-2-4,2220,6,6,22.2
2026-07-15,22,8,1-3-2,440,1,1,4.4
2026-07-15,22,9,1-3-6,3280,12,12,32.8
2026-07-15,22,10,1-3-5,3310,10,10,33.1
2026-07-15,22,11,1-3-4,870,4,4,8.7
2026-07-15,22,12,2-4-1,8730,24,24,87.3
2026-07-16,03,1,1-3-2,1200,3,3,12.0
2026-07-16,03,2,4-5-2,19240,55,55,192.4
2026-07-16,03,3,5-2-6,39410,88,88,394.1
2026-07-16,03,4,2-4-3,1640,1,1,16.4
2026-07-16,03,5,5-3-4,7240,30,30,72.4
2026-07-16,03,6,6-3-2,6100,27,27,61.0
2026-07-16,03,7,3-1-4,7740,38,38,77.4
2026-07-16,03,8,3-1-2,6790,26,26,67.9
2026-07-16,03,9,1-6-4,3370,10,10,33.7
2026-07-16,03,10,3-1-2,3050,11,11,30.5
2026-07-16,03,11,3-2-1,12500,31,31,125.0
2026-07-16,03,12,1-2-5,930,1,1,9.3
2026-07-16,17,1,5-2-3,34740,59,59,347.4
2026-07-16,17,2,1-3-2,780,2,2,7.8
2026-07-16,17,3,2-1-3,610,1,1,6.1
2026-07-16,17,4,2-4-5,12750,42,42,127.5
2026-07-16,17,5,3-5-1,1620,5,5,16.2
2026-07-16,17,6,4-5-2,1780,3,3,17.8
2026-07-16,17,7,4-5-3,2530,11,11,25.3
2026-07-16,17,8,1-3-2,1380,4,4,13.8
2026-07-16,17,9,1-2-3,2120,7,7,21.2
2026-07-16,17,10,3-5-6,2110,7,7,21.1
2026-07-16,17,11,1-2-4,3870,13,13,38.7
2026-07-16,17,12,1-3-2,690,2,1,6.9
2026-07-17,02,1,1-2-3,2440,3,3,24.4
2026-07-17,02,2,2-6-3,3040,10,10,30.4
2026-07-17,02,3,1-5-4,15560,47,47,155.6
2026-07-17,02,4,2-5-1,5570,29,29,55.7
2026-07-17,02,5,4-2-5,4420,15,15,44.2
2026-07-17,02,6,5-2-4,10550,53,53,105.5
2026-07-17,02,7,4-6-2,40730,70,70,407.3
2026-07-17,02,8,4-6-3,7330,36,36,73.3
2026-07-17,02,9,2-4-5,5270,24,24,52.7
2026-07-17,02,10,1-6-3,3940,11,11,39.4
2026-07-17,02,11,3-1-5,1270,4,4,12.7
2026-07-17,02,12,4-3-5,48310,103,103,483.1
2026-07-17,17,1,1-2-4,730,2,2,7.3
2026-07-17,17,2,4-1-3,5800,21,21,58.0
2026-07-17,17,3,2-1-5,1390,3,3,13.9
2026-07-17,17,4,3-1-6,19680,32,32,196.8
2026-07-17,17,5,5-4-2,13170,47,47,131.7
2026-07-17,17,6,3-1-6,1520,4,4,15.2
2026-07-17,17,7,1-5-3,960,2,2,9.6
2026-07-17,17,8,2-3-6,3110,10,10,31.1
2026-07-17,17,9,2-3-1,5100,15,15,51.0
2026-07-17,17,10,3-1-5,740,2,2,7.4
2026-07-17,17,11,3-2-4,18050,61,61,180.5
2026-07-17,17,12,4-5-6,2480,9,9,24.8
2026-07-18,02,1,1-4-6,3220,11,11,32.2
2026-07-18,02,2,4-1-2,1060,1,1,10.6
2026-07-18,02,3,3-6-4,40480,68,68,404.8
2026-07-18,02,4,4-5-2,9190,39,39,91.9
2026-07-18,02,5,4-5-3,2970,15,15,29.7
2026-07-18,02,6,1-5-2,840,2,2,8.4
2026-07-18,02,7,1-2-5,760,2,2,7.6
2026-07-18,02,8,4-5-1,8590,39,39,85.9
2026-07-18,02,9,2-3-5,3790,18,18,37.9
2026-07-18,02,10,1-2-5,570,1,1,5.7
2026-07-18,02,11,2-1-4,4070,15,15,40.7
2026-07-18,02,12,1-3-2,4040,17,17,40.4
2026-07-18,04,1,1-6-2,5830,25,25,58.3
2026-07-18,04,2,1-3-4,1410,5,5,14.1
2026-07-18,04,3,3-1-2,3410,13,13,34.1
2026-07-18,04,4,2-5-3,4630,20,20,46.3
2026-07-18,04,5,1-3-2,1420,2,2,14.2
2026-07-18,04,6,3-1-5,9400,30,30,94.0
2026-07-18,04,7,3-1-4,860,2,2,8.6
2026-07-18,04,8,1-4-3,710,2,2,7.1
2026-07-18,04,9,1-4-2,2420,10,10,24.2
2026-07-18,04,10,2-1-3,3310,11,11,33.1
2026-07-18,04,11,1-3-2,2020,4,4,20.2
2026-07-18,04,12,5-1-3,22030,70,70,220.3
2026-07-18,09,1,2-4-1,3110,11,11,31.1
2026-07-18,09,2,4-1-2,4450,21,21,44.5
2026-07-18,09,3,2-4-3,3730,15,15,37.3
2026-07-18,09,4,1-4-2,1660,6,6,16.6
2026-07-18,09,5,2-1-4,1910,7,7,19.1
2026-07-18,09,6,5-3-2,12870,61,60,128.7
2026-07-18,09,7,1-2-3,1760,5,5,17.6
2026-07-18,09,8,1-2-5,1360,3,3,13.6
2026-07-18,09,9,1-3-5,5900,22,22,59.0
2026-07-18,09,11,1-4-2,1410,2,2,14.1
2026-07-18,09,12,1-4-2,1080,3,3,10.8
2026-07-18,17,1,3-1-5,680,1,1,6.8
2026-07-18,17,2,2-1-3,940,3,3,9.4
2026-07-18,17,3,3-1-5,1950,6,6,19.5
2026-07-18,17,4,1-6-5,1270,4,4,12.7
2026-07-18,17,5,3-1-6,1220,3,3,12.2
2026-07-18,17,6,6-1-4,1290,2,2,12.9
2026-07-18,17,7,1-4-3,710,2,2,7.1
2026-07-18,17,8,2-6-5,59960,59,59,599.6
2026-07-18,17,9,1-3-2,510,2,2,5.1
2026-07-18,17,10,1-2-3,530,1,1,5.3
2026-07-18,17,11,2-1-4,2300,7,7,23.0
2026-07-18,17,12,1-3-6,1630,6,6,16.3
2026-07-19,02,1,4-2-3,5350,25,25,53.5
2026-07-19,02,2,1-4-5,2140,4,4,21.4
2026-07-19,02,3,2-5-3,1350,1,1,13.5
2026-07-19,02,4,4-2-5,2340,9,9,23.4
2026-07-19,02,5,4-5-3,2340,6,6,23.4
2026-07-19,02,6,2-3-4,2050,4,4,20.5
2026-07-19,02,7,1-3-2,1160,5,5,11.6
2026-07-19,02,8,2-1-5,1160,3,3,11.6
2026-07-19,02,9,3-5-1,10850,44,44,108.5
2026-07-19,02,10,2-3-4,6070,24,24,60.7
2026-07-19,02,11,1-3-6,840,1,1,8.4
2026-07-19,02,12,1-4-3,1980,7,7,19.8
2026-07-19,04,1,1-5-3,1010,1,1,10.1
2026-07-19,04,2,5-1-6,4700,15,15,47.0
2026-07-19,04,3,2-4-3,16360,64,64,163.6
2026-07-19,04,4,2-5-3,2220,9,9,22.2
2026-07-19,04,5,3-1-6,2500,3,3,25.0
2026-07-19,04,6,2-1-6,790,1,1,7.9
2026-07-19,04,7,1-3-2,8380,29,29,83.8
2026-07-19,04,8,4-2-1,2170,6,6,21.7
2026-07-19,04,9,1-5-2,2290,8,8,22.9
2026-07-19,04,10,3-2-1,1540,5,5,15.4
2026-07-19,04,11,1-2-6,2940,11,11,29.4
2026-07-19,04,12,1-4-3,1060,4,4,10.6
2026-07-19,09,1,3-1-6,2440,7,7,24.4
2026-07-19,09,2,3-1-2,6460,25,25,64.6
2026-07-19,09,3,2-1-3,1340,1,1,13.4
2026-07-19,09,4,1-6-2,2530,5,5,25.3
2026-07-19,09,5,1-4-3,4690,17,17,46.9
2026-07-19,09,6,2-1-6,4410,15,15,44.1
2026-07-19,09,7,1-4-2,3010,12,12,30.1
2026-07-19,09,8,1-3-2,3940,13,13,39.4
2026-07-19,09,9,1-3-4,1600,6,6,16.0
2026-07-19,09,10,1-3-5,750,1,1,7.5
2026-07-19,09,11,1-3-6,4760,19,19,47.6
2026-07-19,09,12,2-4-5,11640,30,30,116.4
2026-07-19,17,1,2-3-1,2590,7,7,25.9
2026-07-19,17,2,1-2-3,1430,6,6,14.3
2026-07-19,17,3,3-4-1,16410,58,58,164.1
2026-07-19,17,4,5-3-4,85480,91,91,854.8
2026-07-19,17,5,1-2-6,700,2,2,7.0
2026-07-19,17,6,3-2-6,6290,24,24,62.9
2026-07-19,17,7,1-5-4,1720,10,10,17.2
2026-07-19,17,8,1-5-6,7130,19,19,71.3
2026-07-19,17,9,1-4-3,1250,2,2,12.5
2026-07-19,17,10,2-5-3,6820,27,27,68.2
2026-07-19,17,11,5-4-6,28770,69,69,287.7
2026-07-19,17,12,1-5-3,1940,5,5,19.4
2026-07-19,22,1,1-2-3,1510,6,6,15.1
2026-07-19,22,2,2-1-4,3030,10,10,30.3
2026-07-19,22,3,1-3-2,990,2,2,9.9
2026-07-19,22,4,1-5-4,10940,38,38,109.4
2026-07-19,22,5,3-1-2,3630,14,14,36.3
2026-07-19,22,6,2-3-1,7820,27,27,78.2
2026-07-19,22,7,2-4-3,6660,29,29,66.6
2026-07-19,22,8,1-2-3,1390,4,4,13.9
2026-07-19,22,9,1-2-6,5970,21,22,59.7
2026-07-19,22,10,1-2-3,710,1,1,7.1
2026-07-19,22,11,1-4-6,2160,10,10,21.6
2026-07-19,22,12,1-2-3,570,1,1,5.7
2026-07-20,02,1,4-6-5,17060,74,74,170.6
2026-07-20,02,2,4-6-1,1700,5,5,17.0
2026-07-20,02,3,1-2-3,800,3,3,8.0
2026-07-20,02,4,4-2-1,1120,2,2,11.2
2026-07-20,02,5,3-5-6,53030,77,77,530.3
2026-07-20,02,6,2-5-1,1740,7,7,17.4
2026-07-20,02,7,4-5-1,1470,4,4,14.7
2026-07-20,02,8,1-2-4,3400,12,12,34.0
2026-07-20,02,9,4-1-6,8370,31,31,83.7
2026-07-20,02,10,2-3-6,3740,14,14,37.4
2026-07-20,02,11,1-3-5,780,1,1,7.8
2026-07-20,02,12,5-3-2,22640,78,78,226.4
2026-07-20,04,1,4-1-5,1230,3,3,12.3
2026-07-20,04,2,1-6-2,4040,18,18,40.4
2026-07-20,04,3,6-5-2,3230,9,9,32.3
2026-07-20,04,4,5-4-2,23110,63,63,231.1
2026-07-20,04,5,1-6-4,1890,3,3,18.9
2026-07-20,04,6,1-5-6,1090,2,2,10.9
2026-07-20,04,7,2-1-4,1300,3,3,13.0
2026-07-20,04,8,5-2-4,3570,15,15,35.7
2026-07-20,04,9,2-5-3,410,1,1,4.1
2026-07-20,04,10,6-5-4,54540,100,100,545.4
2026-07-20,04,11,3-1-5,4190,17,17,41.9
2026-07-20,04,12,1-2-6,600,1,1,6.0
2026-07-20,09,1,6-4-3,31500,102,102,315.0
2026-07-20,09,2,2-1-4,2100,6,6,21.0
2026-07-20,09,3,3-4-5,15570,48,48,155.7
2026-07-20,09,4,5-4-6,15590,53,53,155.9
2026-07-20,09,5,4-5-1,8010,27,27,80.1
2026-07-20,09,6,4-2-6,4260,18,18,42.6
2026-07-20,09,7,1-2-5,1670,6,6,16.7
2026-07-20,09,8,5-1-4,4050,15,15,40.5
2026-07-20,09,9,3-5-6,7980,25,25,79.8
2026-07-20,09,10,5-1-4,1450,2,2,14.5
2026-07-20,09,11,1-3-4,870,1,1,8.7
2026-07-20,09,12,1-4-2,2070,9,9,20.7
2026-07-20,15,1,1-6-2,2260,7,7,22.6
2026-07-20,15,2,1-3-4,1150,2,2,11.5
2026-07-20,15,3,5-2-1,8340,35,34,83.4
2026-07-20,15,4,3-4-6,6500,26,26,65.0
2026-07-20,15,5,1-3-4,5540,25,25,55.4
2026-07-20,15,6,1-3-2,1140,4,4,11.4
2026-07-20,15,7,2-5-4,74770,88,88,747.7
2026-07-20,15,8,1-3-4,550,1,1,5.5
2026-07-20,15,9,1-2-4,670,1,1,6.7
2026-07-20,15,10,1-2-4,1570,7,7,15.7
2026-07-20,15,11,1-2-3,820,2,2,8.2
2026-07-20,15,12,3-1-6,14430,32,32,144.3
2026-07-20,22,1,1-4-2,1530,3,3,15.3
2026-07-20,22,2,1-3-2,1800,5,5,18.0
2026-07-20,22,3,2-4-3,5280,23,23,52.8
2026-07-20,22,4,3-4-1,15200,53,53,152.0
2026-07-20,22,5,3-1-2,4950,15,15,49.5
2026-07-20,22,6,6-4-2,172720,116,116,1727.0
2026-07-20,22,7,5-2-1,7920,43,43,79.2
2026-07-20,22,8,1-4-6,3130,12,12,31.3
2026-07-20,22,9,1-3-4,2100,5,5,21.0
2026-07-20,22,10,1-3-4,2240,8,8,22.4
2026-07-20,22,11,1-2-3,500,1,1,5.0
2026-07-20,22,12,4-5-1,3120,11,11,31.2
2026-07-21,04,1,2-4-5,1380,30,10,67.2
2026-07-21,04,2,4-1-2,31450,89,89,314.5
2026-07-21,04,3,4-3-1,2650,9,9,26.5
2026-07-21,04,4,1-5-6,7410,32,32,74.1
2026-07-21,04,5,2-5-3,11730,37,37,117.3
2026-07-21,04,6,4-6-5,29770,77,77,297.7
2026-07-21,04,7,5-3-2,4450,16,16,44.5
2026-07-21,04,8,3-1-4,8510,40,40,85.1
2026-07-21,04,9,1-3-2,670,2,2,6.7
2026-07-21,04,10,1-2-6,3930,13,13,39.3
2026-07-21,04,11,2-1-5,2380,8,8,23.8
2026-07-21,04,12,2-1-3,6380,28,28,63.8
2026-07-21,09,1,2-3-1,4290,17,17,42.9
2026-07-21,09,2,1-4-5,10320,37,37,103.2
2026-07-21,09,3,3-1-4,7020,38,38,70.2
2026-07-21,09,4,5-3-6,28400,88,88,284.0
2026-07-21,09,5,4-2-1,2990,12,12,29.9
2026-07-21,09,6,3-1-4,3080,8,8,30.8
2026-07-21,09,7,1-2-3,1600,4,4,16.0
2026-07-21,09,8,3-1-6,4970,16,16,49.7
2026-07-21,09,9,1-2-6,3690,13,13,36.9
2026-07-21,09,10,1-2-4,520,2,2,5.2
2026-07-21,09,11,1-2-4,920,1,1,9.2
2026-07-21,09,12,1-2-4,1580,8,8,15.8
2026-07-21,15,1,1-3-2,1250,4,4,12.5
2026-07-21,15,2,1-4-2,2770,10,10,27.7
2026-07-21,15,3,1-6-4,5090,23,23,50.9
2026-07-21,15,4,2-1-6,2360,6,6,23.6
2026-07-21,15,5,1-3-2,2210,6,6,22.1
2026-07-21,15,6,1-4-5,1040,3,3,10.4
2026-07-21,15,7,1-3-4,480,1,1,4.8
2026-07-21,15,8,1-4-3,900,5,5,9.0
2026-07-21,15,9,4-1-5,3280,11,12,32.8
2026-07-21,15,10,3-2-4,4780,14,14,47.8
2026-07-21,15,11,1-3-5,2140,9,9,21.4
2026-07-21,15,12,1-5-2,7430,20,20,74.3
2026-07-21,22,1,5-6-3,161450,101,101,1614.0
2026-07-21,22,2,2-1-3,2780,10,10,27.8
2026-07-21,22,3,2-1-6,2610,8,8,26.1
2026-07-21,22,4,3-2-1,10350,36,36,103.5
2026-07-21,22,5,1-2-4,820,1,1,8.2
2026-07-21,22,6,1-2-3,810,1,1,8.1
2026-07-21,22,7,1-2-4,5930,20,20,59.3
2026-07-21,22,8,4-2-5,26750,94,94,267.5
2026-07-21,22,9,4-1-2,23350,63,63,233.5
2026-07-21,22,10,1-4-2,2060,8,8,20.6
2026-07-21,22,11,2-1-5,15510,32,32,155.1
2026-07-21,22,12,1-6-2,11850,30,30,118.5
2026-07-22,09,1,1-3-5,2120,2,2,21.2
2026-07-22,09,2,4-5-2,25630,67,67,256.3
2026-07-22,09,3,3-2-1,11130,28,28,111.3
2026-07-22,09,4,4-6-5,2690,12,12,26.9
2026-07-22,09,5,3-6-4,3990,88,15,631.8
2026-07-22,09,6,1-2-6,4580,18,18,45.8
2026-07-22,09,7,2-3-6,5050,24,24,50.5
2026-07-22,09,8,1-4-5,1370,1,1,13.7
2026-07-22,09,9,1-2-3,1950,8,8,19.5
2026-07-22,09,11,1-2-5,1850,8,8,18.5
2026-07-22,09,12,1-2-3,550,1,1,5.5
2026-07-22,14,1,1-6-4,5120,13,13,51.2
2026-07-22,14,2,3-5-2,11590,46,46,115.9
2026-07-22,14,3,1-3-2,1130,4,4,11.3
2026-07-22,14,4,6-1-3,1960,6,6,19.6
2026-07-22,14,5,1-3-5,4530,18,18,45.3
2026-07-22,14,6,4-2-1,10310,39,39,103.1
2026-07-22,14,7,1-3-6,25300,60,60,253.0
2026-07-22,14,8,5-1-3,4080,15,15,40.8
2026-07-22,14,9,2-1-3,1980,4,4,19.8
2026-07-22,14,10,3-1-5,990,2,2,9.9
2026-07-22,14,11,1-4-2,2620,9,9,26.2
2026-07-22,14,12,1-4-2,920,2,2,9.2
2026-07-22,15,1,5-2-1,5870,21,21,58.7
2026-07-22,15,2,6-3-5,29390,85,85,293.9
2026-07-22,15,3,2-6-1,3240,12,12,32.4
2026-07-22,15,4,1-3-2,2520,11,11,25.2
2026-07-22,15,5,1-3-4,1650,5,5,16.5
2026-07-22,15,6,5-1-6,1980,8,8,19.8
2026-07-22,15,7,1-5-4,1400,5,5,14.0
2026-07-22,15,8,1-2-5,3210,11,11,32.1
2026-07-22,15,9,2-6-1,38840,66,66,388.4
2026-07-22,15,10,3-1-5,14970,36,36,149.7
2026-07-22,15,11,2-1-6,4320,13,13,43.2
2026-07-22,15,12,3-5-4,19210,51,51,192.1
2026-07-22,22,1,3-4-5,6280,24,24,62.8
2026-07-22,22,2,1-3-5,2080,7,7,20.8
2026-07-22,22,3,3-1-4,3460,11,11,34.6
2026-07-22,22,4,3-6-5,19960,68,68,199.6
2026-07-22,22,5,2-1-3,4600,16,16,46.0
2026-07-22,22,6,2-3-5,1920,5,5,19.2
2026-07-22,22,7,3-1-6,16270,42,42,162.7
2026-07-22,22,8,2-3-5,7130,23,23,71.3
2026-07-22,22,9,3-2-6,2890,11,11,28.9
2026-07-22,22,10,3-5-4,32930,78,78,329.3
2026-07-22,22,11,3-5-4,8770,31,31,87.7
2026-07-22,22,12,1-3-2,1520,4,5,15.2
2026-07-23,03,1,3-1-2,3980,14,14,39.8
2026-07-23,03,2,2-3-4,1990,4,4,19.9
2026-07-23,03,3,2-1-3,2190,9,9,21.9
2026-07-23,03,4,1-2-4,1350,1,1,13.5
2026-07-23,03,5,6-2-1,31910,92,56,422.3
2026-07-23,03,6,3-2-1,2290,7,7,22.9
2026-07-23,03,7,2-5-1,12340,38,38,123.4
2026-07-23,03,8,1-6-2,4150,17,17,41.5
2026-07-23,03,9,1-2-3,1100,2,2,11.0
2026-07-23,03,10,4-1-6,19600,50,50,196.0
2026-07-23,03,11,2-1-4,4090,14,14,40.9
2026-07-23,03,12,1-2-3,1170,2,2,11.7
2026-07-23,09,1,2-1-4,2540,8,8,25.4
2026-07-23,09,2,1-2-6,2660,6,6,26.6
2026-07-23,09,3,1-3-4,1220,2,2,12.2
2026-07-23,09,4,3-4-1,1490,5,5,14.9
2026-07-23,09,5,1-4-3,1510,5,6,15.1
2026-07-23,09,6,2-4-3,4840,18,18,48.4
2026-07-23,09,7,1-6-4,5280,18,18,52.8
2026-07-23,09,8,1-3-6,1860,4,4,18.6
2026-07-23,09,9,1-3-4,3960,13,13,39.6
2026-07-23,09,10,4-2-3,47900,75,75,479.0
2026-07-23,09,11,1-2-4,1780,6,6,17.8
2026-07-23,09,12,1-2-5,900,3,3,9.0
2026-07-23,14,1,1-3-4,690,1,1,6.9
2026-07-23,14,2,3-4-5,3630,11,11,36.3
2026-07-23,14,3,1-3-2,4700,17,17,47.0
2026-07-23,14,4,1-6-2,2450,7,7,24.5
2026-07-23,14,5,1-3-2,3840,14,14,38.4
2026-07-23,14,6,3-1-4,990,2,2,9.9
2026-07-23,14,7,1-2-4,1300,2,2,13.0
2026-07-23,14,8,2-1-3,1160,3,3,11.6
2026-07-23,14,9,4-1-2,8100,28,28,81.0
2026-07-23,14,10,1-3-5,2800,12,12,28.0
2026-07-23,14,11,1-2-6,5490,21,21,54.9
2026-07-23,14,12,5-1-3,9890,28,28,98.9
2026-07-23,15,1,5-6-2,187460,100,100,1874.0
2026-07-23,15,2,2-1-3,1310,2,2,13.1
2026-07-23,15,3,2-3-5,2030,7,7,20.3
2026-07-23,15,4,1-2-5,740,2,2,7.4
2026-07-23,15,5,3-1-5,2220,8,8,22.2
2026-07-23,15,6,1-4-5,1220,5,5,12.2
2026-07-23,15,7,2-4-1,3070,13,13,30.7
2026-07-23,15,8,1-2-4,340,1,1,3.4
2026-07-23,15,9,1-2-3,500,2,2,5.0
2026-07-23,15,10,1-2-4,470,2,2,4.7
2026-07-23,15,11,1-5-6,7690,20,20,76.9
2026-07-23,15,12,1-3-5,1170,1,1,11.7
2026-07-23,22,1,4-1-2,36910,60,60,369.1
2026-07-23,22,2,1-2-4,570,1,1,5.7
2026-07-23,22,3,1-3-4,990,1,1,9.9
2026-07-23,22,4,1-4-2,860,2,2,8.6
2026-07-23,22,5,3-5-1,19900,58,58,199.0
2026-07-23,22,6,1-4-3,1920,8,8,19.2
2026-07-23,22,7,4-5-3,21860,50,50,218.6
2026-07-23,22,8,1-6-3,12540,54,54,125.4
2026-07-23,22,9,1-2-4,830,1,1,8.3
2026-07-23,22,10,1-2-5,1670,6,6,16.7
2026-07-23,22,11,1-3-4,3160,8,8,31.6
2026-07-23,22,12,1-3-5,860,4,4,8.6
2026-07-24,02,1,1-3-4,3500,11,11,35.0
2026-07-24,02,2,4-2-6,6250,26,26,62.5
2026-07-24,02,3,2-5-3,2280,4,4,22.8
2026-07-24,02,4,2-4-5,3410,9,9,34.1
2026-07-24,02,5,5-2-3,121380,99,99,1213.0
2026-07-24,02,6,1-5-4,4270,18,18,42.7
2026-07-24,02,7,3-4-1,15400,25,25,154.0
2026-07-24,02,8,3-6-4,6290,32,32,62.9
2026-07-24,02,9,5-1-3,7970,24,24,79.7
2026-07-24,02,10,4-5-3,4910,20,20,49.1
2026-07-24,02,11,5-6-4,107490,109,109,1074.0
2026-07-24,02,12,2-1-4,4120,13,13,41.2
2026-07-24,03,1,2-3-1,5580,21,21,55.8
2026-07-24,03,2,3-4-2,5610,21,21,56.1
2026-07-24,03,3,5-3-6,5250,21,21,52.5
2026-07-24,03,4,5-1-2,10320,44,44,103.2
2026-07-24,03,5,1-3-4,1600,3,3,16.0
2026-07-24,03,6,2-1-4,1940,5,5,19.4
2026-07-24,03,7,6-1-3,62410,84,84,624.1
2026-07-24,03,8,1-4-2,4360,16,16,43.6
2026-07-24,03,9,1-2-6,990,1,1,9.9
2026-07-24,03,10,1-3-2,1160,2,2,11.6
2026-07-24,03,11,2-1-3,940,3,3,9.4
2026-07-24,03,12,4-1-6,6870,20,20,68.7
2026-07-24,14,1,1-2-3,1320,5,5,13.2
2026-07-24,14,2,2-5-3,6480,31,31,64.8
2026-07-24,14,3,5-1-3,1960,5,5,19.6
2026-07-24,14,4,1-6-2,2970,14,14,29.7
2026-07-24,14,5,3-2-5,3290,13,13,32.9
2026-07-24,14,6,1-2-4,18200,45,45,182.0
2026-07-24,14,7,2-3-5,4030,15,15,40.3
2026-07-24,14,8,1-2-3,2990,15,15,29.9
2026-07-24,14,9,1-2-3,740,2,2,7.4
2026-07-24,14,10,1-3-5,29390,45,45,293.9
2026-07-24,14,11,2-3-5,24390,64,64,243.9
2026-07-24,14,12,1-4-2,4730,14,14,47.3
2026-07-24,15,1,1-5-2,570,1,1,5.7
2026-07-24,15,2,2-1-6,1420,6,6,14.2
2026-07-24,15,3,3-6-5,3300,11,11,33.0
2026-07-24,15,4,1-4-5,1980,6,6,19.8
2026-07-24,15,5,1-2-3,1290,7,7,12.9
2026-07-24,15,6,1-6-5,1410,5,5,14.1
2026-07-24,15,7,4-5-2,30260,44,44,302.6
2026-07-24,15,8,1-3-4,1840,8,8,18.4
2026-07-24,15,9,1-3-5,660,3,3,6.6
2026-07-24,15,10,1-3-2,580,2,2,5.8
2026-07-24,15,11,1-2-3,390,1,1,3.9
2026-07-24,15,12,1-6-5,33630,64,64,336.3
2026-07-24,17,1,3-6-5,26370,50,50,263.7
2026-07-24,17,2,3-2-5,4350,14,14,43.5
2026-07-24,17,3,6-4-1,92140,85,85,921.4
2026-07-24,17,4,4-5-1,4360,13,13,43.6
2026-07-24,17,5,1-5-2,5100,17,17,51.0
2026-07-24,17,6,1-3-4,5670,24,24,56.7
2026-07-24,17,7,1-3-4,470,1,1,4.7
2026-07-24,17,8,1-6-3,18180,40,40,181.8
2026-07-24,17,9,3-6-2,5770,25,24,57.7
2026-07-24,17,10,4-6-5,22240,42,42,222.4
2026-07-24,17,11,1-2-4,920,2,2,9.2
2026-07-24,17,12,3-1-2,6670,20,20,66.7
2026-07-24,22,1,1-5-4,3490,12,12,34.9
2026-07-24,22,2,3-6-4,14860,37,37,148.6
2026-07-24,22,3,1-3-2,1080,2,2,10.8
2026-07-24,22,4,1-2-4,1250,5,5,12.5
2026-07-24,22,5,3-4-5,8200,35,35,82.0
2026-07-24,22,6,1-2-4,620,1,1,6.2
2026-07-24,22,7,3-1-4,2120,8,8,21.2
2026-07-24,22,8,1-6-5,5150,17,17,51.5
2026-07-24,22,9,1-2-6,1200,3,3,12.0
2026-07-24,22,10,1-2-6,3360,11,11,33.6
2026-07-24,22,11,1-4-3,1320,6,6,13.2
2026-07-24,22,12,1-3-4,830,2,2,8.3
2026-07-25,02,1,1-2-5,5410,20,20,54.1
2026-07-25,02,2,2-6-5,2900,12,12,29.0
2026-07-25,02,3,6-1-2,1610,5,5,16.1
2026-07-25,02,4,4-5-6,1200,3,3,12.0
2026-07-25,02,5,1-3-5,2840,11,11,28.4
2026-07-25,02,6,2-3-5,2200,7,7,22.0
2026-07-25,02,7,5-3-6,9890,28,28,98.9
2026-07-25,02,8,4-1-6,1710,6,6,17.1
2026-07-25,02,9,1-2-3,650,1,1,6.5
2026-07-25,02,10,6-4-2,20510,51,51,205.1
2026-07-25,02,11,1-2-6,1750,4,4,17.5
2026-07-25,02,12,5-4-6,10260,37,37,102.6
2026-07-25,03,1,1-3-5,870,1,1,8.7
2026-07-25,03,2,2-5-1,3880,15,15,38.8
2026-07-25,03,3,5-3-6,18640,70,70,186.4
2026-07-25,03,4,1-3-5,4200,17,17,42.0
2026-07-25,03,5,1-5-2,5110,20,20,51.1
2026-07-25,03,6,1-5-4,1380,2,2,13.8
2026-07-25,03,7,5-1-4,6250,29,29,62.5
2026-07-25,03,8,3-5-6,1610,4,4,16.1
2026-07-25,03,9,1-2-6,4320,18,18,43.2
2026-07-25,03,10,5-2-6,74530,96,96,745.3
2026-07-25,03,11,4-5-3,7090,30,30,70.9
2026-07-25,03,12,1-2-6,1570,6,6,15.7
2026-07-25,04,1,1-4-5,880,1,1,8.8
2026-07-25,04,2,1-4-2,1260,4,4,12.6
2026-07-25,04,3,1-3-2,1330,4,4,13.3
2026-07-25,04,4,3-6-2,2370,3,3,23.7
2026-07-25,04,5,1-5-6,22790,69,69,227.9
2026-07-25,04,6,2-5-1,3930,14,14,39.3
2026-07-25,04,7,2-1-3,1380,4,4,13.8
2026-07-25,04,8,4-1-2,6970,23,23,69.7
2026-07-25,04,9,1-3-2,4050,13,13,40.5
2026-07-25,04,10,5-1-6,1920,5,5,19.2
2026-07-25,04,11,2-3-6,23530,51,51,235.3
2026-07-25,04,12,1-2-6,4230,15,15,42.3
2026-07-25,14,1,1-2-4,2060,8,8,20.6
2026-07-25,14,2,2-1-3,1280,2,2,12.8
2026-07-25,14,3,1-3-5,1260,5,5,12.6
2026-07-25,14,4,1-5-3,1200,4,4,12.0
2026-07-25,14,5,2-1-5,5720,15,15,57.2
2026-07-25,14,6,3-1-5,6650,26,26,66.5
2026-07-25,14,7,1-2-3,2530,7,7,25.3
2026-07-25,14,8,1-2-5,760,2,2,7.6
2026-07-25,14,9,3-2-4,5570,23,23,55.7
2026-07-25,14,10,1-2-4,1750,5,5,17.5
2026-07-25,14,11,1-5-3,1130,3,3,11.3
2026-07-25,14,12,2-4-6,4020,67,19,522.4
2026-07-25,15,1,1-2-5,390,6,2,18.3
2026-07-25,15,2,1-3-4,2020,7,7,20.2
2026-07-25,15,3,3-2-4,18030,42,42,180.3
2026-07-25,15,4,1-6-4,1540,6,6,15.4
2026-07-25,15,5,1-4-2,930,3,3,9.3
2026-07-25,15,6,4-6-5,7240,26,26,72.4
2026-07-25,15,7,1-6-3,560,2,2,5.6
2026-07-25,15,8,1-2-4,360,1,1,3.6
2026-07-25,15,9,1-3-2,630,1,1,6.3
2026-07-25,15,10,1-3-6,3370,12,12,33.7
2026-07-25,15,11,1-3-2,500,2,2,5.0
2026-07-25,15,12,3-1-4,8220,22,22,82.2
2026-07-25,17,1,4-5-1,34130,40,40,341.3
2026-07-25,17,2,4-6-1,970,1,1,9.7
2026-07-25,17,3,1-2-3,580,1,1,5.8
2026-07-25,17,4,1-2-6,16470,39,39,164.7
2026-07-25,17,5,2-3-1,2400,9,9,24.0
2026-07-25,17,6,6-2-3,39500,79,79,395.0
2026-07-25,17,7,1-4-2,1120,6,6,11.2
2026-07-25,17,8,3-1-5,6150,19,19,61.5
2026-07-25,17,9,6-3-4,3530,13,13,35.3
2026-07-25,17,10,2-3-4,1670,4,4,16.7
2026-07-25,17,11,4-1-2,4860,12,12,48.6
2026-07-25,17,12,5-4-6,18070,55,55,180.7
2026-07-26,02,1,1-5-6,9540,31,31,95.4
2026-07-26,02,2,1-6-2,5440,19,19,54.4
2026-07-26,02,3,1-4-6,1950,3,3,19.5
2026-07-26,02,4,3-4-6,4580,17,17,45.8
2026-07-26,02,5,2-1-5,3120,9,9,31.2
2026-07-26,02,6,1-2-6,1450,2,2,14.5
2026-07-26,02,7,1-6-2,1310,4,4,13.1
2026-07-26,02,8,3-6-1,2090,7,7,20.9
2026-07-26,02,9,3-6-1,25500,66,66,255.0
2026-07-26,02,10,3-6-5,18180,57,57,181.8
2026-07-26,02,11,2-1-6,1650,2,2,16.5
2026-07-26,02,12,1-5-6,970,3,3,9.7
2026-07-26,03,1,1-2-4,1400,5,5,14.0
2026-07-26,03,2,2-4-1,1460,3,3,14.6
2026-07-26,03,3,1-4-6,1630,1,1,16.3
2026-07-26,03,4,1-6-4,11670,37,37,116.7
2026-07-26,03,5,1-4-6,4650,18,18,46.5
2026-07-26,03,6,3-2-5,15410,42,42,154.1
2026-07-26,03,7,4-1-6,1500,5,5,15.0
2026-07-26,03,8,1-3-4,2210,6,6,22.1
2026-07-26,03,9,2-4-6,5780,28,28,57.8
2026-07-26,03,10,4-5-3,10200,41,41,102.0
2026-07-26,03,11,1-3-2,760,1,1,7.6
2026-07-26,03,12,4-6-2,6190,26,26,61.9
2026-07-26,04,1,3-1-4,4680,15,15,46.8
2026-07-26,04,2,1-3-4,930,2,2,9.3
2026-07-26,04,3,3-1-6,8680,35,35,86.8
2026-07-26,04,4,3-2-6,1840,4,4,18.4
2026-07-26,04,5,4-5-2,2190,98,10,1071.0
2026-07-26,04,6,1-2-6,520,1,1,5.2
2026-07-26,04,7,1-2-5,3130,12,12,31.3
2026-07-26,04,8,4-5-6,1880,8,8,18.8
2026-07-26,04,9,1-4-5,4180,13,13,41.8
2026-07-26,04,10,1-2-5,5340,17,17,53.4
2026-07-26,04,11,1-4-2,2320,5,5,23.2
2026-07-26,04,12,1-2-4,1030,3,3,10.3
2026-07-26,14,1,1-2-5,960,4,4,9.6
2026-07-26,14,2,1-3-4,460,1,1,4.6
2026-07-26,14,3,1-2-5,2770,9,9,27.7
2026-07-26,14,4,4-2-5,41050,74,74,410.5
2026-07-26,14,5,1-6-4,2470,8,8,24.7
2026-07-26,14,6,6-2-3,6850,25,25,68.5
2026-07-26,14,7,2-1-3,44290,115,115,442.9
2026-07-26,14,8,6-1-3,2720,9,9,27.2
2026-07-26,14,9,1-6-4,4690,17,17,46.9
2026-07-26,14,10,1-2-4,780,2,3,7.8
2026-07-26,14,11,1-2-6,790,3,3,7.9
2026-07-26,14,12,1-2-3,790,3,3,7.9
2026-07-26,17,1,4-5-3,8830,36,36,88.3
2026-07-26,17,2,2-1-3,1660,3,3,16.6
2026-07-26,17,3,3-4-2,1360,3,3,13.6
2026-07-26,17,4,1-3-6,420,1,1,4.2
2026-07-26,17,5,1-5-4,1830,7,7,18.3
2026-07-26,17,6,1-4-3,2230,6,6,22.3
2026-07-26,17,7,1-2-5,1870,7,7,18.7
2026-07-26,17,8,1-4-5,1440,4,4,14.4
2026-07-26,17,9,1-5-3,770,2,1,7.7
2026-07-26,17,10,2-1-5,1540,5,5,15.4
2026-07-26,17,11,1-4-3,1650,6,6,16.5
2026-07-26,17,12,1-3-2,1590,7,7,15.9
2026-07-27,02,1,4-1-3,24620,78,78,246.2
2026-07-27,02,2,1-6-4,8880,38,38,88.8
2026-07-27,02,3,5-2-3,12180,42,42,121.8
2026-07-27,02,4,3-1-5,5430,22,22,54.3
2026-07-27,02,5,1-4-2,1650,4,4,16.5
2026-07-27,02,6,5-4-1,4280,21,21,42.8
2026-07-27,02,7,3-1-2,5570,21,21,55.7
2026-07-27,02,8,2-3-6,4040,10,10,40.4
2026-07-27,02,9,4-2-6,7150,38,37,71.5
2026-07-27,02,10,2-4-6,7520,39,39,75.2
2026-07-27,02,11,4-2-6,17160,54,54,171.6
2026-07-27,02,12,3-1-4,6800,25,25,68.0
2026-07-27,03,1,4-2-1,7070,41,21,162.8
2026-07-27,03,2,2-1-3,1690,6,6,16.9
2026-07-27,03,3,1-2-3,4600,19,19,46.0
2026-07-27,03,4,1-2-3,1090,3,3,10.9
2026-07-27,03,5,4-2-5,6570,21,21,65.7
2026-07-27,03,6,1-4-2,11210,40,40,112.1
2026-07-27,03,7,1-4-2,690,1,1,6.9
2026-07-27,03,8,1-3-5,3720,12,13,37.2
2026-07-27,03,9,1-5-3,3430,15,15,34.3
2026-07-27,03,10,3-1-5,13140,31,31,131.4
2026-07-27,03,11,2-1-6,7690,26,26,76.9
2026-07-27,03,12,1-3-2,1090,3,3,10.9
2026-07-27,04,1,3-2-5,3500,9,9,35.0
2026-07-27,04,2,1-5-6,710,1,1,7.1
2026-07-27,04,3,4-3-6,5880,22,22,58.8
2026-07-27,04,4,2-1-5,1570,4,4,15.7
2026-07-27,04,5,2-1-3,1140,4,4,11.4
2026-07-27,04,6,6-3-2,28520,58,58,285.2
2026-07-27,04,7,1-5-2,37540,83,83,375.4
2026-07-27,04,8,4-1-2,1640,5,5,16.4
2026-07-27,04,9,2-5-1,3930,15,15,39.3
2026-07-27,04,10,3-1-4,2080,8,8,20.8
2026-07-27,04,11,1-3-4,340,1,1,3.4
2026-07-27,04,12,1-3-2,1140,4,4,11.4
2026-07-27,09,1,4-1-5,4340,15,15,43.4
2026-07-27,09,2,1-4-6,5810,25,25,58.1
2026-07-27,09,3,1-3-6,4410,18,18,44.1
2026-07-27,09,4,1-5-4,6500,27,27,65.0
2026-07-27,09,5,1-6-3,7490,20,20,74.9
2026-07-27,09,6,4-3-5,16230,39,39,162.3
2026-07-27,09,7,1-2-3,490,1,1,4.9
2026-07-27,09,8,3-1-6,2140,6,6,21.4
2026-07-27,09,9,1-3-2,1110,4,4,11.1
2026-07-27,09,10,1-5-4,3950,15,15,39.5
2026-07-27,09,11,1-6-2,6450,16,16,64.5
2026-07-27,09,12,1-2-6,2600,10,10,26.0
2026-07-27,14,1,5-1-2,10050,25,25,100.5
2026-07-27,14,2,6-2-5,6620,20,20,66.2
2026-07-27,14,3,1-5-3,870,2,2,8.7
2026-07-27,14,4,3-6-1,34260,59,59,342.6
2026-07-27,14,5,2-6-3,11710,32,32,117.1
2026-07-27,14,6,5-4-1,2610,10,10,26.1
2026-07-27,14,7,1-6-2,1690,5,5,16.9
2026-07-27,14,8,1-3-5,3480,13,13,34.8
2026-07-27,14,9,1-6-2,7960,27,27,79.6
2026-07-27,14,10,1-2-6,1280,4,4,12.8
2026-07-27,14,11,1-6-2,5350,21,21,53.5
2026-07-27,14,12,1-3-5,1290,6,6,12.9
2026-07-27,17,1,1-3-2,900,4,4,9.0
2026-07-27,17,2,1-3-2,2520,9,9,25.2
2026-07-27,17,3,4-5-3,12160,45,45,121.6
2026-07-27,17,4,5-2-1,6990,26,26,69.9
2026-07-27,17,5,4-2-3,5860,27,27,58.6
2026-07-27,17,6,1-3-2,2120,7,7,21.2
2026-07-27,17,7,1-5-3,1240,5,3,12.4
2026-07-27,17,8,1-3-4,310,1,1,3.1
2026-07-27,17,9,1-3-2,5050,22,22,50.5
2026-07-27,17,10,3-5-2,2720,7,7,27.2
2026-07-27,17,11,1-4-5,1230,4,4,12.3
2026-07-27,17,12,1-2-4,790,4,4,7.9
2026-07-28,03,1,3-4-1,7000,31,31,70.0
2026-07-28,03,2,1-6-2,1670,4,4,16.7
2026-07-28,03,3,4-3-2,2580,5,5,25.8
2026-07-28,03,4,5-4-6,12860,59,59,128.6
2026-07-28,03,5,5-2-4,19440,74,74,194.4
2026-07-28,03,6,1-2-5,810,2,2,8.1
2026-07-28,03,7,5-4-6,4140,10,10,41.4
2026-07-28,03,8,5-1-6,3380,9,9,33.8
2026-07-28,03,9,2-5-3,4770,19,19,47.7
2026-07-28,03,10,1-2-3,1120,1,1,11.2
2026-07-28,03,11,1-4-2,2620,7,7,26.2
2026-07-28,03,12,4-2-5,1810,37,2,107.5
2026-07-28,04,1,2-1-3,730,1,1,7.3
2026-07-28,04,2,1-4-2,1560,7,7,15.6
2026-07-28,04,3,4-6-5,16740,57,57,167.4
2026-07-28,04,4,4-3-5,20440,58,58,204.4
2026-07-28,04,5,1-3-2,1550,6,6,15.5
2026-07-28,04,6,1-2-5,970,3,3,9.7
2026-07-28,04,7,6-1-3,1980,6,6,19.8
2026-07-28,04,8,1-4-6,1200,4,4,12.0
2026-07-28,04,9,4-3-6,28630,55,55,286.3
2026-07-28,04,10,3-2-4,1700,7,7,17.0
2026-07-28,04,11,1-2-3,370,1,1,3.7
2026-07-28,04,12,1-3-2,4780,11,11,47.8
2026-07-28,09,1,1-2-4,550,1,1,5.5
2026-07-28,09,2,2-5-1,41920,79,79,419.2
2026-07-28,09,3,1-2-6,2280,5,5,22.8
2026-07-28,09,4,2-6-1,27450,67,67,274.5
2026-07-28,09,5,1-3-5,1640,8,8,16.4
2026-07-28,09,6,1-5-2,2560,9,9,25.6
2026-07-28,09,7,3-2-5,5670,21,21,56.7
2026-07-28,09,8,1-4-5,7420,27,27,74.2
2026-07-28,09,9,2-5-1,5120,21,21,51.2
2026-07-28,09,10,2-4-1,1340,5,5,13.4
2026-07-28,15,1,1-3-6,2220,2,2,22.2
2026-07-28,15,2,5-1-2,3690,16,16,36.9
2026-07-28,15,3,4-5-3,3050,11,11,30.5
2026-07-28,15,4,1-6-4,3060,14,14,30.6
2026-07-28,15,5,1-2-3,1780,6,6,17.8
2026-07-28,15,6,1-3-4,970,3,3,9.7
2026-07-28,15,7,6-2-3,19340,42,42,193.4
2026-07-28,15,8,2-4-1,1000,3,3,10.0
2026-07-28,15,9,1-5-3,2680,9,9,26.8
2026-07-28,15,10,1-2-3,540,1,1,5.4
2026-07-28,15,11,1-2-3,1610,4,4,16.1
2026-07-28,15,12,2-4-1,10450,31,31,104.5
2026-07-28,17,1,5-3-1,88200,109,109,882.0
2026-07-28,17,2,1-4-6,4270,15,15,42.7
2026-07-28,17,3,1-5-4,1460,6,6,14.6
2026-07-28,17,4,1-3-2,2140,8,8,21.4
2026-07-28,17,5,1-5-2,2080,6,6,20.8
2026-07-28,17,6,1-6-2,580,1,1,5.8
2026-07-28,17,7,2-1-3,1530,6,6,15.3
2026-07-28,17,8,1-4-5,1910,7,7,19.1
2026-07-28,17,9,1-2-3,610,2,2,6.1
2026-07-28,17,10,1-2-3,540,2,2,5.4
2026-07-28,17,11,1-2-5,1290,6,6,12.9
2026-07-28,17,12,1-2-5,900,3,3,9.0
2026-07-29,04,1,4-5-2,10080,45,45,100.8
2026-07-29,04,2,3-4-5,4350,16,16,43.5
2026-07-29,04,3,5-6-4,2970,6,6,29.7
2026-07-29,04,4,4-1-3,1450,21,5,46.2
2026-07-29,04,5,4-5-1,3080,10,10,30.8
2026-07-29,04,6,2-1-6,890,2,2,8.9
2026-07-29,04,7,5-6-1,1560,3,3,15.6
2026-07-29,04,8,2-1-3,1980,6,6,19.8
2026-07-29,04,9,3-5-6,10470,32,32,104.7
2026-07-29,04,10,1-2-3,500,1,1,5.0
2026-07-29,04,11,1-3-4,2570,9,9,25.7
2026-07-29,04,12,5-6-4,530,108,4,1421.0
2026-07-29,15,1,1-4-3,5210,26,26,52.1
2026-07-29,15,2,3-2-6,2560,9,9,25.6
2026-07-29,15,3,1-4-5,810,1,1,8.1
2026-07-29,15,4,5-1-2,12360,36,36,123.6
2026-07-29,15,5,1-2-6,3220,14,14,32.2
2026-07-29,15,6,3-6-1,4500,16,16,45.0
2026-07-29,15,7,1-3-2,540,1,1,5.4
2026-07-29,15,8,3-2-1,2880,11,11,28.8
2026-07-29,15,9,1-2-5,2490,8,8,24.9
2026-07-29,15,10,1-4-5,1190,4,4,11.9
2026-07-29,15,11,3-1-5,2770,11,11,27.7
2026-07-29,15,12,2-1-3,3650,11,11,36.5
2026-07-29,17,1,1-3-6,2640,9,9,26.4
2026-07-29,17,2,2-3-1,8120,23,23,81.2
2026-07-29,17,3,1-6-3,1760,5,5,17.6
2026-07-29,17,4,1-6-3,6200,20,20,62.0
2026-07-29,17,5,4-2-3,25760,50,50,257.6
2026-07-29,17,6,1-2-4,470,1,1,4.7
2026-07-29,17,7,1-2-4,1790,8,8,17.9
2026-07-29,17,8,1-6-5,3460,12,12,34.6
2026-07-29,17,9,6-2-4,8730,32,32,87.3
2026-07-29,17,10,1-4-2,1320,6,5,13.2
2026-07-29,17,11,6-1-2,65790,96,96,657.9
2026-07-29,17,12,4-6-1,12770,34,34,127.7
2026-07-29,22,1,1-3-4,950,5,5,9.5
2026-07-29,22,2,3-5-1,9620,48,48,96.2
2026-07-29,22,3,2-5-3,5320,23,23,53.2
2026-07-29,22,4,4-6-2,23390,62,62,233.9
2026-07-29,22,5,2-1-4,1240,3,3,12.4
2026-07-29,22,6,3-1-4,1600,4,4,16.0
2026-07-29,22,7,1-6-5,6250,20,20,62.5
2026-07-29,22,8,3-1-2,6250,15,15,62.5
2026-07-29,22,9,1-2-3,1080,4,4,10.8
2026-07-29,22,10,1-4-6,6820,20,20,68.2
2026-07-29,22,11,1-3-2,860,3,3,8.6
2026-07-29,22,12,1-2-3,890,1,1,8.9
2026-07-30,04,1,1-3-5,2190,9,9,21.9
2026-07-30,04,2,3-2-5,1840,7,7,18.4
2026-07-30,04,3,2-3-1,3230,12,12,32.3
2026-07-30,04,4,1-3-6,890,1,1,8.9
2026-07-30,04,5,3-1-2,2970,11,11,29.7
2026-07-30,04,6,1-2-6,260,1,1,2.6
2026-07-30,04,7,2-6-5,19060,58,58,190.6
2026-07-30,04,8,1-2-3,1010,2,2,10.1
2026-07-30,04,9,3-4-2,5360,20,20,53.6
2026-07-30,04,10,1-4-2,850,1,1,8.5
2026-07-30,04,11,3-4-1,1860,6,6,18.6
2026-07-30,04,12,2-4-1,4880,18,18,48.8
2026-07-30,15,1,4-6-2,1960,7,7,19.6
2026-07-30,15,2,1-3-6,2330,7,7,23.3
2026-07-30,15,3,5-2-1,2460,9,9,24.6
2026-07-30,15,4,1-6-2,14580,44,44,145.8
2026-07-30,15,5,1-3-4,830,1,1,8.3
2026-07-30,15,6,3-1-5,2100,7,7,21.0
2026-07-30,15,7,3-2-4,3950,16,16,39.5
2026-07-30,15,8,3-2-5,2150,11,11,21.5
2026-07-30,15,9,3-1-4,7780,20,20,77.8
2026-07-30,15,10,6-1-3,25410,47,47,254.1
2026-07-30,15,11,3-1-2,1810,6,6,18.1
2026-07-30,15,12,1-3-4,1570,6,6,15.7
2026-07-30,22,1,1-3-4,1290,6,6,12.9
2026-07-30,22,2,3-1-5,3020,11,11,30.2
2026-07-30,22,3,1-2-3,970,3,3,9.7
2026-07-30,22,4,3-4-2,10990,56,56,109.9
2026-07-30,22,5,1-5-2,1560,4,4,15.6
2026-07-30,22,6,4-1-2,6780,23,23,67.8
2026-07-30,22,7,2-3-5,5850,24,24,58.5
2026-07-30,22,8,1-6-2,670,2,2,6.7
2026-07-30,22,9,4-3-2,24890,66,66,248.9
2026-07-30,22,10,1-3-4,2670,9,9,26.7
2026-07-30,22,11,1-4-2,1570,8,8,15.7
2026-07-30,22,12,3-1-2,14870,29,29,148.7
2026-07-31,15,1,2-1-3,4790,15,15,47.9
2026-07-31,15,2,4-5-6,980,1,1,9.8
2026-07-31,15,3,6-4-3,110720,111,111,1107.0
2026-07-31,15,4,1-3-6,8910,34,34,89.1
2026-07-31,15,5,1-6-2,3860,16,16,38.6
2026-07-31,15,6,2-1-4,2540,8,8,25.4
2026-07-31,15,7,2-1-3,7380,17,17,73.8
2026-07-31,15,8,1-4-5,760,2,1,7.6
2026-07-31,15,9,2-6-4,13420,23,23,134.2
2026-07-31,15,10,1-3-4,580,2,2,5.8
2026-07-31,15,11,1-2-4,1080,3,3,10.8
2026-07-31,15,12,2-1-3,2060,7,7,20.6
2026-07-31,22,1,1-3-4,1720,9,9,17.2
2026-07-31,22,2,1-5-2,1940,6,6,19.4
2026-07-31,22,3,4-5-1,25800,59,59,258.0
2026-07-31,22,4,1-2-4,710,1,1,7.1
2026-07-31,22,5,1-3-4,1970,4,4,19.7
2026-07-31,22,6,6-4-1,6140,26,25,61.4
2026-07-31,22,7,2-1-5,9260,31,31,92.6
2026-07-31,22,8,1-5-4,1930,7,7,19.3
2026-07-31,22,9,6-1-2,9380,32,32,93.8
2026-07-31,22,10,1-2-3,660,1,1,6.6
2026-07-31,22,11,1-3-4,710,1,1,7.1
2026-07-31,22,12,1-3-4,680,3,3,6.8
2026-08-01,15,1,1-5-2,4090,17,17,40.9
2026-08-01,15,2,1-5-3,810,2,2,8.1
2026-08-01,15,3,1-2-5,710,3,3,7.1
2026-08-01,15,4,5-1-6,5640,31,30,56.4
2026-08-01,15,5,1-3-6,1090,2,2,10.9
2026-08-01,15,6,5-1-2,4780,18,18,47.8
2026-08-01,15,7,1-3-4,920,1,1,9.2
2026-08-01,15,8,1-2-3,400,1,1,4.0
2026-08-01,15,9,1-3-5,1230,5,5,12.3
2026-08-01,15,10,1-4-2,1500,5,5,15.0
2026-08-01,15,11,1-2-3,530,1,1,5.3
2026-08-01,15,12,1-3-6,910,4,3,9.1
2026-08-01,22,1,1-2-3,690,2,2,6.9
2026-08-01,22,2,1-3-4,4290,19,19,42.9
2026-08-01,22,3,3-2-4,2930,11,11,29.3
2026-08-01,22,4,3-2-1,5530,19,19,55.3
2026-08-01,22,5,2-3-5,2330,7,7,23.3
2026-08-01,22,6,1-2-4,940,2,2,9.4
2026-08-01,22,7,1-3-5,4930,19,19,49.3
2026-08-01,22,8,1-5-6,13100,39,39,131.0
2026-08-01,22,9,1-2-3,420,1,1,4.2
2026-08-01,22,10,3-4-1,8100,31,31,81.0
2026-08-01,22,11,3-1-4,2680,11,11,26.8
2026-08-01,22,12,1-2-5,730,3,3,7.3
2026-08-02,15,1,1-2-3,760,1,1,7.6
2026-08-02,15,2,1-2-3,440,1,1,4.4
2026-08-02,15,3,1-3-2,1020,3,3,10.2
2026-08-02,15,4,2-1-5,15140,64,22,595.9
2026-08-02,15,5,4-1-3,29950,54,54,299.5
2026-08-02,15,6,5-1-6,1440,6,6,14.4
2026-08-02,15,7,2-3-5,97400,90,90,974.0
2026-08-02,15,8,1-3-4,2820,11,11,28.2
2026-08-02,15,9,1-5-4,2230,10,10,22.3
2026-08-02,15,10,1-2-3,750,2,2,7.5
2026-08-02,15,11,1-2-3,850,2,2,8.5
2026-08-02,15,12,1-3-4,1690,6,6,16.9
2026-08-02,22,1,1-3-4,590,1,1,5.9
2026-08-02,22,2,4-1-5,5560,19,19,55.6
2026-08-02,22,3,1-4-3,3740,14,14,37.4
2026-08-02,22,4,1-4-2,2120,5,5,21.2
2026-08-02,22,5,1-3-5,910,1,1,9.1
2026-08-02,22,6,1-3-5,2200,6,6,22.0
2026-08-02,22,7,1-6-2,890,3,3,8.9
2026-08-02,22,8,3-1-6,2040,7,7,20.4
2026-08-02,22,9,1-3-2,1060,3,3,10.6
2026-08-02,22,10,1-5-2,1660,5,5,16.6
2026-08-02,22,11,2-1-5,2930,12,12,29.3
2026-08-02,22,12,1-2-3,540,2,2,5.4
2026-08-03,04,1,3-4-6,8770,35,35,87.7
2026-08-03,04,2,1-3-5,1290,5,5,12.9
2026-08-03,04,3,5-4-3,6230,22,22,62.3
2026-08-03,04,4,2-1-6,2770,8,8,27.7
2026-08-03,04,5,1-3-6,9020,37,37,90.2
2026-08-03,04,6,2-3-1,2220,8,8,22.2
2026-08-03,04,7,5-2-1,102260,105,105,1022.0
2026-08-03,04,8,2-5-3,18250,70,70,182.5
2026-08-03,04,9,5-1-3,4040,13,13,40.4
2026-08-03,04,10,2-4-6,70860,84,84,708.6
2026-08-03,04,11,1-3-4,610,1,1,6.1
2026-08-03,04,12,2-3-4,11430,32,32,114.3
2026-08-03,17,1,1-3-5,3740,15,15,37.4
2026-08-03,17,2,1-2-5,870,1,1,8.7
2026-08-03,17,3,3-2-6,3940,14,14,39.4
2026-08-03,17,4,1-5-4,12570,47,47,125.7
2026-08-03,17,5,5-4-1,12870,30,30,128.7
2026-08-03,17,6,2-6-1,16830,48,48,168.3
2026-08-03,17,7,5-4-6,9050,33,33,90.5
2026-08-03,17,8,2-5-3,1700,3,3,17.0
2026-08-03,17,9,1-3-5,620,1,1,6.2
2026-08-03,17,10,1-2-5,580,1,1,5.8
2026-08-03,17,11,3-1-2,5110,14,14,51.1
2026-08-03,17,12,1-6-2,7660,21,21,76.6
2026-08-03,22,1,6-1-4,35770,50,50,357.7
2026-08-03,22,2,1-4-3,1010,4,4,10.1
2026-08-03,22,3,1-2-3,380,1,1,3.8
2026-08-03,22,4,1-2-4,850,3,3,8.5
2026-08-03,22,5,2-1-6,1830,2,2,18.3
2026-08-03,22,6,1-6-3,1560,6,6,15.6
2026-08-03,22,7,2-1-5,2140,7,7,21.4
2026-08-03,22,8,1-2-6,4970,17,17,49.7
2026-08-03,22,9,1-2-3,1010,1,1,10.1
2026-08-03,22,10,1-3-2,1050,3,3,10.5
2026-08-03,22,11,1-2-3,430,1,1,4.3
2026-08-03,22,12,1-5-2,2810,10,10,28.1
2026-08-04,04,1,3-4-5,5060,23,23,50.6
2026-08-04,04,2,4-2-3,35930,87,45,541.6
2026-08-04,04,3,3-4-1,14220,72,72,142.2
2026-08-04,04,4,2-4-5,1610,2,2,16.1
2026-08-04,04,5,6-2-3,3230,12,12,32.3
2026-08-04,04,6,1-2-5,2510,6,6,25.1
2026-08-04,04,7,1-3-2,5060,20,20,50.6
2026-08-04,04,8,4-5-1,1290,5,5,12.9
2026-08-04,04,9,1-2-4,2460,11,11,24.6
2026-08-04,04,10,1-4-5,1860,6,6,18.6
2026-08-04,04,11,1-4-2,610,1,1,6.1
2026-08-04,04,12,1-2-4,1170,3,3,11.7
2026-08-04,17,1,3-4-2,1880,38,8,249.2
2026-08-04,17,2,2-3-1,14790,68,68,147.9
2026-08-04,17,3,3-1-6,7020,23,23,70.2
2026-08-04,17,4,1-2-5,2470,8,8,24.7
2026-08-04,17,5,2-4-3,1200,3,3,12.0
2026-08-04,17,6,3-4-5,5650,17,17,56.5
2026-08-04,17,7,2-5-3,2510,8,9,25.1
2026-08-04,17,8,2-4-3,960,1,1,9.6
2026-08-04,17,9,1-3-2,1170,3,3,11.7
2026-08-04,17,10,3-1-5,2030,8,8,20.3
2026-08-04,17,11,3-4-6,6570,21,20,65.7
2026-08-04,17,12,1-2-4,1230,5,5,12.3
2026-08-05,04,1,5-4-6,1430,2,2,14.3
2026-08-05,04,2,1-2-6,1220,5,5,12.2
2026-08-05,04,3,1-3-2,8390,30,30,83.9
2026-08-05,04,4,3-2-4,41440,108,108,414.4
2026-08-05,04,5,2-1-4,3030,10,10,30.3
2026-08-05,04,6,1-6-5,3730,16,16,37.3
2026-08-05,04,7,5-1-3,20600,64,64,206.0
2026-08-05,04,8,4-1-2,1420,6,6,14.2
2026-08-05,04,9,3-4-6,990,1,1,9.9
2026-08-05,04,10,2-1-6,4320,14,14,43.2
2026-08-05,04,11,1-3-2,840,2,2,8.4
2026-08-05,04,12,1-2-3,560,2,2,5.6
2026-08-05,09,1,1-3-6,1200,6,6,12.0
2026-08-05,09,2,1-2-3,780,3,3,7.8
2026-08-05,09,3,2-5-3,5560,23,23,55.6
2026-08-05,09,4,3-1-2,1490,4,4,14.9
2026-08-05,09,5,1-2-6,950,3,3,9.5
2026-08-05,09,6,1-2-3,1000,1,1,10.0
2026-08-05,09,7,2-4-1,5100,22,22,51.0
2026-08-05,09,8,1-4-2,3970,16,16,39.7
2026-08-05,09,9,4-2-1,3670,14,14,36.7
2026-08-05,09,10,3-1-5,1080,3,3,10.8
2026-08-05,09,11,1-3-2,2470,8,8,24.7
2026-08-05,09,12,3-1-4,6580,21,21,65.8
2026-08-05,14,1,1-5-6,3640,14,14,36.4
2026-08-05,14,2,4-1-3,3950,19,19,39.5
2026-08-05,14,3,2-1-3,1600,5,5,16.0
2026-08-05,14,4,1-5-3,1360,6,6,13.6
2026-08-05,14,5,1-4-6,850,5,4,13.3
2026-08-05,14,6,1-4-2,3150,10,10,31.5
2026-08-05,14,7,1-3-6,2310,9,9,23.1
2026-08-05,14,8,1-5-3,1980,2,2,19.8
2026-08-05,14,9,3-1-4,1610,5,5,16.1
2026-08-05,14,10,3-5-4,5290,21,21,52.9
2026-08-05,14,11,1-6-5,12140,40,40,121.4
2026-08-05,14,12,5-1-3,7280,25,25,72.8
2026-08-05,17,1,1-2-3,1330,5,5,13.3
2026-08-05,17,2,1-4-2,1950,5,5,19.5
2026-08-05,17,3,3-5-2,4380,19,19,43.8
2026-08-05,17,4,1-4-6,2920,11,11,29.2
2026-08-05,17,5,1-3-4,770,1,1,7.7
2026-08-05,17,6,1-2-4,740,2,2,7.4
2026-08-05,17,7,3-1-4,1720,6,6,17.2
2026-08-05,17,8,1-3-5,520,1,1,5.2
2026-08-05,17,9,3-1-2,4900,19,19,49.0
2026-08-05,17,10,3-5-1,23020,73,73,230.2
2026-08-05,17,11,1-4-2,760,3,3,7.6
2026-08-05,17,12,1-3-2,1000,4,4,10.0
2026-08-06,02,1,5-6-1,24720,84,84,247.2
2026-08-06,02,2,4-3-1,15430,58,58,154.3
2026-08-06,02,3,1-4-6,7370,30,30,73.7
2026-08-06,02,4,2-1-6,980,1,1,9.8
2026-08-06,02,5,4-5-6,1350,4,4,13.5
2026-08-06,02,6,4-2-3,2090,4,4,20.9
2026-08-06,02,7,1-2-3,690,2,2,6.9
2026-08-06,02,8,4-3-6,3980,17,17,39.8
2026-08-06,02,9,5-3-4,12680,46,46,126.8
2026-08-06,02,10,1-2-5,1250,2,2,12.5
2026-08-06,02,11,1-5-6,2080,6,6,20.8
2026-08-06,02,12,1-4-5,2240,9,9,22.4
2026-08-06,04,1,1-3-5,1510,5,5,15.1
2026-08-06,04,2,3-1-4,11490,26,26,114.9
2026-08-06,04,3,1-4-5,5240,21,21,52.4
2026-08-06,04,4,4-5-1,3570,8,8,35.7
2026-08-06,04,5,2-1-3,2310,5,5,23.1
2026-08-06,04,6,2-5-1,5480,22,22,54.8
2026-08-06,04,7,5-1-2,4650,18,18,46.5
2026-08-06,04,8,6-1-3,42780,70,70,427.8
2026-08-06,04,9,2-4-3,6360,25,25,63.6
2026-08-06,04,10,4-2-6,54590,82,82,545.9
2026-08-06,04,11,1-3-5,6210,20,20,62.1
2026-08-06,04,12,1-2-5,400,1,1,4.0
2026-08-06,09,1,1-5-3,3070,12,12,30.7
2026-08-06,09,2,3-1-5,4040,13,13,40.4
2026-08-06,09,3,1-5-3,1660,6,6,16.6
2026-08-06,09,4,3-4-2,5150,24,24,51.5
2026-08-06,09,5,1-4-6,3040,11,11,30.4
2026-08-06,09,6,4-3-1,6150,28,28,61.5
2026-08-06,09,7,1-2-4,360,11,1,31.8
2026-08-06,09,8,2-3-4,1400,5,5,14.0
2026-08-06,09,9,3-6-1,2950,11,11,29.5
2026-08-06,09,10,2-1-4,1280,4,4,12.8
2026-08-06,09,11,1-3-4,1150,3,3,11.5
2026-08-06,09,12,1-4-2,610,2,2,6.1
2026-08-06,14,1,1-3-2,970,4,4,9.7
2026-08-06,14,2,4-5-3,102490,90,90,1024.0
2026-08-06,14,3,1-4-2,1780,7,7,17.8
2026-08-06,14,4,1-3-5,1770,8,8,17.7
2026-08-06,14,5,2-3-4,1000,1,1,10.0
2026-08-06,14,6,1-2-4,1280,2,2,12.8
2026-08-06,14,7,3-6-1,2530,9,9,25.3
2026-08-06,14,8,1-3-2,2940,11,11,29.4
2026-08-06,14,9,3-1-4,13990,44,44,139.9
2026-08-06,14,10,5-4-1,5450,18,18,54.5
2026-08-06,14,11,3-4-1,6310,27,27,63.1
2026-08-06,14,12,1-5-4,2870,13,13,28.7
2026-08-06,17,1,1-2-3,790,1,1,7.9
2026-08-06,17,2,1-3-2,760,2,2,7.6
2026-08-06,17,3,3-5-4,2320,10,10,23.2
2026-08-06,17,4,1-2-3,500,1,1,5.0
2026-08-06,17,5,1-2-4,830,4,4,8.3
2026-08-06,17,6,3-1-5,710,1,1,7.1
2026-08-06,17,7,1-4-5,7680,27,27,76.8
2026-08-06,17,8,3-1-2,1370,4,4,13.7
2026-08-06,17,9,1-2-5,2090,8,8,20.9
2026-08-06,17,10,2-3-4,8690,29,29,86.9
2026-08-06,17,11,1-3-4,2150,8,8,21.5
2026-08-06,17,12,6-3-1,69850,70,70,698.5
2026-08-07,02,1,1-3-2,1910,9,9,19.1
2026-08-07,02,2,3-5-6,2470,11,11,24.7
2026-08-07,02,3,3-1-2,1160,4,5,11.6
2026-08-07,02,4,2-3-4,630,1,1,6.3
2026-08-07,02,5,1-4-5,1490,3,3,14.9
2026-08-07,02,6,1-2-5,5980,22,22,66.6
2026-08-07,02,7,1-2-5,1390,9,9,13.9
2026-08-07,02,8,3-6-2,25330,61,61,253.3
2026-08-07,02,9,2-1-4,12690,44,44,126.9
2026-08-07,02,10,2-5-4,91030,109,109,910.3
2026-08-07,02,11,6-1-5,7980,23,23,79.8
2026-08-07,02,12,4-6-2,29900,73,73,299.0
2026-08-07,04,1,5-2-1,6090,20,20,60.9
2026-08-07,04,2,5-2-3,7930,37,37,79.3
2026-08-07,04,3,3-2-6,15560,54,54,155.6
2026-08-07,04,4,1-2-5,4250,17,17,42.5
2026-08-07,04,5,2-1-3,9520,48,48,95.2
2026-08-07,04,6,1-3-2,950,2,2,9.5
2026-08-07,04,7,1-2-5,1280,4,4,12.8
2026-08-07,04,8,3-6-5,31150,72,72,311.5
2026-08-07,04,9,1-2-4,1010,3,3,10.1
2026-08-07,04,10,1-4-2,800,3,3,8.0
2026-08-07,04,11,2-1-4,3680,13,13,36.8
2026-08-07,04,12,1-4-3,3100,10,10,31.0
2026-08-07,09,1,3-1-4,2290,7,8,22.9
2026-08-07,09,2,2-4-1,1950,6,6,19.5
2026-08-07,09,3,4-2-1,18940,65,65,189.4
2026-08-07,09,4,2-1-4,1320,4,4,13.2
2026-08-07,09,5,1-2-3,1080,4,4,10.8
2026-08-07,09,6,4-2-3,8960,35,35,89.6
2026-08-07,09,7,3-6-2,3330,12,12,33.3
2026-08-07,09,8,2-3-1,8240,36,36,82.4
2026-08-07,09,9,1-3-5,1820,4,4,18.2
2026-08-07,09,10,1-2-3,560,1,1,5.6
2026-08-07,09,11,4-1-2,1830,5,5,18.3
2026-08-07,09,12,1-3-4,2200,7,7,22.0
2026-08-07,14,1,1-3-4,580,1,1,5.8
2026-08-07,14,2,1-2-3,2060,6,6,20.6
2026-08-07,14,3,2-1-5,3120,10,10,31.2
2026-08-07,14,4,1-2-6,860,1,1,8.6
2026-08-07,14,5,1-5-2,2210,5,5,22.1
2026-08-07,14,6,3-2-5,5870,26,26,58.7
2026-08-07,14,7,3-5-1,11550,33,33,115.5
2026-08-07,14,8,4-1-2,15070,34,34,150.7
2026-08-07,14,9,4-1-2,1630,4,4,16.3
2026-08-07,14,10,1-2-6,5000,19,19,50.0
2026-08-07,14,11,1-3-6,2080,8,8,20.8
2026-08-07,14,12,2-4-1,35870,60,60,358.7
2026-08-07,15,1,6-1-5,2990,6,6,29.9
2026-08-07,15,2,3-2-4,3650,17,17,36.5
2026-08-07,15,3,5-2-6,5900,26,26,59.0
2026-08-07,15,4,1-3-2,2210,10,10,22.1
2026-08-07,15,5,2-3-1,6640,28,28,66.4
2026-08-07,15,6,5-2-3,16090,36,36,160.9
2026-08-07,15,7,3-4-1,11560,27,27,115.6
2026-08-07,15,8,1-3-4,1450,6,6,14.5
2026-08-07,15,9,3-6-1,23560,78,78,235.6
2026-08-07,15,10,3-4-5,7410,27,27,74.1
2026-08-07,15,11,1-2-4,1490,5,5,14.9
2026-08-07,15,12,1-2-3,830,1,1,8.3
2026-08-07,17,1,1-2-5,1420,5,5,14.2
2026-08-07,17,2,1-2-6,720,2,2,7.2
2026-08-07,17,3,4-6-2,27190,70,70,271.9
2026-08-07,17,4,1-5-6,890,2,2,8.9
2026-08-07,17,5,1-2-5,2860,11,11,28.6
2026-08-07,17,6,1-2-6,3650,13,13,36.5
2026-08-07,17,7,2-1-3,27720,39,39,277.2
2026-08-07,17,8,1-3-5,590,2,2,5.9
2026-08-07,17,9,3-1-2,11320,24,24,113.2
2026-08-07,17,10,1-3-4,680,3,3,6.8
2026-08-07,17,11,1-3-5,1760,8,8,17.6
2026-08-07,17,12,1-2-3,570,1,1,5.7
2026-08-08,02,1,4-2-1,3040,10,10,30.4
2026-08-08,02,2,3-6-1,2780,7,7,27.8
2026-08-08,02,3,1-2-5,1860,4,4,18.6
2026-08-08,02,4,4-3-5,33170,76,76,331.7
2026-08-08,02,5,4-3-2,7650,24,24,76.5
2026-08-08,02,6,3-1-6,15720,38,38,157.2
2026-08-08,02,7,1-4-5,7090,23,23,70.9
2026-08-08,02,9,1-5-3,3500,10,10,35.0
2026-08-08,02,10,2-1-3,1060,3,3,10.6
2026-08-08,02,11,1-4-2,2570,10,10,25.7
2026-08-08,02,12,2-1-3,8770,25,25,87.7
2026-08-08,04,1,1-4-2,1650,3,3,16.5
2026-08-08,04,2,2-3-1,4620,17,17,46.2
2026-08-08,04,3,2-4-5,10580,52,52,105.8
2026-08-08,04,4,5-1-3,13030,66,66,130.3
2026-08-08,04,5,5-4-1,8500,31,31,85.0
2026-08-08,04,6,5-2-1,4010,16,16,40.1
2026-08-08,04,7,1-2-6,1130,1,1,11.3
2026-08-08,04,8,4-6-1,2690,9,9,26.9
2026-08-08,04,9,1-6-2,1350,5,5,13.5
2026-08-08,04,10,4-1-2,5410,17,17,54.1
2026-08-08,04,11,1-3-2,600,2,2,6.0
2026-08-08,04,12,1-3-5,3460,14,14,34.6
2026-08-08,09,1,5-1-4,19670,53,53,196.7
2026-08-08,09,2,1-3-2,1910,8,8,19.1
2026-08-08,09,3,2-1-3,1450,4,4,14.5
2026-08-08,09,4,4-5-3,1510,3,3,15.1
2026-08-08,09,5,1-3-6,870,4,4,8.7
2026-08-08,09,6,1-6-2,2120,8,8,21.2
2026-08-08,09,7,5-2-3,10580,41,41,105.8
2026-08-08,09,8,2-3-5,2280,6,6,22.8
2026-08-08,09,9,1-2-6,920,3,3,9.2
2026-08-08,09,10,1-2-3,730,1,1,7.3
2026-08-08,09,11,1-2-3,380,1,1,3.8
2026-08-08,09,12,1-2-3,400,1,1,4.0
2026-08-08,14,1,1-6-4,2700,13,13,27.0
2026-08-08,14,2,1-5-3,9210,39,39,92.1
2026-08-08,14,3,1-2-4,560,2,2,5.6
2026-08-08,14,4,4-1-5,3870,14,14,38.7
2026-08-08,14,5,2-1-4,4140,17,17,41.4
2026-08-08,14,6,1-4-2,2440,9,9,24.4
2026-08-08,14,7,2-5-3,3270,13,13,32.7
2026-08-08,14,8,2-5-6,3960,13,13,39.6
2026-08-08,14,9,1-4-6,2280,9,9,22.8
2026-08-08,14,10,3-6-4,25530,71,71,255.3
2026-08-08,14,11,1-2-3,920,2,2,9.2
2026-08-08,14,12,1-2-4,1010,4,4,10.1
2026-08-08,15,1,6-2-3,8720,42,42,87.2
2026-08-08,15,2,3-5-2,16270,50,50,162.7
2026-08-08,15,3,2-3-6,80660,93,93,806.6
2026-08-08,15,4,2-5-3,9450,31,31,94.5
2026-08-08,15,5,3-1-6,24730,69,69,247.3
2026-08-08,15,6,3-1-4,2310,6,6,23.1
2026-08-08,15,7,4-1-5,1070,2,2,10.7
2026-08-08,15,8,1-2-3,770,3,3,7.7
2026-08-08,15,9,1-5-2,6040,21,21,60.4
2026-08-08,15,10,1-3-2,850,3,3,8.5
2026-08-08,15,11,1-3-4,570,1,1,5.7
2026-08-08,15,12,1-3-4,1120,5,5,11.2
2026-08-08,17,1,1-6-4,1810,11,11,18.1
2026-08-08,17,2,1-3-5,1100,5,5,11.0
2026-08-08,17,3,4-6-5,2390,6,6,23.9
2026-08-08,17,4,1-2-3,600,1,1,6.0
2026-08-08,17,5,3-4-1,4630,16,16,46.3
2026-08-08,17,6,1-3-4,490,2,2,4.9
2026-08-08,17,7,1-3-4,1630,6,6,16.3
2026-08-08,17,8,1-2-6,1130,6,6,11.3
2026-08-08,17,9,3-1-4,1860,9,9,18.6
2026-08-08,17,10,5-2-1,17620,34,34,176.2
2026-08-08,17,11,2-1-3,12450,26,26,124.5
2026-08-08,17,12,5-1-3,22690,38,38,226.9
2026-08-09,02,1,2-1-3,2060,5,5,20.6
2026-08-09,02,2,1-2-4,4140,14,14,41.4
2026-08-09,02,3,3-2-4,4410,15,15,44.1
2026-08-09,02,4,3-1-2,7890,32,32,78.9
2026-08-09,02,5,1-2-4,1420,7,7,14.2
2026-08-09,02,6,3-2-1,8970,35,35,89.7
2026-08-09,02,7,2-1-6,41630,66,66,416.3
2026-08-09,02,8,5-4-6,29450,84,84,294.5
2026-08-09,02,9,1-3-4,880,1,1,8.8
2026-08-09,02,10,3-2-5,2770,10,10,27.7
2026-08-09,02,11,6-1-2,7370,35,35,73.7
2026-08-09,02,12,1-2-5,5140,16,16,51.4
2026-08-09,03,1,3-1-4,6010,21,21,60.1
2026-08-09,03,2,4-5-6,40580,83,83,405.8
2026-08-09,03,3,1-5-4,19670,53,53,196.7
2026-08-09,03,4,1-4-5,8420,30,30,84.2
2026-08-09,03,5,3-2-4,2390,5,5,23.9
2026-08-09,03,6,1-2-3,1160,2,2,11.6
2026-08-09,03,7,1-3-4,1170,1,1,11.7
2026-08-09,03,8,2-5-6,48220,72,72,482.2
2026-08-09,03,9,5-2-3,6880,22,22,68.8
2026-08-09,03,10,5-1-4,4250,15,15,42.5
2026-08-09,03,11,4-1-2,2160,7,7,21.6
2026-08-09,03,12,1-3-5,2240,7,7,22.4
2026-08-09,09,1,1-2-3,360,1,1,3.6
2026-08-09,09,2,2-3-5,7490,19,19,74.9
2026-08-09,09,3,4-2-5,2230,10,10,22.3
2026-08-09,09,4,4-2-1,10670,39,39,106.7
2026-08-09,09,5,1-2-6,730,3,3,7.3
2026-08-09,09,6,1-5-4,730,2,2,7.3
2026-08-09,09,7,5-4-1,4800,25,25,48.0
2026-08-09,09,8,4-1-2,1260,4,4,12.6
2026-08-09,09,9,2-4-6,10770,34,34,107.7
2026-08-09,09,10,1-2-3,380,1,1,3.8
2026-08-09,09,11,1-2-4,910,4,4,9.1
2026-08-09,09,12,1-4-2,1940,8,8,19.4
2026-08-09,14,1,1-4-5,770,1,1,7.7
2026-08-09,14,2,3-1-2,5060,17,17,50.6
2026-08-09,14,3,4-6-3,5590,17,17,55.9
2026-08-09,14,4,1-2-6,470,1,1,4.7
2026-08-09,14,5,1-5-3,620,1,1,6.2
2026-08-09,14,6,5-1-6,2450,6,6,24.5
2026-08-09,14,7,5-4-2,9380,31,31,93.8
2026-08-09,14,8,1-4-3,2200,4,4,22.0
2026-08-09,14,9,4-5-3,5720,28,28,57.2
2026-08-09,14,10,1-2-4,850,2,2,8.5
2026-08-09,14,11,1-3-2,950,3,3,9.5
2026-08-09,14,12,1-3-6,3310,9,9,33.1
2026-08-09,15,1,1-2-5,3440,14,14,34.4
2026-08-09,15,2,2-5-1,6770,29,29,67.7
2026-08-09,15,3,1-4-3,2930,11,11,29.3
2026-08-09,15,4,1-2-4,960,2,2,9.6
2026-08-09,15,5,4-6-1,3390,9,9,33.9
2026-08-09,15,6,3-1-2,3010,12,12,30.1
2026-08-09,15,7,2-1-5,1920,7,7,19.2
2026-08-09,15,8,1-2-4,520,1,1,5.2
2026-08-09,15,9,1-6-5,39730,65,65,397.3
2026-08-09,15,10,2-1-4,2740,8,8,27.4
2026-08-09,15,11,3-5-1,39430,50,50,394.3
2026-08-09,15,12,4-2-5,32100,46,46,321.0
2026-08-10,03,1,3-1-6,8920,35,35,89.2
2026-08-10,03,2,4-1-5,6790,28,28,67.9
2026-08-10,03,3,2-1-5,1420,4,4,14.2
2026-08-10,03,4,2-5-3,18250,54,54,182.5
2026-08-10,03,5,1-3-2,2370,6,7,23.7
2026-08-10,03,6,2-4-3,23980,57,57,239.8
2026-08-10,03,7,2-3-5,6190,24,24,61.9
2026-08-10,03,8,4-1-6,1190,2,2,11.9
2026-08-10,03,9,1-3-4,5760,19,19,57.6
2026-08-10,03,10,1-2-3,1380,2,2,13.8
2026-08-10,03,11,1-5-2,2680,11,11,26.8
2026-08-10,03,12,1-2-6,2620,10,10,26.2
2026-08-10,09,1,1-4-2,1160,4,4,11.6
2026-08-10,09,2,1-3-2,840,2,2,8.4
2026-08-10,09,3,1-2-5,550,1,1,5.5
2026-08-10,09,4,1-2-3,420,1,1,4.2
2026-08-10,09,5,1-3-4,2200,8,8,22.0
2026-08-10,09,6,1-5-3,1830,11,11,18.3
2026-08-10,09,7,2-1-6,2200,8,8,22.0
2026-08-10,09,8,1-3-6,1430,5,5,14.3
2026-08-10,09,9,1-3-6,6490,21,21,64.9
2026-08-10,09,10,2-3-4,5460,18,18,54.6
2026-08-10,09,11,1-3-2,730,2,2,7.3
2026-08-10,09,12,1-3-5,1840,8,8,18.4
2026-08-10,14,1,2-1-5,13580,25,25,135.8
2026-08-10,14,2,3-1-6,1200,2,2,12.0
2026-08-10,14,3,1-4-6,2130,9,9,21.3
2026-08-10,14,4,1-3-2,1200,4,4,12.0
2026-08-10,14,5,2-1-4,11540,36,36,115.4
2026-08-10,14,6,1-3-4,1010,3,3,10.1
2026-08-10,14,7,6-4-2,117440,98,98,1174.0
2026-08-10,14,8,1-3-4,810,1,1,8.1
2026-08-10,14,9,1-2-4,990,2,2,9.9
2026-08-10,14,10,1-3-2,910,1,1,9.1
2026-08-10,14,11,2-1-4,2650,10,10,26.5
2026-08-10,14,12,1-4-3,1980,6,6,19.8
2026-08-10,15,1,3-1-6,23570,65,65,235.7
2026-08-10,15,2,1-5-2,2000,7,7,20.0
2026-08-10,15,3,2-6-1,9570,51,51,95.7
2026-08-10,15,4,2-1-6,1410,3,3,14.1
2026-08-10,15,5,3-5-6,24950,57,57,249.5
2026-08-10,15,6,1-4-3,330,4,2,6.9
2026-08-10,15,7,1-2-6,520,1,1,5.2
2026-08-10,15,8,1-6-4,27270,62,62,272.7
2026-08-10,15,9,1-3-2,850,3,3,8.5
2026-08-10,15,10,2-3-1,2470,7,7,24.7
2026-08-10,15,11,1-2-3,460,1,1,4.6
2026-08-10,15,12,1-3-2,1080,2,2,10.8
2026-08-11,04,1,5-3-1,1720,7,7,17.2
2026-08-11,04,2,2-1-4,1500,5,5,15.0
2026-08-11,04,3,2-3-1,2800,5,5,28.0
2026-08-11,04,4,2-3-5,1120,1,1,11.2
2026-08-11,04,5,1-3-5,930,1,1,9.3
2026-08-11,04,6,2-5-6,30410,79,79,304.1
2026-08-11,04,7,6-2-4,3210,15,15,32.1
2026-08-11,04,8,4-1-5,920,2,2,9.2
2026-08-11,04,9,5-2-1,2770,9,9,27.7
2026-08-11,04,10,2-1-3,3250,10,10,32.5
2026-08-11,04,11,2-5-1,7830,26,26,78.3
2026-08-11,04,12,2-6-5,54620,95,95,546.2
2026-08-11,15,1,5-3-4,37070,84,84,370.7
2026-08-11,15,2,3-1-5,2850,10,10,28.5
2026-08-11,15,3,1-3-2,1440,3,3,14.4
2026-08-11,15,4,1-3-5,2710,9,9,27.1
2026-08-11,15,5,1-3-4,1310,4,4,13.1
2026-08-11,15,6,5-6-2,35980,61,61,359.8
2026-08-11,15,7,1-4-6,1520,6,6,15.2
2026-08-11,15,8,1-2-4,970,2,2,9.7
2026-08-11,15,9,2-4-6,31580,41,41,315.8
2026-08-11,15,10,1-5-3,11330,49,49,113.3
2026-08-11,15,11,1-6-5,15260,34,34,152.6
2026-08-11,15,12,1-4-6,4030,13,13,40.3
2026-08-12,02,1,1-3-4,930,2,2,9.3
2026-08-12,02,2,2-5-4,8780,35,35,87.8
2026-08-12,02,3,1-3-5,1200,1,1,12.0
2026-08-12,02,4,3-2-5,1270,2,2,12.7
2026-08-12,02,5,6-1-4,11220,36,36,112.2
2026-08-12,02,6,2-5-4,5360,28,28,53.6
2026-08-12,02,7,1-2-5,1060,2,2,10.6
2026-08-12,02,8,2-5-4,6940,21,21,69.4
2026-08-12,02,9,1-5-4,4080,13,13,40.8
2026-08-12,02,10,1-3-4,1550,2,2,15.5
2026-08-12,02,11,1-6-3,4550,14,14,45.5
2026-08-12,02,12,1-2-5,1300,3,3,13.0
2026-08-12,03,1,2-4-6,14800,52,52,148.0
2026-08-12,03,2,2-5-1,1410,3,3,14.1
2026-08-12,03,3,5-2-1,39720,78,78,397.2
2026-08-12,03,4,2-4-3,4770,24,24,47.7
2026-08-12,03,5,1-6-2,440,44,3,111.3
2026-08-12,03,6,4-3-2,16190,117,57,890.1
2026-08-12,03,7,1-2-4,770,1,1,7.7
2026-08-12,03,8,1-6-3,2230,6,6,22.3
2026-08-12,03,9,5-1-2,3820,13,13,38.2
2026-08-12,03,10,1-4-2,1950,6,6,19.5
2026-08-12,03,11,1-4-2,3900,15,16,39.0
2026-08-12,03,12,1-3-4,2330,8,8,23.3
2026-08-12,04,1,2-1-3,1040,3,3,10.4
2026-08-12,04,2,1-5-4,1610,9,8,16.1
2026-08-12,04,3,3-5-1,2000,7,7,20.0
2026-08-12,04,4,3-1-6,1930,5,5,19.3
2026-08-12,04,5,1-4-5,2910,11,11,29.1
2026-08-12,04,6,2-3-1,2150,10,10,23.3
2026-08-12,04,7,3-2-5,4070,15,15,40.7
2026-08-12,04,8,1-4-3,690,2,2,6.9
2026-08-12,04,9,4-6-2,3400,14,14,34.0
2026-08-12,04,10,2-1-4,3020,13,13,30.2
2026-08-12,04,11,1-3-6,1730,4,4,17.3
2026-08-12,04,12,1-3-2,1180,2,2,11.8
2026-08-12,22,1,1-3-5,1280,6,6,12.8
2026-08-12,22,2,1-3-4,620,1,1,6.2
2026-08-12,22,3,1-3-5,800,3,3,8.0
2026-08-12,22,4,1-3-2,1350,4,4,13.5
2026-08-12,22,5,2-1-6,4160,14,14,41.6
2026-08-12,22,6,6-3-4,34610,87,87,346.1
2026-08-12,22,7,3-2-1,19450,57,57,194.5
2026-08-12,22,8,1-6-2,4760,17,17,47.6
2026-08-12,22,9,3-6-1,61880,82,82,618.8
2026-08-12,22,10,3-4-6,23570,57,57,235.7
2026-08-12,22,11,3-4-5,5500,21,21,55.0
2026-08-12,22,12,1-2-3,610,1,1,6.1
2026-08-13,02,1,2-4-6,8040,32,32,80.4
2026-08-13,02,2,3-1-4,1280,4,4,12.8
2026-08-13,02,3,4-3-6,30480,73,73,304.8
2026-08-13,02,4,2-4-1,1420,3,3,14.2
2026-08-13,02,5,1-4-2,1440,4,4,14.4
2026-08-13,02,6,3-1-2,2970,8,7,29.7
2026-08-13,02,7,1-3-4,840,1,1,8.4
2026-08-13,02,8,4-3-2,3930,21,21,39.3
2026-08-13,02,9,3-4-2,3470,11,11,34.7
2026-08-13,02,10,1-2-6,8620,29,29,86.2
2026-08-13,02,11,1-4-5,1950,9,9,19.5
2026-08-13,02,12,1-4-2,770,2,2,7.7
2026-08-13,03,1,4-6-5,19000,70,70,190.0
2026-08-13,03,2,3-2-6,5160,21,21,51.6
2026-08-13,03,3,1-2-5,2500,10,10,25.0
2026-08-13,03,4,1-2-6,6040,26,26,60.4
2026-08-13,03,5,3-1-5,4860,18,18,48.6
2026-08-13,03,6,2-1-6,1530,6,6,15.3
2026-08-13,03,7,1-3-5,3100,11,11,31.0
2026-08-13,03,8,2-6-1,12180,42,42,121.8
2026-08-13,03,9,4-2-1,10670,30,30,106.7
2026-08-13,03,10,4-6-1,24070,49,49,240.7
2026-08-13,03,11,1-2-3,870,1,1,8.7
2026-08-13,03,12,1-3-2,1350,4,4,13.5
2026-08-13,04,1,2-6-3,1890,41,10,148.6
2026-08-13,04,2,3-4-1,1830,8,8,18.3
2026-08-13,04,3,3-2-1,4350,15,15,43.5
2026-08-13,04,4,2-5-1,2780,4,4,27.8
2026-08-13,04,5,3-5-6,9850,34,34,98.5
2026-08-13,04,6,3-4-1,12930,53,53,129.3
2026-08-13,04,7,1-4-2,16120,44,44,161.2
2026-08-13,04,8,1-4-3,1210,4,4,12.1
2026-08-13,04,9,3-2-6,3880,17,17,38.8
2026-08-13,04,10,6-1-3,5910,24,24,59.1
2026-08-13,04,11,5-6-2,110480,106,106,1104.0
2026-08-13,04,12,4-5-6,3670,8,8,36.7
2026-08-13,22,1,1-5-2,2380,10,10,23.8
2026-08-13,22,2,1-5-2,1480,4,4,14.8
2026-08-13,22,3,3-6-5,7400,24,24,74.0
2026-08-13,22,4,1-2-3,1600,4,4,16.0
2026-08-13,22,5,1-5-4,11530,41,41,115.3
2026-08-13,22,6,2-6-4,2650,9,9,26.5
2026-08-13,22,7,1-2-3,1730,6,6,17.3
2026-08-13,22,8,1-3-4,13160,29,29,131.6
2026-08-13,22,9,2-1-6,2960,10,10,29.6
2026-08-13,22,10,1-4-2,2310,9,9,23.1
2026-08-13,22,11,3-2-5,5490,21,21,54.9
2026-08-13,22,12,1-2-3,400,1,1,4.0
2026-08-14,02,1,2-1-3,2980,10,10,29.8
2026-08-14,02,2,2-3-4,5730,25,25,57.3
2026-08-14,02,3,4-3-2,11150,48,48,111.5
2026-08-14,02,4,4-2-1,6170,30,30,61.7
2026-08-14,02,5,2-1-4,5800,22,22,58.0
2026-08-14,02,6,4-5-3,63310,90,90,633.1
2026-08-14,02,7,1-5-2,3860,13,13,38.6
2026-08-14,02,8,2-3-4,1600,4,4,16.0
2026-08-14,02,9,1-3-5,2670,10,10,26.7
2026-08-14,02,10,5-2-1,3250,11,11,32.5
2026-08-14,02,11,1-2-5,520,1,1,5.2
2026-08-14,02,12,3-6-2,26430,77,77,264.3
2026-08-14,03,1,1-5-3,2400,8,8,24.0
2026-08-14,03,2,1-6-3,6530,28,29,65.3
2026-08-14,03,3,1-3-2,1510,3,3,15.1
2026-08-14,03,4,1-4-5,8740,40,40,87.4
2026-08-14,03,5,2-1-4,2490,10,10,24.9
2026-08-14,03,6,4-2-1,3230,11,11,32.3
2026-08-14,03,7,6-2-1,13850,44,44,138.5
2026-08-14,03,8,2-1-6,7830,33,33,78.3
2026-08-14,03,9,4-3-1,44580,75,75,445.8
2026-08-14,03,10,1-3-4,1930,7,7,19.3
2026-08-14,03,11,2-3-4,15270,42,42,152.7
2026-08-14,03,12,4-1-5,13830,42,42,138.3
2026-08-14,04,1,5-3-6,60840,66,66,608.4
2026-08-14,04,2,4-5-1,4880,15,15,48.8
2026-08-14,04,3,2-3-1,2660,11,11,26.6
2026-08-14,04,4,3-4-5,2740,8,8,27.4
2026-08-14,04,5,5-1-6,3540,18,18,35.4
2026-08-14,04,6,1-2-3,780,2,2,7.8
2026-08-14,04,7,1-5-3,1000,5,4,10.0
2026-08-14,04,8,1-6-4,1480,8,7,21.5
2026-08-14,04,9,1-6-4,7880,23,23,78.8
2026-08-14,04,10,1-3-6,4360,20,20,43.6
2026-08-14,04,11,1-3-2,2840,8,8,28.4
2026-08-14,04,12,1-2-5,2120,4,4,21.2
2026-08-14,17,1,1-3-4,530,1,1,5.3
2026-08-14,17,2,2-1-4,960,2,2,9.6
2026-08-14,17,3,1-2-3,2110,5,5,21.1
2026-08-14,17,4,1-2-4,860,2,2,8.6
2026-08-14,17,5,5-1-3,3360,12,12,33.6
2026-08-14,17,6,1-2-5,7500,27,27,75.0
2026-08-14,17,7,5-3-4,10120,33,33,101.2
2026-08-14,17,8,1-6-5,3060,10,10,30.6
2026-08-14,17,9,3-5-2,1820,5,5,18.2
2026-08-14,17,10,1-3-4,970,1,1,9.7
2026-08-14,17,11,4-5-2,16290,48,48,162.9
2026-08-14,17,12,1-2-3,700,2,2,7.0
2026-08-14,22,1,1-4-5,1020,5,4,10.2
2026-08-14,22,2,1-2-4,1350,2,2,13.5
2026-08-14,22,3,3-4-6,2110,9,9,21.1
2026-08-14,22,4,1-3-5,1670,5,5,16.7
2026-08-14,22,5,2-1-4,910,2,2,9.1
2026-08-14,22,6,2-1-3,1370,4,4,13.7
2026-08-14,22,7,1-2-4,3850,13,13,38.5
2026-08-14,22,8,2-3-4,3360,12,12,33.6
2026-08-14,22,9,1-3-4,560,1,1,5.6
2026-08-14,22,10,1-2-4,1190,3,3,11.9
2026-08-14,22,11,1-5-4,1970,8,8,19.7
2026-08-14,22,12,6-1-5,42440,43,42,424.4
2026-08-15,02,1,6-1-2,2670,11,11,26.7
2026-08-15,02,2,4-1-5,13220,57,57,132.2
2026-08-15,02,3,4-2-5,1810,5,5,18.1
2026-08-15,02,4,5-1-4,4960,21,21,49.6
2026-08-15,02,5,4-1-2,2210,8,7,22.1
2026-08-15,02,6,2-1-3,2110,3,3,21.1
2026-08-15,02,7,1-3-2,2030,12,12,20.3
2026-08-15,02,8,2-3-5,1790,1,1,17.9
2026-08-15,02,9,3-2-6,6800,19,19,68.0
2026-08-15,02,10,2-6-1,3170,11,11,31.7
2026-08-15,02,11,1-4-6,1440,4,4,14.4
2026-08-15,02,12,1-2-3,1580,5,5,15.8
2026-08-15,03,1,4-1-3,3820,17,17,38.2
2026-08-15,03,2,5-4-1,13990,45,45,139.9
2026-08-15,03,3,1-4-2,4490,25,25,44.9
2026-08-15,03,4,4-3-5,4050,19,19,40.5
2026-08-15,03,5,2-6-5,72120,102,102,721.2
2026-08-15,03,6,4-1-2,4520,18,18,45.2
2026-08-15,03,7,1-4-5,7880,32,32,78.8
2026-08-15,03,8,1-6-3,6030,28,28,60.3
2026-08-15,03,9,1-3-2,1510,3,3,15.1
2026-08-15,03,10,1-4-3,3860,15,15,38.6
2026-08-15,03,11,1-3-6,1200,3,3,12.0
2026-08-15,03,12,1-5-6,3770,16,16,37.7
2026-08-15,04,1,1-2-3,3540,12,12,35.4
2026-08-15,04,2,2-3-1,1110,3,3,11.1
2026-08-15,04,3,4-6-1,2440,4,4,24.4
2026-08-15,04,4,3-5-4,7770,38,38,77.7
2026-08-15,04,5,3-5-6,3540,11,11,35.4
2026-08-15,04,6,2-1-3,2830,17,17,28.3
2026-08-15,04,7,2-3-6,1250,2,2,12.5
2026-08-15,04,8,4-2-1,1100,2,2,11.0
2026-08-15,04,9,3-5-4,4520,21,21,45.2
2026-08-15,04,10,2-5-1,11360,53,53,113.6
2026-08-15,04,11,1-3-4,1280,3,3,12.8
2026-08-15,04,12,1-4-2,890,3,3,8.9
2026-08-15,09,1,1-3-2,520,2,2,5.2
2026-08-15,09,2,2-1-6,1510,4,4,15.1
2026-08-15,09,3,5-1-4,11250,33,33,112.5
2026-08-15,09,4,5-6-3,53990,84,84,539.9
2026-08-15,09,5,1-4-2,650,3,3,6.5
2026-08-15,09,6,6-1-4,10600,31,31,106.0
2026-08-15,09,7,3-1-4,810,2,2,8.1
2026-08-15,09,8,1-3-2,420,2,2,4.2
2026-08-15,09,9,1-4-5,3540,12,12,35.4
2026-08-15,09,10,1-2-3,700,2,2,7.0
2026-08-15,09,11,1-2-4,440,1,1,4.4
2026-08-15,09,12,1-2-3,400,1,1,4.0
2026-08-15,17,1,2-1-4,11460,29,29,114.6
2026-08-15,17,2,4-5-6,4940,19,19,49.4
2026-08-15,17,3,5-1-4,1590,4,4,15.9
2026-08-15,17,4,2-3-5,3230,9,9,32.3
2026-08-15,17,5,1-2-6,990,3,3,9.9
2026-08-15,17,6,4-1-6,1890,7,7,18.9
2026-08-15,17,7,2-4-5,23210,57,57,232.1
2026-08-15,17,8,3-1-2,3570,12,12,35.7
2026-08-15,17,9,1-3-5,3420,18,18,34.2
2026-08-15,17,10,4-5-3,8980,34,34,89.8
2026-08-15,17,11,1-4-3,660,2,2,6.6
2026-08-15,17,12,1-3-5,3700,13,13,37.0
2026-08-15,22,1,1-3-4,470,1,1,4.7
2026-08-15,22,2,1-3-4,1560,6,6,15.6
2026-08-15,22,3,1-3-6,1940,7,7,19.4
2026-08-15,22,4,1-6-2,31100,61,61,311.0
2026-08-15,22,5,5-6-3,202360,112,112,2023.0
2026-08-15,22,6,1-5-4,2050,7,7,20.5
2026-08-15,22,7,1-3-2,910,1,1,9.1
2026-08-15,22,8,2-3-1,10720,28,28,107.2
2026-08-15,22,9,1-2-3,1140,5,5,11.4
2026-08-15,22,10,1-4-3,1240,3,3,12.4
2026-08-15,22,11,1-3-4,1230,5,5,12.3
2026-08-15,22,12,1-5-2,740,1,1,7.4
2026-08-16,02,1,1-6-5,2890,9,9,28.9
2026-08-16,02,2,4-3-1,4150,15,15,41.5
2026-08-16,02,3,1-3-2,980,3,3,9.8
2026-08-16,02,4,1-2-4,1070,4,4,10.7
2026-08-16,02,5,1-4-3,1000,1,1,10.0
2026-08-16,02,6,4-5-1,8940,32,32,89.4
2026-08-16,02,7,1-3-6,640,1,1,6.4
2026-08-16,02,8,3-1-4,1810,4,4,18.1
2026-08-16,02,9,4-1-3,2810,11,11,28.1
2026-08-16,02,10,2-1-4,4390,15,15,43.9
2026-08-16,02,11,2-5-1,22580,72,48,290.7
2026-08-16,02,12,4-5-6,10580,36,36,105.8
2026-08-16,04,1,3-1-4,6960,36,35,69.6
2026-08-16,04,2,6-2-5,5820,23,23,58.2
2026-08-16,04,3,2-5-1,7910,29,29,79.1
2026-08-16,04,4,3-2-4,7540,27,27,75.4
2026-08-16,04,5,5-3-6,2090,75,7,345.8
2026-08-16,04,6,1-6-2,1620,5,5,16.2
2026-08-16,04,7,2-5-4,2060,7,7,20.6
2026-08-16,04,8,5-6-4,11310,45,45,113.1
2026-08-16,04,9,1-4-3,1540,6,6,15.4
2026-08-16,04,10,2-1-3,2580,10,10,25.8
2026-08-16,04,11,6-2-5,82010,110,110,820.1
2026-08-16,04,12,3-4-6,14560,47,47,145.6
2026-08-16,09,1,1-3-4,760,2,2,7.6
2026-08-16,09,2,1-3-5,4770,22,22,47.7
2026-08-16,09,3,4-6-1,43550,88,88,435.5
2026-08-16,09,4,2-4-6,1580,4,4,15.8
2026-08-16,09,5,1-2-3,1320,5,5,13.2
2026-08-16,09,6,1-4-3,5170,28,28,51.7
2026-08-16,09,7,4-2-1,22180,54,54,221.8
2026-08-16,09,8,1-2-6,740,4,4,7.4
2026-08-16,09,9,1-6-5,4940,19,19,49.4
2026-08-16,09,10,3-1-4,1920,7,7,19.2
2026-08-16,09,11,1-2-3,2730,9,9,27.3
2026-08-16,09,12,1-2-4,510,1,1,5.1
2026-08-16,14,1,3-5-1,12440,30,30,124.4
2026-08-16,14,2,2-1-3,2740,7,7,27.4
2026-08-16,14,3,4-6-1,3570,10,10,35.7
2026-08-16,14,4,1-2-4,2820,12,12,28.2
2026-08-16,14,5,1-2-4,1000,3,3,10.0
2026-08-16,14,6,2-3-1,7330,33,33,73.3
2026-08-16,14,7,4-6-2,54680,99,98,546.8
2026-08-16,14,8,2-1-5,2250,7,7,22.5
2026-08-16,14,9,1-4-2,1770,7,7,17.7
2026-08-16,14,10,2-5-3,10640,53,53,106.4
2026-08-16,14,11,2-4-5,13970,46,46,139.7
2026-08-16,14,12,5-1-2,45870,84,84,458.7
2026-08-16,17,1,1-4-5,2210,8,8,22.1
2026-08-16,17,2,4-3-6,3050,11,11,30.5
2026-08-16,17,3,1-4-3,5210,21,21,52.1
2026-08-16,17,4,2-3-4,5370,23,23,53.7
2026-08-16,17,5,1-6-3,980,2,2,9.8
2026-08-16,17,6,3-1-5,5810,22,22,58.1
2026-08-16,17,7,4-3-2,123540,107,107,1235.0
2026-08-16,17,8,1-3-4,2390,10,10,23.9
2026-08-16,17,9,1-6-3,3490,12,12,34.9
2026-08-16,17,10,1-2-3,940,1,1,9.4
2026-08-16,17,11,1-3-2,850,2,2,8.5
2026-08-16,17,12,1-4-5,1170,3,3,11.7
2026-08-16,22,1,2-1-4,1850,9,9,18.5
2026-08-16,22,2,1-4-3,720,2,2,7.2
2026-08-16,22,3,1-3-2,680,1,1,6.8
2026-08-16,22,4,1-4-5,770,1,1,7.7
2026-08-16,22,5,4-3-1,4850,20,20,48.5
2026-08-16,22,6,5-1-2,5250,18,18,52.5
2026-08-16,22,7,1-2-4,2320,11,11,23.2
2026-08-16,22,8,1-3-4,1070,3,3,10.7
2026-08-16,22,9,1-5-2,1140,4,4,11.4
2026-08-16,22,10,1-2-3,340,1,1,3.4
2026-08-16,22,11,1-3-4,1640,6,6,16.4
2026-08-16,22,12,1-3-6,2800,9,9,28.0
2026-08-17,02,1,3-2-5,5190,20,20,51.9
2026-08-17,02,2,6-4-5,12850,54,54,128.5
2026-08-17,02,3,2-4-3,3260,13,13,32.6
2026-08-17,02,4,4-5-6,1760,5,5,17.6
2026-08-17,02,5,1-5-4,4470,16,16,44.7
2026-08-17,02,6,2-3-5,1460,1,1,14.6
2026-08-17,02,7,1-2-3,1090,3,4,10.9
2026-08-17,02,8,2-1-5,2320,7,7,23.2
2026-08-17,02,9,3-2-5,10300,37,37,103.0
2026-08-17,02,10,1-3-5,1330,3,3,13.3
2026-08-17,02,11,3-4-5,15090,49,50,150.9
2026-08-17,02,12,4-3-6,18840,70,70,188.4
2026-08-17,09,1,5-4-1,54340,55,55,543.4
2026-08-17,09,2,2-3-6,18950,70,70,189.5
2026-08-17,09,3,4-1-6,25770,59,59,257.7
2026-08-17,09,4,4-5-6,8620,32,32,86.2
2026-08-17,09,5,1-2-4,1090,4,4,10.9
2026-08-17,09,6,1-5-4,109590,100,100,1095.0
2026-08-17,09,7,4-5-2,840,1,1,8.4
2026-08-17,09,8,2-4-3,2510,8,8,25.1
2026-08-17,09,9,2-1-5,1770,7,7,17.7
2026-08-17,09,10,3-1-6,3980,11,11,39.8
2026-08-17,09,11,1-2-3,2810,12,12,28.1
2026-08-17,09,12,1-4-6,1220,3,3,12.2
2026-08-17,14,1,1-2-4,490,1,1,4.9
2026-08-17,14,2,1-4-3,1890,11,11,18.9
2026-08-17,14,3,1-3-2,590,1,1,5.9
2026-08-17,14,4,1-6-2,5520,25,25,55.2
2026-08-17,14,5,1-5-4,3170,15,15,31.7
2026-08-17,14,6,3-1-5,1110,3,3,11.1
2026-08-17,14,7,1-3-4,1370,4,4,13.7
2026-08-17,14,8,2-5-1,4020,13,13,40.2
2026-08-17,14,9,1-2-4,3580,19,19,35.8
2026-08-17,14,10,2-3-5,5150,19,19,51.5
2026-08-17,14,11,1-6-2,4670,16,16,46.7
2026-08-17,14,12,1-3-2,1070,2,2,10.7
2026-08-17,15,1,1-4-6,1090,2,2,10.9
2026-08-17,15,2,1-2-5,2630,4,4,26.3
2026-08-17,15,3,6-4-3,15360,67,67,153.6
2026-08-17,15,4,5-2-6,3770,14,14,37.7
2026-08-17,15,5,1-5-6,1910,3,3,19.1
2026-08-17,15,6,1-5-3,1260,4,4,12.6
2026-08-17,15,7,1-5-3,1360,4,4,13.6
2026-08-17,15,8,1-2-4,480,1,1,4.8
2026-08-17,15,9,2-1-3,5220,17,17,52.2
2026-08-17,15,10,2-6-1,72330,84,84,723.3
2026-08-17,15,11,1-2-4,570,2,2,5.7
2026-08-17,15,12,2-1-3,6300,24,24,63.0
2026-08-17,17,1,1-2-3,330,1,1,3.3
2026-08-17,17,2,1-4-6,720,3,3,7.2
2026-08-17,17,3,1-2-6,1040,1,1,10.4
2026-08-17,17,4,2-4-3,6740,30,30,67.4
2026-08-17,17,5,1-3-2,760,4,4,7.6
2026-08-17,17,6,3-2-4,4570,25,25,45.7
2026-08-17,17,7,2-5-4,1440,4,4,14.4
2026-08-17,17,8,1-3-2,1890,7,7,18.9
2026-08-17,17,9,1-4-3,3570,11,11,35.7
2026-08-17,17,10,5-4-1,14820,49,49,148.2
2026-08-17,17,11,2-1-4,630,2,2,6.3
2026-08-17,17,12,1-3-4,650,2,2,6.5
2026-08-17,22,1,3-1-2,2790,10,10,27.9
2026-08-17,22,2,1-4-5,2460,9,8,24.6
2026-08-17,22,3,1-3-2,920,3,3,9.2
2026-08-17,22,4,2-1-5,1200,4,4,12.0
2026-08-17,22,5,3-4-5,10540,31,31,105.4
2026-08-17,22,6,1-3-2,1000,4,4,10.0
2026-08-17,22,7,1-3-4,1060,6,6,10.6
2026-08-17,22,8,1-6-3,6320,23,23,63.2
2026-08-17,22,9,1-3-6,2600,12,12,26.0
2026-08-17,22,10,1-2-5,2000,9,9,20.0
2026-08-17,22,11,1-2-3,540,1,1,5.4
2026-08-17,22,12,1-3-4,720,3,3,7.2
2026-08-18,09,1,1-3-5,1580,7,7,15.8
2026-08-18,09,2,4-2-6,10080,39,39,100.8
2026-08-18,09,3,2-1-3,760,1,1,7.6
2026-08-18,09,4,3-1-4,14940,51,51,149.4
2026-08-18,09,5,1-2-3,850,2,2,8.5
2026-08-18,09,6,1-5-2,1710,3,3,17.1
2026-08-18,09,7,3-2-4,1290,2,2,12.9
2026-08-18,09,8,3-4-1,24510,76,76,245.1
2026-08-18,09,9,1-3-5,950,2,2,9.5
2026-08-18,09,10,1-2-3,310,1,1,3.1
2026-08-18,09,11,1-5-2,930,2,2,9.3
2026-08-18,09,12,4-3-2,3800,70,23,643.7
2026-08-18,14,1,1-6-5,5420,19,19,54.2
2026-08-18,14,2,5-2-1,17920,51,51,179.2
2026-08-18,14,3,1-4-2,8770,38,38,87.7
2026-08-18,14,4,1-3-5,20890,57,57,208.9
2026-08-18,14,5,2-5-4,5280,24,24,52.8
2026-08-18,14,6,1-2-6,1740,4,4,17.4
2026-08-18,14,7,1-2-5,2380,7,7,23.8
2026-08-18,14,8,1-3-2,2620,10,10,26.2
2026-08-18,14,9,1-6-2,1390,3,2,13.9
2026-08-18,14,10,1-6-2,3500,12,12,35.0
2026-08-18,14,11,1-2-3,540,1,1,5.4
2026-08-18,14,12,5-4-6,76480,94,94,764.8
2026-08-18,15,1,3-1-4,4310,15,15,43.1
2026-08-18,15,2,1-4-5,15020,65,65,150.2
2026-08-18,15,3,4-2-6,6950,27,27,69.5
2026-08-18,15,4,2-4-3,5480,25,25,54.8
2026-08-18,15,5,1-2-4,3490,14,14,34.9
2026-08-18,15,6,5-4-1,6100,24,24,61.0
2026-08-18,15,7,3-1-6,830,2,2,8.3
2026-08-18,15,8,1-4-6,3130,10,10,31.3
2026-08-18,15,9,1-2-5,3210,12,12,32.1
2026-08-18,15,10,1-4-6,3730,10,11,37.3
2026-08-18,15,11,1-3-5,1420,5,5,14.2
2026-08-18,15,12,1-5-3,6980,18,18,69.8
2026-08-18,17,1,1-6-3,6020,18,18,60.2
2026-08-18,17,2,3-1-4,2040,6,6,20.4
2026-08-18,17,3,1-4-6,2220,6,6,22.2
2026-08-18,17,4,5-3-6,23110,41,41,231.1
2026-08-18,17,5,1-6-4,970,2,2,9.7
2026-08-18,17,6,4-6-3,171940,120,120,1719.0
2026-08-18,17,7,3-4-1,3890,10,10,38.9
2026-08-18,17,8,1-5-3,1330,3,3,13.3
2026-08-18,17,9,1-3-5,1990,7,7,19.9
2026-08-18,17,10,1-2-4,660,2,3,6.6
2026-08-18,17,11,1-5-3,3420,15,15,34.2
2026-08-18,17,12,1-4-6,2930,9,9,29.3
2026-08-19,09,1,2-1-5,8280,25,25,82.8
2026-08-19,09,2,2-4-3,6030,31,31,60.3
2026-08-19,09,3,1-2-5,1150,3,3,11.5
2026-08-19,09,4,4-2-5,11960,25,25,119.6
2026-08-19,09,5,1-3-2,710,2,2,7.1
2026-08-19,09,6,1-2-4,680,1,1,6.8
2026-08-19,09,7,2-4-3,3840,16,16,38.4
2026-08-19,09,8,5-1-3,4050,17,17,40.5
2026-08-19,09,9,1-6-5,2000,8,8,20.0
2026-08-19,09,10,1-2-3,520,1,1,5.2
2026-08-19,09,11,1-2-5,1200,4,4,12.0
2026-08-19,09,12,1-2-3,320,1,1,3.2
2026-08-19,14,1,1-6-2,3560,14,14,35.6
2026-08-19,14,2,1-6-2,19210,67,67,192.1
2026-08-19,14,3,1-4-2,1830,7,7,18.3
2026-08-19,14,4,3-5-4,10230,45,45,102.3
2026-08-19,14,5,3-4-1,2410,6,6,24.1
2026-08-19,14,6,1-5-4,12740,45,45,127.4
2026-08-19,14,7,3-4-6,1950,3,3,19.5
2026-08-19,14,8,1-6-4,1560,3,3,15.6
2026-08-19,14,9,5-2-4,28670,68,68,286.7
2026-08-19,14,10,3-1-4,7750,28,28,77.5
2026-08-19,14,11,1-2-5,840,2,2,8.4
2026-08-19,14,12,2-1-3,7940,23,23,79.4
2026-08-19,15,1,1-2-4,800,1,1,8.0
2026-08-19,15,2,1-4-3,18160,68,68,181.6
2026-08-19,15,3,3-4-5,1980,2,2,19.8
2026-08-19,15,4,1-3-6,1440,2,2,14.4
2026-08-19,15,5,1-2-4,1380,5,5,13.8
2026-08-19,15,6,1-3-5,830,1,1,8.3
2026-08-19,15,7,1-2-6,930,2,2,9.3
2026-08-19,15,8,1-4-3,3660,13,13,36.6
2026-08-19,15,9,3-1-6,8800,30,31,88.0
2026-08-19,15,10,1-5-2,2020,8,8,20.2
2026-08-19,15,11,1-4-6,5740,14,14,57.4
2026-08-19,15,12,1-3-6,5930,18,18,59.3
2026-08-19,17,1,5-1-3,6110,20,20,61.1
2026-08-19,17,2,1-3-6,3020,12,12,30.2
2026-08-19,17,3,1-4-5,3920,14,14,39.2
2026-08-19,17,4,1-6-3,3270,15,15,32.7
2026-08-19,17,5,1-3-6,720,3,3,7.2
2026-08-19,17,6,3-6-1,4010,13,13,40.1
2026-08-19,17,7,1-4-2,830,2,2,8.3
2026-08-19,17,8,4-6-1,11110,27,27,111.1
2026-08-19,17,9,1-3-6,1130,3,3,11.3
2026-08-19,17,10,4-5-6,8420,26,26,84.2
2026-08-19,17,11,1-3-4,1420,5,5,14.2
2026-08-19,17,12,1-4-3,1530,8,8,15.3
2026-08-20,02,1,5-6-1,49980,106,106,499.8
2026-08-20,02,2,3-2-1,7380,43,43,73.8
2026-08-20,02,3,1-6-4,2590,3,3,25.9
2026-08-20,02,4,1-2-4,1340,1,1,13.4
2026-08-20,02,5,1-2-4,1160,2,2,11.6
2026-08-20,02,6,1-2-3,950,2,2,9.5
2026-08-20,02,7,1-2-3,620,1,1,6.2
2026-08-20,02,8,1-3-6,1230,3,3,12.3
2026-08-20,02,9,2-1-5,2050,4,4,20.5
2026-08-20,02,10,6-5-1,23620,63,63,236.2
2026-08-20,02,11,4-2-1,16610,52,52,166.1
2026-08-20,02,12,1-5-4,3550,12,12,35.5
2026-08-20,04,1,1-4-5,4020,12,12,40.2
2026-08-20,04,2,2-1-5,20460,40,40,204.6
2026-08-20,04,3,1-3-6,13560,54,54,135.6
2026-08-20,04,4,2-6-1,3790,17,17,37.9
2026-08-20,04,5,4-1-6,1450,3,3,14.5
2026-08-20,04,6,3-5-2,2380,9,9,23.8
2026-08-20,04,7,1-2-6,8590,31,31,85.9
2026-08-20,04,8,4-1-5,1820,4,4,18.2
2026-08-20,04,9,1-3-2,870,1,1,8.7
2026-08-20,04,10,3-2-5,11320,45,45,113.2
2026-08-20,04,11,1-2-3,1750,1,1,17.5
2026-08-20,04,12,1-2-5,1460,2,2,14.6
2026-08-20,09,1,1-5-3,1210,6,6,12.1
2026-08-20,09,2,6-3-1,41100,81,81,411.0
2026-08-20,09,3,1-2-3,2040,10,10,20.4
2026-08-20,09,4,1-4-2,950,2,2,9.5
2026-08-20,09,5,1-2-3,560,1,1,5.6
2026-08-20,09,6,2-4-3,13910,36,36,139.1
2026-08-20,09,7,1-3-4,2790,11,11,27.9
2026-08-20,09,8,2-1-5,3960,22,12,66.5
2026-08-20,09,9,3-1-6,1720,7,7,17.2
2026-08-20,09,10,4-1-6,10080,23,23,100.8
2026-08-20,09,11,1-3-2,1480,5,5,14.8
2026-08-20,09,12,2-1-3,5260,16,16,52.6
2026-08-20,15,1,1-5-3,710,2,2,7.1
2026-08-20,15,2,1-3-5,830,1,1,8.3
2026-08-20,15,3,1-2-4,2040,4,4,20.4
2026-08-20,15,4,1-2-5,9720,34,34,97.2
2026-08-20,15,5,1-5-6,1070,1,1,10.7
2026-08-20,15,6,1-3-2,370,1,1,3.7
2026-08-20,15,7,1-5-2,6950,31,31,69.5
2026-08-20,15,8,1-5-3,1590,5,5,15.9
2026-08-20,15,9,2-4-3,16580,40,40,165.8
2026-08-20,15,10,1-3-6,5300,19,19,53.0
2026-08-20,15,11,1-4-2,690,2,2,6.9
2026-08-20,15,12,3-1-4,2790,8,8,27.9
2026-08-21,02,1,5-1-6,22690,66,66,226.9
2026-08-21,02,2,1-6-3,18660,51,51,186.6
2026-08-21,02,3,6-1-4,18370,56,56,183.7
2026-08-21,02,4,2-3-6,3990,9,9,39.9
2026-08-21,02,5,6-3-4,11990,47,47,119.9
2026-08-21,02,6,1-4-2,2530,9,9,25.3
2026-08-21,02,7,1-2-3,660,1,1,6.6
2026-08-21,02,8,3-2-4,6130,30,30,61.3
2026-08-21,02,9,1-2-6,1220,1,1,12.2
2026-08-21,02,10,2-3-5,2890,10,10,28.9
2026-08-21,02,11,1-6-2,1890,10,10,18.9
2026-08-21,02,12,1-4-3,1740,4,4,17.4
2026-08-21,03,1,4-5-1,6340,26,26,63.4
2026-08-21,03,2,1-2-5,3650,12,12,36.5
2026-08-21,03,3,5-4-3,10370,54,53,103.7
2026-08-21,03,4,1-4-5,3480,12,12,34.8
2026-08-21,03,5,3-5-1,1220,3,3,12.2
2026-08-21,03,6,6-1-2,6050,25,25,60.5
2026-08-21,03,7,2-4-3,2060,5,5,20.6
2026-08-21,03,8,1-3-6,1610,4,4,16.1
2026-08-21,03,9,1-6-3,3270,14,14,32.7
2026-08-21,03,10,5-3-1,17490,50,50,174.9
2026-08-21,03,11,2-6-5,50390,93,93,503.9
2026-08-21,03,12,2-1-4,4510,15,15,45.1
2026-08-21,04,1,1-6-5,2810,10,10,28.1
2026-08-21,04,2,3-1-6,2160,6,6,21.6
2026-08-21,04,3,5-2-6,1890,5,5,18.9
2026-08-21,04,4,6-2-5,10100,46,46,101.0
2026-08-21,04,5,5-1-2,4490,20,20,44.9
2026-08-21,04,6,3-2-5,2660,6,6,26.6
2026-08-21,04,7,3-1-5,8930,31,31,89.3
2026-08-21,04,8,4-3-5,4470,15,15,44.7
2026-08-21,04,9,3-2-5,5560,22,22,55.6
2026-08-21,04,10,1-4-6,2250,6,6,22.5
2026-08-21,04,11,1-6-2,1240,6,6,12.4
2026-08-21,04,12,1-3-5,1010,3,3,10.1
2026-08-21,15,1,1-5-4,5850,26,26,58.5
2026-08-21,15,2,4-6-2,33730,103,103,337.3
2026-08-21,15,3,3-2-6,4020,17,17,40.2
2026-08-21,15,4,4-3-1,5270,24,24,52.7
2026-08-21,15,5,1-3-5,1240,5,5,12.4
2026-08-21,15,6,1-2-6,660,1,1,6.6
2026-08-21,15,7,1-3-5,1120,3,3,11.2
2026-08-21,15,8,2-5-3,1750,28,7,80.2
2026-08-21,15,9,1-2-3,520,1,1,5.2
2026-08-21,15,10,1-2-4,1100,4,4,11.0
2026-08-21,15,11,4-1-5,3200,12,12,32.0
2026-08-21,15,12,2-3-1,17310,33,33,173.1
2026-08-22,02,1,1-5-3,4040,14,14,40.4
2026-08-22,02,2,2-3-6,3020,12,12,30.2
2026-08-22,02,3,1-6-4,22080,82,82,220.8
2026-08-22,02,4,3-2-6,9780,40,40,97.8
2026-08-22,02,5,4-5-6,7830,28,28,78.3
2026-08-22,02,6,4-5-6,930,1,1,9.3
2026-08-22,02,7,5-1-3,30190,47,47,301.9
2026-08-22,02,8,3-4-6,2020,3,3,20.2
2026-08-22,02,9,3-2-1,3460,13,13,34.6
2026-08-22,02,10,2-3-4,3930,14,14,39.3
2026-08-22,02,11,5-4-6,6260,23,23,62.6
2026-08-22,02,12,1-4-5,1090,2,2,10.9
2026-08-22,03,1,1-3-4,900,1,1,9.0
2026-08-22,03,2,2-6-3,8060,41,41,80.6
2026-08-22,03,3,3-1-5,8570,35,35,85.7
2026-08-22,03,4,4-5-3,3440,14,14,34.4
2026-08-22,03,5,4-1-5,3370,11,11,33.7
2026-08-22,03,6,1-2-6,10010,39,39,100.1
2026-08-22,03,7,1-2-5,3630,12,12,36.3
2026-08-22,03,8,2-3-4,2800,13,13,28.0
2026-08-22,03,9,1-6-2,1580,4,4,15.8
2026-08-22,03,10,1-3-2,1370,6,6,13.7
2026-08-22,03,11,4-5-1,3180,11,11,31.8
2026-08-22,03,12,1-2-6,1510,4,4,15.1
2026-08-22,04,1,5-2-1,2950,13,13,29.5
2026-08-22,04,2,1-2-6,540,1,1,5.4
2026-08-22,04,3,5-6-2,1900,83,12,253.5
2026-08-22,04,4,1-6-4,1740,2,2,17.4
2026-08-22,04,5,2-4-5,4400,15,15,44.0
2026-08-22,04,6,3-2-6,15490,52,52,154.9
2026-08-22,04,7,1-5-3,10150,32,32,101.5
2026-08-22,04,8,4-3-1,2110,8,8,21.1
2026-08-22,04,9,3-6-1,31770,62,62,317.7
2026-08-22,04,10,5-1-4,3180,11,11,31.8
2026-08-22,04,11,1-3-2,2260,7,7,22.6
2026-08-22,04,12,1-2-3,680,3,3,6.8
2026-08-22,22,1,1-3-2,700,2,2,7.0
2026-08-22,22,2,3-2-5,5190,21,21,51.9
2026-08-22,22,3,5-1-3,10590,33,33,105.9
2026-08-22,22,4,5-2-4,64590,82,82,645.9
2026-08-22,22,5,1-2-6,1850,5,5,18.5
2026-08-22,22,6,4-2-5,2080,7,7,20.8
2026-08-22,22,7,1-3-4,3660,14,14,36.6
2026-08-22,22,8,1-5-4,7980,25,25,79.8
2026-08-22,22,9,1-4-6,1110,3,3,11.1
2026-08-22,22,10,1-2-3,730,1,1,7.3
2026-08-22,22,11,1-2-3,980,3,3,9.8
2026-08-22,22,12,4-6-1,8170,27,27,81.7
2026-08-23,02,1,3-1-6,2600,47,10,114.4
2026-08-23,02,2,1-2-5,1100,2,2,11.0
2026-08-23,02,3,1-4-2,2780,9,9,27.8
2026-08-23,02,4,2-3-4,2080,7,7,20.8
2026-08-23,02,5,4-1-2,3210,15,15,32.1
2026-08-23,02,6,3-2-5,2350,30,12,73.0
2026-08-23,02,7,2-1-3,7990,21,21,79.9
2026-08-23,02,8,6-3-5,39350,80,80,393.5
2026-08-23,02,9,1-2-3,920,1,1,9.2
2026-08-23,02,10,1-2-3,1030,2,2,10.3
2026-08-23,02,11,1-3-6,2090,7,7,20.9
2026-08-23,02,12,5-2-1,7700,56,26,142.2
2026-08-23,03,1,1-4-3,8710,35,35,87.1
2026-08-23,03,2,5-2-3,3520,13,13,35.2
2026-08-23,03,3,3-1-5,1780,3,3,17.8
2026-08-23,03,4,2-1-4,1210,3,3,12.1
2026-08-23,03,5,1-5-3,8100,29,29,81.0
2026-08-23,03,6,1-6-2,4580,15,15,45.8
2026-08-23,03,7,1-4-2,3810,13,13,38.1
2026-08-23,03,8,2-3-4,1820,6,6,18.2
2026-08-23,03,9,1-3-6,550,1,1,9.6
2026-08-23,03,10,4-3-1,40390,72,72,403.9
2026-08-23,03,11,1-5-4,3300,14,14,33.0
2026-08-23,03,12,1-4-3,3830,14,14,38.3
2026-08-23,04,1,1-3-5,1030,1,1,10.3
2026-08-23,04,2,3-2-5,4130,16,16,41.3
2026-08-23,04,3,1-5-2,3810,13,13,38.1
2026-08-23,04,4,3-4-5,7260,39,39,72.6
2026-08-23,04,5,2-5-4,2990,44,17,91.9
2026-08-23,04,6,2-4-5,3420,12,12,34.2
2026-08-23,04,7,3-6-1,19910,75,75,199.1
2026-08-23,04,8,5-2-4,19630,57,57,196.3
2026-08-23,04,9,3-1-2,4960,14,14,49.6
2026-08-23,04,10,2-3-1,3230,12,12,32.3
2026-08-23,04,11,2-5-3,3320,12,12,33.2
2026-08-23,04,12,3-4-6,51590,88,88,515.9
2026-08-23,22,1,1-3-2,800,3,3,8.0
2026-08-23,22,2,1-2-5,2380,8,8,23.8
2026-08-23,22,3,3-5-2,6400,28,28,64.0
2026-08-23,22,4,2-5-3,6670,27,28,66.7
2026-08-23,22,5,1-2-3,2020,9,9,20.2
2026-08-23,22,6,3-5-2,5460,18,18,54.6
2026-08-23,22,7,1-3-4,1780,3,3,17.8
2026-08-23,22,8,3-4-5,570,50,2,345.7
2026-08-23,22,9,2-1-3,990,4,4,9.9
2026-08-23,22,10,1-2-4,1960,7,7,19.6
2026-08-23,22,11,1-3-2,590,2,2,5.9
2026-08-23,22,12,1-2-6,790,3,3,7.9
2026-08-24,03,1,1-4-6,1740,4,4,17.4
2026-08-24,03,2,1-3-2,840,1,1,8.4
2026-08-24,03,3,2-1-5,4970,17,17,49.7
2026-08-24,03,4,2-5-1,1800,5,5,18.0
2026-08-24,03,5,1-3-2,1640,4,4,16.4
2026-08-24,03,6,2-3-5,3900,18,18,39.0
2026-08-24,03,7,1-3-2,1050,9,6,20.8
2026-08-24,03,8,5-1-4,13290,56,56,132.9
2026-08-24,03,9,1-2-6,1060,4,4,10.6
2026-08-24,03,10,1-3-2,570,2,2,5.7
2026-08-24,03,11,1-2-6,1390,5,5,13.9
2026-08-24,03,12,1-6-2,3530,14,14,35.3
2026-08-24,15,1,6-1-2,12110,52,52,121.1
2026-08-24,15,2,4-1-6,4930,21,21,49.3
2026-08-24,15,3,4-5-3,4590,22,22,45.9
2026-08-24,15,4,1-4-3,810,2,2,8.1
2026-08-24,15,5,1-2-4,3080,13,13,30.8
2026-08-24,15,6,4-1-5,30220,64,64,302.2
2026-08-24,15,7,2-1-4,5370,18,18,53.7
2026-08-24,15,8,2-1-6,22070,30,30,220.7
2026-08-24,15,9,3-1-2,4020,14,14,40.2
2026-08-24,15,10,4-1-2,3380,11,11,33.8
2026-08-24,15,11,1-2-6,1510,4,4,15.1
2026-08-24,15,12,3-1-5,4100,13,13,41.0
2026-08-24,22,1,1-2-5,1380,6,6,13.8
2026-08-24,22,2,1-4-5,1710,5,5,17.1
2026-08-24,22,3,3-1-4,850,1,1,8.5
2026-08-24,22,4,1-2-3,1330,2,2,13.3
2026-08-24,22,5,1-6-5,6260,26,26,62.6
2026-08-24,22,6,3-1-5,3690,11,11,36.9
2026-08-24,22,7,1-2-4,2550,12,12,25.5
2026-08-24,22,8,3-1-5,6270,22,22,62.7
2026-08-24,22,9,3-1-6,2630,9,9,26.3
2026-08-24,22,10,1-3-4,790,1,1,7.9
2026-08-24,22,11,6-1-2,12780,46,46,127.8
2026-08-24,22,12,1-3-5,2100,7,7,21.0
2026-08-25,03,1,1-2-3,820,2,2,8.2
2026-08-25,03,2,4-3-1,5120,20,20,51.2
2026-08-25,03,3,5-2-1,6210,30,30,62.1
2026-08-25,03,4,2-4-1,31910,74,74,319.1
2026-08-25,03,5,1-5-4,5230,22,22,52.3
2026-08-25,03,6,2-1-4,3540,12,12,35.4
2026-08-25,03,7,1-5-3,520,2,2,5.2
2026-08-25,03,8,2-1-5,4490,17,17,44.9
2026-08-25,03,9,1-2-3,970,3,3,9.7
2026-08-25,03,10,1-2-5,760,1,1,7.6
2026-08-25,03,11,1-2-4,720,1,1,7.2
2026-08-25,03,12,1-2-3,790,1,1,7.9
2026-08-25,09,1,1-5-4,5200,17,17,52.0
2026-08-25,09,2,1-2-5,2110,7,7,21.1
2026-08-25,09,3,3-1-2,6610,28,28,66.1
2026-08-25,09,4,5-2-6,31720,68,68,317.2
2026-08-25,09,5,2-1-3,8520,27,27,85.2
2026-08-25,09,6,4-6-5,9610,46,46,96.1
2026-08-25,09,7,1-6-3,4680,15,15,46.8
2026-08-25,09,8,1-5-2,860,1,1,8.6
2026-08-25,09,9,2-6-1,20470,68,68,204.7
2026-08-25,09,10,1-2-4,980,1,1,9.8
2026-08-25,09,11,1-3-2,930,2,2,9.3
2026-08-25,09,12,1-4-3,3370,11,11,33.7
2026-08-25,15,1,1-3-5,1110,1,1,11.1
2026-08-25,15,2,3-4-2,7890,27,27,78.9
2026-08-25,15,3,1-3-6,1580,3,3,15.8
2026-08-25,15,4,3-5-1,1210,4,4,12.1
2026-08-25,15,5,5-1-4,3150,13,13,31.5
2026-08-25,15,6,2-5-6,15220,48,48,152.2
2026-08-25,15,7,3-1-6,1380,5,5,13.8
2026-08-25,15,8,3-1-5,6430,19,19,64.3
2026-08-25,15,9,1-2-6,4420,13,13,44.2
2026-08-25,15,10,1-4-6,8360,18,18,83.6
2026-08-25,15,11,1-3-4,1410,5,5,14.1
2026-08-25,15,12,4-3-5,21450,44,44,214.5
2026-08-25,17,1,1-2-5,550,2,2,5.5
2026-08-25,17,2,3-1-2,2020,6,6,20.2
2026-08-25,17,3,4-1-5,3730,13,13,37.3
2026-08-25,17,4,3-4-5,13670,40,40,136.7
2026-08-25,17,5,1-5-3,1100,5,5,11.0
2026-08-25,17,6,2-3-1,1070,3,3,10.7
2026-08-25,17,7,1-2-6,4450,18,18,44.5
2026-08-25,17,8,1-4-2,1300,3,3,13.0
2026-08-25,17,9,4-5-1,6080,21,21,60.8
2026-08-25,17,10,1-5-3,1350,3,3,13.5
2026-08-25,17,11,1-5-4,3980,14,14,39.8
2026-08-25,17,12,1-3-4,1400,4,4,14.0
2026-08-25,22,1,1-3-5,1180,6,6,11.8
2026-08-25,22,2,1-3-2,3390,15,15,33.9
2026-08-25,22,3,2-3-4,2390,12,12,23.9
2026-08-25,22,4,2-4-6,2880,13,13,28.8
2026-08-25,22,5,5-1-3,7800,30,30,78.0
2026-08-25,22,6,2-1-4,4690,21,21,46.9
2026-08-25,22,7,1-2-4,1980,5,5,19.8
2026-08-25,22,8,1-4-5,1420,1,1,14.2
2026-08-25,22,9,1-3-2,1290,3,3,12.9
2026-08-25,22,10,1-3-5,1480,4,4,14.8
2026-08-25,22,11,1-6-4,3670,13,13,36.7
2026-08-25,22,12,2-1-5,4040,14,14,40.4
2026-08-26,03,1,3-6-5,16380,59,59,163.8
2026-08-26,03,2,3-5-1,55410,102,102,554.1
2026-08-26,03,3,2-1-5,1670,4,4,16.7
2026-08-26,03,4,1-3-2,1900,9,9,19.0
2026-08-26,03,5,3-5-2,15250,46,46,152.5
2026-08-26,03,6,1-5-2,8490,36,36,84.9
2026-08-26,03,7,3-5-6,1680,36,2,106.8
2026-08-26,03,8,3-5-1,7260,26,26,72.6
2026-08-26,03,9,3-2-5,12390,52,52,123.9
2026-08-26,03,10,5-1-4,16160,58,58,161.6
2026-08-26,03,11,1-2-4,1780,2,2,17.8
2026-08-26,03,12,3-4-1,21400,50,50,214.0
2026-08-26,09,1,1-4-5,5610,16,16,56.1
2026-08-26,09,2,1-6-2,2220,4,4,22.2
2026-08-26,09,3,1-2-3,1950,8,8,19.5
2026-08-26,09,4,3-4-2,4720,21,21,47.2
2026-08-26,09,5,4-6-3,3890,14,14,38.9
2026-08-26,09,6,5-1-3,3340,11,11,33.4
2026-08-26,09,7,1-2-5,1100,4,4,11.0
2026-08-26,09,8,1-3-2,4020,17,17,40.2
2026-08-26,09,9,1-3-2,650,2,2,6.5
2026-08-26,09,10,1-3-2,400,1,1,4.0
2026-08-26,09,11,5-4-3,30710,53,53,307.1
2026-08-26,09,12,1-2-6,2390,9,9,23.9
2026-08-26,14,1,1-6-3,9440,31,31,94.4
2026-08-26,14,2,5-1-2,6170,27,27,61.7
2026-08-26,14,3,1-5-4,620,1,1,6.2
2026-08-26,14,4,2-3-5,29420,64,64,294.2
2026-08-26,14,5,3-1-4,6080,21,21,60.8
2026-08-26,14,6,3-2-4,5070,19,19,50.7
2026-08-26,14,7,2-4-3,1760,6,6,17.6
2026-08-26,14,8,3-1-2,1270,4,4,12.7
2026-08-26,14,9,4-5-2,2490,9,9,24.9
2026-08-26,14,10,3-5-2,4520,22,22,45.2
2026-08-26,14,11,1-4-2,2770,8,8,27.7
2026-08-26,14,12,1-2-3,1180,3,3,11.8
2026-08-26,15,1,4-6-2,20610,82,82,206.1
2026-08-26,15,2,3-1-4,2320,9,9,23.2
2026-08-26,15,3,1-3-5,2670,9,9,26.7
2026-08-26,15,4,2-1-6,2320,5,5,23.2
2026-08-26,15,5,5-1-2,3310,13,13,33.1
2026-08-26,15,6,3-4-5,2660,10,9,26.6
2026-08-26,15,7,3-2-5,4000,16,16,40.0
2026-08-26,15,8,1-2-5,910,4,4,9.1
2026-08-26,15,9,2-1-6,5620,20,20,56.2
2026-08-26,15,10,1-2-3,620,1,1,6.2
2026-08-26,15,11,1-6-5,1790,8,8,17.9
2026-08-26,15,12,1-2-4,1330,1,1,13.3
2026-08-26,17,1,1-4-3,1340,5,5,13.4
2026-08-26,17,2,4-6-2,3920,15,15,39.2
2026-08-26,17,3,6-5-4,42510,101,101,425.1
2026-08-26,17,4,2-3-6,6700,22,22,67.0
2026-08-26,17,5,5-1-4,2590,10,10,25.9
2026-08-26,17,6,4-2-6,19380,61,61,193.8
2026-08-26,17,7,1-2-4,1050,2,2,10.5
2026-08-26,17,8,1-6-5,2600,14,14,26.0
2026-08-26,17,9,2-3-5,1400,3,3,14.0
2026-08-26,17,10,1-2-5,1150,2,2,11.5
2026-08-26,17,11,1-3-5,1110,4,4,11.1
2026-08-26,17,12,1-3-2,1390,3,3,13.9
2026-08-26,22,1,1-2-3,1100,2,2,11.0
2026-08-26,22,2,1-2-4,770,1,1,7.7
2026-08-26,22,3,1-4-3,3060,9,9,30.6
2026-08-26,22,4,1-3-6,800,1,1,8.0
2026-08-26,22,5,1-4-3,1770,5,5,17.7
2026-08-26,22,6,3-1-4,11970,35,35,119.7
2026-08-26,22,7,1-6-4,3270,13,13,32.7
2026-08-26,22,8,2-4-3,11070,36,36,110.7
2026-08-26,22,9,1-3-6,3090,5,5,30.9
2026-08-26,22,10,2-3-4,23870,33,33,238.7
2026-08-26,22,11,3-1-4,5120,18,18,51.2
2026-08-26,22,12,1-2-3,610,1,1,6.1
2026-08-27,04,1,1-5-3,4390,17,17,43.9
2026-08-27,04,2,1-4-6,1630,7,7,16.3
2026-08-27,04,3,4-2-5,5910,31,31,59.1
2026-08-27,04,4,3-5-6,3390,15,15,33.9
2026-08-27,04,5,3-6-4,9950,33,33,99.5
2026-08-27,04,6,4-6-1,3140,11,11,31.4
2026-08-27,04,7,2-4-1,6040,21,21,60.4
2026-08-27,04,8,1-4-2,880,1,1,8.8
2026-08-27,04,9,1-3-6,2950,10,10,29.5
2026-08-27,04,10,6-1-4,49300,100,100,493.0
2026-08-27,04,11,1-3-5,2470,7,7,24.7
2026-08-27,04,12,1-4-5,1730,9,9,17.3
2026-08-27,09,1,6-1-2,132460,102,102,1324.0
2026-08-27,09,2,6-4-2,5800,28,28,58.0
2026-08-27,09,3,1-4-6,4090,18,18,40.9
2026-08-27,09,4,2-5-1,20480,63,63,204.8
2026-08-27,09,5,1-2-5,3680,9,9,36.8
2026-08-27,09,6,6-2-1,10560,38,38,105.6
2026-08-27,09,7,2-3-5,1490,4,4,14.9
2026-08-27,09,8,1-2-4,2230,3,3,22.3
2026-08-27,09,9,1-3-6,790,1,1,7.9
2026-08-27,09,10,3-1-6,600,1,1,6.0
2026-08-27,09,11,1-2-5,2520,9,9,25.2
2026-08-27,09,12,4-2-5,1040,28,4,103.6
2026-08-27,14,1,1-3-4,650,1,1,6.5
2026-08-27,14,2,2-1-4,1020,5,5,10.2
2026-08-27,14,3,1-3-4,900,4,4,9.0
2026-08-27,14,4,1-6-3,2290,7,7,22.9
2026-08-27,14,5,6-1-2,23740,61,61,237.4
2026-08-27,14,6,4-5-3,1450,3,3,14.5
2026-08-27,14,7,4-2-1,7070,27,27,70.7
2026-08-27,14,8,2-4-1,2600,8,8,26.0
2026-08-27,14,9,1-5-2,880,2,2,8.8
2026-08-27,14,10,4-1-3,3490,14,14,34.9
2026-08-27,14,11,3-4-1,4280,18,18,42.8
2026-08-27,14,12,1-5-3,1000,3,3,10.0
2026-08-27,15,1,1-3-2,650,1,1,6.5
2026-08-27,15,2,1-2-3,4270,17,17,42.7
2026-08-27,15,3,3-2-1,10590,43,43,105.9
2026-08-27,15,4,5-1-2,4670,19,19,46.7
2026-08-27,15,5,1-6-4,2360,7,7,23.6
2026-08-27,15,6,5-1-4,36810,63,63,368.1
2026-08-27,15,7,4-2-3,14960,68,68,149.6
2026-08-27,15,8,1-2-6,1110,2,2,11.1
2026-08-27,15,9,1-2-3,300,1,1,3.0
2026-08-27,15,10,1-2-6,2430,9,9,24.3
2026-08-27,15,11,1-3-4,650,1,1,6.5
2026-08-27,15,12,1-4-5,3650,11,11,36.5
2026-08-27,17,1,1-5-4,3510,13,13,35.1
2026-08-27,17,2,5-3-2,13510,59,59,135.1
2026-08-27,17,3,1-3-4,4660,20,20,46.6
2026-08-27,17,4,4-6-1,1960,6,6,19.6
2026-08-27,17,5,1-5-2,2710,8,8,27.1
2026-08-27,17,6,1-3-4,1680,1,1,16.8
2026-08-27,17,7,3-2-6,4500,16,16,45.0
2026-08-27,17,8,1-3-2,990,2,2,9.9
2026-08-27,17,9,3-4-2,3070,12,12,30.7
2026-08-27,17,10,1-2-3,1220,4,4,12.2
2026-08-27,17,11,1-3-2,660,1,1,6.6
2026-08-27,17,12,3-2-1,16800,28,28,168.0
2026-08-27,22,1,4-1-6,8500,21,21,85.0
2026-08-27,22,2,1-4-2,1630,5,5,16.3
2026-08-27,22,3,3-1-2,1920,5,5,19.2
2026-08-27,22,4,1-3-2,2020,5,5,20.2
2026-08-27,22,5,1-3-4,3810,13,13,38.1
2026-08-27,22,6,5-3-1,13230,37,37,132.3
2026-08-27,22,7,1-4-2,2690,11,11,26.9
2026-08-27,22,8,1-3-2,3820,13,13,38.2
2026-08-27,22,9,1-3-2,870,2,2,8.7
2026-08-27,22,10,1-2-5,1730,6,6,17.3
2026-08-27,22,11,1-2-3,370,1,1,3.7
2026-08-27,22,12,1-5-4,7810,26,26,78.1
2026-08-28,14,1,1-4-5,520,1,1,5.2
2026-08-28,14,2,1-2-3,2570,10,10,25.7
2026-08-28,14,3,1-6-2,5910,18,18,59.1
2026-08-28,14,4,1-6-5,21290,44,44,212.9
2026-08-28,14,5,1-3-6,1780,3,3,17.8
2026-08-28,14,6,2-1-5,1280,4,4,12.8
2026-08-28,14,7,5-6-2,8140,28,28,81.4
2026-08-28,14,8,2-1-4,960,2,2,9.6
2026-08-28,14,9,2-3-6,20880,65,65,208.8
2026-08-28,14,10,2-4-6,1970,7,7,19.7
2026-08-28,14,11,4-5-1,2620,7,7,26.2
2026-08-28,14,12,1-2-4,770,1,1,7.7
2026-08-29,04,1,4-6-5,19900,64,64,199.0
2026-08-29,04,2,4-1-2,10650,31,31,106.5
2026-08-29,04,3,1-3-6,21880,62,62,218.8
2026-08-29,04,4,2-6-5,26550,79,79,265.5
2026-08-29,04,5,3-4-2,10610,36,36,106.1
2026-08-29,04,6,3-6-1,3250,8,8,32.5
2026-08-29,04,7,5-3-4,22410,72,72,224.1
2026-08-29,04,8,1-2-6,14220,35,35,142.2
2026-08-29,04,9,5-4-1,5390,26,26,53.9
2026-08-29,04,10,1-4-6,7440,28,28,74.4
2026-08-29,04,11,4-2-5,2990,8,8,29.9
2026-08-29,04,12,1-5-3,2390,8,8,23.9
2026-08-29,09,1,1-5-6,1040,4,4,10.4
2026-08-29,09,2,4-3-1,27310,44,43,273.1
2026-08-29,09,3,5-2-3,22210,69,69,222.1
2026-08-29,09,4,4-1-2,3050,9,9,30.5
2026-08-29,09,5,5-4-6,4970,20,20,49.7
2026-08-29,09,6,1-2-6,15270,43,43,152.7
2026-08-29,09,7,2-1-6,17020,42,42,170.2
2026-08-29,09,8,1-2-6,900,2,2,9.0
2026-08-29,09,9,2-1-3,1970,6,6,19.7
2026-08-29,09,10,1-2-6,1860,7,7,18.6
2026-08-29,09,11,4-6-1,14740,38,38,147.4
2026-08-29,09,12,1-3-2,680,2,2,6.8
2026-08-29,14,1,1-4-2,1620,8,8,16.2
2026-08-29,14,2,3-4-6,4300,15,15,43.0
2026-08-29,14,3,4-1-6,4870,15,15,48.7
2026-08-29,14,4,3-1-5,1630,5,5,16.3
2026-08-29,14,5,2-1-6,1970,6,6,19.7
2026-08-29,14,6,5-6-1,9920,44,44,99.2
2026-08-29,14,7,1-3-2,3050,12,12,30.5
2026-08-29,14,8,2-6-3,7420,30,30,74.2
2026-08-29,14,9,1-4-6,5100,21,21,51.0
2026-08-29,14,10,1-2-3,630,1,1,6.3
2026-08-29,14,11,1-3-6,8800,25,25,88.0
2026-08-29,14,12,1-3-2,1200,3,3,12.0
2026-08-29,17,1,1-3-4,1320,8,8,13.2
2026-08-29,17,2,1-5-2,9520,29,29,95.2
2026-08-29,17,3,1-5-4,18230,48,48,182.3
2026-08-29,17,4,2-4-1,13650,40,40,136.5
2026-08-29,17,5,1-6-3,2360,8,8,23.6
2026-08-29,17,6,1-5-3,1120,3,3,11.2
2026-08-29,17,7,1-2-3,2460,10,10,24.6
2026-08-29,17,8,1-2-3,1260,2,2,12.6
2026-08-29,17,9,4-1-6,1380,6,6,13.8
2026-08-29,17,10,1-4-2,960,4,4,9.6
2026-08-29,17,11,1-3-4,930,4,4,9.3
2026-08-29,17,12,1-5-3,3130,10,10,31.3
2026-08-30,04,1,1-2-5,780,1,1,7.8
2026-08-30,04,2,3-2-5,2390,3,3,23.9
2026-08-30,04,3,2-1-4,9920,42,42,99.2
2026-08-30,04,4,2-1-4,3820,12,12,38.2
2026-08-30,04,5,4-5-6,13330,42,42,133.3
2026-08-30,04,6,3-1-4,8320,32,32,83.2
2026-08-30,04,7,2-1-5,4740,15,15,47.4
2026-08-30,04,8,2-4-3,4280,17,17,42.8
2026-08-30,04,9,5-1-3,10400,32,32,104.0
2026-08-30,04,10,2-3-6,7980,37,37,79.8
2026-08-30,04,11,1-3-6,3050,11,11,30.5
2026-08-30,04,12,1-3-2,840,1,1,8.4
2026-08-30,09,1,1-3-2,830,2,2,8.3
2026-08-30,09,2,6-1-3,33620,89,89,336.2
2026-08-30,09,3,1-3-2,1440,6,6,14.4
2026-08-30,09,4,1-2-6,2960,10,10,29.6
2026-08-30,09,5,1-6-2,3410,12,12,34.1
2026-08-30,09,6,1-6-3,5000,19,19,50.0
2026-08-30,09,7,1-3-6,1150,3,3,11.5
2026-08-30,09,8,1-6-5,30220,61,61,302.2
2026-08-30,09,9,2-5-6,4380,35,18,82.6
2026-08-30,09,10,1-5-2,2240,6,6,22.4
2026-08-30,09,11,3-1-4,8950,24,24,89.5
2026-08-30,09,12,2-1-5,2770,11,11,27.7
2026-08-30,14,1,1-5-3,4350,14,14,43.5
2026-08-30,14,2,6-5-3,26030,93,93,260.3
2026-08-30,14,3,6-1-5,8510,22,22,85.1
2026-08-30,14,4,3-1-4,5340,22,23,53.4
2026-08-30,14,5,1-2-4,4350,13,13,43.5
2026-08-30,14,6,1-6-3,3340,12,12,33.4
2026-08-30,14,7,1-6-2,940,2,2,9.4
2026-08-30,14,8,2-4-6,2060,7,7,20.6
2026-08-30,14,9,4-1-2,5220,16,16,52.2
2026-08-30,14,10,1-4-2,990,1,1,9.9
2026-08-30,14,11,1-3-2,500,1,1,5.0
2026-08-30,14,12,1-4-2,1620,5,5,16.2
2026-08-30,17,1,1-2-3,480,1,1,4.8
2026-08-30,17,2,1-4-2,1270,4,4,12.7
2026-08-30,17,3,3-1-2,2080,8,8,20.8
2026-08-30,17,4,3-1-5,1650,5,5,16.5
2026-08-30,17,5,4-1-3,15240,35,35,152.4
2026-08-30,17,6,4-2-6,10650,39,39,106.5
2026-08-30,17,7,1-2-5,790,2,2,7.9
2026-08-30,17,8,1-2-4,830,2,2,8.3
2026-08-30,17,9,1-2-3,990,1,1,9.9
2026-08-30,17,10,2-3-1,1960,8,8,19.6
2026-08-30,17,11,1-5-6,18020,30,30,180.2
2026-08-30,17,12,1-2-3,470,1,1,4.7
2026-08-31,04,1,1-2-3,1020,1,1,10.2
2026-08-31,04,2,2-3-6,15800,67,67,158.0
2026-08-31,04,3,5-4-3,6730,27,27,67.3
2026-08-31,04,4,2-1-3,1370,1,1,13.7
2026-08-31,04,5,1-3-4,1640,4,4,16.4
2026-08-31,04,6,5-2-4,3680,9,9,36.8
2026-08-31,04,7,2-1-4,4580,17,17,45.8
2026-08-31,04,8,5-1-2,21180,60,60,211.8
2026-08-31,04,9,1-4-3,2660,9,9,26.6
2026-08-31,04,10,3-2-5,8130,26,26,81.3
2026-08-31,04,11,3-2-6,51390,89,89,513.9
2026-08-31,04,12,3-1-2,2110,5,5,21.1
2026-09-02,17,1,1-4-5,880,3,3,8.8
2026-09-02,17,2,2-1-5,1970,8,8,19.7
2026-09-02,17,3,1-4-5,2850,12,12,28.5
2026-09-02,17,4,1-5-2,1500,4,4,15.0
2026-09-02,17,5,1-6-2,21110,48,48,211.1
2026-09-02,17,6,1-2-3,910,3,3,9.1
2026-09-02,17,7,6-5-4,52140,106,106,521.4
2026-09-02,17,8,3-5-2,4390,19,19,43.9
2026-09-02,17,9,1-3-6,2520,8,8,25.2
2026-09-02,17,10,5-2-4,12720,51,51,127.2
2026-09-02,17,11,1-2-5,1480,6,6,14.8
2026-09-02,17,12,1-2-6,780,1,1,7.8
2026-09-02,22,1,1-3-4,910,2,2,9.1
2026-09-02,22,2,2-6-5,4990,19,19,49.9
2026-09-02,22,3,1-5-2,6930,24,24,69.3
2026-09-02,22,4,3-1-2,1950,9,9,19.5
2026-09-02,22,5,1-2-3,1770,6,7,17.7
2026-09-02,22,6,1-3-4,1320,2,2,13.2
2026-09-02,22,7,1-4-6,2950,12,12,29.5
2026-09-02,22,8,1-2-3,1120,2,2,11.2
2026-09-02,22,9,2-1-3,4940,15,14,49.4
2026-09-02,22,10,1-2-5,1330,6,6,13.3
2026-09-02,22,11,1-3-2,660,2,2,6.6
2026-09-02,22,12,1-4-5,2400,9,9,24.0
2026-09-03,02,1,5-6-2,11480,46,46,114.8
2026-09-03,02,2,3-1-2,1520,3,3,15.2
2026-09-03,02,3,2-4-1,2770,10,10,27.7
2026-09-03,02,4,1-2-3,1100,2,2,11.0
2026-09-03,02,5,1-4-3,800,1,1,8.0
2026-09-03,02,6,4-6-3,13250,45,45,132.5
2026-09-03,02,7,1-5-2,2900,13,13,29.0
2026-09-03,02,8,2-1-4,2320,5,5,23.2
2026-09-03,02,9,2-5-3,8260,34,34,82.6
2026-09-03,02,10,2-1-3,21230,41,41,212.3
2026-09-03,02,11,1-5-4,2240,7,7,22.4
2026-09-03,02,12,4-1-5,4250,18,17,42.5
2026-09-03,09,1,1-2-6,3840,15,15,38.4
2026-09-03,09,2,6-5-2,105820,116,116,1058.0
2026-09-03,09,3,4-1-3,15770,36,36,157.7
2026-09-03,09,4,1-3-2,2060,9,9,20.6
2026-09-03,09,5,1-5-3,2590,9,9,25.9
2026-09-03,09,6,3-1-4,3690,13,13,36.9
2026-09-03,09,7,1-2-5,3000,10,10,30.0
2026-09-03,09,8,3-1-4,6010,16,16,60.1
2026-09-03,09,9,1-3-6,2170,7,7,21.7
2026-09-03,09,10,2-4-5,22040,40,40,220.4
2026-09-03,09,11,1-3-2,870,4,4,8.7
2026-09-03,09,12,2-5-3,64440,69,69,644.4
2026-09-03,17,1,1-4-5,930,2,2,9.3
2026-09-03,17,2,3-4-1,1650,4,4,16.5
2026-09-03,17,3,3-4-1,14800,52,52,148.0
2026-09-03,17,4,1-3-5,1570,4,4,15.7
2026-09-03,17,5,3-6-2,3300,14,14,33.0
2026-09-03,17,6,4-6-2,13160,48,48,131.6
2026-09-03,17,7,1-3-5,570,1,1,5.7
2026-09-03,17,8,4-5-6,15860,40,40,158.6
2026-09-03,17,9,4-2-5,15860,56,56,158.6
2026-09-03,17,10,1-4-5,4000,17,17,40.0
2026-09-03,17,11,1-3-4,1600,4,4,16.0
2026-09-03,17,12,1-5-4,4870,19,19,48.7
2026-09-03,22,1,4-1-6,6600,25,25,66.0
2026-09-03,22,2,2-1-6,12470,38,38,124.7
2026-09-03,22,3,1-3-2,680,3,2,15.1
2026-09-03,22,4,1-2-5,840,2,2,8.4
2026-09-03,22,5,4-1-5,2580,14,14,25.8
2026-09-03,22,6,1-5-3,7450,32,32,74.5
2026-09-03,22,7,1-2-3,700,1,1,7.0
2026-09-03,22,8,1-2-3,1240,4,4,12.4
2026-09-03,22,9,1-2-3,1190,4,4,11.9
2026-09-03,22,10,4-6-1,20160,47,47,201.6
2026-09-03,22,11,1-4-6,2880,10,10,28.8
2026-09-03,22,12,4-1-2,9060,24,24,90.6
2026-09-04,02,1,1-2-5,1710,4,4,17.1
2026-09-04,02,2,4-3-5,4100,27,15,87.6
2026-09-04,02,3,1-2-4,1960,5,5,19.6
2026-09-04,02,4,5-6-4,21440,57,57,214.4
2026-09-04,02,5,4-6-1,1390,5,5,13.9
2026-09-04,02,6,2-1-6,1350,3,3,13.5
2026-09-04,02,7,1-6-4,250,24,2,73.1
2026-09-04,02,8,6-1-3,1790,3,3,17.9
2026-09-04,02,9,2-5-3,7350,32,32,73.5
2026-09-04,02,10,1-2-4,5090,19,19,50.9
2026-09-04,02,11,2-1-5,2940,11,11,29.4
2026-09-04,02,12,1-2-3,4880,17,17,48.8
2026-09-04,09,1,1-3-5,3160,9,9,31.6
2026-09-04,09,2,1-2-6,920,1,1,9.2
2026-09-04,09,3,2-1-5,2420,9,9,24.2
2026-09-04,09,4,1-3-5,3170,10,10,31.7
2026-09-04,09,5,3-5-6,20430,58,58,204.3
2026-09-04,09,6,1-2-6,1190,11,6,28.7
2026-09-04,09,7,1-4-2,1660,8,8,16.6
2026-09-04,09,8,1-3-2,1050,3,3,10.5
2026-09-04,09,9,5-4-3,28590,71,71,285.9
2026-09-04,09,10,1-3-2,1940,5,5,19.4
2026-09-04,09,11,3-2-4,39360,62,62,393.6
2026-09-04,09,12,1-3-2,950,1,1,9.5
2026-09-04,17,1,1-2-3,610,1,1,6.1
2026-09-04,17,2,4-5-6,7690,36,36,76.9
2026-09-04,17,3,3-2-4,1770,6,6,17.7
2026-09-04,17,4,1-3-4,9230,34,34,92.3
2026-09-04,17,5,1-3-6,1510,5,5,15.1
2026-09-04,17,6,4-2-1,4040,17,17,40.4
2026-09-04,17,7,1-2-5,10880,40,40,108.8
2026-09-04,17,8,6-2-4,1900,53,10,147.8
2026-09-04,17,9,2-4-5,21790,57,57,217.9
2026-09-04,17,10,4-3-6,20430,70,70,204.3
2026-09-04,17,11,3-1-2,2680,9,9,26.8
2026-09-04,17,12,1-3-6,2120,11,11,21.2
2026-09-04,22,1,2-3-4,3190,13,13,31.9
2026-09-04,22,2,2-5-4,23070,48,48,230.7
2026-09-04,22,3,4-1-3,9280,44,44,92.8
2026-09-04,22,4,1-2-3,1210,2,2,12.1
2026-09-04,22,5,2-1-3,2330,11,11,23.3
2026-09-04,22,6,2-6-3,2510,9,9,25.1
2026-09-04,22,7,2-4-5,12980,31,31,129.8
2026-09-04,22,8,1-4-5,5810,18,18,58.1
2026-09-04,22,9,3-2-5,63710,98,98,637.1
2026-09-04,22,10,1-4-2,1100,4,4,11.0
2026-09-04,22,11,4-1-5,840,3,3,8.4
2026-09-04,22,12,1-3-4,1100,4,4,11.0
2026-09-05,02,1,4-5-3,40480,100,100,404.8
2026-09-05,02,2,1-5-4,13990,44,44,139.9
2026-09-05,02,3,5-3-1,12670,48,48,126.7
2026-09-05,02,4,5-3-2,7040,25,25,70.4
2026-09-05,02,5,3-4-2,14980,46,46,149.8
2026-09-05,02,6,2-3-1,2520,7,7,25.2
2026-09-05,02,7,5-6-1,114480,94,94,1144.0
2026-09-05,02,8,1-2-3,5800,17,17,58.0
2026-09-05,02,9,2-3-5,2950,10,10,29.5
2026-09-05,02,10,4-5-2,38780,103,103,387.8
2026-09-05,02,11,2-4-6,5790,23,23,57.9
2026-09-05,02,12,1-5-6,900,2,2,9.0
2026-09-05,03,1,3-1-4,3230,12,12,32.3
2026-09-05,03,2,1-2-4,1180,2,2,11.8
2026-09-05,03,3,1-5-2,7880,31,31,78.8
2026-09-05,03,4,2-3-1,3500,10,10,35.0
2026-09-05,03,5,3-5-2,2570,24,14,47.8
2026-09-05,03,6,2-1-5,6700,29,29,67.0
2026-09-05,03,7,1-4-5,3820,13,13,38.2
2026-09-05,03,8,6-5-4,3840,80,10,571.0
2026-09-05,03,9,1-3-2,1380,5,5,13.8
2026-09-05,03,10,4-5-1,32840,79,79,328.4
2026-09-05,03,11,1-6-5,5560,21,21,55.6
2026-09-05,03,12,3-5-2,18430,62,62,184.3
2026-09-05,04,1,3-1-2,2790,11,11,27.9
2026-09-05,04,2,1-5-3,7300,29,29,73.0
2026-09-05,04,3,1-2-4,850,1,1,8.5
2026-09-05,04,4,1-3-4,2370,6,6,23.7
2026-09-05,04,5,3-4-2,1230,5,5,12.3
2026-09-05,04,6,1-2-3,4970,21,21,49.7
2026-09-05,04,7,4-6-3,4270,16,16,42.7
2026-09-05,04,8,2-4-3,5770,28,28,57.7
2026-09-05,04,9,4-3-5,9340,51,51,93.4
2026-09-05,04,10,3-6-5,21730,44,44,217.3
2026-09-05,04,11,2-1-3,4180,14,13,41.8
2026-09-05,04,12,1-3-6,850,1,1,8.5
2026-09-05,09,1,1-4-3,6040,23,23,60.4
2026-09-05,09,2,1-3-5,1330,5,5,13.3
2026-09-05,09,3,1-2-3,820,1,1,8.2
2026-09-05,09,4,1-6-4,3470,14,14,34.7
2026-09-05,09,5,2-1-5,1790,5,5,17.9
2026-09-05,09,6,3-1-2,5810,19,19,58.1
2026-09-05,09,7,4-1-5,5990,19,19,59.9
2026-09-05,09,8,1-6-5,11780,39,39,117.8
2026-09-05,09,9,1-4-5,2190,8,8,21.9
2026-09-05,09,10,1-3-2,1000,2,2,10.0
2026-09-05,09,11,1-3-5,650,2,2,6.5
2026-09-05,09,12,1-2-4,880,2,2,8.8
2026-09-05,17,1,1-5-3,10400,28,28,104.0
2026-09-05,17,2,1-5-3,720,2,2,7.2
2026-09-05,17,3,1-2-3,1000,3,3,10.0
2026-09-05,17,4,2-1-3,2410,11,11,24.1
2026-09-05,17,5,4-6-5,16990,41,41,169.9
2026-09-05,17,6,2-1-4,2910,9,9,29.1
2026-09-05,17,7,1-5-2,680,1,1,6.8
2026-09-05,17,8,1-6-2,11710,24,24,117.1
2026-09-05,17,9,1-6-4,3030,15,15,30.3
2026-09-05,17,10,1-5-2,3460,10,10,34.6
2026-09-05,17,11,1-4-3,1080,5,5,10.8
2026-09-05,17,12,1-4-3,1650,7,7,16.5
2026-09-05,22,1,1-4-5,1370,5,5,13.7
2026-09-05,22,2,3-1-4,4110,14,13,41.1
2026-09-05,22,3,2-6-1,9110,33,33,91.1
2026-09-05,22,4,2-3-1,8910,36,36,89.1
2026-09-05,22,5,1-3-6,1130,4,4,11.3
2026-09-05,22,6,1-2-3,1470,3,3,14.7
2026-09-05,22,7,1-3-4,3230,11,11,32.3
2026-09-05,22,8,1-2-4,1860,6,6,18.6
2026-09-05,22,9,1-6-3,2320,9,9,23.2
2026-09-05,22,10,6-3-1,6090,16,16,60.9
2026-09-05,22,11,1-5-3,2400,7,7,24.0
2026-09-05,22,12,1-5-2,1410,5,5,14.1
2026-09-06,02,1,3-2-1,4360,19,19,43.6
2026-09-06,02,2,1-5-2,5580,18,18,55.8
2026-09-06,02,3,1-2-4,2390,6,6,23.9
2026-09-06,02,4,3-1-2,10100,39,39,101.0
2026-09-06,02,5,4-3-6,1950,33,8,93.4
2026-09-06,02,6,1-4-3,1620,2,2,16.2
2026-09-06,02,7,1-2-4,1150,5,5,11.5
2026-09-06,02,8,1-5-4,4710,18,18,47.1
2026-09-06,02,9,2-5-1,15040,48,48,150.4
2026-09-06,02,10,1-3-2,740,1,1,7.4
2026-09-06,02,11,1-3-4,700,1,1,7.0
2026-09-06,02,12,2-3-5,5580,21,21,55.8
2026-09-06,03,1,5-1-6,5330,20,20,53.3
2026-09-06,03,2,1-5-4,15440,59,59,154.4
2026-09-06,03,3,3-6-4,5090,26,26,50.9
2026-09-06,03,4,1-3-4,3090,9,9,30.9
2026-09-06,03,5,2-1-3,800,1,1,8.0
2026-09-06,03,6,3-5-6,17440,65,64,174.4
2026-09-06,03,7,2-1-3,3040,13,13,30.4
2026-09-06,03,8,1-6-4,16770,66,66,167.7
2026-09-06,03,9,6-1-2,8620,34,34,86.2
2026-09-06,03,10,1-4-3,1980,9,9,19.8
2026-09-06,03,11,3-1-2,4200,14,14,42.0
2026-09-06,03,12,3-1-4,3640,10,10,36.4
2026-09-06,04,1,1-5-4,25730,66,66,257.3
2026-09-06,04,2,2-3-1,6340,30,30,63.4
2026-09-06,04,3,4-1-6,13870,67,67,138.7
2026-09-06,04,4,1-2-3,1280,2,2,12.8
2026-09-06,04,5,3-5-1,4540,15,15,45.4
2026-09-06,04,6,2-4-3,1560,6,6,15.6
2026-09-06,04,7,1-2-3,1180,2,2,11.8
2026-09-06,04,8,6-1-3,4850,17,17,48.5
2026-09-06,04,9,3-1-5,4160,12,12,41.6
2026-09-06,04,10,2-5-3,7460,26,26,74.6
2026-09-06,04,11,6-1-5,2200,53,8,256.1
2026-09-06,04,12,1-3-6,5980,18,18,59.8
2026-09-06,09,1,3-1-2,8990,25,25,89.9
2026-09-06,09,2,1-4-3,1580,3,3,15.8
2026-09-06,09,3,3-4-6,15460,60,60,154.6
2026-09-06,09,4,1-2-3,720,1,1,7.2
2026-09-06,09,5,1-4-3,1880,8,8,18.8
2026-09-06,09,6,1-4-6,490,31,1,89.3
2026-09-06,09,7,1-2-5,780,1,1,7.8
2026-09-06,09,8,1-4-2,3980,15,15,39.8
2026-09-06,09,9,1-6-4,12330,42,42,123.3
2026-09-06,09,10,1-5-3,1040,4,4,10.4
2026-09-06,09,11,1-2-5,890,3,3,8.9
2026-09-06,09,12,2-1-3,3300,12,12,33.0
2026-09-06,14,1,1-2-6,460,8,3,16.7
2026-09-06,14,2,4-1-2,21540,56,56,215.4
2026-09-06,14,3,2-1-5,3050,8,8,30.5
2026-09-06,14,4,3-6-1,1870,6,6,18.7
2026-09-06,14,5,2-1-4,840,1,1,8.4
2026-09-06,14,6,1-3-6,10830,35,35,108.3
2026-09-06,14,7,1-3-6,2890,10,10,28.9
2026-09-06,14,8,2-3-6,1520,6,6,15.2
2026-09-06,14,9,4-2-3,10140,32,32,101.4
2026-09-06,14,10,1-4-2,1450,1,1,14.5
2026-09-06,14,11,3-4-5,3390,9,9,33.9
2026-09-06,14,12,4-1-6,7980,29,29,79.8
2026-09-06,17,1,1-5-6,2360,7,7,23.6
2026-09-06,17,2,3-6-1,7500,25,25,75.0
2026-09-06,17,3,4-5-3,15230,45,45,152.3
2026-09-06,17,4,5-4-3,58800,73,73,588.0
2026-09-06,17,5,5-3-6,11110,47,47,111.1
2026-09-06,17,6,2-1-6,2010,5,5,20.1
2026-09-06,17,7,1-4-3,1700,5,5,17.0
2026-09-06,17,8,6-1-3,66720,62,62,667.2
2026-09-06,17,9,3-5-4,4620,20,20,46.2
2026-09-06,17,10,1-6-3,16670,47,47,166.7
2026-09-06,17,11,4-1-3,17020,39,39,170.2
2026-09-06,17,12,1-4-2,690,2,2,6.9
2026-09-06,22,1,1-2-4,3230,13,13,32.3
2026-09-06,22,2,1-3-5,2150,7,7,21.5
2026-09-06,22,3,2-6-4,309550,108,108,3095.0
2026-09-06,22,4,1-5-4,1620,4,4,16.2
2026-09-06,22,5,1-2-4,1200,4,4,12.0
2026-09-06,22,6,1-2-5,640,2,2,6.4
2026-09-06,22,7,1-3-4,2770,13,13,27.7
2026-09-06,22,8,1-4-2,1260,5,5,12.6
2026-09-06,22,9,1-4-3,1350,4,4,13.5
2026-09-06,22,10,1-4-5,2180,8,8,21.8
2026-09-06,22,11,5-1-2,6610,22,22,66.1
2026-09-06,22,12,1-5-2,2910,14,14,29.1
2026-09-07,03,1,2-1-6,2270,7,7,22.7
2026-09-07,03,2,2-1-6,2070,6,6,20.7
2026-09-07,03,3,1-3-2,7600,41,40,76.0
2026-09-07,03,4,1-2-4,2260,5,5,22.6
2026-09-07,03,5,6-1-4,6650,32,32,66.5
2026-09-07,03,6,2-3-1,3170,16,16,31.7
2026-09-07,03,7,4-3-1,1630,5,5,16.3
2026-09-07,03,8,2-4-6,22670,60,60,226.7
2026-09-07,03,9,1-4-2,2830,9,9,28.3
2026-09-07,03,10,1-2-5,1060,6,6,10.6
2026-09-07,03,11,4-2-1,2330,6,5,23.3
2026-09-07,03,12,1-4-6,3280,10,10,32.8
2026-09-07,04,1,5-6-2,2250,30,10,61.8
2026-09-07,04,2,2-3-4,3470,15,15,34.7
2026-09-07,04,3,2-3-4,7680,29,29,76.8
2026-09-07,04,4,1-4-3,4450,18,18,44.5
2026-09-07,04,5,1-2-5,2340,6,6,23.4
2026-09-07,04,6,1-2-3,880,2,2,8.8
2026-09-07,04,7,5-1-2,18680,49,49,186.8
2026-09-07,04,8,4-6-2,890,2,2,8.9
2026-09-07,04,9,1-5-2,4140,15,15,41.4
2026-09-07,04,10,3-1-4,5170,16,16,51.7
2026-09-07,04,11,1-3-4,840,1,1,8.4
2026-09-07,04,12,1-4-6,2010,11,11,20.1
2026-09-07,09,1,1-2-3,1500,3,3,15.0
2026-09-07,09,2,1-3-6,6210,25,25,62.1
2026-09-07,09,3,1-4-6,4450,17,17,44.5
2026-09-07,09,4,1-2-4,400,1,1,4.0
2026-09-07,09,5,1-3-4,600,1,1,6.0
2026-09-07,09,6,1-4-6,2550,9,9,25.5
2026-09-07,09,7,3-1-5,6360,21,21,63.6
2026-09-07,09,8,3-1-6,1940,6,6,19.4
2026-09-07,09,9,1-3-2,1260,6,6,12.6
2026-09-07,09,10,1-2-6,1680,7,7,16.8
2026-09-07,09,11,1-2-5,1450,4,4,14.5
2026-09-07,09,12,1-6-3,3900,13,13,39.0
2026-09-07,14,1,1-3-6,570,2,2,5.7
2026-09-07,14,2,2-4-3,6280,27,27,62.8
2026-09-07,14,3,1-3-2,1010,3,3,10.1
2026-09-07,14,4,1-5-2,3180,10,10,31.8
2026-09-07,14,5,2-4-3,1240,2,2,12.4
2026-09-07,14,6,2-1-4,1010,2,2,10.1
2026-09-07,14,7,1-2-5,870,1,1,8.7
2026-09-07,14,8,1-3-4,7590,21,21,75.9
2026-09-07,14,9,4-1-2,4890,25,25,48.9
2026-09-07,14,10,1-3-4,1020,4,4,10.2
2026-09-07,14,11,3-4-6,10930,59,59,109.3
2026-09-07,14,12,1-3-4,870,2,2,8.7
2026-09-07,22,1,1-3-4,550,1,1,5.5
2026-09-07,22,2,1-2-3,1400,6,6,14.0
2026-09-07,22,3,2-4-6,2110,4,4,21.1
2026-09-07,22,4,4-2-1,1790,6,6,17.9
2026-09-07,22,5,4-6-5,6530,27,27,65.3
2026-09-07,22,6,1-4-6,1720,5,5,17.2
2026-09-07,22,7,1-2-4,800,2,2,8.0
2026-09-07,22,8,1-2-4,1280,6,6,12.8
2026-09-07,22,9,1-2-3,460,1,1,4.6
2026-09-07,22,10,2-3-1,3280,10,10,32.8
2026-09-07,22,11,6-5-1,81690,105,105,816.9
2026-09-07,22,12,1-2-5,1200,5,5,12.0
2026-09-08,03,1,1-6-4,5160,20,20,51.6
2026-09-08,03,2,1-2-6,2990,9,9,29.9
2026-09-08,03,3,4-1-3,10420,35,35,104.2
2026-09-08,03,4,1-4-5,2120,33,10,67.4
2026-09-08,03,5,3-2-1,3340,11,11,33.4
2026-09-08,03,6,5-1-2,3400,12,12,34.0
2026-09-08,03,7,1-2-6,2630,9,9,26.3
2026-09-08,03,8,2-4-1,4030,21,21,40.3
2026-09-08,03,9,1-2-3,650,1,1,6.5
2026-09-08,03,10,5-1-2,11330,36,36,113.3
2026-09-08,03,11,1-3-4,420,1,1,4.2
2026-09-08,03,12,1-5-3,8620,30,30,86.2
2026-09-08,04,1,1-6-2,5920,22,22,59.2
2026-09-08,04,2,1-2-4,2030,9,9,20.3
2026-09-08,04,3,3-4-2,2510,11,11,25.1
2026-09-08,04,4,5-1-6,2010,6,6,20.1
2026-09-08,04,5,2-5-4,2700,10,10,27.0
2026-09-08,04,6,2-3-1,1840,5,5,18.4
2026-09-08,04,7,1-2-3,790,1,1,7.9
2026-09-08,04,8,2-1-6,2840,9,9,28.4
2026-09-08,04,9,3-1-4,450,1,1,4.5
2026-09-08,04,10,1-3-2,620,2,2,6.2
2026-09-08,04,11,5-2-6,28320,44,44,283.2
2026-09-08,04,12,1-2-4,880,4,4,8.8
2026-09-08,09,1,1-5-4,3610,12,12,36.1
2026-09-08,09,2,1-2-6,1780,5,5,17.8
2026-09-08,09,3,5-2-3,69250,92,92,692.5
2026-09-08,09,4,1-3-4,560,1,1,5.6
2026-09-08,09,5,3-1-2,15070,37,37,150.7
2026-09-08,09,6,1-6-3,17820,38,38,178.2
2026-09-08,09,7,1-3-2,960,3,3,9.6
2026-09-08,09,8,1-5-6,6240,21,21,62.4
2026-09-08,09,9,4-1-5,18790,34,34,187.9
2026-09-08,09,10,1-3-6,2900,12,12,29.0
2026-09-08,09,11,1-3-6,2700,11,11,27.0
2026-09-08,09,12,1-5-6,5350,17,17,53.5
2026-09-08,14,1,1-4-6,480,1,1,4.8
2026-09-08,14,2,1-2-6,7220,25,25,72.2
2026-09-08,14,3,1-4-5,990,3,3,9.9
2026-09-08,14,4,3-4-6,1540,5,5,15.4
2026-09-08,14,5,1-2-6,22810,66,30,366.5
2026-09-08,14,6,2-4-5,19730,44,44,197.3
2026-09-08,14,7,3-2-1,1360,4,4,13.6
2026-09-08,14,8,3-2-6,960,1,1,9.6
2026-09-08,14,9,4-5-1,3870,14,14,38.7
2026-09-08,14,10,5-2-1,13780,46,46,137.8
2026-09-08,14,11,2-3-1,6710,24,24,67.1
2026-09-08,14,12,3-1-4,2620,7,7,26.2
2026-09-09,04,1,3-6-5,5360,26,26,53.6
2026-09-09,04,2,2-4-3,20670,67,67,206.7
2026-09-09,04,3,1-2-4,1940,4,4,19.4
2026-09-09,04,4,1-5-2,4190,20,20,41.9
2026-09-09,04,5,2-4-6,8980,36,36,89.8
2026-09-09,04,6,2-5-1,18830,43,43,188.3
2026-09-09,04,7,3-2-5,3840,16,16,38.4
2026-09-09,04,8,3-1-2,4030,11,11,40.3
2026-09-09,04,9,1-3-2,2260,4,4,22.6
2026-09-09,04,10,3-1-4,3340,10,10,33.4
2026-09-09,04,11,1-2-6,1760,8,8,17.6
2026-09-09,04,12,1-5-3,2440,11,11,24.4
2026-09-09,14,1,1-5-2,4460,16,16,44.6
2026-09-09,14,2,3-2-4,8030,37,37,80.3
2026-09-09,14,3,3-4-1,6030,15,15,60.3
2026-09-09,14,4,1-2-5,1400,4,4,14.0
2026-09-09,14,5,4-5-6,3180,5,5,31.8
2026-09-09,14,6,2-3-4,1110,1,1,11.1
2026-09-09,14,7,5-3-2,3240,12,12,32.4
2026-09-09,14,8,1-2-4,1000,2,2,10.0
2026-09-09,14,9,2-3-1,1320,4,4,13.2
2026-09-09,14,10,2-4-1,3120,13,13,31.2
2026-09-09,14,11,1-2-5,800,1,1,8.0
2026-09-09,14,12,1-6-2,4530,16,16,45.3
2026-09-09,17,1,1-3-4,1660,3,3,16.6
2026-09-09,17,2,1-2-5,1080,2,2,10.8
2026-09-09,17,3,1-3-4,3440,16,16,34.4
2026-09-09,17,4,4-2-5,1530,5,5,15.3
2026-09-09,17,5,1-3-4,690,1,1,6.9
2026-09-09,17,6,3-1-4,4050,15,15,40.5
2026-09-09,17,7,2-4-3,1480,5,5,14.8
2026-09-09,17,8,6-3-1,9260,31,31,92.6
2026-09-09,17,9,5-6-4,57240,108,108,572.4
2026-09-09,17,10,1-2-6,10950,33,33,109.5
2026-09-09,17,11,3-2-4,25350,63,63,253.5
2026-09-09,17,12,1-5-3,2130,9,9,21.3
2026-09-10,03,1,1-5-6,2010,4,4,20.1
2026-09-10,03,2,2-1-3,1220,4,4,12.2
2026-09-10,03,3,1-3-6,7390,27,27,73.9
2026-09-10,03,4,6-3-5,36800,84,84,368.0
2026-09-10,03,5,2-1-4,1470,4,4,14.7
2026-09-10,03,6,4-5-6,7280,33,33,72.8
2026-09-10,03,7,5-1-6,6040,24,24,60.4
2026-09-10,03,8,3-2-4,3770,15,15,37.7
2026-09-10,03,9,4-5-1,3830,15,15,38.3
2026-09-10,03,10,3-4-2,8990,26,26,89.9
2026-09-10,03,11,1-2-4,840,3,3,8.4
2026-09-10,03,12,1-2-5,1300,4,4,13.0
2026-09-10,04,1,5-1-6,10420,50,50,104.2
2026-09-10,04,2,2-1-6,6190,26,26,61.9
2026-09-10,04,3,2-3-4,7470,33,33,74.7
2026-09-10,04,4,4-1-3,2610,8,8,26.1
2026-09-10,04,5,5-2-1,16970,49,49,169.7
2026-09-10,04,6,1-3-2,2410,7,7,24.1
2026-09-10,04,7,5-2-1,3900,15,15,39.0
2026-09-10,04,8,1-3-2,800,2,2,8.0
2026-09-10,04,9,1-3-5,1330,5,5,13.3
2026-09-10,04,10,1-2-3,800,1,1,8.0
2026-09-10,04,11,4-1-3,9310,42,42,93.1
2026-09-10,04,12,1-4-2,1330,4,4,13.3
2026-09-10,14,1,4-5-2,18400,24,24,184.0
2026-09-10,14,2,3-4-1,11910,51,51,119.1
2026-09-10,14,3,1-3-5,950,4,4,9.5
2026-09-10,14,4,3-1-4,9490,45,45,94.9
2026-09-10,14,5,2-1-4,3950,15,15,39.5
2026-09-10,14,6,5-3-6,2220,12,13,22.2
2026-09-10,14,7,1-6-3,1900,5,5,19.0
2026-09-10,14,8,5-4-1,6180,26,26,61.8
2026-09-10,14,9,1-2-3,1180,5,5,11.8
2026-09-10,14,10,1-2-4,780,2,2,7.8
2026-09-10,14,11,1-2-3,460,1,1,4.6
2026-09-10,14,12,3-1-5,3500,11,11,35.0
2026-09-10,17,1,1-3-5,900,3,3,9.0
2026-09-10,17,2,4-3-5,2380,9,9,23.8
2026-09-10,17,3,5-6-4,37860,75,75,378.6
2026-09-10,17,4,3-1-2,1710,6,6,17.1
2026-09-10,17,5,2-4-3,8860,33,33,88.6
2026-09-10,17,6,4-1-5,7600,21,21,76.0
2026-09-10,17,7,1-4-6,810,2,2,8.1
2026-09-10,17,8,3-2-5,4380,14,14,43.8
2026-09-10,17,9,1-5-3,640,2,2,6.4
2026-09-10,17,10,1-6-3,2080,7,7,20.8
2026-09-10,17,11,1-4-3,1750,5,5,17.5
2026-09-10,17,12,1-6-3,5930,19,19,59.3
2026-09-11,02,1,1-3-4,4450,18,18,44.5
2026-09-11,02,2,1-3-2,5120,16,16,51.2
2026-09-11,02,3,6-3-5,6160,22,22,61.6
2026-09-11,02,4,2-3-5,1440,1,1,14.4
2026-09-11,02,5,4-5-6,3330,12,12,33.3
2026-09-11,02,6,2-1-3,2270,10,10,22.7
2026-09-11,02,7,1-2-5,870,3,3,8.7
2026-09-11,02,8,2-5-6,16800,59,59,168.0
2026-09-11,02,9,1-2-6,920,1,1,9.2
2026-09-11,02,10,1-6-2,6780,24,24,67.8
2026-09-11,02,11,1-4-2,1360,4,4,13.6
2026-09-11,02,12,3-2-1,10550,34,34,105.5
2026-09-11,03,1,1-6-2,3260,11,11,32.6
2026-09-11,03,2,1-5-6,5260,20,20,52.6
2026-09-11,03,3,3-2-6,2240,5,5,22.4
2026-09-11,03,4,2-4-1,19130,56,56,191.3
2026-09-11,03,5,4-3-1,11930,42,42,119.3
2026-09-11,03,6,4-1-2,5350,23,23,53.5
2026-09-11,03,7,2-6-1,9800,46,46,98.0
2026-09-11,03,8,4-1-6,5680,18,18,56.8
2026-09-11,03,9,3-4-2,1880,5,5,18.8
2026-09-11,03,10,3-1-6,4380,16,16,43.8
2026-09-11,03,11,1-2-4,1350,4,4,13.5
2026-09-11,03,12,3-1-4,6220,23,23,62.2
2026-09-11,14,1,1-4-5,1360,7,7,13.6
2026-09-11,14,2,1-3-2,550,1,1,5.5
2026-09-11,14,3,3-2-6,3630,12,12,36.3
2026-09-11,14,4,1-2-5,1510,4,4,15.1
2026-09-11,14,5,1-2-3,630,2,2,6.3
2026-09-11,14,6,6-1-2,2980,13,13,29.8
2026-09-11,14,7,1-4-5,1520,7,7,15.2
2026-09-11,14,8,2-4-5,26530,48,48,265.3
2026-09-11,14,9,1-4-3,1070,2,2,10.7
2026-09-11,14,10,2-6-3,43360,88,88,433.6
2026-09-11,14,11,1-4-2,1270,3,3,12.7
2026-09-11,14,12,1-2-4,1260,4,4,12.6
2026-09-11,17,1,3-2-6,12440,32,32,124.4
2026-09-11,17,2,3-4-2,2000,4,4,20.0
2026-09-11,17,3,1-2-5,1270,2,2,12.7
2026-09-11,17,4,2-1-5,2720,8,8,27.2
2026-09-11,17,5,1-5-3,11050,31,31,110.5
2026-09-11,17,6,2-1-4,910,1,1,9.1
2026-09-11,17,7,1-4-6,1130,4,4,11.3
2026-09-11,17,8,1-6-2,2100,3,3,21.0
2026-09-11,17,9,1-4-3,690,2,2,6.9
2026-09-11,17,10,2-1-3,1490,3,3,14.9
2026-09-11,17,11,1-4-2,1610,5,5,16.1
2026-09-11,17,12,1-4-3,1360,4,4,13.6
2026-09-12,02,1,5-2-1,13470,42,42,134.7
2026-09-12,02,2,2-3-5,1010,2,2,10.1
2026-09-12,02,3,4-5-6,2380,10,10,23.8
2026-09-12,02,4,2-3-5,2380,7,7,23.8
2026-09-12,02,5,4-6-1,2680,13,13,26.8
2026-09-12,02,6,6-4-1,12160,47,47,121.6
2026-09-12,02,7,1-6-2,3530,15,15,35.3
2026-09-12,02,8,1-2-4,7440,30,30,74.4
2026-09-12,02,9,1-4-2,2430,8,8,24.3
2026-09-12,02,10,1-2-5,890,3,3,8.9
2026-09-12,02,11,1-2-3,1310,3,3,13.1
2026-09-12,02,12,5-1-2,2660,8,8,26.6
2026-09-12,09,1,1-2-3,660,2,2,6.6
2026-09-12,09,2,1-2-5,2510,9,9,25.1
2026-09-12,09,3,2-3-6,1300,3,3,13.0
2026-09-12,09,4,1-4-3,5900,22,22,59.0
2026-09-12,09,5,1-3-4,970,3,3,9.7
2026-09-12,09,6,3-2-6,6230,24,24,62.3
2026-09-12,09,7,3-1-6,2940,11,11,29.4
2026-09-12,09,8,2-1-3,3260,12,12,32.6
2026-09-12,09,9,1-3-5,2760,8,8,27.6
2026-09-12,09,10,1-6-4,5280,21,21,52.8
2026-09-12,09,11,5-6-3,151470,114,114,1514.0
2026-09-12,09,12,1-4-2,1940,7,7,19.4
2026-09-12,17,1,1-3-4,690,2,2,6.9
2026-09-12,17,2,1-4-5,1570,5,5,15.7
2026-09-12,17,3,3-2-4,13940,39,39,139.4
2026-09-12,17,4,5-4-6,22760,58,57,227.6
2026-09-12,17,5,3-2-6,24320,42,42,243.2
2026-09-12,17,6,1-2-3,3600,13,13,36.0
2026-09-12,17,7,1-5-2,1500,4,4,15.0
2026-09-12,17,8,1-3-2,630,2,2,6.3
2026-09-12,17,9,4-3-2,9060,35,35,90.6
2026-09-12,17,10,1-2-3,600,1,1,6.0
2026-09-12,17,11,1-6-4,4790,15,15,47.9
2026-09-12,17,12,1-3-2,520,2,2,5.2
2026-09-13,02,1,2-1-3,3520,8,8,35.2
2026-09-13,02,2,6-1-2,2430,4,4,24.3
2026-09-13,02,3,2-1-4,1580,5,5,15.8
2026-09-13,02,4,4-3-1,4000,15,15,40.0
2026-09-13,02,5,4-1-3,2410,10,10,24.1
2026-09-13,02,6,3-1-5,2950,12,12,29.5
2026-09-13,02,7,1-6-2,4140,16,16,41.4
2026-09-13,02,8,3-1-5,4550,16,16,45.5
2026-09-13,02,9,1-2-3,1200,3,4,12.0
2026-09-13,02,10,3-1-6,15960,50,50,159.6
2026-09-13,02,11,1-2-5,850,1,1,8.5
2026-09-13,02,12,1-2-6,870,1,1,8.7
2026-09-13,09,1,1-4-6,840,4,4,8.4
2026-09-13,09,2,4-5-1,4420,16,16,44.2
2026-09-13,09,3,5-4-2,2240,6,6,22.4
2026-09-13,09,4,2-1-3,2400,6,6,24.0
2026-09-13,09,5,1-3-5,1920,8,8,19.2
2026-09-13,09,6,2-1-3,2650,9,9,26.5
2026-09-13,09,7,1-6-4,37520,85,85,375.2
2026-09-13,09,8,3-2-1,7520,30,30,75.2
2026-09-13,09,9,1-5-6,5330,22,22,53.3
2026-09-13,09,10,6-4-2,24320,53,52,243.2
2026-09-13,09,11,1-2-4,710,2,2,7.1
2026-09-13,09,12,1-2-3,650,2,2,6.5
2026-09-13,17,1,1-3-4,860,3,3,8.6
2026-09-13,17,2,3-5-1,4700,16,16,47.0
2026-09-13,17,3,4-1-5,2390,10,10,23.9
2026-09-13,17,4,4-1-6,14420,34,34,144.2
2026-09-13,17,5,1-3-5,1300,4,4,13.0
2026-09-13,17,6,1-6-5,11460,29,29,114.6
2026-09-13,17,7,3-4-1,44860,49,49,448.6
2026-09-13,17,8,1-4-2,650,3,3,6.5
2026-09-13,17,9,3-5-2,4660,16,16,46.6
2026-09-13,17,10,4-3-2,18210,72,72,182.1
2026-09-13,17,11,1-4-5,2510,7,7,25.1
2026-09-13,17,12,1-4-6,11520,42,42,115.2
2026-09-13,22,1,1-6-4,5420,14,14,54.2
2026-09-13,22,2,3-2-4,4430,22,22,44.3
2026-09-13,22,3,3-4-1,2930,14,14,29.3
2026-09-13,22,4,2-1-3,2060,3,3,20.6
2026-09-13,22,5,3-5-4,31720,81,81,317.2
2026-09-13,22,6,1-2-5,490,1,1,4.9
2026-09-13,22,7,3-1-4,4780,17,17,47.8
2026-09-13,22,8,1-4-2,420,1,1,4.2
2026-09-13,22,9,5-2-1,10430,42,42,104.3
2026-09-13,22,10,1-5-4,4120,15,15,41.2
2026-09-13,22,11,1-3-4,1730,7,7,17.3
2026-09-13,22,12,1-2-3,640,1,1,6.4
2026-09-14,02,1,5-2-3,7460,39,39,74.6
2026-09-14,02,2,2-1-4,1270,3,3,12.7
2026-09-14,02,3,6-1-3,47590,104,104,475.9
2026-09-14,02,4,1-4-6,21060,72,72,210.6
2026-09-14,02,5,1-4-2,990,4,4,9.9
2026-09-14,02,6,4-1-6,6860,24,24,68.6
2026-09-14,02,7,3-1-2,2920,10,10,29.2
2026-09-14,02,8,2-4-5,3970,11,11,39.7
2026-09-14,02,9,4-2-1,3530,13,13,35.3
2026-09-14,02,10,3-1-5,5640,15,15,56.4
2026-09-14,02,11,4-1-6,3920,14,14,39.2
2026-09-14,02,12,1-3-5,2740,10,10,27.4
2026-09-14,04,1,1-3-4,1430,4,4,14.3
2026-09-14,04,2,3-4-5,2570,8,8,25.7
2026-09-14,04,3,2-3-5,1250,1,1,12.5
2026-09-14,04,4,1-2-5,4150,12,12,41.5
2026-09-14,04,5,5-6-2,20190,100,100,201.9
2026-09-14,04,6,3-6-1,2400,19,19,48.8
2026-09-14,04,7,1-2-3,1060,3,3,10.6
2026-09-14,04,8,4-1-5,4930,20,20,49.3
2026-09-14,04,9,1-5-4,3550,11,11,35.5
2026-09-14,04,10,5-1-4,28340,54,54,283.4
2026-09-14,04,11,1-3-4,3360,12,12,33.6
2026-09-14,04,12,3-6-4,6600,28,28,66.0
2026-09-14,09,1,1-3-2,440,1,1,4.4
2026-09-14,09,2,1-3-5,1070,4,4,10.7
2026-09-14,09,3,4-3-1,4880,19,19,48.8
2026-09-14,09,4,3-4-1,20270,54,54,202.7
2026-09-14,09,5,2-1-3,1760,7,7,17.6
2026-09-14,09,6,5-6-2,8650,43,43,86.5
2026-09-14,09,7,4-6-1,7630,23,23,76.3
2026-09-14,09,8,1-5-2,2150,6,6,21.5
2026-09-14,09,9,1-2-4,1260,3,3,12.6
2026-09-14,09,10,1-2-3,1210,6,6,12.1
2026-09-14,09,11,1-5-2,3230,12,11,32.3
2026-09-14,09,12,4-1-2,20620,34,34,206.2
2026-09-14,22,1,3-1-4,3400,11,11,34.0
2026-09-14,22,2,2-1-4,2100,8,8,21.0
2026-09-14,22,3,3-1-6,1290,5,5,12.9
2026-09-14,22,4,4-3-2,1900,6,6,19.0
2026-09-14,22,5,6-5-3,45390,70,70,453.9
2026-09-14,22,6,1-3-2,1160,4,4,11.6
2026-09-14,22,7,3-5-2,18510,54,54,185.1
2026-09-14,22,8,1-6-2,1440,4,4,14.4
2026-09-14,22,9,2-1-4,1530,5,5,15.3
2026-09-14,22,10,1-2-6,1970,4,4,19.7
2026-09-14,22,11,1-4-6,1730,5,5,17.3
2026-09-14,22,12,1-4-2,760,3,3,7.6
2026-09-15,04,1,3-2-6,1540,3,3,15.4
2026-09-15,04,2,1-2-4,2610,5,5,26.1
2026-09-15,04,3,3-6-5,470,1,1,4.7
2026-09-15,04,4,3-5-2,4940,15,15,49.4
2026-09-15,04,5,2-4-6,2830,8,8,28.3
2026-09-15,04,6,1-2-6,8330,31,31,83.3
2026-09-15,04,7,1-3-2,820,1,1,8.2
2026-09-15,04,8,6-3-4,4570,21,21,45.7
2026-09-15,04,9,2-1-4,1830,4,4,18.3
2026-09-15,04,10,2-1-4,1580,6,6,15.8
2026-09-15,04,11,1-5-2,2160,7,7,21.6
2026-09-15,04,12,1-3-2,8200,29,29,82.0
2026-09-15,09,1,1-4-5,1410,4,4,14.1
2026-09-15,09,2,1-3-2,1800,6,6,18.0
2026-09-15,09,3,4-1-3,19860,78,78,198.6
2026-09-15,09,4,2-1-3,1960,4,4,19.6
2026-09-15,09,5,1-2-6,6650,22,22,66.5
2026-09-15,09,6,1-3-2,2830,10,10,28.3
2026-09-15,09,7,3-1-4,1590,3,3,15.9
2026-09-15,09,8,3-4-2,5710,30,30,57.1
2026-09-15,09,9,1-3-6,440,2,2,4.4
2026-09-15,09,10,2-1-4,5880,19,19,58.8
2026-09-15,09,11,1-3-2,1760,6,6,17.6
2026-09-15,09,12,1-4-2,2670,11,11,26.7
2026-09-15,14,1,1-3-5,2840,10,10,28.4
2026-09-15,14,2,1-5-3,3770,21,21,37.7
2026-09-15,14,3,3-1-5,1880,7,7,18.8
2026-09-15,14,4,4-2-5,3030,12,12,30.3
2026-09-15,14,5,1-2-5,1200,3,3,12.0
2026-09-15,14,6,2-1-5,1330,2,2,13.3
2026-09-15,14,7,1-4-3,9900,30,30,99.0
2026-09-15,14,8,1-2-3,1290,1,1,12.9
2026-09-15,14,9,6-3-4,37680,78,78,376.8
2026-09-15,14,10,2-4-3,13550,45,45,135.5
2026-09-15,14,11,1-2-5,2930,10,10,29.3
2026-09-15,14,12,2-6-5,81440,90,90,814.4
2026-09-15,22,1,1-2-6,2110,9,9,21.1
2026-09-15,22,2,2-1-3,3820,15,15,38.2
2026-09-15,22,3,1-3-2,930,1,1,9.3
2026-09-15,22,4,3-6-2,2550,7,7,25.5
2026-09-15,22,5,1-3-2,2080,9,9,20.8
2026-09-15,22,6,1-6-3,1840,5,5,18.4
2026-09-15,22,7,1-3-2,590,1,1,5.9
2026-09-15,22,8,1-2-3,470,2,2,4.7
2026-09-15,22,9,1-5-2,1050,6,6,10.5
2026-09-15,22,10,1-2-3,480,1,1,4.8
2026-09-15,22,11,3-1-4,6420,19,19,64.2
2026-09-15,22,12,1-4-3,1510,6,6,15.1
2026-09-16,04,1,3-5-1,2990,9,9,29.9
2026-09-16,04,2,3-2-5,2300,8,8,23.0
2026-09-16,04,3,2-1-4,3680,13,13,36.8
2026-09-16,04,4,1-5-4,1640,2,2,16.4
2026-09-16,04,5,1-2-3,3400,19,19,34.0
2026-09-16,04,6,5-3-4,20190,73,73,201.9
2026-09-16,04,7,4-3-6,1940,2,2,19.4
2026-09-16,04,8,1-2-6,1070,1,1,10.7
2026-09-16,04,9,3-4-1,3680,15,15,36.8
2026-09-16,04,10,1-5-4,2480,4,4,24.8
2026-09-16,04,11,2-1-4,940,1,1,9.4
2026-09-16,04,12,3-1-2,6070,20,20,60.7
2026-09-16,09,1,1-2-3,360,1,1,3.6
2026-09-16,09,2,1-3-2,1170,4,4,11.7
2026-09-16,09,3,1-2-3,770,1,1,7.7
2026-09-16,09,4,1-3-4,2420,8,8,24.2
2026-09-16,09,5,1-3-2,1040,4,4,10.4
2026-09-16,09,6,1-3-4,1560,6,6,15.6
2026-09-16,09,7,1-5-6,1760,5,5,17.6
2026-09-16,09,8,5-4-1,27460,58,58,274.6
2026-09-16,09,9,5-1-6,25480,55,55,254.8
2026-09-16,09,10,5-1-3,9380,26,26,93.8
2026-09-16,09,11,1-2-3,490,1,1,4.9
2026-09-16,09,12,2-1-3,1970,7,7,19.7
2026-09-16,14,1,1-3-4,6660,18,18,66.6
2026-09-16,14,2,5-1-3,3360,15,15,33.6
2026-09-16,14,3,1-4-2,590,1,1,5.9
2026-09-16,14,4,1-4-2,1060,4,4,10.6
2026-09-16,14,5,3-5-1,15390,50,50,153.9
2026-09-16,14,6,1-4-3,1200,3,3,12.0
2026-09-16,14,7,5-1-3,2450,6,6,24.5
2026-09-16,14,8,1-2-6,1350,2,2,13.5
2026-09-16,14,9,3-4-5,6490,23,23,64.9
2026-09-16,14,10,1-2-5,1260,3,3,12.6
2026-09-16,14,11,2-1-3,1260,4,4,12.6
2026-09-16,14,12,1-5-4,4230,16,16,42.3
2026-09-16,22,1,1-2-4,1140,5,5,11.4
2026-09-16,22,2,2-4-1,1750,5,5,17.5
2026-09-16,22,3,1-2-3,1720,7,7,17.2
2026-09-16,22,4,1-2-5,1910,10,10,19.1
2026-09-16,22,5,1-4-2,850,2,2,8.5
2026-09-16,22,6,1-2-5,830,1,1,8.3
2026-09-16,22,7,1-5-2,3510,17,17,35.1
2026-09-16,22,8,1-2-3,1850,11,11,18.5
2026-09-16,22,9,2-1-3,540,2,2,5.4
2026-09-16,22,10,2-1-4,1430,6,6,14.3
2026-09-16,22,11,1-5-2,830,2,2,8.3
2026-09-16,22,12,1-2-5,860,4,4,8.6
2026-09-17,04,1,5-3-6,15110,53,53,151.1
2026-09-17,04,2,2-5-1,1390,3,3,13.9
2026-09-17,04,3,4-3-1,8860,28,28,88.6
2026-09-17,04,4,1-4-3,8410,37,37,84.1
2026-09-17,04,5,3-1-4,5760,23,23,57.6
2026-09-17,04,6,1-6-3,12080,38,38,120.8
2026-09-17,04,7,1-2-4,500,2,2,5.0
2026-09-17,04,8,3-6-1,21880,90,90,218.8
2026-09-17,04,9,1-4-3,930,2,2,9.3
2026-09-17,04,10,2-6-1,17250,39,39,172.5
2026-09-17,04,11,1-2-3,1580,3,3,15.8
2026-09-17,04,12,1-6-4,9700,30,30,97.0
2026-09-17,09,1,1-5-6,2160,12,12,21.6
2026-09-17,09,2,1-3-5,900,2,2,9.0
2026-09-17,09,3,4-3-6,31480,55,55,314.8
2026-09-17,09,4,1-2-5,1240,4,4,12.4
2026-09-17,09,5,1-2-6,1280,4,4,12.8
2026-09-17,09,6,1-3-6,1380,4,4,13.8
2026-09-17,09,7,5-1-3,11720,38,38,117.2
2026-09-17,09,8,1-3-5,5680,21,21,56.8
2026-09-17,09,9,2-4-5,5870,21,21,58.7
2026-09-17,09,10,3-2-5,8190,27,27,81.9
2026-09-17,09,11,1-2-5,1980,8,8,19.8
2026-09-17,09,12,3-4-5,35950,65,65,359.5
2026-09-17,14,1,1-2-3,730,2,2,7.3
2026-09-17,14,2,1-5-4,1920,6,6,19.2
2026-09-17,14,3,1-4-3,960,2,2,9.6
2026-09-17,14,4,5-2-3,27880,46,46,278.8
2026-09-17,14,5,3-5-2,2790,13,13,27.9
2026-09-17,14,6,5-3-6,25190,60,60,251.9
2026-09-17,14,7,2-1-3,1120,4,4,11.2
2026-09-17,14,8,4-6-1,2500,9,9,25.0
2026-09-17,14,9,3-1-6,1500,6,6,15.0
2026-09-17,14,10,1-3-2,1680,6,6,16.8
2026-09-17,14,11,3-6-2,46660,76,76,466.6
2026-09-17,14,12,5-1-6,12690,37,37,126.9
2026-09-17,15,1,1-2-5,1390,4,4,13.9
2026-09-17,15,2,4-1-5,4190,14,14,41.9
2026-09-17,15,3,5-4-6,3080,7,7,30.8
2026-09-17,15,4,4-6-3,20640,61,61,206.4
2026-09-17,15,5,1-2-3,1820,6,6,18.2
2026-09-17,15,6,5-1-3,1330,6,6,13.3
2026-09-17,15,7,2-1-6,860,2,2,8.6
2026-09-17,15,8,1-2-6,1520,4,4,15.2
2026-09-17,15,9,3-1-2,5570,16,16,55.7
2026-09-17,15,10,3-5-1,5210,19,19,52.1
2026-09-17,15,11,1-4-5,3190,12,12,31.9
2026-09-17,15,12,5-1-2,35140,55,55,351.4
2026-09-17,22,1,1-3-5,1280,5,5,12.8
2026-09-17,22,2,3-1-5,12040,42,42,120.4
2026-09-17,22,3,1-2-3,1440,4,4,14.4
2026-09-17,22,4,2-1-3,7140,20,20,71.4
2026-09-17,22,5,4-5-1,1040,3,3,10.4
2026-09-17,22,6,3-1-4,3980,11,11,39.8
2026-09-17,22,7,1-2-3,2440,9,9,24.4
2026-09-17,22,8,1-6-4,2870,9,9,28.7
2026-09-17,22,9,1-3-4,1040,3,3,10.4
2026-09-17,22,10,1-2-4,410,2,2,4.1
2026-09-17,22,11,2-1-4,1990,7,7,19.9
2026-09-17,22,12,2-1-3,3590,11,11,35.9
2026-09-18,02,1,3-1-4,1940,2,2,19.4
2026-09-18,02,2,1-2-3,1700,6,6,17.0
2026-09-18,02,3,2-3-1,2330,7,7,23.3
2026-09-18,02,4,1-2-4,1620,6,6,16.2
2026-09-18,02,5,4-1-5,1360,4,4,13.6
2026-09-18,02,6,3-4-6,1250,1,1,12.5
2026-09-18,02,7,1-2-5,2240,11,11,22.4
2026-09-18,02,8,2-5-3,2350,4,4,23.5
2026-09-18,02,9,2-6-3,4310,17,17,43.1
2026-09-18,02,10,6-3-4,42850,86,86,428.5
2026-09-18,02,11,1-5-3,3610,14,14,36.1
2026-09-18,02,12,3-5-2,10560,35,35,105.6
2026-09-18,03,1,3-4-5,3480,11,11,34.8
2026-09-18,03,2,2-1-5,2540,10,10,25.4
2026-09-18,03,3,1-4-3,1780,8,8,17.8
2026-09-18,03,4,1-5-3,1440,2,2,14.4
2026-09-18,03,5,4-3-1,6110,28,28,61.1
2026-09-18,03,6,4-2-1,2760,11,11,27.6
2026-09-18,03,7,1-6-4,2560,9,9,25.6
2026-09-18,03,8,1-4-2,1400,5,5,14.0
2026-09-18,03,9,1-4-2,450,1,1,4.5
2026-09-18,03,10,4-6-1,1460,6,5,14.6
2026-09-18,03,11,6-5-1,35940,73,72,359.4
2026-09-18,03,12,1-3-2,900,2,2,9.0
2026-09-18,04,1,3-5-4,4770,20,20,47.7
2026-09-18,04,2,1-6-3,1550,2,2,15.5
2026-09-18,04,3,3-5-1,4980,19,19,49.8
2026-09-18,04,4,5-4-2,184620,118,118,1846.0
2026-09-18,04,5,1-5-2,1160,2,2,11.6
2026-09-18,04,6,1-6-2,3560,11,11,35.6
2026-09-18,04,7,2-5-1,2020,5,5,20.2
2026-09-18,04,8,1-4-3,2790,9,9,27.9
2026-09-18,04,9,1-3-6,1630,4,4,16.3
2026-09-18,04,10,1-2-3,700,1,1,7.0
2026-09-18,04,11,1-5-3,5890,19,19,58.9
2026-09-18,04,12,1-5-3,4210,14,14,42.1
2026-09-18,14,1,1-2-3,470,1,1,4.7
2026-09-18,14,2,3-4-2,2460,9,9,24.6
2026-09-18,14,3,1-4-3,1030,5,5,10.3
2026-09-18,14,4,3-1-2,1490,5,5,14.9
2026-09-18,14,5,1-3-2,1400,5,5,14.0
2026-09-18,14,6,4-2-5,1680,3,3,16.8
2026-09-18,14,7,1-4-3,1610,5,5,16.1
2026-09-18,14,8,3-2-6,19420,47,47,194.2
2026-09-18,14,9,5-4-1,14500,26,26,145.0
2026-09-18,14,10,1-4-2,1950,6,6,19.5
2026-09-18,14,11,4-5-1,12530,56,21,392.9
2026-09-18,14,12,3-1-5,2480,12,12,24.8
2026-09-18,15,1,1-2-4,1650,6,6,16.5
2026-09-18,15,2,1-3-6,1030,2,2,10.3
2026-09-18,15,3,3-6-5,5720,19,19,57.2
2026-09-18,15,4,2-1-4,2200,12,12,22.0
2026-09-18,15,5,1-3-5,1420,1,1,14.2
2026-09-18,15,6,2-1-4,6500,25,25,65.0
2026-09-18,15,7,3-4-6,25350,79,79,253.5
2026-09-18,15,8,1-2-4,460,2,2,4.6
2026-09-18,15,9,5-2-1,7010,20,20,70.1
2026-09-18,15,10,5-1-4,17250,43,43,172.5
2026-09-18,15,11,1-4-2,950,4,4,9.5
2026-09-18,15,12,1-4-6,4780,14,14,47.8
2026-09-18,17,1,1-4-3,2770,8,8,27.7
2026-09-18,17,2,4-5-2,1200,3,3,12.0
2026-09-18,17,3,3-1-4,1290,4,4,12.9
2026-09-18,17,4,1-2-4,970,1,1,9.7
2026-09-18,17,5,1-5-2,4710,16,16,47.1
2026-09-18,17,6,2-6-1,1200,3,2,12.0
2026-09-18,17,7,1-5-2,610,1,1,6.1
2026-09-18,17,8,5-1-6,7940,24,24,79.4
2026-09-18,17,9,3-1-4,1140,4,4,11.4
2026-09-18,17,10,1-3-4,830,2,2,8.3
2026-09-18,17,11,2-1-4,7400,24,24,74.0
2026-09-18,17,12,1-2-6,3690,11,11,36.9
2026-09-18,22,1,3-5-1,13210,24,24,132.1
2026-09-18,22,2,1-5-6,8820,33,33,88.2
2026-09-18,22,3,5-1-2,10640,36,36,106.4
2026-09-18,22,4,3-1-2,5920,17,17,59.2
2026-09-18,22,5,1-3-5,1290,5,5,12.9
2026-09-18,22,6,1-3-4,2370,8,8,23.7
2026-09-18,22,7,1-3-4,490,2,2,4.9
2026-09-18,22,8,1-3-2,1580,8,8,15.8
2026-09-18,22,9,3-2-1,4150,17,17,41.5
2026-09-18,22,10,1-2-3,510,1,1,5.1
2026-09-18,22,11,2-5-4,56880,61,61,568.8
2026-09-18,22,12,1-3-2,1240,4,4,12.4
2026-09-19,02,1,1-4-2,1370,5,5,13.7
2026-09-19,02,2,2-5-4,6830,38,38,68.3
2026-09-19,02,3,1-4-3,9890,40,40,98.9
2026-09-19,02,4,2-1-6,1850,2,2,18.5
2026-09-19,02,5,1-3-4,2230,8,8,22.3
2026-09-19,02,6,2-1-3,1050,3,3,10.5
2026-09-19,02,7,1-4-3,1640,6,5,16.4
2026-09-19,02,8,2-4-6,580,1,1,5.8
2026-09-19,02,10,5-1-2,4870,18,18,48.7
2026-09-19,02,11,2-4-3,66480,117,117,664.8
2026-09-19,02,12,1-4-6,2430,8,8,24.3
2026-09-19,03,1,1-2-5,1790,3,3,17.9
2026-09-19,03,2,6-3-5,10740,52,52,107.4
2026-09-19,03,3,2-5-4,8620,24,24,86.2
2026-09-19,03,4,4-3-6,1760,3,3,17.6
2026-09-19,03,5,1-2-5,1690,3,3,16.9
2026-09-19,03,6,1-4-5,54130,93,93,541.3
2026-09-19,03,7,1-3-6,480,1,1,4.8
2026-09-19,03,8,1-5-4,6770,23,23,67.7
2026-09-19,03,9,1-5-3,1730,6,6,17.3
2026-09-19,03,10,1-3-2,2920,7,7,29.2
2026-09-19,03,11,4-1-2,5400,21,20,54.0
2026-09-19,03,12,3-6-5,34070,70,70,340.7
2026-09-19,04,1,6-1-4,11300,48,48,113.0
2026-09-19,04,2,3-5-6,13130,56,56,131.3
2026-09-19,04,3,1-3-2,880,2,2,8.8
2026-09-19,04,4,2-3-5,9020,72,32,244.3
2026-09-19,04,5,4-5-6,18850,54,54,188.5
2026-09-19,04,6,4-2-1,6650,29,29,66.5
2026-09-19,04,7,3-5-1,15030,51,51,150.3
2026-09-19,04,8,6-1-3,5950,23,23,59.5
2026-09-19,04,9,1-3-2,1530,5,5,15.3
2026-09-19,04,10,1-3-4,1510,5,5,15.1
2026-09-19,04,11,3-2-1,7830,29,29,78.3
2026-09-19,04,12,3-2-4,8970,29,29,89.7
2026-09-19,14,1,1-3-6,6000,19,19,60.0
2026-09-19,14,2,5-3-6,3120,9,9,31.2
2026-09-19,14,3,3-1-5,17950,33,33,179.5
2026-09-19,14,4,1-4-3,3460,12,12,34.6
2026-09-19,14,5,5-1-2,12590,53,53,125.9
2026-09-19,14,6,4-1-6,6830,31,31,68.3
2026-09-19,14,7,2-1-6,3110,11,11,31.1
2026-09-19,14,8,1-3-6,1160,3,3,11.6
2026-09-19,14,9,1-3-6,6680,30,30,66.8
2026-09-19,14,10,1-3-2,720,3,3,7.2
2026-09-19,14,11,1-2-5,1040,3,3,10.4
2026-09-19,14,12,1-4-5,3690,12,12,36.9
2026-09-19,15,1,2-1-4,7250,30,30,72.5
2026-09-19,15,2,2-3-6,3760,7,7,37.6
2026-09-19,15,3,3-5-2,1980,4,4,19.8
2026-09-19,15,4,5-2-3,22850,79,79,228.5
2026-09-19,15,5,2-4-3,3710,13,13,37.1
2026-09-19,15,6,2-1-5,3050,12,12,30.5
2026-09-19,15,7,3-1-4,2170,7,7,21.7
2026-09-19,15,8,2-1-4,900,2,2,9.0
2026-09-19,15,9,5-4-3,10100,39,39,101.0
2026-09-19,15,10,1-5-2,1240,3,3,12.4
2026-09-19,15,11,1-3-6,1530,5,5,15.3
2026-09-19,15,12,1-4-6,2640,11,11,26.4
2026-09-19,17,1,1-3-2,910,3,3,9.1
2026-09-19,17,2,2-1-6,860,1,1,8.6
2026-09-19,17,3,4-3-6,3650,20,20,36.5
2026-09-19,17,4,3-4-1,700,3,3,7.0
2026-09-19,17,5,5-1-4,7830,23,23,78.3
2026-09-19,17,6,4-2-1,7330,26,26,73.3
2026-09-19,17,7,1-2-5,1850,6,6,18.5
2026-09-19,17,8,1-4-2,2520,7,7,25.2
2026-09-19,17,9,1-2-4,480,1,1,4.8
2026-09-19,17,10,1-2-3,1140,4,4,11.4
2026-09-19,17,11,4-3-6,9800,38,38,98.0
2026-09-19,17,12,2-1-3,3140,11,11,31.4
2026-09-20,02,1,3-4-2,2230,7,7,22.3
2026-09-20,02,2,1-3-2,1150,2,2,11.5
2026-09-20,02,3,3-4-6,1090,1,1,10.9
2026-09-20,02,4,1-6-5,20570,63,63,205.7
2026-09-20,02,5,1-3-4,950,4,4,9.5
2026-09-20,02,6,3-2-4,6400,25,25,64.0
2026-09-20,02,7,1-5-2,1940,8,8,19.4
2026-09-20,02,8,1-4-3,16920,49,49,169.2
2026-09-20,02,9,1-3-5,3290,12,12,32.9
2026-09-20,02,10,3-5-2,3550,14,14,35.5
2026-09-20,02,11,5-6-2,7730,29,29,77.3
2026-09-20,02,12,1-6-2,12250,29,29,122.5
2026-09-20,03,1,5-4-6,5800,23,23,58.0
2026-09-20,03,2,1-2-3,1390,4,4,13.9
2026-09-20,03,3,1-3-2,3160,12,12,31.6
2026-09-20,03,4,2-4-3,1250,1,1,12.5
2026-09-20,03,5,2-5-1,3610,13,13,36.1
2026-09-20,03,6,1-3-4,1190,3,3,11.9
2026-09-20,03,7,3-2-6,2060,7,7,20.6
2026-09-20,03,8,1-4-2,2510,9,9,25.1
2026-09-20,03,9,3-2-5,8830,35,35,88.3
2026-09-20,03,10,5-1-2,6210,19,19,62.1
2026-09-20,03,11,3-4-1,8800,34,34,88.0
2026-09-20,03,12,1-3-2,1050,3,3,10.5
2026-09-20,14,1,1-3-2,1480,5,5,14.8
2026-09-20,14,2,1-4-2,8640,27,27,86.4
2026-09-20,14,3,5-1-6,2560,10,10,25.6
2026-09-20,14,4,3-1-2,2140,7,7,21.4
2026-09-20,14,5,2-5-6,103430,83,83,1034.0
2026-09-20,14,6,1-2-6,1660,5,5,16.6
2026-09-20,14,7,1-4-6,2210,6,7,22.1
2026-09-20,14,8,1-2-6,1540,6,6,15.4
2026-09-20,14,9,3-2-5,7730,35,35,77.3
2026-09-20,14,10,2-6-4,40980,71,71,409.8
2026-09-20,14,11,4-1-6,12540,29,29,125.4
2026-09-20,14,12,3-2-5,16120,44,44,161.2
2026-09-20,15,1,4-5-3,6410,25,25,64.1
2026-09-20,15,2,1-4-5,1520,4,4,15.2
2026-09-20,15,3,1-5-4,3030,9,9,30.3
2026-09-20,15,4,1-4-6,1260,4,4,12.6
2026-09-20,15,5,6-1-5,9430,32,32,94.3
2026-09-20,15,6,3-5-6,97960,91,91,979.6
2026-09-20,15,7,1-2-3,780,2,2,7.8
2026-09-20,15,8,3-1-5,6720,24,24,67.2
2026-09-20,15,9,1-3-6,1920,5,5,19.2
2026-09-20,15,10,2-6-4,540,113,4,1522.0
2026-09-20,15,11,1-2-4,340,2,1,7.1
2026-09-20,15,12,1-4-6,1710,8,8,17.1
2026-09-20,17,1,4-1-3,15310,29,29,153.1
2026-09-20,17,2,4-1-2,1550,5,5,15.5
2026-09-20,17,3,3-1-2,7370,34,34,73.7
2026-09-20,17,4,5-2-1,2970,8,8,29.7
2026-09-20,17,5,1-2-3,430,1,1,4.3
2026-09-20,17,6,2-1-6,1410,2,2,14.1
2026-09-20,17,7,1-2-3,2050,9,9,20.5
2026-09-20,17,8,2-1-3,2250,11,11,22.5
2026-09-20,17,9,1-4-3,600,1,1,6.0
2026-09-20,17,10,2-3-5,1030,2,2,10.3
2026-09-20,17,11,1-3-5,2940,11,11,29.4
2026-09-20,17,12,1-6-2,17660,44,44,176.6
2026-09-21,09,1,1-4-3,2450,9,9,24.5
2026-09-21,09,2,1-2-3,490,1,1,4.9
2026-09-21,09,3,6-4-3,4860,17,17,48.6
2026-09-21,09,4,4-2-1,2560,12,12,25.6
2026-09-21,15,1,4-1-3,10110,36,36,101.1
2026-09-21,15,2,3-2-5,16300,49,49,163.0
2026-09-21,15,3,1-2-3,1800,2,2,18.0
2026-09-21,15,4,1-2-5,730,1,1,7.3
2026-09-21,15,5,3-6-4,34100,70,70,341.0
2026-09-21,15,6,1-3-2,1180,4,4,11.8
2026-09-21,15,7,1-4-5,3570,14,14,35.7
2026-09-21,15,8,1-3-4,800,3,3,8.0
2026-09-21,15,9,4-1-6,14030,43,43,140.3
2026-09-21,15,10,1-2-6,3620,11,11,36.2
2026-09-21,15,11,1-2-4,1020,3,3,10.2
2026-09-21,15,12,1-5-3,7540,25,25,75.4
2026-09-21,17,1,1-3-2,720,2,2,7.2
2026-09-21,17,2,1-4-2,1150,3,3,11.5
2026-09-21,17,3,2-3-4,780,1,1,7.8
2026-09-21,17,4,2-1-4,1150,4,4,11.5
2026-09-21,17,5,1-5-6,3710,14,14,37.1
2026-09-21,17,6,1-3-2,3600,16,16,36.0
2026-09-21,17,7,1-3-2,770,2,2,7.7
2026-09-21,17,8,2-3-1,1590,4,4,15.9
2026-09-21,17,9,3-2-6,740,2,2,7.4
2026-09-21,17,10,1-2-5,620,1,1,6.2
2026-09-21,17,11,1-4-2,1790,7,7,17.9
2026-09-21,17,12,1-3-2,680,1,1,6.8
2026-09-22,02,1,4-1-6,12870,39,39,128.7
2026-09-22,02,2,2-5-6,4630,16,16,46.3
2026-09-22,02,3,2-1-4,1340,5,5,13.4
2026-09-22,02,4,2-1-4,3300,12,12,33.0
2026-09-22,02,5,3-1-4,2430,10,10,24.3
2026-09-22,02,6,3-1-6,5150,22,22,51.5
2026-09-22,02,7,1-3-4,1130,4,4,11.3
2026-09-22,02,8,1-6-2,1150,6,6,11.5
2026-09-22,02,9,1-2-3,740,1,1,7.4
2026-09-22,02,10,1-2-4,1580,5,5,15.8
2026-09-22,02,11,5-2-4,69740,75,75,697.4
2026-09-22,02,12,1-3-5,1620,7,7,16.2
2026-09-22,03,1,1-5-3,1560,4,4,15.6
2026-09-22,03,2,1-4-5,3330,13,13,33.3
2026-09-22,03,3,5-3-4,4180,20,20,41.8
2026-09-22,03,4,1-2-6,2390,7,7,23.9
2026-09-22,03,5,2-4-6,9630,31,31,96.3
2026-09-22,03,6,1-2-3,410,1,1,4.1
2026-09-22,03,7,1-5-6,21520,40,40,215.2
2026-09-22,03,8,1-3-4,980,2,2,9.8
2026-09-22,03,9,1-2-3,360,1,1,3.6
2026-09-22,03,10,1-4-3,1520,4,4,15.2
2026-09-22,03,11,1-2-3,350,1,1,3.5
2026-09-22,03,12,1-4-2,2720,9,9,27.2
2026-09-22,17,1,1-2-4,1080,5,5,10.8
2026-09-22,17,2,1-3-6,1100,1,1,11.0
2026-09-22,17,3,1-4-3,1340,4,4,13.4
2026-09-22,17,4,1-4-3,2490,10,10,24.9
2026-09-22,17,5,4-1-6,3170,14,14,31.7
2026-09-22,17,6,3-1-6,8330,19,19,83.3
2026-09-22,17,7,1-2-4,2770,9,9,27.7
2026-09-22,17,8,1-5-3,1770,10,10,17.7
2026-09-22,17,9,3-4-2,2500,9,9,25.0
2026-09-22,17,10,1-2-4,940,3,3,9.4
2026-09-22,17,11,1-5-2,2370,7,7,23.7
2026-09-22,17,12,1-5-2,2710,10,10,27.1
2026-09-22,22,1,1-2-4,1860,8,8,18.6
2026-09-22,22,2,2-1-4,1640,5,5,16.4
2026-09-22,22,3,3-2-6,9830,32,32,98.3
2026-09-22,22,4,1-2-4,560,1,1,5.6
2026-09-22,22,5,3-1-6,1620,3,3,16.2
2026-09-22,22,6,2-1-3,3240,11,11,32.4
2026-09-22,22,7,1-4-3,1510,5,5,15.1
2026-09-22,22,8,1-3-5,820,3,3,8.2
2026-09-22,22,9,1-3-5,3450,10,10,34.5
2026-09-22,22,10,2-1-4,6390,23,23,63.9
2026-09-22,22,11,1-2-4,1050,4,4,10.5
2026-09-22,22,12,1-4-2,2180,8,8,21.8
